video_id,person_id,window_start,window_end,mean_head_yaw,max_head_yaw,mean_body_down,max_body_down,mean_body_lean_x,mean_reach,label
1,0,1,20,-0.003629111749340765,0.0049929950199559,-1.0396398361479444,-1.010053998457187,-0.029137820024339435,1.1657400919836078,0
1,0,21,40,-0.0026001070108145246,0.0044709117937971,-1.0558491536709276,-1.032009278545296,-0.028970052631239723,1.202839606362898,0
1,0,41,60,-0.00264950700401697,0.0042899667308702,-1.0576487657008415,-1.0452339976353673,-0.02450838961257558,1.1812807769087699,0
1,0,61,80,-0.0052193681301903,0.0091539600030163,-1.0871322060941284,-1.0372715796676653,-0.016931499304686976,1.1456830116716568,0
1,0,81,100,-0.00393707838659273,0.0077535721053755,-1.1354965100924492,-1.0636952879060848,-0.0004514466774862798,1.1462812983056134,0
1,0,101,120,-0.008571147493224036,0.0137219118225605,-1.1004171142621133,-1.028847439631356,-0.010636202433978049,1.1958729169586195,0
1,0,121,140,0.0021771410335195895,0.009600434867565,-1.1028076550714263,-1.0303471354714913,-0.0009592734426893002,1.1480436720830174,0
1,0,141,160,0.034971196849431056,0.0474826202641958,-1.1753471566151614,-1.0040155694906006,-0.03561157224402307,1.1286657525318484,0
1,0,161,180,0.05754618304000061,0.0809579277000453,-1.6627104231214278,-1.3971232955060595,-0.14976174896476854,1.2500816461477129,0
1,0,181,200,0.0713397459175649,0.0796936532084892,-1.7516706753201607,-1.4412167837847334,0.29116750527612517,1.7589699783629222,1
1,0,201,220,,,-1.3641517925631388,-1.215814060344248,0.4358870649707585,1.7744345159910277,1
1,0,221,240,,,-1.3243412653130882,-1.178057175325538,0.5473403003944856,1.7253029198646566,1
1,0,241,260,,,-1.2878821964902056,-1.2134088364513536,0.6656287781982403,1.872043468389893,1
1,0,261,280,,,-1.2832117386048254,-1.1899000399820483,0.6583647655229391,1.8499996342709835,1
1,0,281,300,,,-1.5250419343411044,-1.3444493450962125,0.6962047206166841,1.8616366709768404,1
1,0,301,320,,,-1.5009480214505624,-1.2459369929558444,0.6817991777343118,1.8470519979454927,1
1,0,321,340,,,-1.2276234475758874,-0.8133179178581108,0.6076293477690908,1.6690217972492083,1
1,0,341,360,,,-1.1387691753075626,-0.8577716442967527,0.714649117462793,1.7613754030189017,1
1,0,361,380,,,-1.289247769809928,-1.0598611021590263,0.8923440464879505,1.834810874879981,1
1,0,381,400,,,-1.2143017318644673,-0.9441171505513204,0.7598057258170374,1.8655841798330162,1
1,0,401,420,0.06919003644515638,0.081489778333651,-1.2356537780436505,-0.9120581540746197,0.7353599893416829,1.840158933692298,1
1,0,421,440,0.0687990289610527,0.0719888488886805,-1.472045283718058,-1.4177035073352855,0.7609002801902873,1.820292418853444,1
1,0,441,460,0.07571403448221516,0.0869596504082059,-1.6012654299465976,-1.3990342272966771,0.570790730411347,1.7715136654087142,0
1,1,1,20,-0.007332177052552879,0.0132798290753008,-0.8953054956568212,-0.8405103861065497,0.010336199626239165,1.3817305576374899,0
1,1,21,40,-0.015244861723528841,0.0186631472304754,-0.9315044274535115,-0.882696437403277,-0.010657104814500135,1.355779358267628,0
1,1,41,60,-0.013013575622665516,0.0174773039163939,-0.9453812004181531,-0.9031166210467924,-0.008116751830130222,1.3547966498069781,0
1,1,61,80,-0.014131718450384068,0.0188347221982291,-0.9562135707437639,-0.9123696794200994,0.017123955318739243,1.4021350057975295,0
1,1,81,100,-0.009047157820450001,0.0121038868024654,-0.9701094485705172,-0.9303435458783876,0.004087488076850545,1.3728167377696114,0
1,1,101,120,-0.011915530403151495,0.0137251902457551,-0.994601979484502,-0.9425044723419412,0.006944616477534469,1.3520684520632296,0
1,1,121,140,-0.018118265193643367,0.0298172377125737,-0.805937733826741,-0.6030307634403428,0.03629989847644684,1.3671522458608985,0
1,1,141,160,-0.02022943556372719,0.0256472028891165,-0.7273311680363038,-0.6875751170655567,-0.005848288085902915,1.331871925251527,0
1,1,161,180,-0.018183729799741914,0.0285739051530021,-0.8312364089988697,-0.773044573531516,-0.04748518151732841,1.3178531105398317,0
1,1,181,200,-0.04926867349088111,0.0952782673774561,-1.0737143941418679,-0.7540556558807969,-0.20673046250870933,1.5179520072777772,1
1,1,201,220,-0.06552549893880051,0.0790596720496051,-1.4215297346826627,-1.3073417987354936,-0.5440354987512762,1.9449529078102086,1
1,1,221,240,-0.04519735399753528,0.0667858263154556,-1.2139256453870118,-0.9560930358536852,-0.9189368231726964,2.5981565918319136,1
1,1,241,260,-0.03580523062513822,0.0498842787793402,-1.0123857095903783,-0.960173072504694,-0.9586396636330351,2.6755364923363065,1
1,1,261,280,-0.05910865948191659,0.0683666936805917,-1.1964275086219518,-1.0719537913144097,-0.6132941868992037,2.2642442969369374,1
1,1,281,300,-0.0617388552646508,0.0664496558342763,-1.334301434868906,-1.2839362684915696,-0.4404853968973129,2.022042937037654,1
1,1,301,320,-0.0645045947784936,0.0926816183007885,-0.9283904074360798,-0.7644157379335564,-0.45209407343705765,1.8091405580074302,1
1,1,321,340,-0.020739627719448754,0.0698772101008734,-0.717328129537492,-0.6589565109412512,-0.3942214851051566,1.7356899722073664,1
1,1,341,360,-0.04392554601207009,0.0755665060546725,-0.5685308889344544,-0.3754293727117636,-0.8143693383113444,2.2139745374711035,1
1,1,361,380,-0.046350524541669665,0.0607301840289779,-0.8074848750330741,-0.644916300692767,-1.0828557583973883,2.272783696194111,1
1,1,381,400,-0.04190719315939197,0.0574498978558669,-1.0374199276965113,-0.8294142664398428,-0.8895164092944935,2.186682198205552,1
1,1,401,420,-0.051392532612919456,0.0623130107636639,-1.0392460230035512,-0.9316686862041804,-0.7736780097447313,2.1013095956576784,1
1,1,421,440,-0.06254715121908798,0.0668791073345188,-1.1819173047068794,-1.0991178227569582,-0.7908302677100645,2.226682886647059,1
1,1,441,460,-0.04708248347116534,0.05809241939565,-1.0916367924151253,-0.928060739698099,-0.7894740690498256,2.1123268601512124,1
1,1,461,480,-0.06014516903962593,0.0770293522512103,-1.1453211963324827,-0.9564701856316792,-0.5404131723544667,1.8589390155926284,1
1,1,481,500,-0.07928451329946629,0.0881086586037092,-1.2959560217480672,-1.19837494524495,-0.0005748807563409405,1.3559043734124392,1
1,1,501,520,-0.08461892031241615,0.0922203470254691,-1.2174522025747945,-1.161686849547527,0.20650025957369675,1.3241113006482315,1
1,1,521,540,-0.0865111142373385,0.0902955724574999,-1.2232586629235203,-1.189725898539107,0.21832249385879976,1.3049807236385855,1
1,1,541,560,-0.07904361502471971,0.0836750246909014,-1.1458078662651883,-1.098416926595622,0.055153745696829314,1.2860376397037023,1
1,1,561,580,-0.07442041803907926,0.0801524769148161,-1.1190755092872224,-0.9430062512608464,-0.022324446127580763,1.297321709262362,0
1,1,581,600,-0.03512722876159672,0.0624693052259738,-0.8300510326360631,-0.7303976955184605,0.00795745372056416,1.246549947633902,0
1,1,601,620,-0.01511068134839003,0.0212971310700069,-0.7425913370065389,-0.693871547664503,0.04128144467929251,1.2355825901454245,0
1,1,621,640,-0.012283813461700646,0.0170432415130866,-0.7611729535162943,-0.6837815068794093,0.03622593117933571,1.2279682581605535,0
1,1,641,660,-0.01210794826842712,0.015423969202715,-0.7089700884720099,-0.6828839017460697,0.08693652228309222,1.2361185307035827,0
1,1,661,680,-0.017992330502920293,0.0245088538226331,-0.7459803148181228,-0.6685420532104701,0.06822211999834418,1.2282432482941705,0
1,1,681,700,-0.01597444964454889,0.0218940609951845,-0.8622869967362019,-0.7684685948246712,0.04930556224393808,1.2105381620199243,0
1,1,701,720,-0.019194832055430287,0.0255360797223952,-0.7957153772909596,-0.740651380146682,0.0517278507780526,1.1703041067232214,0
1,1,721,740,-0.012587145444058914,0.0185134707399974,-0.7075133061704697,-0.6580615669048518,0.040576594248438944,1.1909790208454782,0
1,1,741,760,-0.014606329471037943,0.0261726481546163,-0.6749118010773358,-0.6505906305557762,0.04294917604752162,1.1676262716584738,0
1,1,761,780,-0.011377063025726851,0.0240703084034422,-0.6753077234132765,-0.3363000151426493,-0.00853403108895936,1.1228453152542133,0
1,1,781,800,-0.0016731319682937202,0.0071222527974729,-0.342520797068948,-0.2932688017615196,0.0356339100126033,1.0611962963390233,0
1,1,801,820,-0.014945940528138375,0.0332949348371789,-0.4218856342344653,-0.2996458450382471,0.07906985429412901,1.1326197777793463,0
1,1,821,840,-0.03733401318125064,0.044538369352776,-0.6306187111310493,-0.5110943456162643,0.07303745169173617,1.2926651377292835,0
1,1,841,860,-0.01746358125565283,0.0236790876194792,-0.5504268203568309,-0.5155711135759585,0.03164577342776197,1.1872297747128449,0
1,1,861,880,-0.016444217088163522,0.0237386061059499,-0.58425216122785,-0.5012832120676441,0.007533477333805496,1.1565794513593386,0
1,1,881,900,-0.01695328887512778,0.0201142071437282,-0.5606042545061003,-0.5214225888619678,0.030719499941401544,1.137408232388722,0
1,1,901,920,-0.015299892756653971,0.0182822305831799,-0.5473449347081478,-0.5191221251828644,0.041430629211045136,1.136297155020451,0
1,1,921,940,-0.017530109741028886,0.0212770446754009,-0.5572885294269562,-0.5175963443268161,0.03913213742072734,1.1386705618535031,0
1,1,941,960,-0.01718447626670431,0.0187844450039009,-0.5564702448763561,-0.5270094520201468,0.034070533566938496,1.1356437960426675,0
1,1,961,980,-0.02044219953117087,0.024092893182342,-0.6111972336354893,-0.5715342540997503,0.10079780126992217,1.1331507415620607,0
1,1,981,1000,-0.02184043314833452,0.0243944027115987,-0.6045969161090071,-0.579548335806392,0.08966839130744775,1.11450195608855,0
1,1,1001,1020,-0.021772885220954143,0.0243183597160989,-0.569977576641427,-0.5400192046643632,0.056089019031067534,1.1154962217380668,0
1,1,1021,1040,-0.02034809187000106,0.0233198578289063,-0.5290286011879956,-0.4948851624017459,0.04251309311803829,1.1378634989091667,0
1,1,1041,1060,-0.014929960093448543,0.0244169826431144,-0.5313289041043642,-0.4574059932019266,0.05107357271248789,1.136119021967556,0
1,1,1061,1080,0.016856262667859837,0.024134277998567,-0.4575414809777735,-0.3742428463985153,0.03980612848903145,1.042267358076366,0
1,1,1081,1100,0.01131693638910149,0.014554245646962,-0.5837658455462107,-0.4554873016348156,0.028670570309353372,1.0749425793244933,0
1,1,1101,1120,0.0051880779704664105,0.0078727851202252,-0.612243916825527,-0.5882228577046007,0.011732066965440626,1.1047019253570396,0
1,1,1121,1140,0.00487921223483384,0.0127827693515483,-0.6129873721380814,-0.4858677443685171,0.036254359614782995,1.128351092293926,0
1,1,1141,1160,-0.00038723679402630006,0.0033208022839538,-0.6801492021669401,-0.6660231272540881,0.008058314885191036,1.1131564787630566,0
1,1,1161,1180,0.0011913172884762701,0.0045709263543763,-0.6658173498162332,-0.6102297016685478,0.011759571431522531,1.1323802279784123,0
1,1,1181,1200,0.004054597792183499,0.0074925639800964,-0.7147705612104143,-0.684664472430491,0.03313136213087695,1.18104284344273,0
1,1,1201,1220,0.003284671340833395,0.0051303954156856,-0.7581319278600664,-0.7089723027494848,0.051466680913187866,1.16741534021364,0
1,1,1221,1240,-0.0029841449866927746,0.0316093742942973,-0.792289992444493,-0.7243932885035406,0.06807700708262254,1.1789392201701143,0
1,1,1241,1260,-0.05629665172389152,0.0910551664756765,-1.1767811309012706,-0.848717435448976,0.3150454173392956,1.3567477817216054,0
1,1,1261,1280,-0.06376964832399667,0.0789541419150313,-2.2039079826925763,-1.7409943431758197,0.4608504327168214,1.9402754376189058,1
1,1,1281,1300,-0.054623541528691595,0.0565069341667107,-2.9204818619093453,-2.07973692947566,0.5585101933596139,2.754657387798985,1
1,1,1301,1320,,,-3.2298138553791995,-3.0849210084802783,0.6839997893865483,3.292799181410151,1
1,1,1321,1340,,,-3.344577567432009,-3.3167171977604992,0.66902985307754,3.169804600842072,1
1,1,1341,1360,,,-3.2056274271512537,-3.122757741407539,0.5264338135915985,3.1149101041198994,1
1,1,1361,1380,,,-3.152010621206608,-3.1164307732083305,0.4584935317793481,3.0296284081478495,1
1,1,1381,1400,,,-3.2099895562306706,-3.1496002677533217,0.42203401718497136,3.0902417421625694,1
1,1,1401,1420,,,-3.223861034244075,-3.1453310236166523,0.36925304003308884,3.264937237605962,1
1,1,1421,1440,,,-3.225631987106344,-3.184167374584607,0.3698611480119217,3.2988676872670055,1
1,1,1441,1460,,,-3.213926643672471,-3.148352215294793,0.4719990723723565,3.2630187717747368,1
1,1,1461,1480,,,-3.087347874805902,-3.0526442945053613,0.32135846388770245,3.235336951311509,1
1,1,1481,1500,,,-3.0862912919195553,-3.013432193381768,0.31497792026493593,3.216109496583402,1
1,1,1501,1520,,,-3.0898563434348567,-3.0623273988795576,0.3394821501841379,3.2147935689485116,1
1,1,1521,1540,,,-3.142012876424905,-3.085926729972553,0.37180753511967024,3.2017165831236185,1
1,1,1541,1560,,,-3.193725531966877,-3.1512258247835403,0.4570010131951646,3.244565835671831,1
1,1,1561,1580,,,-3.1733916721507924,-3.1168970554307145,0.44770715030707436,3.1883233502283934,1
1,1,1581,1600,-0.10448455129471243,0.1262422317332217,-2.500956030559448,-2.0064908254907903,0.31803092327003446,2.3979431705749166,1
1,1,1601,1620,-0.09551908706580721,0.1339539864866703,-1.379339367715564,-1.0198720998407536,0.3041587559355547,1.5099189628252536,0
1,1,1621,1640,-0.04286863364079792,0.0513050407131474,-0.9425191241542888,-0.6677700011887779,0.20409744711368666,1.280505663201969,0
1,1,1641,1660,-0.01713872925848927,0.0272616879174256,-0.6289369428649276,-0.5744853455728535,0.15819699866034767,1.0144342089308316,0
1,1,1661,1680,-0.019146675418629692,0.0237106080620765,-0.6794604409915156,-0.6447756750044729,0.10632036086514282,1.1304931504208613,0
1,1,1681,1700,-0.015333953392586757,0.0296052685634093,-0.7005397618593526,-0.6123846684988086,0.19114550627674282,1.0233159104459575,0
1,1,1701,1720,-0.010723874291392477,0.0147419574208828,-0.6586790575384788,-0.6386133593591135,0.22639731633877758,1.0287434598076852,0
1,1,1721,1740,-0.010384417936670163,0.0173546186538401,-0.6464127638407514,-0.6078353973208911,0.20040485715120288,0.994772687578387,0
1,1,1741,1760,-0.00494268681032733,0.0084996037383799,-0.649001044381327,-0.6264004006716176,0.17678630882976373,0.9666727202629783,0
1,1,1761,1780,-0.0049925055278197995,0.0110457199883289,-0.7385912588219226,-0.6634400505756977,0.1643523994464652,1.0417982321107533,0
1,2,1,20,0.0018240438798731151,0.0050312674900442,-1.4121674799569912,-1.3933821523012884,-0.023742897487375923,1.546432083798535,0
1,2,21,40,-0.004631487656092866,0.0119223342519657,-1.3896629118442407,-1.358143001387967,-0.03666664483558971,1.6396474778643526,0
1,2,41,60,0.0006676291471408199,0.0073488822655428,-1.399598256502148,-1.3773977920684377,-0.03292403622189844,1.6048635153933914,0
1,2,61,80,0.00633711315192549,0.0087237668143578,-1.3582037843128614,-1.3302612899563084,-0.0227714024014674,1.5899375702898992,0
1,2,81,100,0.008460555995116536,0.0101199013264855,-1.35650195050492,-1.3441856204182636,-0.02343786530988956,1.555871052814907,0
1,2,101,120,0.00461488643561972,0.0054550276616336,-1.3375829074644736,-1.3085143182064265,-0.02830646338951327,1.5616402740962918,0
1,2,121,140,0.0009484312639518704,0.0047636742040023,-1.3377708631856744,-1.3213309609826025,-0.02722975507983854,1.4954920228807507,0
1,2,141,160,0.0040936983938421895,0.0095053557684274,-1.3546878927192751,-1.329603577373538,-0.043683711543627136,1.310969944073571,0
1,2,161,180,0.007180942404570535,0.0111255061740906,-1.3925024806154078,-1.342878146207867,-0.045148086678572834,1.4990224081692798,0
1,2,181,200,0.007628952642111379,0.0105162251498639,-1.419889647041093,-1.4020039364326935,-0.030278341863195956,1.5612173172592902,0
1,2,201,220,0.005730493832187886,0.0088136791981557,-1.421798558657754,-1.411460664080162,-0.0227220652342011,1.5743956815635403,0
1,2,221,240,0.015279204339964117,0.0184779059075844,-1.4290304975840218,-1.4145628392523018,0.00131492504871159,1.5394065483733521,0
1,2,241,260,0.009680078024994154,0.0152922006983706,-1.4173175361110162,-1.3677530610851707,-0.006854710420470684,1.5007030266469379,0
1,2,261,280,0.0005918376304408002,0.0091344025070473,-1.371149602551046,-1.3322980735284513,-0.018489327650555217,1.4842373436579843,0
1,2,281,300,0.00288474906904482,0.0085415440313311,-1.3296256383443243,-1.2988103522910974,-0.01125550891663646,1.476560573093372,0
1,2,301,320,0.003813831717338225,0.0076516214342154,-1.3226204784794444,-1.2914130987447514,-0.025635329612919627,1.4910325552658332,0
1,2,321,340,0.00694006419034964,0.008667686739847,-1.4017203536161165,-1.3533415625346403,-0.04105737737777396,1.5343514260905637,0
1,2,341,360,0.009269125915132355,0.0144982392319279,-1.4409881231161858,-1.417386481858088,-0.029374357288365415,1.5577038672138612,0
1,2,361,380,0.007666160538552211,0.014705012956116,-1.4711424424819284,-1.4223358235057315,-0.03202627397844633,1.5541549656245024,0
1,2,381,400,0.00161369022889662,0.0050983458333362,-1.4131742284043707,-1.393231016556119,-0.03634449235185085,1.557956529023937,0
1,2,401,420,-0.004310449581370275,0.0068886599423063,-1.4068905711343163,-1.3837277945732995,-0.053904571857386376,1.513387774507704,0
1,2,421,440,0.007546900466645874,0.0183898566514489,-1.3511048857631442,-1.310320195109295,-0.06448503433352878,1.32834790561679,0
1,2,441,460,0.011490017242193869,0.0196263843158171,-1.3205113173416305,-1.2689345669931618,-0.06946566448153782,1.2726063776806702,0
1,2,461,480,0.0050945612580638,0.0074676623997507,-1.371466983763645,-1.2838387563791749,-0.05530717505746422,1.3667566825646735,0
1,2,481,500,0.004940274869823491,0.0109346158470385,-1.3970880760515905,-1.3044890647229952,-0.08030939327591197,1.3236993298065882,0
1,2,501,520,0.005134651534335804,0.0079828816118949,-1.3826357181696547,-1.344742156901509,-0.08727967862895131,1.345034804498395,0
1,2,521,540,0.00309222888549199,0.0050304396287295,-1.3267795279505852,-1.2637296275947456,-0.08790463357221748,1.425383072798304,0
1,2,541,560,0.00816861159634584,0.0093721257204441,-1.3350763594877448,-1.318820830729318,-0.08430273934545116,1.401740263924864,0
1,2,561,580,0.005003940002829895,0.0071061552741934,-1.3535449815472895,-1.340797095924607,-0.06840091935701813,1.4597345401502058,0
1,2,581,600,0.0003808960700615404,0.0048788607723758,-1.4107784340154559,-1.3643944133889547,-0.08755090986921732,1.4553547538396763,0
1,2,601,620,0.003843695686645208,0.0099786319823481,-1.4034121364310492,-1.3816423055746294,-0.09327255032154302,1.4470150874328214,0
1,2,621,640,0.0008686034638631932,0.0076219860664952,-1.3502639386950823,-1.3234133241468924,-0.0559439279183615,1.4435010983468863,0
1,2,641,660,-0.0014030422931898957,0.0035149626114725,-1.3446474415960297,-1.3242500273550692,-0.07221509401769341,1.411875095957253,0
1,2,661,680,0.0012321603924087252,0.0066026611813452,-1.3629471965773075,-1.3149190577813497,-0.0637778999247531,1.4286141308822744,0
1,2,681,700,0.0009733370997509731,0.0042674232152922,-1.3288745052784043,-1.3070198530639618,-0.05502966664518558,1.4821267912061988,0
1,2,701,720,0.00219723642923701,0.0045503457460903,-1.3324493087505913,-1.3026452330245843,-0.04887082847185004,1.4911314316906341,0
1,2,721,740,-0.0005807892839465548,0.0034404714641813,-1.3054306607352106,-1.2778429314378967,-0.0607326803111977,1.4146632528572325,0
1,2,741,760,0.0018496502430696803,0.0040730876778837,-1.2764864501733517,-1.2669886341067589,-0.05540114898887285,1.3599831537611924,0
1,2,761,780,0.0004810589116864006,0.0025961146464173,-1.2744485122616975,-1.2537711642961906,-0.048024567751159104,1.3595108277977155,0
1,2,781,800,0.007672764718173598,0.0123427212367092,-1.3155203394284918,-1.2930251342901589,-0.02318536521845161,1.397868424517049,0
1,2,801,820,0.014033967130318587,0.0263418959220748,-1.356997796619666,-1.3204438628881332,-0.044153022660916856,1.4108690694639137,1
1,2,821,840,0.038802415698962575,0.0534237181747048,-1.5688518641031655,-1.4223247501158405,0.016638486607259716,1.376944712391091,1
1,2,841,860,0.048419216172320124,0.0588056154346826,-1.7212816557094766,-1.5806403356619427,0.43787399156859064,1.6874764921278984,1
1,2,861,880,0.0412804931599889,0.0606555831156868,-1.7013201421127302,-1.6200193944195451,0.9999215706265898,2.0419749396249904,1
1,2,881,900,0.026840635714436307,0.0410813575182529,-1.939986399235923,-1.783889325761727,1.0182316748252795,2.081663625350478,1
1,2,901,920,0.021619679906305152,0.0406384100585595,-1.9761053217698819,-1.8617984203694429,1.06794412772808,2.1779537943979674,1
1,2,921,940,0.02007149291176481,0.0280358603014312,-1.7701757797214885,-1.6766407400334595,1.2796945921559642,2.1448338928014667,1
1,2,941,960,0.025300760402091987,0.0306381233055574,-1.6523212782620962,-1.601397048971875,1.2296321461949014,2.0056444557026776,1
1,2,961,980,0.019017100688128636,0.0366818689105745,-1.7968031284871042,-1.660451699559259,1.215151718813126,1.8632454422825835,1
1,2,981,1000,-0.035336844794600406,0.06784311268325,-1.3919955766428813,-1.2399940691835707,0.9448802333473807,1.3443609475569895,1
1,3,1,20,-0.015210745854821356,0.0253188835240689,-1.6978480720993172,-1.6183544143134314,0.023015129896145205,1.5494660104845077,0
1,3,21,40,-0.01669006963122856,0.020511834834596,-1.613183517162465,-1.5755826047648478,0.023421256949394027,1.5851281212624737,0
1,3,41,60,-0.010823152990148275,0.0133287870803756,-1.580451485061493,-1.5560198003208987,0.01561156363028952,1.5811817596826543,0
1,3,61,80,-0.013086135738647761,0.017796973016031,-1.5822502748276148,-1.530689130747091,0.026122288844430453,1.5693393024755757,0
1,3,81,100,-0.0107524099057828,0.014062466598909,-1.607208128025809,-1.5892558251565132,0.0269723623064836,1.5533094931111964,0
1,3,101,120,-0.019632051253414846,0.0464954016797334,-1.5790861609479143,-1.5278784463880957,0.01910426228033446,1.5700106955101867,0
1,3,121,140,-0.03239150861545172,0.0470527791217945,-1.5188127471505395,-1.4262467736745792,0.05659844519610657,1.6095599938652065,0
1,3,141,160,-0.010633407858896412,0.0235646215165144,-1.5591596556257765,-1.5289156326793012,0.05354312724897049,1.5341084287063578,0
1,3,161,180,-0.014502619656716783,0.0179344619203613,-1.6440812506985818,-1.5777149212091544,0.04741797556642331,1.492917183722571,0
1,3,181,200,-0.009073280327148549,0.0117047828395349,-1.5986494835360203,-1.5198484437839217,0.01235269439361838,1.5442927118502343,0
1,3,201,220,0.006525747630656971,0.0129357548862164,-1.7243948109068896,-1.6924321875293704,-0.04046815622012195,1.5431446497706214,0
1,3,221,240,0.006835752826567991,0.0126020331437001,-1.7663965550513834,-1.726760171742174,-0.05145786806671624,1.5370067177739084,0
1,3,241,260,-0.024453966101748673,0.0316863604302041,-1.6709230848882637,-1.62462162532772,-0.008492045793390258,1.5652661222571844,0
1,3,261,280,-0.007490159494999431,0.0243191294105745,-1.7078873852529401,-1.6678783563516093,-0.0455166845924794,1.4972931895379438,0
1,3,281,300,-0.01690886106491398,0.0238971504196538,-1.6828503471195955,-1.6582951769237195,-0.03315165414692653,1.4780761363062647,0
1,3,301,320,-0.014513623065051167,0.0214768254058458,-1.6619126898504781,-1.5682174747389668,-0.024722164569225942,1.4659390932110914,0
1,3,321,340,-0.013794217333026677,0.0164899618121836,-1.6956381664963687,-1.6760394375119283,-0.02715425343831131,1.4632207657831806,0
1,3,341,360,-0.01621281186981152,0.0307934848294929,-1.662575998850516,-1.6168082635188477,-0.0008780995006468457,1.506161577186953,0
1,3,361,380,-0.013132356108809858,0.0194631153757114,-1.6949372048395692,-1.6324485322811,0.013069508296064916,1.5563183836124366,0
1,3,381,400,-0.008110345019235455,0.0174688990776034,-1.657797134850379,-1.5890896774441952,1.110161919903492e-05,1.505416221401117,0
1,3,401,420,-0.01892840700190992,0.0224777529246266,-1.6670605436110981,-1.5917444638736746,0.014157094625337402,1.5020416974324255,0
1,3,421,440,-0.022038465414365098,0.0236333939876867,-1.7259540213199511,-1.6969899516630962,0.0020021824237060944,1.5299061333702264,0
1,3,441,460,-0.021777886373092532,0.0235345463316455,-1.6805829847033067,-1.637883705575465,0.007131056545077804,1.52058002729783,0
1,3,461,480,-0.014240482059824398,0.0233746033594066,-1.7594979887276108,-1.6375551372078212,-0.019426813030058946,1.5270097541773295,0
1,3,481,500,-0.029571111441391427,0.0332573457803572,-1.6256139770499782,-1.529716230311776,0.046848519866810115,1.5378802198173789,0
1,3,501,520,-0.02051949785215027,0.02263513582407,-1.6486911512716222,-1.6136236989647996,0.04095530590060137,1.5087488088845127,0
1,3,521,540,-0.025063815532037313,0.0305200524374654,-1.7226106243008092,-1.630123968413876,0.024035357023713715,1.5808881656784965,0
1,3,541,560,-0.039727658120082596,0.0473288512455691,-1.5815316464953952,-1.5530072355235487,0.03634102693054048,1.661086216579573,0
1,3,561,580,-0.03241376909458396,0.0425712213373166,-1.6702752722499858,-1.5685940627836503,0.03579018363621924,1.6535092843494954,0
1,3,581,609,-0.0386718560973514,0.0540856712654041,-1.7597039158950647,-1.6738940083441365,0.04952534629443756,1.5823622630492211,0
1,6,462,482,0.06265719255027308,0.0763886273232262,-1.5029795007138291,-1.3310412915459755,0.25835954955967677,1.122745844283394,0
1,6,483,507,0.025308345364205766,0.0419578728822589,-1.222621679051779,-1.090325247545438,-0.25396938949555575,1.0652120119849777,0
1,6,508,527,0.014133818251052092,0.0218230711192348,-1.1206025382762717,-1.0152047980818777,-0.18268859392702058,1.1886246857126832,0
1,6,528,547,-0.000951938056754265,0.0099672790367092,-1.102334514588333,-0.9915004226883976,-0.09019104615328319,1.1116815022005353,0
1,6,548,567,-0.0034847420624813004,0.0084682860889701,-1.0934822265370054,-0.9553377624055556,-0.07355251729105497,1.0342207026887202,0
1,6,568,587,-0.0016785676360957901,0.0068421790157588,-1.0097465735387203,-0.9547075755248616,-0.07410188440728178,1.1185051363395655,0
1,6,588,607,0.00811509527138469,0.0108133691322809,-1.0122540234436805,-0.9495697673728296,-0.040271390035369184,1.1281097084987528,0
1,6,608,627,0.004589364751069535,0.0103705961264747,-0.9824018990076375,-0.9437874915414156,-0.06483576976338708,1.084086659737316,0
1,6,628,647,0.004142107363795375,0.0071364976404438,-1.0182853961716838,-0.9661637975728804,-0.09190964167372863,1.0853094994299668,0
1,6,648,667,0.008845352379826185,0.0126438695122032,-1.0147798568379387,-0.9848873868263636,-0.10029168525814362,1.1383596776105918,0
1,6,668,687,0.00907588584770337,0.0120991463401365,-0.9580370228366147,-0.9243395469959668,-0.07892284830167129,1.1407105299184566,0
1,6,688,707,0.011135628094124059,0.0135439508933484,-0.9527636768016869,-0.9352023786880984,-0.10502413050757806,1.1073642260069914,0
1,6,708,727,0.015694600698836932,0.0191805805331099,-0.9569565495273105,-0.9389757788858156,-0.1072707013671852,1.1187743212910584,0
1,6,728,747,0.01830510033992181,0.0214404230052591,-0.980815273204195,-0.9566539765592944,-0.13314227540512164,1.1054091987480763,0
1,6,748,767,0.018789437495894352,0.0228068195160804,-1.0266030236645078,-1.002782021296176,-0.1243366024977969,1.0748076889711164,0
1,6,768,787,0.02397333474646403,0.0267057929435619,-1.0259856404202687,-0.9808140935596256,-0.12025166223113944,1.092025336461621,0
1,6,788,807,0.023320814484290055,0.0249631275061951,-1.0032824574805377,-0.9781782984901588,-0.09587523238808243,1.0869144958409336,0
1,6,808,827,0.020244455046990618,0.033972448462089,-1.010116828263,-0.9697921579092956,-0.1043140910450561,1.1332139870195364,0
1,6,828,847,0.02925413690365535,0.0387222717168777,-1.0106736256415276,-0.9349289024053942,-0.10009861803805808,1.112211467477618,0
1,6,848,867,0.01574653717332725,0.0245441684340261,-1.000781019538136,-0.9565026089311848,-0.12272083384197552,1.0883866572414422,0
1,6,868,887,0.007695630694737806,0.0115915695805164,-1.0276874918679013,-1.0053849977359195,-0.17711215473158065,1.1140260623286293,0
1,6,888,907,0.0046393776110693645,0.0102583556413939,-0.9992471424751598,-0.9706899156273734,-0.1693231691965797,1.1304846922778968,0
1,6,908,927,0.00394078049210002,0.0101986590964477,-0.9670805813299512,-0.94342814516408,-0.18062850115437867,1.1572554253766323,0
1,6,928,947,0.00925712124836396,0.0156343177021158,-0.9775326107182295,-0.9426465927022284,-0.18847200921727006,1.1515437967358495,0
1,6,948,967,0.010878023293995035,0.0164444783897304,-0.9931678927780124,-0.9419687667817244,-0.14768348730283287,1.1208544597738317,0
1,6,968,987,0.004255108701257125,0.00959180918425,-1.010499152325682,-0.9735896505026724,-0.1314871487184907,1.0965840859939355,0
1,6,988,1007,0.0034199642205333253,0.0121342612398519,-0.9695778506653449,-0.9339582108301704,-0.14415847703135365,1.0761410047063107,0
1,6,1008,1027,0.00941112700945595,0.013311939946168,-0.9907346279185012,-0.9545805835450436,-0.15862303921628151,1.0430608330173936,0
1,6,1028,1047,0.010245158404822336,0.0167659707606304,-0.9588815827306967,-0.9215794893952748,-0.12702906607236067,1.103098194729157,0
1,6,1048,1067,0.01585437296239344,0.022939966777873,-0.9958852535414835,-0.9187448223382032,-0.10270883346598234,1.0852021555773157,0
1,6,1068,1087,0.026469405520213228,0.0330242922283874,-1.0431808445056086,-0.9992901358259834,-0.0832713466543853,1.10148436272355,0
1,6,1088,1107,0.013964907357129375,0.0226659746442654,-0.9879805980248723,-0.9313773381303024,-0.08855149864696654,1.1204887020877399,0
1,6,1108,1127,0.006661742396598236,0.0105501278405751,-0.9459169324511294,-0.8841622209584676,-0.09619741152143711,1.1440713570658025,0
1,6,1128,1147,0.017913994382467876,0.0223803570180864,-0.9892403046388326,-0.9522016548187427,-0.05743814185860039,1.0891838314794389,0
1,6,1148,1167,0.014536452144169354,0.022120267895574,-0.9845277754862523,-0.9606417493733,-0.07499091521732199,1.1187135526599055,0
1,6,1168,1187,0.00636105740447958,0.0171378148814634,-0.9692473239397327,-0.9226462988428082,-0.06533847507527155,1.1209486251031442,0
1,6,1188,1207,0.017205996946304505,0.0207005513715659,-1.0640770244995812,-1.023993159865908,-0.05882119352405381,1.084061418450766,0
1,6,1208,1227,0.019667848735248357,0.0221463511840667,-1.0558643134228576,-1.02444588919896,-0.05775467643878744,1.1035889846791602,0
1,6,1228,1247,0.016198677177150775,0.01946905691483,-1.025449838294864,-0.9671808999876912,-0.0645354461794312,1.1084647112064872,0
1,6,1248,1267,0.020038316126705917,0.0449481579272256,-1.0547574725188986,-0.9693430985304444,-0.08848106204030015,1.0550630292388075,0
1,6,1268,1287,0.04789994415989819,0.0537615123898052,-1.1543060652282333,-1.105669372562704,-0.0745138499121404,1.073791319256511,0
1,6,1288,1307,0.033211222316418515,0.0395212941544291,-1.0767672962210801,-1.013181919730323,-0.10783275144786728,1.0538143628781804,0
1,6,1308,1327,0.029005589472264958,0.0400986397442258,-1.0926395427335351,-1.0050835413347323,-0.09820680147908598,1.1138637639024465,0
1,6,1328,1347,0.03182057801741851,0.0338267164981079,-1.1459391148144706,-1.11391748023683,-0.12267715888912803,1.0987459849803116,0
1,6,1348,1367,0.026784686217158175,0.0305542070436627,-1.1469394370648778,-1.085910643027933,-0.12966523287400417,1.1154651534425128,0
1,6,1368,1387,0.023482779805777128,0.0271069715812747,-1.1427954673769753,-1.0865660118884517,-0.13043719265216575,1.0788338106129491,0
1,6,1388,1407,0.01972802123643721,0.0260782838174958,-1.1001183976055575,-1.035383903391104,-0.14439803503606366,1.1304940890623827,0
1,6,1408,1427,0.020672048966300618,0.0248108356707758,-1.0598893690625415,-1.0040624120181467,-0.14971540186907054,1.1117749301350144,0
1,6,1428,1447,0.021100905048498597,0.0280699931993436,-1.0712638689777076,-1.00179605184348,-0.13628503239742393,1.0979613067264802,0
1,6,1448,1467,0.015405398259824255,0.0201354189473001,-1.062645381163678,-0.9854943900643796,-0.14256298794810965,1.112345121380646,0
1,6,1468,1487,0.014064733086015904,0.0197260151146613,-1.0525356931236147,-1.010787407739276,-0.15481814176045486,1.0879471743404268,0
1,6,1488,1507,0.01870721907970489,0.0226512243688217,-1.0543137646827858,-0.9900420808182828,-0.13325236316766897,1.0998302135970128,0
1,6,1508,1527,0.015589154203991923,0.0225352295741542,-1.029636166330199,-0.9842753041125072,-0.14763392615637155,1.0809227062037539,0
1,6,1528,1547,0.016011512498747136,0.0220465721829826,-1.0397579394684602,-0.968260774396106,-0.13054463621046555,1.0898391437657817,0
1,6,1548,1567,0.026809755181753207,0.0375111299534784,-1.0627398662142162,-0.9921074156956556,-0.13181257867427512,1.1518125269484785,0
1,6,1568,1587,0.025868984097954118,0.0312997340941287,-1.089157391140151,-1.058213689320702,-0.15042051575664037,1.183933511472667,0
1,6,1588,1607,0.02465568606922565,0.0370545231055235,-1.1414393383654844,-1.028394836618517,-0.13271419845687887,1.1868342004306371,0
1,6,1608,1627,0.014434309340921913,0.0250034302980447,-1.095658293594536,-1.0287134171065846,-0.10811939098780214,1.1768895230371943,0
1,6,1628,1647,0.019459456736837376,0.0261359298700868,-1.0185331141465852,-0.9474628788665024,-0.102468881500586,1.1174050071889097,0
1,6,1648,1667,0.01812601034686754,0.0299257570664425,-0.9943855575425342,-0.9226332791881878,-0.11578290360398316,1.117826520505282,0
1,6,1668,1687,0.022267334666476797,0.0304270948534119,-0.7910741464895248,-0.7135041024161953,-0.23996287785234577,0.9246993801043395,0
1,6,1688,1707,0.023084269437175262,0.0298286724240371,-0.7472701294224859,-0.6941860827553963,-0.22038805652506416,0.9179939026753345,0
1,6,1708,1727,0.02487796864926369,0.0305949919357859,-0.8046992366980286,-0.6657229833309519,-0.1728195631450673,0.940862465610708,0
1,6,1728,1747,0.025608210181448376,0.0380472868684463,-0.9157196799879358,-0.7377626311823986,-0.16834943475237582,1.0975063785888937,0
1,6,1748,1767,0.06134979040075843,0.0864483177104185,-0.9398720019150538,-0.6098295386368867,-0.010908155039529238,1.1160398442689545,0
1,6,1768,1797,0.0776014915260542,0.0776014915260542,-2.954714191200672,-1.7306492145771155,-0.40890277728789953,1.5401600828458843,1
1,6,1798,1817,,,,,-0.2177716675506586,1.1180780865030804,1
1,6,1818,1837,,,,,-0.3555511919499233,1.238294994167852,1
1,6,1838,1857,,,,,-0.453598201653449,1.2196273381356257,1
1,6,1858,1877,,,,,-0.41293603849127836,1.1813650038144,1
1,6,1878,1897,,,,,-0.3971638003605461,1.2033989717010412,1
1,6,1898,1917,,,,,-0.3391086704462093,1.115184660812817,1
1,6,1918,1937,,,,,-0.3560850294148126,1.1491101647163693,1
1,6,1938,1957,,,,,-0.37181343409497025,1.1605769348151136,1
1,6,1958,1977,,,,,-0.40412917003693344,1.2152023543204111,1
1,6,1978,1997,,,,,-0.35810287833808,1.1046458013606753,1
1,6,1998,2017,,,,,-0.3947043161627138,1.1525944707206397,1
1,6,2018,2037,,,-2.755734545107493,-2.5560907225619496,-0.5741339225231594,1.5668416248351495,1
1,6,2038,2060,0.038337794099034664,0.0811548686541251,-1.505987797987664,-0.852578491138912,-0.4713181625004066,1.3123730472520887,0
1,7,593,623,-0.038664628014186846,0.0517265288454776,-1.7073243830295979,-1.6187107330029913,0.03350906723984415,1.5259951572093895,0
1,7,624,643,-0.037239147905351655,0.0438399529726942,-1.6734998230171674,-1.632244915127853,0.017286137187900272,1.498965780936094,0
1,7,644,663,-0.024853150789887094,0.0339390605487758,-1.7122978635886248,-1.6970650532041536,0.00172767247518332,1.515205368286115,0
1,7,664,683,-0.04252494933327996,0.0492558455227771,-1.7015564670669285,-1.663616030898943,-0.012311584752203706,1.5214364312654534,0
1,7,684,703,-0.0440679733434496,0.0486142676042408,-1.7333429772897062,-1.706798240579846,0.004210353822131085,1.4905050960451045,0
1,7,704,723,-0.03540530034999882,0.0376444833710151,-1.7486682698142768,-1.7275328401396348,-0.00033154348353468994,1.4425440678172678,0
1,7,724,743,-0.03644207226639283,0.0391622041182137,-1.8287913336539865,-1.8137892394106776,-0.0061131629324222845,1.421146126721633,0
1,7,744,763,-0.04295676645439951,0.048171334207322,-1.80795608290215,-1.7658172760051176,-0.005693289388408069,1.430071640891172,0
1,7,764,783,-0.045713024040072825,0.0481927594532471,-1.7994167279491138,-1.7300894577974155,-0.018861661010037646,1.4397241057609844,0
1,7,784,803,-0.06099924828917984,0.0714601264605472,-1.9195391507459512,-1.81111004601227,-0.11778760387693632,1.5573256850916706,0
1,7,804,823,-0.05124065540575481,0.0580625663478583,-2.0596189399353944,-1.9051477990651808,-0.228683273691275,1.7312201895653814,1
1,7,824,843,-0.038815201519037834,0.0445344246823803,-1.9513839565142752,-1.6576738476510662,-0.4917726766381455,1.832620804738561,1
1,7,844,863,-0.008657108541631573,0.0301915421062915,-1.6450772648411416,-1.2623655361188888,-0.9963114068659795,1.9159104088973866,1
1,7,864,883,0.00899793162263678,0.0158017357189751,-0.9459793114088091,-0.735259391154354,-1.4106869407967852,1.8753308059345877,1
1,7,884,903,-0.003092546148496777,0.0166549256115579,-0.7923148071955934,-0.5701270618457994,-1.4568321302031024,1.6049371746317047,1
1,7,904,923,0.00814099510566484,0.0159119629128311,-0.7979404668880731,-0.676260690505178,-1.337149460462348,1.4420768417037038,1
1,7,924,943,0.013932610526287189,0.0169465613891971,-0.9380367724999964,-0.6686473552544522,-1.33010945621387,1.5708342254158978,1
1,7,944,963,0.004821917562972893,0.0141156423225837,-1.3755744440808875,-1.2900415607852118,-1.3667429889675515,1.7325766018515552,1
1,7,964,983,,,-1.6180782536528646,-1.1907806281872404,-1.4771595188319115,1.6506140749464824,1
1,7,984,1003,,,-1.6189239218204172,-1.5326795565174791,-1.339545996829206,1.5950420038626054,1
1,7,1004,1023,-0.044203252226401535,0.0694151078415443,-1.2247710526594295,-1.0721240419364633,-1.1453504424535919,1.4115662831896174,1
1,7,1024,1043,-0.05505045550052544,0.070118689597234,-1.3648315679886962,-1.1568308489818102,-0.9598665304628751,1.6208058261927227,1
1,7,1044,1063,0.002675711225330505,0.0251111011074264,-1.8549757485599545,-1.6168271980179365,-0.6549367747367756,1.589787205449286,1
1,7,1064,1083,-0.06614152173586654,0.1023073721562883,-2.205486223514842,-1.8802818134704609,-0.21730860344686803,1.609987766078952,1
1,7,1084,1103,-0.0772862093953878,0.0876346185284815,-2.264853792533764,-2.156821621407281,0.19845865054492737,1.390028486197426,1
1,7,1104,1123,-0.044023098517727524,0.0784550271128534,-1.8313094271474273,-1.5413618301080536,0.14223802580255404,1.2237933425942003,0
1,7,1124,1143,-0.011421704913633325,0.0187021085877467,-1.5312007605565134,-1.4101738177808476,0.012322880054394903,1.2118472401832199,0
1,7,1144,1163,-0.008576412307675595,0.0163334725463259,-1.4849997851957062,-1.4556390876812837,-0.00490800579711716,1.3530791556909445,0
1,7,1164,1183,-0.007659996211919778,0.0114472619942955,-1.4713770537977724,-1.4043456904372245,-0.0034974722961341855,1.4683236447654755,0
1,7,1184,1203,-0.004323144467431589,0.0099491405160072,-1.5444054710360362,-1.5166352433617771,0.015792786929247637,1.5036412056263386,0
1,7,1204,1223,0.00848870339079855,0.0113797092140548,-1.5255322220383856,-1.503225337084101,0.006167038223293549,1.485104368858572,0
1,7,1224,1243,0.004280780560854575,0.007672429200056,-1.5306448278603864,-1.513919613734282,0.007896891496946576,1.4890603929798025,0
1,7,1244,1263,0.007097376130890685,0.0094893734053922,-1.51512986620552,-1.4545256122553063,-0.001231947599751055,1.4748006758081438,0
1,7,1264,1283,-0.0030089750869941,0.008514432542212,-1.4743875779170965,-1.3677631912184745,0.010497097680288715,1.4892714055985068,0
1,7,1284,1303,-0.004780077013132975,0.0089953721009219,-1.509628295570168,-1.4664990138249874,-0.0022670693945085656,1.4832360517851908,0
1,7,1304,1323,-0.004443645365264518,0.0136913645612915,-1.4317004403544655,-1.3265046949738215,0.045298582357119345,1.415766674442248,0
1,7,1324,1343,-0.009216210725434585,0.0151736579639429,-1.378433480018416,-1.3321733317425437,0.1243879025598067,1.4624685936915092,0
1,7,1344,1363,-0.0031044205262971557,0.0108970448833467,-1.363471151790264,-1.3175052555925717,0.13132892768497215,1.4607842928405603,0
1,7,1364,1383,0.0009543967162019199,0.0070509694076165,-1.4140648734339754,-1.3545047504109415,0.09727322708878021,1.490219636367554,0
1,7,1384,1403,0.0020918922712696696,0.0063407647984934,-1.499136044268189,-1.4356094781221862,0.12068293842579056,1.5320051443135885,0
1,7,1404,1423,-0.007459372789543931,0.0204247840813713,-1.2970694387032482,-1.2661018634762031,0.13113393996784933,1.2724929422718232,0
1,7,1424,1443,-0.035142835825798364,0.0461526693340766,-1.2902524474695347,-1.2017769611141311,0.1395305540719199,1.2276203084819395,0
1,7,1444,1463,-0.0270899958330559,0.0333313703551027,-1.1977474045934957,-1.0890604134463606,0.14142391609035723,1.254639223815731,0
1,7,1464,1483,-0.007770519211975894,0.0215502978521294,-1.0438694500596255,-0.976081916898334,0.1181050761406576,1.2035024315736236,0
1,7,1484,1503,-0.019550239832018597,0.026486669306835,-1.0006535559806395,-0.9665305511973418,0.11429534078180455,1.1821832097656453,0
1,7,1504,1523,-0.031170313688598905,0.0378618955558454,-1.1165539620225415,-1.0744726490055396,0.12431511893176439,1.2187552245322428,0
1,7,1524,1543,-0.02612993326169295,0.0294333890778875,-1.0974303761512891,-1.0704648153255405,0.13349547174074894,1.1991485319306143,0
1,7,1544,1563,-0.010576416075396953,0.0184565602398065,-1.1194697159957978,-1.086778111867754,0.14701864808897147,1.1685201514195058,0
1,7,1564,1583,-0.011066681869571004,0.0133067438581387,-1.152118161093243,-1.1359896011720034,0.1406942914624838,1.2037373817683685,0
1,7,1584,1603,-0.01040949856721172,0.0128273388288531,-1.1704951283990386,-1.0501786181847774,0.15713206511547956,1.378073899154418,0
1,7,1604,1623,-0.0010838886870383503,0.01338349901114,-1.1470311113945062,-1.1040361191297614,0.14506831784356772,1.3014943817559486,0
1,7,1624,1643,0.0015603535986527652,0.0070640893886269,-1.1081254555577595,-1.0822866227162489,0.09447585505701088,1.2429662435263902,0
1,7,1644,1663,0.000419757444713245,0.0024035043272884,-1.0538218472109757,-1.0377458859236173,0.09200685902718045,1.2212331675198618,0
1,7,1664,1683,-0.008905757075770624,0.0226560742593254,-1.1450542060826476,-1.0505249120712774,0.10302353808085422,1.2452730182218414,0
1,7,1684,1703,-0.016610133505273187,0.0218140502905853,-1.1990709549403689,-1.1618850491912247,0.10036573038021752,1.195749800719534,0
1,7,1704,1723,-0.01716242398432961,0.024667937012848,-1.157888563377653,-1.1267915417225112,0.1355044633348239,1.2521330113497824,0
1,7,1724,1743,-0.029719498820571465,0.0357630597831761,-1.2363081716013038,-1.130996773340471,0.2571781301975392,1.2502090379591713,0
1,7,1744,1763,-0.03229857581476605,0.0394360898389562,-1.2410942777521388,-1.1884596522331523,0.23985412117239524,1.2555101346545467,0
1,7,1764,1783,-0.027080084359633085,0.0299611502528689,-1.1618852038289678,-1.0957011526783904,0.2746190058009408,1.326901701114477,0
1,7,1784,1803,-0.029106763943873275,0.0372544155010098,-1.116376583401061,-1.077542957650636,0.2877284147507727,1.3295068665182224,0
1,7,1804,1823,-0.036623905379708596,0.0377399967681898,-1.0850288475229253,-1.0336002824242014,0.27216873139679515,1.2921674699808228,0
1,7,1824,1843,-0.036921027563740876,0.0405927237077671,-1.1108163118081549,-1.06051808518124,0.2523590843377719,1.241652216654703,0
1,7,1844,1863,-0.039290595208131954,0.0439963562474111,-1.1285910696743657,-1.054699088028568,0.2684381480486635,1.2873867636034335,0
1,7,1864,1883,-0.02399226700761523,0.0288972314058031,-1.071223524377256,-1.0326460436607183,0.2154392270353238,1.3270345990427752,0
1,7,1884,1903,-0.021393525254449344,0.0259243024680866,-1.06615190463298,-1.0304519014432312,0.23973372337517054,1.3235187118402727,0
1,7,1904,1923,-0.012936500459351425,0.0216804051110448,-0.9992655424201529,-0.9360558932368076,0.23313395517798768,1.2971514052474165,0
1,7,1924,1943,-0.015597962784441801,0.0218541216328906,-1.0307388427466775,-0.9829893640961258,0.2518577882992054,1.3429742042760373,0
1,7,1944,1963,-0.016297017134073763,0.0192914963788354,-1.033550092453775,-1.0128445163204318,0.24531496145117143,1.3675975260433266,0
1,7,1964,1983,-0.017115310900457512,0.0184964359228021,-1.0369620246052385,-1.0244143701458033,0.25850286725840105,1.3714795127353352,0
1,7,1984,2003,-0.017596187259385394,0.0209223183112384,-1.0737807079780841,-1.0273388808544492,0.27127650285514965,1.3709835035741618,0
1,7,2004,2023,-0.013469921638507163,0.0150405420684531,-1.0118122367069187,-0.9942656036796436,0.2406108663014194,1.3605058508827235,0
1,7,2024,2043,-0.016428679868935297,0.0263563218390804,-1.0072450935771524,-0.9915892659975254,0.20859985870536807,1.3394279088019454,0
1,7,2044,2063,-0.024686420637143602,0.0256314044832075,-1.0264699418776857,-1.0095160827201477,0.2041251360494966,1.319869144977073,0
1,7,2064,2083,-0.023881473554133805,0.025292552296145,-1.0381399399824163,-0.973532576365904,0.2036377531442603,1.2979196420331145,0
1,7,2084,2105,-0.02138094064173982,0.0282341745730834,-0.9512571283459843,-0.8225785923017214,0.1670303525248314,1.2426434207796215,0
1,7,2106,2125,-0.015044017296645309,0.0263120083199785,-0.8931592733267728,-0.7949502682155302,0.20118400728867208,1.184755590819898,0
1,7,2126,2145,-0.0031392129558126063,0.0129754335009504,-0.9186941002401753,-0.8850361833691908,0.1920108429561281,1.2606484949799057,0
1,7,2146,2165,-0.00404776020948114,0.0068725464252064,-0.9783937982541537,-0.94866461488265,0.21981931710289132,1.2942382385460953,0
1,7,2166,2185,-0.00972596887955449,0.0165233792747797,-0.9354836535136949,-0.8842824305163565,0.241715906420726,1.303140542612037,0
1,7,2186,2205,-0.008747137852559744,0.0153998634299742,-1.0740337709613663,-0.9557790531383128,0.21650656678216945,1.277466858191913,0
1,7,2206,2225,-0.02639143618040533,0.0425866039774898,-1.1982290187683287,-1.0844805790963212,0.22314948039230903,1.237957101075341,0
1,7,2226,2245,-0.010588281618624275,0.0183096028749488,-0.8159801047866193,-0.5231998557083705,0.10984915493749947,1.1170398214503288,0
1,7,2246,2265,-0.004709871462711171,0.0194896095957539,-0.6400724779361464,-0.4645859485252266,0.23644922113913602,1.2277233134051586,1
1,7,2266,2285,0.017500967809111995,0.0279318388179944,-0.5536487035957957,-0.4387326740647508,0.17728110464546742,1.3013737603216675,1
1,7,2286,2305,0.004544320780170624,0.0198428125283468,-0.20931247602242814,-0.0203223383930246,0.3561897774424051,1.182013273144214,1
1,7,2306,2325,-0.002589791412829388,0.0073344717293079,0.08870056267208343,0.2325053670831565,0.443115980717298,1.726627180457046,1
1,7,2326,2345,0.0018142731919634498,0.0144495289125431,0.2026406661327848,0.2967648143179706,0.43303584097743497,1.98882650643264,1
1,7,2346,2365,0.00470159598128336,0.0135458965516601,0.09749417515322051,0.2712129292801876,0.3479926691290545,1.8869296088084362,1
1,7,2366,2385,0.0040067230487906775,0.0098234621645684,0.06683494390450326,0.1568968392535042,0.3482758252090763,1.945493795541201,1
1,7,2386,2405,0.005503427559290945,0.0083681420827162,0.12193525558047857,0.1395321480042469,0.3879032747570118,1.922062583293058,1
1,7,2406,2425,0.0017088493901968333,0.0041953023353353,0.12575570091047214,0.1533030627935363,0.4208016371560327,2.0034684300895935,1
1,7,2426,2445,-0.00788588732181971,0.0098965058964537,0.005673290678066405,0.1032695358144731,0.32953392366817547,1.9120536314766714,1
1,7,2446,2465,-0.0001015384392208631,0.0062311862802956,0.07614563789110448,0.1396639821725266,0.4047653754004286,2.1116935570325785,1
1,7,2466,2485,0.00027786142201456014,0.0098481950149061,0.1043919841838091,0.1616470857961263,0.40319627645693057,1.9983053071008097,1
1,7,2486,2505,-0.005936445786403235,0.0075855774433497,0.08569497584193636,0.104635872215054,0.4224889353203647,2.0957649512933116,1
1,7,2506,2525,0.0002092409477935449,0.006595891817091,0.21033195209638889,0.2416605597805443,0.4379465766031501,1.9555493988280794,1
1,7,2526,2545,0.005479379393986902,0.0093254649947527,0.22218672661885436,0.2498884803319382,0.41321122969641666,1.9508098455399012,1
1,7,2546,2565,-0.004969605387548595,0.0126356674199129,0.13345880464930168,0.1676310682553884,0.4182313361408451,1.800988360951991,1
1,7,2566,2585,0.0006587470670950445,0.0115742855456645,0.059778135205853435,0.2042982104428884,0.5253828223160373,2.0228553045677438,1
1,7,2586,2605,0.0072586941782811654,0.0173426074077992,-0.26706285128196616,-0.1380681884923354,0.40360748546929487,1.5876739783528786,1
1,7,2606,2625,0.011020364233906075,0.0297241167318324,-1.049793979826912,-0.409755421588745,0.04628335515816747,1.474353251012889,0
1,7,2626,2645,-0.015201173409580123,0.025635231318517,-1.8982453082290056,-1.725679300894448,0.031436646537450576,1.4424701804686164,0
1,7,2646,2665,-0.026568107198001917,0.0323684465530928,-1.6761558000703425,-1.503173698650282,0.10706217586830644,1.3696917019307642,0
1,7,2666,2685,-0.00206453434317216,0.0202525652934389,-1.5110885418571178,-1.4480965288888556,0.02668829086160454,1.386910379353574,0
1,7,2686,2705,-0.005591598661656945,0.0193133599932841,-1.4597383149047924,-1.3339316655861468,0.03672756932131027,1.286014508723584,0
1,7,2706,2725,-0.018537218564194484,0.0223067856724835,-1.3342843936034685,-1.299793313882269,0.0951102244787398,1.2423633359968291,0
1,7,2726,2745,-0.00551761767789115,0.0114048509450398,-1.3157411797690823,-1.2857729698895084,0.06785305935923797,1.2604820203413294,0
1,7,2746,2765,-0.0179435218892515,0.0261404584122738,-1.329347658810126,-1.3013050640047783,0.056684421791424466,1.4356976322348698,0
1,7,2766,2785,-0.010690882782172539,0.0246363746391334,-1.2931545940220657,-1.2685536523845553,0.06815835650280475,1.5509157129045066,0
1,7,2786,2805,-0.013161793984573419,0.0187840437572437,-1.2913510553859655,-1.2381446472188573,0.08952167699785152,1.6263643130188778,0
1,7,2806,2825,-0.003832165539236864,0.0125130602839247,-1.2971232820536995,-1.260722330195888,0.0655158777917769,1.4865580359733461,0
1,7,2826,2845,0.00040391200339514493,0.008755305624007,-1.3326176705288673,-1.3109347256948218,0.07010365565825395,1.3015351562672615,0
1,7,2846,2865,-3.688015897430072e-06,0.0086085553823976,-1.3150268724839818,-1.2431823008614624,0.04699062591753208,1.2978185016578538,0
1,7,2866,2885,0.0008900308376908851,0.0129904628502052,-1.2495246301840481,-1.2101055314014135,0.057645359302667266,1.232138190109519,0
1,7,2886,2905,-0.021132150766476447,0.0320107508517083,-1.2676024123327485,-1.240182088637233,0.09391429622009366,1.1935357469355767,0
1,7,2906,2925,-0.03133265311375683,0.0377906139523497,-1.2708873981025541,-1.258903944558926,0.0812251671331072,1.2048925567174635,0
1,7,2926,2945,-0.039035328533004024,0.0453259319758025,-1.2925329173837337,-1.262812394192367,0.11773921362028128,1.2387300252572297,0
1,7,2946,2965,-0.017235492935496515,0.0316651566025333,-1.2671993865735778,-1.2534364900823092,0.08093801536193232,1.190777865619473,0
1,7,2966,2985,-8.233447380800031e-06,0.0187537943642918,-1.1786346869510913,-1.0370275334772765,0.10292237726958164,1.139572134450551,0
1,7,2986,3005,-0.006801916670205919,0.0136268133543468,-1.0094615415226431,-0.9648376502373864,0.1264081913197737,1.1636775273171358,0
1,7,3006,3025,-0.013481256719163814,0.0170238012938929,-0.9017758026664351,-0.8535251189520396,0.15207827944533117,1.1438798411048603,0
1,7,3026,3045,-0.009318477971219735,0.0208051602912297,-0.9440219093447288,-0.8542025465325872,0.16958538878323406,1.3232418356880937,0
1,7,3046,3065,-0.0027456408166598102,0.0067974380208975,-1.0995062117556411,-1.018671953019363,0.19384740190037444,1.2897425346929836,0
1,7,3066,3085,-0.006045923315662324,0.007550482955701,-1.0859867583721923,-1.06892179414949,0.15164253422063506,1.2790170056485894,0
1,7,3086,3105,-0.007611657171692635,0.0125821799270399,-1.0882543728001246,-1.0752867926579008,0.13967785962406654,1.2818112244239241,0
1,7,3106,3125,-0.008205498057222324,0.0115302780617034,-1.1073057489463838,-1.0831963654942018,0.1307247520648197,1.2901843085002045,0
1,7,3126,3145,-0.004789171175636429,0.0089881318001606,-1.1214842159316034,-1.0967050117119466,0.12840968837967942,1.2823669424082684,0
1,7,3146,3165,-0.001749142229161805,0.0129661206134998,-1.1374907958037772,-1.107157281691103,0.12614238296009672,1.2617495616597405,0
1,7,3166,3185,-0.004623891951345316,0.0184129559639819,-1.1436229313772832,-1.0876891541504274,0.1209351816956216,1.2468148081126684,0
1,7,3186,3205,-0.017740457795145766,0.0202580271381278,-1.0925596894407028,-1.062225348912333,0.1069061357033279,1.265354550404624,0
1,7,3206,3225,-0.015307067243881483,0.018851235296791,-1.1291088646410299,-1.092102897304386,0.11861077917596544,1.2649889085137602,0
1,7,3226,3245,-0.013131724968721229,0.0166216261581845,-1.1344489756577878,-1.1121643169166031,0.1216487963523111,1.249294867022024,0
1,7,3246,3265,-0.012077336571685124,0.0159510597021659,-1.0914196212483813,-1.085282760729294,0.1400427006071898,1.2943147681978806,0
1,7,3266,3285,-0.004886767207862299,0.0081583741774568,-1.12912068530617,-1.096239510288539,0.14423016495723617,1.2811293878252754,0
1,7,3286,3305,-0.002725542669352015,0.0047838493451796,-1.1937977930221209,-1.182027798439104,0.14001725182891983,1.2222314252302395,0
1,7,3306,3325,-0.0033094801205844847,0.0145930704160067,-1.2584657821062513,-1.1867939825984488,0.14007926291761638,1.225136889841843,0
1,7,3326,3345,-0.011346948944784437,0.0179092430407925,-1.3089897507456676,-1.210669833569732,0.18013770848313207,1.1379550487139733,0
1,7,3346,3365,-0.0035708072108888247,0.0096055199571667,-1.3363623988950166,-1.293676299792006,0.15898020430014487,1.250771056359648,0
1,7,3366,3385,-0.00102121213309582,0.0050718607318773,-1.3627737110296112,-1.3506328017813365,0.1509230160466158,1.207570380580749,0
1,7,3386,3405,-0.00489399316319839,0.0082983952322012,-1.3231063531469147,-1.2846240695920148,0.13390853567050726,1.223940098484863,0
1,7,3406,3425,-0.00030385528458475,0.0041985617978332,-1.2512789210512265,-1.230762245095162,0.12959534017511595,1.2144933258247606,0
1,7,3426,3445,-0.0025473958411514636,0.0055208154531248,-1.2081180947657253,-1.197475071491069,0.1238510616587152,1.2315744938061244,0
1,7,3446,3465,-0.005203562511195215,0.0062344673540131,-1.23133600490227,-1.2214815630312,0.1151229690311593,1.247533696159177,0
1,7,3466,3485,-0.006227989775121205,0.0155446539133858,-1.2307342032606872,-1.2031215484142428,0.12662020988378872,1.2143989863226143,0
1,7,3486,3505,-0.01581918805412919,0.0169872369435424,-1.2425905205847612,-1.2236657465872505,0.14979671700451802,1.1554268573591266,0
1,7,3506,3525,-0.015332739934384231,0.0172582593382279,-1.2385754405712062,-1.2213107153678184,0.14817838101105335,1.1259599646503484,0
1,7,3526,3545,-0.020880589088728623,0.0245770958676551,-1.2074517634205184,-1.1724529075758472,0.14956221870269193,1.1426770645434683,0
1,7,3546,3565,-0.020312283341723324,0.0225093593141979,-1.1841894494184237,-1.16762589250794,0.13772706550756536,1.129563398540323,0
1,7,3566,3585,-0.016333706391066474,0.0198893397017199,-1.1642634142046782,-1.1436167092934346,0.13551879616744705,1.1662925895312015,0
1,7,3586,3605,-0.012566060125819544,0.0144572910287846,-1.1720553787786536,-1.122643746937105,0.13346098786605504,1.205272661070433,0
1,7,3606,3625,-0.013132000466216976,0.0232456029101392,-1.238461969168563,-1.1687156812995976,0.16022597958764376,1.2258843662085892,0
1,7,3626,3645,-0.005914237024998994,0.020259815098729,-1.2292599894410845,-1.191169013440111,0.13715848221531865,1.1832659077993237,0
1,7,3646,3665,-0.014526720831264864,0.0214994883054374,-1.2096113579846477,-1.078705845137396,0.12952683780289073,1.2787851524705762,0
1,7,3666,3685,-0.006479778895070639,0.0160810461103459,-1.2136267263795202,-1.1815577149306948,0.15079033787044394,1.3119322059845422,0
1,7,3686,3705,-0.009066310419625984,0.0121178461955973,-1.1986972071964597,-1.1936447830055943,0.14405481209112447,1.3112684973740758,0
1,7,3706,3725,-0.0073518472088376806,0.0136388697450034,-1.2422310829227206,-1.2032039486879855,0.1372644461539279,1.3043176951906643,0
1,7,3726,3745,-0.02487849859430489,0.0434087079897135,-1.3642724314213026,-1.3073299362358803,0.09509853214456361,1.3281767679729461,0
1,7,3746,3765,-0.034868653998140445,0.0456174012422821,-1.4824003919701638,-1.3455942980438582,-0.10918379816351147,1.3349107385885364,0
1,7,3766,3785,-0.005762094409645549,0.0367087593223614,-1.019295363896155,-0.6450438552792729,-0.9205619550732929,1.6642439120207837,1
1,7,3786,3805,0.00831377245344629,0.0154648522189575,-0.7654260144841482,-0.5986492516320532,-1.124187569127213,1.657560399120026,1
1,7,3806,3825,0.01386539245185984,0.0188304178111898,-0.551299744904733,-0.4930007754281283,-1.0283510596917265,1.6141523156840318,1
1,7,3826,3845,0.0219395189922195,0.0275240096975246,-0.49380464056521794,-0.4421113966724588,-0.9803368114403694,1.6547193052902494,1
1,7,3846,3865,0.017899758190909974,0.025686585787705,-0.5475163324722154,-0.448883697062919,-0.850864012118423,1.4672619021194837,1
1,7,3866,3885,0.012121086047518326,0.0171368712926087,-0.6246295622191853,-0.5098745630694778,-0.8861849516261998,1.4433610449795584,1
1,7,3886,3905,0.01376349807483746,0.0177062986967046,-0.5024889331847748,-0.4493964982247584,-0.9178230730970629,1.4454093488379067,1
1,7,3906,3925,0.014318108068850343,0.018397175566345,-0.5371886596512451,-0.5178258149685144,-0.8066837027783021,1.3651116150707454,1
1,7,3926,3945,0.014558794856322785,0.0171385299057935,-0.5507081802582714,-0.529239186823655,-0.8126592876978552,1.3075461561312913,1
1,7,3946,3965,0.014517399890058444,0.0168523624529546,-0.5145548900275052,-0.4297057373058182,-0.8725405683618442,1.3412908928982914,1
1,7,3966,3985,0.01623969068908768,0.01848561844282,-0.4481139885759151,-0.3897585230542575,-0.8129535899791673,1.3737302841450818,1
1,7,3986,4005,0.015434312563613611,0.019380271015284,-0.49317898203543054,-0.3973615876004296,-0.768095464492978,1.4023544778855455,1
1,7,4006,4025,0.00014419665596193494,0.0298808116578465,-1.3192211253920856,-0.901889401968113,-0.24110909597770194,1.3100139683719774,1
1,7,4026,4045,-0.025114477943298952,0.0860649474775953,-1.5762596418098385,-1.395234545731416,0.052878032215580295,1.212782474466699,0
1,7,4046,4065,-0.011838377733293746,0.0180550579989058,-1.4121533232839036,-1.276025897780702,0.12287051591967217,1.388056579068317,0
1,7,4066,4085,0.0023023065498835598,0.011219689853121,-1.223272979774378,-1.186331181558436,0.07482479799491494,1.2994112372378495,0
1,7,4086,4105,0.00345287053105049,0.0069844340740776,-1.24838122429288,-1.2144755409125338,0.054008133726198795,1.2590522399887856,0
1,7,4106,4125,0.0029540743670693746,0.0113960464705906,-1.2757090550746968,-1.2333712805646646,0.04922887149151948,1.2702460907035973,0
1,7,4126,4145,0.005641960823603185,0.0132068487572952,-1.2530611723565204,-1.222509405243962,0.06477641559361005,1.2780497006962486,0
1,7,4146,4165,0.000883889575347325,0.0078340749585339,-1.2704312865786713,-1.2399568873806044,0.05650653303947355,1.2911160365284997,0
1,7,4166,4185,-0.003021692831346015,0.0043181860252999,-1.2834593540377386,-1.258506350925192,0.06091546383333901,1.2959762776054689,0
1,7,4186,4205,-0.0038179766366399754,0.0061961639679298,-1.2683135730475912,-1.1915710876219965,0.05966326865459902,1.2650963230118484,0
1,7,4206,4225,-0.0045145015917857296,0.0106354598532744,-1.2027909717359235,-1.1791382114455318,0.03809003104412463,1.1766893412719288,0
1,7,4226,4245,-0.022883653942019293,0.0309308728931645,-1.2013401654751485,-1.185798132885188,0.04015122107644483,1.2108907382264875,0
1,7,4246,4265,-0.03963824723347537,0.0442404548356298,-1.2493228113492794,-1.2275955998906587,0.04990105404458544,1.246041097723108,0
1,7,4266,4285,-0.023787869085203295,0.0321651280797212,-1.2714615909665448,-1.221871325406016,0.07201891074422548,1.2533678455913893,0
1,7,4286,4305,-0.015780889131239675,0.0196102391647563,-1.286169772812245,-1.2563205531865662,0.07793800351004945,1.260096324014137,0
1,7,4306,4325,-0.010853286316728276,0.0138941766553612,-1.2979393138521256,-1.2659206826271003,0.09352757816230686,1.3123573525541956,0
1,7,4326,4345,-0.01316578177374721,0.0184940543663537,-1.2932997053999198,-1.25169134763926,0.08374465583634502,1.2958434767422324,0
1,7,4346,4365,-0.014618565988010012,0.029432746602768,-1.3569647007761119,-1.271266629212428,0.1023121304201742,1.3884261561628573,0
1,7,4366,4385,0.015448189857624126,0.0401124738313622,-1.3788303650997713,-1.3243616017594613,0.12183826782844229,1.3549612186382929,0
1,7,4386,4405,0.042683841052608786,0.0468301533715181,-1.42066260985087,-1.3595964113453187,0.10974626257948254,1.3311777041622723,0
1,7,4406,4425,0.03557130849097648,0.0430337122773949,-1.3409301422579618,-1.3072618377638736,0.08691996382313821,1.2757295174601924,0
1,7,4426,4445,0.007753585862851841,0.0140972036580924,-1.2926361087027165,-1.2273600340596569,0.07944939415920227,1.2697400500484108,0
1,7,4446,4465,0.00996627601431525,0.0117758111809169,-1.2243789906059326,-1.1772300460135037,0.0509657787153295,1.1980943264906485,0
1,7,4466,4485,0.006967623035314995,0.0089010841383726,-1.195628183284122,-1.1704337127457376,0.044761204523272896,1.212168724390835,0
1,7,4486,4505,0.0016440004375712653,0.0073055443114322,-1.2371626814407475,-1.2089174005576389,0.07357633211708878,1.2336118744608,0
1,7,4506,4525,0.0008432016895729321,0.0059097282671999,-1.2543227226300657,-1.217635305963675,0.09213345863117277,1.2904201300600755,0
1,7,4526,4545,0.000982336956585645,0.0093023913820732,-1.298232621867023,-1.2421856592939906,0.07794161595739817,1.2451833206909653,0
1,7,4546,4565,-0.005369392200221696,0.0183221029511952,-1.395872197617517,-1.3472830667788311,0.056435736641668,1.2596570599666685,0
1,7,4566,4585,-0.01596450811619847,0.0195383221406783,-1.3803907705684955,-1.33007829994935,0.05724634997585039,1.28691689930791,0
1,7,4586,4605,-0.012633830212068566,0.01937125485047,-1.373805549389823,-1.34077359181435,0.05725399985968479,1.2712213288564693,0
1,7,4606,4625,-0.013051219185130672,0.015787547965059,-1.360349129679713,-1.347081927370968,0.061950283044255795,1.2696336455443589,0
1,7,4626,4645,-0.013495460473440166,0.0158348393451526,-1.372987441965829,-1.3506414928043906,0.060211709294331374,1.2738575136313823,0
1,7,4646,4665,-0.013932601370975805,0.0175126116327046,-1.3536045434328268,-1.3259274589197565,0.06619131629239913,1.2926029247839768,0
1,7,4666,4685,-0.017842878342326222,0.0274231448466599,-1.3515779410298001,-1.3245996376781746,0.08935000342628885,1.2827411202776648,0
1,7,4686,4705,-0.017147611297396035,0.0186215733204858,-1.385246062865214,-1.3408133861544325,0.09263421481639966,1.267617091560908,0
1,7,4706,4725,-0.012076255655923145,0.0166511494065379,-1.352560569679021,-1.33688920605762,0.07465319292189466,1.259463626588125,0
1,7,4726,4745,-0.013754321873574296,0.0178692470529186,-1.3413357375798145,-1.325802197504648,0.07132530704962595,1.249355254395751,0
1,7,4746,4765,-0.01398205445266853,0.0217126095768109,-1.3428711416312777,-1.3334681561001496,0.07778388753313317,1.2248364161519556,0
1,7,4766,4785,-0.018704673016921917,0.0247298363807113,-1.3670619143350544,-1.3258299585374294,0.1062005125501803,1.2880035494396278,0
1,7,4786,4805,-0.011815548958147614,0.0170286038999777,-1.349900812339806,-1.3276875454901151,0.10063435515507575,1.256582929186418,0
1,7,4806,4825,-0.004102392395478762,0.0109220317332551,-1.3928079857645783,-1.3614499008427112,0.11021065552320093,1.3140460379606504,0
1,7,4826,4845,-0.009006341864983603,0.0122774435046377,-1.4146422828416096,-1.336478635504317,0.10013460171172868,1.3227779080443627,0
1,7,4846,4865,-0.01410757343745921,0.0161310426831768,-1.3336697955702144,-1.311083439778974,0.07996891260239214,1.2462294355602077,0
1,7,4866,4885,-0.016813091966582247,0.0257103532623759,-1.386742029139735,-1.3436695327299253,0.07949180756946303,1.286863060900726,0
1,7,4886,4905,-0.018165179583331074,0.0262222903099607,-1.3932868450446947,-1.370395802873429,0.08223996975297684,1.3064615855160095,0
1,7,4906,4925,-0.018891389207367545,0.022795498780353,-1.4306430996165713,-1.3643742870376832,0.09297331794944244,1.3035188395657236,0
1,7,4926,4945,-0.004796880799443664,0.0162077316197626,-1.3672921541437224,-1.3401800564389166,0.09590764683665712,1.1885472045772971,0
1,7,4946,4965,-0.0005218784394449347,0.0061128952453461,-1.3641680016149118,-1.3306869701944266,0.08062807003310526,1.1639072205851482,0
1,7,4966,4985,7.014434389269499e-05,0.0125820716808375,-1.3773434893071241,-1.347196068092799,0.06720784586599379,1.2454268370635917,0
1,8,1013,1034,0.00653196056091596,0.034864473436919,-1.5474607402548322,-1.3709616103784503,-0.048258449652629445,1.084424623477061,0
1,8,1035,1054,0.027144325104156618,0.0613454562087583,-1.4070484819043227,-1.30368612688497,-0.0893632637349988,1.4747270332097369,0
1,8,1055,1074,0.06463105608200555,0.0691561876995318,-1.486661378203016,-1.3585845787750397,-0.06327627451475575,1.625146350730293,0
1,8,1075,1094,0.06382814737073775,0.0668770006471814,-1.6030937850307332,-1.5631598788590144,-0.0808392493696927,1.5979189225070674,0
1,8,1095,1114,0.06027050765255935,0.0662192847994415,-1.534052292420789,-1.3190941653334287,-0.07628799500894753,1.596589463088098,0
1,8,1115,1134,0.03057754334675779,0.0584733977201968,-1.2996956503184562,-1.2058187072266675,-0.08686629483145097,1.6226430629505078,0
1,8,1135,1154,0.023841969531346454,0.0295092337948686,-1.1813126420536224,-1.148168923086658,-0.09440936206834694,1.5592175625027722,0
1,8,1155,1174,0.017275912153452554,0.0213666085786467,-1.1781939127421799,-1.1332822754894252,-0.09239435617533971,1.5690155551135212,0
1,8,1175,1194,0.00609601195848484,0.0155736926318676,-1.2222043526701527,-1.1237051905334212,-0.09584186225684097,1.4851864705780535,0
1,8,1195,1214,0.0005970286758803092,0.0083980959003661,-1.1945897323927444,-1.171246689813801,-0.117940866879955,1.5374879297518942,0
1,8,1215,1234,0.01043631303243252,0.0128554900238725,-1.1824214376679658,-1.1633508523015907,-0.14856211302892683,1.5949122284407191,0
1,8,1235,1254,0.00703326973963449,0.0091448100186421,-1.1721545994501517,-1.1454815010808466,-0.13295455721504248,1.6197247881123633,0
1,8,1255,1274,0.007738923134395439,0.0089660778381074,-1.153286764801577,-1.1350575481275995,-0.1096389843700448,1.5634437757466833,0
1,8,1275,1294,0.007921887933769505,0.0117883958264831,-1.1626696969444419,-1.137371635193704,-0.0950545903739643,1.5613300919511743,0
1,8,1295,1314,0.0078042877566226205,0.0134062619999812,-1.2353018048438056,-1.1784773703953215,-0.08707499177810568,1.5224715913524818,0
1,8,1315,1334,0.00733141977642327,0.013884610250249,-1.2763358222837269,-1.229233936386127,-0.08905861183477624,1.5330470399030658,0
1,8,1335,1354,0.010802026131071821,0.0137389688806316,-1.2797418809601782,-1.2217336470334563,-0.09121598941392964,1.5495666925449756,0
1,8,1355,1374,0.008793418873263405,0.0181685456071866,-1.22553578699017,-1.1747077836096806,-0.07610840638465362,1.5239657098330566,0
1,8,1375,1394,0.004845320852460505,0.0078889600942055,-1.1693635820910306,-1.150749921716886,-0.04802736300383364,1.5792298455559348,0
1,8,1395,1414,0.001808875037401975,0.006630404057249,-1.2329880149912793,-1.173644226566134,-0.07055399858160706,1.54029671391916,0
1,8,1415,1434,0.00248323910681499,0.0062266588772477,-1.2520861469962077,-1.2253268368950334,-0.08367422659283183,1.57318248414244,0
1,8,1435,1454,0.007957723778598493,0.0134716603794053,-1.2514433427043792,-1.2264243085619195,-0.07300883967243592,1.5523346272942729,0
1,8,1455,1474,0.011390248453799637,0.0150421869546928,-1.2092490995799674,-1.1535307107279422,-0.08236014224683594,1.5608848079715183,0
1,8,1475,1494,-0.0023986546786891045,0.0103654989393803,-1.1040506177961773,-1.050433210902976,-0.11444054282262692,1.441394682906711,0
1,8,1495,1514,-0.004526272598485558,0.0092793552539015,-1.119558613953193,-1.0489682086073138,-0.10824649235657091,1.4705602035565686,0
1,8,1515,1534,0.0016519088334565695,0.0163532341200635,-1.170696679250165,-1.059900487883162,-0.11336686869166628,1.517073377861276,0
1,8,1535,1554,0.011820440179532186,0.0167568251658284,-1.1608681293150753,-1.051210232672403,-0.12577069539914804,1.5236846421966876,0
1,8,1555,1574,0.003786930248373375,0.0114451240817683,-1.1475353527210608,-1.0673124874924498,-0.0944315032365137,1.5332434543842994,0
1,8,1575,1594,-0.0032298956226761897,0.0066374552780225,-1.153757243928553,-1.1341188461521945,-0.09577242905919998,1.5291822040977512,0
1,8,1595,1614,0.0018470890194670052,0.006185031012755,-1.1439678958436184,-1.1005273390276509,-0.08989688501747403,1.521242116844502,0
1,8,1615,1634,-0.004303391988783305,0.0143596182867605,-1.1731197526021437,-1.100333821720348,-0.11479425724859427,1.5304070673848935,0
1,8,1635,1654,-0.0035448619591363284,0.0110461945532211,-1.194754037569667,-1.132661789687171,-0.11019983712250454,1.548526859363512,0
1,8,1655,1674,-0.013197012556506776,0.0242132964027142,-1.1626999523378814,-1.1177602315908843,-0.08399197971414626,1.486045792307347,0
1,8,1675,1694,-0.00864843963351902,0.0165623697264078,-1.2466981761818747,-1.2287201126136122,-0.042105580091577735,1.4142852758798017,0
1,8,1695,1714,0.01011772825499403,0.0134141645997786,-1.2536535857567201,-1.168418754445991,-0.06479577965628974,1.4166416134730002,0
1,8,1715,1734,-0.005301131074410961,0.0128435395583598,-1.1381827175255492,-1.109897708681693,-0.07886254746772962,1.439861780096248,0
1,8,1735,1754,-0.0025384127994506,0.0117506677286556,-1.2425296533821657,-1.1357977293351755,-0.0401274879381316,1.4612775831032967,0
1,8,1755,1774,-0.004252658672683525,0.011654527635554,-1.2392278775231738,-1.1885643209425318,-0.04330222714537452,1.3838329642394953,0
1,8,1775,1794,0.007402016515415724,0.0186183182057412,-1.3146623846454102,-1.1770002355479792,-0.09114387777729534,1.2572653932215934,0
1,8,1795,1814,0.007197600697601706,0.0155693440942471,-1.2785557609752463,-1.080525969905246,-0.08860423769811851,1.2429386571440315,0
1,8,1815,1834,0.010824709622599269,0.0150332980261807,-1.3732244912796454,-1.344625749238341,-0.08498002624817813,1.2006498162427937,0
1,8,1835,1854,0.0026955476049602993,0.0110863421042155,-1.3767195830862737,-1.2885568718648714,-0.06367435486780135,1.2088034912140544,0
1,8,1855,1874,-0.0016585566410366025,0.0042730771152981,-1.339618130282846,-1.3205704575351074,-0.07388487910893957,1.20575314348132,0
1,8,1875,1894,-0.001710461222311626,0.004953093402459,-1.2691674222778941,-1.2268566689337057,-0.07470037170555002,1.1404115242253559,0
1,8,1895,1914,0.00025808575217127,0.0026356381549361,-1.2359460154821735,-1.197889284548021,-0.06487940464548943,1.161737854634763,0
1,8,1915,1934,0.001188012965186135,0.004979423994137,-1.2678375520012302,-1.183162076095846,-0.06912952883510977,1.15558258123112,0
1,8,1935,1954,0.00653074382298092,0.012449456664947,-1.266922530909342,-1.2430207787631953,-0.07964376819476213,1.1421463164393335,0
1,8,1955,1974,0.0063298745114804805,0.0089488699866093,-1.2679421057243592,-1.2371125715347542,-0.051032547823391526,1.1076403214735868,0
1,8,1975,1994,0.006354968544007196,0.0088789299902274,-1.21272110236784,-1.183544673019523,-0.05639064604033663,1.1119683162999052,0
1,8,1995,2014,0.00260118706825289,0.0062398821922693,-1.1922180044122621,-1.1522787727759818,-0.037708677470506186,1.1339519549988037,0
1,8,2015,2034,0.002132436636156964,0.0086124874407923,-1.2040739880285465,-1.164019512771303,-0.03017715105271837,1.1296707789515263,0
1,13,1775,1794,-0.01423888504038221,0.015637593941846,-0.7798891291017347,-0.758430927244197,0.0444750095116551,1.1951288757483285,0
1,13,1795,1814,-0.011547754396617949,0.0135236522295206,-0.7234479297813506,-0.6848421851384996,0.02398739011676729,1.1803449035380429,0
1,13,1815,1834,-0.011122686616090114,0.0126455945380401,-0.7471010757920346,-0.6958818428517327,0.018751408580511084,1.1727113726077998,0
1,13,1835,1854,-0.011166214828936902,0.0141773284659514,-0.8007842029318045,-0.7803016401684157,0.009834790040797837,1.1751421173138277,0
1,13,1855,1874,0.0037545202402136657,0.0439753943924472,-0.8904143958296725,-0.8057541437072608,-0.0028961214576399548,1.1832690169966742,0
1,13,1875,1894,0.044857981348163184,0.0715334508255499,-1.1787137548820685,-0.91766936525685,0.03725717279085641,1.2381156982495045,0
1,13,1895,1914,0.013118655278819459,0.0649054321346543,-1.1177190755428188,-0.9235359505199344,0.036393530681566366,1.2316528021993587,0
1,13,1915,1934,-0.011432555404064255,0.0208331961724882,-0.8764561982637394,-0.8463898872356007,0.0049480311283495605,1.2565376631188767,0
1,13,1935,1954,-0.02461060847145374,0.0320900783904586,-0.834077608163968,-0.7500711944667409,-0.002225104562794875,1.2520845439171326,0
1,13,1955,1974,-0.02016347682347811,0.0309157706467086,-0.8053305541928555,-0.7856177776656406,0.007770399247224438,1.2223094697774932,0
1,13,1975,1994,-0.023346046470875424,0.0299326919401402,-0.769203781488687,-0.7217630913464503,-0.0001306521815390102,1.21486495190412,0
1,13,1995,2014,-0.02101242549099782,0.0321459247828931,-0.7381585783416498,-0.7167561412525325,-0.018788409464095428,1.2140274021774387,0
1,13,2015,2034,-0.021314359208514114,0.0264438334311499,-0.7383866105486252,-0.6877189104525538,-0.018330029755525855,1.2404551769303669,0
1,13,2035,2054,-0.022563536563841524,0.0283948696206016,-0.8231279244332862,-0.751006770768646,-0.007732030840055972,1.2132717030841462,0
1,13,2055,2074,-0.030188273454361585,0.0375906880835021,-0.7606711267934825,-0.7269639643017849,-0.00174627790301621,1.2162032578338533,0
1,13,2075,2094,-0.021411529512335905,0.0322225627681799,-0.7602526680742283,-0.6896516580059433,-0.00695797389385356,1.208159289770742,0
1,13,2095,2114,-0.015782557736028803,0.0238821479365787,-0.7554403988875323,-0.6975106606619438,0.004419064742416694,1.2630169980665074,0
1,13,2115,2134,-0.010887812857783839,0.0272810920291521,-0.7457214975430415,-0.6906753910442279,0.0018564782523640445,1.2666796623100471,0
1,13,2135,2154,-0.0009689905105016601,0.0109667621650268,-0.814623980087806,-0.7550878724994844,0.00921976423044438,1.2832632279458243,0
1,13,2155,2181,0.010948748243193479,0.0183499239550303,-0.9391950816205419,-0.8321319425989901,0.06846887012071036,1.3319810462143908,0
1,13,2182,2201,0.016775521758870284,0.0191852930299809,-0.9084774453229807,-0.8640922452228484,0.046787551122093186,1.302315504163873,0
1,13,2202,2221,0.013827855939188788,0.0183805188014746,-0.9183849451923931,-0.8842503150496782,0.022322178847486735,1.2818891973904363,0
1,13,2222,2256,0.00913570177770701,0.0113224646208282,-0.8965492990324812,-0.8573523127270274,-0.0008660147462108442,1.2214384929983413,0
1,13,2257,2276,0.008916577637425298,0.0113820188809125,-0.9027417873372066,-0.8496341978797626,0.02392766697800252,1.2193492969009398,0
1,13,2277,2296,-0.05329762823782099,0.0972102932230512,-1.1202574090450945,-0.8737043065723791,0.07777236267052823,1.2783204569018838,0
1,13,2297,2316,-0.05511183963451016,0.0762762125585093,-1.1681610492352859,-1.0835192794828297,0.25293850346218033,1.3455524434589656,0
1,13,2317,2336,-0.06149036193095494,0.0882572032714298,-1.13447203818977,-1.0300192932407697,0.2774606469579938,1.372310351112657,0
1,13,2337,2356,-0.060804567895671645,0.0744277640962103,-1.0541324224192925,-1.0099016603839512,0.21199717808797597,1.3875754854000903,0
1,13,2357,2376,-0.06840755343961098,0.0822218233508905,-0.9691914488211799,-0.9185347105129422,0.19917971869289813,1.4011792504529326,0
1,13,2377,2396,-0.06169180421075673,0.0724166532975153,-0.9347175735456297,-0.8889146469608886,0.19065007223763877,1.4162072570791489,0
1,13,2397,2416,-0.0541244099419357,0.0643834631515877,-0.9503214954717268,-0.8577114147763628,0.1654051105867437,1.4494252243975025,0
1,13,2417,2436,-0.06186703441029975,0.0653209212293752,-0.8977659624536682,-0.8253865873834914,0.1627577212853074,1.425716908297538,0
1,13,2437,2456,-0.06164957336683091,0.0664263581647509,-0.8885122564274992,-0.8514740567244563,0.1619454198385301,1.4053000693243698,0
1,13,2457,2476,-0.06515142846081541,0.0679478722559769,-0.8882447573748615,-0.8500163337435446,0.15901293471805167,1.3682834840563687,0
1,13,2477,2496,-0.05834363288865148,0.064301628374738,-0.874616038726548,-0.8441810481346946,0.13868595088882243,1.3785604023740885,0
1,13,2497,2516,-0.05848240363366484,0.0626171136646928,-0.8869493645316237,-0.8728510409648939,0.1364031751133319,1.389533759244903,0
1,13,2517,2536,-0.053131516327926995,0.060695059851914,-0.8668981970342801,-0.8338170775097776,0.12789128551926285,1.4127513495805477,0
1,13,2537,2556,-0.041077905352580144,0.0515311147360262,-0.8163526742703343,-0.7371783069967509,0.18237398292895307,1.3928982156717153,0
1,13,2557,2576,-0.04973546168545458,0.0574031914485634,-0.8600484744407046,-0.7395752658493447,0.19211827001808116,1.3221337595196547,0
1,13,2577,2596,-0.03706848610036356,0.0434694773885769,-0.8765968568874406,-0.7858428333270211,0.16117914295304342,1.2678294418978324,0
1,13,2597,2616,-0.03186944013665118,0.0394476086079045,-0.8464348662598662,-0.7730111618277365,0.12685995960142313,1.2826653052424726,0
1,13,2617,2636,-0.028657988617887688,0.0362427494771731,-0.7918037157620336,-0.6962713048440452,0.14529633438863698,1.2633931120748847,0
1,14,1779,1799,,,-3.1750829104059037,-3.0637650391839206,-0.2973410950990479,1.6095488241248215,0
1,15,1828,1849,0.003318475721564725,0.0097622234646821,-1.3439054785553028,-1.2707126803886395,-0.11744412211935569,1.2277149640181102,0
1,15,1850,1869,-0.0039579064721266995,0.0059365941756133,-1.2486531765938307,-1.219686902176427,-0.11656226193630248,1.187085738784212,0
1,15,1870,1889,-0.0037922927735798,0.007145709918895,-1.1921463658494642,-1.1424908248971375,-0.10975856906684792,1.1588769481320127,0
1,18,2027,2053,0.06425725317207913,0.1374597973411232,-2.3118511634177787,-1.0681320739804476,-0.42052463362560355,1.365993502360659,0
1,18,2063,2086,0.02388646370571851,0.0317175809761185,-0.960023856477331,-0.8896166544092169,-0.31908381121537405,1.1479052530024265,0
1,18,2087,2106,0.021648250315552207,0.0293062617394487,-0.9428981057915948,-0.8203194603772982,-0.2494665559659129,1.0990777742660842,0
1,18,2107,2126,0.021063172885275025,0.0250114918439285,-0.927748419434485,-0.8515391482329763,-0.28078035233288934,1.1300481899143915,0
1,18,2127,2146,0.013571087166522314,0.0218700122196331,-0.9218394208203342,-0.7970695153642802,-0.27590049951844986,1.087117949923233,0
1,18,2147,2166,0.01568706753395854,0.0185374598346489,-0.9757498208735103,-0.8813576732523348,-0.2883979052691436,1.057094287063006,0
1,18,2167,2186,0.023690118222543244,0.0269529633349287,-0.9194989553029241,-0.859132974811754,-0.3134557731083605,1.0406340472217905,0
1,18,2187,2206,0.021985701910232868,0.0256673980426751,-1.0272479796532552,-0.9336548468378164,-0.2743135775224899,1.0388738640376418,0
1,18,2207,2226,0.02043319204099756,0.0234402143720638,-1.1044307784972063,-0.9782471293293336,-0.24459305312611662,1.0598580989238566,0
1,18,2227,2246,0.019800832133851635,0.0215339633801264,-1.0979602149616057,-1.010211221914306,-0.2357850144679412,1.0276705240150528,0
1,18,2247,2267,0.020152939257491155,0.0247997675931401,-1.1257710778756476,-1.0671050647803255,-0.25745397476538706,1.0394646060074282,0
1,18,2268,2303,0.01678451053589456,0.0238525348912525,-1.1292317025230363,-1.0750184593853307,-0.23632369799373532,1.0439980618225297,0
1,18,2304,2340,0.009663943056895934,0.0145560348571263,-1.1233165186430325,-1.0355556210115426,-0.1860757226804327,0.9851374872764739,0
1,18,2341,2360,0.014754533044070883,0.0166602644656069,-1.1081805761063517,-1.0821254079484697,-0.17630719696677466,1.0186648303506174,0
1,18,2363,2393,0.01403617643296238,0.0178590115974856,-1.0593047927282233,-0.9957292183080052,-0.20717257981325116,1.0258451801854225,0
1,19,2037,2065,-0.00026319981298376005,0.011760660416628,-1.179385833499092,-1.1500776113383913,-0.09147022000854303,1.3060421845612276,0
1,19,2066,2085,-0.005422083557049516,0.0093367399772182,-1.2059400597301575,-1.1619227889341162,-0.07989610698306315,1.3926077321758994,0
1,19,2086,2105,-0.01573448454454452,0.0205732388895215,-1.2323338426365917,-1.2076983304294129,-0.019906299363509492,1.4552515452369443,0
1,19,2106,2125,-0.018142628171889337,0.0243054958785876,-1.1921217666525814,-1.142564661498226,-0.028570641782072848,1.431378947868721,0
1,19,2126,2145,-0.02273582830053723,0.0273599744960365,-1.1340977085152981,-1.0798367050755482,-0.09361941719851301,1.4078761723622732,0
1,19,2146,2165,-0.012889797947463416,0.0202164817129555,-1.128018148950211,-1.1009293102107474,-0.10891485682905111,1.423234722064298,0
1,19,2166,2185,0.0028664589947195247,0.0109416349715788,-1.118233656662909,-1.0471480274793197,-0.12446202125925601,1.3680601449413519,0
1,19,2186,2205,0.002245905371229485,0.0143576860419252,-1.0914226811049286,-1.0419227875353032,-0.13060793811956856,1.176780654696938,0
1,19,2206,2225,0.00550914668223333,0.0136305885530018,-1.0922385713333909,-1.0438381583563203,-0.15208236153995253,1.2392860876182596,0
1,19,2226,2245,0.00943793505930568,0.0154845777567148,-1.0760616287394824,-1.0293502560034615,-0.12369601565294466,1.2745168214137004,0
1,19,2246,2265,0.011157954303434863,0.016541426853156,-1.1210815846901097,-1.0537060132690028,-0.07567890835729406,1.314798681889391,0
1,19,2266,2285,0.013540680678839529,0.0222322550980765,-1.1551721825784544,-1.0937536417792686,-0.0641832786740114,1.3514869951013366,0
1,19,2286,2305,0.0061638872605124,0.0104662495217578,-1.1870319868303723,-1.0929215414401,-0.10985335424231608,1.2943856781152077,0
1,19,2306,2325,0.0007764910939859027,0.0030360055709425,-1.193314269764158,-1.1567442640798653,-0.08696060647871003,1.2697648594043192,0
1,19,2326,2345,-0.002822099739733805,0.0068860558622545,-1.1722994782589324,-1.1440901987422318,-0.07966563319059013,1.2858619948268148,0
1,19,2346,2365,-0.003716370503348565,0.0071560733417626,-1.1589268101492733,-1.1362737366798683,-0.09152628208512824,1.286648516126375,0
1,19,2366,2385,-0.003975637755441875,0.0077012852884091,-1.161609201282973,-1.142575042359267,-0.0816543544592133,1.287841095328219,0
1,19,2386,2405,-0.00677279369335093,0.0100309722310613,-1.1445732338441286,-1.0481058156804557,-0.11590178049216486,1.2985292484769233,0
1,19,2406,2425,-0.004001460433201291,0.0098052995424648,-1.0926181138265925,-1.0403257648382338,-0.10354982486271946,1.3370551310434404,0
1,19,2426,2445,-0.0016426348227655048,0.011004717413009,-1.1299346591264428,-1.0511495451840462,-0.09930753890248314,1.3002567261588012,0
1,19,2446,2465,-0.005319068267972535,0.0081546302993035,-1.1247996425158613,-1.0612027448340886,-0.10100902413296256,1.311800879227552,0
1,19,2466,2485,-0.0014519797893270884,0.0050182637416461,-1.1281114954076992,-1.100474811343426,-0.09099787935217504,1.3296745491466633,0
1,19,2486,2505,0.0023770269904912723,0.0059985779085658,-1.1060709450026303,-1.087225269174209,-0.09169059145485513,1.324898116012195,0
1,19,2506,2525,-0.00044796334877942,0.0044547178908777,-1.1084952613213925,-1.0809593095547212,-0.10246638829827152,1.3439460723172079,0
1,19,2526,2545,-0.01278798381625904,0.0186032030740986,-1.0643797207320211,-1.0394438580516494,-0.12117917197307533,1.356708791987778,0
1,19,2546,2565,-0.019502997450435926,0.0236225723165642,-1.0796083653422925,-1.0574956931413864,-0.1127469717873281,1.279082114636725,0
1,19,2566,2585,-0.011638175773931475,0.0191096819969612,-1.1330079287770711,-1.0822461566282595,-0.10356166049988702,1.27594988971468,0
1,19,2586,2605,-0.007211024567373806,0.0112045203791146,-1.1022272223316845,-1.0576858021963078,-0.10763827798945899,1.2841001625369386,0
1,19,2606,2625,-0.004404294407079424,0.0067797349239101,-1.0657197581395486,-1.0464283805772103,-0.10980057540077204,1.2092614016088945,0
1,19,2626,2645,-0.0037771265495094796,0.0070910984036481,-1.1422492863818856,-1.061597716770629,-0.09585452517331601,1.2532387184017835,0
1,19,2646,2665,-0.0062734159853158455,0.0082746175930354,-1.117179252227399,-1.0659276323951554,-0.09870635045377493,1.2536015601976542,0
1,19,2666,2685,-0.00955064643783131,0.011771427060344,-1.1091617499973336,-1.0744043526513818,-0.12581842106326543,1.2271654902864442,0
1,19,2686,2705,-0.011084267378970454,0.0151004343272412,-1.1026961403444921,-1.0872304225315008,-0.13967435986989424,1.2396190889083338,0
1,19,2706,2725,-0.001949821330008528,0.0070028254070095,-1.0811583431806298,-1.0614919812424273,-0.13434537449234946,1.1987013675054803,0
1,19,2726,2745,-0.001708866216886319,0.0037901724446048,-1.08221139661946,-1.0667546027025845,-0.12130907576611787,1.1581910711969863,0
1,19,2746,2765,-0.0020357805716987045,0.0062410938475989,-1.0777350899331202,-1.0236940529027057,-0.1272411925705724,1.1508778171691638,0
1,19,2766,2785,-0.0016750492208398651,0.006084026524806,-1.0443832205254977,-1.0116186821188036,-0.15195322150139495,1.1823097577678128,0
1,19,2786,2805,-0.004891221350467311,0.0141729082215389,-1.0626523997654123,-1.0281574000404676,-0.1007597151054167,1.1646458620894982,0
1,20,2041,2072,-0.011061467980101141,0.0180672957302172,-0.9528494157621562,-0.9053429472269604,0.07316018755752134,1.2665539527675682,0
1,20,2073,2096,-0.00529888929827383,0.0132901401490713,-0.9459970469633581,-0.8795193074994673,0.0495967938689718,1.2645295897295528,0
1,21,2087,2112,-0.0107430537331969,0.024164550039697,-1.0344943694433186,-0.9313420201855904,0.12150101411182286,1.2047367517369623,0
1,22,2124,2143,-0.00031390154306832496,0.0158879100400642,-0.9153802225698018,-0.862450197845871,-0.013189058723195535,1.2385386521208779,0
1,22,2144,2163,0.00742135431016811,0.020975093929516,-0.9159934086222261,-0.8444333070147302,0.012837252005464945,1.2213096984375587,0
1,22,2164,2183,0.024222279644228205,0.0291883703354763,-1.0856388254223597,-0.9458698011427112,0.10742870198229271,1.3154482405946153,0
1,22,2184,2203,0.022329383327527968,0.0283877521151421,-0.9679097842241996,-0.9201900920393468,0.016755957178494586,1.2435609701719939,0
1,22,2204,2223,0.016693916313233546,0.0233491131629747,-0.9670762978953654,-0.927602110330958,-0.012384026199333074,1.2011731310510005,0
1,22,2224,2243,0.013876169424162052,0.0165772615390772,-0.9852986861639689,-0.9415272953318672,-0.011102652106514396,1.2277004739802408,0
1,22,2244,2263,0.018083141188748608,0.0198290471270952,-1.0032823337450034,-0.9489489877273024,0.009979885726669857,1.23184684849813,0
1,22,2264,2283,0.014573094921428035,0.020667877734776,-0.9730456086611408,-0.8870449256913496,0.06247039953757132,1.2674241755750624,0
1,22,2284,2304,-0.05899674197990712,0.0908575701821739,-1.3763196874909995,-1.044346825645853,0.16789143965954256,1.380158435698585,0
1,22,2305,2324,-0.04724006960147161,0.0784098218510825,-1.4063264972377165,-1.3336289095247096,0.25307457727312166,1.4011326973128573,0
1,22,2325,2344,-0.040023671654077844,0.071512263434772,-1.2918150272071065,-1.232301258806877,0.17875607375045516,1.3598979964805864,0
1,22,2345,2364,-0.0502738349568976,0.0609386895964888,-1.2269689125288459,-1.1874972019095202,0.17795662194579467,1.3762583385718954,0
1,22,2365,2384,-0.05590296492755755,0.0706204339395023,-1.2174650021426205,-1.1677855905969912,0.16312003294414293,1.3894935148404406,0
1,22,2385,2404,-0.04619813473534012,0.0580806188441493,-1.2088017058753393,-1.1737557395157256,0.14339944171545635,1.388393805518319,0
1,22,2405,2427,-0.04403209411537503,0.0564601722259143,-1.185465088016446,-1.147346444490198,0.12363564643976004,1.394580037571904,0
1,22,2428,2452,-0.050658639000287956,0.0603556617038845,-1.1955722442481211,-1.1161656231618942,0.13975568945702946,1.4276062263402822,0
1,22,2453,2472,-0.052987842541579476,0.0598789996303983,-1.2136229781143937,-1.1503447713843324,0.17861808432555626,1.403264345719685,0
1,22,2473,2492,-0.04878017188353893,0.0597189514998598,-1.1978378224992172,-1.1349736377754176,0.16509114101041164,1.4080398090152593,0
1,22,2493,2512,-0.050439162706461815,0.0566719721501321,-1.1832311515006972,-1.1159886644213672,0.16743012525654083,1.424488215986534,0
1,22,2513,2532,-0.043115651642629295,0.0510665996711127,-1.2346362669960016,-1.202561527552288,0.12974329480308983,1.4508561087378458,0
1,22,2533,2576,-0.03533123105902517,0.0428230166560186,-1.1192169436145045,-1.0352604657744109,0.09048110783107813,1.350400185405181,0
1,22,2577,2596,-0.03295802737488002,0.0398692907128637,-1.0668397803936274,-0.9783402713542042,0.09204942048634526,1.3298979236016604,0
1,24,2162,2185,0.022799753861332116,0.0277000160560639,-1.064913496287229,-1.0346986415655663,-0.23939128446205077,1.0370136471041254,0
1,24,2186,2210,0.0203277411029518,0.024507226451423,-1.0829313354640764,-0.9884420749406124,-0.24554996647532384,1.0394441926307603,0
1,24,2211,2241,0.020728493399533254,0.0257045814184702,-1.1429280150745367,-1.0982735378771438,-0.27516858613588746,1.0319963018250538,0
1,24,2242,2261,0.019364025018597762,0.0228942062551105,-1.1172534277452093,-1.0584513584950574,-0.2581000805162657,1.0110907135244,0
1,24,2262,2281,0.021184978738249753,0.0271708306270181,-1.1155193953834996,-1.0699404375791584,-0.2536561450580447,1.0233210941257473,0
1,24,2282,2301,0.012104132595856788,0.0150744198601324,-1.1213777191073215,-1.0955795748421613,-0.22952491692193214,1.013255204716216,0
1,24,2302,2321,0.013460054347483385,0.0149253391548204,-1.0897851684181075,-1.057088593557213,-0.22657726787555652,0.9950278468317911,0
1,24,2322,2341,0.016818253656198445,0.0194992568981082,-1.0543011951042294,-1.0010677468154334,-0.20342580131847562,0.9946763961582684,0
1,24,2342,2361,0.01870208151364808,0.0214030606431776,-1.059303136776249,-1.0242360320735815,-0.20035306274609574,1.0405788911012017,0
1,24,2362,2381,0.018513039086469302,0.0205890645740734,-1.05032360916113,-0.9755647708725006,-0.19455980007028084,0.996409932181113,0
1,24,2382,2401,0.020683753757375103,0.0251816005156803,-1.0879023515279074,-1.001726645465419,-0.2195862723792949,1.0375296151925286,0
1,24,2402,2421,0.016239083365914463,0.0179308677617811,-1.2034548451945386,-1.159671815954074,-0.16452274394673144,1.0613298377531155,0
1,24,2422,2441,0.018637332475526455,0.0198664637438493,-1.1008368612555444,-1.013336132321197,-0.19030027771547606,1.0022256452605551,0
1,24,2442,2461,0.015243114537310126,0.02200229396942,-1.0767230128825482,-0.9513000573561948,-0.18754079114281713,1.0391271249844876,0
1,24,2462,2481,0.014505717853023231,0.0178123200345168,-1.0793007919267752,-1.00016577480725,-0.17882434239976833,1.0249132326303159,0
1,24,2482,2501,0.016932649334662715,0.0205944368486269,-1.0331761112414464,-0.9082504034090711,-0.18309560947804482,1.0511599926269841,0
1,24,2502,2521,0.01634531212602138,0.019912787093052,-1.0114012669320342,-0.9281916374690552,-0.17376311048361595,1.0315891194185551,0
1,24,2522,2542,0.013116497530134505,0.0204444562562207,-1.0694072649516666,-1.0326055768409326,-0.19052799984170776,1.003070223523934,0
1,24,2543,2580,0.014509888403086705,0.0255872853614367,-1.0784463273172176,-1.0163307713070031,-0.200300931748533,1.0790148190505529,0
1,24,2581,2636,0.022661456942401275,0.0302761009496639,-1.108297458050811,-1.0475460827527696,-0.2055079091657504,1.1060611112255188,0
1,24,2637,2656,0.020735693083735948,0.0319192134407388,-1.1120977406823382,-1.082719178079415,-0.24566796473556365,1.0968860275534114,0
1,24,2657,2676,0.01702611394865291,0.0215473268930793,-1.09483112429916,-1.0347509534366035,-0.2612894883867183,1.13299597304393,0
1,24,2677,2696,0.02117976060928825,0.0235978864925103,-1.0916122902161942,-1.028317822179272,-0.2517752696877564,1.153625971672144,0
1,24,2697,2716,0.016109038553185205,0.0192956163813597,-1.1202489538868086,-1.0872190892211924,-0.2638034063597109,1.146727174977378,0
1,24,2717,2736,0.021950499426163415,0.0251796146060504,-1.1850447330821854,-1.1168466575023135,-0.252233202434367,1.123832611886462,0
1,24,2737,2756,0.025446815423865017,0.0289389112902556,-1.2522168026785319,-1.2124830961424338,-0.2596567148154255,1.1015076656484932,0
1,24,2757,2776,0.0269103875438212,0.0332613083133371,-1.3366746899217523,-1.3150947164966886,-0.27044965840690216,1.1638663769071258,0
1,24,2777,2796,0.024512135251562785,0.0304320380979776,-1.3116240746598682,-1.2547537166924203,-0.2899391973341446,1.1480208629413384,0
1,24,2797,2816,0.024364244731867345,0.0282816827794567,-1.2603215085923032,-1.234459503772921,-0.2870161462189311,1.1201546082815241,0
1,24,2817,2838,0.024479582188393502,0.0285288946701632,-1.2111360877691106,-1.1750641406319744,-0.28693078316591336,1.1225907314436918,0
1,24,2839,2861,0.02072901161401828,0.0253691737395426,-1.1727459690475606,-1.129596298657611,-0.2806696855204237,1.1723777255777592,0
1,24,2862,2894,0.01630224518050138,0.0237979840586308,-1.1616375636690264,-1.1013564892988903,-0.282423359130726,1.1636738773364665,0
1,24,2895,2917,0.022333836807105843,0.0328072674847853,-1.2047882016640867,-1.1375738876429289,-0.29057163455028767,1.153942953447264,0
1,24,2918,2939,0.024810822965868413,0.0320287330911209,-1.1761169401758391,-1.1169496332623674,-0.2939835901109763,1.153245522668821,0
1,24,2940,2959,0.01836963032684787,0.0201128620373618,-1.1735946453305643,-1.1121682234528023,-0.25844238792149254,1.1414663445436966,0
1,24,2960,2979,0.010848492638513427,0.0182386502073599,-1.1245698669713018,-1.0714156122073246,-0.2566690858840387,1.1499773009894376,0
1,24,2980,3013,0.01006125804951294,0.0363657294492856,-1.1689168664261915,-1.1290499597912045,-0.274568678012311,1.1680736536675043,0
1,30,2524,2548,0.00789639135773387,0.0206927509774577,-1.0320574697012828,-0.9803159103042098,-0.20418767406734953,0.9894249204801486,0
1,30,2549,2568,0.015720216310876316,0.0222957492829401,-1.0056312446494564,-0.9493445071392904,-0.22085769900233115,0.9921584618537949,0
1,30,2569,2588,0.023580210439941525,0.0286101155894062,-1.021713946420624,-0.973519654349836,-0.1902111983712523,1.0801379084422196,0
1,30,2589,2608,0.025820378608219015,0.0303326962640553,-1.0745815795520106,-1.0286222377358565,-0.16162847744896056,1.0643871046109337,0
1,30,2609,2628,0.018118355075466892,0.0302383342101356,-1.1050185880835723,-1.048171706858318,-0.16529609832066033,1.055489020074178,0
1,30,2629,2648,0.021004485693996194,0.0255230155932597,-1.1264510709739677,-0.9996728220028231,-0.20918760793856964,1.1109198451130824,0
1,30,2649,2668,0.014558788495342746,0.0166574085981398,-1.0684303483856,-0.9662315448492812,-0.253418987048806,1.1299566222333353,0
1,30,2669,2692,0.016477722287638816,0.0191806762767976,-1.056215467745194,-0.9762597355482296,-0.22628353641645899,1.157452873278789,0
1,30,2693,2712,0.012757821624497142,0.0150507215007644,-1.1430223083171582,-1.020499191355532,-0.22145255026421498,1.1749901060976577,0
1,30,2713,2732,0.018114153117245645,0.0237842933195838,-1.2096975908512113,-1.1303936461173842,-0.219823728455485,1.141089864615888,0
1,30,2733,2752,0.021455608075899586,0.0248906840051628,-1.2691822872952983,-1.133930494801588,-0.21770943111221763,1.1470309760834878,0
1,30,2753,2773,0.019523922323148507,0.0254422009077062,-1.1945016569905444,-1.1657499338049968,-0.21216375141690347,1.2037637517018271,0
1,30,2774,2793,0.02094714623613341,0.0247009547384895,-1.312039123558631,-1.2018936946533425,-0.24986696086968913,1.1606201101887281,0
1,30,2794,2813,0.022296358105679814,0.0253873887271438,-1.30075881914512,-1.2403085713482502,-0.2593908522770547,1.171666540954314,0
1,30,2814,2833,0.022771204480693405,0.0285180512029477,-1.215438999909656,-1.1007284768776109,-0.25748122175849797,1.1328998405153148,0
1,30,2834,2853,0.01648863601363105,0.0226621305616276,-1.1550406771562336,-1.0778131559406272,-0.24814494356084457,1.1414715909631588,0
1,30,2854,2873,0.018600456271438887,0.022958643611807,-1.1096383386613817,-1.023066585282694,-0.24615160168990732,1.175177434476589,0
1,30,2874,2893,0.01186821468961559,0.0191334753598719,-1.1009007591605027,-1.0467170024999164,-0.23996400246033636,1.1479747738104318,0
1,30,2894,2913,0.01943343991388144,0.0316941916897243,-1.1073015812759932,-1.0400347126142238,-0.19468780426503993,1.192642150971931,0
1,30,2914,2933,0.02803473684505157,0.032251720674222,-1.0807795549799322,-1.0033927844571278,-0.22215903297430772,1.1715344365622333,0
1,30,2934,2953,0.01616644634020289,0.0196790265664462,-1.1275430443661993,-1.0521386617622517,-0.22201795268401212,1.1336143485155066,0
1,30,2954,2973,0.011390164013191005,0.0168348106319523,-1.099679559893046,-1.0744514069242568,-0.16123191084685412,1.1371968369257557,0
1,30,2974,2993,0.0068292108632695,0.0096499505236869,-1.0632522862631872,-1.029635571266226,-0.20023902560332024,1.1349458082893276,0
1,30,2994,3013,0.02467196115735018,0.0434392636876709,-1.0896145884898225,-1.0161211533490249,-0.11671616318486036,1.1896108930561313,0
1,30,3014,3033,0.041756329409759506,0.0438766088312135,-1.167169975765808,-1.0815652302384855,-0.1520250522395894,1.174173534090667,0
1,30,3034,3053,0.03782681335887024,0.0432239323828004,-1.1938818957008912,-1.0900614855152957,-0.177596303393576,1.2108254281189101,0
1,30,3054,3073,0.025215196592375456,0.0282999863160504,-1.1799376141655797,-1.1129324338344084,-0.15764773857709624,1.1975541055841326,0
1,30,3074,3093,0.023377600518851047,0.0265936872508962,-1.1367302228362264,-1.1116715788552418,-0.19925055100006636,1.1765396629243008,0
1,30,3094,3113,0.022446502816854935,0.0246621618224845,-1.1571490010067507,-1.0553014537436287,-0.19233913792300522,1.1354166711257219,0
1,30,3114,3133,0.02202517417425768,0.0245742395584398,-1.0971606693431766,-1.0467152298312272,-0.1643203706224169,1.165316138196497,0
1,30,3134,3153,0.02205912426014875,0.0269412483086903,-1.0357026784030032,-0.998383822282628,-0.1487696082642615,1.1573829144074395,0
1,30,3154,3173,0.023519174892433763,0.0305832011517669,-1.0730552817748595,-1.0409039500360735,-0.1524718298673427,1.1230447995056179,0
1,30,3174,3193,0.027503232469822704,0.0307472109238451,-1.0694632773966695,-1.035761141746898,-0.15391239119261152,1.138666693546455,0
1,30,3194,3213,0.026905298690124185,0.0295626997248897,-1.0617423718128058,-0.9669120478246004,-0.14907386522465813,1.15101150231614,0
1,30,3214,3233,0.025336437008157527,0.0278791438144421,-1.0572461694416049,-1.0038274841855794,-0.14710354461923478,1.1853753433085106,0
1,30,3234,3253,0.0224030484753067,0.0270252444378717,-1.1115647833408444,-1.014845159910699,-0.2231761804688301,1.106649413355473,0
1,30,3254,3273,0.018196772531808313,0.0240507962063255,-1.0903404285142648,-1.0411939195635025,-0.19660228243581157,1.2618151561564623,0
1,30,3274,3293,0.02219333775174093,0.0273765290536674,-1.064651438427343,-1.039975376777463,-0.19024786836955493,1.301752951794143,0
1,30,3294,3313,0.05972458245048235,0.1121229956424994,-1.8108906716160533,-1.099138689384728,-0.5722538129619317,1.3252935873619665,0
1,30,3314,3333,,,-2.8062027911131113,-2.6239613278720326,-0.7195993041060154,1.8112141962245976,1
1,30,3334,3353,,,-1.8798682406080824,-1.8798682406080824,-0.30136107950737295,1.05932834737107,1
1,30,3354,3373,,,,,-0.28568951078270166,0.8490928379094651,1
1,30,3374,3393,,,,,-0.2631118934162895,0.8905093306594484,1
1,30,3394,3413,,,,,-0.2777189070799118,0.8788812772821075,1
1,30,3414,3433,,,,,-0.2740218796404218,0.8661809869447353,1
1,30,3434,3453,,,,,-0.2712713850948789,0.804874905288097,1
1,30,3454,3473,,,,,-0.3181497793655456,0.781033112091075,1
1,30,3474,3493,,,,,-0.29479831347992713,0.7969541026967972,1
1,30,3494,3513,,,,,-0.30954560050897545,0.8527896221997533,1
1,30,3514,3533,,,,,-0.3225511017639716,0.8638975091706305,1
1,30,3534,3553,,,,,-0.3094606345964275,0.7991315135597528,1
1,30,3554,3573,,,,,-0.32781961023244915,0.9095728469964774,1
1,30,3574,3593,,,-2.9470332564382797,-2.3541156299430672,-0.3437826040557737,1.34932627453988,1
1,30,3594,3613,0.062087583276297174,0.0849169561327235,-2.5692222027708516,-1.3265667313588465,-0.21430051053282978,1.3188220856734527,0
1,30,3614,3633,0.014580027170652137,0.0306464312157256,-1.1339059546749577,-1.014357759635393,-0.2152293729099514,1.0729212006558524,0
1,32,2625,2646,-0.021771122606980615,0.0441044602748291,-0.8732714908764084,-0.7511487587915745,0.24880796760963558,1.3723014384487473,0
1,32,2647,2666,-0.03601478609174978,0.0570135296382855,-0.6948346258228324,-0.5849481091649769,0.36983180444472996,1.4632613084538149,0
1,32,2667,2686,-0.03788099687837338,0.0618983311944887,-0.8766625552222289,-0.7552234285085783,0.29528871710881777,1.1819811527022055,0
1,32,2687,2706,-0.033246643771440654,0.0440554511981671,-0.6813561586447541,-0.6120332008200136,0.19822393019262258,1.0326983105430751,0
1,32,2707,2726,-0.039130930546433254,0.0429820895687247,-0.7119461981772347,-0.6682531661608452,0.22538155001978444,1.054347320844098,0
1,32,2727,2746,-0.03438177072951997,0.0372557016398541,-0.6836995122526006,-0.6651927024971168,0.2204448462038667,1.0414523816588472,0
1,32,2747,2766,-0.030497135312148586,0.0438516911320417,-0.6628433378790353,-0.6173008148644985,0.19602244685274928,1.0515713587058104,0
1,32,2767,2786,-0.04719440110898026,0.0707478993946758,-0.8080794520017012,-0.6029560611949063,0.13831397701224343,1.1185084927856859,0
1,32,2787,2806,-0.03513611925957576,0.0560818477335085,-0.8842855356268202,-0.852301628412164,0.12545405172014576,1.1421684286947804,0
1,32,2807,2826,-0.005646986411454225,0.0180190799918129,-0.7664965229789816,-0.6835805663863952,0.17883081874979892,1.1027379464745888,0
1,32,2827,2846,-0.010988194437266,0.03427495257706,-0.7021080593018809,-0.6543087796747653,0.16648405752583126,1.1230817193608724,0
1,32,2847,2866,-0.04046137157403115,0.05027389478084,-0.7614748504341655,-0.7106660019568777,0.17611501748242048,1.103781224261165,0
1,32,2867,2886,0.0024744764944712753,0.042888175740822,-0.8223238858670511,-0.7437870923182632,0.2362088171504954,1.0966746980285642,0
1,32,2887,2906,0.007084286596840783,0.0156959650489197,-0.8035419994236556,-0.7450494090985186,0.21120846162378473,1.0512095475719176,0
1,32,2907,2926,0.0009490820618295549,0.0157312716398176,-0.7631212932619447,-0.7005044749735622,0.2017213509156286,1.0747168211317155,0
1,32,2927,2946,0.0008194246655434445,0.0113967882436687,-0.830751858398213,-0.7875636171752677,0.1653571468859536,0.9860828881141867,0
1,32,2947,2966,-0.007970522061042954,0.0153682441825031,-0.8836310654289357,-0.8386596301484911,0.16539289056856865,0.9667418427015481,0
1,32,2967,2986,0.0002253083343642783,0.002124720328388,-0.8537753602563584,-0.8265535166473202,0.14633640558239588,0.9397188586530912,0
1,32,2987,3006,5.367328982511504e-05,0.0027895088074025,-0.8963929825393315,-0.8546074272988736,0.13960100323587082,0.9221072745718697,0
1,32,3007,3026,0.000716907109317579,0.0043722576017518,-0.9454630235549052,-0.9037994035733228,0.12592089887803296,1.01329034831747,0
1,32,3027,3046,-0.0014447498043993,0.0029615124563121,-0.9066990288352489,-0.8928252253887577,0.14028153779955027,1.0007060584203298,0
1,32,3047,3066,-0.002277544460323495,0.0039439730246951,-0.9578711289749637,-0.9266326181579538,0.13975134190209343,1.0038611172115384,0
1,32,3067,3086,0.0006251830665939225,0.0027505193298867,-0.9324281890995652,-0.9118244990038707,0.12427363785790824,1.0014026249601353,0
1,32,3087,3106,-0.00111543354221938,0.0028365451300459,-0.9229951330387116,-0.8666090836387488,0.11949986609441914,0.9759109592243647,0
1,32,3107,3126,-0.001410362052931945,0.0033935509045182,-0.9794071182660969,-0.953837320843267,0.15206123953647172,0.9876101047843748,0
1,32,3127,3146,-9.879386258060002e-05,0.001920524399558,-0.9562900132716445,-0.934689855975416,0.18021219285635384,0.971408112934283,0
1,32,3147,3166,-0.0015709355648335752,0.0025931181766656,-0.9268430859020299,-0.9094869805865696,0.17821337374661528,0.971849870755209,0
1,32,3167,3186,-0.0007228786012054851,0.002813116741618,-0.9145215507985034,-0.8748764091344073,0.14516163083394346,0.9633961845652227,0
1,32,3187,3206,-0.0019697556784195056,0.0036372878202629,-0.87464441375409,-0.8599710454021833,0.1432889300992525,0.8922854809613163,0
1,32,3207,3226,-0.04879491055890519,0.082781452680643,-1.0162752183047428,-0.8711292202133722,0.05898139039069809,1.0177219760877443,0
1,32,3227,3246,-0.01781757104982201,0.0830672668988545,-1.0777548082849018,-0.9568853498247692,0.07771265644872764,1.0548914610939897,0
1,32,3247,3266,0.004084566623165609,0.0159650536201853,-0.9259350945736756,-0.8548675422734013,0.13158663809063312,1.0422381926231126,0
1,32,3267,3286,-0.009209886698451962,0.032934599397866,-0.9203023298497784,-0.8527868527001422,0.16166412881016146,0.9721624276376961,0
1,32,3287,3306,-0.031884567619048565,0.0424253716878234,-1.1377310115499126,-1.0034188267377542,0.2837971932268612,1.222062350862128,0
1,32,3307,3326,-0.08335898280503119,0.1291158819737915,-1.919256814631201,-1.2918914409293565,0.42999732651020617,1.8262639813429307,1
1,32,3327,3346,,,-2.9953784362652067,-2.7210854726920486,0.6512820469777185,2.672226633263164,1
1,32,3347,3366,,,-3.065569596133826,-2.697565011742787,0.4509025965954783,2.893677290499141,1
1,32,3367,3386,,,-3.193784869215513,-3.018564648908024,0.3431346415822987,2.9703103993149025,1
1,32,3387,3406,,,-3.2504745211793398,-3.0190078973402428,0.3563220424497274,2.722946415429816,1
1,32,3407,3426,,,-3.336970513390773,-3.2629076259646648,0.343716618204351,2.8558974994243984,1
1,32,3427,3446,,,-3.373088504488314,-3.3150354187562687,0.3435355091568536,2.958078180043219,1
1,32,3447,3466,,,-3.31548949873111,-3.276739757836278,0.3372113686563056,2.9592634523118524,1
1,32,3467,3486,,,-3.2696914439905753,-3.1307335339614824,0.335517556737719,2.948455912453808,1
1,32,3487,3506,,,-3.2469435832056894,-3.1693371869129514,0.24565779756916442,3.0819533862412736,1
1,32,3507,3526,,,-3.155330161009862,-3.1225512725647246,0.1980896454591694,2.997572249940241,1
1,32,3527,3546,,,-3.090666751646855,-2.833656241350678,0.17945621294394787,2.891702269593845,1
1,32,3547,3566,,,-2.851740828960273,-2.7954537731401525,0.11956224819911446,2.8677752954343534,1
1,32,3567,3586,,,-2.7522115961800813,-2.706635029822805,0.06418817323641869,2.8209239522439997,1
1,32,3587,3606,,,-2.7811934826273856,-2.748561337135131,0.026631196493955473,2.7753553885226356,1
1,32,3607,3626,,,-2.803314485585403,-2.7199292791519354,0.09483706949148638,2.6064585509231843,1
1,32,3627,3646,-0.06541002111022429,0.0961807872240929,-2.098863220362431,-1.3344357266521107,0.15508091771316587,1.9756954525821542,1
1,33,2810,2837,-0.00598436776156667,0.0111567888097927,-0.9927197665061891,-0.946642500894196,-0.08376859101494935,1.2509144509524022,0
1,33,2838,2857,-0.005540746389176825,0.0075968487406021,-1.0217774913671371,-0.996777910303212,-0.07723953596297033,1.261180610380804,0
1,33,2858,2877,0.010046662369904476,0.0386713849548827,-1.11600403063904,-1.0242440069338845,-0.05064509228565025,1.0487994652270562,0
1,33,2878,2904,0.007622794477816265,0.0284930174430827,-1.0210677140667035,-0.7213888458603002,0.21507256210276499,1.0105474122335762,0
1,33,2905,2927,-0.00306568413272847,0.0252381524585058,-0.7769347225327905,-0.6258777965492135,0.30047837067876076,1.0048920774233934,1
1,33,2928,2947,0.004886258005959934,0.0232064476096969,-0.6649418736512411,-0.3773131547100319,0.33591045506438033,0.9234733237634016,1
1,33,2948,2977,0.01620964317787723,0.0254163965980071,-0.7349569857427333,-0.3638143188635752,0.27939400882801135,0.7981154201400551,1
1,33,2978,2997,-0.008786340756629568,0.0317541235892651,-0.7777507229453605,-0.6095083484575826,0.35728139463812647,1.0219941811728126,1
1,33,2998,3017,0.0027212214210467394,0.0186258457399796,-0.812586770184047,-0.6637318375279848,0.3650793108952855,1.5663474822006995,1
1,33,3018,3037,0.011557436226115596,0.0177566953744599,-0.6685733262701878,-0.6267590259936175,0.2919884324050391,0.9987942788390886,1
1,33,3038,3057,0.002094883133283383,0.0174944745168267,-0.6618934823243363,-0.5469822491210804,0.33192375925002787,1.0128110325543513,1
1,33,3058,3077,0.002265645057042385,0.0192947489705594,-0.951117389728519,-0.6794920020992042,0.23943510122772885,0.9672631449676503,0
1,33,3078,3097,-0.010896764969974826,0.0262948751517878,-1.291980479256428,-1.1978216328990556,-0.04599332364877715,1.1831631123837885,0
1,33,3098,3121,-0.018907190991042263,0.0295622104970201,-1.186669922734906,-1.0991764705882352,-0.04871850034407833,1.2838086091736183,0
1,33,3122,3141,-0.00454785074615168,0.0109794938197679,-1.11471580829636,-1.0647719636726758,-0.08161135801560236,1.2204427830858002,0
1,33,3142,3161,-0.010164115522586569,0.0150502020697444,-1.0689882983698737,-1.056537558559092,-0.07812130607672377,1.212813186857559,0
1,33,3162,3181,-0.007650833380433,0.0112921736873173,-1.0783040225261742,-1.0597474631886248,-0.07170450868445302,1.2285227677219597,0
1,33,3182,3201,-0.010339565095762135,0.0147138757579345,-1.084051941645418,-1.06484409655663,-0.06764898798061962,1.2398796266845227,0
1,33,3202,3221,-0.00914654051402717,0.0105936257697296,-1.0897261441884663,-1.073118773315153,-0.08615963875652057,1.2247084363547347,0
1,33,3222,3241,-0.008752051114346815,0.0113005235797226,-1.0695272126556516,-1.033634460259367,-0.08547848872276656,1.2401476237475388,0
1,33,3242,3261,-0.005876282366328145,0.0086750656858334,-1.003780845546433,-0.9885186988558036,-0.08019022735812982,1.2507841469143235,0
1,33,3262,3281,-0.0053755681051711295,0.0075205082939221,-1.0067536463229136,-0.9882783052368896,-0.07917676343714425,1.2292423048614458,0
1,33,3282,3301,-0.0018105053939473461,0.0028926613529987,-1.0439259316745328,-1.0097323402013478,-0.073585171699215,1.2508282121906646,0
1,33,3302,3321,-0.007337176971742405,0.0114170938092463,-1.0640255600747017,-0.9686184679090452,-0.057211562904660916,1.2805045978138245,0
1,33,3322,3344,-0.014903609974710161,0.0178539437835287,-1.0621037827217576,-0.9500278089172552,-0.05843130081231788,1.0318042192915189,0
1,33,3345,3364,-0.00350384197839909,0.0160744055803974,-1.2192685629224758,-1.0900396513539357,-0.02879248905877438,1.1888376556378126,0
1,33,3365,3384,-0.007325300338681655,0.0193451473352386,-1.1622244686470922,-1.0586614567036168,-0.004482426816533901,1.2580310127197216,0
1,33,3385,3404,-0.020205927767926145,0.0233172014066526,-1.0885768216646792,-1.0698888754730087,-0.008733229097729524,1.0632297914573647,0
1,33,3405,3424,-0.012892524548516953,0.0226809373153726,-1.1465378413049063,-1.0970437768832673,-0.013767868455752915,1.008307413012924,0
1,33,3425,3444,-0.014530292718350667,0.0207002775713176,-1.1379921805812456,-1.1102906673632158,-0.010403694123066364,0.9922472614631342,0
1,33,3445,3464,-0.010450680605212396,0.0166385296269155,-1.1518160993282298,-1.1200293400561614,-0.01778595681347881,1.003445029048829,0
1,33,3465,3484,-0.014147165272771229,0.0216507372052864,-1.1230601849197626,-1.0366735064128478,-0.006821188666084675,0.9717549188924268,0
1,33,3485,3504,-0.022967615771924563,0.0298381451218779,-1.0599802626078993,-1.0378412822796237,-0.02552399459744038,0.8819542481835428,0
1,33,3505,3524,-0.02558138081420694,0.029141208904098,-1.0751743702681908,-1.0246319833768476,-0.044938270337710924,0.9395909749407286,0
1,33,3525,3544,-0.02899420257980363,0.0310330472967856,-1.0374859581016906,-1.0239996430705711,-0.0389035570322487,1.101711890809526,0
1,33,3545,3564,-0.026406550413852915,0.0341174884817352,-1.0610159561270098,-0.9799550318479742,-0.04265655987696075,1.0433918615570392,0
1,33,3565,3587,-0.02373050420418859,0.0285659399202773,-1.170239660668936,-1.024013628782045,-0.0566338123606747,1.3311783301070375,0
1,33,3589,3610,-0.023219433506470377,0.0303488585380144,-1.1943544152991696,-1.0465630297704342,0.007831174202538786,1.262044931665085,0
1,33,3611,3630,-0.02185629453552968,0.0250813240164796,-1.066356384500427,-0.9860960441164408,-0.018309632570237745,1.2478697476099547,0
1,33,3631,3650,-0.021172694563973117,0.0253663720714869,-1.0209457332446374,-1.0024203660880044,-0.037781292744318004,1.2054108206062832,0
1,33,3651,3670,-0.02054460188112927,0.0236165580116125,-1.0064363750961007,-0.9830031075944629,-0.047865324741120104,1.2149606802571864,0
1,33,3671,3690,-0.019412116684494836,0.0241329721080055,-1.025263227966819,-0.9701804271223228,-0.05784529213445416,1.2372934902970427,0
1,33,3691,3710,-0.018513911055681787,0.0244714161049444,-0.9799525142660055,-0.954131346123958,-0.059489830500026784,1.1937752863079107,0
1,33,3711,3730,-0.019991622330006162,0.0276744483191957,-0.9932049707464479,-0.9689086130047414,-0.05540429004767113,1.1829953426029043,0
1,33,3731,3750,-0.023532414743984282,0.025891895612487,-1.0174217666204848,-0.9862528273541978,-0.049081252476703655,1.2077678382672234,0
1,33,3751,3770,-0.020697841304263952,0.0257277593736225,-1.1856232034590861,-1.0515849877054595,-0.03919876093707966,1.3600094193596624,0
1,33,3771,3790,-0.02334016407058581,0.0262022283653578,-1.2072210422212495,-1.182788782889843,-0.05127872443952419,1.340720029739827,0
1,33,3791,3810,-0.024502945140882547,0.0263428560616163,-1.212115056977403,-1.2039484243449603,-0.061813579824526885,1.3280440536798863,0
1,33,3811,3830,-0.023331921866700647,0.0245800327948439,-1.1908479637925378,-1.1701467543202315,-0.057971952660724045,1.3488929015108018,0
1,33,3831,3850,-0.015303623745795613,0.0245895840195969,-1.2443537236186875,-1.1941764682640172,-0.057313989760766196,1.3586755632589524,0
1,33,3851,3870,-0.009652609972935646,0.0130033425790961,-1.2437031590054273,-1.1597491584959252,-0.04819620688576247,1.3708864105937928,0
1,33,3871,3890,-0.0072473955690871405,0.0131103337657418,-1.1537833023501238,-1.1450287679031224,-0.04292515138061877,1.3288436697381378,0
1,33,3891,3910,-0.01130786075146077,0.0161779693068993,-1.2092812881697634,-1.1342469983882588,-0.03934907442585492,1.3648955277906858,0
1,33,3911,3930,-0.016848270127786946,0.0182207750282905,-1.2231212391783945,-1.2130967814122446,-0.03305754730469253,1.4027089359654612,0
1,33,3931,3950,-0.019854383826870846,0.0219547528140774,-1.2712985146836822,-1.2304023389639225,-0.01948434022497191,1.3974058310142594,0
1,33,3951,3970,-0.020620919725696636,0.0226111349383903,-1.2564398340485983,-1.2309658635821108,-0.01632618016820558,1.3693147308533713,0
1,33,3971,3990,-0.017100339097200525,0.0201626660147011,-1.241856706470005,-1.2226441351934196,-0.01182470872412163,1.3621038028382135,0
1,33,3991,4010,-0.018239647079718216,0.024938984169633,-1.2291298037986165,-1.177563928278822,-0.04189264973801258,1.393124544626047,0
1,33,4011,4030,-0.01047995200361612,0.0184647551654867,-1.098219958617999,-0.927639081293641,-0.025290542016949757,1.286920373499305,0
1,33,4031,4050,-0.014275790260984531,0.0189917075179359,-1.0294852160448988,-0.9883708120712787,-0.05196394659177991,1.1748854268754663,0
1,33,4051,4070,-0.014890587772841982,0.0170076495827175,-1.0453270024428245,-0.9898532111889056,-0.07554829229091665,1.4007526260109124,0
1,33,4071,4090,-0.015525350041868353,0.0172927416757273,-1.0802211081388369,-1.050918677044449,-0.05198413835589274,1.5115725822320254,0
1,33,4091,4110,-0.017560613495147866,0.0188995234937116,-1.0926245807533876,-1.0766603335480551,-0.015084545256294546,1.43126345605977,0
1,33,4111,4130,-0.019637752983031446,0.027659328041155,-1.05569386398322,-0.9794082404322968,-0.024166631454646002,1.3942670595579894,0
1,33,4131,4150,-0.019493167448554706,0.0276899368606134,-1.0434254430285321,-0.9901107631439624,-0.054986200455555787,1.4514891854840066,0
1,33,4151,4170,-0.006703933048018302,0.0169246753108836,-1.1392523683668603,-1.077632074841872,-0.031009313372218995,1.5412965279865622,0
1,33,4171,4190,-0.007684389673588189,0.01097372221217,-1.1668701670619916,-1.1315781988232707,-0.030007740499289875,1.5246188850307945,0
1,33,4191,4210,-0.00900246250635013,0.0125661119984446,-1.0797875988454373,-1.0054244752184145,-0.057697014357970845,1.4378376936882715,0
1,33,4211,4230,-0.00838181456095626,0.009963638160916,-1.1502574376904087,-1.0343459342367458,-0.04117380344322476,1.3679088407581816,0
1,33,4231,4250,-0.0066937105768656744,0.0088681947810355,-1.205465436692168,-1.1728790710361572,-0.026893236946807147,1.3409184672760541,0
1,33,4251,4270,-0.004157620032429204,0.0079374579939534,-1.2629884094655686,-1.2442849475778617,-0.014346709157845852,1.3504512298214373,0
1,33,4271,4290,-0.0026503756345508797,0.0062703459491014,-1.254040795605507,-1.2218317877862763,-0.012233374999758597,1.3544908892344085,0
1,33,4291,4310,-0.0010524795393821065,0.0040018864759474,-1.2010621333417522,-1.179809245771949,-0.019742273459427327,1.3888852326217191,0
1,33,4311,4330,-0.008210899334895291,0.0133555928447076,-1.2008919661963129,-1.1647364549810435,-0.013982744622594611,1.3849202613182212,0
1,33,4331,4350,-0.013064609270284144,0.0156357673419943,-1.1706300366196298,-1.1496972717974971,-0.006916824957315691,1.356906909439833,0
1,33,4351,4370,-0.012213447868914559,0.0155038820563848,-1.157058718895825,-1.1390274206455653,-0.010798071156283406,1.3198905608797786,0
1,33,4371,4390,-0.014145393539159714,0.0188308946594165,-1.1803681166873923,-1.1528020450749084,-0.024596643776044348,1.2794485220344458,0
1,33,4391,4410,-0.0134165434875874,0.0182185653603321,-1.1438110091259515,-1.0825686270788517,-0.028131515869284973,1.264712205840451,0
1,33,4411,4430,-0.010539421911801,0.013274455130029,-1.1887157867877272,-1.1390595598751356,-0.048539216264160114,1.3181599198334195,0
1,33,4431,4450,-0.010900143053559741,0.0145983516656569,-1.184270101744206,-1.153061390033468,-0.03640744707436509,1.3040916002081986,0
1,33,4451,4470,-0.008363904639677311,0.0129088943421481,-1.1540333452836946,-1.114750066224394,-0.03927492283862676,1.3293182998710305,0
1,33,4471,4490,-0.006379307789325199,0.0105132439980336,-1.1527388964225949,-1.0959882248779145,-0.06554397304981781,1.1590157472140468,0
1,33,4491,4510,-0.012813610029909406,0.0238947256049844,-1.1462103197699218,-0.9982954632838744,-0.06276706686605008,1.163619138568698,0
1,33,4511,4530,-0.0139958846022803,0.021056111577869,-1.1339517118441207,-1.0698163011773651,-0.0575820385983188,1.375682949302853,0
1,33,4531,4550,-0.013267595028984414,0.018618801451034,-1.137353659055932,-1.1081934089121457,-0.049086398903154985,1.2613746762206774,0
1,33,4551,4570,-0.003695867881113761,0.0165334996714791,-1.1392070173041144,-1.1221487725243982,-0.05078982520176665,1.2397151981230976,0
1,33,4571,4590,0.000529584745317025,0.0055962345079822,-1.1261044037826546,-1.1053397887433731,-0.04312822194798631,1.2408044867356285,0
1,33,4591,4610,0.0004368820383775352,0.0034846379065059,-1.1035963952014702,-1.0692822338357444,-0.04135555520437398,1.2106329288765043,0
1,33,4611,4630,-0.0023211726758045298,0.0030894952505122,-1.1271940331984633,-1.1095438033632474,-0.029489370703038153,1.2531365627542035,0
1,33,4631,4650,-0.0022032971499429998,0.0046095539842311,-1.1078229239115722,-1.0677643317980452,-0.030988911730040463,1.2953000959702876,0
1,33,4651,4670,-0.0014024562811128048,0.0068564393592839,-1.1449168572957904,-1.0753459712382316,-0.031081603976207024,1.2536184994691093,0
1,33,4671,4690,0.00287690293381206,0.0109870114027471,-1.2454066139307727,-1.1419759985252875,-0.03347667114000864,1.2552512961239235,0
1,33,4691,4710,1.6547766291914995e-05,0.0138223376955315,-1.2097852983720592,-1.051341724776701,-0.052543466263573445,1.2272493166700529,0
1,33,4711,4730,-0.011020287840071526,0.0154125933178152,-1.0886304890320286,-1.050500438152959,-0.03356927307601394,1.3608767288329406,0
1,33,4731,4750,-0.0068660472854573315,0.0114332726177014,-1.1584161595654232,-1.085212362018105,-0.06036135032413018,1.2408086085496655,0
1,33,4751,4770,-0.009580011600197984,0.0125786683763225,-1.1577534433282737,-1.1222464068186238,-0.03701917708471831,1.2831905362112948,0
1,33,4771,4790,-0.012347225422876149,0.017118657586422,-1.2251466682604493,-1.172995714146989,-0.03130445911189854,1.2619931768061359,0
1,33,4791,4810,-0.009579645515098096,0.0141938553685243,-1.2057094503742478,-1.191248091023608,-0.0237057570549163,1.2958187312715794,0
1,33,4811,4830,-0.004509689924601551,0.007458237927507,-1.192901533939817,-1.1852582773728846,-0.04046709276079365,1.3241257936461834,0
1,33,4831,4850,0.001532250059409325,0.0047134740343948,-1.1925811087793214,-1.1170352934336327,-0.03760665930432744,1.3146932486112497,0
1,33,4851,4870,-0.001453061114977316,0.0030703713223646,-1.1382890435382735,-1.0965294656269515,-0.03645403891863779,1.2881992856108746,0
1,33,4871,4890,-0.002968331247547015,0.0052687443506224,-1.1960655570529575,-1.1247424926388685,-0.015962980848254156,1.3396480520138199,0
1,33,4891,4910,-0.003348703877414905,0.0104062129190439,-1.2430588374820046,-1.232242643434584,-0.02407797514884679,1.3011344486813574,0
1,33,4911,4930,-0.011371065757878916,0.0154076231596637,-1.2663514175726367,-1.2376887614641536,-0.010630662854848795,1.3000457513383323,0
1,33,4931,4950,-0.017605104539357423,0.0240463320984405,-1.2956199151487469,-1.2864943177677388,-0.006111552138365135,1.3251920805428132,0
1,33,4951,4970,-0.025935991726899005,0.0289534698563626,-1.2923954727161466,-1.2767813507100612,-0.00584279615623848,1.3453303247427573,0
1,34,2865,2884,0.005394906717665244,0.0305821028456903,-1.2282108552284934,-1.0515852643914052,-0.006918036404448412,1.0894704913668858,0
1,34,2885,2906,0.00991494566802786,0.0306837672892629,-1.1704626718829103,-0.8149871613859873,0.18258026654797002,1.1304195704821232,1
1,44,3564,3585,-0.03177740224732412,0.0370190563223179,-1.1067950602024437,-1.0420690693514252,-0.021176076041863872,1.1439183509644937,0
1,44,3586,3632,0.01911247383060309,0.0854270788421577,-1.5322605986281912,-1.0521781723680743,-0.15877487178117186,1.1433413304587878,0
1,44,3633,3652,0.004569213873203015,0.0181186606507529,-1.0120594751418361,-0.9440832698584718,-0.19496039880504581,1.1765055679209617,0
1,44,3653,3672,-0.0004179322781270449,0.0036075509086349,-0.9684473411221497,-0.923192998699478,-0.16439302949401532,1.1595464512534153,0
1,44,3673,3692,0.0057686450687781405,0.0106001597653207,-0.9307789902443752,-0.9074642698508528,-0.15987488867450514,1.1423344029419114,0
1,44,3693,3712,0.01342447913765949,0.0232537009646877,-1.0153520105434024,-0.9627558884536118,-0.14300787076130833,1.1545177135361846,0
1,44,3713,3732,0.02348588363623946,0.0277844060457563,-1.0423057617694416,-0.9904354212112146,-0.15929617561928192,1.285815261441697,0
1,44,3733,3754,0.0511413022899891,0.06113151215277,-1.2695186744056026,-1.0045721193159598,-0.18514368706241735,1.1184150958774097,0
1,45,3656,3675,-0.02596527865316261,0.0321567142734573,-0.9752998227259898,-0.7346922231885963,0.13885967209034308,1.1405700228719848,0
1,45,3676,3695,-0.028833393737812175,0.0324787780355955,-0.6679991943786693,-0.6167943269590669,0.10961292754261454,1.1298086529212217,0
1,45,3696,3715,-0.027499600698425136,0.0303951920754563,-0.6610108932934137,-0.636411012489268,0.07702329950001943,1.1520586082993107,0
1,45,3716,3735,-0.02835555868585401,0.0304234614385058,-0.7407784701254085,-0.6721138911884831,0.051081792753294095,1.1343843586002953,0
1,45,3736,3755,-0.024937496459835534,0.0304511585909358,-0.7595414978590538,-0.713907851768071,0.046655151270892495,1.1336134074393134,0
1,45,3756,3775,-0.02858477685621824,0.0387011610134061,-0.6551750947106058,-0.626246358634207,0.043333107574164476,1.1068256667647476,0
1,45,3776,3795,-0.028944137281228154,0.0418679003562291,-0.6853606858260488,-0.618972447987992,0.06082282504896398,1.0592387112585722,0
1,45,3796,3815,-0.025230518575239308,0.0301734030116924,-0.5662646901159436,-0.4727350748141897,0.12305094202048603,1.073348956343889,0
1,45,3816,3835,-0.020909012993094778,0.0292703632492449,-0.5183818602734694,-0.3971130211303073,0.09015221125491668,1.0752561850809141,0
1,45,3836,3855,-0.02387156636782211,0.029863182856331,-0.6239931977489739,-0.4892433441595096,0.0026789640703376205,1.2043496934104612,0
1,45,3856,3875,-0.02253511162105346,0.0249832232784354,-0.6360099469444626,-0.6002144835929447,0.0077455687182319795,1.2119900813818076,0
1,45,3876,3895,-0.02510424714871038,0.0270549123355306,-0.587484350687454,-0.5622693115411881,0.020401336433742864,1.250459086209424,0
1,45,3896,3915,-0.023577717627721418,0.0255531011796543,-0.585526083494752,-0.5607606504502083,0.023017983371052913,1.2178741522198022,0
1,45,3916,3935,-0.02333368592709393,0.0248744448716857,-0.586166652111441,-0.574437937203228,0.02153539760965115,1.2159312842119383,0
1,45,3936,3955,-0.02948254867099237,0.0328884109386374,-0.5831136109852406,-0.5634779468088998,0.019154103831399965,1.2369654185047498,0
1,45,3956,3975,-0.04491054883892582,0.0686242967574758,-0.6874386450765824,-0.2676925631476477,0.06948487342108406,1.205388604593338,0
1,45,3976,3995,-0.02984573657159873,0.0383566064026832,-0.7588364710539576,-0.6984951567599518,-0.0017791333871752199,1.161650671579225,0
1,45,3996,4015,-0.032253503921140986,0.0380750413957812,-0.7299057111417936,-0.7109815959812397,0.0008018248681263054,1.1795767058713869,0
1,45,4016,4035,-0.03014926772633695,0.0337212825494145,-0.8437033885692685,-0.7677541119934913,-0.008589358697888693,1.199592202148918,0
1,45,4036,4055,-0.016403466286160427,0.0296221705011752,-0.8157813181827075,-0.7705518534787776,-0.0458489826132772,1.1848713391890597,0
1,45,4056,4075,-0.02760796106391076,0.0310622264572684,-0.8065387160635853,-0.7727019801231909,-0.07741631388210049,1.1865052045866455,0
1,45,4076,4095,-0.01453859494136946,0.0291847718290116,-0.855391752085545,-0.8270943443273119,-0.07613142157665688,1.1880247560660862,0
1,45,4096,4115,-0.00850880556419414,0.0130241790451682,-0.8589513289415436,-0.847480811384521,-0.061200193919023316,1.178150720060741,0
1,45,4116,4135,-0.015206428544492445,0.0286418219192339,-0.8687499144214833,-0.8501332262968213,-0.06922048842826492,1.1643021824131936,0
1,45,4136,4155,-0.026475544448518788,0.03471989201391,-0.82484721090908,-0.7859256550496057,-0.07759428904885458,1.1806899192396352,0
1,45,4156,4175,-0.03532555202065025,0.0428344549620407,-0.8303999570045997,-0.7990149210027118,-0.04245598537727359,1.1556638084738202,0
1,45,4176,4195,-0.04677683829563743,0.0550023050546314,-0.8414481136237315,-0.7384009969369225,-0.046433924348288046,1.1805805189428764,0
1,45,4196,4215,-0.02600215560759519,0.0500561673156091,-0.8827476107074224,-0.8275177852230092,-0.07728368992935145,1.1838274638924682,0
1,45,4216,4235,-0.025552877756314367,0.0277455669744864,-0.8654780917444365,-0.8283196997536728,-0.08446338255015852,1.2100820263819025,0
1,45,4236,4255,-0.030307753306182895,0.0405721080633429,-0.8918078638914974,-0.8675805221201905,-0.06724067495711246,1.1987027978691283,0
1,45,4256,4275,-0.03453774911272537,0.038910300513676,-0.8568775335451166,-0.8144665901826332,-0.13098589652598291,1.2337557867451983,0
1,45,4276,4295,-0.03321006040871034,0.039304431805843,-0.8814741635740703,-0.7486406998276801,-0.09065979249724432,1.169410216791288,0
1,45,4296,4315,-0.023067862453908062,0.0395234359717917,-0.7661705508392697,-0.7465159239335957,-0.11100888176071502,1.1854046887016687,0
1,45,4316,4335,-0.023105395810800275,0.0278860537986696,-0.8460636096635566,-0.7453264643267975,-0.12386086011517428,1.1628686172555907,0
1,45,4336,4355,-0.031119756824776683,0.0366176317524199,-0.8682249397765316,-0.7748705322330096,-0.0844449318163648,1.2104734703856437,0
1,45,4356,4375,-0.040740167744566166,0.0504002732516659,-0.8816824591961308,-0.8478265583831199,-0.07489491754993163,1.2395631725009688,0
1,45,4376,4395,-0.04028848796252395,0.0435388844838745,-0.9290678102830261,-0.905248826360191,-0.028285461854981875,1.170691482529253,0
1,45,4396,4415,-0.03979876832862248,0.0449049572852867,-0.934455787508298,-0.8857360133199375,-0.05158466363020616,1.198910088443109,0
1,45,4416,4435,-0.03344458894473802,0.0377738667635166,-0.8857153754985452,-0.8482954105263157,-0.003740431380196224,1.2041190152345809,0
1,45,4436,4455,-0.03229391954816512,0.0379142364861213,-0.9104052217207939,-0.8704051824810191,-0.05541790272962767,1.1586533223944668,0
1,45,4456,4475,-0.025262878867640802,0.0289633711610484,-0.9002529713931189,-0.8578842245124672,-0.13124290025055593,1.1394897114305695,0
1,45,4476,4495,-0.028858034042951362,0.036286662457177,-0.8192328428267471,-0.7184126007369942,-0.16068594467631897,1.1681322808774641,0
1,45,4496,4515,-0.02452254620007029,0.0319577571248126,-0.7171508876140409,-0.6751811428633515,-0.24375176806052604,1.253519350582958,0
1,45,4516,4535,-0.031060068228676324,0.0400660751186684,-0.7081323253495299,-0.6457353167690818,-0.18794152197498837,1.2190163129014235,0
1,45,4536,4555,-0.03444126876754018,0.0394185247342763,-0.7988308233296795,-0.7469084747293001,-0.1840569050716786,1.2462461337684811,0
1,45,4556,4575,-0.025848048414694624,0.0347950165725836,-0.8988945971920481,-0.8071719323651317,-0.09391340238946413,1.1918689867208276,0
1,45,4576,4595,-0.025265548712918456,0.0288221324061771,-0.8613053561837896,-0.7806853863477662,-0.08839113386327897,1.1538161089015158,0
1,45,4596,4615,-0.028867102816010636,0.0351906816702189,-0.8654660715025335,-0.7898334988050248,-0.09194547203158246,1.2038704706508794,0
1,45,4616,4635,-0.024348636168192203,0.0319435820277671,-0.8972512747436088,-0.8713712409277021,-0.05293750340446653,1.1954695623487976,0
1,45,4636,4655,-0.016832709056259332,0.0199489919024963,-0.8362390089309729,-0.7810262906125857,-0.04457455292466773,1.1867586249433948,0
1,45,4656,4675,-0.016838788850750297,0.0204611391540388,-0.6774132115130493,-0.6130947393333099,-0.058377924741519815,1.215392862001195,0
1,45,4676,4695,-0.022859094859141497,0.029152664202533,-0.7831464948435782,-0.6022425021812478,-0.0605920773019266,1.2096453328647137,0
1,45,4696,4715,-0.028029457352308062,0.0370252027767301,-0.8187873584942611,-0.7726347132589988,-0.042132905439942143,1.2016627592723945,0
1,45,4716,4735,-0.029990070966040172,0.0352386168596894,-0.7462628708028133,-0.7266994272704455,-0.06365386316639568,1.1763969847617757,0
1,45,4736,4755,-0.031225581352165736,0.0347809098129405,-0.7743641523527214,-0.7534081935697037,-0.059242734716514346,1.1770607816299443,0
1,45,4756,4775,-0.02364354750197147,0.0284730338717529,-0.7383902360290184,-0.6743287637318166,-0.023566118796021558,1.2017659563392307,0
1,45,4776,4795,-0.03255515967029084,0.0373750049146167,-0.6999476986292972,-0.6423704170718283,-0.05704450215237816,1.2175835449511048,0
1,45,4796,4815,-0.026112281403845035,0.0361624539119708,-0.8295614923229682,-0.7312900375879462,-0.041980119527126054,1.23137274149942,0
1,45,4816,4835,-0.027300051173564245,0.0290646335987203,-0.8519163052064179,-0.8133717840244596,-0.045966326367419805,1.2090820118777503,0
1,45,4836,4855,-0.03312792169195531,0.0390309309120007,-0.8252982676266445,-0.7726880093124127,-0.054773207950563715,1.1773824535775037,0
1,45,4856,4875,-0.03494811560493062,0.0382398658623359,-0.8585491354993199,-0.8353884953921288,-0.09147847986445909,1.1264137906515201,0
1,45,4876,4895,-0.03825981733342986,0.0403119015047879,-0.8777059128766558,-0.8515008516897435,-0.10693748760672397,1.1425028368900627,0
1,45,4896,4915,-0.036643395656472934,0.0397988598219678,-0.8455348793535867,-0.8166425828892221,-0.09606733112366228,1.151721367688016,0
1,45,4916,4935,-0.02602102635971083,0.0358900758157891,-0.8134076045854574,-0.7464397438666497,-0.07242343898869966,1.1768875087673087,0
1,45,4936,4955,-0.019832072028842993,0.0234813520258453,-0.8030545486919454,-0.7885245880516455,-0.05555952202335175,1.1726053616792051,0
1,45,4956,4975,-0.02149234651558433,0.0249473982109239,-0.8094454792746413,-0.7765542637552921,-0.0718814850440804,1.1931560298846562,0
1,47,3750,3770,0.07029325341587726,0.0890946327314536,-2.2885328902135007,-1.4905607974982946,-0.02762746967865535,1.5127619527806513,0
1,47,3771,3790,,,-2.5810617137509833,-2.475716382121768,0.9769310098790458,1.6764572012680499,1
1,47,3791,3810,,,-2.5646123648265116,-2.526670562341884,1.132352698839512,1.5674972063170391,1
1,47,3811,3830,,,-2.5021231101744066,-2.4376733289663286,1.125578465373533,1.5483957636886267,1
1,47,3831,3850,,,-2.4361148632019214,-2.3574009471102157,1.0882393876297471,1.5663228604639727,1
1,47,3851,3870,,,-2.3557396651127793,-2.331883741044209,1.0851343841720802,1.5733133746458126,1
1,47,3871,3890,,,-2.3380364795313797,-2.318745918205852,1.0765711451790088,1.5834837604591079,1
1,47,3891,3910,,,-2.313810186123084,-2.2734561689699158,1.0918403863087889,1.6077537191959397,1
1,47,3911,3930,,,-2.1971497939788276,-2.142949271410855,1.0815648830157927,1.7867828391755314,1
1,47,3931,3950,,,-2.2923140025223234,-2.1818515237982923,1.0827798960266226,1.6947508541543557,1
1,47,3951,3970,,,-2.3947165441226868,-2.372403467993558,1.1173419353431984,1.6756736012802271,1
1,47,3971,3990,,,-2.408130449038042,-2.345668960115857,1.0859534891960916,1.663506640183335,1
1,47,3991,4010,,,-2.354519191920266,-2.198549878185564,0.46661512217264745,1.74580735885186,1
1,47,4011,4030,0.06084710532011196,0.092055685142915,-1.7774832884733265,-1.202620930827098,-0.37007614230266533,1.0485428428919417,1
1,48,3753,3778,,,,,,,0
1,48,3779,3811,,,,,,,0
1,50,3901,3920,,,,,,,0
1,50,3921,3940,,,,,,,0
1,52,4032,4051,0.017499433841874117,0.0341041701564556,-1.1479755210373406,-1.0577017080650526,-0.3078070398603886,1.050953280219074,0
1,52,4052,4071,0.007954107764241486,0.0172644909231753,-1.1024346080944711,-1.0032057710166395,-0.1711096997970707,1.1253317347221714,0
1,52,4072,4091,0.01290002063572811,0.0188059730181118,-1.0430940329496203,-0.9923517769006645,-0.08263972918096578,1.1169044048201573,0
1,52,4092,4111,0.00882006571692175,0.0112179155220133,-1.1340283875408024,-1.0993937711186117,-0.037910914423060625,1.1121119690468801,0
1,52,4112,4131,0.011328617217850914,0.0127111055239873,-1.124195681164681,-1.0701828268442266,-0.0693712619162651,1.1456690746071305,0
1,52,4132,4151,0.013048290028203766,0.0174315727129348,-1.1201161903576238,-1.085875210299173,-0.0653757589282867,1.1333491108268028,0
1,52,4152,4171,0.0035899469314692803,0.0106174553990051,-1.112783453905853,-1.095068352688104,-0.08250706588553769,1.139603592769046,0
1,52,4172,4191,-0.004326644538235075,0.0095470328804557,-1.1318584667816842,-1.0897243005719848,-0.1324655954983653,1.1998275407826404,0
1,52,4192,4211,-0.01513356953504981,0.0483640722360623,-1.0955056749245238,-0.9776267482154772,-0.18080468315633938,1.1219934940996112,0
1,52,4212,4231,-0.06977158445581716,0.1151701368990074,-1.4396639215042477,-0.984247133258601,-0.9948979197290392,1.8623097091026015,0
1,52,4232,4251,,,-0.8305501979681263,-0.0179523358903264,-2.031711780897958,1.4832354643939953,1
1,52,4252,4271,,,,,-1.9033406744645474,1.2939876424763503,1
1,52,4272,4291,,,,,,,1
1,52,4292,4311,,,,,-1.557961291790043,1.5634196630644959,1
1,52,4312,4331,,,,,,,1
1,52,4332,4351,,,,,-1.4401559558257975,1.5521184548423368,1
1,52,4352,4371,,,,,-1.6232856505761983,1.3809558072606731,1
1,52,4372,4391,,,-0.1977575176472522,-0.1977575176472522,-1.905305209424015,1.5564394062946323,1
1,52,4392,4411,,,,,-1.9049817578753896,1.5217123209567602,1
1,52,4412,4431,,,-0.26009640808892254,-0.1962728409206285,-1.9337404150381563,1.5365059058906603,1
1,52,4432,4451,,,-0.3799269292490317,-0.222339451963745,-1.9062626791406203,1.394837580573111,1
1,52,4452,4471,,,,,-1.8255460021835013,1.1239462216486995,1
1,52,4472,4491,-0.06239960500515469,0.1022190285925874,-1.1442990358598624,-0.8821132085180604,-1.4000389049011794,1.4238867563672017,0
1,52,4492,4511,-7.62715393507348e-05,0.0216702413306777,-1.2020252616297418,-1.0250947418777256,-0.27690937565161217,1.3902078135309848,0
1,52,4512,4531,-0.0034952102878502956,0.0109029749623788,-1.1783998342915312,-1.0892799167460032,0.012515482111132245,1.2032613778154375,0
1,52,4532,4551,-0.0012932123698562565,0.0071089933466244,-1.2396284441641845,-1.1541498990120298,-0.04146060943837124,1.1045194405983862,0
1,52,4552,4571,-0.00555819350214659,0.0080736117764251,-1.2297531710149705,-1.202718895634482,-0.07261727813789563,1.0770403796483754,0
1,52,4572,4591,-0.0024201398206674697,0.0049459332532956,-1.2254444449423059,-1.18549961159172,-0.09073989874733593,1.0520499757562187,0
1,52,4592,4611,-0.0002963221267239291,0.0037081809135376,-1.2532997742865224,-1.2180770104256422,-0.09309742051368775,1.0764560913976131,0
1,52,4612,4631,-0.000265046462699465,0.0030669248126575,-1.2866421831153358,-1.2335411362665958,-0.08239152060632313,1.0637752185476503,0
1,52,4632,4651,-0.0006410353001567885,0.003357268534729,-1.2427317564597264,-1.216010886444861,-0.08639080438310806,1.0622951096592383,0
1,52,4652,4671,0.0030516039985299497,0.0068139954492528,-1.2791836202205675,-1.2516172213016998,-0.09261180335057574,1.0542738075439706,0
1,52,4672,4691,0.001093776849771305,0.0086939949607429,-1.2579011231900257,-1.2103826635193229,-0.09357823757722278,1.0714915918442902,0
1,52,4692,4711,0.00450409104973812,0.0102328495003387,-1.264839336361802,-1.190277611197481,-0.07430642820720021,1.038210410360342,0
1,52,4712,4731,0.009374236314005762,0.0140686298391826,-1.24963470410363,-1.2102767918805912,-0.06065470041372323,0.9855773282356335,0
1,52,4732,4751,0.013868048427516322,0.0215669010861438,-1.244319734596386,-1.1537768622972644,-0.08162488405885897,0.9795767398366346,0
1,52,4752,4771,0.00843695151158851,0.0105510642908339,-1.224801031712017,-1.20207460193945,-0.0718757865750249,1.0503468948821257,0
1,52,4772,4791,0.012507319061937031,0.0143510253483621,-1.243690755838084,-1.1916031446824125,-0.0669854778332555,1.060885660774884,0
1,52,4792,4811,0.012892237054637903,0.0164763828053521,-1.2548643974601439,-1.206455900645062,-0.07946009824944777,1.0833588667690361,0
1,52,4812,4831,0.01558528712809366,0.0224505290542337,-1.2405827795315247,-1.2034513799842264,-0.06862863533124854,1.0807517376410423,0
1,52,4832,4851,0.015602795490500445,0.020487463764028,-1.2630371504637041,-1.200425945606513,-0.07299220595896859,1.0354321731296117,0
1,52,4852,4871,0.01070083641222214,0.0150361110785465,-1.3274993671830697,-1.221033133505962,-0.08880294278907105,1.052698904156272,0
1,52,4872,4891,0.0125016300317564,0.0167759402520015,-1.2012437980372812,-1.0677747930443429,-0.10101032747196961,1.1131556374126412,0
1,52,4892,4911,0.01876288531335825,0.0235207438905648,-1.2186618004842642,-1.1526222321157145,-0.11315173363160987,1.157420650890265,0
1,52,4912,4931,0.017386586304431514,0.0208132217243571,-1.264284442343722,-1.1968813774009406,-0.10114377105605887,1.1330838479625993,0
1,52,4932,4951,0.018980350667254474,0.0260549405048147,-1.2581077259711455,-1.2078095385859111,-0.09341440950100105,1.1016365128778691,0
1,52,4952,4971,0.01896440835009685,0.0219509105957826,-1.278435755814472,-1.189658159974181,-0.11010938308356717,1.093978829558607,0
10,0,1,20,0.008468219617919982,0.0130200374896021,-1.2155498420073614,-1.1792760950383487,-0.0018466710376036015,1.426875045497988,0
10,0,21,40,0.00652473125775725,0.0126482213438735,-1.1688879326630652,-1.13270116622967,-0.006026339393162242,1.4024807605606626,0
10,0,41,60,0.007171164550385495,0.0124912216396112,-1.1746411432434094,-1.1566237323615158,-0.007722752130025046,1.40706891966596,0
10,0,61,80,0.005825024329055466,0.01181014418608,-1.1567433604976425,-1.143221994760037,-0.0027702569608613905,1.3588645331566602,0
10,0,81,100,0.022737440246512725,0.0589506311975265,-1.3778274122882752,-1.152775083804068,-0.04505904641393039,1.3747255728249557,0
10,0,101,120,0.07265332490611542,0.0829929721468853,-2.841315013658176,-1.9447061913041803,-0.3017347015067829,2.1098006474895104,0
10,0,121,140,,,-3.5946004221411574,-3.198394827369625,-0.08399879494691062,2.2330434086132795,1
10,0,141,160,,,-3.6746684912534406,-3.06578921280042,0.5682617313357553,2.0013419492053783,1
10,0,161,180,,,-3.909425020341454,-3.420226189250256,0.9313120899489068,1.7978099287208813,1
10,0,181,200,,,-3.6624328594451314,-3.349156371006764,0.9213552669712574,1.6662819667447077,1
10,0,201,220,,,-3.758389609270998,-3.658799362790308,0.9164040568633117,1.7029070959651338,1
10,0,221,240,,,-3.7184100894005594,-3.631742884705782,0.9403368955345528,1.677634771635678,1
10,0,241,260,,,-3.732186404415986,-3.6644426923478703,0.8724787243534164,1.7258563545853616,1
10,0,261,280,,,-3.7427226259084243,-3.603725152670192,0.8365560376455672,1.7395377206286529,1
10,0,281,300,,,-3.692368652545788,-3.522152488608976,0.8159347089921539,1.743685951633605,1
10,0,301,320,,,-3.3865543417976043,-3.278740027610662,0.7211183017545155,1.6782224049755796,1
10,0,321,340,,,-3.634363311803159,-3.3694209080254387,0.6640550516457092,1.765417877461466,1
10,0,341,360,,,-3.7227505155782366,-3.654961294262336,0.7019016736517553,1.7873439074396757,1
10,0,361,380,,,-3.773034097713002,-3.5431913189098734,0.7564552020507858,1.8176848736410929,1
10,0,381,400,,,-3.6015220568841793,-3.473544550618271,0.7571774521929081,1.7069257297384417,1
10,0,401,420,,,-3.480113154382887,-3.4427356718900097,0.8722710708087454,1.6028718067717438,1
10,0,421,440,,,-3.598687776488729,-3.49575142757757,0.8338319533299312,1.6411728003853354,1
10,0,441,460,,,-3.820640976644864,-3.7408464267015487,0.8178602951352637,1.7675854983645167,1
10,0,461,480,,,-3.846421697747722,-3.635145041494252,0.7607779217517614,1.8533498937782689,1
10,0,481,500,,,-3.9926474920389436,-3.856165138315825,0.8255256992947736,2.018505854260761,1
10,0,501,520,,,-4.004095079154828,-3.731020541711644,0.5254782158315642,2.055376178943506,1
10,0,521,540,0.057090797252674665,0.0689909894725255,-3.125828532564942,-2.003101000511989,0.14037289864007726,1.9999465640239653,1
10,0,541,560,0.024054978056836256,0.0395552146751151,-1.6222137612063172,-1.3891745304759424,-0.09867153672246817,1.3355820248079542,0
10,0,561,580,0.021748226936616353,0.0328863788182425,-1.292466546306642,-1.1583144485350283,-0.08545245651736418,1.351947174306534,0
10,0,581,600,0.00988824614697799,0.0177815282134437,-1.0907411730431145,-1.0004174266719266,-0.021727062829816485,1.3451359620341674,0
10,0,601,620,0.0019383028325725051,0.0181420020624127,-1.0216092886254704,-0.9429973885989344,-0.022416352026895868,1.2996850259582944,0
10,0,621,640,-0.001415953700948237,0.0061208299657719,-1.0681919752634177,-1.0413956247579357,-0.01675470859044801,1.3194474726556178,0
10,0,641,660,-0.00013935174583499995,0.0032779861367891,-1.070732317053782,-1.0118766043254306,-0.028645806492193802,1.3191562864795006,0
10,0,661,680,0.00012758277791583,0.0060718988348115,-1.1155927483369577,-1.0665351013839242,-0.02313049659776191,1.2816264672747044,0
10,0,681,700,0.008488906726994717,0.0150531352520445,-1.095725907372378,-1.0463491861620131,0.003654190656452075,1.2984060181366033,0
10,0,701,720,-0.000302579416444245,0.0039294582346529,-1.119576548227445,-1.068743093162001,-0.028001748081460824,1.295146590559263,0
10,0,721,740,0.021521805078626104,0.0451351628722187,-1.3208500054885697,-1.1194567243938345,-0.055442687076024844,1.305981587781255,0
10,0,741,760,0.05256333687564474,0.0594187399808821,-2.2897511783618407,-1.713613395189601,0.008158236410107267,1.6096787807463138,1
10,0,761,780,,,-2.7904859209814044,-2.596497961447825,0.5162907349975303,2.0588884484497014,1
10,0,781,800,,,-2.988494714330077,-2.8794142186312026,0.8732992826501551,1.8855155917166098,1
10,0,801,820,,,-2.927384979335156,-2.881780228036737,0.9599248295889875,1.917932752278873,1
10,0,821,840,,,-3.012354177856996,-2.95447526761787,1.0581635606562414,1.9219453775077917,1
10,0,841,860,,,-3.0960483725447676,-3.0345183073358863,1.01158506217948,1.9811366183778845,1
10,0,861,880,,,-3.0407314782605384,-2.9897625320728074,0.988613127406594,1.9785144656199702,1
10,0,881,900,,,-3.1052738947444296,-3.0263260601591684,1.0210154490546468,1.9422426507809156,1
10,0,901,920,,,-3.116117522807544,-3.048311614228615,1.099175368864777,1.9090253563140673,1
10,0,921,940,,,-3.0602266183989686,-3.004001059599404,1.1063887258090028,1.8478941979236414,1
10,0,941,960,,,-3.1138913763000216,-3.032715246250569,1.0974404932415065,1.8650618270747779,1
10,0,961,980,,,-3.1906593196043826,-3.167687527358466,1.0875310231370547,1.8953754034751842,1
10,0,981,1000,,,-3.1973602453980234,-3.167257153980923,1.0643487981194464,1.9293809287752661,1
10,0,1001,1020,,,-3.16220871553496,-3.1145427845324467,1.0366825309435055,1.91851832587458,1
10,0,1021,1040,,,-3.169847886175497,-3.14415985582648,1.027547623466957,1.944852157260696,1
10,0,1041,1060,,,-3.2123746747976236,-3.179329081103425,1.0330676953368587,1.9268221198953062,1
10,0,1061,1080,,,-3.1589483872188433,-3.1287002286623253,1.0556004500861493,1.940184324424854,1
10,0,1081,1100,,,-3.116759179028443,-3.088525869519835,1.0331650600482902,1.947839394150766,1
10,0,1101,1120,,,-3.0995947047939927,-3.0574200415278043,1.0170319195765853,1.9531668235142743,1
10,0,1121,1140,,,-3.058291830306885,-3.0133937843820284,1.0146828912486352,2.007855838297158,1
10,0,1141,1160,,,-3.0219915465777896,-2.9702753593247357,0.8292512845196406,2.0104106905079053,1
10,0,1161,1180,0.07866813804717561,0.0927923048005345,-3.1465803700277655,-2.71062194051735,0.5194453802553123,2.0849487761464345,1
10,0,1181,1204,0.0241995816367171,0.0522114015590577,-1.872127417520629,-1.5692313428550464,-0.12320511905150075,1.7204300907634902,0
10,0,1205,1227,0.00541068582783887,0.0151437658829734,-1.6169974320066838,-1.4722696752029982,-0.13002195170233827,1.2039641777621999,0
10,0,1228,1255,0.03783803062550208,0.0522583561628913,-1.6564679123978265,-1.5763374957921934,-0.09391219072863635,1.1734759360040647,0
10,0,1256,1275,0.04342169294170163,0.052915774714572,-1.652143396815438,-1.5955162017512243,-0.08980412041319731,1.185299105752448,0
10,0,1276,1295,0.03350298536976197,0.0409300850259087,-1.6472703500693922,-1.5715467932020606,-0.10389355570049011,1.2173956073881338,0
10,0,1296,1315,0.030652008669456582,0.0343162808868824,-1.679914524017364,-1.5519518186234522,-0.11134073943058756,1.2745291861550945,0
10,0,1316,1335,0.01576108800402728,0.0197146457922319,-1.5217215060996252,-1.4993391680664834,-0.1667810824219947,1.3167148917609501,0
10,0,1336,1355,0.022745103252870724,0.0422859465249943,-1.5563168449457019,-1.450239058896888,-0.15736701834374606,1.3405141368667528,0
10,0,1356,1375,0.047419987963813984,0.0501570402259794,-1.8171544772626809,-1.7451561163024434,-0.11856135313057625,1.4107082524425012,0
10,0,1376,1395,0.04625098649455714,0.0487132737373238,-1.9265832160200347,-1.886046113934624,-0.0701871093027848,1.4983117067797314,1
10,0,1396,1415,0.04440354158540781,0.0533972812380439,-1.8535433321711352,-1.708588582091359,-0.08855059665967142,1.7243725067284519,1
10,0,1416,1435,0.044226748638060864,0.0478442550413589,-1.7295473772609078,-1.6895864359220805,-0.05681753498045329,1.5129549713712946,1
10,0,1436,1455,0.05544401678954732,0.0621500565440475,-1.8188239651574367,-1.6916071291150347,-0.041782798600238966,1.4935317537258572,1
10,0,1456,1475,0.06606381204608822,0.0734757282438606,-2.0767776488308716,-1.779276553430224,-0.0982189993087584,1.6916473874138067,1
10,0,1476,1495,0.07437708201519838,0.079219118739006,-2.443981254623544,-2.192268274181313,-0.1586070265772495,1.9492075911696927,1
10,0,1496,1515,0.08541021139222735,0.0891754345052744,-2.788635050608292,-2.6695081083691,-0.1929583706604675,2.1666473150738286,1
10,0,1516,1537,0.0724106065109378,0.0812733676287312,-2.485283575686377,-2.063143510361129,-0.1573073982922197,2.101370016591989,1
10,0,1538,1557,0.051971206391895466,0.0726404272860881,-1.9568710839874253,-1.8221111241951644,-0.03484285046743148,1.6640489669454237,1
10,0,1558,1577,0.044559188699421985,0.0589358873190716,-1.7765633606083298,-1.6662576120276602,0.06175360225729415,1.630672001027302,1
10,0,1578,1597,0.03182518641586203,0.0519369716250278,-1.5107688442683478,-1.3533424244238714,0.17842550517015257,1.6283211159018518,1
10,0,1598,1617,0.02657300532940266,0.0305526440966252,-1.4710611628841255,-1.3389134758612375,0.23567548641520047,1.6149512539866642,1
10,0,1618,1637,0.022387983998819885,0.0309657465398592,-1.4725430932958241,-1.3630500968851806,0.1892259287324466,1.597148869958533,1
10,0,1638,1657,0.027143867228599027,0.0338481878533016,-1.508082307996086,-1.490704986041172,0.14421200401793427,1.6495379266334218,1
10,0,1658,1677,0.030992826682958413,0.0345411808723779,-1.5073176445411096,-1.4739025789533968,0.12752553375616577,1.6635304043903851,1
10,0,1678,1697,0.02656720188275912,0.0463944971358813,-1.408853975675769,-1.3119467912963074,0.09482837344436375,1.5482751674977433,1
10,0,1698,1717,0.03077043804261146,0.0377736090069513,-1.454852273323524,-1.3886432473058996,0.05201180254736994,1.5613482467381263,1
10,0,1718,1737,0.030454434148943443,0.0339541548724712,-1.5060675630612372,-1.3938941112629015,0.07067170894646312,1.6289218806859913,1
10,0,1738,1757,0.027695319383984007,0.0329716719202528,-1.5049731806134496,-1.4641563020272257,0.08528775019316386,1.6631635451711013,1
10,0,1758,1777,0.02765244738533701,0.0337790299418988,-1.584085926324006,-1.440588752097541,0.08706762105286171,1.6406998672154312,1
10,0,1778,1797,0.04180910705067468,0.0501212801995565,-1.5821502887040633,-1.3716431367431037,0.03563449587128924,1.6111410316491797,0
10,0,1798,1817,0.02992330100226301,0.0347392108201905,-1.4788136152858011,-1.3724235833632612,-0.06813593379218699,1.258687804263025,0
10,0,1818,1837,0.01995703193072047,0.0335520760865041,-1.5864875853338742,-1.538083057835009,-0.09531880715349769,1.1882040900545972,0
10,0,1838,1857,0.012584573269026952,0.0187461713183178,-1.5010997353980042,-1.4745717338975184,-0.07677851985670789,1.1573414670488167,0
10,0,1858,1877,0.00908818404795462,0.0150632651881134,-1.511044217495575,-1.486075660791475,-0.026413440776304413,1.151685063193316,0
10,0,1878,1897,0.004307841561095385,0.0081449480329112,-1.5778343312296763,-1.5515546142687513,-0.050023804951010734,1.1669665278124615,0
10,0,1898,1917,0.002365378922299175,0.0075926931915633,-1.5366960381524604,-1.4831238179499002,-0.07699312435013649,1.2009627231784998,0
10,0,1918,1937,0.008223366090751093,0.0128421752434704,-1.4812926004115101,-1.462549398033269,-0.06584931645481998,1.2481607664808223,0
10,0,1938,1957,0.009507848718486794,0.0128110535479213,-1.4730234470360224,-1.405997297185438,-0.07218214780165243,1.322789027415931,0
10,0,1958,1977,0.00803336524801347,0.014200342976439,-1.4667426231743197,-1.3910999362464256,-0.09625662688816267,1.2394718904504187,0
10,0,1978,1997,0.012849114629881983,0.0280135389889871,-1.4681466532007978,-1.3898097556882565,-0.08857059121736091,1.2430786829597484,0
10,0,1998,2018,0.01206668506779188,0.0207243560266926,-1.547803764046745,-1.4817889761273753,-0.06520087262931709,1.249030778393235,0
10,0,2019,2038,0.00450834119684348,0.0091136958452464,-1.4550652901875931,-1.4310322518510132,-0.04737983541978215,1.2557895018524023,0
10,0,2039,2058,0.00753939545481328,0.012163215628616,-1.514969292507414,-1.4398035895699288,-0.04962268342460124,1.3142582927470223,0
10,0,2059,2078,0.01045001069470457,0.0176010781469461,-1.482008984970498,-1.4244544954574023,-0.029206241769448908,1.3303209297000638,0
10,0,2079,2098,-0.0009993600469286365,0.0113974674278368,-1.5830329016516875,-1.474088874991264,-0.0649226387620821,1.2353810770582312,0
10,0,2099,2118,0.008863386274964635,0.0316165839615257,-1.635958522726206,-1.5911202962756663,-0.11287927727791694,1.2916898336949623,0
10,0,2119,2138,0.019063047514857177,0.0268089604107434,-1.6024839661599664,-1.4984452301074491,-0.13550319153403492,1.3590250443836858,0
10,0,2139,2158,0.00833614652358924,0.013643893833571,-1.5082975407208572,-1.470023461013556,-0.16434808526184472,1.3891911882687573,0
10,0,2159,2178,0.0005140614982236528,0.0080568982430417,-1.4905906666957942,-1.4707045293822003,-0.1604887780096765,1.3061714037880046,0
10,0,2179,2198,0.0003097311277495849,0.0149025905826067,-1.4795202707377917,-1.4634525396246272,-0.13886354735123185,1.2955565776938114,0
10,0,2199,2218,0.0023788409006543767,0.0060722007498085,-1.4721027701468967,-1.454567100959615,-0.13590215655438695,1.3007813887662967,0
10,0,2219,2238,0.00426676993868008,0.0074517014558136,-1.4791037190032685,-1.4655668237096613,-0.14225348240003147,1.3107826025440037,0
10,0,2239,2258,0.009641700660612786,0.0182244250463101,-1.5062018260494554,-1.4271413837552671,-0.12244279843253374,1.3373666828347202,0
10,0,2259,2278,0.0059156457820409795,0.0133022294195333,-1.4737108288855942,-1.4233093435747548,-0.11731220412619081,1.3309073483889833,0
10,0,2279,2298,0.008343169696480085,0.0179891812107936,-1.48329482365163,-1.4144347592038184,-0.11072548607600137,1.3260884768063028,0
10,0,2299,2318,0.00111552884833003,0.0036946698738844,-1.4107340032888795,-1.3953266276468734,-0.12501497438377235,1.3309552026282128,0
10,0,2319,2338,-7.953499046997503e-05,0.0019952322597868,-1.411778594406051,-1.394587678656639,-0.12436030839534282,1.3214694374203515,0
10,0,2339,2358,0.001129073114426359,0.0034846272343876,-1.39384262192344,-1.3800930365715904,-0.1161032332895899,1.3198247622976444,0
10,0,2359,2378,-0.001106642223065146,0.0028992686267082,-1.4303070234150863,-1.3974727220863772,-0.10887159447877855,1.3110020449361564,0
10,0,2379,2398,0.009401995592153925,0.0148727978266895,-1.5197033654123893,-1.446362126196439,-0.07068929925263141,1.2875723596751498,0
10,1,1,20,-0.01130026663087826,0.0146122436994141,-1.11063514965156,-1.0910322050712458,0.14733540677877113,0.7883430939291214,0
10,1,21,40,-0.01648397208095877,0.0187939434105277,-1.1157227212281198,-1.0915084072015906,0.1271634128618683,0.8003173374240431,0
10,1,41,60,-0.014840812550173244,0.0176005233938468,-1.111699849555836,-1.0821056062073842,0.14615165921902165,0.8093284956519085,0
10,1,61,80,-0.013367791529536485,0.0164572716022455,-1.1118832730403763,-1.0984135271627282,0.11530877260938084,0.8024339105667913,0
10,1,81,100,-0.013310139393193449,0.0164774857503029,-1.1064018732089527,-1.081352213257741,0.1271945212613076,0.8002462822223928,0
10,1,101,120,-0.015400442237258375,0.0174763439186504,-1.1343071957420743,-1.1016334719725185,0.11606262300049712,0.8016872014953732,0
10,1,121,140,-0.018550145136088294,0.021723083698596,-1.148815321284304,-1.1250265423538188,0.10701156190695468,0.8002633464132535,0
10,1,141,160,-0.015029568395173632,0.0198858032175641,-1.1377294485169505,-1.110779162690145,0.10286149975674411,0.8054301682655233,0
10,1,161,180,-0.011571921105462256,0.0132624518627594,-1.118882266088224,-1.102887637755502,0.09828852397684235,0.7887628883190511,0
10,1,181,200,-0.009501989000129257,0.0109938014588485,-1.1366685038384479,-1.1105595443455016,0.12086644014219172,0.7936321307133255,0
10,1,201,220,-0.010433862846137435,0.0163871396722337,-1.146569046167761,-1.1061655305374436,0.12140592406695086,0.8007358588375679,0
10,1,221,240,-0.01120037461306949,0.0144120679491485,-1.1497249253877608,-1.1238015796664558,0.11739513215707269,0.8036295109858583,0
10,1,241,260,-0.008998960491308421,0.0106676113080408,-1.140416401301655,-1.121653450883223,0.12933177379035873,0.7926323668131916,0
10,1,261,280,-0.005437927542652475,0.0080245733618665,-1.1556007195678977,-1.129256602670305,0.12995973650090237,0.7944275219902964,0
10,1,281,300,-0.0033875213069317093,0.0049773177185227,-1.1381658670659176,-1.1109971474068006,0.15251543067070356,0.8002703486721398,0
10,1,301,320,-0.0008560161813167952,0.0077355331068308,-1.1367695302068996,-1.1070627942215128,0.15231034525210677,0.8064153320646124,0
10,1,321,340,-0.006057749290578584,0.0081839469305015,-1.1733458803901073,-1.1618945117782915,0.13072564945203263,0.80660658402487,0
10,1,341,360,-0.0045311360034118245,0.0068444203978426,-1.1921366925747248,-1.1535090283608165,0.1264296246453387,0.8088834612572613,0
10,1,361,380,-0.006584030731044454,0.0099789291103889,-1.180412304659137,-1.140624280712924,0.1282522118727579,0.8007404304225053,0
10,1,381,400,-0.006850673688019733,0.0096496692197443,-1.1638044003144075,-1.1320984332620498,0.11691514237094913,0.7989310145536026,0
10,1,401,420,-0.0019281142197303965,0.0068666537882966,-1.1489534349667871,-1.1244225758206516,0.11645700739345428,0.7874569313339838,0
10,1,421,440,-0.00013532355635126003,0.003258375721384,-1.1564042325123312,-1.135262230856849,0.13724636483446023,0.7932870622903463,0
10,1,441,460,0.0010030210648047642,0.0026796502786468,-1.1722511894997407,-1.1513545780319965,0.1249317031893102,0.7890727372990337,0
10,1,461,480,0.0005340231844300969,0.004874107101532,-1.1792612826155904,-1.1556618437263455,0.1140513560325801,0.7905235280748261,0
10,1,481,500,0.004297545085327646,0.0073196526140398,-1.1754819898163298,-1.1578794166523585,0.12467602791580482,0.7760426663698498,0
10,1,501,520,0.00632349632964959,0.0087612545684587,-1.171862262142992,-1.1468182203671486,0.14981955313333406,0.7855301870127209,0
10,1,521,540,0.000920913272960945,0.0050865820809798,-1.164554034161149,-1.1445456590711545,0.12750993972698285,0.7922025199974139,0
10,1,541,560,0.00033523956473424,0.0012687200665568,-1.1530777520137723,-1.1366601492794466,0.1321050128378684,0.7817231381367505,0
10,1,561,580,-0.00357031140004533,0.0069354233095023,-1.1345905954979352,-1.1230641506201524,0.11343997649033324,0.7836390361815828,0
10,1,581,600,-0.0073451660610674265,0.0110454454363616,-1.1672987725253363,-1.1371722070848846,0.09025952084575799,0.7774238602715672,0
10,1,601,620,-0.0041672170374411205,0.0077689652353987,-1.233887916687547,-1.1621031931616916,0.1292429810482401,0.7570877495336719,0
10,1,621,640,-0.005926061910176859,0.016504310447798,-1.276405769299011,-1.2486004000508737,0.11369573777276801,0.778961792590658,0
10,1,641,660,-0.01215376853412157,0.0167042115572967,-1.269203055031258,-1.2317988648807114,0.13037725804177405,0.7638145549328167,0
10,1,661,680,-0.007045254442224006,0.0134402438427862,-1.278792000840078,-1.2709893859361168,0.14921468631317075,0.756310965741906,0
10,1,681,700,0.0037771559296849847,0.0069639734491628,-1.3089794905789947,-1.2747715619123854,0.14765166274652053,0.7749361341176074,0
10,1,701,720,0.011748398348362103,0.0135495352976072,-1.3799639074579102,-1.3353532734828717,0.14032227473383416,0.8102307417378531,0
10,1,721,740,0.0012595681133547904,0.0167870478417665,-1.3356798934989207,-1.2735961576279926,0.12557463946261951,0.805138056765623,0
10,1,741,760,-0.04147476362326975,0.0608136914550216,-1.3599763483806913,-1.2661330548541283,0.07698639187203539,0.8099106428601163,0
10,1,761,780,-0.06582495892599241,0.0876907427995587,-2.173062447132502,-1.544564878353088,-0.022577603369807235,1.345093290575295,1
10,1,781,800,-0.07924536797347925,0.0916843849724562,-2.747677312521916,-2.539425553536391,-0.42717581950954975,1.7355114337480182,1
10,1,801,820,,,-2.644536382942586,-2.5038630393237096,-0.7025622412060029,1.6069769000090268,1
10,1,821,840,,,-2.4832369480875354,-2.2331935765605837,-1.1110410248196332,1.3001743856455334,1
10,1,841,860,,,-2.3352850642466736,-2.282973095433963,-1.2783529148436605,1.0244770263310041,1
10,1,861,880,,,-2.2179643323661793,-2.08913150565276,-1.2594011410064754,1.0870884833453593,1
10,1,881,900,,,-2.280728112612164,-2.137275571396586,-1.2170533895405198,1.2312782889787628,1
10,1,901,920,,,-2.0907290167379924,-1.9725185767439508,-1.205671741416237,1.2492252204693082,1
10,1,921,940,,,-1.966850459547571,-1.864140194959867,-1.18161156757212,1.206632473922229,1
10,1,941,960,,,-2.0310158397129268,-1.8602628969616344,-1.1738385148168338,1.249761249421129,1
10,1,961,980,,,-2.28000290697109,-2.1057294645050506,-1.2168195825315766,1.2912532727787673,1
10,1,981,1000,,,-2.5261687614139388,-2.434882500145344,-1.2883120080968167,1.3197166864125494,1
10,1,1001,1020,,,-2.557527164838534,-2.4978215646152764,-1.2380441896675094,1.2917704455542578,1
10,1,1021,1040,,,-2.558042620692516,-2.498747205087583,-1.2307306325428153,1.2552798041939732,1
10,1,1041,1060,-0.07939112576228023,0.0820486708495023,-2.5787312371846616,-2.511066597235156,-1.1866652658170456,1.2474303573615753,1
10,1,1061,1080,-0.07640560358957561,0.0818752261791691,-2.55097010252567,-2.2023188669867912,-1.2096516582327643,1.3998930669037464,1
10,1,1081,1100,,,-2.709435699352623,-2.594447240054598,-1.3400852154239309,1.280666942276858,1
10,1,1101,1120,,,-2.692066696681996,-2.6170722330241576,-1.3085743339742753,1.2758203166139155,1
10,1,1121,1140,,,-2.6790150284304666,-2.46390110404088,-1.2831006102468705,1.2442442147384143,1
10,1,1141,1160,-0.12063788200739958,0.1449978379725312,-3.072729053162429,-2.449659162318917,-0.3694666732915236,1.0701781552346428,1
10,1,1161,1180,-0.07369730513451263,0.1072182450026403,-1.8812109559993868,-1.4083945127963795,0.35018913540627855,0.568033035789167,0
10,1,1181,1200,-0.04006667651117721,0.0475577794995007,-1.4527663254224181,-1.398142227889292,0.4752625502431454,0.533277511636968,0
10,1,1201,1220,-0.02846022917822086,0.0318667951563628,-1.3807704705180206,-1.3379677219898172,0.4021255340894009,0.48878100846821343,0
10,1,1221,1240,-0.025592063806917663,0.0277401022921007,-1.3288654538107254,-1.1472952050665564,0.4264212751888025,0.4919185109963838,0
10,1,1241,1260,-0.02707489262628334,0.0295769722838168,-1.355966028073438,-1.342143123567965,0.4644593738185721,0.4942316183556977,0
10,1,1261,1280,-0.031209266840648835,0.034172204776163,-1.2896356394030666,-1.1792999109554982,0.49662192595067756,0.5393200622751688,0
10,1,1281,1300,-0.02866386870996147,0.0361387381542752,-1.3156171715684377,-1.1599306870880854,0.48456531308626144,0.5381859531833435,0
10,1,1301,1320,-0.03215208460792664,0.0375634250642559,-1.256259986890365,-1.169673407786964,0.48718081907980226,0.5627419187227776,0
10,1,1321,1340,-0.030371261001420825,0.0329952211500656,-1.2107944035644305,-1.1739572248247414,0.47850788099819913,0.5800086188244169,0
10,1,1341,1360,-0.031833517542830356,0.037868958240685,-1.265249939983377,-1.2175181582577688,0.4111420762378522,0.5332467305299378,0
10,1,1361,1380,-0.051962660221831436,0.0800120793096774,-1.2494106214292493,-1.1691166561529325,0.12850139798812346,0.8635787440962993,0
10,1,1381,1400,-0.07310354444490318,0.0917857982766151,-1.1973501429140547,-1.068775907432486,-0.2612594488541637,1.053390258213399,0
10,1,1401,1420,-0.09341264868765918,0.1167037826884233,-1.167841005893899,-0.9381841050382368,-0.7370341226879369,1.1598625945152172,1
10,1,1421,1440,-0.04376871548585522,0.0986158008149455,-0.9707042995831093,-0.8053184485585791,-0.17203293506865097,1.0723860960046212,0
10,1,1441,1460,0.00421874326206353,0.0179322242458061,-1.1198487403947814,-0.9524210683872032,0.16881389539021446,1.183219623847128,0
10,1,1461,1480,0.0070398230727120575,0.0175245490986463,-1.1597705749287068,-1.094694570659,0.16120560808730716,1.3580671897077266,0
10,1,1481,1500,0.018623457320577724,0.0254279660329832,-1.1885370079499709,-1.1120020425313275,0.16224300163653685,1.6138544380303883,0
10,1,1501,1520,-0.02893375348475923,0.0549474745484781,-1.192463778210761,-1.1020637365661805,0.15683469805734235,1.459602967942836,0
10,1,1521,1540,-0.06282369101607845,0.0814887197141291,-1.2732512280324806,-1.1202890841297206,0.06296481030997048,1.2978922527395191,0
10,1,1541,1560,-0.07051064505296568,0.0874909709763777,-1.3269879523774568,-1.2530056907605818,-0.5687389160513004,1.8615144467603024,1
10,1,1561,1580,-0.0661710438351446,0.0786823633137031,-0.963611028141103,-0.891610509896809,-0.6792793160376248,1.5848804782748318,1
10,1,1581,1600,-0.06089436547482345,0.0636888959756143,-0.9138473647975125,-0.8817076895233356,-0.647377428036135,1.4848677243096968,1
10,1,1601,1620,-0.060285604140957225,0.0614464447610413,-0.8389589154230291,-0.8140334271101858,-0.6534229950895869,1.445525554753931,1
10,1,1621,1640,-0.05244646848236577,0.0569125095313962,-0.8055660219514447,-0.7566078885927736,-0.6473059375117677,1.449633617140277,1
10,1,1641,1660,-0.057560671481435954,0.0630537143184625,-0.803364254268647,-0.7718206368624903,-0.6218222531118258,1.444983383266491,1
10,1,1661,1680,-0.06063496409075858,0.0657390047812418,-0.8137128077047728,-0.7551529060337261,-0.5879279776341385,1.4379896114018234,1
10,1,1681,1700,-0.06414150550101189,0.0661162805880871,-0.895357434144121,-0.8796497637213503,-0.5916008745859275,1.4648355438383989,1
10,1,1701,1720,-0.06096581558803589,0.0637639133752598,-0.8785204388687651,-0.8268123723540912,-0.5954482286655095,1.4925988892942375,1
10,1,1721,1740,-0.06886670141504178,0.0797210532137345,-0.8941548793310077,-0.8359943333500184,-0.5925472404653139,1.5241879470082005,1
10,1,1741,1760,-0.07325459693940985,0.0839983786792441,-0.9601606536491907,-0.8152552688736664,-0.3998650842702678,1.412686889079654,1
10,1,1761,1780,-0.07049166486390679,0.0903238026979292,-1.1541268171511594,-1.1030660343430372,-0.008667493649382501,1.2084453206779828,1
10,1,1781,1800,-0.044010430370851394,0.0796775957955569,-1.012153763019994,-0.8181608022687477,0.17050049759291,0.9449391063482757,0
10,1,1801,1820,-0.005675596722174236,0.0136528769198387,-1.0651296516197655,-0.8369511731290354,0.17907060669429453,0.9214677227224934,0
10,1,1821,1840,-0.006877070624942236,0.0134878309534682,-1.2361776564670142,-1.0829066475498474,0.21306924830052001,1.0496022148886486,0
10,1,1841,1860,-0.007464215032582597,0.0112097989572921,-1.1113647631080847,-1.09508835908263,0.30921511234391497,1.0303566878389467,0
10,1,1861,1880,-0.0057181883188155555,0.0067087910340922,-1.2422249345587644,-1.230779304898945,0.20270630389567507,1.0552319024748615,0
10,1,1881,1900,-0.00634524316001496,0.0112943911028223,-1.1630430933171485,-1.076045040172808,0.23133482992657628,1.0330250121615554,0
10,1,1901,1920,-0.00472315372856275,0.0112249015159531,-1.1378627804533405,-1.0977596879925648,0.24634662277995237,1.0195808830179771,0
10,1,1921,1940,-0.009752984979649564,0.0109962698834833,-1.2440002376215922,-1.2198021549084972,0.18233618970316606,1.059260034644164,0
10,1,1941,1960,-0.011052724161370027,0.0143263630432651,-1.218711244444371,-1.1397226361679529,0.17791364406472543,1.025702550340509,0
10,1,1961,1980,-0.013629612168588223,0.0159253115627954,-1.2303830548066135,-1.2171174619808371,0.17611287324992744,1.009082382091014,0
10,1,1981,2000,-0.014518848663434886,0.0161720065161962,-1.249511422696712,-1.2364784486374232,0.17672084050237302,0.9989405990118525,0
10,1,2001,2020,-0.016467827627483445,0.0188785603369424,-1.2649951589590918,-1.255073715953225,0.17157390383216858,1.0089178420717189,0
10,1,2021,2040,-0.015026196736568196,0.0189654922262988,-1.2585865505589964,-1.2428768637752432,0.17396203554901093,0.9885921054357073,0
10,1,2041,2060,-0.013794240551013134,0.0205942594203305,-1.203677238602038,-1.1115042391278769,0.20409562787448618,0.9734016297198707,0
10,1,2061,2080,-0.00940646657194724,0.0146155119729052,-1.1679135771331506,-1.104405885155873,0.24795530152513115,0.958959695484436,0
10,1,2081,2100,-0.00515635351437897,0.0070387360343525,-1.2132730249487589,-1.088425399809288,0.22026944093444656,0.958956392477103,0
10,1,2101,2120,-0.01284464556764743,0.0195234548805056,-1.2416781013562128,-1.200867154196829,0.2409108928350674,0.9566638750613885,0
10,1,2121,2140,-0.015044719418859038,0.0216541728809244,-1.2063271194889889,-1.1517503547431758,0.30343821442134916,0.9649067253274394,0
10,1,2141,2160,-0.013409518709262791,0.0167792440470149,-1.091198847766091,-1.044203998820329,0.41982102773922714,1.020281752368814,0
10,1,2161,2180,-0.014106992812534086,0.0216766099193517,-1.1003976839857352,-1.0541393184792445,0.40951230524336885,1.0083344924596027,0
10,1,2181,2200,-0.020788576586716453,0.0251845177799362,-1.1052156053404805,-1.01473278216272,0.4343017328535751,0.9978534626751682,0
10,1,2201,2220,-0.022822470264338944,0.0245926211158934,-1.1362006327222163,-1.1061555732359816,0.42984126907411363,0.9668402247962817,0
10,1,2221,2240,-0.022428426950191045,0.0256599115619896,-1.1568524743510884,-1.1173315823406471,0.4286899670798392,0.9599039534342466,0
10,1,2241,2260,-0.022114452223037956,0.0252181461612362,-1.1192568137520031,-1.064907640684213,0.4096614535157107,0.9688065972407427,0
10,1,2261,2280,-0.019929677154900148,0.0255336545026801,-1.0930131002138856,-1.05808787401308,0.39746137261391784,0.9573060845702098,0
10,1,2281,2300,-0.023281016316793694,0.0271185016473918,-1.116514080760409,-1.078983037101649,0.4288032835155754,0.9696017648548304,0
10,1,2301,2320,-0.02071815944160151,0.0236017675596525,-1.1132953911799182,-1.0940490244879202,0.411156072506068,0.966916088737196,0
10,1,2321,2340,-0.02193978169781223,0.0255255255255255,-1.133962717542094,-1.105818483767667,0.41451903084795977,0.9639505653031474,0
10,1,2341,2360,-0.023975760953964944,0.0263399864322009,-1.0986016751248258,-1.0638609591877688,0.3780218917779342,0.9906976322342798,0
10,1,2361,2380,-0.026439403720983506,0.0295377101467949,-1.127940299576583,-1.0948545641134952,0.38060546739716855,0.979340633230767,0
10,1,2381,2400,-0.029293203772150354,0.0329418968288263,-1.1456275170708192,-1.0903353565583829,0.3633888735092051,0.9706987124363413,0
10,2,1,20,0.020900662753178374,0.0227647672644415,-1.2724282896603643,-1.240078353727957,0.05757063023605201,0.475822507844972,0
10,2,21,40,0.016231479408086606,0.0200210268334211,-1.2003604353247366,-1.1635376768681551,0.07627357314004653,0.4873231502602895,0
10,2,41,60,0.009950840176021257,0.0121314216026497,-1.3170642371100185,-1.2959383860965887,0.09171140296819419,0.47243443604487634,0
10,2,61,80,0.01184257044941062,0.0164386429028416,-1.3196228091227895,-1.3000491151084863,0.08963267828190133,0.47130564381816464,0
10,2,81,100,-0.031284699510685306,0.0596932888113408,-1.5124374538195187,-1.295534663028688,0.1272174383751839,0.4000572564992645,0
10,2,101,120,-0.06875189266781861,0.0724109692485694,-1.649724652830426,-1.5689258874320435,0.3637404856135017,1.0485951441943993,0
10,2,121,141,-0.07222290999282563,0.0853141755959364,-1.6407807913224168,-1.5102458848516254,0.5088009538018592,1.2079150938523693,0
10,2,142,161,-0.07547013676559676,0.0805442717684836,-1.548949865516763,-1.5081771222440252,0.37235427522696285,1.2873474312006257,1
10,2,162,186,-0.06995826863514625,0.0805061686537801,-1.5869534978127888,-1.4531210050648662,0.19586931200061455,0.9949234789825097,1
10,2,187,207,-0.035178497430623776,0.0420237805957916,-1.371431359883465,-1.3353394799127516,0.11691218780918444,0.7700357294443322,1
10,2,208,227,-0.02415427348870834,0.0357523454444788,-1.3046414210139843,-1.2685113314933056,0.1287308304437309,0.7647032940274048,1
10,2,228,247,-0.021404018018038873,0.0240029587308065,-1.3174543275192347,-1.2957116494689973,0.1347291631869265,0.7571204760010097,1
10,2,248,267,-0.034358160619107264,0.0395388719512195,-1.3056370673627127,-1.2394281021504612,0.15621207014752353,0.8112782616757978,1
10,2,268,287,-0.039616115586043416,0.0468711404731701,-1.3437678814657712,-1.2186798096896856,0.16213879524186395,0.7469182757961185,1
10,2,288,307,-0.035326608726185496,0.0368110101343565,-1.328633583822362,-1.3044026501055863,0.17852827044572367,0.7918246977062244,1
10,2,308,329,-0.03835741584174431,0.0429859226786202,-1.3291201744969705,-1.27967865450833,0.1492655135871202,0.759109894197257,1
10,2,330,349,-0.039489968972216107,0.0430803189258959,-1.3217526327947733,-1.281148392558247,0.15248312447608903,0.7905315310720831,1
10,2,350,372,-0.04110794114618397,0.0506997854518426,-1.3795218573937837,-1.2990343181927435,0.12717835537382302,0.7587967686825172,1
10,2,373,394,-0.031144042292841633,0.0328871710496266,-1.3247453305581367,-1.2573657918392007,0.036773175957974136,0.8262232820876326,1
10,2,395,415,-0.026927647347921413,0.0302598397659758,-1.3043231318585344,-1.2450206400679271,0.064721303229121,0.797654216026934,1
10,2,416,435,-0.030945555142925824,0.0350448172431339,-1.3053613186176722,-1.258433699790434,0.14279080388500032,0.7900951131357511,1
10,2,436,459,-0.05475553396440134,0.062603117755485,-1.4961921903779054,-1.3560483012425455,0.2729505898263673,1.0823164450110663,1
10,2,460,503,-0.06102933026341608,0.0804130523528692,-1.4659622512352022,-1.3571856669570863,0.3324952019720038,1.1855558599128264,1
10,2,504,524,-0.0699208570170179,0.0732664957776534,-1.5251251037130868,-1.4663019705242195,0.35820316833748966,1.195211784096129,0
10,2,528,554,-0.03654476843291919,0.0602945810878384,-1.5761519060227043,-1.432423095263583,0.15465356410087885,1.0889223753804305,0
10,2,555,574,0.00718189813718662,0.0200863121879213,-1.7235729891428082,-1.673680706478632,0.06506167753199507,1.2621284870087315,0
10,2,575,594,-0.006841091699859235,0.0124799188017508,-1.783948770104717,-1.6727940384656803,0.04520486250646682,1.094338646383076,0
10,2,595,614,0.0029877382297559102,0.0114185376498065,-1.50061427092332,-1.279311115228266,0.06267134740681303,0.6373957474140112,0
10,2,615,634,0.005337285418899314,0.014063466414064,-1.3964697314660284,-1.309326888251191,0.10873668464982514,0.5048914790468987,0
10,2,635,654,0.0005277937936104751,0.0123532727337794,-1.3369524805805617,-1.3118664793852763,0.12880664460820596,0.5664073601858692,0
10,2,655,674,-0.002260839418320866,0.0084946459148521,-1.3569778106875607,-1.26662945846822,0.0991350554831267,0.6335171057172446,0
10,2,675,694,0.0049541508631896014,0.0115548238437585,-1.2834846129103805,-1.2022353001053312,0.07655883736384159,0.5897854518704946,0
10,2,695,714,0.00498584251303421,0.0115863534169404,-1.2808210397431785,-1.2007290098254306,0.0780372488841776,0.7008747241268166,0
10,2,715,734,-0.0018612427865656602,0.0170525360980833,-1.2971999426640946,-1.2349561658836183,0.08442039390591319,0.7103799571522963,0
10,2,735,754,-0.014110198739267976,0.0264808804920955,-1.3968606084244386,-1.262595372332014,0.12587438832241427,1.0043997343767785,0
10,2,755,774,-0.026379765771074128,0.0346656698455535,-1.7289325505047806,-1.6277421316948766,0.14676469899777356,0.6861228590553606,0
10,2,775,795,-0.03589906470662479,0.0453638025663999,-1.675660510446851,-1.5950627223515843,0.17471922688397554,0.7952156236272032,0
10,2,796,830,-0.03636110757041805,0.0402326436405972,-1.5734983634355773,-1.2395018059496206,0.15168778210358821,0.8686921976076478,0
10,2,831,850,-0.03277860205277154,0.0421809946696466,-1.2567808649540686,-1.1653868642753156,0.18521941851336204,0.6759311787760114,0
10,2,851,880,-0.025266482543756665,0.0329536623361875,-1.1830928281281197,-1.0854481802173823,0.10392452428641996,0.7398960913663158,0
10,2,881,914,-0.024386916938030682,0.0414070867210716,-1.2183142972556453,-1.1597563356077043,0.13305116219536148,0.8421051243746126,0
10,2,921,940,-0.02470016726908436,0.0302646286054377,-1.2271357061740642,-1.189223680292878,0.09485780632279697,0.8493365788750818,0
10,2,941,960,-0.02188821638695384,0.026245465003097,-1.2504968715618203,-1.1515896250642013,0.08100027093362508,0.7628881880773146,0
10,3,40,75,-0.0011629082611474245,0.0034962866285925,-1.1495508699539285,-1.1240441221523834,-0.0029355276126924344,1.3065161449424778,0
10,3,76,97,0.005507356656350448,0.0315054050674638,-1.226274204928001,-1.130946665959861,-0.008211284527059584,1.2654119401006647,0
10,4,108,145,-0.06372966880456724,0.0874317771144884,-1.7185649927313702,-1.615001809135646,0.38790720479563273,1.1606128134249416,0
10,4,146,165,-0.07824627343120105,0.0919475534908756,-1.6690385347280619,-1.532597848096815,0.3605839597657299,1.320170978760956,1
10,4,166,187,-0.06175600017858183,0.071645288883484,-1.598492367062936,-1.4570640432913229,0.18064680953584802,0.9925461715767083,1
10,4,188,207,-0.036144544949995,0.0444876965147165,-1.5711868723895943,-1.4876316843305182,0.11554625133716256,1.0057172162616679,1
10,4,208,227,-0.02426171815689074,0.0383806758571217,-1.4527482984325109,-1.3970965147673935,0.09749577721112458,0.964689723946384,1
10,4,228,247,-0.020868762595412715,0.0257272589177118,-1.4961525416171564,-1.4259314975670694,0.09937217088695284,0.9524255846242141,1
10,4,248,267,-0.03685755232289254,0.0434201639330592,-1.4632873252786593,-1.3895477199904265,0.10724579469801512,1.021674516114499,1
10,4,268,287,-0.04164995032473191,0.0494983589777702,-1.4796579086697361,-1.3409296663240062,0.14236470279813873,0.9582566466777729,1
10,4,288,307,-0.035806094689268056,0.0379427480312053,-1.4494181040319287,-1.400706790553952,0.1474686847698889,1.0364416451891163,1
10,4,308,327,-0.038731393208630824,0.0443453401577478,-1.4172751901694411,-1.3406892359497506,0.11392350960065252,1.0170758177524415,1
10,4,328,347,-0.042864339560946194,0.0477421995346468,-1.410181638383808,-1.3604319340513435,0.12720310029472714,1.0464323768053863,1
10,4,348,367,-0.04596740512609859,0.0571263141388011,-1.4532307388210497,-1.364923292456684,0.11947266542786947,0.9675689100220246,1
10,4,368,387,-0.03496553494333692,0.0364719253128584,-1.4147351319026493,-1.3927659478914716,0.03443242672224777,1.0716897968571897,1
10,4,388,407,-0.028245773871904738,0.0365996208327743,-1.3624303878943518,-1.3131996099001029,0.05320216082061195,1.034839803146742,1
10,4,408,427,-0.03356456401353948,0.0369843697348298,-1.4074846947486876,-1.3384321931019247,0.10612738684867958,1.0388134265936932,1
10,4,428,447,-0.046223276923767376,0.0646585240573095,-1.528418686786943,-1.3582350966351586,0.1909401330818596,1.0399485664888741,1
10,4,448,467,-0.06816211605977666,0.0727985409634521,-1.5058267713705593,-1.4269524408085887,0.3037094285329976,1.2396124064826715,1
10,4,468,487,-0.0669844394493759,0.0760318834112049,-1.441696026237284,-1.3891605741374506,0.3013744398929371,1.2182222651575805,1
10,4,488,507,-0.07920410410448561,0.0826907599540824,-1.4418331142750223,-1.3728874007686755,0.44383276472269156,1.4204383632165243,1
10,4,508,527,-0.07642692275444232,0.0828847109030285,-1.4806318297037098,-1.4022262522349,0.35161644304970474,1.2166241767991939,0
10,4,528,547,-0.0488936706721381,0.0639251383672809,-1.5322234907876058,-1.3838283850435424,0.16252392273010735,1.045093191015223,0
10,5,130,164,,,-4.351412948255161,-3.6645966013503903,0.3997795712289688,1.9424620493500289,1
10,5,165,188,,,-4.178014872710181,-3.9263758671658375,0.9227212619195366,1.6093125914181285,1
10,5,189,208,,,-4.155934006588995,-4.034681790954421,1.0467329273462862,1.6375874235292183,1
10,5,209,228,,,-4.051589930477976,-3.9982909734854015,0.9428178852908445,1.5760930302523382,1
10,5,229,248,,,-4.098197742080105,-4.025570972303521,0.9490885579700615,1.6641118873099074,1
10,5,249,268,,,-4.030839254919,-3.919657291182144,0.9599628657364205,1.648638981650734,1
10,5,269,288,,,-3.9151690579345173,-3.810857848435662,0.9542084384321807,1.6022284744611426,1
10,5,289,308,,,-3.843418671290022,-3.647983553810455,0.8918840179634376,1.5895076504710182,1
10,5,309,328,,,-3.6769152360880817,-3.578298561314581,0.85534468508752,1.5454647269356312,1
10,5,329,348,,,-3.774599052575784,-3.683431439992861,0.8777601203706068,1.5648676053893225,1
10,5,349,368,,,-3.870853648185166,-3.782784224216568,0.8608275172191107,1.5866534958004386,1
10,5,369,388,,,-3.911017030056539,-3.830904279793374,0.8534736221558552,1.5932520804402135,1
10,5,389,408,,,-3.7308620125332994,-3.65791873217841,0.8505375002835809,1.4845583803012015,1
10,5,409,428,,,-3.7049949687997334,-3.643425772334217,0.8847899416058939,1.466364586702269,1
10,5,429,448,,,-3.805483922084906,-3.694408636771226,0.8898968178575354,1.5811361374117188,1
10,5,449,468,,,-3.9388886486650505,-3.836965274660869,0.8786860938428921,1.6064125856432123,1
10,5,469,488,,,-3.765496212443092,-3.617254102580478,0.699189390714291,1.4643182794784915,1
10,5,489,508,,,-3.767541011504767,-3.6488600517546335,0.48581569033129685,1.6442941552271098,1
10,5,509,528,,,-3.778746292106183,-3.301459328465257,0.424888613965732,1.7933003672479497,1
10,5,529,564,0.026201623833233104,0.067336281488623,-2.3681161546509033,-1.4471459163342624,0.08254041976339913,1.618058919862167,0
10,7,763,789,-0.02587928601992972,0.0406976424886591,-1.7329962194444612,-1.588576218793634,0.2115406173852587,0.7441540329193617,0
10,7,790,809,-0.03053492198917037,0.0454004316645349,-1.8683089404586002,-1.7776207203980705,0.2040499248153771,1.1146693945549855,0
10,7,810,829,-0.03291902851780441,0.0434301761123537,-1.7597260978511227,-1.479844892245826,0.17753111832843393,1.0382132197527962,0
10,7,830,864,-0.02134531259578573,0.042676519370652,-1.3983090804794602,-1.290614177333632,0.13426700495503785,0.8777043203835113,0
10,7,865,885,-0.012573773618723656,0.0375987446281139,-1.401864656968298,-1.288137626769578,0.0992620990632504,0.8427381674759686,0
10,7,886,905,-0.025404563436119087,0.0399751636826386,-1.4407328129133503,-1.335596005818655,0.1537056295291411,0.9210068575938715,0
10,7,906,939,-0.016650517926326085,0.0320279520741658,-1.3604936654435966,-1.2840588974148808,0.11780719132636253,0.8991055628001838,0
10,7,940,975,-0.012930843646668255,0.0290688228250033,-1.367385195674566,-1.295761255423452,0.10686615812192923,0.8892396103075727,0
10,7,976,995,-0.027652273437819907,0.032036133460423,-1.4811785264629826,-1.4360213273945668,0.18675092167794277,1.025260822694244,0
10,7,996,1017,-0.025213667888412367,0.0356335402003677,-1.47257111311245,-1.4042961173036437,0.17838051643000738,1.0160095942710285,0
10,7,1019,1038,-0.03857704757069939,0.0482162880088709,-1.6088964716689116,-1.4825931799009135,0.1876562450372754,1.0700149956419303,0
10,7,1039,1059,-0.03609992104069566,0.0526717761685084,-1.615353155487373,-1.500978205318036,0.19034448681533916,0.9229792111531141,0
10,7,1060,1080,-0.03387348421470552,0.0406101468967108,-1.4667061806845656,-1.3622969340275608,0.14107163747163998,0.8130394534144294,0
10,8,777,796,,,-3.4185795021603695,-3.0855612533858308,0.9958633074220347,1.9112942933601587,1
10,8,797,816,,,-3.374002282560279,-3.191982554234984,1.169213916542723,1.929730137512972,1
10,8,817,836,,,-3.477393293928536,-3.414300025914786,1.0679543968643137,2.034609700050118,1
10,8,837,856,,,-3.571510377472505,-3.5077153944328074,1.0293749080953267,2.036003007120749,1
10,8,857,876,,,-3.487302080875678,-3.430149843364633,1.1014861443049604,1.9848849107410753,1
10,8,877,896,,,-3.5150920461942903,-3.414824915893444,1.1747999795002517,1.954235587552687,1
10,8,897,916,,,-3.4933972158827586,-3.270901651861412,1.2730476364738224,1.9337377817132146,1
10,8,917,936,,,-3.5150993432976017,-3.4519989070670096,1.3024088159575784,1.9075466619268326,1
10,8,937,956,,,-3.4692423724864967,-3.221337637542625,1.3332697765829837,1.9020290430815645,1
10,8,957,976,,,-3.557567508310284,-3.531320096447812,1.3346221548652986,1.9135928493003416,1
10,8,977,996,,,-3.4929202722873733,-3.319518639311327,1.2752345930980709,1.9277032951650064,1
10,8,997,1016,,,-3.5727000701662597,-3.540846685954922,1.2507882681285492,1.9530595309572714,1
10,8,1017,1036,,,-3.5260775346540756,-3.325179413770908,1.2147584108026621,1.9620864525091861,1
10,8,1037,1056,,,-3.551741967250153,-3.348319843050147,1.2562320544397276,1.9355924577630872,1
10,8,1057,1076,,,-3.5340241151955354,-3.483601601065859,1.236929184935935,1.951294907519881,1
10,8,1077,1096,,,-3.5109181802045533,-3.4631023451815794,1.2470068349788594,1.9574805593940787,1
10,8,1097,1116,,,-3.4032172535746374,-3.21801266766557,1.261213638845377,1.9107400275374342,1
10,8,1117,1136,,,-3.4757110882855415,-3.363744328552406,1.250600118598283,1.9485632738440615,1
10,8,1137,1156,,,-3.318547864662804,-3.2088620961374987,1.1742108282811723,1.9049309296290455,1
10,8,1157,1176,,,-3.5539981286052913,-3.140242287418765,0.843110054951685,1.984066193621858,1
10,8,1177,1196,0.04419485582422993,0.0851267896738895,-2.3966932865347315,-1.9594077130337448,-0.010170124650319195,1.8482437370968063,0
10,8,1197,1216,0.014972010931205251,0.0333277415085811,-1.7522879161335627,-1.6360264351529117,-0.19225608433805094,1.3878443420266893,0
10,8,1217,1236,0.008626490085315588,0.024776955850543,-1.6865470709757808,-1.6516022779533857,-0.10112852767052924,1.176772947091303,0
10,8,1237,1256,0.03186522695718427,0.0413089345716117,-1.7089029255956674,-1.657673722183126,-0.09922905696199161,1.192044447774678,0
10,8,1257,1276,0.03351741607554592,0.0383432149987006,-1.6965705213471065,-1.6831251008671178,-0.09400833134055188,1.2031661434579841,0
10,8,1277,1296,0.024054287636769582,0.0282125823576829,-1.711332999184402,-1.6695810746718798,-0.09735160387938577,1.2376255640745746,0
10,8,1297,1316,0.02457973742510951,0.0265037021302656,-1.7428701804740119,-1.653977503599471,-0.1338592169105764,1.3245125719841329,0
10,8,1317,1344,0.01901560547816918,0.0252857122514109,-1.6528613780723163,-1.6027857100838527,-0.16082843136303962,1.3855197571271982,0
10,8,1345,1364,0.030242673028911975,0.038091451392411,-1.7688213393371783,-1.643516089777988,-0.14259282312221624,1.397142405103485,0
10,9,1007,1042,-0.04491878038205712,0.0611802032356066,-1.3906391564525415,-1.223399207934444,0.17160976667298417,0.983632224749079,0
10,9,1044,1071,-0.051146455355912154,0.0629832755179163,-1.4713996954548558,-1.3452568830735732,0.13481640844547205,0.930090448061096,0
10,9,1072,1096,-0.029239215887466967,0.0499483294858112,-1.3006188124867104,-1.1867120937825195,0.10024685770223776,0.9171299868188292,0
10,9,1097,1116,-0.00323954146994892,0.017327856894277,-1.2556189260293462,-1.1932854000878137,0.08134179205587207,0.9798050039808196,0
10,9,1117,1136,0.0049200756833099255,0.0252963329991665,-1.2962080695998242,-1.2366430998642075,0.027935568220703273,0.8510411673789203,0
10,11,1144,1168,-0.0299861514415126,0.0529848295790372,-1.7653587696284412,-1.2245959121444374,0.13339606944657692,1.099799211161968,0
10,11,1169,1196,-0.007950410926579271,0.0267917399973967,-1.999463327859257,-1.8485112893393731,0.064827605207155,1.235999654900138,0
10,11,1197,1233,0.0009526290706676089,0.0124492926049625,-1.8258851363265962,-1.6472352315896206,0.010288077379949995,1.2330651299349924,0
10,12,1177,1196,-0.0017963190504485047,0.0136663332187207,-1.885218048175774,-1.7437599682182603,0.0001745846707688785,1.2001868187351157,0
10,12,1197,1216,-0.002647432652130549,0.0112729856530218,-1.8374138700273643,-1.7546540470359695,-0.014715371326056987,1.2166621246945803,0
10,12,1217,1236,0.003740982417672375,0.0162766916687235,-1.7054099338109139,-1.5716337063242891,-0.027120103213383685,1.1189011048427986,0
10,12,1237,1256,-0.010363902122989401,0.0171795765584618,-1.5886759710185225,-1.5216081892832745,0.039282373116590226,0.874307049698522,0
10,12,1257,1276,-0.0123250580002659,0.0194759294934018,-1.5421364576052738,-1.4057885740262064,0.08208464598355868,0.733538195681804,0
10,12,1277,1296,-0.007701218109196316,0.0126271788073236,-1.531583371984555,-1.4178557695280496,0.1193144432517395,1.00139410007337,0
10,12,1297,1316,-0.008341993339920275,0.0122687927202407,-1.2865589391470065,-1.196777553643659,0.43579879619523576,1.2254516957593935,0
10,12,1317,1336,-0.010148042221002317,0.0137766119099793,-1.16840044923847,-1.1493163379027111,0.5164628212092361,1.2040953473587535,0
10,12,1337,1356,-0.00836875202677097,0.0131766039428676,-1.267400967131228,-1.222012514986114,0.4247002237653293,1.1446234629467877,0
10,12,1357,1376,-0.010215206081819795,0.0138267249795072,-1.292797538108252,-1.2170992070541495,0.39356739267803204,1.0822525548151953,0
10,12,1377,1396,-0.006442736220968739,0.0123626232166412,-1.3498676937704102,-1.2509293671766788,0.3932225905823523,1.0527557262590566,0
10,12,1397,1416,-0.02234393588592285,0.028021666735757,-1.4538884677182344,-1.3172635025405346,0.18262627474847232,1.0123333833222934,0
10,12,1417,1436,-0.00806438217544511,0.0210093966636501,-1.1987766666698623,-1.1535371713675528,0.23056389500527058,1.0858775800225664,0
10,12,1437,1456,0.0004340858023271851,0.007075844176236,-1.1539404814233618,-1.1213985676777751,0.13297739152640736,1.0391446022513835,0
10,12,1457,1476,-0.001185534363010968,0.0041116382979487,-1.2074446513644397,-1.14134594365506,0.07783672172278258,0.9867993680985249,0
10,12,1477,1496,-0.006818264605544626,0.0113770571773344,-1.2413019888821615,-1.194900703484043,0.09580940327398253,0.9862144185052223,0
10,12,1497,1516,-0.0056780993073488,0.0115416070520303,-1.228766124435485,-1.1989079970091638,0.09653929461927721,0.9695160742651975,0
10,12,1517,1536,-0.007734654081610314,0.0117987039574801,-1.2032111847160367,-1.1423249589192452,0.10689281552070591,0.9666961707732288,0
10,12,1537,1556,-0.017403059213803498,0.0320580009157458,-1.3033356943992866,-1.2658724177617393,0.15889741647197334,1.0439458233229149,0
10,12,1557,1576,-0.028847150090557598,0.0356921343531173,-1.3708188272972097,-1.2778863199624044,0.07077245101953542,1.1519149254179133,0
10,12,1577,1596,-0.040614122195675055,0.0639595042558885,-1.4506735722870467,-1.1723322784777623,-0.06182632896217779,1.2310083122964248,1
10,12,1597,1616,-0.045459428332541935,0.0686241828053107,-1.1518461253959438,-1.0704729940347326,-0.0009421502627512894,1.1596640478841729,1
10,12,1617,1636,-0.03947520363482398,0.0515710097698974,-1.1359569754755494,-0.9636298954369638,-0.01895339295787335,1.223576115272109,1
10,12,1637,1656,-0.04976476649966681,0.0550679541055828,-1.13011590696584,-1.0472064866389637,-0.01981291525742785,1.231415900979033,1
10,12,1657,1676,-0.03339863128156971,0.0450434478008546,-1.035161494380747,-0.8636191887215162,0.011241127187884095,1.2277674381721386,1
10,12,1677,1696,-0.025539541372367375,0.0303776591198603,-0.876561351600331,-0.7317913626170582,0.053719020866025945,1.2187904507569884,1
10,12,1697,1716,-0.028080287545271566,0.0333201518100628,-0.8081229207573857,-0.6627137508287675,0.03275587805188006,1.2312824974087593,1
10,12,1717,1736,-0.035772131866411684,0.0425660405965525,-0.7356397554230554,-0.6448181577042654,0.0650738840669984,1.2260308349288411,1
10,12,1737,1756,-0.045164162564194574,0.0507326946728657,-0.8175797367419791,-0.7490265906440863,0.07789787744295748,1.2491986700891342,1
10,12,1757,1776,-0.053591190301043,0.0672952029194242,-0.7502053572484304,-0.595422008427728,0.15544220241316975,1.2495111507174792,1
10,12,1777,1796,-0.06117332471406406,0.1018375652444446,-0.7966614025490837,-0.5822295290076877,0.12847635619266015,1.236712561616878,1
10,12,1797,1816,-0.06527607842523739,0.1081853116832043,-1.382711327472732,-0.9950371965331132,-0.08891014977783052,1.1876551092900876,0
10,12,1817,1836,0.016787659450281545,0.0263250341426672,-1.8114898395500945,-1.6972572987866783,-0.15832096617667651,1.3427836557852264,0
10,12,1837,1856,0.022237857596180504,0.031499919122835,-1.7248967041135643,-1.6249637429078188,-0.15198690698580436,1.2400986173815245,0
10,12,1857,1876,0.008727384608121534,0.0119885217977201,-1.6774202273516696,-1.6046313017192442,-0.020846877994279023,1.286961228596469,0
10,12,1877,1896,0.0019301354002303265,0.0100568817557902,-1.6747991593671858,-1.6433560232204567,-0.0019487857708028796,1.212802548161784,0
10,12,1897,1916,0.00562331415168123,0.0093434348474294,-1.6661869747971436,-1.660261044358163,-0.019433343965321988,1.2123720497890291,0
10,12,1917,1936,0.0062407498861842756,0.0074310300793302,-1.6473549321517833,-1.6372275116625057,-0.031249577700334902,1.2027616854378247,0
10,12,1937,1956,0.009439305212584818,0.0110636001731356,-1.6339480002458853,-1.619700243637858,-0.06066263929985015,1.218488781266293,0
10,12,1957,1976,0.009807588530116429,0.0107276219551472,-1.6271435831459335,-1.6083976379839722,-0.06215750854017462,1.2126704008624243,0
10,12,1977,1996,0.0069955858945540145,0.0117476821847559,-1.6077335148027256,-1.498468648085538,-0.07206070915108466,1.141529195682439,0
10,12,1997,2016,0.0015864035045005651,0.0089376706368205,-1.5420271109318067,-1.477742788944031,0.008617823803775428,1.1464188882112047,0
10,12,2017,2036,0.01689552451668057,0.0244768912845334,-1.4600595395080975,-1.4190875150583642,0.032669615723736126,1.2041230425905958,0
10,12,2037,2056,0.006948245385504389,0.0103307115986044,-1.4037890612924278,-1.384018908529106,0.022844937963236438,1.1450607760436537,0
10,12,2057,2076,0.0064947940199863415,0.0087322970505699,-1.4184152369392415,-1.4001939909576973,0.00902296068615183,1.232420762530857,0
10,12,2077,2096,0.00642096711499638,0.0084343171001356,-1.435900229212638,-1.4197657073597527,0.01749511081828425,1.2258182206476473,0
10,12,2097,2116,0.0055741212352151594,0.0081895592191136,-1.4516278081968408,-1.4287832348147609,0.010755064363590855,1.2337710717812689,0
10,12,2117,2137,-0.0018940104105768698,0.0091741993979048,-1.489150360520188,-1.4655603493643845,0.04128605718105961,1.2404609661266002,0
10,12,2138,2157,-0.007970376219351556,0.0225429749426499,-1.4970463432423262,-1.4759840044239734,0.04932821892197213,1.2573342788229536,0
10,12,2158,2177,-0.047967481071072765,0.0575408745553405,-1.3244653589878679,-1.1589907622574116,0.13312918765505755,1.0591476095030963,0
10,12,2178,2201,-0.05228657907125023,0.0606637434547013,-1.4705266153524277,-1.391581184090266,-0.16207006067340585,1.2214771287792372,1
10,12,2202,2221,-0.03689205343170275,0.052167962966975,-1.2912721176596214,-1.1835110263267308,-0.2387858434459463,1.1075135341353124,1
10,12,2222,2241,-0.03576705367888755,0.0384835888759561,-1.0983134926907097,-1.070370642351549,-0.27523027941917244,1.0520165771417718,1
10,12,2242,2261,-0.04089811746755886,0.0457018706144501,-1.0404025336496694,-0.9205863423246884,-0.24256021603921107,1.0678608862733738,1
10,12,2262,2281,-0.04190443352179995,0.0557872154644217,-1.0639198801206313,-0.9516204655890048,-0.2908928524369971,1.0958694056854346,1
10,12,2282,2301,-0.021166677830365615,0.0244841413102645,-1.0237775820869053,-0.9985269150706406,-0.3435360308999985,1.1038332685960217,1
10,12,2302,2321,-0.024819466806001975,0.0264240563993958,-0.9965573594942543,-0.9732277227081204,-0.3507239633635574,1.09970459910475,1
10,12,2322,2341,-0.01993976097120065,0.0266070366893999,-0.9343251616915754,-0.8822182090472624,-0.3519767193831208,1.1292213674285834,1
10,12,2342,2361,-0.023943420754122015,0.0369833951926857,-0.8801445604163286,-0.8266878456166158,-0.35267828926192385,1.1339294317484703,1
10,12,2362,2381,-0.05540615143303503,0.0778611603119853,-1.0308486955800915,-0.8539776258800492,-0.03541005453703726,1.1118487430583834,1
10,12,2382,2401,-0.03956302820880778,0.0678610922298085,-1.4739712183588531,-1.1885336605264452,0.40884172323794116,1.0694784650340436,0
10,18,1475,1494,0.05663793782555691,0.0626912419794687,-2.382008067230996,-2.256790852655966,-0.2451112779058746,1.7332805221158167,1
10,18,1495,1514,0.06838942463233487,0.0748022143664431,-2.6039901241070815,-2.377115659972431,-0.25727136110818966,1.8816561691138098,1
10,18,1515,1534,0.0518650696372478,0.0518650696372478,-2.4936757279862842,-2.2945840863353646,-0.1782653600321373,1.8936669991947706,1
10,18,1535,1564,0.04813516739411154,0.0542240074089875,-1.9922433874088146,-1.7964466473874643,-0.07963787133606352,1.6474155079167818,1
10,19,1800,1819,0.017754567001889033,0.023432857511335,-1.6113390405679815,-1.4994204400246578,-0.07542260517195765,1.2846350107141526,0
10,19,1820,1850,0.01330440317053889,0.0164040254907573,-1.6938159679559504,-1.607218915657547,-0.11889728612617467,1.2126531714125632,0
10,19,1851,1870,0.00701065934116529,0.0091552790430692,-1.6125783756126868,-1.5863293991043073,-0.05407823080598112,1.1700719359504625,0
10,19,1871,1890,0.00472092489906895,0.0074621045274012,-1.6982110040423808,-1.6345457866153474,-0.04551118771554077,1.1566390429733528,0
10,19,1891,1910,0.0020935128294779976,0.0071183033304949,-1.6909167160013439,-1.6064643693788458,-0.09610593449042712,1.2231701711579865,0
10,19,1911,1930,0.0031635555371852552,0.0053935592142825,-1.5774508518303785,-1.546478251434814,-0.09029923724870077,1.2532639836594894,0
10,19,1931,1950,0.0063084176034681055,0.0083882159689279,-1.5492842999691965,-1.5278750363520706,-0.10082613229408392,1.3657500363740145,0
10,19,1951,1970,0.007153455917244635,0.0099014710712958,-1.5679491232208753,-1.518001801876515,-0.08557252590969293,1.3284215472601189,0
10,19,1971,1990,0.006374966444119371,0.0164981918286166,-1.5689533063310286,-1.5421904264549078,-0.09681328925734338,1.3086679561656662,0
10,19,1991,2010,0.013528871652432623,0.0181105725278939,-1.6568623785326217,-1.5687587807542225,-0.07741935803421274,1.3146417808879183,0
10,19,2011,2030,0.0033567695657949993,0.0084742891319911,-1.5727168992839395,-1.5248217144493796,-0.04634173349851551,1.3009617768258657,0
10,19,2031,2050,0.0059838083323149795,0.0111709142037071,-1.581380016044013,-1.5039495466803092,-0.05843761837631749,1.319795444671586,0
10,19,2051,2070,0.005372987113571951,0.0092704377189953,-1.6072224891878033,-1.563749302829562,-0.07726415843023617,1.3935194569780882,0
10,19,2071,2090,0.004276221411170665,0.0081452368405644,-1.657460226372331,-1.593479924429932,-0.04689009683569475,1.3173183642757755,0
10,19,2091,2110,0.006773314539669754,0.0192934641889261,-1.7578659051155516,-1.6972489564729445,-0.07248844187330972,1.3045413237707182,0
10,19,2111,2130,0.020577626063757244,0.0265049534619124,-1.7169846214827795,-1.6309320716663254,-0.13840213268752855,1.360772485000211,0
10,19,2131,2150,0.018524562229828387,0.0229745966055515,-1.6639927326502206,-1.639179063903755,-0.12668070849980395,1.461798030828347,0
10,19,2151,2170,0.010324879202466867,0.0160514894134375,-1.633737637890248,-1.597298808514544,-0.14903414031816556,1.475500627172208,0
10,19,2171,2190,0.008981740965357905,0.0111008006745191,-1.6090150697272765,-1.58103504797526,-0.1152441444748608,1.370063043444025,0
10,19,2191,2211,0.008883766809273616,0.0127208542779924,-1.625520625703211,-1.5994287258010418,-0.1117752718072034,1.3678880039653998,0
10,19,2212,2237,0.01303754587391236,0.0154989621637735,-1.6365186944903585,-1.6105600168886265,-0.11648930772038783,1.3822366080807875,0
10,22,2011,2037,0.012404172010578064,0.021703559557209,-1.5178031764025255,-1.4670179781185984,0.091179485043674,1.1461859037326083,0
10,22,2038,2074,-0.0013322608234122239,0.0054348565376655,-1.4615955120624933,-1.3742966607838547,0.08135348373189949,1.193038893797105,0
10,22,2075,2123,-0.0016981226270931747,0.008245113599565,-1.523212971659523,-1.473281668224077,0.0684500142173544,1.2624238141993416,0
10,23,2162,2190,-0.04183583871653836,0.0510450441565059,-1.4672092845358753,-1.3086352157384424,0.04134000290987503,1.1151336328299941,0
10,26,2369,2392,0.008559655145806885,0.01154810156974,-1.5761160788207502,-1.533261002602217,-0.0771418725054533,1.3319340643266107,0
10,26,2393,2412,0.012752948237040757,0.0180172638037176,-1.6298040830078169,-1.5234124814207235,-0.06020135424055908,1.3207096106175975,0
10,27,2386,2409,-0.022996732746045464,0.0627270294972346,-1.6412446805263248,-1.382928944161485,0.33267582020041314,1.0140559719868896,0
11,0,1,20,0.016784003780817208,0.024050975208106,-1.6190285473014636,-1.4789992218385726,-0.08882280708279676,1.4754749093032866,0
11,0,21,40,0.023066307131305055,0.0263817385318067,-1.751710971206235,-1.6994308529945554,-0.1389015113260011,1.3623334120185233,0
11,0,41,60,0.022200471321025105,0.0287635752053253,-1.8808147702128306,-1.8220657163032925,-0.08030483811861475,1.4714250646809153,0
11,0,61,80,0.01971272594005303,0.0262438311843443,-1.8235036915068623,-1.725698531261843,-0.04189294496969471,1.4572756651136842,0
11,0,81,100,0.018460897573697975,0.0215756087833747,-1.7079973236042831,-1.6157929751329072,-0.08611266868106283,1.4196293057779703,0
11,0,101,120,0.02560829570590247,0.0469376065535679,-1.755766261701649,-1.7016852936426008,-0.1411008168400974,1.3600986205418792,0
11,0,121,140,0.040422843979957775,0.0547984369197134,-1.9099924889550823,-1.797841908889754,-0.08215559524049335,1.343271694814473,1
11,0,141,160,0.02534589366367509,0.0310794271136751,-2.0731563752995643,-1.911778902832324,0.40394553635271524,1.8951892344096712,1
11,0,161,180,0.015868099459076457,0.0287710859697852,-2.3145050721335427,-2.102091388649921,0.7248646033434227,2.2382230658098363,1
11,0,181,200,0.012329796575183566,0.0223561462344222,-2.314466814005107,-2.2332499384156765,0.6672510735057539,2.318195527141037,1
11,0,201,220,0.013496652689498326,0.0233596929267581,-2.306175301648136,-2.1888193993408485,0.6357020358917836,2.33331248750315,1
11,0,221,240,0.014983165047547455,0.017263490377129,-2.3109237932002213,-2.230065899529851,0.6401715049834691,2.3134074324573257,1
11,0,241,260,0.024677450542385522,0.032741477185099,-2.301532609957155,-2.2722161748812963,0.6441723520605592,2.224076475810279,1
11,0,261,280,0.02437963884861869,0.0325294228335563,-2.3775430523071472,-2.08265390236352,0.6134427840449812,2.2622986739213955,1
11,0,281,300,0.019217217337303756,0.0215839069690292,-1.9663215961805307,-1.909826939252284,0.47815499378210663,1.9019170739840763,1
11,0,301,320,0.02109588743275713,0.0264659460104464,-1.894192338555964,-1.7601003964874788,0.44717447125823523,1.8572724809293266,1
11,0,321,340,0.027931060286682362,0.0306547233997214,-1.6758459983642902,-1.610391379514656,0.4034758647927664,1.8061194271658116,1
11,0,341,360,0.024085908445103547,0.0289903511901127,-1.926856968112747,-1.7651256167703913,0.33145547389066926,1.9653411804275926,1
11,0,361,380,0.024244118612552563,0.0303377822711462,-2.022683855354375,-1.9725335035159743,0.25844090980546425,1.9643572058969347,1
11,0,381,400,0.03087739448876812,0.0378680010109838,-1.939514450146093,-1.8707402947800296,0.12853096674193737,1.9065989791123037,1
11,0,401,420,0.029670885995541664,0.0379338741220807,-1.8589124529675494,-1.803038732687744,0.12684590665304113,1.892785402552191,1
11,0,421,440,0.019893300934296042,0.0297949721899097,-1.6516482910167203,-1.4297038973347702,0.03713767563684579,1.4849394189135399,0
11,0,441,460,0.01617236699941931,0.0231767360007686,-1.5005423367175807,-1.3987022785745544,-0.05322565947317779,1.246054570182249,0
11,0,461,480,0.012220960282309342,0.0205444151399797,-1.4530270150654438,-1.3958661569953168,-0.04049398566419123,1.2532606787911817,0
11,0,481,500,0.0062404352827909095,0.0093788426285653,-1.4715362507280958,-1.4303003766166136,-0.0021511353911232147,1.3132611572397301,0
11,0,501,520,0.0009696542118668111,0.001971822270132,-1.4758193381270555,-1.4594723027639216,0.00522646761066275,1.3022933259717175,0
11,0,521,540,0.0015563506093363006,0.006775400417209,-1.4695740958242207,-1.4365875854356858,0.0015930940362474898,1.311566456210116,0
11,0,541,560,0.00967716191370106,0.0160843135155587,-1.4662089050651919,-1.4410872212074868,0.00306632136337342,1.2852014121453037,0
11,0,561,580,0.010985816513304384,0.0156268398761704,-1.4699657223211218,-1.4177280299357278,-0.012264083542820933,1.2693089546237928,0
11,0,581,600,0.014064513869933428,0.01809074581601,-1.506951045882843,-1.4147566325774998,-0.0027764723635555514,1.2896795953916336,0
11,0,601,620,0.0065023229039793615,0.0121066354063504,-1.5148248614299704,-1.4825402148397355,-0.01340158869500071,1.231573806625717,0
11,0,621,640,0.004837302372965465,0.0088323278530366,-1.467668179668164,-1.4003087032886468,-0.03595151131200404,1.2424197031327755,0
11,0,641,660,0.002921196752620629,0.0070835649081757,-1.472072118216509,-1.418050276259076,-0.03568949318950825,1.2813033653502095,0
11,0,661,680,-0.004706049364026241,0.0111594003606768,-1.495725957888364,-1.4680908294066266,-0.01964925907515357,1.3307065410280177,0
11,0,681,700,0.00221725607356839,0.0075722956673183,-1.4880162566160902,-1.461491097962408,-0.015042660492424517,1.2872600014684628,0
11,0,701,720,0.010832943671382479,0.0212551980261442,-1.504964010393985,-1.463105785781195,-0.0093320190498661,1.250019584019174,0
11,0,721,740,0.02239637239589757,0.0350712276448388,-1.5498730130793361,-1.5163399693373976,-0.0030369478845828054,1.2636874367793758,0
11,0,741,760,0.02247214935490841,0.0294708237074567,-1.5061682303938486,-1.4142272729734937,-0.00195678533175218,1.2813803512175657,0
11,0,761,780,0.0038671463725630352,0.0119293777143501,-1.369724204335624,-1.320090635251145,-0.007315100598473659,1.2701885678714722,0
11,0,781,800,0.00117706394135055,0.0046891206830582,-1.310452054129545,-1.286128613260109,0.008606324278510501,1.2489852557959762,0
11,0,801,820,0.000561969197046049,0.0041914128443748,-1.3177843683520396,-1.283216020298594,0.016967904297093973,1.2511635177390448,0
11,0,821,840,-0.000887437034673585,0.0057119543043655,-1.3166461906642473,-1.2900665217612617,-0.014147557069346473,1.2895879273065014,0
11,0,841,860,0.0036354417721672196,0.0077462932754131,-1.3175292137878538,-1.244557319406303,-0.026689516391227325,1.239111907474525,0
11,0,861,880,0.0006357505348515349,0.0092166701842386,-1.3270257439820043,-1.2881499258254376,-0.0024548038839202245,1.2737619030801697,0
11,0,881,900,0.009443752642100952,0.0314832553390988,-1.306242778166931,-1.2605886253654892,0.0011074285267322552,1.3027244645921532,0
11,0,901,920,0.04307688336609824,0.0500898184767391,-1.4242568791638415,-1.364256020395722,0.0003208761198181348,1.3072030746108836,0
11,0,921,940,0.031566423252527995,0.045366574292773,-1.3219877162158882,-1.2376505560381867,-0.009617105390605379,1.306270462881645,0
11,0,941,960,0.017712588832079525,0.0231902208952777,-1.174775815166998,-1.13083865655919,-0.006136942118608955,1.291146856578835,0
11,0,961,980,0.015835220280687907,0.0240113926018761,-1.1004726969799716,-1.0783439691149972,-0.008860733362825892,1.2756756176134005,0
11,0,981,1000,-0.0014752041811650573,0.0056640870110855,-1.0219899616278214,-0.9011125387197338,0.03846342555207048,1.2457276181067207,0
11,0,1001,1020,0.002933285877304584,0.0093197871782838,-1.0133911888357077,-0.9299259853324569,0.08275364831216447,1.2576566670200162,0
11,0,1021,1040,-0.0001652970561262451,0.0076853925871625,-1.0835027927044163,-1.0557830457490625,0.05276601773989489,1.287985909204919,0
11,0,1041,1060,-0.01231970655502773,0.0149687863969958,-1.0569458583246747,-1.033021570029789,0.02939996119508031,1.2307475651276578,0
11,0,1061,1080,-0.011068303260200595,0.0152953524344038,-1.0373558163387187,-1.016664189478654,0.026830515911250834,1.235385118458033,0
11,0,1081,1100,-0.010067339365755759,0.013395979104489,-1.0712739729455838,-1.0428777183835412,0.03390825643217464,1.237833052236011,0
11,0,1101,1120,-0.014717731089519851,0.0198588668028445,-1.072726205577121,-1.031476806861609,0.06561867014558945,1.2381473180346116,0
11,0,1121,1140,-0.015863830302326694,0.025578206041927,-1.0376208958621813,-0.9967380396360382,0.048064327938370364,1.2068034110352621,0
11,0,1141,1160,-0.0034316146728386255,0.0070106910172608,-1.0669948024701565,-1.0492399815753108,0.02940943394594871,1.231977957469475,0
11,0,1161,1180,0.0026387910558309698,0.0157582393249555,-1.098748168255765,-1.059811585814966,0.03114758219442503,1.2399783773858082,0
11,0,1181,1200,0.013002880921605356,0.0160978897766227,-1.1197942526633844,-1.0913752611120369,0.00354883674804263,1.279685735158786,0
11,1,1,20,-0.00571352793858919,0.0116496910442049,-1.3937188983586568,-1.3713462890404935,0.0989568930979367,0.968324827050342,0
11,1,21,40,-0.00304706232781093,0.0097815723975377,-1.376383135008313,-1.3310646970877005,0.08554631955989446,0.9723320454410087,0
11,1,41,60,0.00138059371900174,0.0087762106875212,-1.3881669670757728,-1.3805146314689094,0.0758703701501298,0.9877853673455366,0
11,1,61,80,-0.004089587828951082,0.0114662705760911,-1.3875099269581554,-1.358208750729097,0.07474985496589612,0.9734706931665258,0
11,1,81,100,-0.015902713102518635,0.0226110474613367,-1.3921087763113724,-1.3470275579865814,0.07085559297855762,0.9578463698376597,0
11,1,101,120,-0.015246048744240515,0.0192843384144316,-1.398763205479041,-1.3737172312358332,0.056223513921351796,0.9608210534198367,0
11,1,121,140,-0.039786336396577734,0.0532369728470826,-1.4041510613002457,-1.2955786563948877,0.06744459320892252,1.0298829222364612,0
11,1,141,160,-0.06339099574357776,0.0792795902764775,-1.530234215096996,-1.258249071824724,-0.24469899330988665,1.4426991015465669,1
11,1,161,180,-0.054007807537241694,0.0688925984789495,-1.1383561190616882,-1.0806394512076882,-0.09938680845561765,1.1717464360743537,1
11,1,181,200,-0.062137866635990004,0.0879728036450334,-1.107191159489187,-1.061544189319711,-0.10961777347702575,1.2776795446834892,1
11,1,201,220,-0.07153929293008639,0.0853254246005568,-1.1009698152893586,-1.039769063564851,-0.06423577837368669,1.297226681643878,1
11,1,221,240,-0.08382111053365526,0.0899225044207116,-1.153139107871993,-1.1319992741737834,-0.023169247772377482,1.2577007869652934,1
11,1,241,260,-0.09001904694009506,0.0938010752539153,-1.1705763481603904,-1.1468159446900232,-0.07470451737636079,1.243762103286477,1
11,1,261,280,-0.08778799517894778,0.0908523022031134,-1.2138078933302787,-1.1842149099202994,-0.04430818924339584,1.2887524396283794,1
11,1,281,300,-0.09082634180080656,0.097149964775489,-1.2598269893053884,-1.224066341338827,-0.027115445833259273,1.3043305081242995,1
11,1,301,320,-0.08859384384227065,0.0957728435580566,-1.3566104365879907,-1.3240177156731274,-0.004636034778755271,1.3537312242135031,1
11,1,321,340,-0.08464421396143952,0.0890042033255134,-1.304585779245739,-1.2507932151942232,0.037898847310463946,1.3440397829366506,1
11,1,341,360,-0.07140666344876453,0.0852470600351689,-1.1893410410461647,-1.1138283862566956,0.02811246148078696,1.336186021402429,1
11,1,361,380,-0.06758452802491043,0.0754949342727285,-1.134216626847525,-1.110539635770264,0.014589872630289186,1.3522536683048754,1
11,1,381,400,-0.07823178316876082,0.0862829573094673,-1.1803918649168723,-1.123585108212323,0.1047505126079025,1.45573188480275,1
11,1,401,420,-0.08002685538593138,0.0853249238671081,-1.1608843672448501,-1.1225053455117462,0.10979051536565018,1.526586996027603,1
11,1,421,440,-0.0745899665664425,0.0845930833432399,-1.2865765243212328,-1.193661578794518,0.03728974335663586,1.5587508189623933,1
11,1,441,460,-0.03094053868788595,0.075701275085516,-1.3171391341441232,-1.1859368865541704,0.0973060733017632,1.6066391365346213,0
11,1,461,480,-0.004238559934001145,0.0190010576900968,-1.2504678965990463,-1.1711948105365138,0.1457808157821493,0.9951614262956493,0
11,1,481,500,-0.0252094937389227,0.0350442162014925,-1.0778559315948315,-1.0401588581815413,0.12089166774917563,0.8700897578929675,0
11,1,501,520,-0.03194294288488544,0.0400276311306571,-1.032006732532916,-1.013545168526688,0.08840454951857084,0.851933894084192,0
11,1,521,540,-0.020774082913266934,0.0295721422325076,-1.0317770472778252,-1.0040670369113731,0.09686834978297341,0.8226049021171475,0
11,1,541,560,-0.009405158749755945,0.0321579805560502,-1.0873347221552796,-1.0321044089136096,0.09917111463351681,0.8303829781038191,0
11,1,561,580,-0.0007063086326348706,0.0062408264832341,-1.148588504438515,-1.1326685745667364,0.08567572866855214,0.88925439995967,0
11,1,581,600,0.0017132051015880199,0.0126549155957361,-1.177716112326706,-1.152503731630065,0.10016987821946668,0.898926890245391,0
11,1,601,620,0.00023728349215944923,0.0527510325318706,-1.225795112289831,-1.1758558563707786,0.09296081957848203,0.9113923160987418,0
11,1,621,640,-0.05327161317095591,0.0628723111584867,-1.4713989882663612,-1.210177615565907,0.12879394536725697,0.9533859856381117,1
11,1,641,660,-0.08951891484972448,0.107742524070007,-2.24697748210724,-1.642647984727012,-0.24856374613812698,2.0052407687095757,1
11,1,661,680,-0.07377246409490315,0.0970442854092286,-2.1578126674779723,-2.0511803087192324,-1.1083876407694977,1.4246313136381525,1
11,1,681,700,-0.06138929798488935,0.0687209722328876,-2.217432842524178,-2.093006110313949,-1.3449598658578792,1.263400341366423,1
11,1,701,720,-0.06948073046613104,0.076450537108338,-2.368681980988106,-2.3314789867840693,-1.5232256820928325,1.1269798339912267,1
11,1,721,740,-0.05432783077405054,0.0683946983771435,-2.410560257215974,-2.1816434662241964,-1.3743059447951578,1.2275214190591934,1
11,1,741,760,-0.04859554873054039,0.051058206877832,-2.187986756227738,-2.0286834920068357,-1.4644530250759498,1.1261716109454327,1
11,1,761,780,-0.0421475029791815,0.0428826262442474,-2.0595592271975134,-2.003223353881497,-1.5338858688459216,1.0833819437727228,1
11,1,781,800,-0.03821013096859246,0.0411553217357858,-2.0532431638835966,-1.9038944946436287,-1.567315689052036,1.0827743706627766,1
11,1,801,820,,,-1.898227649148194,-1.817574258023052,-1.5851464867485916,1.0663599740078287,1
11,1,821,840,,,-1.8497757989222354,-1.7934947396881955,-1.6384973242500238,1.0684049885961204,1
11,1,841,860,,,-2.0244631184265063,-1.9064248141344695,-1.6531949621177044,1.0719931065522288,1
11,1,861,880,-0.04452391045994797,0.045749223833371,-2.1595972671869847,-2.083220794076993,-1.564040188998574,1.0746901794688706,1
11,1,881,900,,,-2.2742547291630064,-2.228870689578787,-1.5604605073067188,1.0276340002096465,1
11,1,901,920,,,-2.2296134339957527,-2.1774636057100167,-1.5688479496122285,1.0145415839126115,1
11,1,921,940,,,-2.2820812364291196,-2.2060257924733007,-1.5944407871466542,1.0310740702978036,1
11,1,941,960,,,-2.278697595797123,-2.253136732797453,-1.5656505435283825,0.9780238176076754,1
11,1,961,980,,,-2.2520564618109704,-2.202386231991774,-1.5395620764515807,0.9782579115571863,1
11,1,981,1000,-0.05176146124415976,0.0523425378783126,-2.220013657442486,-2.172686975307178,-1.5357476515115454,1.0163792489845558,1
11,1,1001,1020,-0.05992974130171032,0.0682549563535916,-2.2400173371542356,-2.182853407600994,-1.5507528519892975,0.9986507355429147,1
11,1,1021,1040,-0.0719511530458813,0.0719511530458813,-2.401866070207925,-2.30351303819897,-1.2838563095116826,1.1912255589540532,1
11,1,1041,1060,-0.07401041430402461,0.0867423122504602,-2.5952150475237197,-2.405098700109183,-1.0084687841987197,1.3737868311319292,1
11,1,1061,1080,-0.07119878374419915,0.0789886624991379,-2.597563618561117,-2.515160251680836,-0.9665474043964462,1.4544953122298552,1
11,1,1081,1100,-0.07354093200716567,0.0804767315514757,-2.395634649145978,-2.251430799187321,-0.9926581221458581,1.5025082974168176,1
11,1,1101,1120,-0.0828186115954517,0.106960806165477,-2.2581446809378862,-2.054198989682478,-0.7677769033755839,1.66239380102936,1
11,1,1121,1140,-0.0425440066902177,0.0931250931457009,-1.4334601562600606,-1.157184051049641,0.10531219597234158,1.7303661467217544,0
11,1,1141,1160,-0.009276049468590852,0.0193323187971925,-1.079175738438704,-1.040795099166379,0.2073309325806561,0.9570987007871912,0
11,1,1161,1180,-0.0010903033063709249,0.0204664589572011,-1.102249249428974,-1.0556881962612532,0.19192675874484663,0.9379896635948886,0
11,1,1181,1200,-0.005448762701507195,0.0156819798584784,-1.145009107469114,-1.1171629198389257,0.13150618531030964,0.8874060897388105,0
11,2,1,20,-0.010418101256910494,0.013423357800564,-1.6866336017970998,-1.6591286333578017,0.04645327729072343,1.1691975769033924,0
11,2,21,40,-0.019756624278448008,0.0332032563546633,-1.6910826244413937,-1.6355081890273253,0.10500230953983421,1.0510803583239432,0
11,2,41,60,-0.01566122386389159,0.0237442040287165,-1.6356758068391684,-1.564458017595651,0.1220184911702435,0.9464724905583644,0
11,2,61,80,-0.0003906045081319651,0.006646855955595,-1.600840547322986,-1.532893323856717,0.10737071634761083,1.0810961732130981,0
11,2,81,100,0.000231891320039335,0.0087558712513103,-1.4680421769274352,-1.4015463131629455,0.17348446748463958,1.132069607790548,0
11,2,101,120,-0.007715500832851845,0.0236951973945323,-1.4277684941751985,-1.3700980365815518,0.14140530688483674,1.0665046448154667,0
11,2,121,140,-0.028798106566381498,0.0356672007737696,-1.5016317056941493,-1.4229875792121167,0.11145269227595431,0.9953753477533425,0
11,2,141,161,-0.008823716231971103,0.0253164273248169,-1.5394403543783721,-1.4037609311779098,0.044967255703253425,1.0807054882770168,0
11,2,162,182,0.009161909770598295,0.0203790395614235,-1.4060430505096864,-1.3161663322173862,0.0067581804219073085,1.2200371722352765,0
11,2,183,202,0.018308527489105046,0.0242943884433289,-1.3773751047465772,-1.3121341549671537,0.0007042890244938999,1.1750418610480302,0
11,2,203,222,0.01963470151743281,0.0236249001012374,-1.410607043934963,-1.34184987351673,-0.01933031290388327,1.226817984457661,0
11,2,223,242,0.007646394989886793,0.0194850223865131,-1.4366436479149345,-1.369123000733291,0.04231228849515459,1.2670787551535585,0
11,2,243,262,0.014083542495165571,0.0218620228610034,-1.3758908784348858,-1.3538045435079349,0.03051792547235573,1.2559394514446727,0
11,2,263,282,-0.006221128533793335,0.0235781930048767,-1.4282857017086168,-1.3157313909119663,0.05676366800822565,1.1924007853377503,0
11,2,283,302,-0.022593274258883817,0.0288933763320327,-1.3331467270830508,-1.179771232518358,0.016141572052718548,1.2509305575862562,0
11,2,303,322,-0.005928348282740961,0.0214766607692964,-1.2956466036284204,-1.1893259151216038,-0.055388018363491276,1.236861386190563,0
11,2,323,342,-0.015154473728925758,0.0460823038279348,-1.2742204961540287,-1.2195216962824007,0.06965068644741565,1.3724201675805197,0
11,2,343,362,-0.026710639219977305,0.0388896453213702,-1.3419624404989277,-1.264955312512242,0.0684530967753176,1.281576201390723,0
11,2,363,382,-0.0071931524717566446,0.0169849923845804,-1.3720606836018547,-1.2089653304442036,0.04841867917789519,1.114639980843109,0
11,2,383,402,-0.010538309660953326,0.0211631775992769,-1.3064618595713784,-1.2141160519855194,0.030045350510025798,1.0304900586617838,0
11,2,403,422,-0.010633294025558671,0.0225997966675343,-1.3317456230304288,-1.246068572831316,0.02612002379465512,1.186435867874601,0
11,2,423,442,-0.011312533314483755,0.0201686452235869,-1.430813250346728,-1.3657207841330794,0.05093227831494991,1.0838675047469186,0
11,2,443,462,-0.014642389951848255,0.0198157036280896,-1.3781629180022565,-1.3298886207297085,0.08972194238972406,1.0160378128607048,0
11,2,463,482,-0.016819180457399493,0.0250985014568816,-1.4254729202106275,-1.3760120838782657,0.07901671117392718,0.9987603536535066,0
11,2,483,502,-0.0264239384886926,0.0375623790078419,-1.3901099273137614,-1.3316470952906854,0.09332991987621121,0.99988074909595,0
11,2,503,522,-0.026627514945984303,0.0343648673579503,-1.3647364251360203,-1.3051868531933308,0.10135560368014421,1.003023159005981,0
11,2,523,542,-0.028047034939309667,0.0310712812177434,-1.3939248804939894,-1.329199152117016,0.09715759993679422,0.9980875387577542,0
11,2,543,562,-0.028522679740195917,0.0399108618314939,-1.4040383302427133,-1.3270047014218744,0.0957245528392625,1.015124637333189,0
11,2,563,582,-0.021316948062266833,0.0265932127733535,-1.4526895485521827,-1.421611060883587,0.06886467130173954,1.0581154927813279,0
11,2,583,602,-0.0002391542234407349,0.0174747369937747,-1.5464379315102332,-1.4868610497360404,0.06775863292387341,1.0592907420181366,0
11,2,603,622,0.008429062265726123,0.015800104770361,-1.6756798025617474,-1.5890511869923407,0.049469608996078364,1.0497653772494144,0
11,2,623,642,0.02281188873897996,0.02810340118079,-1.8585396954592575,-1.7488648063053722,0.07451104003463933,1.0266189707865885,0
11,2,643,662,0.03506215824688695,0.0817572154013551,-1.9038389262883861,-1.58703792328094,0.3419839966937106,1.2574703674194658,0
11,7,631,659,0.00606395350845004,0.0295731285878696,-1.4945762631757569,-1.4460047673921563,0.01576221862944385,1.28557396729259,0
11,7,660,681,0.0402483648790345,0.1161241195507329,-2.490381422141998,-1.5404478416478988,0.2867530323588162,2.2788066313889312,0
11,7,682,701,0.09034617251856587,0.1371456369755286,-3.3105454828046894,-2.8413340050284592,0.5332610684223101,3.004756626354588,1
11,7,702,721,0.07376563654816723,0.093632798573975,-3.4145724983843424,-2.820971419437865,0.5615546313664925,2.977979913229156,1
11,7,722,741,0.043368286039417926,0.0562348507255839,-2.96502437235934,-2.357270738790848,0.5963193434900899,2.9207961580080877,1
11,7,742,761,0.06719695704070172,0.0985648005654161,-2.9070520785066516,-2.6227778975353884,0.870831392490761,3.097974052608356,1
11,7,762,781,0.06821154001964969,0.0929348942287944,-2.951521367641665,-2.730419236164071,0.7841818163773608,2.769016928011556,1
11,7,782,801,0.07736658982297692,0.093178411885395,-3.0917444632134656,-2.921800713898528,0.5084720231595605,2.7420988623341183,1
11,7,802,821,0.06291373889118716,0.0955550846225125,-2.0233204402138623,-1.5623856280146555,0.30330537982893163,1.7469890347412373,1
11,7,822,841,0.046222974427124586,0.05564487379333,-1.6629681674180066,-1.6269193648921267,0.19091246248214372,1.481850648600954,1
11,7,842,861,0.04588203731980423,0.0783921848081013,-2.1822767589791487,-1.645544924038664,0.42277260690442525,1.9540960490251678,1
11,7,862,881,0.03029466497947541,0.0508837355622676,-2.4996349671646296,-1.8821348475694053,0.567934388720135,2.495457765016382,1
11,7,882,901,0.01461298208332861,0.0202276429053371,-2.053698839441225,-1.7936397623725084,0.552931699991926,1.9659524453239112,1
11,7,902,921,0.030749814366607904,0.0512724469237986,-2.6333718804023762,-2.2434407082679764,0.43416551610083715,2.1746482032159227,1
11,7,922,941,0.03936117541480718,0.0609205952427449,-2.5558325311124803,-1.880950189367692,0.5440381659905481,2.3941368420593334,1
11,7,942,961,0.03156254473323799,0.0541818052066082,-2.179819551593323,-1.653363420769459,0.5071682864900204,2.166628128329503,1
11,7,962,981,0.03463262985390291,0.0551845025729471,-2.3432995353329575,-1.9209841041616744,0.6136069582342819,2.1923917766908017,1
11,7,982,1016,0.05793588237095989,0.0671524354098167,-2.4706112809047824,-1.6999071619868025,1.0942920678487762,2.2580428781330553,1
11,7,1017,1042,0.029211208249632227,0.0529994298866107,-2.240521593807257,-1.8616303116030144,0.496901020169551,2.751532866072507,1
11,9,672,691,-0.004434349105922614,0.0125652295981307,-1.5815566056317594,-1.530452738708153,-0.0015686820096747149,1.3911818784132925,0
11,9,692,711,0.00036178905648691996,0.0063090122868993,-1.5956141259418943,-1.5680564737454366,0.02521712533007473,1.3061133731010464,0
11,9,712,731,0.008682181771086546,0.0121160061425855,-1.637581948961443,-1.6212726062436489,0.03580808305284906,1.2563539870913383,0
11,9,732,751,0.014679688438355796,0.0214577102902561,-1.609755111350358,-1.5502130305932549,0.054132162618258386,1.2535753925881923,0
11,9,752,771,0.004727682687158672,0.0174919236599971,-1.4894422149323017,-1.4451566778336564,0.04131585374673193,1.3395449087396079,0
11,9,772,791,-0.0009428525767741032,0.0030416864049136,-1.4101775749632426,-1.370491217188294,0.040104743599108754,1.344329842565784,0
11,9,792,811,0.002221390395157688,0.0047313250324932,-1.3823293251436695,-1.3598159188695635,0.03475194014652626,1.3170954773745998,0
11,9,812,831,0.0023455133948171855,0.0041577090872105,-1.3561503776945032,-1.3185415007563606,0.03178784708179952,1.3041325115018807,0
11,9,832,851,0.0015255132337614395,0.0054033262785007,-1.3229379613975982,-1.2570374644826947,0.010632605283896916,1.3015323875659708,0
11,9,852,871,-0.0007497964810179445,0.0062314921508134,-1.428876853474953,-1.3791643990085505,0.012572462842245422,1.3159563892471977,0
11,9,872,894,0.0007109749234956201,0.0084470884243857,-1.3930191565397132,-1.3632641149339573,0.014378274165219784,1.3701519171487035,0
11,9,895,914,0.02676430025613803,0.0377141752033841,-1.4569202381434654,-1.395738264853545,0.023076833644985098,1.3291864068139772,0
11,9,915,934,0.02657941212754652,0.0349926472380426,-1.4268710666633173,-1.3648159005900269,0.01204896744516901,1.319671734396132,0
11,9,935,955,0.013203535874791825,0.0214541036870494,-1.2799275847839315,-1.2071120287376245,0.00401376772245393,1.318262286499596,0
11,9,956,979,0.010799546577054458,0.0144171934182977,-1.156571523733722,-1.1194832676589592,0.0046797737832188985,1.3011435229707906,0
11,9,980,1019,-0.002452516798503752,0.0056345339329402,-1.1666794705493877,-1.0863749224952937,0.04995730331544527,1.3468181726142063,0
11,9,1020,1039,-0.002689440287715966,0.0050085113750042,-1.1652803349816558,-1.1295673832707418,0.08776481926382997,1.3528875857696365,0
11,9,1040,1064,-0.006494997725747735,0.0091061888158697,-1.1145887074777274,-1.077162206412163,0.06629996365109206,1.297093864320989,0
11,9,1065,1084,-0.005880924338797385,0.0080581667358695,-1.0874530192196714,-1.0458116069234806,0.060152548062191225,1.28880963702621,0
11,9,1085,1104,-0.008631019296151074,0.0115951722203426,-1.1185655750545733,-1.0978715891208828,0.05024918330132232,1.3088202155733089,0
11,9,1105,1124,-0.013280167329226707,0.0169294272326845,-1.1267972023480683,-1.0953668203564946,0.04322809344142976,1.3057753009217894,0
11,9,1125,1144,-0.011417498634130996,0.0172756171655804,-1.1046231540243958,-1.079815286636305,0.049082958710057044,1.2591371630080814,0
11,9,1145,1164,-0.005915860137474644,0.0080972922045233,-1.1284904440979322,-1.1042281498509456,0.048517211046630246,1.2800195222317294,0
11,13,932,984,0.025621453601928603,0.0421972625752468,-1.7824491578163144,-1.6179431316264603,0.35412434336542653,2.4712542631438694,0
11,13,985,1006,0.014110722344748233,0.0448870531130402,-1.758076396519365,-1.4504928785898752,0.42137340942826595,2.8960221981066696,0
11,13,1008,1050,0.038097667343617025,0.0567795195316801,-2.098893061495695,-1.218691725378422,0.7543861306145099,1.886583339929394,0
11,13,1051,1071,0.045136935649609015,0.0489603567840012,-2.6478348659316646,-2.53857313806581,0.6748019730831941,2.604688667927544,0
11,13,1072,1091,0.050743612647399246,0.0899185275813868,-2.385548521852231,-1.8371284931590708,0.8183539175594108,2.090824652249956,0
11,13,1092,1111,0.03627004016361218,0.0642054667217477,-2.636627919591152,-1.6027768846151356,0.7181554179378974,2.9429322503927215,0
11,15,1079,1115,-0.00351824568803146,0.0343525859591293,-0.9000488655850807,-0.4745048409402929,1.3673739046984383,1.7121450967708232,0
11,15,1116,1135,-0.017144767652093405,0.0538136697923202,-1.782324500720502,-1.2636176909671382,0.24395105305587358,1.5511038680101747,0
11,15,1136,1155,0.018219639029561075,0.0263095375348936,-2.0172886723398102,-1.879224431590908,-0.13744707433737896,1.4007816776978237,0
11,15,1156,1175,0.002265882524895085,0.0255349023237002,-1.709977467348993,-1.558273456920815,-0.03188399318985601,1.2990670834132745,0
11,15,1176,1195,-0.0200986836428039,0.029221585114294,-1.5488490086047673,-1.4827724132992417,0.0735123097086918,1.1427467519921868,0
12,0,1,20,0.013070913328932657,0.0316783040657589,-1.6291624763010897,-1.5432067813737418,-0.10746141216657257,1.2806939250642957,0
12,0,21,40,0.04809898307258053,0.0548287127266397,-1.8937660452544656,-1.5625702417726155,-0.2120320224802367,1.4380397313036746,0
12,0,41,60,0.03156055201879842,0.0433684879845641,-2.170872706933448,-1.9631205284980104,0.023086147646881515,1.6316492327808696,1
12,0,61,80,,,-2.8616440485067547,-2.2866827753519696,0.3116731186111472,2.0801875485329555,1
12,0,81,100,,,-3.0947186566123532,-2.9945226910627145,0.7619958057162949,2.048995419035617,1
12,0,101,120,,,-3.126036517918526,-3.052310332704287,0.9791308995523138,2.0950114969046485,1
12,0,121,140,,,-3.223753652989989,-3.0651289927491843,0.8919371098011155,2.042276278715124,1
12,0,141,160,,,-3.096812413450568,-3.046278252293099,0.9204761380102395,1.9243312573451212,1
12,0,161,180,,,-3.0348243597465254,-3.0066457073987625,0.9319321458218497,1.8281779133246716,1
12,0,181,200,,,-3.138087860640367,-3.0378135727308995,0.9335546110121973,1.8795419993306912,1
12,0,201,220,,,-3.2138089313761036,-3.1817185451837915,0.9250742497441943,1.9410004389315862,1
12,0,221,240,,,-3.320188670204395,-3.272083496580576,0.8806419731820876,1.9775245738274632,1
12,0,241,260,,,-3.2323821617113433,-3.158091905196085,0.8356370972050889,2.0469725582056846,1
12,0,261,280,,,-3.2162314352047288,-3.15146035785243,0.7879528145163873,2.095565642493924,1
12,0,281,300,,,-3.2741518154046547,-3.191453660188712,0.7519058922996904,2.1256789119590933,1
12,0,301,320,,,-3.4413231057879967,-3.334037040419608,0.8318143042717804,2.0761585062899086,1
12,0,321,340,,,-3.4595827736179436,-3.420249501932102,0.8826718357146938,2.0621413256574326,1
12,0,341,360,,,-3.4345599470860093,-3.390658336726992,0.8597405163646188,2.082421938036336,1
12,0,361,380,,,-3.3317835756476355,-3.2644428707640616,0.6836757289838802,2.0993234294980727,1
12,0,381,400,,,-3.2783094701422337,-3.220338300923528,0.5856777857700115,2.1334121210179453,1
12,0,401,420,,,-2.9540081607536472,-2.703857298567667,0.5460322840601822,2.053032922084146,1
12,0,421,440,,,-2.925584743663917,-2.780172626908405,0.5172692362469433,1.9893357729803511,1
12,0,441,460,,,-3.0395128188722844,-2.94129110062215,0.5127356871409973,1.9059685286367167,1
12,0,461,480,,,-3.0981059357386593,-2.976662648636,0.5481175050922195,1.8889804405119655,1
12,0,481,500,,,-2.874127240770941,-2.772321504926023,0.6224167302481001,1.9111420387361382,1
12,0,501,520,0.03966985862140785,0.0485891163602808,-2.5418664024011806,-2.069068505893501,0.30659660549781725,1.883151839469507,1
12,0,521,540,0.04206283227480635,0.0540462558788493,-1.6808696243264347,-1.4564443604560469,-0.21545316610514859,1.2039382128778302,0
12,0,541,560,0.030211195405666885,0.0337676025379276,-1.4313991693526078,-1.3598669861740789,-0.2593895771828555,1.1769540267415741,0
12,1,1,20,-0.05823133612525509,0.0712883728235766,-1.0590332793207002,-1.0267745889712965,0.2071890897923559,0.864556560044371,0
12,1,21,40,-0.048031591995148726,0.0685708995304839,-1.1056990975670433,-1.0305193095731162,0.21453350697245122,0.9024250128972208,0
12,1,41,60,-0.07704844909866522,0.0892759212880902,-1.5227507220934977,-1.317762402032577,0.19494361952487102,0.9146784322509903,0
12,1,61,80,-0.07319335591676601,0.0897254891209986,-1.548659354209904,-1.3920094063595445,0.28121612006562274,1.301951323918973,0
12,1,81,100,-0.061876213099384514,0.0922508198015905,-1.7813169535017164,-1.6020299382578955,0.3098551646486899,1.1517544734261902,0
12,2,1,20,-0.02115567515009216,0.0261181871594595,-1.4416954810046474,-1.3572602200827395,0.07430425137321073,0.993553637081494,0
12,2,21,40,-0.016916440393022016,0.0260127500281537,-1.3758646984825864,-1.3409068201389145,0.09009315690555017,1.0470956095558892,0
12,2,41,60,-0.013705384360860034,0.0173823314198555,-1.3781736226808525,-1.332230383659913,0.08039405371472927,1.0487088294703173,0
12,2,61,80,-0.015627002344508277,0.0215723043695947,-1.394380126119362,-1.3666804115123496,0.0747688238031056,0.9837937003291655,0
12,2,81,100,-0.010475300001340617,0.0204489114529994,-1.3951119234296268,-1.3583804713552898,0.054700986280250996,0.9758229289345209,0
12,2,101,127,-0.002343814637880705,0.0068452888457395,-1.422964186685953,-1.3812620661229966,0.06403587732845345,0.9926340381276244,0
12,3,1,20,0.0098820048862631,0.0373316556721925,-1.6367823164779902,-1.6146259520788069,-0.13321708913994942,1.2531671644341895,0
12,3,21,40,0.05477098514078792,0.0598546880963077,-1.788249300760772,-1.5462209970488732,-0.21630752227786482,1.3900129504677035,0
12,3,41,66,0.04498742098449701,0.0575519285652784,-2.5179260155484786,-2.157713001094117,0.1624363461774414,2.0219581090731715,1
12,4,1,20,-0.013577517845422212,0.0217582961862308,-1.2965390648313997,-1.2338837420948945,0.00022847875897976551,0.8901560606155188,0
12,4,21,40,-0.006811773402373811,0.0180278789992687,-1.2769118691088455,-1.2336914202930478,0.0008738945589053349,0.9346065492975274,0
12,4,41,60,-0.003580840351835985,0.0087317488812772,-1.29462223967007,-1.2346193508730328,0.011681406468826035,0.9627200800709821,0
12,4,61,80,-0.006063843637247095,0.0117680119149414,-1.3046678127513194,-1.2875781294302222,0.01943654990912628,0.918028233682878,0
12,4,81,100,0.001264132005835315,0.0122187192245265,-1.3094826043497902,-1.2819971673990476,0.008146152981960749,0.9208732291719597,0
12,4,101,120,0.005905941897634094,0.0083107650917847,-1.3033899551912562,-1.2663668297417447,-0.011855650270629028,0.9260464918971767,0
12,4,121,140,0.00906677069981191,0.0157305216240326,-1.2782041536516249,-1.2541484164588828,-0.014943341424131862,0.9133013967039746,0
12,4,141,160,0.010418493126968301,0.0223468512932485,-1.2980290094127702,-1.2390369062064206,-0.01703344061918414,0.8931361504449086,0
12,4,161,180,0.0030415170116770947,0.0073055165278347,-1.2639620554360838,-1.2393558828617246,-0.011252019841980635,0.8876991237260812,0
12,4,181,200,0.010575752374772434,0.0173096474289294,-1.2927696313603312,-1.245972161874891,-0.018801572089692405,0.9153811531508002,0
12,4,201,220,0.003957964499439614,0.0128508923062128,-1.2556312202189017,-1.2227783784792208,-0.020033068090521952,0.9004354181269172,0
12,4,221,240,0.005472492395421865,0.0168564311357026,-1.263705507735593,-1.2138956686819702,-0.03451684261172212,0.9213291342898584,0
12,4,241,260,0.001046589981488715,0.0046024824049186,-1.3060240858347973,-1.2578962258337394,-0.03867181484587843,0.9538555702133703,0
12,4,261,280,-0.000626635851397936,0.0046305361976616,-1.3184089800003558,-1.2615442110977635,-0.05536033632522317,0.9476796720329241,0
12,4,281,300,-0.0025185858016903697,0.0067374104980251,-1.320017254705939,-1.2981962998118812,-0.06812416689439464,0.9491951475376533,0
12,4,301,320,-0.006326011740210376,0.0101258195591558,-1.310713560418527,-1.2756229381424438,-0.08710619770099766,0.9420689854468568,0
12,4,321,340,-0.0062617524398959155,0.0133098824299254,-1.317101755351476,-1.2977882002272096,-0.09868794413654453,0.9501932387658917,0
12,4,341,360,-0.004519405312359228,0.0122824175145027,-1.3084551675546277,-1.2804340845940103,-0.09979210487378617,0.9520714942268574,0
12,4,361,380,-0.004155583716944211,0.008655198968037,-1.298371450019824,-1.2755851860957697,-0.09576232439435907,0.9362516114046013,0
12,4,381,400,-0.0091376739067601,0.0157377070410132,-1.2930436845501827,-1.267201214270276,-0.11361484375441591,0.906762067549719,0
12,4,401,420,-0.011974442325027364,0.0171052569355009,-1.3043452003037237,-1.2571369513520323,-0.09792973049949376,0.8775835425842065,0
12,4,421,440,-0.011930896091947354,0.0200383447884884,-1.2893330415961697,-1.232926090358125,-0.04565696279014379,0.8907472154833155,0
12,4,441,460,-0.009215606786684075,0.0167103119599294,-1.3091938248379207,-1.2562685164830436,-0.04181947537837438,0.882218740512067,0
12,4,461,480,-0.009865734685992129,0.0160719712367638,-1.2758349279410948,-1.2214958102373117,-0.02727587081376386,0.8744218829648412,0
12,4,481,500,-0.015093250099004705,0.0206654026463046,-1.2532871994658437,-1.2216957358832088,-0.043005098904362354,0.8782696847780604,0
12,4,501,520,-0.012620738603770925,0.0269950811302947,-1.2275278609724065,-1.2036093253960765,-0.03428871235028229,0.8660941555571032,0
12,4,521,540,-0.006219234417322281,0.0149735940515551,-1.2152788093421216,-1.1889296848123985,-0.016724228153400977,0.8801256048330275,0
12,4,541,560,-0.009647960908883271,0.0144179650234854,-1.2571941316027042,-1.219101536095171,-0.04058934578750283,0.8927256616449629,0
12,4,561,580,-0.016243308161752172,0.0225477791037257,-1.2344441118284517,-1.1913101509044897,-0.009323051754658104,0.9103320113987238,0
12,4,581,600,-0.010693439742029728,0.02489356797737,-1.2002565289594456,-1.1648257370972206,-0.003858373564066306,0.9268076723837305,0
12,4,601,620,-0.010206639809833402,0.0156955524791498,-1.2572290599288618,-1.2119518772873925,0.03539606580506371,0.9252697473490838,0
12,4,621,640,-0.005302942980995935,0.0120029422424352,-1.2553561736881345,-1.23773307853359,0.04203958319890003,0.9043727255880786,0
12,4,641,660,-0.00493256306089334,0.0126755803894013,-1.251012133241217,-1.2307511434620513,0.0424707179795449,0.9266788023203208,0
12,4,661,680,-0.011017343155520026,0.0164027760844511,-1.2477067226406031,-1.2254820492949965,0.028320860634603005,0.9061185160596097,0
12,4,681,700,-0.01029767735097764,0.020061924463243,-1.2835245793740169,-1.2520012813738544,0.005648269139144994,0.9172384631129967,0
12,4,701,720,-0.013196548791662373,0.0233143936904624,-1.2949685982797274,-1.2787207276721766,0.011753930460144243,0.9287839984752446,0
12,4,721,740,-0.00819694065701119,0.0231802513409487,-1.2964557848778686,-1.251471308112335,0.007889647955836238,0.9183535052952813,0
12,4,741,760,-0.01090491717753252,0.017634762463658,-1.2832778729021022,-1.2447985946501583,0.014463908935695536,0.9112465424812625,0
12,4,761,780,-0.011092214549878607,0.0215999015981138,-1.2779363343436527,-1.2409407259305767,0.013123875535452351,0.8815739969321866,0
12,4,781,800,-0.00703193916293582,0.0165656894553432,-1.2958339029453279,-1.2589640046937542,0.00773889647548089,0.8862352919470025,0
12,4,801,820,-0.00629226102474576,0.0128418491894706,-1.2822493594981927,-1.2203762207066984,0.011160357882542517,0.908835901313599,0
12,4,821,840,-0.009646822356952245,0.0160053693274886,-1.2434749843488935,-1.2124058214671751,0.022002346848917064,0.916090531991097,0
12,4,841,860,-0.016538334563083065,0.017978573224709,-1.2183934013444895,-1.1940448581637562,0.01019087795840249,0.8909662593493775,0
12,4,861,880,-0.018015759078078182,0.0237392604810319,-1.2391121226175175,-1.218900474897139,0.004001487779724669,0.8924652690219632,0
12,4,881,900,-0.01812289919646498,0.0202517943972948,-1.2127001420118337,-1.1958651771974456,0.0033367248584831146,0.9022010526068625,0
12,6,100,119,-0.08976307204254305,0.1105629485107766,-2.035134110052659,-1.7751781786113543,0.45261270802272635,1.5526299741725211,1
12,6,120,139,-0.10625082539967516,0.1161805470574777,-1.8180808036706353,-1.5801964979035596,0.12318670630244762,1.7262247446250438,1
12,6,140,159,-0.09981804409507185,0.1059842729032459,-1.537031906165943,-1.4862061595209175,0.1044644585495671,1.7166358294644677,1
12,6,160,179,-0.09170928418414004,0.0980279001205371,-1.4922776779512743,-1.4433355303087174,0.04628487372358914,1.6398097208363893,1
12,6,180,199,-0.08700670930603155,0.0958602549420891,-1.4834815671287829,-1.4186216539901304,-0.0011206361988223147,1.576757270022386,1
12,6,200,219,-0.07175123485199773,0.0797964134757271,-1.457348208215236,-1.3880212705581896,-0.01477587616291708,1.3372301523941412,1
12,6,220,239,-0.07209370694076722,0.0823735948766178,-1.436909030334984,-1.3474663233034505,0.0015455227049515747,1.2587580716166582,1
12,6,240,259,-0.07847573437932025,0.1079005352120116,-1.350196405176841,-1.2811621111853275,-0.0428457365146472,1.3123706032764713,1
12,6,260,279,-0.08508045893121116,0.0999626855315461,-1.2804818275804228,-1.2305848105946118,-0.0449632458008449,1.2204167499618754,1
12,6,280,299,-0.06833421268088682,0.0743259172121798,-1.2841462293420824,-1.2250440906351547,-0.06967987723363427,1.191778415495313,1
12,6,300,319,-0.07264681431371704,0.0785608175904679,-1.2810800692440487,-1.2378341412882496,-0.1057221437916813,1.170324142849395,1
12,6,320,339,-0.06817704556983542,0.0731931071701937,-1.2814323582033817,-1.1953567698946317,-0.11123681886158976,1.1750491553421356,1
12,6,340,359,-0.07048455699715839,0.0783374333033053,-1.2868082696851355,-1.213224275439883,-0.017786725972061185,1.2152766217504518,1
12,6,360,379,-0.049274639871077316,0.077051276475449,-1.0731493927680442,-0.9924842475414388,0.010623331956110234,1.172660821108429,1
12,6,380,399,-0.08651105515919151,0.1055022751911492,-1.2548185833347723,-1.1024684065442307,-0.05412029755332396,1.2565098539405863,1
12,6,400,419,-0.1006050700579375,0.1195200421179674,-1.3437314821146153,-1.2044343437090894,-0.13059415639320066,1.2814588148788952,1
12,6,420,439,-0.10116550964365154,0.1126980338943828,-1.5718642938224714,-1.369355983930172,-0.015441056256229237,1.2874488927566134,1
12,6,440,459,-0.10507373727970995,0.1088689122739659,-1.515645075334548,-1.3851264711103166,-0.03752669425868843,1.2659597920446366,1
12,6,460,479,-0.0921064666875813,0.1031779856500744,-1.4183699140622539,-1.3321969962566995,-0.03540962713514049,1.235598407805278,1
12,6,480,499,-0.09302872693306513,0.1004472740957351,-1.3783088443422116,-1.1407047111127793,-0.05589907710460825,1.2227719305367397,1
12,6,500,519,-0.07683068696987308,0.0995760103298153,-1.4653393814277877,-1.1582275634865489,0.0007068375721235615,1.3760085906407515,0
12,6,520,539,-0.03158278946303843,0.0945540617007609,-1.7531566291053906,-1.6151371872692315,0.09048316164992955,1.276189861038628,0
12,6,540,559,-0.016039152299339596,0.0337882019947419,-1.5949968826050072,-1.35276536731247,0.07192597605307863,1.376067096047318,0
12,6,560,579,-0.056425226772248885,0.0729730375807358,-1.1239149046600598,-0.9749727881059284,0.3862833712198511,1.2782931800705777,0
12,6,580,600,-0.05338172701477593,0.0680250981888442,-1.1296117546127156,-1.0180746021920104,0.35982481796641047,1.1342468151218725,0
12,6,601,620,-0.06136494213133146,0.0709363587486098,-1.1527616968546022,-1.0301681388813857,0.34226904707980876,1.0574303451266007,0
12,6,621,640,-0.04734127497020041,0.0535880295042262,-1.1422240892723303,-1.0769574479911372,0.303751780215151,1.0435933542697655,0
12,6,641,660,-0.05005508316218332,0.0528104789361299,-1.0883056546125984,-0.9783162899216266,0.30364237719719855,1.0247044127633083,0
12,6,661,680,-0.04275830016653848,0.0515409805559544,-1.1599268802482117,-1.088580323600151,0.3023146907532785,1.0407578829838269,0
12,6,681,700,-0.03653972299943033,0.0508843951671346,-1.3915641644945944,-1.3055043060577065,0.26871611384027616,1.0725047044470972,0
12,6,701,720,-0.04748045276873809,0.0550260795906753,-1.3210847730880322,-1.284431668259967,0.3085736651453293,1.0920506382647093,0
12,6,721,740,-0.04997358369720416,0.0535648380979,-1.306012665943668,-1.270703867545667,0.25532026729578383,1.0683152204184616,0
12,6,741,760,-0.048182758275951566,0.0529611108815142,-1.3240639409079153,-1.2598426756927863,0.24611812333778355,1.0856682865308287,0
12,6,761,780,-0.04549735898300926,0.0482399168669221,-1.3324472041517237,-1.2740686743103438,0.26621809777232597,1.0698261407460472,0
12,6,781,800,-0.04901678996124595,0.0518258750667294,-1.3710259992701401,-1.311134548466972,0.27132112654680796,1.0408269130656218,0
12,6,801,820,-0.04317356539473075,0.0498625926897542,-1.3355953305055845,-1.2218198728165732,0.26206370052838246,1.010880517966231,0
12,6,821,840,-0.03955716119065438,0.0417769398213395,-1.2155813383452236,-1.1936509230296737,0.23888692193136793,0.9927076671556125,0
12,6,841,860,-0.041058138049155764,0.0434591803452913,-1.2392318091616017,-1.2100492263019418,0.23823918179010514,0.986841417559576,0
12,6,861,880,-0.04160411144682789,0.0520041554485421,-1.3143925371636,-1.2543072006906455,0.2264870778178064,0.9834398710568653,0
12,9,238,301,-0.007413996254782144,0.0110905992741828,-1.4747216998686279,-1.4172007637100443,0.04407025658512696,1.0306397807505614,0
12,14,501,529,0.04653520103060175,0.0578375604218028,-2.2228119883809923,-1.7536797192923774,0.011083304345794008,1.5651328596426994,0
12,14,530,549,0.0382667130296797,0.0463953545210544,-1.4890583624305862,-1.3980293756708202,-0.2679577114887195,1.1257538424939793,0
12,14,550,569,0.03258766886090645,0.0398549150690378,-1.4962547718371364,-1.441492267733749,-0.2123446591108075,1.16318404201494,0
12,14,570,589,0.01934696442187994,0.0299298816068302,-1.525494764722215,-1.4183372961856289,-0.12909581116055557,1.168145840536,0
12,14,590,609,0.0003223603392076901,0.0053514049835664,-1.5033643613959418,-1.4612374420807224,-0.025042606504208607,1.1802927803474845,0
12,14,610,629,-0.0034766870196337152,0.0058988303483402,-1.5119830519326787,-1.486571629629166,-0.012373890369266168,1.208311204230616,0
12,14,630,649,0.001318985351868835,0.0068501368106322,-1.501689772689953,-1.480605239037511,-0.05675772648850578,1.2019911498261628,0
12,14,650,669,0.012134092946309478,0.0146746387452205,-1.500619968572686,-1.4847761471567358,-0.07404838768865177,1.199251061389423,0
12,14,670,689,0.0072276232376519405,0.0106282481640505,-1.5650975415201012,-1.5143322245027957,-0.0636127734810337,1.2016052013559215,0
12,14,690,709,0.004144312111027715,0.0057790972372094,-1.6079257229985928,-1.592415717277576,-0.03245546197758856,1.2209881508291442,0
12,14,710,729,0.0007173522243531305,0.0028761799758794,-1.5859233997607165,-1.5630871284330532,-0.061595631610115685,1.1843756131064989,0
12,14,730,749,-0.005389695012368955,0.0092360715957105,-1.5825120194986235,-1.540643157833379,-0.09508840327131793,1.2116605943471628,0
12,14,750,769,-0.007889679445880959,0.0105514547664114,-1.6302088973333304,-1.4731776577817266,-0.10888831305599353,1.2471695733020358,0
12,14,770,789,-0.005404890535387965,0.0084640984241337,-1.6651600157616353,-1.6062031057888897,-0.07674996295529388,1.2276660110744775,0
12,14,790,809,0.0007571101392992499,0.0291778153279778,-1.703115270425799,-1.67824815137551,-0.07622273184348204,1.2522263441315147,0
12,14,810,829,0.044080732080928595,0.0561241407506907,-1.7299250610573789,-1.6788282953521332,-0.10422422514547658,1.2474649128406898,0
12,14,830,849,0.02838296410848381,0.0404334989027584,-1.6936985189808502,-1.6197718030205226,-0.10393711241499166,1.2376693095806404,0
12,14,850,869,0.00645046309631195,0.014706233549882,-1.7054708244212118,-1.6726734316915948,-0.1056370104870262,1.230578807221487,0
12,14,870,889,-0.002772474604049545,0.0046866154638701,-1.7457585457717637,-1.7135636372442324,-0.12074790021616444,1.262139541677701,0
12,17,536,562,-0.011104647568424624,0.0176665870187443,-1.4338347860480782,-1.392564545119883,0.012612286944097759,1.0154303177380906,0
12,17,563,583,-0.017972053752499502,0.024220708929859,-1.4383019697709465,-1.3947235273168093,0.021971268819975277,1.0152631636251424,0
12,17,584,606,-0.0106892054239199,0.0200228194049952,-1.425705061060296,-1.3603173310824284,0.030511648219406596,0.9527213659555832,0
12,17,607,626,-0.00906714297519864,0.0212600116663029,-1.4400518582752055,-1.4000634371886682,0.03039697959613679,0.9816120614255469,0
12,17,627,646,-0.008446405224052527,0.0130626278343141,-1.4079832832471229,-1.3729601835157572,0.03471167630015383,0.9891901787956547,0
12,17,647,666,-0.0062822054469304,0.016032758052105,-1.4075649112648216,-1.3605842837710578,0.038808491728217404,0.9887237064698514,0
12,17,667,686,-0.01165592841371363,0.0147764876910422,-1.404833125671795,-1.357573950161707,0.04143937345784956,0.9813617488577023,0
12,17,687,706,-0.008830443352773196,0.0169296031889095,-1.4452244738744975,-1.402390907596532,0.031623341956740283,0.9895286902668279,0
12,17,707,726,-0.010001713074332574,0.0224671627255721,-1.4477056560503205,-1.407366844171138,0.026106060555061095,0.9709761800406348,0
12,17,727,746,-0.013729958952031837,0.0220185927391861,-1.440794027637294,-1.3923824169449697,0.01548871452871745,0.9710982917675037,0
12,17,747,766,-0.00933584319855903,0.0171041702168295,-1.4208471606481623,-1.3547647919337007,0.01349614221636913,0.9738239880837181,0
12,17,767,786,-0.009262851491440549,0.0168496311089809,-1.4373974287275941,-1.4089937559330428,0.010203174801074601,0.9193155776886707,0
12,17,787,806,-0.005350777082696282,0.0145579631970946,-1.470848325733964,-1.4031149248528496,0.02543653585902933,0.9627936376325588,0
12,17,807,826,-0.007874408785012785,0.0108001457980063,-1.4102036401307756,-1.371757064242669,0.03241308740414094,0.9655825402418238,0
12,17,827,846,-0.011189461346342496,0.0143111470136909,-1.3886294035658044,-1.365187834834675,0.02985988056903293,0.9581009133651432,0
12,17,847,866,-0.012145393649458623,0.0183010122186916,-1.4020996259153724,-1.3757272645263952,0.021889730677152046,0.9504756842709516,0
12,17,867,886,-0.016351392410133826,0.0210661892215608,-1.4025894401645123,-1.372953249294789,0.015624292998912446,0.9511891911398586,0
12,17,887,906,-0.014367397990430195,0.0180479617104016,-1.3968232257045456,-1.372076634629564,0.0071694498219022715,0.9500707001579146,0
12,18,578,612,-0.05559976177952196,0.0777744520046394,-1.1853495518243735,-1.0557618142368828,0.34381544686424714,1.160517664202215,0
12,18,620,657,-0.05458868613116393,0.0605899702143399,-1.1737512528211318,-1.1346344584713413,0.24157234716850726,1.0065761810608815,0
12,19,719,739,-0.05509024664939466,0.0598773697352108,-1.3497086254143382,-1.3342353375970477,0.2077814773985715,1.0509633226394062,0
12,19,740,760,-0.05473092796246672,0.0579779302672348,-1.3803541167451148,-1.3555915285505178,0.1965012389176974,1.022312724590019,0
12,21,806,836,-0.05087971374125194,0.0531395836421013,-1.3523446473975214,-1.32918927596725,0.24575394560165725,1.0723301381174937,0
12,21,837,859,-0.05456367437911937,0.0578173579479237,-1.3034213604845841,-1.2692783986446812,0.2925974266046843,1.1132527497443696,0
12,21,860,879,-0.05308063715035245,0.0593045880975766,-1.3800369002646777,-1.2999475779868204,0.23354934789157755,1.0936820872145907,0
12,21,880,904,-0.04157568424365938,0.0572488969158438,-1.4292828172321257,-1.328843312591335,0.18532076328271505,0.8015479231323335,0
2,0,1,20,0.0040297807007111195,0.0142513345832871,-0.8701118367760813,-0.5821785286851452,0.12244999105925851,1.3931820730003888,0
2,0,21,40,-0.00539785516950933,0.012941252062408,-0.648512306093455,-0.3958288198561863,0.18428354389856544,1.329047068257338,1
2,0,41,62,0.0032452819139228103,0.0117570554677696,-0.33673830327418713,-0.1610483188458527,0.21653163090653899,1.1474768030143196,1
2,1,1,20,-0.00074789027244466,0.0082562141093812,-1.254861502686292,-1.191008435863867,0.09295451889828339,1.2858905719509415,0
2,1,21,40,-0.00642976094966907,0.0099895033285047,-1.3619203569128506,-1.2281674756456922,0.07705870675248654,1.469894320453948,1
2,1,41,60,-0.01009924959278618,0.0140579366167128,-1.2873501241994325,-1.2069637208754616,0.07466440685417461,1.2963127562074614,1
2,1,61,80,-0.009773312906078805,0.0150920629000499,-1.2664417987073455,-1.1884762910974165,0.02380078804143124,1.1693880358992785,1
2,1,81,100,-0.007342491884917155,0.0116075893246916,-1.2290203101551787,-1.1862591417258963,0.022420155374571742,1.1428381488226087,1
2,1,101,120,-0.0026359980644386147,0.0090453570400858,-1.1875054933276903,-1.094660156905498,0.00976605071936025,1.1545673233600795,1
2,1,121,140,0.008451279005802661,0.0111999730861903,-1.1324527043044639,-1.0938158829460565,0.06009013125654694,1.1261045151128581,1
2,1,141,160,0.0011982756062926402,0.0099894647102448,-1.1331731327375147,-1.085513459121257,0.09915431845734349,1.0574127836684424,1
2,1,161,180,0.006207212685861205,0.0100159099910716,-1.1291107820927402,-1.086259716673478,0.12592536827622788,1.0531732104998117,1
2,1,181,200,0.006361709961727076,0.0122355579128567,-1.1527214393634142,-1.0768023706013048,0.09464008861379951,1.043758329996825,1
2,1,201,220,0.009545676378282174,0.0178085315478388,-1.1265137748097593,-1.092507782718224,0.13236011887795354,0.9371956468038869,1
2,1,221,240,0.0053724333369478405,0.0167085535131855,-1.0860959281062696,-1.0431658342676589,0.1020475954010934,0.8435437834296838,1
2,1,241,260,0.0020212077232816903,0.0087650902190112,-1.0507374370322597,-1.0219766408417197,0.10501421466609581,0.8689842356550459,1
2,1,261,280,0.005291349934233536,0.0107862985027753,-1.0727618891147268,-1.0536783182171985,0.12687661138449502,0.8834659465331909,1
2,1,281,300,0.00500737565908833,0.0075563308344308,-1.0827877226456986,-1.0563270668463316,0.1308340736350498,0.9346081463515382,1
2,1,301,320,0.0007229216296382499,0.0090106989260147,-1.1122429786750223,-1.026809020397509,0.17573323461817308,0.9357870905940668,1
2,1,321,340,-0.0047990496491352765,0.0108021170202301,-1.033068137332076,-0.998582834752256,0.12758554656256976,0.8821286217799098,1
2,1,341,360,-0.00702597989032828,0.0110852847357879,-1.0861151252665628,-1.031854290661827,0.11048298056414138,0.8922197459479635,1
2,1,361,380,-0.0009722106359585302,0.0082267934409701,-1.0642201119092543,-1.0287266017609442,0.08158047280548082,0.919288618794519,1
2,1,381,400,0.0034247630156995406,0.0085600316634716,-1.0855750448984738,-1.0461902584333305,0.09882181723743111,0.8525744759347594,1
2,1,401,420,-0.00278145128809913,0.0086376767327169,-1.0865017919452904,-1.0547143177079616,0.10149480330292401,0.8346159174222272,1
2,1,421,440,0.001147547117143295,0.0059170120088175,-1.0841158179015635,-1.0673931586795995,0.12259712301628603,0.856098016031957,1
2,1,441,460,-0.003929274398548681,0.009588250072546,-1.09553901855576,-1.0608813107496586,0.0507025095798838,0.9143961940080164,1
2,1,461,480,0.00831673343397875,0.0141624824937466,-1.1575873933758214,-1.1302342804678984,0.04570567259827134,0.948552183307861,1
2,1,481,500,0.000967845359517215,0.0107201170464398,-1.1012159567691724,-1.0508040086241155,0.09237639039666559,0.9677074182886738,1
2,1,501,520,0.0007682326597595335,0.0065299893167828,-1.1184704573700857,-1.0334852475875629,0.07816360677134516,1.0270410836724777,1
2,1,521,540,6.050741360969491e-05,0.0045567432425273,-1.100208931750692,-1.0650742070187147,0.054171753421659585,1.0257552979943432,1
2,1,541,560,0.005944033252538309,0.0195169742680419,-1.1053822546682461,-1.079145928987237,0.029680772379733773,1.0778507915235704,1
2,1,561,580,0.017565949454909777,0.0297894126487054,-1.1389030590120486,-1.1006792340501796,0.10640329296542639,0.9754900547333261,1
2,1,581,600,0.019978088972325055,0.0257434141808943,-1.0939616044614602,-1.0463178021894943,0.11196598624933914,0.9329524195874777,1
2,1,601,620,0.00927888088526505,0.0254655161227535,-1.0929014302546336,-1.0265899710418316,0.07371454984924405,0.9187956486574915,1
2,1,621,640,0.010841252109592421,0.0217544828160886,-1.0774827794105373,-1.033853293049881,0.08154614438112517,0.8988650136847252,1
2,1,641,660,0.017007854517759897,0.0242867823514792,-1.0823720904619272,-1.0673075037339583,0.12479136085879113,0.9499647083382324,1
2,1,661,680,0.0035732383224287923,0.0137961851615149,-1.1388739556981862,-1.0638985175788114,0.11222092164071826,0.9387843908336647,1
2,1,681,700,-0.021043200301810987,0.0264783712736916,-1.1859624636795734,-1.0664625380445485,0.0840983096856234,0.9549247060418432,1
2,1,701,720,-0.009652402243523778,0.0201189980606971,-1.0889665431083355,-1.062541760022662,0.054986946475534614,0.9586290440013456,1
2,1,721,740,-0.013572966674347473,0.0206626501872201,-1.1252773514282959,-1.0945984412632102,0.030444759115107432,0.9957860892481449,1
2,1,741,760,0.0006559189407446635,0.0146230224231189,-1.1856879634715378,-1.1146319304255217,0.047234214921208786,1.018344592198661,1
2,1,761,780,0.00518214678958938,0.0194070666187978,-1.2545672138905126,-1.202205034122095,0.02044210361928396,1.0930249143368282,1
2,1,781,800,0.00607611033576376,0.021076395510432,-1.3589399634073094,-1.229756456681387,0.015725916872768943,1.2753345238621379,1
2,1,801,820,-0.003877600797584895,0.0097913124675164,-1.277437371563631,-1.235761789420173,0.024507028147252516,1.2244229386258323,1
2,1,821,840,0.0006307393600270801,0.0093002419356807,-1.2180416954529172,-1.151548529019088,0.0004263757623592551,1.2024101547631236,1
2,1,841,860,0.005692374673073955,0.0105458662341388,-1.3608360173045264,-1.289032884817526,-0.053737154580017196,1.255979992167576,1
2,1,861,880,0.0010972400184692407,0.005025111718359,-1.3951709843073048,-1.3001915303311256,-0.054571136649077256,1.1326086660659755,1
2,1,881,900,0.0020554711127222817,0.0083851694897752,-1.2010190985247038,-1.1485489768724628,0.012061735996751175,0.8573057898928974,1
2,1,901,920,0.011343568902147425,0.0141949177200524,-1.2328572723397808,-1.2055351801179397,0.07949006185474178,0.87311807535546,1
2,1,921,940,0.01026553012539876,0.0144517827864439,-1.2222725155067748,-1.1691487343207982,0.09947307474344445,0.8535138991446442,1
2,1,941,960,0.006363476103570085,0.0081651881963759,-1.2038496621979453,-1.152061172777718,0.1523346905126666,0.8646796242452197,1
2,1,961,980,0.01095434976408195,0.0148141689840095,-1.3042260882972125,-1.2643649932326653,0.15217607020687068,0.9119285821749861,1
2,1,981,1000,0.011664778280346061,0.0148204020883454,-1.2644628588179232,-1.2370427839185467,0.13620576742597962,0.8694408827248905,1
2,1,1001,1020,0.013418063512344564,0.0140599870845141,-1.2482351998073222,-1.219246470781686,0.12361756444759978,0.8880307781931952,1
2,1,1021,1040,0.007708462324469109,0.0103360042756508,-1.3059008251976243,-1.2670362660470684,0.07343076133361834,0.8292298943942576,1
2,1,1041,1060,0.009744869424538756,0.013718840413098,-1.2808647341763846,-1.24140305473102,0.0906464877243624,0.7994039459228827,1
2,1,1061,1080,0.010975468020556819,0.013341387780596,-1.2640228975669239,-1.2247453540119757,0.10653152024606123,0.7705652653393308,1
2,1,1081,1100,0.013852198582846819,0.0153404043329095,-1.1935752667212642,-1.1553677982621926,0.07711227878513734,0.7502687278911498,1
2,1,1101,1120,0.010898482957387986,0.0140781959901629,-1.1548556328077382,-1.1331116050290178,0.06299222354504372,0.7412308514723788,1
2,1,1121,1140,0.006131574930344545,0.0083455836539016,-1.178060217753673,-1.157166935189017,0.0595947060453091,0.7486669652835364,1
2,1,1141,1160,0.00566498297209406,0.0088472647510156,-1.2285163397505638,-1.176505610292659,0.06622302149250184,0.7782225448274148,1
2,1,1161,1180,-0.004360862216151174,0.0124960816163688,-1.2365440383178963,-1.2079722974800842,0.1078244643163742,0.7753991306007035,1
2,1,1181,1200,-0.0020320092957784005,0.0045349046550893,-1.235108523045988,-1.202926213594119,0.11830076673930405,0.7811694856028957,1
2,1,1201,1220,0.013790355934981633,0.0217026835720185,-1.2825595162852372,-1.1995705162032066,0.09897626343063473,0.7747509599975915,1
2,1,1221,1240,0.02208867358192113,0.0328862857921468,-1.273036482451031,-1.225765382555966,0.1330096413099965,0.8113307645088852,1
2,1,1241,1260,0.027567946292210634,0.0349966069629233,-1.2702154580638587,-1.2118444801377688,0.1365861179543592,0.8321550700583457,1
2,1,1261,1280,0.01781691299694471,0.0280895955934228,-1.2590209723899597,-1.1700323340891456,0.09011465098031032,0.8727432971342456,1
2,1,1281,1300,0.011860237908270215,0.0153802915788175,-1.2640744389869076,-1.2041893387097458,0.0477177136566664,0.8577777646664527,1
2,1,1301,1320,0.013055675201993619,0.01837716772385,-1.2487285713661798,-1.18907576823336,0.09201921382162123,0.8355185122223452,1
2,1,1321,1340,0.015980754515585775,0.0210187209129165,-1.2513205507268697,-1.205120979115688,0.0933904252928015,0.8003896938961892,1
2,1,1341,1360,0.014007571172875585,0.0185119566657525,-1.2879818117982946,-1.2482983423244256,0.081515921352651,0.834184576901315,1
2,1,1361,1380,0.019435876473371888,0.0274895600874964,-1.2524126937728086,-1.1950002914897104,0.10587000363132995,0.8290583424526176,1
2,1,1381,1400,0.01794327472960287,0.0233042419892512,-1.2503508850512468,-1.2147312088207611,0.14131262199817035,0.8023838820682585,1
2,1,1401,1420,0.0195718668071986,0.0235019781624321,-1.2089779810730414,-1.1626332352534776,0.15290349533875663,0.7884108251362048,1
2,1,1421,1440,0.020762851521472496,0.0238625577222457,-1.2068506665232157,-1.1590325670297117,0.13880116590947084,0.8204997306661909,1
2,1,1441,1460,0.01199042516912743,0.0222937717908429,-1.250534632931742,-1.159207701992062,0.12604777361349037,0.8312187832597822,1
2,1,1461,1480,0.015283491101480562,0.0220070168075773,-1.24286888249594,-1.193117327536508,0.13949207692669902,0.8555119625658605,1
2,1,1481,1500,0.017210682234907102,0.0208686121998173,-1.286608317649098,-1.2604201358162137,0.08671667719940518,0.8658558806620201,1
2,1,1501,1520,0.015677314917472686,0.0179007012503776,-1.3385306198560767,-1.322274054711463,0.05723201672633736,0.8311616549983991,1
2,1,1521,1540,0.01389653114481293,0.0165477536973803,-1.313069706531715,-1.295579029943598,0.06935026100678433,0.8767314972811342,1
2,1,1541,1560,0.00985235231244721,0.0141724777196642,-1.3462296037458987,-1.3169421267294004,0.07277501051268415,0.8684268803568962,1
2,1,1561,1580,0.006153513875565701,0.0091896514722981,-1.4778315050782862,-1.3850195975709874,-0.02078777092802287,0.9318654330866101,1
2,1,1581,1600,0.002561771183505378,0.0104856198273538,-1.5765117801734614,-1.550594177650935,-0.03564435606154662,1.0624234615896269,1
2,1,1601,1620,0.00291406022728344,0.0076272746018407,-1.5452014660320794,-1.4578251125080364,-0.01957370978312004,1.006686084577937,1
2,1,1621,1640,0.011235530358494656,0.0170478896572186,-1.3656671659005621,-1.2467723292126247,0.053480306117101896,0.806087917941329,1
2,1,1641,1660,0.00633005151021106,0.0212573090467029,-1.1902297549404932,-1.1047484670003582,0.10888944014771554,0.7501648949095978,1
2,1,1661,1680,0.012957208456218328,0.023426111719867,-1.1883366753066196,-1.104952314794715,0.10884294604831238,0.7056277660363347,1
2,1,1681,1700,0.012166165920873395,0.0166250056898467,-1.1737357348349502,-1.1389838151174234,0.12329551952285378,0.6732389417105,1
2,1,1701,1720,0.014054523774218735,0.0247756600049985,-1.2143439543527683,-1.0820892245966858,0.12807851716208574,0.733058107468658,1
2,1,1721,1740,0.004793024796099029,0.0218904658590331,-1.269524728413492,-1.2239024990595897,0.05945008025704982,0.7188098954747375,1
2,1,1741,1760,0.00084114401331405,0.0161811103904022,-1.2873893915730785,-1.2396135291103223,0.06322088224077091,0.7236560486007595,1
2,1,1761,1780,0.0025916450439259974,0.0054580562558122,-1.284460419626908,-1.238994989329681,0.06129347519911278,0.709863221263851,1
2,1,1781,1800,0.007019797051380246,0.0090827619844476,-1.3171871184219504,-1.2708263728333355,0.03717394006470199,0.698889032557821,1
2,1,1801,1820,0.01026848805792574,0.0157799353286426,-1.4667316471413092,-1.3521017695680655,-5.781558212501932e-05,0.7539078949269772,1
2,1,1821,1840,0.007960053633344547,0.0178008027346439,-1.4569757363991442,-1.3742215293560225,-0.009744854961489975,0.7538428127719585,1
2,1,1841,1860,0.015230430856976207,0.0183326276433416,-1.3599498470027949,-1.3269409882740868,0.06312964250514366,0.7062988749162472,1
2,1,1861,1880,0.01829308312805358,0.0234246165243379,-1.339521826619976,-1.2984644769596505,0.00048455529941514324,0.7182518013564642,1
2,1,1881,1900,0.016251239746632673,0.0223364174461122,-1.3716902321568676,-1.283166761722471,0.019142611514321988,0.6981026832172637,1
2,1,1901,1920,0.009613907514618155,0.0185530606859626,-1.4683728780358856,-1.3691074969893413,0.08359690278900804,0.8021050601629213,1
2,1,1921,1940,0.02524962948297097,0.0300002549613154,-1.608978041272243,-1.574249240510749,-0.03990037444742263,0.9165086882311394,1
2,1,1941,1960,0.008604293008601428,0.0237676984960578,-1.6761793382640235,-1.6272986990658491,-0.020446864280008015,0.9189958934046869,1
2,1,1961,1980,0.0074411201151956706,0.0156373455732913,-1.6891014194516163,-1.6121209274654391,0.01311385961724868,0.8918033035175815,1
2,1,1981,2000,-0.00467139212134621,0.0111498380951186,-1.4237006276307842,-1.3312257881021918,0.0817311734544087,0.9987256549452226,1
2,1,2001,2020,-0.009903097672844804,0.0159518586491984,-1.475153150024998,-1.353818234921981,0.06869804965750195,0.9757212171871105,1
2,1,2021,2040,-0.014559450311246617,0.0209922619464686,-1.547052216591283,-1.408121064134673,0.11270341400187638,0.8422181458432261,1
2,1,2041,2060,-0.006465103597537635,0.0101736726387976,-1.323076994276263,-1.2708277333600049,0.05055969366769379,0.8942079407310703,1
2,1,2061,2080,-0.0033166400867543945,0.0088355384065262,-1.371716225722307,-1.3336456883781478,-0.05438101429099744,0.9448685580503303,1
2,1,2081,2100,0.016544973941891743,0.0317142667743243,-1.3335081668367683,-1.2815224608536613,-0.00888485807539433,0.9595994183715535,1
2,1,2101,2120,0.00976111354246104,0.0301685579600164,-1.2632014579539452,-1.2026998927873365,0.06872376681205468,0.9148105191876853,1
2,1,2121,2140,-0.0043387789739189825,0.007419799091852,-1.238408754508741,-1.2202434847084502,0.03155722851016953,0.901681248568066,1
2,1,2141,2160,-0.0013045524899336599,0.0055674441678999,-1.3056813764322315,-1.223986486841152,0.006241951932542659,0.934685472088032,1
2,1,2161,2180,-0.004037798255548451,0.0097544595505111,-1.414826142420113,-1.370827547710708,-0.06264438328870928,1.087698709805241,1
2,1,2181,2200,-2.685765611843e-05,0.0049435696958219,-1.36571255298146,-1.3337522017207546,-0.011421807134232194,1.1180604622042782,1
2,1,2201,2220,0.001246753030973705,0.0039841422331824,-1.380951877190769,-1.3307936992308127,0.02563681753171611,1.101911608931281,1
2,1,2221,2240,0.0004038705312419201,0.0062602502225762,-1.309851431246102,-1.2189290435050235,0.0071019741550054,0.9087470216189354,1
2,1,2241,2260,-0.00131589809196178,0.0078226343408923,-1.3084651796523903,-1.2572621249981568,0.0061554953147815806,0.9199163395360432,1
2,1,2261,2280,0.00114168826515138,0.0101129135051286,-1.395966706848704,-1.3254823262316653,-0.004451394331551055,0.9700635998393082,1
2,1,2281,2300,0.004808180827382469,0.0115406113930975,-1.4327583548641405,-1.3761748850630704,0.00462944454902688,0.9160700319792843,1
2,1,2301,2320,-0.0034418955805085153,0.0093241060396108,-1.3665750391504858,-1.3295976283066333,0.025349752550981864,0.9434581807337707,1
2,1,2321,2340,-0.0041904761014597,0.0111183374780967,-1.3794386641346346,-1.34894807336975,0.05019254471808683,0.9316153976494258,1
2,1,2341,2360,0.0010461805608287598,0.0067493070672062,-1.3757137582286063,-1.3422562814554155,0.01559055161034271,0.9532265515079354,1
2,1,2361,2380,0.004288223940851274,0.0143572895586544,-1.3347096181599645,-1.2209371446293809,0.03632555166192008,0.921719628244815,1
2,1,2381,2400,0.01019114967371853,0.0162469093618455,-1.2814905786360709,-1.192463309513501,0.03232182360010248,0.9145489723618938,1
2,1,2401,2420,0.00820074645617913,0.0135042379553953,-1.4656947323522036,-1.422931181719132,-0.056670720653115104,0.8720730381850157,1
2,1,2421,2440,-1.7626071847885077e-05,0.0084475639677941,-1.4804445869235505,-1.4015441556936654,-0.008110327173675306,0.8045230620146802,1
2,1,2441,2460,-0.00011387742591429006,0.0058498576054921,-1.3917491460660294,-1.3394982501733883,0.029414569165694977,0.7407180045525144,1
2,1,2461,2480,0.006214513938257796,0.0101833840132399,-1.3340374598768827,-1.2978173394740264,0.011458587773199346,0.8575409117128627,1
2,1,2481,2500,0.01298332327370732,0.0202499799522924,-1.329620390255808,-1.2631719338217793,0.027108152610752397,0.910925663082556,1
2,1,2501,2520,0.01002019662698441,0.0146830290222468,-1.2738549534522228,-1.1904993516774414,0.04984838447528171,0.8832186405364657,1
2,1,2521,2540,0.007541364653499115,0.0102382511401362,-1.255919783964924,-1.2096065685136377,0.03236704376199983,0.9108844691242762,1
2,1,2541,2560,0.00992909654315664,0.0138340389479292,-1.239970156493793,-1.1969814443442153,0.05516645926761887,1.1648730748175171,1
2,1,2561,2580,0.006252762548132895,0.0122247105910928,-1.2153199729597652,-1.183061536950626,0.060744941261487786,1.196464375588525,1
2,1,2581,2600,0.016485626815419936,0.0221040483477525,-1.271898366548126,-1.2168433269263732,0.023828611167866533,1.2715460283267337,1
2,1,2601,2620,0.015459030749305219,0.0173814093395618,-1.2074588273573763,-1.1459334277793385,0.045614201459278726,1.2333481220064808,1
2,1,2621,2640,0.010920036227689904,0.0134344321832309,-1.1752303731708937,-1.1138071177230855,0.06862464304718,1.1406431934538261,1
2,1,2641,2660,0.010285740617324178,0.0149130535300329,-1.1966856402132244,-1.1501454972746177,0.050150607962963965,1.1101077155734564,1
2,1,2661,2680,0.0010633717809820499,0.0081946872997376,-1.184426142521233,-1.1263438762732048,0.06436705161023808,1.1071438834894496,1
2,1,2681,2700,0.003976413971877215,0.0134269824323256,-1.2307042218091324,-1.1669336782678887,0.02058485682497483,1.1375595735762825,1
2,1,2701,2720,0.00864565236225709,0.0133306335017288,-1.2064636902593233,-1.12704092781736,0.010272275852265481,1.1576201168145426,1
2,1,2721,2740,0.009141906189458714,0.0161623364464406,-1.2224795243506523,-1.196572032752157,0.0027261024267201746,1.1608793948347333,1
2,1,2741,2760,0.01101546624292115,0.0153098308265616,-1.2370141070481346,-1.2013475768087718,-0.01748219386078916,1.140637743967981,1
2,1,2761,2780,0.005855697836837845,0.0094429368119432,-1.2567450185550224,-1.224944954437177,-0.0010685453443835453,1.0613411882956845,1
2,1,2781,2800,0.0048872324491340095,0.0103471917066021,-1.2292551061819255,-1.187762134899885,0.07228632870627126,0.9350114975117645,1
2,1,2801,2820,0.0044308820797724306,0.0075346164722025,-1.2658733284445225,-1.2018455708812086,0.05840218982627906,0.8685763573413551,1
2,1,2821,2840,0.007598014352995769,0.0116139495090089,-1.35561076095039,-1.3200873946504792,0.0076449828352954784,0.8555528910291115,1
2,1,2841,2860,0.004249966665597895,0.0093371181165137,-1.3718624829548838,-1.3324688729683616,-0.008506006012361865,0.866966525734207,1
2,1,2861,2880,0.0017621481392537549,0.0060663623090785,-1.3892230596828372,-1.3599513528122278,-0.010938859017789552,0.8992850933892893,1
2,1,2881,2900,0.00305620452144007,0.0060488780865155,-1.3938997064673064,-1.361017816989158,0.01622245133308204,0.930898391886337,1
2,1,2901,2920,0.0010383372425335849,0.005391774660341,-1.412418420765731,-1.368226303063545,0.018298279411345188,0.9385435053147988,1
2,1,2921,2940,-0.004466130134507885,0.007779342627988,-1.4341446007642953,-1.398139663190597,0.004900170207349866,0.913366550625115,1
2,1,2941,2960,-0.01669898258308461,0.0217220517752021,-1.4975813697450138,-1.4544614619450242,-0.010062320864963569,0.9332383735596412,1
2,1,2961,2980,-0.015287524134233005,0.0189542507287083,-1.4653095169345927,-1.4065945420761388,0.0020280072741811744,0.9037096732829035,1
2,1,2981,3000,-0.003988564337801693,0.0087016344327384,-1.4595356212933746,-1.4194338769132284,-0.021933358837559147,0.893634693934915,1
2,1,3001,3020,-0.00086330196503035,0.0047531378409973,-1.4400811960250115,-1.3918855173700595,-0.0003088110124507046,0.8979788757564495,1
2,1,3021,3040,-0.00390013576596301,0.0077508914688986,-1.454084358895086,-1.4047263597585755,-0.008874031393282359,0.8875939165828027,1
2,1,3041,3060,-0.007301538404332404,0.0098763988622721,-1.4642281823200516,-1.430841332913683,0.031124775862776333,0.8712531489727005,1
2,1,3061,3080,-0.007765463763166526,0.0108632294169318,-1.4932989263041785,-1.4666347916724831,0.012668547896340976,0.8416117045288327,1
2,1,3081,3100,0.0025431057798240317,0.0061445944451236,-1.5505698151007892,-1.493858135918352,-0.01372534335879515,0.8553294778098737,1
2,1,3101,3120,-0.008696063957888123,0.0142796355060228,-1.5772337357198458,-1.4711433938381535,0.005001915729557386,0.9482316962568091,1
2,1,3121,3140,-0.016668130712971678,0.0221321434214325,-1.5486542575219118,-1.4516975641938974,0.008347007409885844,0.8797969555498535,1
2,1,3141,3160,-0.017855110935215402,0.0226356715170043,-1.3628517265003848,-1.1961640541410867,0.08306148551920993,0.8713729326236475,1
2,1,3161,3180,-0.00183380071744219,0.0173880936638645,-1.285702146755346,-1.226948856824451,0.08206712158048303,0.8733947540080397,1
2,1,3181,3200,-0.0034527419212399997,0.0052954295163308,-1.2449764996519936,-1.22522194318695,0.1127355897165487,0.8516027068908718,1
2,1,3201,3220,-0.0027335920944167,0.0084796455639621,-1.2844965178288439,-1.233978910129796,0.20342262232436048,0.8631025542043471,1
2,1,3221,3240,0.011496021893566745,0.0171043600562587,-1.2729836131204781,-1.2412198800190728,0.1853294381969417,0.8298829897166818,1
2,1,3241,3260,0.012244275407149983,0.019982506784441,-1.2437989282659558,-1.1828408116635722,0.17535233250450927,0.846697567657132,1
2,1,3261,3280,0.013555419741950644,0.0209072008276482,-1.1677771978130396,-1.0869393406549464,0.22196170704850035,0.8774371451337988,1
2,2,1,40,-0.00871922066936588,0.0138918291490431,-0.6636513773622738,-0.4384914377224096,0.21135032508935767,1.2995414448707283,0
2,2,41,60,0.0034616171132801814,0.0137865472114638,-0.3725069748809492,-0.1980065936080383,0.20959169352327245,1.2154755152079075,1
2,2,61,80,0.002096613411142189,0.0077426759530956,-0.812770732169322,-0.463588706400603,0.13923552581754955,1.3821954530592486,1
2,2,81,100,0.00377025137632511,0.0216921346200988,-1.156369954141178,-0.8671040252112454,0.14627981792495276,1.4451039828495034,1
2,2,101,120,0.0023392017719111465,0.0086552461494291,-1.1105647879861016,-1.0491440456508987,0.09450498562818274,1.3893194376862552,1
2,2,121,140,-0.00030322723955245983,0.005641212938375,-1.0394132783825054,-1.0073156078949403,0.08925719003851282,1.3638702295943088,1
2,2,141,160,-0.02242930738047081,0.0334623045727469,-0.9750916734458436,-0.9465422532903108,0.1191128482293721,1.3463583107725408,1
2,2,161,180,-0.02935783163312241,0.0464699492588738,-1.0450221225067167,-0.949324444812184,0.11597107759730818,1.3488581633108565,1
2,2,181,200,0.0014218352953980955,0.0363361286098462,-1.0471413013360467,-1.0099731602896238,0.13174997257984383,1.2867075960557772,1
2,2,201,220,0.00779467421796382,0.0186073297930348,-1.0053311708964072,-0.9532822808314304,0.13613725975032026,1.2556776646271928,1
2,2,221,240,-0.015897846384711745,0.0255821051560641,-0.9935320663301809,-0.9461238499685378,0.1519754150034387,1.332143570583194,1
2,2,241,260,-0.029690374925516322,0.0412711069117587,-1.0328100422419624,-0.961234110232496,0.12012242110774722,1.3594374819587873,1
2,2,261,280,-0.011057935418852183,0.0254482468591414,-0.9663441676769373,-0.8883207555821732,0.1266346467748448,1.3589684835581126,1
2,2,281,300,-0.019175404978499518,0.0253600836650794,-1.0326242353455173,-0.9037127129918252,0.15957470193453385,1.374973790789666,1
2,2,301,320,-0.006830230460209484,0.0119880818569466,-1.1009435726152073,-1.0685245030357176,0.171255241997957,1.3630213335048162,1
2,2,321,340,0.01693205787029683,0.0256611071625769,-1.0870970738450367,-1.0644726203287724,0.17005777574773137,1.3555109501543017,1
2,2,341,360,0.005828995432646311,0.0181364235582915,-1.062658107103296,-0.9887449972664202,0.16629375281196815,1.3320768515353085,1
2,2,361,380,-0.011816685302601474,0.0244694941962089,-0.9563255108875917,-0.9233144208004777,0.16864066205022224,1.342069231087329,1
2,2,381,400,-0.025495435845474222,0.0317296793602186,-0.9692956524775509,-0.9253843228969356,0.1710110544892815,1.364803325906634,1
2,2,401,420,-0.02897718478647235,0.0344948384852863,-0.9808668641581877,-0.9335243363547732,0.1793544868696088,1.3819565143436165,1
2,2,421,440,-0.01881567054066809,0.0290068678083332,-0.9677606356381299,-0.9347876458786628,0.18321808080462623,1.3650659544763726,1
2,2,441,460,-0.0014995701583116327,0.010367519689834,-1.0183256386125796,-0.9347113274289665,0.14898804927794815,1.3367331432894913,1
2,2,461,480,-0.0012107892397267555,0.004755726652062,-1.0878255586115066,-1.0659145655273938,0.1327538368985049,1.3287901021082438,1
2,2,481,500,0.001992393912092153,0.0171754830238229,-0.9710126150836714,-0.922318641652342,0.12461875172469157,1.2453983090251004,1
2,2,501,520,0.008679096679594277,0.0538242085602376,-1.19254367767823,-1.056635810704586,0.22780200122356545,1.24505875623755,1
2,2,521,540,-0.028425634162988656,0.0443854169293224,-1.1503212545223467,-0.9067641150819872,0.2362612262947931,1.2100564663157303,1
2,2,541,560,-0.0014192087538138698,0.0109110896276429,-1.0788869258854963,-1.0136302469939662,0.14106697679712193,1.2412150445756622,1
2,2,561,580,0.0024289215561724277,0.0159962382344741,-1.085165437113971,-1.0197122958443288,0.14840759768393488,1.3061040601784386,1
2,2,581,600,0.0010580720067655991,0.0216949280043896,-1.1019204574207204,-1.0591508250295436,0.17516995125769835,1.314149093508006,1
2,2,601,620,0.0009676023625736251,0.0205050980857605,-1.0893303073458522,-1.0449538797610889,0.1850351453488402,1.348301263019486,1
2,2,621,640,-0.023977553746663563,0.0303220377136842,-1.1159511828022421,-1.0920837247043746,0.19663128635613147,1.3567216780487639,1
2,2,641,660,-0.004012533666813147,0.0237388345544513,-1.1213334551364094,-1.0954146300898333,0.17152335476015998,1.3581298667708017,1
2,2,661,680,0.017605787042462965,0.0236006360556707,-1.1339581629799294,-1.107139242691686,0.13879606601754352,1.3761799972911772,1
2,2,681,700,0.009115596156538995,0.0242473145316259,-1.1574243839727534,-1.102828823339692,0.1299119873243988,1.3659651656750413,1
2,2,701,720,-0.00472501556551381,0.0094000779148836,-1.1981043678185292,-1.147685009701305,0.13414994856663678,1.3533232528727583,1
2,2,721,740,0.00634959153243043,0.0106488191790822,-1.2563091058922553,-1.2354288979476602,0.10189343024346756,1.361910901215221,1
2,2,741,760,0.0034248487671197695,0.0101324137106476,-1.272748067072833,-1.2454398875475443,0.12194748695711602,1.3321778385896876,1
2,2,761,780,0.0028485622848969305,0.0084819471993421,-1.2726981607294205,-1.2466231563252412,0.1044990216891279,1.3413848716006185,1
2,2,781,800,0.0013595476591384162,0.0086258437911518,-1.2920989093993878,-1.2678415124947418,0.13119516510097767,1.3568647590914524,1
2,2,801,820,0.0034510617486862654,0.0131568335273938,-1.0964078993447486,-1.0383992168499716,0.12187008014066844,1.3654978421031687,1
2,2,821,840,0.00217663555303833,0.0056916869707861,-1.014347013497113,-0.9891104932774716,0.14805182079728552,1.3329405345500578,1
2,2,841,860,0.0028253062388576755,0.011169609638873,-0.9983998103747231,-0.965001485897482,0.1755327072850504,1.350925829408658,1
2,2,861,880,-0.013267141922241623,0.0291305372808264,-1.0288403194844504,-1.0011408040218774,0.1942326595851167,1.3657849011718843,1
2,2,881,900,0.01053189275764247,0.0160156029543587,-0.9980891166517057,-0.9242125877679598,0.17501295864944633,1.3233141760845626,1
2,2,901,920,0.007791467842602251,0.0123292062790183,-0.8680166536874724,-0.8263322561330103,0.18409161492729315,1.2639979814991669,1
2,2,921,940,0.006045444306932905,0.0087397514019805,-0.8403076133740817,-0.7960045410338082,0.1642893501500105,1.24852008588843,1
2,2,941,960,0.011584258189736666,0.0182690044060976,-1.010237192777589,-0.8949162789246137,0.16286597473041073,1.2854979393778971,1
2,2,961,980,0.008278631418192446,0.0136140721443125,-1.108822865419057,-1.0140356117431384,0.13606831502161904,1.3453178944983768,1
2,2,981,1000,0.00429697856868789,0.0150219994472125,-1.044447449045133,-1.0037918043781462,0.14444189082893077,1.2761614884182007,1
2,2,1001,1020,0.002465980536605005,0.0125024598228927,-0.9911615772594831,-0.944957012224524,0.16871694007324262,1.264631270432535,1
2,2,1021,1040,0.0028273999333145155,0.0166754716708038,-0.97104593322401,-0.8983076531763745,0.18063138787396232,1.2472242570520455,1
2,2,1041,1060,0.0037884242151819134,0.0080810129881091,-1.019949896346038,-0.9550801584232548,0.17560307920272827,1.2518887499656017,1
2,2,1061,1080,0.00342068537056592,0.01124483336546,-1.0828475100764936,-0.9344563089143854,0.15794852404326704,1.3219662163379797,1
2,2,1081,1100,0.005228529431607615,0.0112577827291851,-0.9636852493468948,-0.8901266754270697,0.18801424446120998,1.427237797771167,1
2,2,1101,1120,0.0016649997211671355,0.0063499336893182,-0.9804871083052957,-0.935017390290924,0.1595716051111507,1.381355094346389,1
2,2,1121,1140,-0.0055219835339885455,0.0110486340770413,-0.9615540812060038,-0.9234338107388672,0.1536687811069401,1.3223362983519849,1
2,2,1141,1160,-0.0027722254215065754,0.0062632963885549,-1.020863919752797,-0.979269592029765,0.14017197930703018,1.392742507759637,1
2,2,1161,1180,-0.005904742007728701,0.0104031436981629,-1.0097906072825533,-0.977892380938472,0.12598447350908432,1.3859505499864595,1
2,2,1181,1200,-0.0006848673656390288,0.004826890775966,-1.0548269428693533,-1.0231099918320905,0.12560053963795303,1.3949463947291707,1
2,2,1201,1220,-0.00062381109482731,0.0049252417350748,-1.0397758487534703,-1.0136038537298422,0.12086468190506294,1.383566804886741,1
2,2,1221,1240,0.00016726413230726497,0.0029195447071311,-1.058800204636226,-1.020372140667418,0.1033695667966498,1.3884194392593663,1
2,2,1241,1260,-0.0013899866244510349,0.0024008869376918,-1.0309152640708361,-0.9787945804324468,0.11052194609953356,1.4021404654632392,1
2,2,1261,1280,-0.0009942526405235402,0.006769561847874,-1.0505079842567873,-1.008579715761136,0.10384124922943598,1.3651392818979287,1
2,2,1281,1300,-0.00561035457723413,0.011208548181087,-0.9776324875812101,-0.8776752481389578,0.09390189385331094,1.3877523608909783,1
2,2,1301,1320,-0.013663665777332759,0.0179056056168166,-0.9346100629960592,-0.9046152866656992,0.08388399405846231,1.405126406928019,1
2,2,1321,1340,-0.01603543312812729,0.0204444480251718,-0.9297243983924769,-0.8892709907199423,0.09503667643828803,1.38813844203031,1
2,2,1341,1360,-0.015274555200530235,0.020484284415565,-0.9412058517263828,-0.9071754606426778,0.08769774021350413,1.4065987995090994,1
2,2,1361,1380,-0.02008570681846441,0.0285116645781745,-1.0193510805431114,-0.9580886159392492,0.0922150088988,1.4358282387944274,1
2,2,1381,1400,-0.01216394787142752,0.0211442393410634,-1.0595797138359204,-0.993559620400098,0.09170272001599637,1.4070182807329488,1
2,2,1401,1420,-0.018465627265263282,0.0312608848382262,-1.0889925796635973,-1.0453260400381592,0.09006335021971597,1.40892700934325,1
2,2,1421,1440,-0.035121618247834226,0.0451511602871441,-1.1027372643034048,-1.06339330667077,0.11223098953490833,1.4285824344228768,1
2,2,1441,1460,-0.015803236589031523,0.0401228589916846,-1.0013708548772429,-0.9480886215829424,0.11311433067865581,1.3784592190282883,1
2,2,1461,1480,-0.0042595260922041545,0.008200362356834,-1.0264870913391888,-0.9937397449725331,0.08511339761202433,1.3780696194812339,1
2,2,1481,1500,-0.004822749104520155,0.0092073115888713,-1.0013002672680342,-0.9609530588380556,0.0936792443481754,1.3954852785580554,1
2,2,1501,1520,-0.006500234775790241,0.0130485882849977,-1.041369087742509,-0.9836503441718047,0.10113896065300912,1.3791178453963684,1
2,2,1521,1540,-0.00422670889734294,0.0072389417062144,-1.0559670754346981,-1.0304007329103757,0.08860042760503131,1.3781454607842667,1
2,2,1541,1560,-0.0036287240996514874,0.0115157660460791,-1.047106169508281,-0.9984394440271026,0.0787481879280563,1.3891228120350643,1
2,2,1561,1580,-0.0020382578231104543,0.0164397831244672,-1.0027226870604091,-0.9438118116430658,0.10389320862485678,1.2714558126245534,1
2,2,1581,1600,-0.005815533108544925,0.0093963788514996,-1.0299683433002276,-0.996111381105107,0.11682000756011804,1.2472193612575264,1
2,2,1601,1620,-0.005688797314336905,0.0242173723172609,-1.0259711457417464,-0.964942627659567,0.09244919297074636,1.2626044630736266,1
2,2,1621,1640,-0.00772232106042575,0.0175709465512306,-0.8628779525069653,-0.8272390717668605,0.026238557810986607,1.3081546394856252,1
2,2,1641,1660,-0.007479069275437335,0.0222261830754672,-0.868797993716217,-0.8095667359524455,0.04025285735882292,1.3403250759703105,1
2,2,1661,1680,-0.026577541466048266,0.0359629386466409,-0.8440617314867405,-0.7626594287114633,0.04284470344583432,1.3743471172362203,1
2,2,1681,1700,0.0013704556321373815,0.0205515761118133,-0.8178341308319466,-0.7856997144022848,0.03188193596993287,1.3226761000664113,1
2,2,1701,1720,0.016449844565911684,0.0225035593494317,-0.985676306125197,-0.8626331468262181,-1.902488472253043e-05,1.3626163284746602,1
2,2,1721,1740,0.00342557657145585,0.0199006095605246,-0.998043020986856,-0.8823638560143523,0.034522396956825865,1.317187547589549,1
2,2,1741,1760,-0.00794612710991812,0.0152204811454842,-1.0101680714813175,-0.9357265590075996,0.0922007635604637,1.2700647936698473,1
2,2,1761,1780,-0.011378028129285301,0.0164795051961873,-0.992946031418086,-0.9484450856478696,0.09149467580037324,1.264514088560518,1
2,2,1781,1800,-0.006642239747685378,0.0161266124547851,-1.0382502800691968,-0.9835216908041078,0.09694395352697369,1.198828330280072,1
2,2,1801,1820,-0.00023959118158433504,0.0041938264452299,-1.0894787744648737,-1.045403909090603,0.10598420676416284,1.2075828567299263,1
2,2,1821,1840,0.0034715301511459794,0.0062794949106415,-1.0744834934099345,-1.0481378198413327,0.10880477533469295,1.217347150003929,1
2,2,1841,1860,-0.003803482749873377,0.0101827559840156,-0.9919658547298177,-0.9412491040418344,0.09857633428696386,1.2538346625665584,1
2,2,1861,1880,-0.012273238083922972,0.0194335168627334,-0.9985873254837975,-0.9345571096758766,0.08227769578615478,1.2553650345643566,1
2,2,1881,1900,-0.004777012725353985,0.0114143118690453,-1.0288910387532328,-0.9922224805182992,0.08453914108402097,1.265514624930121,1
2,2,1901,1920,-0.007911974412889735,0.0166064251408446,-0.9854555183550711,-0.9007073508819278,0.10430293274893898,1.3323776650769794,1
2,2,1921,1940,-0.0031960243286074767,0.0076753535627338,-0.9937247692842677,-0.9311988113992024,0.0775151722343144,1.4678136678413947,1
2,2,1941,1960,0.00713660895207094,0.011139774451718,-0.9170514112475351,-0.866549298441417,0.06478664851928476,1.410633043066812,1
2,2,1961,1980,-0.0015396651582531833,0.0039488880836994,-0.9162709330994208,-0.8628660712082029,0.08764280915995985,1.423988998497664,1
2,2,1981,2000,-0.0029427428391899054,0.0090722777445144,-0.9325466663400253,-0.8714823211581765,0.11927896185311535,1.470614614227491,1
2,2,2001,2020,0.0009035982697971449,0.0051551382303872,-0.9422666078404329,-0.8786115273630732,0.123024509158845,1.4133124100954795,1
2,2,2021,2040,0.0039951938814723744,0.0094739341605178,-0.9369424256034253,-0.877098124447162,0.1170446735405295,1.4235676709575973,1
2,2,2041,2060,-0.004698381193089189,0.0076946452060227,-0.9161934874394009,-0.8562286904979636,0.08627422858525545,1.3811848263227648,1
2,2,2061,2080,-0.0026281661141822604,0.0054618935034927,-0.9310403570679086,-0.8977004622263693,0.0743780489231913,1.4226359067701484,1
2,2,2081,2100,-0.006618211070566715,0.0106373050830674,-0.9745470755090505,-0.922072940982732,0.07135296367700289,1.4501957178162708,1
2,2,2101,2120,-0.003439951778572793,0.0115012372696022,-0.9055014558847319,-0.8836792988085223,0.05209941773228457,1.441279403531914,1
2,2,2121,2140,-0.00451750928339643,0.0085119050551356,-0.9099121526775024,-0.8903433278841272,0.056024163731647814,1.4370339394255212,1
2,2,2141,2160,-0.002688594252272165,0.0052131998724325,-0.9427366263854345,-0.9196491382496174,0.04862722201913848,1.434935478474546,1
2,2,2161,2180,-0.01038157043577779,0.0155999606622607,-0.9151836950269313,-0.8755084519484504,0.041104067064447226,1.459806993554086,1
2,2,2181,2200,-0.010085540191838995,0.016899423879437,-0.9736383689316431,-0.9301937172142304,0.06048253600986934,1.2858663802320907,1
2,2,2201,2220,-0.012092513013539636,0.0140522501143048,-0.9537401349810886,-0.926570872815145,0.09628550512861658,1.1809474299788223,1
2,2,2221,2240,-0.008831481648479241,0.0121543619274691,-0.934969352214803,-0.9232644976792752,0.09611036078978069,1.1714878483479105,1
2,2,2241,2260,-0.0035465555335551352,0.0096327976050652,-0.9204492243085252,-0.8765825334739119,0.11665260188392639,1.19237054362582,1
2,2,2261,2280,-0.0025118158016323,0.007157899133631,-0.9142343202304313,-0.8704441610880884,0.10584622077105448,1.2790846491014256,1
2,2,2281,2300,0.0025919105349885402,0.0062681797991087,-0.9634122060719029,-0.920390601955846,0.06871009792170618,1.4212039415987732,1
2,2,2301,2320,-0.00246730099999283,0.0092284370919565,-0.9168349956434421,-0.8578530681688208,0.048516342757526545,1.422451132342584,1
2,2,2321,2340,-0.009876509623926399,0.0129430538718614,-0.9095298518689114,-0.821177808631737,0.062001959275201676,1.4680908815964337,1
2,2,2341,2360,-0.011218554751327629,0.014196955939072,-0.9331785539629289,-0.8898563226723113,0.046276519850205616,1.4702478997460715,1
2,2,2361,2380,-0.006967604515375264,0.0109352341927453,-1.0009700071372112,-0.9745676052244986,0.05504002495487539,1.4651129433109076,1
2,2,2381,2400,-0.004682471799240504,0.007528655821703,-0.9946107659235865,-0.9472159759722664,0.057838896986474986,1.4666445018029726,1
2,2,2401,2420,-0.003213306597831765,0.0073695519260654,-1.0129655934573678,-0.9683371339226112,0.0536735414189564,1.5036916563146476,1
2,2,2421,2440,-0.002785135597970933,0.0090155641074343,-0.9743507790972566,-0.9492412702626788,0.06045182154873692,1.436682078506346,1
2,2,2441,2460,-0.0033496970706362052,0.0049067559189593,-1.0200851653733198,-0.9851033516105588,0.06315169895390119,1.401153803495433,1
2,2,2461,2480,0.001485550177733635,0.0066105462256619,-1.01160439230736,-0.9786942453209474,0.05700364445290936,1.4208648507161548,1
2,2,2481,2500,0.00321990597389763,0.0084102606205838,-1.021673148284766,-0.980889228526791,0.06147271909982817,1.449068880853369,1
2,2,2501,2520,-0.00118285301874448,0.0055582109785188,-0.9887833221423821,-0.9461677503175212,0.06598292339917247,1.4786870917572654,1
2,2,2521,2540,-0.0034162314164062355,0.0056356673205359,-0.9640081345877187,-0.9487516283187504,0.0780398131388274,1.459325099986009,1
2,2,2541,2560,-0.0032906364781461147,0.0061396620961202,-0.997971762440131,-0.9516448767445146,0.08340326970010406,1.4125552508474228,1
2,2,2561,2580,0.000914646388537577,0.0025710477510925,-1.027876965052673,-0.9872935504797418,0.07205250162758993,1.3993117383841227,1
2,2,2581,2600,-0.0007349735795911455,0.0036479940769285,-1.0259477821484533,-0.993110561205137,0.08816308774771296,1.4078952214720029,1
2,2,2601,2620,-0.003789958998062945,0.0059295362439547,-1.053631375938401,-1.0259150817121996,0.07956624201321759,1.404700796226517,1
2,2,2621,2640,-0.0002789609972659065,0.0038372201327521,-1.062871582509312,-1.035187323651737,0.07840287254745959,1.3937830782686285,1
2,2,2641,2660,-0.0045081700858547805,0.0068812476789514,-1.0785756721489383,-1.0469079477332504,0.06825114857906775,1.4086075524057748,1
2,2,2661,2680,-0.0026916251224379647,0.004843958021207,-1.020594426456761,-0.9963495131468584,0.06982511602365227,1.4307796054108453,1
2,2,2681,2700,0.0013647548148471252,0.0026807058270806,-1.0195414072878708,-0.9946486729631654,0.07931979694284458,1.4373357580608002,1
2,2,2701,2720,0.00744067768817049,0.0179059009614025,-1.11925753965992,-1.0893707555295953,0.07942516372641684,1.4690221390391958,1
2,2,2721,2740,0.007076785538856214,0.0115867402237465,-1.1434909313681003,-1.115651964235479,0.0768377372730986,1.4801126708866434,1
2,2,2741,2760,-0.0062298054212142455,0.0276202842041552,-1.1941165038045352,-1.1580003848408638,0.07264567455004388,1.4480065619734481,1
2,2,2761,2780,-0.001811111887679282,0.0230460476677428,-1.1034987639025584,-1.0669397414219577,0.08173243140016247,1.4336296658078205,1
2,2,2781,2800,-0.0031757873490454447,0.0096746894578857,-1.0926698024411172,-1.0550415268678983,0.07257721338018003,1.439408335781751,1
2,2,2801,2820,0.001167960399436728,0.0060558372020698,-1.1051825176645176,-1.0645815907430662,0.06086048120525049,1.4255629798326344,1
2,2,2821,2840,-0.009783184564266014,0.0304671826854531,-1.1504455822554884,-1.0765792632382696,0.047857059128024175,1.4639057507584687,1
2,2,2841,2860,0.003205042528989015,0.0108091061805295,-1.112457840118664,-1.088899893688254,0.05348693796012892,1.4476496529142286,1
2,2,2861,2880,0.003266232750918,0.0061807033837707,-1.1080466613814162,-1.0930732634605214,0.07182072734350814,1.4228935623202301,1
2,2,2881,2900,0.0015664253742279886,0.0070364730310977,-1.083094565999755,-1.0624729773848285,0.08461051658200215,1.4197433847994143,1
2,2,2901,2920,0.006294359218591279,0.0076399138083712,-1.1006640833961123,-1.0521178972126537,0.07473593187236255,1.4401823003653518,1
2,2,2921,2940,0.0053252911103652285,0.006691433496974,-1.0770359479545344,-1.0515746154575003,0.06725624711012557,1.4669844302347637,1
2,2,2941,2960,0.00611130791785948,0.0117854237056429,-1.0205291882979362,-0.9326019138700417,0.06287830041411825,1.3480317297957083,1
2,2,2961,2980,0.008480449697259616,0.012572502771574,-0.916696921759752,-0.8580863269893623,0.09270678360889333,1.4511971662340692,1
2,2,2981,3000,0.002508107442684795,0.0089297315973095,-1.021021340739826,-0.9576131317779,0.07342257508706501,1.4851399606345377,1
2,2,3001,3020,-0.005407273588867174,0.0097264862932247,-0.9868046454745543,-0.925405908090325,0.09584524789140408,1.5368766444497985,1
2,2,3021,3040,-0.0034706649839604496,0.0099963579010638,-0.965476030268835,-0.8746480306679785,0.08259651935375073,1.4600875580238535,1
2,2,3041,3060,-0.004421211429093801,0.010062107256504,-0.9258170210042078,-0.897871700264454,0.07520332058390064,1.5611622306450514,1
2,2,3061,3080,-0.0017387453778126502,0.0097007093844626,-1.0468914732295058,-0.9680587010824312,0.06071769974993999,1.565020475359384,1
2,2,3081,3100,-0.00226625042332037,0.0065361719855736,-1.0948009286000073,-1.033756527294646,0.08544226742092435,1.5757482990035494,1
2,2,3101,3120,0.00036785456806191004,0.0040270452791355,-1.1074661898166862,-1.0585622376418766,0.07980526581837727,1.578690883371987,1
2,2,3121,3140,0.00064493742404185,0.0025536566994429,-1.0960313192207747,-1.0619878617680325,0.07492885426937615,1.5581151324939841,1
2,2,3141,3160,-0.0009938673174477949,0.0045242318417818,-1.124113287144517,-1.0633025570774128,0.06781644661129647,1.5199980224507357,1
2,2,3161,3180,0.0011975922359736648,0.0042604594756333,-1.3949271243451364,-1.082162102361515,0.06956184316673128,1.7534353262690003,1
2,2,3181,3200,0.002246520406865016,0.0062435854925552,-1.089528612173508,-1.0384736243197144,0.07613312908529554,1.5152049588074168,1
2,2,3201,3220,-0.0013313839430204,0.0061270046002378,-1.0804224832257694,-1.0237910285009235,0.0854218837398835,1.4938892589653072,1
2,2,3221,3240,-0.008546679616800496,0.013739291241973,-1.0586713240868377,-0.9825491966813926,0.08883333195249014,1.478930687217967,1
2,2,3241,3260,-0.009486651296296734,0.0166384627939248,-1.0004858054284,-0.9583460932884182,0.09362700497445227,1.4919395276370793,1
2,2,3261,3280,-0.002356185914132965,0.0131845942214714,-0.9885441016571199,-0.8960771413054511,0.0967054966683904,1.4829442706722669,1
2,4,1670,1692,-0.01454168594362756,0.032870563392533,-0.8562445127201798,-0.7521482884468624,0.07516315914852825,1.4025227209656215,0
3,0,1,20,0.011858680766205821,0.0214694922280668,-0.9020143603518103,-0.8384390435195259,-0.15646433726599354,1.0278321062496594,0
3,0,21,40,0.013155738583233526,0.0181359376655397,-0.9508804456517108,-0.914025681661724,-0.13195398180226406,1.0257547354926193,0
3,0,41,60,0.01791449752516397,0.0229604525353123,-0.9947038588821802,-0.9224890978827276,-0.12418015224561238,1.0186242057370631,0
3,0,61,80,0.018272672687588275,0.0212901039505939,-1.0085955534347146,-0.960149554616416,-0.1345883564051139,1.0010751600579229,0
3,0,81,100,0.011798755367072169,0.0178540879707666,-1.0541772164374112,-0.9923460981516448,-0.10565462954547536,1.0045151194689772,0
3,0,101,120,0.012723590492632806,0.0251348020760978,-0.9564029533850509,-0.8635569586766842,-0.1256884148971579,0.9902105845243613,0
3,0,121,140,0.01613076928525983,0.0252796898488804,-0.9478810700812812,-0.8763786571001719,-0.12875333400446265,0.9928654489966151,0
3,0,141,160,0.015551016036395993,0.020427349124551,-1.0101720105765812,-0.9333211316796132,-0.08387068867488964,0.99599018963311,0
3,0,161,180,0.022668301940994375,0.029361620530011,-1.0016123408700934,-0.8709764270507292,-0.10593667901997106,0.8579664174407954,0
3,0,181,200,0.027187819643349993,0.0329568878914895,-0.9787277726182152,-0.8937886451950233,-0.1192643636784269,0.7508387213958352,0
3,0,201,220,0.026235752346330864,0.032933969255829,-0.9637705859359335,-0.8694987956243097,-0.11616189764393917,0.7596687161945755,0
3,0,221,240,0.02472030437590987,0.0342125106183946,-0.990900784904302,-0.9218630100423716,-0.09329306123686053,0.8025934719069573,0
3,0,241,260,0.007029474935579881,0.025690521468797,-0.9310670803202511,-0.8131377449724672,-0.11402240309570584,0.7814633317882977,0
3,0,261,280,0.0015960401758272902,0.0055593084472475,-0.8072241901466967,-0.7148141369958746,-0.11607295980705398,0.8000020262523879,0
3,0,281,300,0.00888187284598808,0.0113984568801763,-0.8032099156654635,-0.7687838202389832,-0.10778911873184271,0.8298076562828042,0
3,0,301,320,0.007567087151368624,0.0172850627419917,-0.8655092191301664,-0.8237115677874973,-0.11056065444208948,0.8041242643791143,0
3,0,321,340,0.005960468855788605,0.0177979582868249,-0.797296128333145,-0.7427529592919242,-0.13970061765921377,0.770915975723456,0
3,0,341,360,0.00287649249753753,0.010757520584082,-0.857629817318507,-0.7928755000874086,-0.12929465859709646,0.6528259554777942,0
3,0,361,380,-0.0025607045435516946,0.0102563314734246,-0.885953349624792,-0.8101976839470726,-0.09110523860152685,0.6703627448137681,0
3,0,381,400,0.0007417514391018034,0.0031400653606854,-0.8590233252281978,-0.7823676934265388,-0.06579960538515868,0.6524143753675942,0
3,0,401,420,-0.0024776944359993793,0.005987142991402,-0.9282975679843657,-0.8015242049827831,-0.034667625102375615,0.5987384088278588,0
3,0,421,440,-0.0015367796655738621,0.0056147293603803,-0.9002154796526929,-0.8182554517649963,-0.05281830522262274,0.6971705419614751,0
3,0,441,460,-0.001432403789246265,0.0044330316046251,-0.9485387962369367,-0.841671815434535,-0.051515205353634755,0.7498685233740253,0
3,0,461,480,-0.0011359568609201106,0.0079499265381978,-0.970692254733596,-0.9255279624184686,-0.02790943295059739,0.7427014980062846,0
3,0,481,500,0.006514423560478525,0.0090799447606599,-0.9804131288727387,-0.932278658794796,-0.047061494460843546,0.7870048954811173,0
3,0,501,520,0.00837304616013438,0.0140270605605722,-1.0277817546783234,-0.9722504692332772,-0.05014249808493389,0.8264094413866652,0
3,0,521,540,0.007948177258037856,0.0129133308550859,-1.0769088824911013,-1.0386124666700207,-0.014680307297674148,0.8061521597169043,0
3,0,541,560,0.03548936564679531,0.052177540516071,-1.1045113450691866,-0.9551121641403532,-0.1208401526051284,0.9374102634543588,0
3,0,561,580,0.020637372096888294,0.0413911484516967,-1.1120471045604172,-0.8901321927320862,-0.06003149140414439,1.0258269291215714,0
3,0,581,600,0.0270426153850351,0.0375152947669204,-1.3390670720406121,-0.8937438740080739,0.7320400073615521,1.6035791484527047,1
3,0,601,620,0.0031599827483019495,0.0123277655170349,-0.1517345940995794,0.2109321988035817,1.1357040366236597,1.8904553977353769,1
3,0,621,640,0.0184486660118459,0.0289231491073819,-0.19504575808292415,0.1646100706657793,1.065523230665041,1.8718413687735531,1
3,0,641,660,0.0174713486714881,0.0174713486714881,-0.41109741059418914,-0.3345055104049089,1.0478283102528045,1.891177651305768,1
3,0,661,680,0.014416375806561302,0.0274343563550163,-0.4354302103758547,-0.2817850830663385,1.0007194574620422,1.870412716331885,1
3,0,681,700,0.013913071539210209,0.0253136836554949,-0.2096444543938602,-0.1132535920041235,0.9735936808501865,1.8409210257038833,1
3,0,701,720,0.0027438488068139274,0.0134770180182039,-0.05959423908790741,0.1325107018002886,0.9587793890934686,1.8038625661274121,1
3,0,721,740,-0.016326336740277374,0.0235166066234432,0.1614130453515999,0.2337664375033663,0.9050287105775151,1.7996061360909419,1
3,0,741,760,-0.026748161225254512,0.0301308731987231,0.2888300818349096,0.4529215036334806,0.9266301034302055,1.7717225386035178,1
3,0,761,780,,,0.49659737648574626,0.5696494038440872,0.9544506242947672,1.7718242123677808,1
3,0,781,800,,,0.4384205641314283,0.546914744116708,0.8714403643867902,1.8330930405867165,1
3,0,801,820,,,0.26505836720225895,0.3996334878550122,0.8851625694684356,1.9412380602178096,1
3,0,821,840,,,0.19168132425089557,0.2717381368701329,0.9232164532301061,1.8964350908072565,1
3,0,841,860,,,0.2648625977810181,0.3297470611302684,0.8716747020646197,1.86183347895783,1
3,0,861,880,,,0.15412581331854633,0.3016946056270418,0.9564095619714961,1.8992822874979833,1
3,0,881,900,,,0.07406267404549217,0.1795634752912137,1.0100943680005656,1.9935607001067477,1
3,0,901,920,,,0.2118735066139475,0.3587613929316899,1.0534493611508684,1.8823395178242346,1
3,0,921,940,,,0.1030680639985367,0.1997998186500166,1.0063254584049894,1.9858993062667092,1
3,0,941,960,-0.0004050391526239502,0.011796837098268,0.0048222816978815645,0.243624146991418,0.9556788101415344,1.8085843192223927,1
3,1,1,20,-0.007286475175651363,0.0114873113692927,-0.81520325457957,-0.639350537907673,0.06726173313133366,1.3221217520177244,0
3,1,21,40,-0.01117138901433181,0.013999273974891,-0.9525193645595698,-0.8453743245189448,0.07134173130668513,1.3278661980099722,0
3,1,41,60,-0.012990285218214126,0.0190956334948416,-0.8953878164511633,-0.8478475232427727,0.07917019882207607,1.3266437012069952,0
3,1,61,80,-0.014422815077400869,0.0177526348491593,-0.8289408956618951,-0.7802550592505573,0.06254013381588318,1.2550450904572013,0
3,1,81,100,-0.01597642961821854,0.0191405534460758,-0.8478290127947185,-0.7968010369704138,0.06925253078354114,1.231246347342942,0
3,1,101,125,-0.009032452719469262,0.0214815568497599,-0.9671586688309837,-0.8594122351833758,0.1457664037522321,1.339220483694445,0
3,1,126,151,-0.013086405774367394,0.0719524585857337,-1.1355211493458528,-0.9488521682203874,0.018021484755726642,1.495110161726709,1
3,1,152,171,-0.02828903910480232,0.0493802728682289,-0.5925215027002824,-0.2166204403779423,-0.9980481975058544,1.8876975351418028,1
3,1,172,191,-0.004808770929210204,0.017456597942752,-0.059164315333777695,-0.0065768032469032,-1.4855919889236675,1.7331664204138868,1
3,1,192,211,-0.0013746588771806653,0.0133158305802735,0.043738162435985904,0.116865142928884,-1.5862115628326159,1.675385302313113,1
3,1,212,231,0.014549031749148175,0.0272546392215683,0.1448106032580791,0.215352791202434,-1.5736240161766104,1.76105643901567,1
3,1,232,251,0.024972020223169696,0.0325372761936789,0.19004731658805443,0.2181855586369781,-1.5917719150250664,1.7499037917033955,1
3,1,252,271,0.014315756099327618,0.0286891137762636,0.19909932074843367,0.2166771343725175,-1.6010536999475171,1.7943060295937532,1
3,1,272,291,0.019193558222285283,0.0249183311529725,0.18200133021565085,0.2189298594722336,-1.555809126424324,1.780323590638688,1
3,1,292,311,0.01643766065422974,0.020471077149943,0.20074958223897635,0.259031925485409,-1.5406443230207685,1.7614210864368005,1
3,1,312,331,,,0.14755867733895695,0.1890643073103571,-1.549575201531122,1.7305647448115735,1
3,1,332,351,,,0.13271618911070787,0.1601962600621878,-1.5501694768507885,1.7056321860529313,1
3,1,352,371,,,0.12452576271108542,0.1670652107138469,-1.4638557700271893,1.704240221004704,1
3,1,372,391,0.0076510100101248426,0.0083054992246212,0.10179021175473753,0.1508310785094661,-1.4416897455819497,1.705181482083707,1
3,1,392,411,,,0.13342425032534552,0.1746084374089059,-1.3899847933091016,1.69017333682199,1
3,1,412,431,,,0.1321578068578585,0.160668786618102,-1.3806530892882545,1.6671000888422305,1
3,1,432,451,,,0.12052361254347801,0.1392887722194593,-1.3772308030165945,1.6748093752686644,1
3,1,452,471,0.015440631096268306,0.023140985549228,0.08982305380819607,0.1390287252483619,-1.3212532609559333,1.6852259555280766,1
3,1,472,491,0.01679153449921063,0.0206803198945703,0.16565712601308574,0.2016066615628244,-1.337420626148216,1.6539676267188046,1
3,1,492,511,0.01322969560496104,0.0367744724606851,0.13482721378249535,0.1949584788945749,-1.3470988626010432,1.763496764110198,1
3,1,512,531,0.009359881154680108,0.0505556385964932,-0.17057802162990057,0.1821555697135618,-0.522320119143481,1.4854611943257854,0
3,1,532,565,-0.03184616009281494,0.0504265313440698,-1.239560246827337,-0.9891215661318478,0.21832246152955787,1.3840542837324619,0
3,1,566,585,-0.00747852355226117,0.0351001495251153,-1.1584734797081262,-0.999940794251004,0.18171523330854455,1.5619634700199716,0
3,1,586,608,-0.00023574342858372478,0.0126277694747432,-0.9167072669221176,-0.640334569987376,0.22594840207603079,1.444880883171709,0
3,1,609,628,-0.018632492340030758,0.0363844771142507,-0.779414128658752,-0.6302137005297274,0.3277158927849955,1.4892919516738814,0
3,1,629,648,-0.023234661603107415,0.0360446711628705,-0.6080724234778536,-0.3691675074763891,0.3107065746722356,1.466972555441874,0
3,1,649,668,-0.013700852206147654,0.0216981866649566,-0.6145647242839416,-0.3905188576961757,0.3134086570898134,1.4750330762378718,0
3,1,669,689,-0.004442535772436371,0.009653705179755,-0.6292703942045872,-0.5105240523553607,0.2660843964182997,1.4120813688400096,0
3,2,1,23,-0.008508730947093734,0.0125495853149809,-0.6891565097426608,-0.5180018310461206,0.07401365545591679,1.2112756543606118,0
3,2,24,43,-0.012048632414319384,0.0152363326595346,-0.8280984783608216,-0.7218180312085823,0.07529857655858885,1.2342530004969101,0
3,2,44,66,-0.01280618793413731,0.0162989900248405,-0.7633350313294647,-0.7144243190735355,0.06647935011977293,1.1997533993838005,0
3,2,67,86,-0.016331148684601858,0.0220976625280788,-0.7753561567039767,-0.7168808931747163,0.07402505707404197,1.2037044519625044,0
3,2,87,106,-0.020753401692439312,0.0262471499941488,-0.8764324633132266,-0.7372285076182751,0.08401099593714444,1.22983064589739,0
3,2,107,126,-0.014950118780872376,0.0366723464696345,-1.0135493641960562,-0.8365616934593363,0.13894853909451652,1.3737274685787644,0
3,3,1,37,0.010738808801503404,0.0166439283306622,-0.8071663673936269,-0.7227377432697122,-0.14493589872408386,0.8610896776323107,0
3,5,175,198,0.01674761522737199,0.0211655208785898,-0.8106357054697295,-0.7476382380649893,-0.2057203801088642,0.7199002431418403,0
3,5,199,218,0.019625879498771797,0.0232654004533233,-0.8382203091167828,-0.794756755374901,-0.19536744407399648,0.7034028448699354,0
3,5,219,238,0.021670874632875103,0.0291909708970701,-0.8501816780856959,-0.8084201292246128,-0.16605234734508875,0.7943828977792511,0
3,5,239,258,-0.00083669600973473,0.0174127105195617,-0.7753541409632349,-0.6764577211703307,-0.1738234518815041,0.7577810277583751,0
3,5,259,292,0.0008721946633849351,0.0065469207086411,-0.6751926452559991,-0.5633259242875478,-0.16888085135730296,0.7496189500609608,0
3,5,293,312,0.00220039618092568,0.0069048102211926,-0.6900835645459157,-0.6176981833383496,-0.1728330050633154,0.7534682538648629,0
3,5,313,334,0.00011610209034545458,0.0078536934063419,-0.6340128737399733,-0.5716786578143433,-0.21029596088640864,0.746785683015454,0
3,5,335,354,-0.00613499325257185,0.012161574518335,-0.5901349895751095,-0.5539584469912573,-0.2335817395167467,0.650950524230944,0
3,5,355,395,0.0012759696221426916,0.0090484513171906,-0.6213255589984283,-0.5504666082337911,-0.2150289073298733,0.5963033339349952,0
3,5,396,423,0.0029967687956124656,0.0070011111766367,-0.5800346238357679,-0.556385378702968,-0.1429216885459115,0.5898271626389817,0
3,5,424,447,0.0027562373923097445,0.0072121462043706,-0.5939979602209702,-0.5412120542060208,-0.1579121191052466,0.67927142750991,0
3,6,183,210,0.020799643614266842,0.0315836528196309,-0.052068624352588445,-0.0005854213449322,-1.6826588207556767,1.6967099830983976,0
3,10,528,550,-0.04085694487545989,0.0680449131122907,-1.2676254046942173,-0.6478881482256917,0.19236303583369654,1.298263253330187,0
3,10,551,576,-0.02735298959385387,0.0542615137973362,-1.3224406731165819,-1.1119689709243972,0.17195128733474466,1.5068921532850996,0
3,10,577,601,0.0005501488517340099,0.0114785992217898,-0.9950179255249594,-0.7382042549557075,0.1479387877968093,1.4747390358111285,0
3,10,602,621,-0.013860623217314298,0.0293938071214315,-0.698399973469586,-0.5767616328237958,0.31984071083846827,1.5359804848051755,0
3,10,622,642,-0.027968761521683594,0.0302357156326607,-0.5159504191116189,-0.2802767563682508,0.2881002610064017,1.3999454306389107,0
3,10,643,662,-0.028751250912985825,0.0339432844624272,-0.42928700869444747,-0.3058737407656145,0.21606307264193841,1.4323867919553188,0
3,10,663,682,-0.015899153728538652,0.0257698685483963,-0.2053336890349408,0.0123948802030993,0.1328123414558178,1.3865403959411577,0
3,10,683,702,-0.014852581623713236,0.0236349126453628,-0.06705759774764337,0.2031134845199502,0.1358775314643666,1.3566340877751233,0
3,10,703,722,0.007992676394915734,0.0143646699109373,0.4778216572402211,0.6022266232888063,0.03382086501182216,1.4440126541283944,0
3,10,723,742,0.010375051231112122,0.0189095838747534,0.49439953451835095,0.6234442612964147,0.14367511880427458,1.4477066099574905,0
3,10,743,762,,,,,-0.07386062206043983,1.4504019135127106,0
3,10,763,782,0.02024945933852165,0.0231205419523517,0.6092587450572438,0.7687264021260997,-0.10028148136548747,1.369261752069357,0
3,10,783,802,,,0.4015682245542085,0.5006813070635525,0.006518753342035599,1.4028761106926804,0
3,10,803,822,-0.014438712378112017,0.0189081465368497,0.48564359910388966,0.6414929040554815,0.0692155295827053,1.3969728052480765,0
3,10,823,842,,,0.5019891720974853,0.9619086472886066,0.008024461282556428,1.331604421904696,0
3,10,843,862,0.0011392506191579,0.0011392506191579,0.3975152857896561,0.5511890510227815,0.09238797210855122,1.239196514732487,0
3,10,863,882,-0.0122199655425105,0.0140288885625514,0.31928432691262637,0.5245476035509401,0.18282014452147186,1.3093490606833176,0
3,10,883,902,-0.009129192282803488,0.0214623745514061,0.30958506086301013,0.4845003968795616,0.20260709535684107,1.283211539870021,0
3,10,903,922,0.01170920277110364,0.0203415603207952,0.4876274678941083,0.5948391687131079,0.11438530929795236,1.2196935679120133,0
3,10,923,942,-0.009207664859412,0.0270527255963523,-0.9088248720884277,0.5276360737985737,0.16111558037552573,1.5296773669288881,0
3,14,935,954,-0.012161732423032697,0.0283485959446559,-1.3378083549739777,-1.1319751156276463,0.14043958132531964,1.3986317835684408,0
3,14,955,974,0.004316211518163195,0.0118599929220749,-1.4856982779890266,-1.4580695495508378,0.04951601426139734,1.4886021147891286,0
3,14,975,1004,0.007437623366810595,0.013871810915445,-1.5861188792854914,-1.350609211140555,0.10343380331438534,1.5463961291435668,0
3,15,963,982,0.00859430771997282,0.021733584716138,-1.6227507979262519,-1.5531839859289602,0.012006922968130315,1.5816161068309456,0
3,15,983,1002,-0.000222989698899415,0.00945910834786,-1.56429018563029,-1.4925439210729017,0.11508242650069986,1.412018581977739,0
3,15,1003,1022,-0.013053537958973743,0.044766095019096,-1.4365171475463194,-1.3082985698630645,0.07991675656556571,1.3938053904801686,0
3,15,1023,1056,-0.033581657049155014,0.0523143157072902,-1.486521329585233,-1.3196054988845325,-0.06471821264412522,1.5481336247528545,0
3,15,1057,1076,-0.01981093971226084,0.0382015866627397,-1.5677677625598954,-1.489213179856838,-0.3324616285980958,1.4627363323871612,0
3,15,1077,1096,0.0014298213370726866,0.010134413484527,-1.314334427316889,-1.2060273689646268,-0.28797274835994713,1.355727065314725,1
3,15,1097,1116,-0.00604165196568022,0.0128227596990233,-1.2191159999897914,-1.1317956248368266,-0.28202072482378254,1.2229719439162259,1
3,15,1117,1136,0.002321980619096155,0.0121440885619946,-1.223350735751746,-1.160043399720048,-0.2656487006025555,1.1710683587125454,1
3,15,1137,1156,0.0079995320560728,0.0211090633044785,-1.1944586140612399,-1.0386950285992662,-0.2793292440261794,1.2633812158672593,1
3,15,1157,1176,0.00791641411611314,0.025093169234358,-1.0411250447425078,-1.0101324959713371,-0.265602748793475,1.2148952588701467,1
3,15,1177,1196,0.011065427420117815,0.0152305260514381,-1.1187136956735346,-1.0495623679804371,-0.3262320171504739,1.278292206771152,1
3,15,1197,1216,0.011017369404310737,0.0138514088516142,-1.1663077912254403,-1.113636283165996,-0.3664091884059804,1.2098622355882973,1
3,15,1217,1236,0.009030365155503756,0.014045573627006,-1.173621415485894,-1.1078365121613731,-0.3590719299319611,1.341889364722785,1
3,15,1237,1256,0.011995975485392673,0.0154534444185448,-1.170637478872711,-1.0771882194340288,-0.33570833068383205,1.3417505036425514,1
3,15,1257,1276,0.00626610239674056,0.0094411379366054,-0.9764603565791588,-0.8942925101799429,-0.32210993114615233,1.3411626181567873,1
3,15,1277,1296,-0.00110378993419412,0.0090282487079254,-0.9626593213771992,-0.8530479581092835,-0.39118992490126403,1.3852755915628152,1
3,15,1297,1316,-0.0052883869556395,0.0126269811310124,-1.1214835410353308,-0.9207586192561388,-0.43093014259893775,1.165743556404066,1
3,15,1317,1336,7.016768143496997e-05,0.0060563258978554,-0.9879860400947857,-0.8583765918809428,-0.3907624401259594,0.974271966984549,1
3,15,1337,1356,-0.0021378472866120392,0.0116807852645229,-0.9502183604067038,-0.8191918264080187,-0.3700702075799176,0.8389933839121799,1
3,15,1357,1376,-0.006629950191060559,0.0177097372242394,-1.1307840957682103,-1.053550064779467,-0.4119844597837927,0.9882736341938226,1
3,15,1377,1396,-0.01351993947423392,0.0484340834748801,-1.1388759400152835,-0.862569291413565,-0.5245715401832836,1.3825011514031371,1
3,15,1397,1416,-0.0027223367324419327,0.0082918428987409,-1.1130483841949572,-1.036783144255564,-0.40457121041531197,1.3600380346126317,1
3,15,1417,1436,0.003359886388148945,0.0079488477201572,-1.0840400844232585,-1.002277816795662,-0.34299859469419347,1.256256569109682,1
3,15,1437,1456,0.005908422914619139,0.0117678648563456,-1.1273467359247191,-1.0548323520493823,-0.3383866952041375,1.2854717823759847,1
3,15,1457,1476,0.007851595022557705,0.0223643019497733,-1.2544328535312563,-1.1768647352359771,-0.30955529412216093,1.4260637375336302,1
3,15,1477,1496,0.013600374040542984,0.0180934531905959,-1.1501115962092525,-1.0367964859155607,-0.2936350304126596,1.1996410549011516,1
3,15,1497,1516,0.015444145415092874,0.022070145331458,-1.0318862720643822,-0.9435167400735172,-0.29468738601283173,1.2379295364359053,1
3,15,1517,1536,0.019556484468988635,0.0283227106630441,-0.9381725475562748,-0.8480550385466837,-0.3411986868391933,1.2899727679109794,1
3,15,1537,1556,0.014327848736055021,0.0191479290709929,-0.984073103953141,-0.9097954277294306,-0.33516768594644153,1.2418651762903195,1
3,15,1557,1576,0.02294945811404528,0.0269733521447053,-0.8952885956127421,-0.8508735294634849,-0.36627298349317267,1.2447891824807549,1
3,15,1577,1599,0.02594457702604505,0.035139112351753,-0.9863780872299556,-0.9056737868206082,-0.40143844839615717,1.254271824697088,1
3,15,1600,1619,0.02457903023237961,0.0305154033005395,-0.9914466024361677,-0.9173098914463866,-0.407942700284439,1.2039443056527346,1
3,15,1620,1639,0.024928454885627997,0.0294076311439093,-1.1442642340442837,-0.9845579680839374,-0.4422419234387297,1.2501610828019367,1
3,15,1640,1659,0.015420877336351734,0.0245332378459724,-1.1936302674315593,-1.1092824141819968,-0.4445271856772209,1.2750301985847492,1
3,15,1660,1679,0.020330641615291516,0.0282556696378201,-1.1182398044761936,-0.9428015344691414,-0.4084396729868175,1.2465433904732277,1
3,15,1680,1699,0.01143735798727563,0.0241402482318551,-0.9922080842012816,-0.9120975112012908,-0.3898591402308679,1.2195103281656308,1
3,15,1700,1719,0.023062696132987916,0.0297334377802653,-1.0325881334381783,-0.9853931950057574,-0.32607365214125006,1.114219140000366,1
3,15,1720,1739,-0.009441996953949506,0.0372146417309676,-1.2430743397500685,-1.044205844006442,-0.13950102135418904,1.3494227110489727,0
3,15,1740,1759,0.00487017251923094,0.0249539793496823,-1.4997242252480172,-1.4301944922309189,0.02030342561860449,1.4952072973492605,0
3,15,1760,1779,-0.0085802646802478,0.0251317541219936,-1.6554373777920546,-1.5125793253528224,0.08530202084912512,1.5669426750280953,0
3,15,1780,1799,0.0024258844950553705,0.0129627001156837,-1.6416927630200444,-1.559953299769282,0.009629173009772216,1.5527459645462207,0
3,15,1800,1819,-0.01631267773008369,0.0320626379061764,-1.3146189886475064,-1.0858532825094689,0.02034553966021514,1.4842088868256662,0
3,15,1820,1839,-0.01027545882444469,0.0181869295170826,-0.9963344429781783,-0.8510464740969891,0.028387482658591624,1.4616113984576289,0
3,15,1840,1859,-0.012242735310036895,0.0178911059577236,-0.892173066535554,-0.8496352222245396,0.03747020968350738,1.4253953838667073,0
3,15,1860,1879,-0.013340750961805769,0.0179336688365063,-0.9637303405558709,-0.8999125953124233,0.035323587727172104,1.4402755257421889,0
3,15,1880,1899,-0.0004248914181132428,0.0120803406926599,-0.9516529166278834,-0.8931730716578712,0.01573206921532854,1.463631957808021,0
3,15,1900,1919,0.0052216585567,0.0116878147671415,-1.010900027380221,-0.9702674710116844,-0.0037372874578424963,1.447108172999817,0
3,15,1920,1939,0.00681900102702303,0.0119922173404744,-0.9993308122958997,-0.9664731098263556,0.004557850310639249,1.4429800374731652,0
3,15,1940,1959,-0.0023211226342866745,0.0162264771861873,-1.1047102614028734,-1.0203671633234872,-0.005623915943210835,1.4621045258769123,0
3,15,1960,1979,-0.006054952340541099,0.0099896038525176,-1.0899394516263492,-1.0349434925729089,-0.020724848777938867,1.4539040821525815,0
3,15,1980,1999,-0.011561838934819964,0.0197498362526146,-1.0086818273677114,-0.9583158091693048,-0.02079068413295358,1.4024471259095104,0
3,15,2000,2019,-0.009600043948662304,0.020356832657788,-1.0698379850419812,-0.9678077570675196,-0.048841056541271216,1.4111282591158756,0
3,15,2020,2039,0.0015171204172997187,0.0145174467997643,-1.1766945237075555,-1.1453454951078597,-0.04043800648548528,1.4344045409737936,0
3,15,2040,2059,0.004152208354968303,0.0100284278610425,-1.208008872161373,-1.0864422652280623,-0.05232837488701795,1.452139570801626,0
3,15,2060,2079,-0.004260514747670884,0.0066237796571808,-1.1449160473086022,-1.0449477774473663,-0.036472296796331946,1.4159242464754382,0
3,15,2080,2099,-0.003293624255458405,0.0065354189367872,-1.1583747326663,-1.1013657183750731,-0.03427063277475327,1.4441432723082144,0
3,15,2100,2119,0.007691859303096943,0.0142719915650527,-1.1521006985290225,-1.0900175474613631,-0.03431129643023137,1.4319111358587628,0
3,15,2120,2139,0.004770649035662882,0.0106835010168085,-1.1258233107896856,-1.0840494742125155,-0.03164004618244242,1.4444256013275116,0
3,15,2140,2159,0.000669677703542645,0.0060097772510571,-1.119707023487379,-1.070908337900193,-0.03916510734673312,1.4374111094703053,0
3,15,2160,2179,0.005191649391921105,0.0081987341772151,-0.9997389101961749,-0.8422649313181436,-0.023290684616235496,1.4214004202399741,0
3,15,2180,2199,0.002130384142421854,0.0085791265488798,-0.9400338675508879,-0.8473256150700319,-0.015981634008777817,1.4207227692126159,0
3,15,2200,2219,-0.007822635470823848,0.0121904449725477,-1.0209574417824379,-0.9978766909113412,-0.03321119780415148,1.3843362134317505,0
3,15,2220,2239,-0.010067325966885157,0.0162992617240303,-1.0574489565767613,-0.9975328464294804,-0.04266946955003266,1.3860944888635465,0
3,15,2240,2259,-0.005249222170039555,0.0136160138606921,-1.0867573959086534,-1.0132793537715736,-0.04353234915561104,1.415565112106886,0
3,15,2260,2279,-0.0016120034374340411,0.0085573777137423,-1.1435737357125029,-1.0628061949944068,-0.027841434041464462,1.4481398350226646,0
3,15,2280,2299,0.0002578894149289374,0.004717463333674,-1.123613791296457,-0.9681318766894288,-0.010093940721144518,1.4793798368626716,0
3,15,2300,2319,0.007998206478289884,0.0119688934355102,-0.9554526774400106,-0.8024907729967304,0.05500627428108464,1.5764737823657398,0
3,15,2320,2339,0.005165852944174933,0.0102279642577261,-0.9026834448397363,-0.802267632173408,0.05984449765533789,1.6143742743409237,0
3,15,2340,2359,0.002359604845630512,0.008439225153354,-0.8378904036955415,-0.7374855526980125,0.060632203617566306,1.6243502596234685,0
3,15,2360,2379,0.007384432084136405,0.0241652130288901,-1.068638880046159,-0.8303551911415321,0.09262947369527386,1.6257534699065748,0
3,15,2380,2399,-0.013582131550049652,0.0349860390983186,-1.230423121608441,-1.0812293045398649,0.188629465351209,1.5245465860125207,0
3,15,2400,2419,-0.03701547991368477,0.0858025390452283,-1.53835152526683,-1.290960020212922,0.409120458181487,1.3842485599266214,0
3,16,965,990,0.023029842755039227,0.0483870069793453,-1.100452729332313,-0.8414166213868374,-0.09754021473107831,1.1910730021454108,0
3,16,991,1014,0.0682057056816489,0.0975374179013863,-1.7587821981859428,-1.120911387211345,-0.008658879687153337,1.5066795530945007,0
3,17,973,992,0.021025831513556453,0.0467377239143744,-1.1844880292108981,-0.9799983236756494,-0.18681828996212282,1.170638401437336,0
3,17,993,1012,0.05435507901574958,0.0636246665131988,-1.5995727683727443,-1.1807710689035056,0.03986805628695418,1.3963103219675834,0
3,17,1013,1032,0.03715949134475656,0.0548330027591202,-1.7473671948285916,-1.3707173953159275,0.3635271214697286,1.6206517447318087,1
3,17,1033,1052,0.021992495839985127,0.0284520915224471,-1.5662386195273603,-1.35655527502672,0.36718392384082044,1.6903433889472237,1
3,17,1053,1072,0.0568178997608114,0.07414733512183,-1.7321116140366122,-1.1583711596647026,0.7769190528935374,1.9708159426333705,1
3,17,1073,1092,0.0521425378897386,0.0580023877600165,-2.0050931533807024,-1.361506689641192,0.6621345833811869,1.8948560514321813,1
3,17,1093,1112,,,-1.6534758956547422,-1.4649999378839549,0.703020615011796,1.7112896467246899,1
3,17,1113,1132,,,-1.4805767120021134,-1.0919321550323684,0.7028822683523144,1.6264760667828555,1
3,17,1133,1152,0.03808320832881955,0.041888800184315,-1.099180185774534,-1.0059949934800028,0.654239885115622,1.4930922813583154,1
3,17,1153,1172,,,-1.2260259715812063,-1.0586408805523282,0.7251235615517082,1.6655419325903538,1
3,17,1173,1192,0.0312410849713448,0.0312410849713448,-1.2602306423360636,-1.155692385021362,0.6500232677311548,1.5994735099736195,1
3,17,1193,1212,0.042256580660363696,0.0475981319366757,-1.5389049816865237,-0.9839460856250398,0.7395047297115835,1.793756817733985,1
3,17,1213,1232,0.034670038481853654,0.0471876505300648,-1.0837182391945686,-0.9268451500034304,0.6481734977849192,1.8695284727501627,1
3,17,1233,1252,,,-1.3514736879971019,-1.1993481155592265,0.8374524991158022,1.5689160452689683,1
3,17,1253,1272,0.04752796764178691,0.0516854854933554,-1.0844322908976827,-1.013552447507675,0.4927106588823139,1.4152173155172971,1
3,17,1273,1292,0.04039563437636531,0.0462354562062624,-1.0887299061725604,-1.0167528473999758,0.4657535768037577,1.3680913031969442,1
3,17,1293,1312,0.0373146968041686,0.0461910841900796,-1.0602132916785059,-0.980723456871902,0.3797930567553305,1.3402707974013546,1
3,17,1313,1332,0.039826243297748,0.0472176181207803,-1.0696739293708082,-0.9665555049995006,0.40159636567786955,1.4017228343571195,1
3,17,1333,1352,0.028978395433891118,0.0407172130376369,-0.9882042925204202,-0.6978083172981875,0.2845690248583621,1.3123455601686866,1
3,17,1353,1372,0.013072987696797867,0.0249917240903099,-0.7366862196152171,-0.6815536573428136,0.2536337578781819,1.3348935218512938,1
3,17,1373,1392,0.030530274618336982,0.0442418602858189,-0.8688943518694036,-0.7607768657290608,0.32518399969782086,1.3183087978624248,1
3,17,1393,1412,0.02831606227400668,0.0405296118582595,-0.8893625926712716,-0.8420758632847268,0.38947748454822045,1.3091504040755892,1
3,17,1413,1432,0.022000201619403647,0.0380262645339054,-0.7883113865312102,-0.6935089580151984,0.26149825667993787,1.1599187286777752,1
3,17,1433,1452,0.02524033210983052,0.0286246843947611,-0.7724685148023014,-0.7009650532066748,0.24741361743380974,1.1616752181953238,1
3,17,1453,1472,0.028798738865625784,0.042541302155005,-0.798626438356747,-0.6834050015308405,0.32402754014742396,1.2540374183127507,1
3,17,1473,1492,0.03421606196209008,0.04872387856085,-0.9190861746722847,-0.7795629459019157,0.34724056382762447,1.1540627381547321,1
3,17,1493,1512,0.009950144617029285,0.0201017041845106,-0.7817066931915138,-0.7513995212497444,0.20172176781176226,1.0744355493766817,1
3,17,1513,1532,0.022003440377399448,0.0321629286165247,-0.7960892626675269,-0.6880231821470477,0.2518221446040343,1.2357560098657725,1
3,17,1533,1552,0.03725540443846622,0.0483555986899018,-0.9736051785856498,-0.6921336191394167,0.3149706625189057,1.2700254589034274,1
3,17,1553,1572,0.04248344877709022,0.0502034055940197,-1.0735158350957552,-0.963097924978184,0.2858715022189821,1.2711440634375948,1
3,17,1573,1592,0.041593139464173354,0.0559673436163461,-1.1137131384903651,-1.0087530435968215,0.3047754271260917,1.3672269409253792,1
3,17,1593,1612,0.015217046848382954,0.0258201730989916,-0.8703617419160269,-0.8085268758738543,0.21163959742998598,1.196807023700757,1
3,17,1613,1632,0.0168580676604057,0.0280658537501095,-0.8808202191421415,-0.7970303800034811,0.20430764412365368,1.3542333833481301,1
3,17,1633,1652,0.03101755202343335,0.0386001797325392,-1.0102765553048672,-0.9545179864440048,0.2850777716462286,1.5469936190829554,1
3,17,1653,1672,0.025391281719047098,0.0374884579870729,-0.9617237346731417,-0.8714964885223753,0.3319946355036173,1.449968538139656,1
3,17,1673,1692,0.015277636759219712,0.0306247959796608,-0.7663521444659361,-0.6436644518656123,0.19527709694169712,1.0323961807197333,1
3,17,1693,1712,0.017454551762337803,0.0257902051024728,-0.8123055488042101,-0.6952270164280853,0.20675699873424086,1.1794055727675843,1
3,17,1713,1732,0.02194373001557935,0.041355061638239,-1.0359559931162683,-0.8926994525758915,0.196725682746126,1.3483804519640845,1
3,17,1733,1752,0.030748148410124892,0.0542163075575841,-1.3053840806473704,-1.1899610142940191,-0.02811142795223636,1.2970489705758452,0
3,17,1753,1772,0.014631216586563519,0.0229468021861015,-1.3640698022335722,-1.191904746909532,-0.1536356724167925,1.2536787568029997,0
3,17,1773,1792,0.03537251377773747,0.047472536220347,-1.5045382382499284,-1.3746174302032947,-0.32674748223748634,1.288453545169762,0
3,17,1793,1812,0.042791567631753805,0.0645708212866621,-1.4241412954261807,-1.2667962857894082,-0.8224562053969585,1.4049078389928,1
3,17,1813,1833,0.08073786754895279,0.1457677346318881,-0.6001998333042907,0.4469570361223876,-1.0667944552976558,1.8136354529845427,1
3,17,1834,1853,0.025290766938758744,0.0491851852910879,-0.2700485326158002,0.1605732000650553,-0.9796399543971562,1.698566232299435,1
3,18,1027,1049,-0.04182588041222789,0.0559728131148038,-1.6041355764731566,-1.4819959843859882,-0.20612161722097389,1.7412135531735,0
3,18,1050,1069,-0.03033772924759685,0.0437346187283957,-1.502394242388339,-1.3848037690111326,-0.44861935631516675,1.6500996757093744,0
3,18,1070,1089,-0.009212686761457823,0.0294161206657029,-1.3753695352433706,-1.258078405009407,-0.5214692393822798,1.6686315600057238,1
3,18,1090,1109,-0.00355797308663391,0.0140433370854089,-1.1812491170369956,-1.102271961486487,-0.5182342610678802,1.5946043944974904,1
3,18,1110,1129,-0.002320519565501945,0.0141017260713838,-1.049678107081909,-0.991845663610334,-0.5043247199260189,1.440229055205746,1
3,18,1130,1149,0.00787104463506029,0.013088747020303,-1.0289415863217397,-0.9868672507703428,-0.4899603238536838,1.4302734087416136,1
3,18,1150,1169,0.006512155946150818,0.0163955177939081,-0.9111931346376057,-0.8459564670132261,-0.4843177836697657,1.4878056432068467,1
3,18,1170,1189,0.0038697986439757046,0.0091511087385795,-0.9316648832530099,-0.887530456427843,-0.5638432275865438,1.705047487294965,1
3,18,1190,1209,0.006500792319953675,0.0137864801733599,-1.0189382966392748,-0.9222143000247488,-0.5879063073704615,1.4485891441542553,1
3,18,1210,1229,0.0009381005073946971,0.0059688050057489,-1.0176328816989275,-0.9735511861881402,-0.605593951702462,1.5770411287894819,1
3,18,1230,1249,0.004324519447987398,0.0096487826160726,-1.0429753748978683,-0.9766772342428232,-0.6260440344086511,1.6458797785157178,1
3,18,1250,1269,0.0033887549633009224,0.0105465571181424,-0.9508828404413162,-0.8872535349591761,-0.5904388050000378,1.6594856426901348,1
3,18,1270,1289,-0.00320330813807223,0.0126136774480629,-0.9185579100857091,-0.8381905945091261,-0.622781119795438,1.751346671065464,1
3,18,1290,1309,-0.008738591197827012,0.0155628648703419,-1.0318313767602736,-0.8626310227523086,-0.6996935624565077,1.8134068538098103,1
3,18,1310,1329,-0.003812523898071095,0.0203686382562406,-1.0013779233503035,-0.801803882666473,-0.7105206530806242,1.9620008060969094,1
3,18,1330,1349,0.00271787629321552,0.0096824163125527,-0.8342689089395451,-0.7811911198935442,-0.5669336314125858,1.5168430488584772,1
3,18,1350,1369,-0.0009242544478641546,0.0141185365372604,-0.9579744705552485,-0.8473400294034633,-0.6358436720421548,1.81773257784171,1
3,18,1370,1389,0.0014115490651880466,0.017225184478063,-0.9392993944363086,-0.8123780304790957,-0.6697868548276064,1.980964407547138,1
3,18,1390,1409,-0.012111449961846276,0.0211025057851989,-1.077737433486702,-0.9725242076231122,-0.7130319417832571,1.6523190330508588,1
3,18,1410,1429,-0.0021149361031076097,0.0118752136403291,-1.0052695553531041,-0.9473042118044204,-0.6197282693439482,1.6064716495658744,1
3,18,1430,1449,0.0048957024793294945,0.009298616488204,-0.9773498910527053,-0.9229711708907076,-0.49950993413947187,1.3206762487128556,1
3,18,1450,1469,0.0001993352459577014,0.018080397843081,-1.0233781863988487,-0.9820748374199,-0.4972613552635298,1.5546335266110827,1
3,18,1470,1489,0.0026410476982091555,0.0105652867569806,-1.0409007711799219,-0.9662130447027408,-0.5037082762069878,1.4826778617161391,1
3,18,1490,1509,0.011754941786127326,0.017444231076436,-0.9527698488517584,-0.8433877359474398,-0.46244592636634235,1.3470637109264376,1
3,18,1510,1529,0.01197551352885417,0.0190804837932883,-0.8746494488857943,-0.7787707569596224,-0.4707922063514059,1.5344989967805232,1
3,18,1530,1549,0.010475267461432245,0.0162331073775863,-0.889958450830032,-0.7848781752262152,-0.510537729897716,1.462456840991454,1
3,18,1550,1569,0.01320823530806918,0.0212554163250966,-0.8789481135965238,-0.8279231191027863,-0.531429719788614,1.3369040070066054,1
3,18,1570,1589,0.014143169997547991,0.0217927463193284,-0.9769631885658769,-0.8892631768701817,-0.514156165598325,1.4558146320831955,1
3,18,1590,1609,0.021323228217894518,0.0261278249707948,-0.960929997353654,-0.9110183639399,-0.5354974293716183,1.3363623236043383,1
3,18,1610,1629,0.018551919954883124,0.0230451945080091,-0.9965221987346438,-0.9331979405034324,-0.4857086113433457,1.3150755586958625,1
3,18,1630,1649,0.012830089917562404,0.0181210151039994,-1.1333500110987074,-1.032626419662248,-0.5387117872379368,1.4203657493102684,1
3,18,1650,1669,0.00806407391678104,0.0151963251200274,-1.0975887210694475,-1.0133807331033562,-0.5465042919530528,1.342825502670931,1
3,18,1670,1689,0.011791969397038126,0.0202647973687616,-0.9627441501656575,-0.8587436833454154,-0.5058121182081303,1.345795215797613,1
3,18,1690,1709,0.008437894716754827,0.0212521296497352,-0.9242630030791787,-0.8627079442417406,-0.5098597717808507,1.3578341006619603,1
3,18,1710,1729,0.012302908079086869,0.0265271343954573,-0.97309301897454,-0.8770036652666233,-0.3841895561841865,1.2103449795241636,1
3,18,1730,1749,-0.005305774621296386,0.0287236712752828,-1.4303018524890123,-1.1343655666320238,-0.02724494194083878,1.5520747744154275,0
3,18,1750,1771,0.0015668915993703354,0.0233399996500441,-1.5653902373396245,-1.359969498466427,0.0587453730801933,1.5886664518046745,0
3,18,1772,1800,-0.0010931549981912899,0.019121073314492,-1.7239700342726607,-1.5900934395933346,0.03853411288365543,1.651201227237608,0
3,24,1757,1782,0.024237833052688847,0.042541256242928,-1.3543815360037226,-1.2030453921311053,-0.14740095147141624,1.3911898699920313,0
3,24,1783,1811,0.05216660214380486,0.088908166239678,-1.4700540376863507,-0.8127003251205818,-0.7667443958369622,1.459173851786177,1
3,24,1812,1831,0.1108700687963292,0.1466296955224064,-0.13369372179458486,0.8371725384765303,-1.2897265625126366,1.4861840462173377,1
3,24,1832,1851,0.12447729538967076,0.1323865546040666,0.17408723278722896,0.38461330263938,-1.3038212757720493,1.6308456483613798,1
3,25,1921,1940,0.02250493779288395,0.0309629595660105,0.23418450408966196,0.5013890163575649,-1.0711107266019968,1.738846465060801,1
3,25,1941,1960,0.03817952851943538,0.0507997021325014,-0.4439183542615009,-0.0341806418477911,-0.8200731881511116,1.2873767201459143,1
3,25,1961,1980,0.02686452181352895,0.0342999147367696,-0.10076622060121836,0.0481231289640591,-0.8439697135531906,1.2079342263557273,1
3,25,1981,2000,,,0.6528688175351408,1.045355085841297,-1.04729751188022,1.512159400919479,1
3,25,2001,2033,,,0.5625022343352317,0.7984244851016526,-0.9162800400558486,1.4875267180898246,1
3,26,1925,1952,0.0636186760870267,0.0714976252789582,0.15723861444360931,0.7240270598327273,-1.0921807343678687,1.4623074431826693,0
3,29,2095,2130,,,0.13468838098952512,0.6276477754968586,-0.6505352061381076,1.1237510813813192,1
3,29,2131,2150,,,0.2352041379933935,0.3096591203439879,-0.47939959863226483,0.9359318392744636,1
3,29,2151,2175,,,0.32465560177343633,0.577822994143916,-0.48651546844027466,1.0498000235090916,1
3,29,2191,2233,,,0.4045353815595408,0.4045353815595408,-1.1081521192100043,1.5650699540180595,1
3,29,2234,2253,,,,,,,1
3,29,2254,2278,,,0.3045925081068722,0.3794116335100796,-1.0210235921005808,1.370120813731958,1
3,29,2279,2303,,,0.28349131979686626,0.4139946000995295,-1.0801930604885281,1.3534966878708774,1
3,29,2304,2340,,,0.5308138106281648,0.7007377945515961,-1.0395035936962838,1.4596110943287623,0
3,29,2341,2360,,,0.20006795704966174,0.4089153157476418,-1.504518766286878,1.650484724681564,0
3,32,2230,2274,0.0186340561196152,0.0186340561196152,0.20084110718769174,0.3408298003030526,-0.6477260871001049,1.1308106415126427,0
3,32,2275,2304,0.022167992765274168,0.0279071356350939,0.0842900788015797,0.2165179536417515,-0.824782953995378,1.1049662238310118,0
3,32,2305,2330,0.0268163982829273,0.0296087249384838,0.2380428473161404,0.4114323184742168,-0.979386356927348,1.4307349246095469,0
3,32,2337,2356,,,-0.023370864968243216,0.2193269721303731,-1.3975614793147042,1.6536695905058842,0
3,32,2357,2377,,,-0.4349422648967804,0.1454433850062997,-1.0773466632467357,1.4777825227450385,0
3,32,2378,2397,,,-0.14619111153186684,0.2579446223959566,-0.9327139257399709,1.3643238369948805,0
3,32,2398,2417,,,0.32552103490591733,0.6328571184604262,-1.288367378697383,1.580080181487376,0
3,32,2418,2441,0.07019839186369069,0.0887545963278542,-0.17424632786739652,0.2316525261866175,-1.391900656357942,1.7329096203001355,0
3,32,2442,2461,0.08849672633240534,0.1090222232537139,-0.7410538663207229,-0.4412492069855331,-1.484099391734595,1.5390925488054379,1
3,32,2462,2481,0.0684672842209595,0.077920491616721,-0.12920204457158072,0.1641359710339891,-1.351408898446843,1.5106890743157488,1
3,32,2482,2501,0.0437186077272003,0.0437186077272003,-0.18262690010450336,0.0083803183415014,-1.0609044999951887,1.2956149370740506,1
3,32,2502,2521,,,0.2731511827950088,0.756920643766043,-1.0331042551531042,1.6398592770455054,1
3,32,2522,2548,0.0433734592199062,0.0838599957745647,-0.4324592357578309,1.0237186781639462,-0.6028590857142306,1.46166309441772,0
3,32,2549,2577,0.02090524177645609,0.0411340606857841,-1.321115694735654,-1.1441700928069762,-0.1968855407816415,1.0822136001745288,0
3,32,2578,2597,0.008688947270230302,0.015906050385778,-1.3892943049674495,-1.3493074755624046,-0.0635299598919709,1.3818473210456093,0
3,32,2598,2617,-0.00613433816828191,0.0137900324589541,-1.4875566716603816,-1.3677956707050218,-0.028816235878706593,1.468688834068916,0
3,32,2618,2637,-0.01326695700568237,0.0201370587202556,-1.44512231862055,-1.3747142909320893,-0.008775772254461887,1.440307462220603,0
3,32,2638,2657,0.000894754072187045,0.0098900070479234,-1.4501649329885857,-1.3860242008251584,-0.048509269353496406,1.3915911370082354,0
3,32,2658,2677,0.00761557285839453,0.0207521603136441,-1.474629087067719,-1.4480428135270935,-0.06883651384119692,1.3109827375549412,0
3,32,2678,2697,0.023936045213562948,0.0294142657588537,-1.4932488019032502,-1.4514411686943756,-0.07341678430967222,1.347081664337836,0
3,32,2698,2717,0.0024283926822511897,0.0196669513556439,-1.3691416294602157,-1.3296582011685951,-0.05973366342099455,1.2971466132051652,0
3,32,2718,2737,-0.008297634239690066,0.0139646955760765,-1.359749710410526,-1.3200891325447544,-0.09097514856674296,1.2609306239749507,0
3,32,2738,2757,-0.013817082673354733,0.0161385109379023,-1.3706269055851477,-1.3466611610676027,-0.11453170862696264,1.250304317883357,0
3,32,2758,2777,-0.015819393722416867,0.0189974526550736,-1.341699339640304,-1.3035600834149297,-0.12309286564299445,1.2623974646020824,0
3,32,2778,2797,0.00311048462757414,0.0219415248741034,-1.4265342972799533,-1.335136241624064,-0.06757827336418885,1.3388398109907604,0
3,32,2798,2817,0.020142426753679298,0.0266766013757585,-1.4642500450103773,-1.342187836494183,-0.05643279348639263,1.3384219088065739,0
3,32,2818,2837,0.02156443718372426,0.0256820055881375,-1.4177714880770647,-1.3497045622497257,-0.02936326222393091,1.3811668925473968,0
3,32,2838,2857,0.018702909819667397,0.0249706386304344,-1.449450062528952,-1.352419567422181,-0.05504366163761713,1.3521119142785984,0
3,32,2858,2877,0.005041307744990315,0.0128038848312476,-1.3167410270197872,-1.1675666194613408,-0.010717677230791558,1.2626023525195775,0
3,32,2878,2897,-0.0017723465153284851,0.0091366128047994,-1.3735046244122597,-1.1339073674895404,-0.0017518038589304451,1.2121825042750842,0
3,32,2898,2917,0.000500495602430155,0.0120561006251012,-1.3991536197276397,-1.2960060429477245,-0.01015453522001295,1.1081903027963589,0
3,32,2918,2937,0.018552535906232733,0.0391915308443222,-1.3529523477501315,-1.2746768267683628,-0.017029371821573516,1.0927050033612342,0
3,32,2938,2957,0.029078838584188384,0.0401137832009106,-1.765761065528455,-1.2571308706707358,0.21198092729765955,1.2220806481584163,0
3,32,2958,2977,,,-1.7080694726200796,-0.6437317058510958,0.9810902604724422,2.2714762936804145,1
3,32,2978,2997,,,-0.5823906805250735,-0.3205948958134101,1.226635558532851,2.0282263514621404,1
3,32,2998,3017,,,-0.7267760827773653,-0.5826224664400642,1.2158391796733932,2.1671605444527158,1
3,32,3018,3037,,,-0.5851922765934561,-0.3801078947144763,1.207242175564015,2.152381373930838,1
3,32,3038,3057,,,-0.26768042716010215,-0.19777378887201,1.1595538878703455,2.0403726158934896,1
3,32,3058,3077,,,-0.18402391031011614,0.0480696786400743,1.204398403037756,2.04081972372685,1
3,32,3078,3097,,,-0.0371157185338782,0.1098013641514678,1.1854714046882486,2.1286763407844345,1
3,32,3098,3117,,,-0.27602639942655277,0.0045589927326122,1.1996803275543626,2.0549277312528473,1
3,32,3118,3137,,,-0.6417897259873472,-0.4330850756467464,1.2030040708410954,2.102852289411198,1
3,32,3138,3157,,,-0.9348725771390795,-0.7804104360091811,1.2384787116116214,2.138916126910959,1
3,32,3158,3177,,,-0.9619598204790114,-0.8789320414407644,1.2588487761944822,2.1367679239736654,1
3,32,3178,3197,,,-1.137593248960479,-0.6781273021420057,1.1264181378553828,2.29674835833685,1
3,32,3198,3217,0.0012767232050902928,0.0272876993900603,-1.0185606759785502,-0.6314373700821267,0.4703428148519018,1.2211903928047483,1
3,32,3218,3237,0.010551367767577565,0.0176530780457796,-1.265738172316745,-1.1504459067683903,-0.17056782957954866,1.060990293352547,0
3,32,3238,3257,0.008876863711205834,0.0145886081644676,-1.5114297577579534,-1.4360692834565192,-0.1648568942307766,1.3013391583147087,0
3,32,3258,3277,0.009499735042362444,0.0173759270891987,-1.6562063753627474,-1.533788851415436,-0.17526075796434104,1.3325079105539994,0
3,32,3278,3297,0.011024281899672719,0.0160610738608084,-1.585290732242835,-1.473833720450464,-0.11395579275911734,1.2551630183368387,0
3,32,3298,3317,0.007715741681105395,0.0124965008211406,-1.4852944669728347,-1.4572641815898797,-0.0860987266833664,1.2396336062135196,0
3,33,2398,2417,-0.02318973846827729,0.0579359515369985,-1.5639156236324074,-1.4434207753721833,0.2731724813314503,1.2528195504230246,0
3,33,2418,2437,-0.08165310994100243,0.1007316580886063,-1.92005362697518,-1.754555816705882,0.5302435310278417,1.0360690082796675,0
3,33,2438,2457,-0.08079858816001002,0.0960279828993393,-1.8728255748763267,-1.785720737913486,0.5373966932054335,0.9379810210976748,0
3,33,2458,2477,-0.09354184217159942,0.1022422738475919,-1.9420605021574282,-1.8595521877361316,0.6562816839613698,1.9315448083050477,0
3,33,2478,2497,-0.08419669836067081,0.0973102496634852,-1.9553385177558333,-1.7188182338166174,0.7761635653005629,2.1879878164079383,1
3,33,2498,2517,-0.060997790065376256,0.0827363714463588,-1.2228524290064207,-0.8465178083350687,0.9224428233184083,1.8575311122008653,1
3,33,2518,2537,-0.05480325465171491,0.0837555225109528,-0.3168542550566264,0.0412495339697885,1.0676566252383493,1.6771589330513397,1
3,33,2538,2557,-0.06238149069163873,0.0766229010904827,-0.4445960595924519,-0.2618835178545883,1.1874935908140454,1.3623908801737774,1
3,33,2558,2577,-0.062031107488746726,0.0742667496432108,-0.32065534075007307,-0.0698889311525294,1.114938008283444,1.3831730474975703,1
3,33,2578,2597,-0.04980665773119108,0.0713088400449221,-0.07954426389365546,0.2113881260373355,0.7661872602996617,1.2079158695999788,1
3,33,2598,2617,-0.05067212257092387,0.0745165131214971,0.09881467682274908,0.2879909881477606,0.7574598524168003,1.2873809788463333,1
3,33,2618,2637,-0.06289657560539216,0.07486994007,0.2513156274802473,0.3991073627508004,1.0315193170839678,1.0617159809194034,1
3,33,2638,2657,-0.045775714964017,0.0798243143727589,0.20493320851748892,0.5572130350121305,0.7279950391407344,1.0555012147111267,1
3,33,2658,2677,-0.019157908677487293,0.021508161693058,-0.007005045561418917,0.1419458323346669,0.4458424438546322,0.9726172667580375,1
3,33,2678,2697,-0.03232020314054234,0.046305919317982,-0.025430097396521835,0.0521635847434712,0.49940765658859776,1.0873553086479055,1
3,33,2698,2717,-0.03595692783907122,0.0778780080446913,-0.2528945597801548,0.0661526275265743,0.5650320667593761,1.1987000083540276,1
3,33,2718,2737,-0.02584846030909153,0.0292741097653998,-0.3647747643125177,-0.3108564055460788,0.31782868642686235,1.2246176117065881,1
3,33,2738,2757,-0.028722741329016362,0.0331320401683617,-0.3092136374899199,-0.2382426304632084,0.3393244348125898,1.2407214054230624,1
3,33,2758,2777,-0.02488571087310664,0.0307417210072077,-0.2058782260735228,-0.058253674252259,0.39224157665008047,1.3039235884591245,1
3,33,2778,2797,-0.02638648232595416,0.028878912773417,-0.18171978045163656,-0.0810249042058185,0.4006909594199458,1.2940397593348432,1
3,33,2798,2817,-0.01819267614925877,0.0264653680811972,-0.2547767232195307,-0.1000471272207332,0.305087467956432,1.1768458314877526,1
3,33,2818,2837,-0.022435815117143598,0.0227598682859372,-0.07275338730499528,0.0758031752893869,0.3626436928441096,1.2183541856480535,1
3,33,2838,2857,,,0.007018498779209232,0.1156751618099396,0.43417769319648397,1.254992485046018,1
3,33,2858,2877,-0.0538540242111128,0.0538540242111128,-0.01579594244876514,0.064382250306517,0.4546920979886525,1.2860864844893436,1
3,33,2878,2897,-0.05270134926554588,0.057291033228028,-0.02432974311704602,0.1147458718559099,0.42024149559512597,1.2740110700085494,1
3,33,2898,2917,-0.05945997932334284,0.0841502509090497,-0.1661019358223111,0.1384151575016915,0.44759808458065925,1.4488177473099166,0
3,33,2918,2937,-0.01669937556051803,0.0391896737181785,-0.9309348008067759,-0.7613110186179551,0.11126045756442533,1.256140735736499,0
3,33,2938,2957,-0.006432226567148526,0.0122339545910607,-0.9828467895883236,-0.9322225047780348,-0.10053964690705472,1.2650306451075366,0
3,33,2958,2977,-0.0024818664047825045,0.016892383411667,-1.203144782365417,-1.0651633887172578,-0.023725196112216945,1.3777940207351285,0
3,33,2978,2997,-0.00705405427004877,0.0133270136640018,-1.2417511533183616,-1.1430163457410003,-0.02466352038271774,1.5502624446011828,0
3,33,2998,3017,-0.010351479033888628,0.0201621330735342,-1.0412341130654788,-0.9185099251762864,0.1352485424509044,1.5088071215858236,0
3,33,3018,3037,-0.00118788665393758,0.0131673830391596,-0.3679910248776257,-0.0850320883086721,0.12832403559597177,1.4555777496267002,0
3,33,3038,3057,-0.007803730865049563,0.0207260813244344,0.198549246626412,0.3096203284180243,0.06025616883549374,1.136783794508426,0
3,33,3058,3077,-0.010213121058079734,0.0159319864747815,0.08218766348762727,0.3217314988358237,0.09097470383004636,1.1604393626743048,0
3,33,3078,3097,-0.013929421724046301,0.0174184597880738,0.24119230696753896,0.3792846345709204,0.07596757640977117,1.1398476618356095,0
3,33,3098,3117,-0.01457671405656345,0.0168264485542773,0.07303147665430745,0.2530281690707287,0.0715332649214582,1.191412373895466,0
3,33,3118,3137,-0.018041500380360183,0.0200354063599041,-0.2918284331295375,0.1154164191458516,0.11635124920367237,1.2525324024842397,0
3,33,3138,3157,-0.0126205224142459,0.0144296362370622,-0.2414328056629868,0.0838106932343565,0.10103748558890266,1.246531344435641,0
3,33,3158,3177,-0.008917311199914587,0.0111393676472159,-0.4844235964942881,-0.3202806949810108,0.13869134396395072,1.302957059120782,0
3,33,3178,3197,-0.015429179573374368,0.0178147219307536,-0.4322958685523517,-0.1607978016635421,0.11949522456842943,1.2476576494213034,0
3,33,3198,3217,,,-0.45528185568941354,-0.3116362229125752,0.03079725235131848,1.22399809330377,0
3,33,3218,3237,-0.017816584959364584,0.0223618585116156,-0.7287727175208636,-0.419680412163658,0.07732424189315755,1.3215491294992145,0
3,33,3238,3257,-0.013011987602934006,0.0287216328334416,-1.095067130877822,-0.9417174230648636,0.11143074674462254,1.483283197274579,0
3,33,3258,3277,-0.014462258085089419,0.0242736434828312,-1.2162542207462599,-1.142914373068181,0.11949087388199271,1.450660035306764,0
3,33,3278,3297,-0.011253051923047454,0.0205440778401505,-1.2833851202784623,-1.1586210687436047,0.18094432250568215,1.539945299140189,0
3,33,3298,3317,-0.020815004073076484,0.0498497625182132,-1.4537509770069648,-1.2298973400474982,0.11622319001124201,1.544098974225613,0
3,36,2437,2456,0.12522687889483866,0.1523702410528436,-0.5134839106301137,-0.1426587681379293,-1.6034648070836197,1.6077413236861253,1
3,36,2457,2476,0.1070765424250046,0.1546149968557492,-0.08956254540804402,0.2728758157807039,-1.2102150086109085,1.2118845272850933,1
3,37,2496,2519,-0.0672798273847738,0.0774663847443148,-1.0952336058685448,-0.5840964948917304,1.1555565478334788,2.0374286333345326,1
3,37,2522,2541,-0.04880865651801755,0.0554582137037324,-0.2089953645857987,0.0176436268893508,1.270154289560508,1.4954641260795336,1
3,37,2542,2562,-0.042344314609309014,0.0527335810171914,-0.08107585976063639,0.1053058712839058,1.324532121053259,1.23795469830252,1
3,38,2526,2547,0.053170304303304966,0.0970366396419433,-0.4920879527370981,0.6674288426215,-0.6979781644839674,1.074828561091529,0
3,38,2548,2567,0.02096651432256112,0.0358469677381005,-1.2853814725831851,-1.1721753225701874,-0.14245373948353726,0.887963572686288,0
3,39,2610,2640,-0.0466010903809549,0.0640479937396968,0.4001422286123912,0.6290772085302427,1.214126728689581,1.0633544623990843,0
3,39,2641,2669,-0.026141022592848784,0.0497538831696146,0.1575268037314184,0.6333223140993735,0.7179762410900732,1.0543116817078197,0
3,39,2670,2702,-0.02308025354536252,0.0469137680424568,0.09818699280663258,0.2195899531475675,0.6732920968042337,1.103023756923964,0
3,41,2687,2718,0.008472784521148576,0.0437746242477025,-1.483956057506497,-1.4091492625081463,-0.031850510656326506,1.2871019002432273,0
3,41,2719,2738,-0.0059834842239141145,0.0122793817123093,-1.4771424934067015,-1.446832397979974,-0.06031529356950442,1.2354035852600538,0
3,41,2739,2758,-0.015475712622553855,0.0186380031023017,-1.4658939948845857,-1.438905287828517,-0.0910522764351748,1.219864720909033,0
3,41,2759,2778,-0.015673667101293313,0.0197888973515168,-1.4337154227985778,-1.387396592275377,-0.10051972790322497,1.2216911195774782,0
3,47,2958,2977,-0.016014136286931387,0.0238849213059339,-1.1389015842902264,-1.0354503067046728,-0.031665160804285164,1.3642945230566972,0
3,47,2978,3023,-0.010414298219671906,0.0220595140559777,-1.0009276673015473,-0.3894061326577574,0.008579685373816962,1.4449248066882459,0
3,51,3279,3304,-0.016090923718853505,0.0216188300160662,-1.3256843763634865,-1.276653798816953,0.19899397501035634,1.459384511493579,0
4,0,1,20,-0.00130780503816369,0.0049697513887023,-0.9076680228387646,-0.8705767150503043,0.0027108595174041754,1.405924582592435,0
4,0,21,40,-0.005079588458912605,0.0131137836855739,-0.9393069539774931,-0.8773908739263652,-0.03013056505900903,1.4681004367698578,0
4,0,41,60,-0.017402799895570028,0.026077226129824,-0.9150004688740943,-0.868592454141432,-0.015537996534281723,1.4838335636942435,0
4,0,61,80,-0.020698060850045406,0.027254006139801,-0.8818325114877448,-0.8368460654963576,-0.0016058593855023651,1.4720201319977477,0
4,0,81,100,-0.0188243902213427,0.0216407149765424,-0.9290129227157597,-0.8784692858826544,-0.05058488053029615,1.4934642315182323,0
4,0,101,120,-0.017609394762077922,0.0247412735050937,-0.9440383955331422,-0.890446650879361,-0.05874422878720603,1.419578846880457,0
4,0,121,140,-0.01980848559526506,0.0231943051664894,-0.9338033392389333,-0.8894364841292941,-0.08704048319097193,1.4125363840519145,0
4,0,141,160,-0.019544261840334254,0.0260351583977287,-0.9396106091364453,-0.8888383365017123,-0.08869086411142194,1.4095807170477364,0
4,0,161,180,-0.009042015296668223,0.0170994376166887,-0.9994440303726083,-0.9447686622955396,-0.06849556353358024,1.3652266738775074,0
4,0,181,200,-0.0069400374669602955,0.0165060726621676,-0.9588460930733056,-0.8840875081968593,-0.05289361468914504,1.319312747847061,0
4,0,201,220,-0.021579387074919902,0.0265290440916669,-0.9389872489680394,-0.8910204582588618,-0.0642342478018791,1.285963648653151,0
4,0,221,240,-0.017228755858003354,0.0211806647389733,-0.9314753867334037,-0.8861728112211125,-0.06379156824155505,1.290645802719602,0
4,0,241,260,-0.015104253442793203,0.0220382193326347,-0.9523850906149033,-0.9120550535723908,-0.047724462664492054,1.3277674485365247,0
4,0,261,280,-0.011629066736649792,0.0234621784892867,-0.950991720233727,-0.9011368044087522,-0.04225332262213743,1.3175620033183175,0
4,0,281,300,-0.018549020663004206,0.0241360329121175,-0.9590517821609147,-0.8870613545974005,-0.03839589668071726,1.276771330518989,0
4,0,301,320,-0.03182473574742647,0.0370258441590064,-1.0002763041341318,-0.929293765911697,-0.06460232860825661,1.2386019832134874,0
4,0,321,340,-0.02825189834158693,0.0364944115391583,-1.0638018173181218,-0.9424244386216142,-0.007518776465204121,1.2543884562954473,0
4,0,341,360,-0.0335184302522003,0.0386217405162666,-1.0351032864169987,-0.9871841018415785,-0.03521367766197708,1.1879499906848285,0
4,0,361,380,-0.02744114079121591,0.0323617165545116,-1.0330762860223335,-0.9613029990059508,-0.009570136571712875,1.2800149282846147,0
4,0,381,400,-0.028967327199941422,0.0342856040540072,-1.0487597091913814,-0.9738499029640084,-0.043619496700022284,1.2442514699540905,0
4,0,401,420,-0.018920586277112662,0.0290190222090564,-1.1492413246018829,-1.0622126415949784,0.027036346867412065,1.3634726181605192,0
4,0,421,440,-0.018372350827610635,0.0317155182704631,-1.0650401692957958,-0.8537112557279539,0.03792300011586383,1.2736502867296893,0
4,0,441,460,-0.003694655025565035,0.0150610458103151,-1.030168015603937,-0.8489959811762694,0.030332744910593984,1.2923022911635527,0
4,0,461,480,-0.00173801731698288,0.017387041152806,-0.9434304832015625,-0.8409285704240529,0.01887890729862789,1.30301228125814,0
4,0,481,500,0.001076587798375365,0.0049484599470351,-0.8621804085963388,-0.7910700665666696,0.0007547666969380359,1.317057262879525,0
4,0,501,520,2.7131210549980095e-05,0.0056464638649995,-0.9213752063181042,-0.7969883912317015,-0.02366649525942223,1.3490962041038892,0
4,0,521,540,0.0002498643248211897,0.010983006596686,-0.9819678946359549,-0.8295830972887285,0.0019221786622119446,1.3152794135503272,0
4,0,541,560,-0.0030749210015891602,0.0107574339064587,-0.991001843726853,-0.9180559563101712,-0.032321777351483276,1.231710924601219,0
4,0,561,580,-0.0017460208421833452,0.0103472419770517,-0.9593888884320698,-0.9174744628827464,-0.03069116268364187,1.2096293990812101,0
4,0,581,600,-0.00918104339953332,0.0205722364032908,-1.0077592672246725,-0.9791168198714923,-0.013438340773058707,1.3050212612316199,0
4,0,601,620,-0.005560527338996383,0.0185607393901937,-0.9294346629194992,-0.8640382055982854,-0.037106248123565964,1.2378865882004109,0
4,0,621,640,-0.00934706559753608,0.0151795837781664,-0.9934031900303217,-0.9545628386860716,-0.03709917802363208,1.2354704825040903,0
4,0,641,660,-0.016897197985785962,0.0290289329118131,-0.9942738364207413,-0.9102125155238114,-0.03507677747594053,1.2655775605662567,0
4,0,661,680,-0.017441101605175275,0.0289736924570058,-1.017604745792146,-0.9756561666218536,-0.02347599437530906,1.3072249403719676,0
4,0,681,700,-0.014473839709070823,0.0183280745864736,-0.9974780139618338,-0.9752323812452758,-0.0376761928232338,1.309393244653393,0
4,0,701,720,-0.015588435865546476,0.0196957929171835,-1.0032304216715262,-0.9763701960961348,-0.013140087434195901,1.3059553451651913,0
4,0,721,740,-0.009072838816062674,0.0235298162304279,-1.005664497766546,-0.9391263778056268,-0.015511023453080924,1.2898724934182004,0
4,0,741,760,-0.0060464437047114145,0.0098736595226797,-1.025358885629111,-0.9585661159906396,-0.03804966807739033,1.2693230427277675,0
4,0,761,780,-0.0026757059482234004,0.0125672991792491,-1.041661394716402,-1.016927900420534,-0.04836972900681165,1.2627170973460795,0
4,0,781,800,-0.0106636721845617,0.0212713755059749,-1.0684856514899317,-1.0293833830763606,-0.05140505508059644,1.2782906735908928,0
4,0,801,820,-0.007010090145770126,0.0130940061610398,-1.0143151683330671,-0.9822658015978464,-0.03694737619705725,1.256501387981238,0
4,0,821,840,-0.005489370174259395,0.0118901303500765,-1.0225647391969437,-0.9761491456306788,-0.007711330177037815,1.2672391708251483,0
4,0,841,860,-0.007611942715901365,0.01136773217666,-1.014449540445048,-0.9648788885721236,0.00477223103139275,1.2600638077658748,0
4,0,861,880,-0.017138841413935908,0.023450254204807,-1.0869491809570355,-1.0267479964466486,-0.00846572605312376,1.2683363500553155,0
4,0,881,900,-0.011758157070159574,0.0230490964995911,-1.1186368188897546,-1.0504090273903224,-0.004122765787318744,1.2661002733078022,0
4,0,901,920,-0.008822514249713866,0.0186403922975946,-1.1197821536772645,-1.075767309796556,-0.005459356746892815,1.2775787259817049,0
4,0,921,940,-0.019663936071665895,0.0252042189207903,-1.142144771285243,-1.109004645245776,-0.030877026994508644,1.2515743300702558,0
4,0,941,960,-0.015536244221452469,0.0207816652548204,-1.0974467546158957,-1.0015665420985729,-0.03684934572691902,1.1901258714728806,0
4,0,961,980,-0.0071392637461992455,0.0111952539213239,-1.0012180862982338,-0.8946776786807493,-0.04707453202334118,1.1671409821187333,0
4,0,981,1000,-0.00276923722637933,0.0072636501085936,-0.9759763036991934,-0.8661006683040265,-0.03211002308113732,1.0114894555820402,0
4,0,1001,1020,-0.003930842973431239,0.0074224439223158,-0.9499277624037763,-0.913473781644422,-0.0367709661460504,1.0141325242628572,0
4,0,1021,1040,-0.0013851533667257538,0.0052426887070876,-1.0212283675928187,-0.9488865322629112,-0.016615294007032523,1.0433921819005287,0
4,0,1041,1060,-0.006387469280163099,0.0110195853042545,-0.9423486758786531,-0.8691945402520533,-0.003949955407654308,1.0654768694395875,0
4,0,1061,1080,-0.0006260094414452753,0.0055953113438097,-0.8997988020256573,-0.8540484473153852,0.000824006195533865,1.0768548640567563,0
4,0,1081,1100,-0.002314720063524645,0.0087595598644035,-0.9511954163640308,-0.9111639879346488,-0.007624044001469478,1.0691991597268207,0
4,0,1101,1120,-0.0023415491378939654,0.0168878082969839,-0.9498554892835621,-0.9126926811969456,0.014007079797187122,1.1218321227734305,0
4,0,1121,1140,-0.00016377742612578514,0.0104320960402867,-0.9839915524186054,-0.8946264931387514,0.0006065764837805947,1.0872203125486344,0
4,0,1141,1160,0.00231858745364041,0.0102536602709905,-0.9806775579207544,-0.9181534008442704,0.00934366369971551,1.1208254683746677,0
4,0,1161,1180,0.006919971301574556,0.0131120560386064,-1.026603313235624,-0.957656126383304,0.021137580371501465,1.1480306777366434,0
4,0,1181,1200,0.0012616834047621118,0.0061026483039526,-0.9080912927497937,-0.8751211275682363,0.022493433629686543,1.1187026024939872,0
4,0,1201,1220,0.0016736403180752,0.0051310450387367,-0.8916232257504142,-0.8469598029241123,0.0027148561932724604,1.0165972413077549,0
4,0,1221,1240,0.000234426554078665,0.0041297471493071,-0.9222712404110969,-0.8805997975008942,-0.01044739836596648,0.9741734754912033,0
4,0,1241,1260,-0.00024637289489337996,0.0033093351950315,-0.9238597420179856,-0.9004476701193977,-0.02384647277498317,0.9957674801841542,0
4,0,1261,1280,-0.0015025142830290823,0.0046340870164486,-0.953030967120476,-0.9067619586582152,-0.03261178153292495,1.0714948017291135,0
4,0,1281,1300,-0.002599084624306699,0.0183606969802799,-1.0035229609027172,-0.9126852785823228,-0.029398774070911,1.2246129979745504,0
4,0,1301,1320,-0.01643545304962448,0.0226571427331753,-0.9765569961907318,-0.928343366415958,-0.0247227611671823,1.1616922227388753,0
4,0,1321,1340,-0.006703496369979076,0.0148483590025851,-0.9126475029171102,-0.8288349716320121,-0.04111407111496217,1.1407676234630606,0
4,0,1341,1360,-0.0032118290302679945,0.0082612095689943,-0.9647799602866858,-0.9091418306304252,-0.03972763716405168,1.1063440526083912,0
4,0,1361,1380,-8.586700077448731e-05,0.0125562510439303,-1.0456370953237297,-0.9396426892896024,-0.02834937183017277,1.182745796634492,0
4,0,1381,1400,0.005269350412838654,0.0158187423588127,-1.0488560085778664,-0.9811941496682784,-0.007408590664132293,1.2935519462876863,0
4,0,1401,1420,-0.010677714772603559,0.0156411121107679,-1.0719355146070741,-0.9861648532640844,-0.016647259247694078,1.1553978007879753,0
4,0,1421,1440,-0.011852850080741113,0.0175336414921216,-1.2107321874218306,-1.1251119182498364,-0.03188896562904303,1.00457679160903,0
4,0,1441,1460,-0.008558506297131185,0.0161680204367462,-1.1601407647513047,-1.0463020821798186,-0.06450823759204023,1.1353506853312756,0
4,0,1461,1480,-0.004753625248653104,0.0106408035591889,-1.1768234725561788,-1.114530036348644,-0.004608682700109535,1.3583500984513819,0
4,0,1481,1500,0.002388062216935961,0.0071177580040538,-1.1138434636846,-1.0201429037255405,0.0007696213826052003,1.2134850013094591,0
4,0,1501,1520,0.00079671765071282,0.0091088998423987,-1.0629660886995598,-0.9863652123268551,-0.0024911265126547704,0.9873984690680017,0
4,0,1521,1540,-0.0022442330820829598,0.0106529900283219,-1.1553662576769894,-1.0544463207892152,0.0070647646088385346,1.1413280642969206,0
4,0,1541,1560,-0.006058773558499051,0.0148173733933104,-1.0942529381287842,-1.0035248395253205,0.030472989291928394,1.120044764019681,0
4,0,1561,1580,-0.0074885242894097955,0.0125466251031054,-1.201857942727602,-1.0419891307587297,-0.04691925790354069,0.9120219372762278,0
4,0,1581,1600,-0.012501568588408046,0.0211438384808209,-1.0313869191893994,-0.8783286190473306,-0.17951386035547795,0.8511986448566251,0
4,0,1601,1620,-0.014649358270107635,0.0278775988844854,-0.8927237922219395,-0.7950072887746508,-0.19786495799607115,0.8793591289978785,0
4,0,1621,1640,-0.003988474026276405,0.0123265419567602,-0.9576666991366365,-0.8835653650254669,-0.196137589349706,0.9289072155188286,0
4,0,1641,1660,0.007859512515868894,0.0379850327935371,-0.9805712236981761,-0.7983226783981712,-0.20876461162630058,0.9684512687161948,0
4,0,1661,1680,0.038167150249362014,0.0464276363624893,-0.7190902145624622,-0.629562185451407,-0.22534792112040952,0.8954892524506963,0
4,0,1681,1700,0.04365064345614288,0.0549115152248086,-0.6698374886185692,-0.6288908869624927,-0.23967479688512175,0.8612473002161432,0
4,0,1701,1720,0.05025655650127292,0.0579911127987105,-0.6514862897806202,-0.584390268227806,-0.2646273084843633,0.8712788826425445,0
4,0,1721,1740,0.029972505927561576,0.0416123730033626,-0.5776369435156126,-0.5143245602880652,-0.22520561477130124,0.9645243595301126,0
4,0,1741,1760,0.026634604920400574,0.0301899695861701,-0.7463673676582572,-0.620286661736251,-0.2015683133149837,1.0048866812076944,0
4,0,1761,1780,0.03080334394830323,0.034719641691154,-0.7059372994246248,-0.6475572828442012,-0.2079571385534324,1.0053969559954627,0
4,0,1781,1800,0.02804397186398503,0.0328884943040121,-0.6977792587888293,-0.625462047354033,-0.21739928628071895,1.0025074951995863,0
4,0,1801,1820,0.03284870667195866,0.0378269807472201,-0.6939287045812832,-0.6346225909747495,-0.24243099402688414,1.0164993684777557,0
4,0,1821,1840,0.03236721348349402,0.0389613651212846,-0.6954606519221895,-0.6379017449606055,-0.22853684423527693,1.0634446234903334,0
4,0,1841,1860,0.02222737384074109,0.034372241523896,-0.8058464614191954,-0.7438469116143408,-0.25122158346062934,1.0769532898188896,0
4,0,1861,1880,0.004164610986648689,0.0282244849403924,-0.763092912320153,-0.6619113092575263,-0.18712493752132847,1.0323174028531128,0
4,0,1881,1900,-0.023205356600599296,0.0293793664272781,-1.0428567074939021,-0.9115655592526064,-0.10427911404385315,1.0430948585159103,0
4,0,1901,1920,-0.013037088182390275,0.0206829347550813,-1.0837530353718519,-1.020382687579806,-0.1442896504278221,1.0415679554885922,0
4,0,1921,1940,-0.011488764285935833,0.0173390779029198,-1.1105307783849374,-0.996421394041766,-0.03471850387692756,1.1127608984396247,0
4,0,1941,1960,-0.008311630757625414,0.0147307953433841,-1.0112161904956616,-0.9671068686416904,-0.011534827648439624,1.028792217198558,0
4,0,1961,1980,-0.0030425681662170135,0.0097361919957879,-0.8787094507632116,-0.7878873557346765,-0.12774427881314512,1.0812177208007234,0
4,0,1981,2000,-0.008139969246144019,0.0136559042962152,-1.0932528327531734,-1.0541195736711846,-0.06414996835307477,1.1950739269222974,0
4,0,2001,2020,-0.010863367976280338,0.0166709496269198,-1.1352752044183823,-1.0640841593942192,-0.06838539904342697,1.4190314502429398,0
4,0,2021,2040,-0.009297250894728238,0.0113159772694953,-1.1775632627918011,-1.1577422261493877,-0.11286632706009711,1.5812507185033517,0
4,0,2041,2060,-0.007289757702503353,0.01362108300129,-1.144868253215082,-1.1069149284469555,-0.12078945857268378,1.4709988035777122,0
4,0,2061,2080,-0.007828593560142044,0.0122479062763078,-1.105829232483693,-1.063932992952872,-0.06349051248917943,1.4205252920520866,0
4,0,2081,2100,-0.007086578983721446,0.0112695715599374,-1.0368957653612438,-0.975364348129041,-0.046117999863561486,1.4526111832425186,0
4,0,2101,2120,-0.012322916417123637,0.0309802509624052,-1.0529087589691575,-0.937595922522539,-0.005460005904846856,1.4574613875007176,0
4,0,2121,2140,-0.025004417390434526,0.0516772249100869,-0.827152145932085,-0.5056628558060786,0.02778601861550265,1.2532023733917086,0
4,0,2141,2160,-0.010146666287574949,0.011954454812409,-0.46926020242139305,-0.2678259808664776,0.12879030657317075,1.2916945489561258,0
4,0,2161,2180,-0.0062965978473135415,0.0122568868529638,-0.22662173487437184,-0.0976367209943282,0.04246062154331542,1.4001412794014598,0
4,0,2181,2200,-0.0131377324091693,0.0148188062321199,-0.19456552578059688,-0.0161644778190582,0.038258538987169535,1.3677346586476835,0
4,0,2201,2220,-0.014260458143673266,0.0175459223417081,-0.2062607703703574,-0.0269713468370783,0.053644204720427094,1.4047842752935253,0
4,0,2221,2240,,,-0.6385069464612233,-0.4334525566946043,0.11478236605094945,1.671309465856544,0
4,0,2241,2260,-0.020210922949367632,0.0209094815142464,-0.6933805649092,-0.4076239098426849,0.10473271680941823,1.578975857081509,0
4,0,2261,2280,,,-0.6060192987249744,-0.2212357581445778,0.10840706965602316,1.4913269086258338,0
4,0,2281,2300,,,-0.68577692948373,-0.1609409248822245,0.10645564954504061,1.4649635048641128,0
4,0,2301,2320,,,-0.9182409112083841,-0.8025093549401182,0.096999169105029,1.5286687090771156,0
4,0,2321,2340,,,-0.8754574075775418,-0.7677582968970111,0.10662522893225942,1.5612369394758447,0
4,0,2341,2360,,,-1.0258572240424386,-0.8829167206893546,0.08324802930288464,1.6727330540691376,0
4,0,2361,2380,,,,,0.0704655714558503,1.8548363024247703,0
4,0,2381,2400,,,,,0.0806881543242529,1.6531897524941783,0
4,0,2401,2420,,,,,0.08968841161636887,1.6008749043468549,0
4,0,2421,2440,,,,,0.08304152792161042,1.5837607795013824,0
4,0,2441,2460,,,-0.5883738130125852,-0.5094822628665899,0.049272382029432696,1.420160679304023,0
4,0,2461,2480,,,-0.7825238751410029,-0.5455212419977102,0.13175397414369694,1.4255695037141864,0
4,0,2481,2500,,,-0.7295594256411225,-0.5634254969680872,0.16026849097091939,1.4147003676811383,0
4,0,2501,2520,,,-0.582409267482157,-0.4600890646556449,0.13157353015068574,1.42609201559003,0
4,0,2521,2540,,,-0.5375363624287285,-0.4475009606955561,0.13268610403742453,1.4534383719905326,0
4,0,2541,2560,,,-0.48657082106666305,-0.4041860316508429,0.11684982649582251,1.4362785769229218,0
4,0,2561,2580,,,-0.47648618564796924,-0.3785767519501576,0.12460024078186875,1.4443757236288157,0
4,0,2581,2600,,,-0.35139300908169424,-0.2211006391856313,0.10967594245054443,1.3740028318338742,0
4,0,2601,2620,,,-0.3960847728459429,-0.2958659883410197,0.11820463295761659,1.3784606659749497,0
4,0,2621,2640,,,-0.4280301290360658,-0.3040534299820477,0.1366482240085654,1.3459945307392267,0
4,0,2641,2660,,,-0.3925539391727496,-0.2782115503774006,0.08728038772067202,1.392939483635652,0
4,0,2661,2680,,,-0.4020934937296392,-0.2834640126986252,0.10497562111073748,1.3719265780578183,0
4,0,2681,2700,,,-0.48600454021323813,-0.437142852373138,0.11834617102178775,1.4392135268215114,0
4,0,2701,2720,,,-0.5073020955443223,-0.4812694146508921,0.11352261191287698,1.4826005487090343,0
4,0,2721,2740,,,-0.4187153919656127,-0.3038142705234065,0.13972598270988149,1.4214937715544125,0
4,0,2741,2760,,,-0.3786634254652565,-0.2802746507890076,0.1298648923107488,1.4105686148677186,0
4,0,2761,2780,,,-0.39103660585816835,-0.2941123215130864,0.12269332138608628,1.389009042313736,0
4,0,2781,2800,,,-0.318396628846262,-0.1974369402143349,0.12976447496908186,1.3702199462080142,0
4,0,2801,2820,,,-0.34983155910826835,-0.2418566889122314,0.13360967880559776,1.4150709126515406,0
4,0,2821,2840,,,-0.4008875863014561,-0.2862390688229623,0.16330976123263966,1.4162029609946665,0
4,0,2841,2860,,,-0.417619608231377,-0.3194205929657632,0.13661233820848698,1.3955006706656061,0
4,0,2861,2880,,,-0.4042283688876216,-0.3194225003615725,0.1249554923693414,1.3785901392428905,0
4,0,2881,2900,,,-0.5257056837012746,-0.4251017033039993,0.11666492885282301,1.4329578588844243,0
4,0,2901,2920,-0.008461688971789588,0.0192525890718778,-0.6273394017133658,-0.2966984624594347,0.0876531919309949,1.4416733574623557,0
4,0,2921,2940,-0.012032416382291805,0.0228270414437278,-1.2916895026585968,-1.061104319487201,0.06212352679480274,1.0260545120697304,0
4,0,2941,2960,-0.011950926788250587,0.0334759356493057,-1.3830682588370922,-1.1960980332229771,0.13408048759113284,0.518327532710648,0
4,0,2961,2980,-0.025606180067795754,0.0329007959325228,-1.3358474450326505,-1.1757608808473692,0.04773602702212925,1.0041343741820667,0
4,0,2981,3000,-0.023456253613722305,0.0359802484402273,-1.187596105814284,-0.9884710062511534,0.0066650096706529684,1.5005210942764333,0
4,0,3001,3020,0.0036133363627278694,0.0084162557836433,-1.041595648369525,-0.9852095381099764,0.006698862930295153,1.166141919158648,0
4,0,3021,3040,-0.008803212010979855,0.0239227412793647,-1.1084833128770826,-0.935631408511182,-0.016851517528627912,0.9948331864486917,0
4,0,3041,3060,-0.013302650236959868,0.025384158094792,-0.9921130215797165,-0.839864636474296,-6.735430898202992e-05,1.0802867931627882,0
4,0,3061,3080,-0.0048806070213196495,0.0187398052165411,-0.8805851808301339,-0.7299370711873454,-0.04018242260025689,0.7925397407006933,0
4,0,3081,3100,-0.005974570279371422,0.0178731476496048,-0.9498258240051474,-0.8229066842297934,-0.019253837533384284,0.5980625233294801,0
4,0,3101,3120,0.008911347197919469,0.0156729656414248,-0.9593162758184965,-0.917663542087531,-0.034196939065923505,0.6001345399677707,0
4,0,3121,3140,0.014553084284453007,0.0169814985512124,-1.0018428222938793,-0.9490169817304962,-0.015156293677770955,0.651724873013491,0
4,0,3141,3160,0.008812856590032624,0.0133709639139433,-0.9788082730165699,-0.899707566711344,-0.023064082499168834,0.6451208848936498,0
4,0,3161,3180,-0.0009362460326504324,0.0184354743552822,-1.0947045997065017,-0.9162461276012452,-0.01562449030891735,0.6549329414981725,0
4,0,3181,3200,-0.01060384510213044,0.0151897201372314,-1.2894758878357,-1.2467716293100348,0.014467534973615526,0.7929970134413508,0
4,0,3201,3220,-0.015758247150727326,0.0241605691381121,-1.4036091721137318,-1.3139092663829135,0.055318413466407944,1.2817931174308972,0
4,0,3221,3240,-0.01335018258755601,0.0230810072471331,-1.3657280376754417,-1.2867600392692695,0.0739012090295318,1.3739362344490973,0
4,0,3241,3260,-0.006438535458195076,0.0122358032660355,-1.4429644240278225,-1.3401951708220254,0.014538483262301102,1.266466036904008,0
4,0,3261,3280,-0.00548719769818677,0.0091379602179239,-1.2976856336077915,-1.2711528107272738,-0.0006387807098379696,1.0910724765605428,0
4,0,3281,3300,-0.011039403256052956,0.0138771604025063,-1.2482697701338004,-1.2164512463140342,0.03763915686022947,1.0557824283208268,0
4,0,3301,3320,-0.010669419915296385,0.0149227723560971,-1.2645138950543673,-1.2444905011130027,0.02948644465816925,1.0191878857704488,0
4,0,3321,3340,-0.006069881802832519,0.0138642335217884,-1.3127230567352868,-1.264123363084737,-0.008816580476148955,1.0638932013068159,0
4,0,3341,3360,-0.004813436774913999,0.0066338010651168,-1.266101882351544,-1.2461440920784714,0.002213576025537035,1.0753260876184476,0
4,0,3361,3380,-0.00607705551917989,0.0078751925633468,-1.282228259798247,-1.2546746085113405,0.005620327646940265,1.0873227101930465,0
4,0,3381,3400,-0.010089459714850525,0.0158387105798101,-1.3405440402017152,-1.284346084603763,-0.016141093485711876,1.1351916541223035,0
4,0,3401,3420,-0.012412600301869251,0.0158274959794033,-1.539942035628817,-1.4637900919224445,-0.030616991047344288,1.2031801722521824,0
4,0,3421,3440,-0.014675936194127936,0.0303310264197845,-1.4593007287969155,-1.1336686748432092,-0.03561415355985692,1.1593218280314495,0
4,0,3441,3460,-0.022575192755538383,0.0299486823175591,-1.0238683269015456,-0.9620057426106652,0.009606475947433071,1.1293996802545636,0
4,0,3461,3480,-0.013454862915947172,0.0205339657729939,-1.1616974254217385,-1.0507668924596825,-0.00992403148927279,1.1347288546921248,0
4,0,3481,3500,-0.01195535358115108,0.0155999575725379,-1.286195273256072,-1.1775443441747913,0.01782961469118205,1.1283103831669812,0
4,0,3501,3520,-0.017952636063036414,0.0213929790760344,-1.4638128301223143,-1.3407615889726494,0.02898652739844389,1.170315755047302,0
4,0,3521,3540,-0.01218793957585,0.0199253306790906,-1.2547450324724942,-1.0882201542757275,0.0031156576233132846,1.099052607298248,0
4,0,3541,3560,-0.0089255912974355,0.0142418671481953,-1.2593669177679854,-1.1059979385802632,8.968253374539471e-05,1.1400341386274124,0
4,0,3561,3580,-0.015529420232970336,0.0197584445122578,-1.7419971620549521,-1.505902609864009,0.1342143031804978,1.4826218933107,0
4,0,3581,3600,-0.017469764127334274,0.0208941390942539,-1.9382091146412737,-1.853655179434759,0.18356605797741948,1.5051029397336113,0
4,0,3601,3620,-0.021984207890783224,0.0317091387449202,-1.6632602497900664,-1.25533465879467,0.0651966195085463,1.3724006359828675,0
4,0,3621,3640,-0.02947361323094965,0.0371008236817959,-1.5629550124672946,-1.4621936892978742,0.03605216727601719,1.4594905527332374,0
4,0,3641,3660,-0.039581539792646385,0.0478730779478843,-1.1960552073731487,-1.0852947910191053,0.0278454383176084,1.190092040962494,0
4,0,3661,3680,-0.045880154238899976,0.0508217411765484,-1.1499202608294128,-1.0497143495702193,0.0011069298133272502,1.1607096907680592,0
4,0,3681,3700,-0.04828087594671161,0.0519053366305714,-1.1938166777061834,-1.1332504562146946,-0.019177812074868385,1.227660841627165,0
4,0,3701,3720,-0.049571741967974745,0.0547614238796643,-1.2145939874238205,-1.1493684874239345,-0.022320322650785134,1.2012908791670482,0
4,0,3721,3740,-0.04994890545737683,0.0695460190852286,-1.419655438852818,-1.2652890282048057,-0.028675936114221395,1.2730288506962186,0
4,0,3741,3760,-0.045492261864668274,0.050242119311932,-1.3434891438511645,-1.2435056825531907,-0.025843312061674412,1.1809254205482684,0
4,0,3761,3780,-0.05180442597892494,0.0585980978262235,-1.3960108417575514,-1.2900824583561912,-0.011601243783867399,1.196816297835695,0
4,0,3781,3800,-0.05605375958718981,0.0601174735441497,-1.4594784175642315,-1.2450643471166534,0.028847190883592427,1.278758859166169,0
4,0,3801,3820,-0.05085453425790572,0.0550750639509525,-1.2558768921092045,-1.0511821884885475,-0.05089679308642464,1.1925880135973765,0
4,0,3821,3840,-0.025213545932772467,0.0376175039003715,-0.9584838252685959,-0.8741946209531826,0.06010140180766862,1.2808372263526138,0
4,0,3841,3860,-0.015714892558943698,0.0175720033542807,-1.0607862184188683,-1.0037965055256048,0.10930130074797033,1.3993635477492252,0
4,0,3861,3880,-0.023649369117455483,0.0277013708317786,-1.1041087023283516,-1.0602268486123585,0.12454909709793889,1.4129307698305387,0
4,0,3881,3900,-0.028263906376249037,0.0356312664846356,-1.0736668125303186,-0.8716785299497046,0.07373767612686175,1.0409276042356448,0
4,0,3901,3920,-0.028704348589560752,0.0350453802266374,-1.08010212459433,-1.0141472987642148,0.06952299338606427,1.0816890924744065,0
4,0,3921,3940,-0.017356722027924057,0.0279562565059642,-1.0156124236407307,-0.9463898426128136,0.06587613706510358,1.0476425199714456,0
4,0,3941,3960,-0.014467085841745863,0.0310783652440554,-0.9728391439086945,-0.9185578397239724,0.055657795532222644,1.0380746005272043,0
4,0,3961,3980,-0.023328164890864325,0.0320229434424459,-1.0120835712058884,-0.9136244409828652,0.062167952775166915,0.9947162063343062,0
4,0,3981,4000,-0.02572299116112301,0.0316260756428036,-0.9794076298878153,-0.8830895366399175,0.03898327175555048,0.9276814460073028,0
4,0,4001,4020,-0.02544925408356879,0.0313091705258829,-1.0196805147497894,-0.9969460926270772,0.005114132142461084,0.9226683959677636,0
4,0,4021,4040,-0.00893310217922053,0.0150827592151107,-1.0186335684924823,-0.9164682321837162,-0.013063767589064162,0.9936232199079933,0
4,0,4041,4060,-0.013624597375670965,0.0188748227632544,-1.0127486795035379,-0.9212901989688213,-0.010858912891191912,0.962337906049213,0
4,0,4061,4080,-0.009499340835298535,0.0147090919276231,-1.0037120959790031,-0.9441651049359816,-0.0075487822927449945,1.0753852535277766,0
4,0,4081,4100,-0.012053949593660974,0.0265893711357661,-0.9772562085082607,-0.9303336065633228,0.023867838101411656,0.971063111687594,0
4,0,4101,4120,-0.019297702049773345,0.0282063833176007,-0.9895476832440522,-0.9094255432328162,0.052812100841732726,1.0385919736531988,0
4,0,4121,4140,-0.01080321220555101,0.021076638043242,-0.970114278592275,-0.882980266181569,0.07892208447805793,0.8883611493342587,0
4,0,4141,4160,-0.009819387880473112,0.0145251833129543,-1.0170787543373159,-0.9816364620667338,0.11795711540192733,0.8342831299316835,0
4,0,4161,4180,-0.007435610582134457,0.012954440671963,-1.0040288740127439,-0.9517097179992412,0.10671607953566868,0.8543133486792851,0
4,0,4181,4200,-0.0111314317906939,0.0165976953717433,-0.9377900492522979,-0.8793896843361071,0.07781186908543203,0.8303818471843677,0
4,0,4201,4220,-0.015537105729011532,0.0239545180525497,-1.0928620342584645,-0.9518761619010588,0.07328199697913593,0.9531329984400265,0
4,0,4221,4240,-0.015634383005380108,0.0219390514831211,-1.0769402038903553,-0.966676912874158,0.1588839210971668,1.0293281892556903,0
4,0,4241,4260,-0.01559438114802215,0.0245051407241594,-0.9649879853249536,-0.9018618321778902,0.0931857715476633,0.9832124613091191,0
4,0,4261,4280,-0.013021492093964984,0.0170759623229775,-1.1348432973308715,-1.0552370542495,0.10300377212559723,0.973964938350399,0
4,0,4281,4300,-0.016542405751944066,0.021905329348099,-1.1833183434681782,-1.1039079155827645,0.136017176837501,1.0934113356900548,0
4,0,4301,4320,-0.012032102509296646,0.018210410973729,-1.0591298437098267,-0.8642324665774199,0.1252395060940959,1.0848879291616957,0
4,0,4321,4340,-0.013626112937574833,0.0211801828896253,-1.0168715100208963,-0.8718906326822073,0.06588940428715714,0.9435603704612406,0
4,0,4341,4360,-0.007725620557651069,0.0115717428281888,-0.9533749603727877,-0.8857931065629916,0.025999922397206353,0.9583213164959711,0
4,0,4361,4380,-0.010840170763955945,0.017003794887374,-0.9427741344304927,-0.9201988924198712,0.030848209137439686,0.9807109734371531,0
4,0,4381,4400,-0.019685739198399808,0.0291707829410196,-1.0262452864590996,-0.9788968177139078,0.03990925879740352,0.987490427606884,0
4,0,4401,4420,-0.0020134045659858817,0.0084590938183687,-1.0012438167821849,-0.9549440300749712,0.06982083687755844,0.9136559458327748,0
4,0,4421,4440,-0.008551649700879922,0.0171025887022475,-1.032289897914783,-0.9702938774788266,0.05345141946402462,0.981052310949653,0
4,0,4441,4460,-0.003074234404983005,0.0096838969332543,-1.0478182073099225,-0.9993656200774638,0.048984160855722145,0.9704973125408998,0
4,0,4461,4480,-0.006778797082531001,0.0188284953259241,-1.1558452043073804,-1.037334839560239,0.07040061593146495,1.0898778057856298,0
4,0,4481,4500,-0.0031720916484587946,0.0068758635839315,-1.286509643598863,-1.0847183614319174,0.06708277922648972,1.0867354994682972,0
4,0,4501,4520,-0.004889851256919521,0.0100630291743239,-1.4435857950417492,-1.3975966987762465,0.07637419221693703,1.1629358117904858,0
4,0,4521,4540,-0.00433024656948177,0.0098281905606461,-1.4593502605284647,-1.3884780564405503,0.07779779744366769,1.2007088455894206,0
4,0,4541,4560,-0.0024586055096192947,0.0074506845435196,-1.54198013654579,-1.465112016710354,0.03133096695808585,1.1390001913034318,0
4,0,4561,4580,-0.002690035252086091,0.0107895772310169,-1.469543775457028,-1.415226443025208,0.0007619481011257705,1.1397083939543056,0
4,0,4581,4600,0.003939167024100248,0.0089754189113051,-1.3578823524364105,-1.1882851135682395,0.012134833872373584,1.139757441276422,0
4,0,4601,4620,-0.004556628969035775,0.0120363306459927,-1.4775939429697869,-1.2438421929857222,-0.022145669550282233,1.2003823542923207,0
4,0,4621,4640,-0.00962758748655992,0.0139077748579559,-1.323256412739887,-1.1267743691686811,0.00141433739994529,1.0980394405665204,0
4,0,4641,4660,-0.008755729780145115,0.018259859010594,-1.252574063926825,-1.126564479440943,0.014400957434837667,1.107711972200649,0
4,0,4661,4680,-0.014907858416582594,0.0184306548374527,-1.6113817009245566,-1.4257163690290104,0.15630510431592853,1.420696727286018,0
4,0,4681,4700,-0.019306451831110582,0.0265094296513411,-1.4465118001359447,-1.3117962184196783,0.07601043031695143,1.4252709474933325,0
4,0,4701,4720,-0.03480325830261831,0.0427576445764565,-1.351362413417406,-1.2818690264657226,0.09610991340452273,1.4593836410483587,0
4,0,4721,4740,-0.030173836205423278,0.0429376484984169,-1.2027094010802049,-0.8986061923221906,-0.05370534234916287,1.436431430431035,0
4,0,4741,4760,-0.01245948277618813,0.031671002364143,-0.8995225683691782,-0.6488706375569142,-0.15256158427480299,1.1979203997310677,0
4,0,4761,4780,-0.008549199421419615,0.0199005345191038,-1.2575804104003638,-1.1726330201568629,-0.021919431733602016,1.5051047670183109,0
4,0,4781,4800,-0.016032478251705593,0.021483309280157,-1.195556119523358,-1.1004990277204845,-0.05750891780750732,1.3989128230201815,0
4,0,4801,4820,-0.014868457639167535,0.0221046355789048,-1.18464836892344,-1.141022489617508,-0.09167540887413786,1.246197482767005,0
4,0,4821,4840,-0.011137824154212552,0.0173577544669312,-1.2433731236558938,-1.1607377296384809,-0.0740571796423252,1.2016531517992148,0
4,0,4841,4860,-0.014887167842273147,0.01775154668069,-1.3303303035421143,-1.2387410540110793,-0.08244950944810896,1.2198989435347207,0
4,0,4861,4880,-0.010936912607040534,0.0166878943316815,-1.3860749567929134,-1.3197652581696802,-0.09888320588283203,1.1861222453813998,0
4,0,4881,4900,-0.01792924821516082,0.0423016501875804,-1.338242605882979,-1.2687151925612323,-0.09323008194237496,1.215311829856184,0
4,0,4901,4920,-0.034519596952784684,0.0482106762513994,-1.385288022457934,-1.2880740970796782,-0.09631322172403348,1.4707646722259369,0
4,0,4921,4940,-0.02843911459939022,0.0368518291182731,-1.3107340759603754,-1.24236315407291,-0.09402802731379961,1.3614657185815167,0
4,0,4941,4960,-0.0371306575349219,0.0414060770597273,-1.3320070465816802,-1.2654759830868083,-0.10509731688229709,1.3896329613106773,0
4,0,4961,4980,-0.04430115119478196,0.0489287533304497,-1.445129259057341,-1.346419618484842,-0.11765044136051864,1.3932049305901033,0
4,0,4981,5000,-0.044135349831486745,0.0489056258601158,-1.458475437001895,-1.361555424386679,-0.11850290091300633,1.4071904039527445,0
4,0,5001,5020,-0.016773051982362175,0.0426767279101406,-1.272074439110312,-1.1106323652250203,-0.06767022982451747,1.425837237748809,0
4,0,5021,5040,-0.011245098207507817,0.0214183111312561,-1.1039315702782873,-1.0741324547965625,-0.06456294087362797,1.3853218454507632,0
4,0,5041,5060,-0.013758803486508186,0.0223588226989642,-1.0731571475576367,-0.9807368508507024,-0.043227606215208485,1.2960987360012415,0
4,0,5061,5080,-0.011132978536936924,0.0228919817968992,-1.1542438487880098,-1.0702499914109758,-0.09744366691331768,1.3721122497485974,0
4,0,5081,5100,-0.011436951423246655,0.0252623355942642,-1.2439080526570554,-1.1620471943532162,-0.08145986100729966,1.5351498709223503,0
4,0,5101,5120,-0.007940085179982435,0.0134194811100582,-1.1637344451747116,-1.1346855218130898,0.0021310690390938802,1.5841506727776835,0
4,0,5121,5140,-0.01599000655769624,0.0243161667609884,-1.2013468446310487,-1.1590615683344287,0.00215965864660204,1.5756314026480154,0
4,0,5141,5160,-0.01648296696417342,0.0271642871132043,-1.146591883143408,-1.0278161827638423,0.0039154116323621094,1.5041913657716584,0
4,0,5161,5180,-0.02192731814684159,0.0241928258006329,-1.0305935561917432,-0.997906561742196,-0.021302320539213822,1.3245748808404985,0
4,0,5181,5200,-0.019027917536251104,0.0233380180082078,-1.1148598215815526,-1.079898102329568,-0.00209025085913317,1.3364770813877125,0
4,0,5201,5220,-0.018723072005988772,0.0234164182527933,-1.2733058979383236,-1.1179518409415512,0.03088639186406748,1.5818104704522227,0
4,0,5221,5240,-0.01983364796697063,0.0227478970150424,-1.3263242975869525,-1.2935255024548586,0.033809432674398024,1.5882671135365873,0
4,0,5241,5260,-0.015237704385816888,0.0238085628287545,-1.2780475909213234,-1.20564673914123,0.02099177076479893,1.583067109831407,0
4,0,5261,5280,-0.008920391749278606,0.0141474212351508,-1.2511645356142087,-1.204056480914351,0.022996101956679012,1.5680068458056389,0
4,0,5281,5300,-0.015326523919729749,0.0204887230379327,-1.2435092954861906,-1.2127638015186628,0.020196968037624656,1.5560951288738132,0
4,0,5301,5320,-0.015927928954239407,0.0210159749031574,-1.2667331423886043,-1.2255231381750658,0.04425380845394857,1.6120600528608953,0
4,0,5321,5340,-0.017935463842176803,0.0222918911105303,-1.3114749332306004,-1.2754781663785932,0.03587644801966054,1.6365673981309719,0
4,0,5341,5360,-0.015611299884752641,0.023860276829343,-1.3143432123777488,-0.9882619451657092,0.025802032458111586,1.55587317244246,0
4,0,5361,5380,-0.028987861274060518,0.0411993721320746,-1.1653086658438414,-0.941401693877954,0.027460790751615043,1.2082075082304473,0
4,0,5381,5400,-0.03751347604591041,0.0463374928257146,-1.0811683561868053,-0.9886903569267712,0.008084333498943112,1.0373205648106558,0
4,0,5401,5420,-0.024397097639720915,0.0298929094012296,-1.0949317674878356,-0.985408345938854,-0.019382296744233658,1.071722619740314,0
4,1,1,20,-0.00043457625371542497,0.0128923593368831,-1.1109348085001465,-1.058962936440619,0.0530060212400727,1.340987443266023,0
4,1,21,40,-0.010152037867988203,0.0127891930714476,-1.1007028014800573,-1.0434700588424166,0.04022326800465026,1.2728688040213012,0
4,1,41,60,-0.0060000487254423165,0.0102535791487392,-1.1090917708248604,-1.040656830398898,0.034365184467466676,1.281214644977693,0
4,1,61,80,-0.005435521554198186,0.0100235214149191,-1.0730781081203937,-1.0283883688194917,0.033069563394722744,1.2911779110439012,0
4,1,81,100,-0.0004359921412153349,0.0083525618470199,-1.0856659812886904,-1.0156550269311968,0.03144801247951084,1.322972869488496,0
4,1,101,120,0.0068278760844946,0.0179346888539448,-1.137206648778991,-1.100919152519245,-0.004519971763370855,1.3390867585025243,0
4,1,121,140,0.002683641256934262,0.017007367990176,-1.0485925326581387,-0.9675798312036232,-8.775094582812482e-05,1.2215700205118136,0
4,1,141,160,-0.006425974629013655,0.0132500166587394,-0.9284029107089744,-0.851967237693396,0.025472315474573397,1.1536591368644444,0
4,1,161,180,-0.006218197301119719,0.0104988571502807,-0.8677505977129817,-0.8120668250789446,0.02428455967594031,1.2067029136863536,0
4,1,181,200,-0.0009515953972217467,0.0037941617154815,-0.8511849955509018,-0.8125328699599721,0.05137928742071072,1.3237661832348935,0
4,1,201,220,0.0025504030081365515,0.0059408593911473,-0.7876965100085518,-0.7689100991148934,0.06484120203645038,1.3219305564881019,0
4,1,221,240,0.004857396635896911,0.0080470814316598,-0.7858093431042044,-0.7558314590724785,0.06214780965223067,1.3250446070740292,0
4,1,241,260,-0.0007803397981307551,0.003602840801092,-0.7674865052381692,-0.7202871274233461,0.07087038077579473,1.2854628012525127,0
4,1,261,280,-0.001582281501516638,0.0043510748406711,-0.7798480844433626,-0.7371567735167989,0.07377351458992322,1.300041927289429,0
4,1,281,300,0.0041833478130353955,0.0066716193458545,-0.7611530289602657,-0.7208837146757273,0.07869838601675117,1.2811942335793025,0
4,1,301,320,0.00234527530977084,0.0084269100277032,-0.890101842897872,-0.844706984339003,0.05489435864954597,1.2692070964970852,0
4,1,321,340,-0.004776722035851756,0.00752046769728,-0.9799267634076418,-0.9000320959263103,0.08427644537843876,1.3141919254931063,0
4,1,341,360,-0.0026536217032707447,0.0050065002275859,-0.9809168509842457,-0.9560357057064812,0.07887489347999287,1.3370319180143566,0
4,1,361,380,-0.0025738727102762016,0.0071797290987009,-0.9926988406586361,-0.9681766912966416,0.07766409784225442,1.328424989895882,0
4,1,381,400,-0.00240307342344111,0.004974750247882,-0.9940141201200353,-0.9491009758583164,0.05982106086007381,1.326569394909492,0
4,1,401,420,-0.00124518120952873,0.0044854853945936,-1.0381558299094094,-1.019042942916463,0.05853746137491903,1.3372303594667128,0
4,1,421,440,-0.005950702110882394,0.0094536593035138,-0.9902616829297972,-0.9053761969796682,0.05576195234390317,1.2891267855595234,0
4,1,441,460,0.0013671230676364251,0.0080634663561709,-0.9097217634692217,-0.800992907691868,0.05682261813490732,1.305384053947938,0
4,1,461,480,0.0004009071421567,0.0045110326148938,-0.8539795011578161,-0.8107177439535213,0.03723239253492654,1.2997126178075225,0
4,1,481,500,-0.00360346467360398,0.0094357833824376,-0.8981876011227439,-0.8433423860358708,0.0176315537533873,1.1847398254507815,0
4,1,501,520,-0.00231654797109743,0.0136252105383543,-0.8625644688342634,-0.8244350826705451,0.04658448805916417,1.278661722426008,0
4,1,521,540,0.007375416043070455,0.0103885783782867,-0.8162263728710917,-0.7757415594166597,0.039003513474698485,1.336324171423922,0
4,1,541,560,0.0011519079772173595,0.0102002864036722,-0.9357155057200321,-0.8498597914863654,0.023642433800368075,1.3254643826724903,0
4,1,561,580,-0.006014400693809164,0.0097099263322464,-0.9607942498196597,-0.8877819710460548,0.04986195004733675,1.3157990615996726,0
4,1,581,600,-0.006188058105822675,0.0110924699015298,-0.9132338539495077,-0.8682251999108563,0.06073490800892121,1.3545502100470432,0
4,1,601,620,-0.005508286602701311,0.0079625671564899,-0.9004029564358269,-0.83605364210018,0.05069300129485864,1.4037912275510356,0
4,1,621,640,-0.0058607195198380506,0.0088179196308402,-0.8999977065726421,-0.7931877638670667,0.06750482270927398,1.3513457090698444,0
4,1,641,660,-0.005327856778512145,0.0087849214267897,-0.923494190833311,-0.8744767449098367,0.058232908697055066,1.3465555069266715,0
4,1,661,680,0.00062641452949782,0.0068244783610691,-0.883125365169574,-0.81975936715683,0.05761304999133345,1.3434230309373718,0
4,1,681,700,0.004752663250843315,0.0076076179575531,-0.7655086811382718,-0.6813598302147652,0.060149458567489975,1.355730632150768,0
4,1,701,720,-0.00469753105094106,0.0084680752467311,-0.813225590696325,-0.6558968093407029,0.047000860303557615,1.3264486708756238,0
4,1,721,740,-0.004200550840513375,0.0059507124035912,-0.8665235168487534,-0.7861938630715875,0.042210812380841456,1.3517704738039047,0
4,1,741,760,-0.0048188225589745,0.0120012324156516,-0.8207411357667823,-0.5614991742330325,0.12023668314299922,1.3391018572393967,0
4,1,761,780,-0.00034581526757866503,0.0070384811356726,-0.3819685827672008,-0.2092505884457923,0.12931850136691142,1.3414715824056913,0
4,1,781,800,-0.004898634785121254,0.0074307960885523,-0.53012358584924,-0.2071383450166476,0.11066629920926738,1.3113706456847796,0
4,1,801,820,-0.00325267223157352,0.0074851969195353,-0.5591102725793663,-0.4261075649921647,0.11963614284587747,1.327347984611301,0
4,1,821,840,-0.003633097873826184,0.0063855410439052,-0.5043912575034718,-0.4358037110049533,0.10439591718377787,1.290563949438772,0
4,1,841,860,-0.0022910528233163574,0.0051256941929136,-0.46316175075062277,-0.3970469152286826,0.12327622112734411,1.315304402806198,0
4,1,861,880,0.0015822547882593495,0.0078224591029531,-0.5585312085000282,-0.4860460412530287,0.12514558807095283,1.3495061062225928,0
4,1,881,900,-0.0005918593580205711,0.0078423931699298,-0.7909709194671637,-0.6881501210882511,0.07936870816313654,1.3381123555512002,0
4,1,901,920,0.01497310933856034,0.0214372332969347,-0.5232402378921092,-0.4024990105498099,0.058963885350787094,1.3224106555286737,0
4,1,921,940,0.005744009116054679,0.0102263250267619,-0.5257910926371653,-0.3541179472249093,0.03692284147003645,1.28383222468146,0
4,1,941,960,0.009300920553587581,0.0110578499866954,-0.4691412661315094,-0.4135682149539143,0.00508791676988388,1.2537484343623893,0
4,1,961,980,0.008868612643667461,0.0117210761964477,-0.32256214530716243,-0.1756938059113501,-0.01036178318505641,1.2746172303257903,0
4,1,981,1000,0.007427858054300454,0.0119464660657057,-0.505011219377517,-0.2778807804660839,0.050011528569193484,1.2369953401085108,0
4,1,1001,1020,0.00050389129085316,0.0061902761536045,-0.8551490507561545,-0.7442866734833797,0.09957378411658113,1.3094731741529442,0
4,1,1021,1040,0.011385587979210205,0.0162183328173092,-0.8009213108787341,-0.7125207598487787,0.09739821809302227,1.3624973673413383,0
4,1,1041,1060,0.0112800028694626,0.0160868597413128,-0.866926569376966,-0.7985497797163505,0.08121773986462319,1.3526003097273605,0
4,1,1061,1080,0.01119850475539263,0.0161192400171913,-0.7914755147363566,-0.7195892490222863,0.08206073143141421,1.3371262576581642,0
4,1,1081,1100,0.009786803320925755,0.0126963090320064,-0.7773212428519034,-0.6677504691668248,0.07411542033990265,1.3260190600427018,0
4,1,1101,1120,0.00491556097209121,0.0084844498806283,-0.7083811550612477,-0.5201953077169875,0.09251512635418553,1.2939582807675325,0
4,1,1121,1140,0.002155064051987645,0.0044774778608341,-0.7331377771446564,-0.6115248034982798,0.10371048939111278,1.3202874405978453,0
4,1,1141,1160,0.0009364359468700461,0.0041877089197486,-0.8336591689160237,-0.7180154136627844,0.08759047278985752,1.2897846901839576,0
4,1,1161,1180,0.0072884676384060345,0.0165951114352941,-0.8699229988783929,-0.765313141385779,0.06741859037971516,1.3530249119133846,0
4,1,1181,1200,0.0147678100136378,0.0164856701844789,-0.8280768906556505,-0.6974638229331297,0.05261236264822703,1.3352496614431668,0
4,1,1201,1220,0.00994568723951678,0.0135713738071695,-0.8422165545981015,-0.6543775454251475,0.08532089937352887,1.3855276485505288,0
4,1,1221,1240,0.013005860284056214,0.0166609928187595,-0.8722319947778283,-0.8427763247554512,0.057985759295343255,1.3714065169380991,0
4,1,1241,1260,0.01366835048551405,0.0152270889876999,-0.8864064057957212,-0.7783117064169598,0.05072659338938852,1.3534453604114338,0
4,1,1261,1280,0.002034227451136285,0.0129936961276212,-0.8845460041147483,-0.7882179389648686,0.06731724603838733,1.313331976246894,0
4,1,1281,1301,-0.0013572122700804877,0.006550843276235,-0.8991124530458613,-0.7849872375566177,0.08935440187627466,1.29177986525903,0
4,1,1302,1321,2.7327171704699888e-05,0.0080503220433854,-0.9355840855168285,-0.8274206647037315,0.07818628304034517,1.2869357000948647,0
4,1,1322,1341,-0.0024216030875949053,0.010159781399814,-0.9118696468473979,-0.8123189923408329,0.06740463537488121,1.2575094329090555,0
4,1,1342,1362,-0.010564375206549723,0.0152954226133254,-0.9620565845485091,-0.8659918191867222,0.06738314020779482,1.2426966910621118,0
4,2,1,20,0.002892907870649895,0.0139750425502738,-1.1700072560655272,-0.9473583644532424,0.010870937507894848,1.3341710312351684,0
4,2,21,40,-0.009625148668798685,0.0134487227810319,-0.9614899881447254,-0.9063943462406568,-0.029466819291443395,1.1903980735503281,0
4,2,41,60,-0.006346811251254285,0.0098082766284745,-1.028087796455461,-0.953405639524062,-0.032281535791131064,1.2275441311116038,0
4,2,61,80,-0.005808538605486505,0.0130546101866673,-1.0495124784651746,-1.0053832925230344,-0.033900147173238485,1.2553943860565018,0
4,2,81,100,0.002219684204982975,0.0144322540767538,-1.1044978636119394,-0.9996222805517792,-0.028966641963260875,1.2962907415554725,0
4,2,101,120,0.0028054079355842127,0.0233700863946992,-1.0889362873059916,-1.0164969447105163,-0.051182876832973165,1.3149750156330238,0
4,2,121,140,0.00037655520362616475,0.0100659922719576,-0.9915232439747059,-0.9472048515706908,-0.044850872895160716,1.2153205272749097,0
4,2,141,160,-0.0045849899909599905,0.0116438340784518,-0.9455135047788694,-0.8924582109247758,-0.012368828425442796,1.1802859359262734,0
4,2,161,180,-0.006098323566215311,0.0091203364432044,-0.8840849578151788,-0.845528232552363,-0.01302344671743084,1.2044516492755417,0
4,2,181,200,-0.004726950220514965,0.0121409164325989,-0.8802037323814293,-0.8364837082346224,0.03962288127845181,1.3167967825529503,0
4,2,201,220,-0.0007355404106307901,0.014083458810368,-0.8331463145401526,-0.7822777928784996,0.061857216538417525,1.2894996610054412,0
4,2,221,240,0.0023198684708659553,0.0045688586786487,-0.8447576833339688,-0.7722058614752338,0.03202228538483258,1.3478179671665176,0
4,2,241,260,-0.005233525168131739,0.0073714701517629,-0.7612688821989113,-0.6971570247206633,0.060672945132708246,1.2730147515474663,0
4,2,261,280,-0.005045323434908521,0.0085565742469889,-0.8030336585184898,-0.7667569285221219,0.06107758480842086,1.2769013664862856,0
4,2,281,300,0.000566986171226261,0.0033409662388857,-0.7826377490659306,-0.7453360150808405,0.04541212537742815,1.2720178039662635,0
4,2,301,320,-0.0012321429238013452,0.0069116859266598,-0.8852861026251144,-0.8310930937423107,0.025053329307475124,1.265682594817283,0
4,2,321,340,-0.006657896202224199,0.0128589228669732,-0.9869483597558512,-0.9060011582716256,0.042911136175328615,1.2922368942446736,0
4,2,341,360,-0.0035365244786717495,0.0124334249277366,-0.9745146960069249,-0.9369465337002456,0.044429349638814786,1.3004763652118903,0
4,2,361,380,-0.0035552702952733606,0.0077593989149518,-0.9624906893975455,-0.9411503750117984,0.04051674432933415,1.2805339568211318,0
4,2,381,400,-0.003230696446197192,0.0065901968933675,-0.9615859950556931,-0.9193250254265372,0.04145075529504635,1.2656395715651978,0
4,2,401,420,0.0008942901247284702,0.0134941732172101,-1.0303358237493812,-0.9734541188851952,0.02940361849699453,1.3046682624248762,0
4,2,421,440,-0.008541536215029188,0.0131770018087274,-0.970093587509024,-0.8797247856285341,0.039257401503619574,1.261020316879447,0
4,2,441,460,-0.0022324687188590353,0.0079227258207326,-0.8887085453622976,-0.8016994662885536,0.05205036964794729,1.274210912072261,0
4,2,461,480,-0.0027379655703487263,0.0064150852203092,-0.8506344280485095,-0.8192868907439079,0.025069594068120333,1.260666368777334,0
4,2,481,500,-0.003993552233864529,0.0087786235427169,-0.8856529437804428,-0.8472119104506698,-0.022057263848110888,1.1718122449877804,0
4,2,501,520,-0.004474786447206549,0.01269737448434,-0.8961082092399906,-0.8539405309204261,0.014906569544569485,1.2470259683707996,0
4,2,521,540,0.004795687459748425,0.0258449757833237,-0.8641141787328103,-0.8314739541633124,0.00888278695704164,1.2937526236893873,0
4,2,541,560,-0.0015674770147233112,0.0102223766155374,-0.9369878589684211,-0.8787281359711177,-0.020828177902607804,1.2393729444110815,0
4,2,561,580,0.005348120973891644,0.0132829194948903,-1.0909760081473252,-0.9680640969676544,0.035651315356638104,1.305486578830597,0
4,2,581,600,0.0030579646587467904,0.0123011602653153,-1.0225535648089368,-0.9133621327596894,0.061058606716818585,1.310212934143268,0
4,2,601,620,7.496129454150489e-05,0.0104543395496186,-1.010532593984276,-0.917963453665744,0.0677132417455806,1.3150960324524585,0
4,2,621,640,0.00686046423385824,0.0134811697826854,-1.0260329568300857,-0.9412870017454492,0.06646548039722969,1.403681957549761,0
4,2,641,660,0.004748879507417016,0.0140450246973613,-1.0060253686852552,-0.8742665491007666,0.04579828796327051,1.3536353207418264,0
4,2,661,680,-0.0002789207563185651,0.0104923678362824,-0.9179496312776386,-0.8874148302130163,0.03313795865055748,1.3097264998762346,0
4,2,681,700,0.0038338166841687094,0.0067548669759476,-0.86374318751374,-0.7804955126723094,0.03085809442144244,1.312661004466961,0
4,2,701,720,-0.0035141069925041747,0.0078438833186496,-0.8822225135908207,-0.7600559136049451,0.01425694343174525,1.3313542789494521,0
4,2,721,740,-0.003595799299682195,0.005480038116718,-0.9099509438525079,-0.8453979678140318,0.008220773321561984,1.3344920364044994,0
4,2,741,760,0.004087521746635741,0.0161339827450361,-0.8767733295176413,-0.7352840531902517,0.09977494642647435,1.3630186111500087,0
4,2,761,780,0.01244085836323448,0.0184877806967937,-0.5843585763573952,-0.4899539489468497,0.15468551462367236,1.3516004196178564,0
4,2,781,800,0.010696012955993688,0.0143293080997533,-0.6601813350757303,-0.4752603684073977,0.13274355860013629,1.3690918185136567,0
4,2,801,820,0.010265092865263023,0.0140502482983186,-0.7230151333694115,-0.6147657967179531,0.14469665567591888,1.3625778164597482,0
4,2,821,840,0.010275171926728482,0.0148369278772162,-0.6800004977113464,-0.6306644431696987,0.12707836450482402,1.2881635630704669,0
4,2,841,860,0.006292658288289806,0.0102619429510857,-0.6317629841413027,-0.571055242446475,0.14374031632088236,1.3226609663933775,0
4,2,861,880,0.011103475279630643,0.0180180064495859,-0.7167838928926712,-0.6526072941949643,0.14167340763386516,1.3758883264370456,0
4,2,881,900,0.00106483780105083,0.0215446021539625,-0.837177342222294,-0.7597537868874769,0.04624925118406372,1.3345058331121882,0
4,2,901,920,0.0143306815891495,0.0143306815891495,-0.6471853666042287,-0.5063923756392376,0.027093666952211,1.292751469102177,0
4,2,921,940,,,-0.6389223792145808,-0.4699371719432724,0.003062584394300805,1.2753748847850364,0
4,2,941,960,,,-0.6381147280504054,-0.6101218302063198,-0.023288887084979632,1.245321720736774,0
4,2,961,980,,,-0.5117936286057728,-0.3616995224684707,-0.00961628529945558,1.2534807118061129,0
4,2,981,1000,0.0038564151617475,0.0038564151617475,-0.6141573636400298,-0.4682948074322711,0.00590000475818008,1.240969967832957,0
4,2,1001,1020,-0.0023330073491862184,0.0052097867196886,-0.902140795751928,-0.8473343580796937,0.04654476215412843,1.2965112061888127,0
4,2,1021,1040,0.0050800500648046166,0.0080345641260248,-0.9207995348744562,-0.8871601976812781,0.04784157151228355,1.324979438931076,0
4,2,1041,1060,0.0029476991060851335,0.0059745878288277,-0.9432691718942394,-0.8789136811122775,0.03685523719428948,1.3250447745704421,0
4,2,1061,1080,0.0040951739926603,0.0040951739926603,-0.8835924649996965,-0.8391258992831978,0.036332252658484845,1.3141479568990149,0
4,2,1081,1100,0.0036659719471519,0.0036659719471519,-0.8542998890457534,-0.7909765591644804,0.010832768484476821,1.2968962620812987,0
4,2,1101,1120,,,-0.7741313465192863,-0.6710066179733023,0.023738517719987536,1.2548056077108813,0
4,2,1121,1140,0.0013526908923726167,0.0023886566437174,-0.8385114902442196,-0.7164717328238873,0.049575452482658204,1.2729223283986286,0
4,2,1141,1160,0.00218494040556432,0.0068821349929879,-0.8993243068803853,-0.7855011457019176,0.03649969331229692,1.2844717216952906,0
4,2,1161,1180,0.0019633428708695,0.0038608620472881,-0.9074961612669451,-0.7750253458402759,0.006476649275647764,1.2788314614701788,0
4,2,1181,1200,,,-0.8952849979734323,-0.838888052724964,-0.00198077866709159,1.2305871851239323,0
4,2,1201,1220,0.004515999945072455,0.0065332371546704,-0.9218995650609874,-0.7993123763665876,0.04289856320952952,1.3345402634653085,0
4,2,1221,1240,0.0042737795388686,0.0042737795388686,-0.9398246684910261,-0.9219937353598484,0.006447624808351218,1.3259066325833897,0
4,2,1241,1260,,,-0.9417866009101189,-0.9074878311596626,-0.01068978584529611,1.3092078349116905,0
4,2,1261,1280,0.0018555644969354527,0.0079934205618631,-0.9246634592044899,-0.8596758521455943,0.00893029384561421,1.3114950266663616,0
4,2,1281,1300,-0.002745208863131101,0.0049172698920523,-0.9110396108835601,-0.849160235062789,0.03814907195510145,1.2987441329522766,0
4,2,1301,1320,-0.0010394531811731766,0.0086132122105223,-0.9374131661140105,-0.900711500119686,0.0334864888940397,1.2915370137756543,0
4,2,1321,1340,-0.0036362347646131297,0.009010760643985,-0.9103858411205158,-0.8687090021335194,0.03547023532632386,1.2703987732133863,0
4,2,1341,1360,-0.00229266004442327,0.0145600346556622,-0.9732560794446767,-0.8645831167877244,0.031159519839493444,1.279192976648497,0
4,2,1361,1380,0.004153239866619275,0.0161805656099374,-1.0418277532182687,-0.9571294078555704,0.024536689663184924,1.3129087176844565,0
4,2,1381,1400,-0.007378634526715849,0.0143568619752914,-0.9501375371128187,-0.9150307512980526,0.020346138772351616,1.2310825759353043,0
4,2,1401,1420,-0.0064409389150715,0.0126866805591733,-0.8907883191342247,-0.7836634394313317,0.07466013122393242,1.045715972155954,0
4,2,1421,1440,-0.0091229516836998,0.0129659663289104,-0.9895248940844892,-0.8436008098137384,0.06736567901691917,0.4767133541432651,0
4,2,1441,1460,0.0022028499162307855,0.0091435541231704,-0.8455656356918718,-0.6339958513858901,0.04107362287790585,0.3859759936768995,0
4,2,1461,1480,0.01186433419919728,0.0138459489259048,-0.7031091877121747,-0.5808728502919401,0.06591301357704576,0.3406890346944943,0
4,2,1481,1500,0.004389977327582526,0.0128237602776419,-0.8139410060211183,-0.6472017445787622,0.04993608084343972,0.44802364805553996,0
4,2,1501,1520,-0.0017651845608265087,0.0097224196648762,-1.1634684852066626,-1.0175511896912135,0.00913249900010557,0.3951387864629702,0
4,2,1521,1540,-0.0005070951804515997,0.0064993385034042,-1.1833248822130928,-1.07567904168427,-0.00364130545644606,0.3983039693329924,0
4,2,1541,1560,-0.006515132743838299,0.0156471178521659,-1.1399237628017238,-1.015312377893257,0.02650073662482017,0.420691988400288,0
4,2,1561,1580,-0.004553138002909649,0.0124518510478459,-1.0911314519981479,-1.0149522365883492,0.03872650943667265,0.4149148950727759,0
4,2,1581,1600,0.002405732140993735,0.0059515328211142,-1.1226373573543325,-1.0733066399733069,0.04481574845259541,0.4184508299657793,0
4,2,1601,1620,0.002715410152122201,0.0106784922192444,-1.0028207753703469,-0.952655017906878,0.06547136425244315,0.9304411077355411,0
4,2,1621,1640,0.00457464077345321,0.0076021377401222,-0.9868453928363288,-0.9537723561222065,0.07698089418001311,1.161710337627834,0
4,2,1641,1660,-0.0007128111119399749,0.0132258995301079,-0.9206043423562417,-0.8802881923890757,0.07233052640301246,1.1166104251821143,0
4,2,1661,1680,-0.012572549343142891,0.0180099072466715,-0.8903297456603594,-0.8538974748754328,0.08752344154031781,1.0700813625288614,0
4,2,1681,1700,-0.005148907641631664,0.0101567801464691,-0.865502545348875,-0.8465204225749151,0.09860948063210118,1.043841623473523,0
4,2,1701,1720,0.00115994772449536,0.0060195794446049,-0.9160180389834947,-0.854629254938035,0.10521314399896282,1.0182009710094388,0
4,2,1721,1740,6.828573673627701e-05,0.0045916783493346,-0.9606290669448236,-0.9349429262198268,0.09915900655952975,1.043823283623472,0
4,2,1741,1760,-0.0017100571778125052,0.0046472091108591,-0.9646596843471823,-0.9414888545794764,0.09009174993952208,1.061398869956981,0
4,2,1761,1780,-0.001227844661368935,0.0073589379403987,-0.9818039923271064,-0.9233903968828984,0.0970835581772774,1.0745758243837549,0
4,2,1781,1800,-0.0002924619106748327,0.0070650920883914,-0.9706257111663306,-0.9195831202920296,0.09318532821972605,1.0656209380553123,0
4,2,1801,1820,-0.008458129538142869,0.013556552632708,-0.9236432936124203,-0.8928267429891995,0.08815250855900385,1.050313866005904,0
4,2,1821,1840,-0.00659540102086705,0.0089305200735404,-0.9946576443161742,-0.9486030381907224,0.0814740114394398,1.0725221248566066,0
4,2,1841,1860,-0.0068664187565691676,0.0102996606478386,-0.9381178707196881,-0.880365101997283,0.07684964522739496,1.0565169162245365,0
4,2,1861,1880,-0.009783031956619583,0.0123526142886315,-0.933545971123477,-0.8647163963842626,0.08364416487842279,1.083433681371079,0
4,2,1881,1900,-0.01202762168928978,0.0166206220479458,-0.9925602056110817,-0.9329824833125748,0.0784104287018941,1.0944324026323042,0
4,2,1901,1920,-0.015151073909935631,0.021267075628436,-0.9935035274233138,-0.943387996133259,0.09750641282190665,1.0697689485076576,0
4,2,1921,1940,-0.01176464878985991,0.0162297743483098,-0.9973867670503781,-0.9657391574239962,0.09061077495850735,1.0677364009090222,0
4,2,1941,1960,-0.00918536871970619,0.0142166266083726,-0.9729381272739103,-0.9143379491515276,0.09878726965047482,1.082130523542202,0
4,2,1961,1980,-0.006365738172936344,0.0110941030150938,-1.0488599783716812,-0.978589635669061,0.07655997672711848,1.1051145208410333,0
4,2,1981,2000,-0.014315103012806706,0.019073988272836,-0.9868928433425994,-0.9497569818903996,0.10174678199010823,1.0932473724555245,0
4,2,2001,2020,-0.01035623387477118,0.0140847159253541,-0.9332712397440064,-0.8872919705578416,0.10983117928816732,1.085835682600568,0
4,2,2021,2040,-0.010601520081415645,0.0131730886675993,-0.878159712563335,-0.8532082463473286,0.1375582814130909,1.1077174702152517,0
4,2,2041,2060,-0.015449287299663095,0.0186620861186785,-0.8554254980928535,-0.8211564065313727,0.15004807096533496,1.0902586214423777,0
4,2,2061,2080,-0.007267638259766017,0.0117164655071581,-0.843361396764252,-0.8120993981424905,0.10710781210879392,1.1239278822172811,0
4,2,2081,2100,,,-0.8344749894110274,-0.8007335895268145,0.06096272962984611,1.136598105601725,0
4,2,2101,2120,,,-0.7552017758359824,-0.6001116635303249,0.06299905836970178,1.0909807464955377,0
4,2,2121,2140,,,-0.7675784970385662,-0.680499827185027,0.09032126361131612,1.0855951533568433,0
4,2,2141,2160,-0.0051754293065814595,0.0118765795687869,-0.9188291682956423,-0.8910522461386728,0.12434159316975084,1.112545255104817,0
4,2,2161,2180,-0.007926369691150995,0.012349509158295,-0.8434515081436403,-0.767323476120202,0.1299056789432406,1.0913122324088027,0
4,2,2181,2200,-0.0077656092863415006,0.0128234234339458,-0.8985777002547681,-0.8026286643082234,0.125485979430265,1.0789417649748285,0
4,2,2201,2220,0.005615147035385515,0.0084686189430112,-0.7982375790206258,-0.6647126219636715,0.06809034412724785,1.0727032881380623,0
4,2,2221,2240,,,,,0.05766202342701454,1.0156705512162367,0
4,2,2241,2260,,,-0.6019041956463532,-0.5368984195130632,0.046365791361187944,1.0235761751898373,0
4,2,2261,2280,,,-0.5956547825935334,-0.4962601878017233,0.07284035913095199,1.0365710746596781,0
4,2,2281,2300,,,-0.47251147182212605,-0.3522298188269989,0.0989762197209424,0.9620032145986082,0
4,2,2301,2320,,,-0.3894368060373294,-0.3894368060373294,0.04795358517586382,0.8379941384479718,0
4,2,2321,2340,,,-0.1003162800498615,0.0076205292807546,0.08479656253026438,0.875494396152766,0
4,2,2341,2360,,,-0.2578092429185853,-0.1130971609059258,0.08190867385605623,0.9032124580940382,0
4,2,2361,2380,,,-0.42924304340405545,-0.3554032765665394,0.06830307177040008,0.9213377311327335,0
4,2,2381,2400,-0.007702256101691,0.007702256101691,-0.5920683360842732,-0.425494184695589,0.10333828944319501,0.938581761834034,0
4,2,2401,2420,0.0005597618111982749,0.0080386442141623,-0.9804515178872973,-0.8318537350741828,0.06690676488052946,1.1092472299390013,0
4,2,2421,2440,0.0075651951958259885,0.0127435626176765,-1.1137549592309792,-0.947956961941301,0.04975064501691436,1.302591549101218,0
4,2,2441,2460,-0.011216928602923375,0.0171015332182702,-0.8437008276886374,-0.7393969923709368,0.09764651798881083,1.2273944332844688,0
4,2,2461,2480,,,-0.7222304432110718,-0.6873972100467528,0.02052236245696463,1.232387092990376,0
4,2,2481,2500,,,-0.6579275016018519,-0.5547068763811257,0.0392604385079686,1.228804310492692,0
4,2,2501,2520,,,-0.6668094932360249,-0.5545369592114812,0.03975883010098814,1.2323724659035111,0
4,2,2521,2540,,,-0.6492063198406461,-0.5993616574083638,0.046895562802854236,1.1770517659781092,0
4,2,2541,2560,,,-0.5932251261794793,-0.4575282645967858,0.06897916694809197,1.1477771836857331,0
4,2,2561,2580,,,-0.5879456220001129,-0.5467922394921273,0.06175687683674606,1.1407818026629035,0
4,2,2581,2600,,,-0.5808580583322638,-0.5442817872430918,0.08921797927448309,1.1422324365977117,0
4,2,2601,2620,,,-0.6257632641788227,-0.5792879641678758,0.08246524676830516,1.1406090712329646,0
4,2,2621,2640,,,-0.6660961031107231,-0.6307659902090385,0.040396378175568674,1.153158418525683,0
4,2,2641,2660,,,-0.6892409262001058,-0.6395880848358289,0.04254015538682756,1.163360693498358,0
4,2,2661,2680,0.0003296114198365056,0.0084622035229801,-1.008580715486772,-0.7109978313616766,0.10053280275605422,1.286940730851161,0
4,2,2681,2700,0.00848979936061583,0.0150274856849805,-1.2191014539451532,-1.1667916684524064,0.08791107750923455,1.4689990462873825,0
4,2,2701,2720,-0.00419391482758544,0.0104386163077453,-1.2004183352734141,-1.1087428073341747,0.09675095010516091,1.3985652056823414,0
4,2,2721,2740,-0.007264956187445217,0.0133101569136069,-0.9672631918606056,-0.853932566226588,0.13232947100578557,1.3109254320086174,0
4,2,2741,2760,0.0002240491737836,0.0002240491737836,-0.8105651868256473,-0.7349658097783311,0.10384417193020383,1.330820851352026,0
4,2,2761,2780,,,-0.7558472819576926,-0.6783123491343969,0.08301639683051314,1.2924511046469205,0
4,2,2781,2800,-0.01293337729780788,0.0152176703256798,-0.7614793212372499,-0.7118487995660377,0.10794378451292327,1.3044065098735402,0
4,2,2801,2820,-0.008325336122306706,0.0158421376168891,-0.9538235587520226,-0.7933064826366013,0.1569202964777613,1.3197069877140062,0
4,2,2821,2840,-0.014863159155108344,0.0200023953660554,-0.9903656241380986,-0.9584378583975728,0.12900599739483226,1.1431686002916877,0
4,2,2841,2860,-0.01133105446134762,0.0175489550228046,-0.8041745661489058,-0.7251804376905425,0.11491112980097269,1.1297641743041824,0
4,2,2861,2880,-0.0027318580133668,0.0027318580133668,-0.6933115674576483,-0.6637438596766924,0.15031217604323105,1.1202067236489146,0
4,2,2881,2900,,,-0.6414548879275186,-0.6015605375192832,0.15251925508386183,1.0969627343409634,0
4,2,2901,2920,,,-0.6292378551874848,-0.5269830799402779,0.1443300033762703,1.1220265433831664,0
4,2,2921,2940,,,-0.49107031503006243,-0.4001776795084579,0.06235288086725862,1.019452242369433,0
4,2,2941,2960,,,-0.4125468522012663,-0.3195556094967781,0.056414580544129254,0.9801199646381026,0
4,2,2961,2980,,,-0.373896286667324,-0.2916489965428317,0.0538366769676069,0.9769417692236987,0
4,2,2981,3000,,,-0.49562354579513834,-0.4433520902956959,0.09170183608840013,1.0629692119499736,0
4,2,3001,3020,,,-0.5064950377810434,-0.4356102083577132,0.09281223708206444,1.0010594553625132,0
4,2,3021,3040,,,-0.5648432818942528,-0.4986501035315647,0.12322092143890731,1.0285116714401212,0
4,2,3041,3060,,,-0.6179960685111257,-0.5946169294640947,0.09439114155169553,1.0372594725721336,0
4,2,3061,3080,-0.0147969783317181,0.0147969783317181,-0.5917441378856556,-0.5470093860145183,0.07435061502596156,0.9929024755948561,0
4,2,3081,3100,,,-0.5581641186558584,-0.5300605557041028,0.06920933458244974,1.0082935140112206,0
4,2,3101,3120,,,-0.5762336740584769,-0.5040474347956829,0.1126994857563012,0.9908932942283754,0
4,2,3121,3140,-0.0124549056070453,0.0132653289574711,-0.5571154999635216,-0.4935805706307497,0.1287281236048724,1.0152237389021672,0
4,2,3141,3160,-0.012873813528192633,0.0137756950686488,-0.6632723679160557,-0.5786397186124765,0.1328933336124353,1.0486634491371922,0
4,2,3161,3180,-0.010585826812215112,0.0137666017107468,-0.887885993682071,-0.7288056526363774,0.07712577464126898,1.1058833528818401,0
4,2,3181,3200,-0.01034478706208429,0.0136890886152991,-0.8724135218759059,-0.8026476386138502,0.11731790838416423,1.0949602600126211,0
4,2,3201,3220,-0.0009789193303117402,0.0028556621079476,-1.0245839010400366,-0.9900705550952288,0.11850924693870728,1.1168949151054017,0
4,2,3221,3240,-0.013542466559417154,0.026953146004191,-1.0851943582616153,-0.9908129110525588,0.13080908088724919,1.1382437793981888,0
4,2,3241,3260,-0.014355705618514708,0.0197702225269927,-1.1658874299472433,-1.1171659705416586,0.10935309153735148,1.1544195244490418,0
4,2,3261,3280,-0.013446658026839711,0.0151628518382404,-1.0647267739545578,-1.021268721144648,0.11748234298144813,1.1012368942090183,0
4,2,3281,3300,-0.013808686388869649,0.0203997494807131,-1.146700414662975,-1.0673910468019383,0.13375573494216547,1.0992317777072365,0
4,2,3301,3320,-0.00847220251283992,0.0227318273670083,-1.2394444120613193,-1.1805705633392822,0.11387735256546457,1.1566102996353949,0
4,2,3321,3340,0.002618718713892425,0.0095064981655859,-1.1200347855729045,-1.0067624170334064,0.12422688328684876,1.1394788039433608,0
4,2,3341,3360,0.0028948552694819996,0.0070590968176395,-1.1371313476511866,-1.1076991049609213,0.0979242985356656,1.1230442714042925,0
4,2,3361,3380,-0.0011036482586286,0.0031439229565695,-1.2203765850035801,-1.157768941408831,0.09868340244993054,1.109028455111839,0
4,2,3381,3400,-0.00739948864376765,0.0121455157189712,-1.2673841472357779,-1.2302091208847756,0.09652378844681213,1.1038917461389708,0
4,2,3401,3420,-0.025404538288769596,0.0348783378112777,-1.2454339738382658,-1.201621278341526,0.11353539906866608,1.1259646175988334,0
4,2,3421,3440,-0.03229371974709044,0.0359709022298709,-1.196987102302145,-1.1518887682764891,0.11631210760248896,1.1170456853533848,0
4,2,3441,3460,-0.01632039094607259,0.03394658192411,-1.1604301726451556,-1.1109591599553217,0.13303100956237296,1.1093783834512145,0
4,2,3461,3480,-0.004546329609183426,0.0065645022125303,-1.170645147745487,-1.1453749937275737,0.20268951537130153,1.1008274672901983,0
4,2,3481,3500,-0.0031308455410959,0.0084548822741711,-1.175925737506962,-1.1470503126173943,0.20978816896588892,1.11342844010058,0
4,2,3501,3520,-0.012236583217423224,0.0202745584784853,-1.2188385501742895,-1.1759507718499749,0.18223375007545337,1.1169986135816334,0
4,2,3521,3540,-0.025226432168342628,0.0339100964759531,-1.237244561601683,-1.211515243721036,0.18122405861085217,1.14402677837571,0
4,2,3541,3560,-0.019491209256594064,0.0284858539299054,-1.1863612047307501,-1.128031465848043,0.16884961321558334,1.1449510256277644,0
4,2,3561,3580,-0.015245724669329122,0.0205656630275854,-1.0200736887605635,-0.95826105810928,0.17053690645612435,1.1280107014103165,0
4,2,3581,3600,-0.015112877711474659,0.0166559495500656,-0.9690324523034238,-0.9535573050802676,0.16400379318134667,1.1261035813630007,0
4,2,3601,3620,-0.008643184113970089,0.0161767347138707,-1.0219729573213134,-0.9316910551047216,0.12965680008359323,1.0237265633003056,0
4,2,3621,3640,0.007841006057714523,0.013918716647143,-1.356536025768846,-1.294830439225599,0.08351359139121668,1.005350359542548,0
4,2,3641,3660,0.007435971680684885,0.0147475658029974,-1.3838073533424762,-1.2087340222450644,0.0607925173123403,1.0003960148440179,0
4,2,3661,3680,-0.0012453469509308447,0.0129583567042889,-1.0856830491892464,-1.020404270546014,0.10922510031527441,1.139543017318805,0
4,2,3681,3700,0.0004341312195150956,0.0164853752072012,-0.9876925841345491,-0.8977608349434028,0.12050394506234645,1.170994721585119,0
4,2,3701,3720,0.0031064550501990152,0.0173491847132131,-0.9588536491190706,-0.9019378556135752,0.16622712178529933,1.1602205804884205,0
4,2,3721,3740,0.01700863352648448,0.0210275039831923,-1.1095980622991568,-1.0009446770859554,0.12297696771179004,1.1419122660391374,0
4,2,3741,3760,0.011206981734671434,0.0212137600725507,-1.117764836217264,-1.0721371895284837,0.1453747200260768,1.1452069838995906,0
4,2,3761,3780,0.005662237603733114,0.0158189980230713,-1.1595436998208668,-0.968610080282388,0.15759910348631553,1.1631414823094075,0
4,2,3781,3800,0.004003052653299091,0.0112951249738464,-1.0668710057431987,-0.9544483856014084,0.15105631531216487,1.158475231567493,0
4,2,3801,3820,0.012774544698220333,0.0222179656827558,-1.1505734079822656,-1.016280029516455,0.14065290515561296,1.1414674955432325,0
4,2,3821,3840,0.019706445436811694,0.0229069584394902,-1.2090261814988894,-1.1645624503233925,0.13952176944385783,1.1298655201125112,0
4,2,3841,3860,0.014814158723395077,0.0168608026761889,-1.1912761265427045,-1.144996887118672,0.12928979287826545,1.1078313994798923,0
4,2,3861,3880,0.0034670614600233003,0.0101598112056279,-1.1317203264492908,-1.0988913891344338,0.1422980394554096,1.119111982788289,0
4,2,3881,3900,-0.00808107644301941,0.0141038641676339,-1.1124605899684028,-1.0780965512895435,0.14942769558238886,1.1401657449724816,0
4,2,3901,3920,-0.00763378528262942,0.0112237298259807,-1.0826504682734388,-1.0154330129688809,0.17957128152994656,1.1520876530995259,0
4,2,3921,3940,-0.002816281317021785,0.0101300375949387,-1.108850206049067,-0.9487221042075844,0.1841918660467464,1.1909799341167575,0
4,2,3941,3960,-0.010746961412866006,0.0415516986601235,-1.3579505542617838,-1.2026934929606754,0.13007461986924815,1.3121893419244457,0
4,2,3961,3980,-0.01045386125578146,0.0374381373638791,-1.4773362154044027,-1.1235245737834527,0.09126541514743257,1.2541264820849638,0
4,2,3981,4000,0.002772448318485825,0.0084987969334893,-1.2551431631199148,-1.1739578018244496,0.0040190560768890654,1.2743186574797556,0
4,2,4001,4020,1.4700727329828785e-05,0.0071470181258218,-1.2969447171101225,-1.263684380621452,0.07730332045366665,1.2830652262000082,0
4,2,4021,4040,-0.0020957664822679163,0.0183904144359298,-1.2485801042865228,-1.2164108958519773,0.08156633975425273,1.2763512911035149,0
4,2,4041,4060,-0.009274306802377409,0.0169953479763358,-1.163948268028196,-1.1068131259280232,0.07484235301362825,1.2271156716560405,0
4,2,4061,4080,0.00014750627359359005,0.0068808146113805,-1.0879010066847417,-1.0727550644455068,0.06620021274507855,1.1981494340145291,0
4,2,4081,4100,-0.007154634909779715,0.0102663072826399,-1.0740391023586184,-1.0298129420237223,0.07966111342487571,1.1981607855132912,0
4,2,4101,4120,-0.01247028282236963,0.0148405452759868,-1.0239609298825818,-0.9997439125561054,0.10498423427723177,1.2106853344460329,0
4,2,4121,4140,-0.014905803457686103,0.0284992187130072,-1.0251630719339733,-1.0026000284450185,0.10703140806697309,1.2354583101799488,0
4,2,4141,4160,-0.014408369822472627,0.0222365833839893,-1.0402775545989624,-1.0095763026667686,0.10884242617383555,1.2632917320825408,0
4,2,4161,4180,-0.01786247084517015,0.0243940097533823,-1.081507015374611,-1.0491244419334436,0.10255874064833517,1.2616028047074077,0
4,2,4181,4200,-0.013759733763749577,0.0179747310960587,-1.1081852630673628,-1.0882932053049277,0.09218049626440109,1.2772147541541936,0
4,2,4201,4220,-0.015405482335050374,0.0247257800408245,-1.1127344872529557,-1.0771986001288365,0.06680960210291113,1.2467271425045157,0
4,2,4221,4240,-0.017367899421364977,0.0240655712342247,-1.0725992898966559,-1.025668497337374,0.06911393631853899,1.248781586067798,0
4,2,4241,4260,-0.010212744127352435,0.0183892826657577,-1.1159079139388202,-1.0692665559906684,0.045201087502510666,1.2616552298230184,0
4,2,4261,4280,-0.00702513708759749,0.0260049787461803,-1.1392296026579058,-1.1002409668768274,0.03915738056473696,1.2487722651919824,0
4,2,4281,4300,-0.016893009001942134,0.0283315875815147,-1.1215279367293642,-1.0746463720267347,0.034426136967077796,1.2732594509547677,0
4,2,4301,4320,-0.004858668350293456,0.0234931365465992,-1.0763977481140758,-1.0231925483060142,0.05449332128860037,1.357720219737489,0
4,2,4321,4340,0.0045458916426636764,0.0093308390498069,-1.0298743207067045,-1.0008538403325933,0.031116125681014427,1.389830836789409,0
4,2,4341,4360,0.009035939361542265,0.0123851148362879,-1.0012774026410496,-0.9722601325883312,0.01005413713070495,1.371858116856629,0
4,2,4361,4380,0.008198270537796811,0.0110718734461052,-0.9911055520507699,-0.9581146253765114,0.019394582352088886,1.3312935818824436,0
4,2,4381,4400,0.010704219711221794,0.0190357861296821,-1.0017253477624797,-0.9363603169022372,0.006139793182955605,1.3446332537726537,0
4,2,4401,4420,0.00955837793316551,0.0136909106441397,-1.0579135132787623,-1.0377585942356689,0.02266924238256858,1.4024287297457012,0
4,2,4421,4440,0.0085358788715603,0.0124040368486669,-1.0958044926253725,-1.0548871563161208,0.016429895492451885,1.3907387259074109,0
4,2,4441,4460,0.0033024591101422996,0.0073463536338839,-1.0712121665796384,-1.0482665660967705,0.027414811004906663,1.4063260309713173,0
4,2,4461,4480,-0.005053569762683485,0.0091019788499137,-1.1063260287002648,-1.0709891794988842,0.04483385304744676,1.403931338562417,0
4,2,4481,4500,-0.0027435065234216746,0.007473134928217,-1.184550304437247,-1.0941278733719015,0.047406925836127815,1.4046536288769789,0
4,2,4501,4520,0.00455624348199102,0.0167090329026884,-1.2075304057855631,-1.0948854302353168,0.03360165332862112,1.451393927365406,0
4,2,4521,4540,0.00979228327551174,0.0139452214499858,-1.2399026738013819,-1.1164360365841324,0.036069445992118816,1.4726552488194868,0
4,2,4541,4560,0.01114457860636513,0.017222602552393,-1.1715721383778113,-1.0587332330426875,0.04490036544665833,1.419426917751394,0
4,2,4561,4580,0.012216396158207583,0.0233033164581746,-1.0863562636624544,-0.9661296851267996,0.05824330011793105,1.3873567438636518,0
4,2,4581,4600,-0.0006794062787711951,0.0158139029286186,-1.0479846251862588,-1.0145841335433186,0.061964920407862056,1.378706781909403,0
4,2,4601,4620,-0.004953919784596254,0.0095606039161984,-1.0452004119280525,-0.9417784457968,0.06773722127030876,1.3698723342154822,0
4,2,4621,4640,-0.005111467559608696,0.0080004348266128,-0.9785033012755742,-0.9229254940887136,0.052170206563069185,1.188565681408313,0
4,2,4641,4660,-0.00771257493274871,0.0102590321149371,-0.9605457533155459,-0.9126850254842908,0.08337850762936364,1.2346830957696506,0
4,2,4661,4680,-0.010600647801547323,0.0161477211064842,-0.9390796884375903,-0.9004241013705715,0.08451052463334514,1.2305267434754712,0
4,2,4681,4700,-0.012513058545442265,0.0169671045098392,-0.9465058432010798,-0.8812373867503275,0.09972751544941291,1.1938056651934414,0
4,2,4701,4720,-0.00716252295911921,0.0111366423574287,-1.034364629676221,-1.0025354816974843,0.08383849607047957,1.2054906411164517,0
4,2,4721,4740,-0.008877127855156252,0.0130426525502826,-1.0783271932019736,-1.0379900373485145,0.09545466901953506,1.2978402488294931,0
4,2,4741,4760,-0.009478506637156252,0.0182581926054107,-1.0014917521435451,-0.8868399799877534,0.047028391120382915,1.2978498882448426,0
4,2,4761,4780,-0.010005419001710581,0.015138004580477,-1.0279914632229885,-0.9903474083563644,0.013330096053855938,1.2756955565995791,0
4,2,4781,4800,0.002537468747408625,0.0093678301748699,-1.0510182007776627,-1.011662899926265,0.045008139369733885,1.2976571164220205,0
4,2,4801,4820,0.008345820964698426,0.0112892737494546,-1.062317846096336,-1.017927356549582,0.041132736498435504,1.3094132425266025,0
4,2,4821,4840,0.005609403082206655,0.0086036801184685,-1.0749752884831736,-1.0379417713349075,0.05123402206748332,1.3449590883472808,0
4,2,4841,4860,-0.00470272619593192,0.0107312867562977,-1.106857801783308,-1.050848807644009,0.049887980143914754,1.3415473512652465,0
4,2,4861,4880,-0.009868543996721204,0.0125068862141196,-1.164781538762203,-1.1449584104696078,0.03456109818317959,1.363224742305532,0
4,2,4881,4900,-0.0043311191244652155,0.0145700104728239,-1.1556382177573603,-1.0688287948933564,0.06279551905581476,1.3298705103443371,0
4,2,4901,4920,0.00400176865035621,0.0119710658737419,-1.1824274606221978,-1.0690871937392104,0.05292805707268663,1.3521329346803885,0
4,2,4921,4940,0.010935813971858244,0.0147863250651144,-1.1985308475404588,-1.036202701372252,0.06002443953297606,1.3663425517133425,0
4,2,4941,4960,0.007041768941067466,0.0143003025559011,-1.1851883425876104,-1.145456915912909,0.07241164032207652,1.3893225290162383,0
4,2,4961,4980,0.003708735048551219,0.0089000359898962,-1.1815138688752245,-1.095447159386593,0.06295723926195321,1.3930507214628562,0
4,2,4981,5000,-0.004796695914479921,0.0202568411652809,-1.1537966635682695,-1.0732718933832772,0.05665624295411621,1.3733401515849606,0
4,2,5001,5020,-0.008042621743005256,0.0139998712798121,-1.0718706990641982,-1.0437913997599788,0.04830887623280354,1.3512214678108607,0
4,2,5021,5040,-0.00896493852853741,0.0103331793735664,-1.0565016518075354,-1.0347387465339914,0.058341067518264345,1.3529995653371099,0
4,2,5041,5060,-0.002564943913524605,0.0052702596310272,-1.087014465454089,-1.067864294905381,0.027770190332112716,1.370788453737217,0
4,2,5061,5080,-0.006018766553616485,0.0134348203434186,-1.1082172750519108,-1.065975418140774,0.0146919772643903,1.3641280661046273,0
4,2,5081,5100,-0.0019711268031316347,0.0137865195756588,-1.1631083583758195,-1.0311801198421435,0.04913681516732316,1.370173555820768,0
4,2,5101,5120,-0.01172147431524364,0.0144313682649665,-1.2289119943483793,-1.160169612850206,0.025869623889579335,1.3688435324027606,0
4,2,5121,5140,-0.01214165557847468,0.0146302616053957,-1.1968793940005735,-1.1746131795823969,0.03940086236398175,1.3949752471332209,0
4,2,5141,5160,-0.0027188261591030356,0.0202252553129428,-1.1589089486727304,-1.0543989789894874,0.03172749226240388,1.4111499328160506,0
4,2,5161,5180,0.0064325900378881294,0.0227458632971421,-1.206849798857067,-1.0708765852600417,0.046011284516561564,1.4769783535487195,0
4,2,5181,5200,0.012594910600383018,0.0192375222157315,-1.298370189542285,-1.212264653707249,0.04041292580886014,1.438278142014326,0
4,2,5201,5220,0.01699532785011403,0.0219014669342989,-1.1265692496268183,-1.0771190236728898,0.044251273678277546,1.3708209318071378,0
4,2,5221,5240,0.01932077517071374,0.0240619067505444,-1.1233337821614031,-1.0875251408470654,0.0427067941453459,1.3837680074951395,0
4,2,5241,5260,0.014753872025074725,0.0180788861947072,-1.0590150612801188,-1.0073270249521782,0.02776600264498636,1.4118563475797201,0
4,2,5261,5280,0.010192092920977874,0.0123358254192766,-1.0284270032517746,-0.9927788011075996,0.043435213457318156,1.4066051414169651,0
4,2,5281,5300,0.009819609649020577,0.0140162861519475,-1.0121696529134063,-0.9197480821219624,0.058423756638562065,1.3414371592177514,0
4,2,5301,5320,0.007088932269567685,0.0123037167235097,-1.0659375192268579,-1.047286250312112,0.08915473333645275,1.383073407491491,0
4,2,5321,5340,0.007047858287257435,0.0170690690366791,-1.0219298295514974,-0.9676696413133672,0.08183204545753867,1.4083435660829595,0
4,2,5341,5360,0.011359758386267836,0.0141295666494684,-1.0805130689615459,-1.052799503621039,0.06989445688711599,1.438210118723447,0
4,2,5361,5380,0.00347715345532868,0.008993610406892,-1.0665708035367485,-1.0015756932337434,0.07364479360170884,1.4346883263670187,0
4,2,5381,5400,0.00029049349480945996,0.0029037524946964,-1.071320620427478,-1.0469381858993947,0.07427162527549085,1.4110677207196263,0
4,2,5401,5420,-0.000646542199687466,0.0068934337207692,-1.0685928984397224,-1.0161977549717784,0.07964074010791601,1.4466310902573387,0
4,3,2,22,-0.00531085885785201,0.010011598255185,-1.04666233381012,-1.0237174555693105,-0.052466012749619595,1.3309960099855616,0
4,3,23,43,-0.010564753232883587,0.021513684591343,-1.0527359005635277,-0.9906760183333492,-0.06290405900855871,1.4183205425119851,0
4,8,344,392,-0.033240776824113395,0.0380464664697407,-1.03747865358425,-0.9708288526143476,-0.04042296682293922,1.1942563189830153,0
4,9,429,448,-0.022641213160205956,0.0310190958598302,-0.9375271207092919,-0.872191283398473,-0.008283587549467692,1.2592195618066877,0
4,10,484,503,-0.0003242695293330129,0.0055128326347085,-0.8445617208385059,-0.7571315026161348,-0.010745437417048115,1.3272684740507215,0
4,10,504,523,-0.0035199314980437295,0.0109472901553362,-1.0277156346983625,-0.8421110683076174,-0.03718687942928973,1.3769307618808229,0
4,10,524,547,-0.003446525020306881,0.0074019151073032,-0.9913887235705143,-0.9015410514106672,-0.04745323379777531,1.3253697607230783,0
4,10,548,567,-0.00109877726785882,0.0068867546738251,-0.9687108461931411,-0.9328077536532114,-0.07442684738363384,1.2521419251312131,0
4,10,568,599,-0.009805394864174158,0.0255748478731681,-1.0031321522280252,-0.9523484433067624,-0.05901181260149905,1.2838653796144723,0
4,10,600,626,-0.006769525560822805,0.0197430865179691,-1.006078899862705,-0.9087078320077642,-0.06776916524003772,1.3035937881319801,0
4,10,627,646,-0.014300432484771142,0.0308724339821307,-1.0357191308355778,-0.9753252850574664,-0.06992985010385228,1.280373801640169,0
4,10,648,667,-0.015490195149489383,0.0266429059220793,-0.9790812138960343,-0.90867291397696,-0.060429074218258216,1.2965372898444303,0
4,10,668,690,-0.01377888350852349,0.0201210068995967,-0.9458795685536954,-0.9101561433207124,-0.05848292933322624,1.3283310880049508,0
4,10,691,710,-0.01444358704846004,0.0234158787891535,-0.9645840842665425,-0.9398054945656472,-0.06560968178021764,1.3159929570222155,0
4,10,711,745,-0.010771179139062012,0.0239337572198538,-1.0368000759576066,-0.9506554874608706,-0.050963680059707236,1.286894867623836,0
4,11,797,816,-0.004834886094004595,0.0132225818810316,-1.0867399825982995,-1.04368462811117,-0.06819601252458764,1.3258056987027973,0
4,11,817,852,-0.00483104436449526,0.0101024175987024,-1.0693941523469468,-1.0369309624526892,-0.04807791939334592,1.297339177480538,0
4,11,853,874,-0.01247471192945866,0.0226163301067846,-1.1010458038748454,-1.0298356325151592,-0.06296697401068278,1.3082336089736328,0
4,11,875,895,-0.015711384476662538,0.0244139796660008,-1.1398458269136877,-1.0956892525162285,-0.07082445328613277,1.2843089355508983,0
4,11,896,918,-0.00472491382218964,0.0114836399849043,-1.106246884988608,-1.0438843320571087,-0.053921393356832395,1.3134029274259782,0
4,11,919,957,-0.01668898154762331,0.020878210020581,-1.0904521846317041,-1.041894857277335,-0.0771206258131785,1.2974243331256552,0
4,11,958,980,-0.0074019835602989,0.0126417747615117,-1.03574149786497,-0.9519621092505935,-0.10043556303141928,1.2239831026097228,0
4,12,1013,1035,-0.00150133150504742,0.0055336325689984,-1.0265726232152237,-0.9363609407179844,-0.05907048464003507,1.0628591962985778,0
4,12,1036,1096,-0.0025632528945226307,0.0100491524198695,-0.9802721597822373,-0.9147471907896708,-0.045078460572776535,1.0411909607893008,0
4,12,1097,1138,-0.0028898524913036,0.0125545181116169,-1.0527989088391934,-0.9210965238553492,-0.04102368405053345,1.090562835703652,0
4,12,1139,1172,0.001282212057057999,0.011204986328554,-1.0318667136072235,-0.986701569900743,-0.025352586913102736,1.112136897831706,0
4,12,1173,1192,0.0015145514369640399,0.0062906486545785,-0.9723221098124564,-0.9041112096054088,-0.02341523464725646,1.1577113150239313,0
4,12,1193,1216,-0.00017201434611613002,0.0084530785055282,-0.9645215438816479,-0.8974047751158691,-0.024837102512895205,1.0842400686201905,0
4,12,1217,1247,0.0013289826915570805,0.007179614501804,-0.9713695274758145,-0.934755917098224,-0.03676569028215611,0.992873779787848,0
4,12,1248,1267,0.00033310315403037576,0.0023106239641978,-0.9833584978313314,-0.9537003909411949,-0.04982909550041426,1.0097960874117313,0
4,14,1377,1400,-0.000886835589891735,0.0101456899406957,-1.0749406164050317,-0.9985740484253156,-0.07463316898362078,1.2105677732819775,0
4,15,1411,1432,-0.016079339176395476,0.0252615405684526,-0.9810851053882835,-0.8009140293932017,0.2076706169746217,0.7826428915934068,0
4,17,1471,1494,-0.011881364520922635,0.0205489931739236,-1.1704601177112086,-1.0752278234164294,-0.06509338404059414,1.2756306918647131,0
4,18,1497,1523,-0.012851126910303934,0.0197398726123092,-1.0052446868507798,-0.8844070209043068,0.08415724621703626,0.43898203590969487,0
4,18,1524,1544,-0.012563295234290669,0.0156192078919607,-1.1139815684765446,-1.0599220743764368,0.03902138233835029,0.4130746127889804,0
4,18,1545,1571,-0.01813839093182373,0.025275432899985,-1.1154104173339754,-1.0632902355237954,0.07804228126014294,0.4294714264538985,0
4,18,1572,1595,-0.010790500781124488,0.0183846069331535,-1.162374443774278,-1.0987357131341586,0.07425971570735262,0.44382292419939445,0
4,18,1596,1617,-0.006313235953308847,0.0176322232563622,-1.1148881167270699,-0.9771690975121252,0.08296563997360512,0.8199429031139912,0
4,18,1618,1637,-0.0060380075369377995,0.0126907732303661,-1.0863670506899383,-1.0264746818291874,0.07951748057930642,1.2710503058181177,0
4,18,1638,1657,-0.007315621616255491,0.0184657426987835,-1.0141670355170316,-0.939716443154616,0.0843513104696618,1.2062219860911172,0
4,18,1658,1677,-0.020841370748375304,0.0252451678925676,-0.9486451861893826,-0.9012761587591104,0.09251836888880345,1.0513266083273485,0
4,18,1678,1697,-0.01622038757544154,0.0210770495827922,-0.9355227410836658,-0.9167889419562394,0.11341093212257532,1.0742458764370402,0
4,18,1698,1717,-0.01016681419893262,0.014575409061241,-0.9896569889249284,-0.9340557625865632,0.13714641549886192,1.0691144847292118,0
4,18,1718,1737,-0.00820157856122211,0.0120829416370697,-1.011339005408773,-0.9764755996592231,0.12548547440724525,1.0755605526837777,0
4,18,1738,1757,-0.011196511246193485,0.0136753967422098,-1.0096820275587803,-0.9761227509258268,0.11251883804138303,1.0779876235250954,0
4,18,1758,1777,-0.009576176083527869,0.0131667784383382,-1.0221316346057054,-0.9967449449667024,0.10746944924436204,1.0689180297543293,0
4,18,1778,1797,-0.00852590856205521,0.0132017736665485,-0.988322280016152,-0.9582551057317648,0.09942552624928878,1.0647677733352396,0
4,18,1798,1817,-0.014341320879750449,0.0205282714719017,-0.9845589807676852,-0.9648351365559734,0.08233404470201756,1.077735809927434,0
4,18,1818,1837,-0.014282641231677948,0.0163705319176062,-1.0527013632317712,-0.9775662364804388,0.07538552691819275,1.1375631762436258,0
4,18,1838,1857,-0.014841211279949695,0.0180058419898907,-1.037432489726326,-0.9943176524334348,0.07316547046536578,1.1447964620235898,0
4,18,1858,1877,-0.01404693922676215,0.0185099536217104,-0.9953957708748005,-0.9570990577851408,0.07674413408328351,1.1231957776123467,0
4,18,1878,1902,-0.01668932551163856,0.0210384311218679,-0.9850728023103301,-0.939397220664373,0.08042613096196702,1.116339879094211,0
4,18,1903,1922,-0.01827744215674083,0.0218426996488197,-0.9757191045995078,-0.9331474782216124,0.09095201829069144,1.0700782337865093,0
4,18,1923,1942,-0.017201833273839638,0.0192056760724188,-0.9555396858049138,-0.910447956616922,0.1029630080494991,1.0726811790204702,0
4,18,1943,1962,-0.014897381021704051,0.0197477379870638,-0.9812214245220959,-0.9146369257153172,0.10165261672183212,1.1058239353575627,0
4,18,1963,1992,-0.012461145952433899,0.0175883618308804,-1.0088712541601803,-0.9617327653218308,0.0938003156812377,1.1113948265222555,0
4,18,1993,2026,-0.016926211491975696,0.0220340074915782,-0.9138371208226108,-0.8023092440683042,0.13414631257509085,1.107322300058746,0
4,18,2027,2046,-0.01763421359598471,0.0218772819107308,-0.8655356497197559,-0.8296210572202559,0.16959706435628547,1.1674764191850668,0
4,19,1521,1548,-0.010932232163698194,0.0205477749064555,-1.0837085779054192,-1.0201976783395152,-0.06145434868501622,1.1022308020625267,0
4,23,2099,2127,-0.0018899368255255247,0.0093157999726333,-0.6806543863072517,-0.5031159429201563,0.12472213084957187,1.0758599877973096,0
4,23,2128,2147,-0.00754896080553639,0.0179969281681048,-0.82011841343097,-0.5285952465272113,0.16331832857589462,1.0823961298895455,0
4,23,2148,2167,-0.012713897048835656,0.0185929570610908,-0.9895096017272692,-0.8836254373836541,0.17819415452811707,1.1301367961860609,0
4,23,2168,2187,-0.01346401216075321,0.0169266514278665,-0.9339515183367249,-0.8261028009757044,0.1588470308130385,1.088182455610779,0
4,23,2188,2207,-0.0067417088509320695,0.0145287472456096,-0.8643423499227005,-0.7956027077633027,0.11035551654061097,1.0973184423423312,0
4,23,2208,2237,0.007173219445645469,0.0155571744082515,-0.5653474459545705,-0.3304603902005143,0.02190830035995809,1.0711016551686368,0
4,23,2241,2260,0.0034069390059380316,0.00784049145792,-0.37796681594814874,-0.1729656180131598,0.012291122670301101,1.0053602671250157,0
4,27,2401,2421,0.00264836985210438,0.0142198546258804,-1.0712141983238337,-0.8532533631844361,0.1087415666369103,1.1442637549012324,0
4,27,2423,2452,0.002101428727726501,0.0220326991343171,-0.9725927673017546,-0.797059452539743,0.09932319842895648,1.1719048282179387,0
4,27,2453,2472,0.001433827488483275,0.0084427491506356,-0.6347183437970008,-0.5290428885764976,0.09210125445208156,1.1107282760362245,0
4,27,2473,2492,0.0037101618240706355,0.008469475494411,-0.5951646549019926,-0.4625953972667573,0.07819835216782979,1.1579568732825611,0
4,28,2550,2600,0.002153731496910755,0.0067809192263901,-0.5317507893508888,-0.4489273891756314,0.13812014154278965,1.0770642406221078,0
4,28,2601,2620,-0.004824393013041201,0.0089366180040306,-0.6563990568256874,-0.5837187662817797,0.1523829626023539,1.0680996859660834,0
4,28,2621,2641,0.0032183120410655248,0.0105245783706601,-0.7014218801200375,-0.6587365469941127,0.09435148376458886,1.081700404375435,0
4,29,2718,2737,-0.00799152928054136,0.0137451985197816,-0.9702613557396326,-0.8545121545386657,0.14658121071566863,1.2050502653966628,0
4,29,2738,2758,0.002467306646811965,0.0062803167541251,-0.7689802158094219,-0.68052529414095,0.12661913956902246,1.2518296229000936,0
4,29,2759,2778,0.00502621256826755,0.0085407825256251,-0.6963486774291018,-0.610039181047232,0.07266355997589616,1.2115212530843082,0
4,29,2779,2798,-0.003870309122261525,0.0200785322373221,-0.7174852637000103,-0.6409356617524041,0.11469374397013403,1.2255428550323308,0
4,29,2799,2818,-0.012356249399611056,0.0206036987780692,-0.8870371664409303,-0.6800769080015453,0.14232704626607146,1.2483957589772519,0
4,29,2819,2851,-0.011181209003160667,0.0151794334701528,-0.9490084783338281,-0.76854241470197,0.13937393499059905,1.1242394063714798,0
4,35,3180,3199,-0.016228601365700496,0.019600405020396,-0.9040228331707523,-0.8150282001585429,0.16533829457597007,1.0450114130849801,0
4,35,3200,3219,-0.008334320479530677,0.0105859980278912,-1.089454812517662,-1.0645346638889095,0.10530832941033266,1.1373969141102531,0
4,35,3220,3254,-0.014486136817544501,0.0211753786753786,-1.130873378915204,-1.045845035519577,0.10290176445884842,1.1580056740909712,0
4,35,3255,3285,-0.015007984701120391,0.0171937649317163,-1.1143768262315394,-1.0873835709699766,0.10688415525121515,1.1351021080068657,0
4,35,3286,3315,-0.0219565950233237,0.024434588238116,-1.183873623576952,-1.1109615142997122,0.10150086531305377,1.1532382046668421,0
4,35,3316,3335,-0.014662276198026278,0.0181807473216541,-1.087351193916936,-1.0292983045854374,0.11271814548472774,1.159820192308176,0
4,35,3336,3357,-0.014823473106757776,0.017142423310613,-1.0761715925234838,-1.0210650179046816,0.10099621484826113,1.1824982534014576,0
4,35,3358,3377,-0.013687265106440662,0.0214936933915564,-1.1192157266874434,-1.0706540756547993,0.10354434968426837,1.1734524285241075,0
4,35,3378,3406,-0.01864975655332711,0.031516804743212,-1.194444136893369,-1.1807468205093172,0.09369310739947893,1.1587404265092838,0
4,35,3407,3434,-0.03357368624072296,0.0377784985094033,-1.2263279242673077,-1.183980926087096,0.08498225046646779,1.1220054461956546,0
4,35,3435,3454,-0.029039863257204184,0.0390363196690605,-1.2271015811721817,-1.1791628976762027,0.09607689205596988,1.105570236713241,0
4,35,3455,3474,-0.0086726643713743,0.0123318854052731,-1.2860483199548345,-1.2446470661018787,0.15032695695631787,1.0881866111318765,0
4,35,3475,3494,-0.0056729444171992795,0.0086369443604194,-1.2749909059159958,-1.2631943096928964,0.16205807196698818,1.1106363924223233,0
4,35,3495,3514,-0.011239235549708107,0.0170943210842556,-1.2921000032903924,-1.2466457859571671,0.14500104839430214,1.1107825468220454,0
4,35,3515,3534,-0.022085648362317835,0.0360495208785059,-1.2580475086110698,-1.229711980694826,0.16778029168499292,1.1343390387527896,0
4,35,3535,3554,-0.02573608387892894,0.0368500868299475,-1.2340251728360463,-1.2061076678213651,0.15717513488841534,1.1302085051003932,0
4,35,3555,3574,-0.013849392762137919,0.0174508812674134,-1.148388821505541,-1.054219030248104,0.16794550761487287,1.177861738078641,0
4,35,3575,3594,-0.016285594658108915,0.0214687426632232,-1.050136184684403,-1.0003967576401571,0.19310942628349642,1.1862704932736416,0
4,35,3595,3614,-0.01371444193024834,0.0159300091028623,-1.0686772921859498,-0.9456447771982044,0.18001769489721164,1.1330644893128898,0
4,35,3615,3634,-0.017137128539204884,0.0219189622491478,-1.1988879444139149,-0.923198005623085,0.16230929335948724,0.7219815733414474,0
4,35,3635,3654,-0.01674616722597397,0.0282310139540744,-1.2897030966179925,-1.2258567663513509,0.1536515461388544,0.790654939490789,0
4,35,3655,3674,-0.015537860959068927,0.0303210123982342,-1.142963210431098,-1.0585524917276647,0.13099257911385798,1.0463728721659535,0
4,35,3675,3694,-0.006000087900603785,0.0079121917576827,-1.1159412718367494,-1.0633614041421682,0.11360152858083057,1.255092320261672,0
4,35,3695,3714,-0.00504256687711858,0.0106693473640848,-0.9127815375820558,-0.8659103297526167,0.1939200729384496,1.1857356388382594,0
4,35,3715,3734,-0.011856171986853434,0.0139392322032193,-0.9070650511938737,-0.8544998934509969,0.17798995535309484,1.1573264619487302,0
4,35,3735,3754,-0.010845936220943679,0.0196412906945617,-0.906913543767336,-0.8223322272276403,0.21110114754104128,1.1967910839799218,0
4,35,3755,3774,-0.008631502773018246,0.0129399196987502,-1.0046382048284788,-0.908017443784799,0.2485746956308151,1.2000185682246314,0
4,35,3775,3794,-0.004629305871884453,0.0146206176060146,-1.0038633769212213,-0.9167752994358244,0.20839235706795964,1.2002792600691299,0
4,35,3795,3814,-0.001452425352109565,0.009964904112609,-1.0793145369213457,-0.9166234755332208,0.1747759648362987,1.1827546331514445,0
4,35,3815,3834,0.01996176382156149,0.0257800533578789,-1.2930920515780477,-1.242515071998784,0.13767282921147903,1.2168486797830238,0
4,35,3835,3854,0.018693948511072436,0.0238308840225796,-1.2922571259393034,-1.2421589100624983,0.15308809345224952,1.1830929844960416,0
4,35,3855,3874,0.008405579947147943,0.0166058478624081,-1.2164300846081992,-1.176047109326488,0.15903623904868877,1.1883317216409195,0
4,35,3875,3894,-0.012752353235496727,0.0202708724869342,-1.2066293708538698,-1.1668650278371535,0.17392981523015932,1.1706378178512344,0
4,35,3895,3914,-0.016869600497668683,0.0217710920494827,-1.1569771073498623,-1.058316095629477,0.18136673999443167,1.1671866839239475,0
4,35,3915,3934,-0.008073818473601153,0.0156456631013014,-1.0686689414254251,-1.0230711250663918,0.2254329834760342,1.2541739928322921,0
4,35,3935,3955,-0.011115894004908117,0.0446577103118665,-1.3128086554797027,-1.0730547315827232,0.19751965581776995,1.392221492809448,0
4,35,3956,3975,-0.024501652703165882,0.0621126307810063,-1.4476219408473245,-1.2650512968400447,0.14152350328243418,1.261407317723823,0
4,35,3976,3996,-0.0015691563143966352,0.0220375243369461,-1.2410508749995546,-1.1279146083036389,0.02135410769219577,1.2602896775371673,0
4,35,3997,4016,-0.000416455200628615,0.0078375189617394,-1.304360346502345,-1.2492757013852027,0.06837050213148639,1.3425164512601384,0
4,36,3198,3254,-0.019309966521389287,0.0287824905128419,-1.345449515923838,-1.2323557075673364,-0.010166398073339139,1.1818901980860617,0
4,36,3255,3274,-0.0051804900317351755,0.0089145347929447,-1.2215267126217684,-1.1960155616722428,-0.017135073434945657,1.0402921643061886,0
4,36,3275,3294,-0.01179514017966167,0.0166995028519181,-1.1886982871332146,-1.176723225778914,-0.017801887504676064,1.021613269275109,0
4,36,3295,3314,-0.013901314508893457,0.0191582628573684,-1.1697167781430586,-1.1342708937503023,-0.017902964960898556,1.0171981372815622,0
4,36,3315,3334,-0.010436578160117376,0.0195349330462571,-1.2046640271400229,-1.1766430013967848,-0.0068291321542822084,1.0129439879213478,0
4,36,3335,3354,-0.009012652506097622,0.011113812201412,-1.1432639472311064,-1.1306778834602935,-0.027029839704764254,1.0419833723989105,0
4,36,3355,3374,-0.009869562942408294,0.0120955378250198,-1.1518717353171946,-1.1319294936898965,-0.006244587160065109,1.0254814966011767,0
4,36,3375,3394,-0.01092757061473759,0.0127699603741305,-1.1921734714803272,-1.1520181882576062,-0.013012468871317415,1.0497921379351454,0
4,36,3395,3414,-0.012852096286335246,0.0182203254727714,-1.3656228726794661,-1.2121892289376006,-0.015321029551427126,1.1209788297635,0
4,36,3415,3434,-0.011141098943565936,0.0183785457642092,-1.473200752049879,-1.285160813295239,-0.023301561148243326,1.1718698208316949,0
4,36,3435,3454,-0.025384056409226648,0.0325225337100162,-1.0168650548805789,-0.8970064272960877,0.04246355280512989,1.0644703585770647,0
4,36,3455,3474,-0.02457188671436533,0.0336260987764652,-1.026800664441013,-0.947155483735458,0.06090439617048747,1.0764989749782683,0
4,36,3475,3494,-0.014210276978642366,0.0179802591387007,-1.1968246500191388,-1.1453443216234591,0.04333578981571089,1.130661599808497,0
4,36,3495,3514,-0.01920851541974992,0.023461460015456,-1.317246924578991,-1.2402820611885703,0.023360262347006226,1.1802328321505595,0
4,36,3515,3534,-0.021023200333744455,0.0240543694872491,-1.3195924831123658,-1.2229024033665503,0.03053861116296617,1.1970355189649926,0
4,36,3535,3554,-0.019170110878830138,0.0240777988964957,-1.2552629567098892,-1.2120683609958038,0.03267655684551178,1.185984352685055,0
4,36,3555,3574,-0.020484913837066035,0.0252839725695243,-1.5715536153201597,-1.3395079301088846,0.04818957787538518,1.4233008043363224,0
4,36,3575,3594,-0.022415888668901096,0.0285445529209704,-1.8143803732821646,-1.7746190620536078,0.11525132514408014,1.5294116372367474,0
4,36,3595,3614,-0.02614847059130016,0.0391966939633858,-1.6549631227085944,-1.5650620083995013,0.048177275208054364,1.355166443500388,0
4,36,3615,3634,-0.034897719633357,0.0409498581622256,-1.4803716799487108,-1.4291743705323203,0.007799636489792196,1.4067371511094178,0
4,36,3635,3654,-0.050752751876610804,0.0606664217775713,-1.2961962220539722,-1.2041464623932208,0.035469472222277185,1.2187684304555155,0
4,36,3655,3674,-0.056856881512559854,0.0603028833865306,-1.2721907165599948,-1.1840428116869472,0.01850390340486033,1.184424696108838,0
4,36,3675,3694,-0.05943985888636738,0.0649621461401797,-1.3209350738065364,-1.2282372177294625,-0.034741108791153476,1.2500789498943827,0
4,36,3695,3714,-0.06441929714202757,0.0678161059334005,-1.3581644361145144,-1.3239532445720137,-0.05731393879816669,1.2668063619136731,0
4,36,3715,3734,-0.0634056390948585,0.0714769921590392,-1.4198056330893774,-1.3423566900606665,-0.06494302292423276,1.2609826885279474,0
4,36,3735,3754,-0.05337026789022657,0.0595907292206388,-1.5369546069325988,-1.3704829309269404,-0.1011787289288352,1.3082718813670022,0
4,36,3755,3774,-0.057915205072967435,0.0633451954003424,-1.4758380015856887,-1.3694723908522248,-0.09364458699200258,1.2215698950823248,0
4,36,3775,3794,-0.06658692586838891,0.071262283887507,-1.4525895821582502,-1.404054396643354,-0.033789049068175196,1.2103823034966221,0
4,36,3795,3814,-0.06339329194037234,0.0658737601326336,-1.385505446701167,-1.3620461504934749,-0.06492028645557879,1.2288762916730969,0
4,36,3815,3834,-0.047382027951159846,0.0591375122728007,-1.0641917099625042,-0.9162452992353642,0.00991076121315652,1.2090895914222581,0
4,36,3835,3854,-0.0336680717930163,0.0411480550122628,-0.9654739893481776,-0.9170355490570928,0.05411788804174191,1.2074881493302032,0
4,36,3855,3874,-0.038365847873994295,0.0445336269015212,-0.9770025768281035,-0.9543546854847832,0.08338964500035197,1.2411074776486077,0
4,36,3875,3908,-0.03430158409230215,0.0432000795835371,-1.0414347596817444,-0.98494608454736,0.08112655888809113,1.051209048572214,0
4,36,3909,3928,-0.03395879334053281,0.0379466632479284,-1.012977739809893,-0.9683520985425864,0.04361534341996289,0.9771088107322236,0
4,36,3929,3948,-0.020444644472641785,0.034327945172812,-0.954314075070014,-0.9154749560093643,0.036784384663816984,0.9930031962652844,0
4,36,3949,3968,-0.036126765545111184,0.0449604853482749,-0.9597791864317354,-0.911556460498808,0.040422464929289664,0.9291914299790222,0
4,36,3969,3988,-0.03674765488554439,0.0400340501822086,-0.8845555330996027,-0.8334326547888032,0.04895085741016056,0.9023874307976337,0
4,36,3989,4008,-0.036009460747047445,0.0386616840564695,-0.877176123182202,-0.8599525441386004,0.06973118169089747,0.8680529809634592,0
4,36,4009,4028,-0.02927233764596604,0.0391098724907544,-0.8619803921014263,-0.8448815557554614,0.07486790673031347,0.8758120899512237,0
4,36,4029,4052,-0.019381230586022223,0.0248012442738093,-0.8921624140643699,-0.8621356764476211,0.06871597416999002,0.8882865599742192,0
4,37,4052,4089,-0.0035679642472223596,0.009234822184623,-1.0987239568626648,-1.066222214816014,0.09174986546631304,1.1971173568925768,0
4,38,4091,4114,-0.02364420391942899,0.0295837814523897,-0.9419910870413771,-0.8557735509318093,0.09173087034379983,0.951003475604195,0
4,40,4158,4179,-0.022351863122537154,0.0286585869917078,-1.0362858282288214,-1.0037647503869744,0.09839582009755962,1.1915157663753986,0
4,41,4215,4234,-0.017656871584639067,0.0250322167131884,-1.144554499092137,-1.0816696355762103,0.10480645788740142,1.0525158123326857,0
4,41,4235,4254,-0.01985704761058651,0.028198675729062,-1.0330250786249835,-0.989089980280105,0.10131575732922171,1.0337757966838474,0
4,41,4255,4274,-0.02201996916806548,0.0316459648772515,-1.0628545698321892,-0.9997439416552152,0.12516117200022825,0.9659910236324306,0
4,41,4275,4294,-0.02673111691191519,0.0343857900791189,-1.01503392439553,-0.8749747401449823,0.0651847035719186,0.9744072810040958,0
4,41,4295,4314,-0.021541221054946734,0.0359554655253537,-0.9951091589921885,-0.9461884640334438,0.06822600721598861,1.052793154074409,0
4,41,4315,4334,-0.013766524326379315,0.0196054207306515,-1.013657597886205,-0.9499537986281162,0.10664210393646471,1.0086961944356836,0
4,41,4335,4354,-0.006943311857707938,0.0132716965083692,-0.9601875471939477,-0.9043889718133852,0.07764103336138718,1.015644202332909,0
4,41,4355,4374,-0.009105077379180194,0.0149622053850312,-1.0068018231408717,-0.9860691946807212,0.07555558038279293,1.009834764613379,0
4,41,4375,4394,-0.01833653146168046,0.0265030298443724,-1.0340431731698927,-0.9887994042121876,0.057411914229195185,1.0154901734360426,0
4,41,4395,4418,-0.007788125168816079,0.0222656774123014,-1.0585996270232898,-1.0000217759292434,0.056976039104311205,0.9838205327262861,0
4,41,4419,4438,-0.01096844049282083,0.0199512604650078,-1.0749027854773754,-1.0321333844943046,0.05815823178747546,1.0270685541825726,0
4,41,4439,4458,-0.01062254246419852,0.0168005929756964,-1.120825489822806,-1.0842918867814997,0.03967472389349926,1.03689054845764,0
4,41,4459,4478,-0.01141639743000831,0.01981348204423,-1.1560668342433122,-1.1308283954621507,0.0445772243807528,1.087039333879407,0
4,41,4479,4498,-0.0003852468746525728,0.0060415669862026,-1.1930829605224953,-1.1591279992176209,0.02803327346799997,1.060041544241094,0
4,41,4499,4518,-0.0031482662259239265,0.0094791252822388,-1.1968828567437881,-1.1525948086986946,-0.006379808332057641,1.0799628547724678,0
4,41,4519,4538,-0.006557888460129692,0.0130862367537752,-1.256238579536978,-1.1291143739478045,-0.012833458697114025,1.1210077146040587,0
4,41,4539,4558,0.0013386167472292715,0.0075910491039642,-1.4645898792438736,-1.4343523896033128,-0.03584062844106213,1.1338344327450705,0
4,41,4559,4578,4.576796743409996e-05,0.0066601469481187,-1.4346067411315244,-1.3691260096310185,-0.014411315794767227,1.1521699107165155,0
4,41,4579,4598,0.002873550728271175,0.0071794632850555,-1.3800228848681924,-1.3609191031343586,0.016951516837463286,1.2121176147564632,0
4,41,4599,4618,0.0022723697373794654,0.0074513038397841,-1.4244378641554458,-1.3779831102411764,-0.023896930385709062,1.2250993336666778,0
4,41,4619,4638,-0.00628605981700322,0.0105689906781427,-1.4064855328090293,-1.3096653705053871,0.0074837780643769005,1.1989034498100632,0
4,41,4639,4658,-0.009316881343985074,0.016529031415978,-1.393905162367642,-1.3163336418840657,0.0023648543121934902,1.2347411872313674,0
4,41,4659,4678,-0.014491717791224112,0.0188536041720731,-1.6491887748735734,-1.5418492729569044,0.048133891997412095,1.4815276628457703,0
4,41,4679,4698,-0.021684158134763924,0.0331839733641388,-1.7039443647452406,-1.5520086280793342,0.04414887152631723,1.6322135373880016,0
4,41,4699,4718,-0.04347390548879322,0.0613427141028618,-1.5407524955596492,-1.444459158836923,0.051268077035171424,1.5570019001116513,0
4,41,4719,4739,-0.042160374451015545,0.0577940157554289,-1.257364692375798,-0.8378431492431719,-0.043909931209851163,1.4082205281396118,0
4,41,4740,4759,-0.01522143125711142,0.0251193682926576,-0.7533293832242426,-0.4559117239356557,-0.04537554437864332,1.169004557614527,0
4,41,4760,4779,-0.017033511684191295,0.0297288458689594,-1.2714137550701063,-1.150721465832977,-0.03480085249067303,1.516871335350617,0
4,41,4780,4805,-0.031485997251676646,0.0463127155667969,-1.1162803468245577,-1.00508326851085,-0.061207257994793166,1.2216204562760509,0
4,41,4806,4825,-0.025618202509429665,0.0359247962039687,-1.122871882576121,-1.091885071290915,-0.05935171268400652,1.095825769399986,0
4,41,4826,4845,-0.015672481393303427,0.01951290641842,-1.110418083209892,-1.0792111626260137,-0.02804254502645276,1.0559307031772205,0
4,41,4846,4865,-0.015687301985407225,0.0189942770079777,-1.1779114388649403,-1.1148599368615169,-0.011260538561660987,1.09536325608797,0
4,41,4866,4885,-0.011039135353837003,0.0141882680670163,-1.1810564207714087,-1.1468412561007155,-0.031907806966333295,1.1141278865841975,0
4,41,4886,4905,-0.030727245648636575,0.0567262964292454,-1.2094959623497061,-1.1362912857738756,-0.09454058818996078,1.1497547364740714,0
4,41,4906,4925,-0.03893528975192857,0.0539656671856698,-1.1468985489214258,-1.0883844985531057,-0.12792718467369688,1.2696635262042835,0
4,41,4926,4945,-0.03946668894418449,0.0492480297898977,-1.1415531087896107,-1.1076514122546317,-0.10958462422490049,1.2894971919147735,0
4,41,4946,4965,-0.05038684290715277,0.0565785711840651,-1.3287781029489905,-1.1484910893643685,-0.1542742881576054,1.3253441270748243,0
4,41,4966,4985,-0.058854453490297574,0.0615650661361488,-1.395489406637084,-1.334219204418476,-0.16583572892442858,1.3260708403597448,0
4,41,4986,5005,-0.0542627485289191,0.0615345586153269,-1.3332407654547187,-1.171268937358977,-0.12808100854824325,1.304120569572472,0
4,41,5006,5025,-0.016486910810104186,0.0369899068851442,-1.1466886081316452,-1.1001488641117585,-0.026712642220014654,1.3373261017158844,0
4,41,5026,5045,-0.01678867441598313,0.0249107184064032,-0.987034541526308,-0.903688690254413,-0.03637893984207255,1.2961658680952737,0
4,41,5046,5065,-0.015249120603797791,0.0200053898630285,-0.8827539716311325,-0.8406039858706554,-0.05316427774465896,1.2371163596121535,0
4,41,5066,5085,-0.020982061713611673,0.0388244918518984,-0.9786533531878057,-0.8994736012690685,-0.0601626681002295,1.3585029612597879,0
4,41,5086,5105,-0.019556008705106386,0.036109248224973,-1.1424145795145932,-1.0965117889163598,-0.0624636419077589,1.4958596941418034,0
4,41,5106,5126,-0.02128688128519756,0.0281990556184816,-1.1449126748534477,-1.0972085494938617,-0.028820508451237258,1.461215953752002,0
4,41,5127,5146,-0.028414232708357468,0.0390360084927713,-1.1563936993737,-1.0990217426357285,-0.032743440319757844,1.4666059445802544,0
4,41,5147,5166,-0.026720928003510298,0.0298233131178071,-1.2591035977491913,-1.1975806108870148,-0.009520280599116035,1.5092331027692159,0
4,42,4251,4270,-0.006373121073344201,0.0176944961663526,-1.1409108982126086,-1.1036767231394726,0.06175227473025137,1.281161818314605,0
4,42,4271,4290,-0.021650015395892452,0.0335876152668715,-1.1421455237180762,-1.1030571602216457,0.05345042506340242,1.2881256616598076,0
4,42,4291,4312,-0.014922390847623127,0.0268904737196878,-1.109683725833882,-1.049355608371315,0.058423812810610945,1.270682348268049,0
4,42,4313,4345,0.004802052728019635,0.0155160523186682,-1.1223465479120567,-1.0626878813491547,0.04308468941593199,1.4128641341020232,0
4,42,4354,4375,0.013607553099328004,0.0169279111517142,-1.0457304911296883,-1.0137408262439334,0.02838348963065101,1.3848354969376404,0
4,42,4376,4395,0.013388845136131616,0.0229094586850118,-1.0070022910505587,-0.93894977997058,0.025074105559302767,1.395559809604343,0
4,42,4396,4422,0.020217093929479447,0.0275886660714385,-1.065327144851382,-1.0071253289892983,0.0056347390855600536,1.4496090526343788,0
4,42,4423,4442,0.014197334295008574,0.0173207777842931,-1.1669623448551882,-1.1169382125029117,-0.019952148989167827,1.4698957270227269,0
4,42,4443,4488,0.002382092180934745,0.0085496338502866,-1.1619299470373368,-1.0921430966617778,0.02593645743331338,1.483872070857201,0
4,42,4489,4508,-0.00679203666875589,0.0107633804842336,-1.2185383905750413,-1.1366044087090668,0.060993588752779694,1.4690539960911648,0
4,42,4509,4528,-0.007520523722699721,0.0090283362060291,-1.1659271400578697,-1.1447684841778685,0.057287460373707466,1.4750016083661777,0
4,42,4529,4548,-0.003833045278624181,0.006882263384722,-1.1187707638036666,-1.0838169564969136,0.051812370305764924,1.4718305244016325,0
4,42,4549,4568,0.00204236163697127,0.0103645528671999,-1.0608760057174935,-1.003644660865423,0.07049261019461447,1.4549542738106895,0
4,42,4569,4588,0.0037205291736276346,0.0089467314936458,-1.0441100052801804,-1.0039236254249948,0.05941178837598825,1.4316364029141946,0
4,42,4589,4608,0.00051224236125772,0.0050201957619919,-1.08388383467356,-1.0442575141012662,0.06705582990657549,1.449419665228673,0
4,42,4609,4636,-0.004515971786909955,0.0067789447233311,-1.0466663261471554,-0.9928266736111746,0.057844348160514494,1.331470333880631,0
4,42,4637,4656,-0.0065261429519775606,0.0095990212731408,-0.9611626637580379,-0.9290566061792184,0.09476480728207408,1.2418168385423385,0
4,42,4657,4679,-0.007888728541301054,0.0118788406060359,-0.9642019640804872,-0.9305274930873524,0.09548408333752711,1.2680832185355582,0
4,42,4680,4700,-0.010470688441299444,0.0132337796904847,-0.9629430214855734,-0.9257215301953996,0.11808245974752118,1.2266573356888137,0
4,42,4701,4720,-0.006785748427109164,0.0107932715206553,-1.033918048997482,-0.9901257666355104,0.08903989215118364,1.2298391336677699,0
4,42,4721,4743,-0.010349293475309926,0.0183376551220666,-1.0589136589882988,-1.0094226707534597,0.08665456128247392,1.2585716385944707,0
4,42,4744,4763,-0.005903644833161783,0.0220788727827013,-0.9848319368771158,-0.8876885725831585,0.028294681745778642,1.2804056454170065,0
4,42,4764,4783,-0.008618478144036676,0.0116003661481631,-0.9797070636953258,-0.9466972770245122,0.04294686793654744,1.2382470956691407,0
4,42,4784,4814,-0.00513414376539904,0.0115902300062464,-0.982150655131609,-0.9521001348765225,0.058456256968455175,1.2339567882006806,0
4,42,4815,4834,0.00020919293505179925,0.0043783503957207,-0.9863833733695125,-0.9415077886589518,0.03734404459442588,1.2608494528221619,0
4,42,4835,4854,-0.0016299048563345252,0.0035713354909034,-0.9706098736989854,-0.9148097618969192,0.057748734355353694,1.2491095332623166,0
4,42,4855,4874,-0.0030884878466765097,0.0047104343579278,-1.0474170387504522,-1.0102314329306383,0.03394724311123319,1.2570459420432214,0
4,42,4875,4894,-0.004997133981963774,0.010084713078931,-0.9924217230508079,-0.945737882023152,0.0654775092323268,1.2532764411281236,0
4,42,4895,4914,-0.0005198797279568964,0.0040253625519347,-0.9687377942334668,-0.95158156876181,0.0686998454562684,1.257564812245892,0
4,42,4915,4934,-0.00248423778961144,0.004593802733043,-0.943473801387578,-0.9063390980967212,0.05452561904106764,1.2809633422234723,0
4,42,4935,4954,-0.003433898238820615,0.0091352567288326,-0.9669326397669676,-0.9371240123552904,0.06354933228594256,1.270225896130499,0
4,42,4955,4974,-0.010865536219652142,0.0174016933989151,-0.9941851354945644,-0.9593265616868724,0.06003998313256603,1.2820832506004622,0
4,42,4975,4994,-0.016029026079542447,0.0191911660009442,-0.9686673725492051,-0.9431288452978372,0.057602552220432604,1.2651130922491134,0
4,42,4995,5014,-0.008443641869239906,0.0189889114857887,-0.9945887763286455,-0.9425804977792424,0.053012417413570524,1.261640194634965,0
4,42,5015,5034,-0.005397948386948235,0.0070192309130309,-0.9484193635424812,-0.9217144258000088,0.06466560529205834,1.2508495075937394,0
4,42,5035,5054,0.00026187190516980527,0.0039653592902223,-0.9705534986890738,-0.9499081709820304,0.05882359039948789,1.2546892171161066,0
4,42,5055,5074,0.002786430199979935,0.0092159773315385,-1.0049940862713753,-0.9616856474153034,0.0433579797418005,1.2557976578627799,0
4,42,5075,5094,-0.006075179401474305,0.0094803354686059,-1.007480528861815,-0.9758287229629992,0.06666983450352454,1.2786611576831388,0
4,42,5095,5114,-0.00661198701700884,0.0101946178077548,-1.0574430825906775,-0.9167016724482668,0.05029410804835525,1.279472309499901,0
4,42,5115,5134,-0.00862790784034725,0.011177994686679,-1.0925795344664944,-1.047278200236067,0.03227316719142911,1.3111078190681962,0
4,42,5135,5154,-0.009315272429806957,0.0126661723297324,-1.064592616587206,-1.0252220666211462,0.05006367205807381,1.3180260924724958,0
4,42,5155,5175,0.0032492125691265,0.0097638931003679,-1.0985352395245462,-1.0131210414080651,0.061055946537317676,1.4272350692401419,0
4,42,5176,5195,0.004212644187998273,0.0122675603790104,-1.2136450224791206,-1.1336872096204536,0.05219277126103283,1.3837064809092388,0
4,42,5196,5215,0.0036818074296311757,0.0083003868117491,-1.061701687323363,-1.0062687163920916,0.06719262545231713,1.288003709600384,0
4,42,5216,5235,0.008900786766524407,0.0113849925646075,-1.033019189022033,-0.9866738748040692,0.06690554717773517,1.2836705077770707,0
4,42,5236,5255,0.011056936073404305,0.0148223310176923,-1.0086561335117876,-0.9735673809449478,0.05468152266819666,1.343468871655562,0
4,42,5256,5275,0.007848286809436906,0.01127934481373,-0.9448924312414123,-0.9197053528120556,0.06540224411266242,1.3843958965098926,0
4,42,5276,5295,0.008170030158144275,0.0135688126453595,-0.9313665550805881,-0.8491974955726298,0.07454512971948349,1.2954436134274858,0
4,42,5296,5315,0.006097254886143725,0.0081145239243457,-0.9964394154332463,-0.949861494943182,0.0778178214579043,1.3093258571661421,0
4,42,5316,5335,0.005170086230806555,0.0099630861445122,-0.978684340179089,-0.9089215062085784,0.08222581501945525,1.307239686644157,0
4,42,5336,5355,0.0065348526185043205,0.0104964503730136,-0.9784910013278504,-0.9553050991575224,0.08380117902056419,1.3108396459608909,0
4,42,5356,5375,-0.0034377752281969653,0.0078820119145019,-0.9997341156806312,-0.9717553366806976,0.07189216922108196,1.3038513569719083,0
4,42,5376,5398,-0.00629892872047758,0.0080500915738567,-1.0480936304378123,-1.0016453149982742,0.06684881148280039,1.3014145760831606,0
4,42,5399,5418,-0.00487810802482563,0.0082648037737143,-1.0494591464514147,-1.008609821568289,0.0635707321233329,1.342795742595951,0
4,43,5192,5238,-0.031372260435487326,0.035601088590869,-1.3039353153518716,-1.2627384059898366,-0.011441009464239526,1.5047730868613118,0
4,43,5239,5267,-0.02567608782623494,0.0336435142799455,-1.3028001129274014,-1.265414379568408,-0.01826293321232816,1.515209857465702,0
4,43,5268,5290,-0.026773330112456944,0.0336989893836639,-1.2769273819551106,-1.2631927548115884,-0.00613747457164815,1.512225202139356,0
4,43,5294,5322,-0.028663143477877684,0.0364353167734471,-1.2863290659254056,-1.2619715196777552,0.014199688969927621,1.5243403190173757,0
4,43,5323,5344,-0.02459589911358539,0.0316472790128647,-1.303747954112238,-1.2661252333428714,0.033907027697035616,1.5435248378076676,0
4,43,5345,5368,-0.018729601315756315,0.0257769817544583,-1.3218336075099046,-1.2539400290920752,0.01128029959545701,1.4561367008479296,0
5,0,1,20,0.0040297807007111195,0.0142513345832871,-0.8701118367760813,-0.5821785286851452,0.12244999105925851,1.3931820730003888,0
5,0,21,40,-0.00539785516950933,0.012941252062408,-0.648512306093455,-0.3958288198561863,0.18428354389856544,1.329047068257338,0
5,0,41,62,0.0032452819139228103,0.0117570554677696,-0.33673830327418713,-0.1610483188458527,0.21653163090653899,1.1474768030143196,0
5,1,1,20,-0.00074789027244466,0.0082562141093812,-1.254861502686292,-1.191008435863867,0.09295451889828339,1.2858905719509415,0
5,1,21,40,-0.00642976094966907,0.0099895033285047,-1.3619203569128506,-1.2281674756456922,0.07705870675248654,1.469894320453948,0
5,1,41,60,-0.01009924959278618,0.0140579366167128,-1.2873501241994325,-1.2069637208754616,0.07466440685417461,1.2963127562074614,0
5,1,61,80,-0.009773312906078805,0.0150920629000499,-1.2664417987073455,-1.1884762910974165,0.02380078804143124,1.1693880358992785,0
5,1,81,100,-0.007342491884917155,0.0116075893246916,-1.2290203101551787,-1.1862591417258963,0.022420155374571742,1.1428381488226087,0
5,1,101,120,-0.0026359980644386147,0.0090453570400858,-1.1875054933276903,-1.094660156905498,0.00976605071936025,1.1545673233600795,0
5,1,121,140,0.008451279005802661,0.0111999730861903,-1.1324527043044639,-1.0938158829460565,0.06009013125654694,1.1261045151128581,0
5,1,141,160,0.0011982756062926402,0.0099894647102448,-1.1331731327375147,-1.085513459121257,0.09915431845734349,1.0574127836684424,0
5,1,161,180,0.006207212685861205,0.0100159099910716,-1.1291107820927402,-1.086259716673478,0.12592536827622788,1.0531732104998117,0
5,1,181,200,0.006361709961727076,0.0122355579128567,-1.1527214393634142,-1.0768023706013048,0.09464008861379951,1.043758329996825,0
5,1,201,220,0.009545676378282174,0.0178085315478388,-1.1265137748097593,-1.092507782718224,0.13236011887795354,0.9371956468038869,0
5,1,221,240,0.0053724333369478405,0.0167085535131855,-1.0860959281062696,-1.0431658342676589,0.1020475954010934,0.8435437834296838,0
5,1,241,260,0.0020212077232816903,0.0087650902190112,-1.0507374370322597,-1.0219766408417197,0.10501421466609581,0.8689842356550459,0
5,1,261,280,0.005291349934233536,0.0107862985027753,-1.0727618891147268,-1.0536783182171985,0.12687661138449502,0.8834659465331909,0
5,1,281,300,0.00500737565908833,0.0075563308344308,-1.0827877226456986,-1.0563270668463316,0.1308340736350498,0.9346081463515382,0
5,1,301,320,0.0007229216296382499,0.0090106989260147,-1.1122429786750223,-1.026809020397509,0.17573323461817308,0.9357870905940668,0
5,1,321,340,-0.0047990496491352765,0.0108021170202301,-1.033068137332076,-0.998582834752256,0.12758554656256976,0.8821286217799098,0
5,1,341,360,-0.00702597989032828,0.0110852847357879,-1.0861151252665628,-1.031854290661827,0.11048298056414138,0.8922197459479635,0
5,1,361,380,-0.0009722106359585302,0.0082267934409701,-1.0642201119092543,-1.0287266017609442,0.08158047280548082,0.919288618794519,0
5,1,381,400,0.0034247630156995406,0.0085600316634716,-1.0855750448984738,-1.0461902584333305,0.09882181723743111,0.8525744759347594,0
5,1,401,420,-0.00278145128809913,0.0086376767327169,-1.0865017919452904,-1.0547143177079616,0.10149480330292401,0.8346159174222272,0
5,1,421,440,0.001147547117143295,0.0059170120088175,-1.0841158179015635,-1.0673931586795995,0.12259712301628603,0.856098016031957,0
5,1,441,460,-0.003929274398548681,0.009588250072546,-1.09553901855576,-1.0608813107496586,0.0507025095798838,0.9143961940080164,0
5,1,461,480,0.00831673343397875,0.0141624824937466,-1.1575873933758214,-1.1302342804678984,0.04570567259827134,0.948552183307861,0
5,1,481,500,0.000967845359517215,0.0107201170464398,-1.1012159567691724,-1.0508040086241155,0.09237639039666559,0.9677074182886738,0
5,1,501,520,0.0007682326597595335,0.0065299893167828,-1.1184704573700857,-1.0334852475875629,0.07816360677134516,1.0270410836724777,0
5,1,521,540,6.050741360969491e-05,0.0045567432425273,-1.100208931750692,-1.0650742070187147,0.054171753421659585,1.0257552979943432,0
5,1,541,560,0.005944033252538309,0.0195169742680419,-1.1053822546682461,-1.079145928987237,0.029680772379733773,1.0778507915235704,0
5,1,561,580,0.017565949454909777,0.0297894126487054,-1.1389030590120486,-1.1006792340501796,0.10640329296542639,0.9754900547333261,0
5,1,581,600,0.019978088972325055,0.0257434141808943,-1.0939616044614602,-1.0463178021894943,0.11196598624933914,0.9329524195874777,0
5,1,601,620,0.00927888088526505,0.0254655161227535,-1.0929014302546336,-1.0265899710418316,0.07371454984924405,0.9187956486574915,0
5,1,621,640,0.010841252109592421,0.0217544828160886,-1.0774827794105373,-1.033853293049881,0.08154614438112517,0.8988650136847252,0
5,1,641,660,0.017007854517759897,0.0242867823514792,-1.0823720904619272,-1.0673075037339583,0.12479136085879113,0.9499647083382324,0
5,1,661,680,0.0035732383224287923,0.0137961851615149,-1.1388739556981862,-1.0638985175788114,0.11222092164071826,0.9387843908336647,0
5,1,681,700,-0.021043200301810987,0.0264783712736916,-1.1859624636795734,-1.0664625380445485,0.0840983096856234,0.9549247060418432,0
5,1,701,720,-0.009652402243523778,0.0201189980606971,-1.0889665431083355,-1.062541760022662,0.054986946475534614,0.9586290440013456,0
5,1,721,740,-0.013572966674347473,0.0206626501872201,-1.1252773514282959,-1.0945984412632102,0.030444759115107432,0.9957860892481449,0
5,1,741,760,0.0006559189407446635,0.0146230224231189,-1.1856879634715378,-1.1146319304255217,0.047234214921208786,1.018344592198661,0
5,1,761,780,0.00518214678958938,0.0194070666187978,-1.2545672138905126,-1.202205034122095,0.02044210361928396,1.0930249143368282,0
5,1,781,800,0.00607611033576376,0.021076395510432,-1.3589399634073094,-1.229756456681387,0.015725916872768943,1.2753345238621379,0
5,1,801,820,-0.003877600797584895,0.0097913124675164,-1.277437371563631,-1.235761789420173,0.024507028147252516,1.2244229386258323,0
5,1,821,840,0.0006307393600270801,0.0093002419356807,-1.2180416954529172,-1.151548529019088,0.0004263757623592551,1.2024101547631236,0
5,1,841,860,0.005692374673073955,0.0105458662341388,-1.3608360173045264,-1.289032884817526,-0.053737154580017196,1.255979992167576,0
5,1,861,880,0.0010972400184692407,0.005025111718359,-1.3951709843073048,-1.3001915303311256,-0.054571136649077256,1.1326086660659755,0
5,1,881,900,0.0020554711127222817,0.0083851694897752,-1.2010190985247038,-1.1485489768724628,0.012061735996751175,0.8573057898928974,0
5,1,901,920,0.011343568902147425,0.0141949177200524,-1.2328572723397808,-1.2055351801179397,0.07949006185474178,0.87311807535546,0
5,1,921,940,0.01026553012539876,0.0144517827864439,-1.2222725155067748,-1.1691487343207982,0.09947307474344445,0.8535138991446442,0
5,1,941,960,0.006363476103570085,0.0081651881963759,-1.2038496621979453,-1.152061172777718,0.1523346905126666,0.8646796242452197,0
5,1,961,980,0.01095434976408195,0.0148141689840095,-1.3042260882972125,-1.2643649932326653,0.15217607020687068,0.9119285821749861,0
5,1,981,1000,0.011664778280346061,0.0148204020883454,-1.2644628588179232,-1.2370427839185467,0.13620576742597962,0.8694408827248905,0
5,1,1001,1020,0.013418063512344564,0.0140599870845141,-1.2482351998073222,-1.219246470781686,0.12361756444759978,0.8880307781931952,0
5,1,1021,1040,0.007708462324469109,0.0103360042756508,-1.3059008251976243,-1.2670362660470684,0.07343076133361834,0.8292298943942576,0
5,1,1041,1060,0.009744869424538756,0.013718840413098,-1.2808647341763846,-1.24140305473102,0.0906464877243624,0.7994039459228827,0
5,1,1061,1080,0.010975468020556819,0.013341387780596,-1.2640228975669239,-1.2247453540119757,0.10653152024606123,0.7705652653393308,0
5,1,1081,1100,0.013852198582846819,0.0153404043329095,-1.1935752667212642,-1.1553677982621926,0.07711227878513734,0.7502687278911498,0
5,1,1101,1120,0.010898482957387986,0.0140781959901629,-1.1548556328077382,-1.1331116050290178,0.06299222354504372,0.7412308514723788,0
5,1,1121,1140,0.006131574930344545,0.0083455836539016,-1.178060217753673,-1.157166935189017,0.0595947060453091,0.7486669652835364,0
5,1,1141,1160,0.00566498297209406,0.0088472647510156,-1.2285163397505638,-1.176505610292659,0.06622302149250184,0.7782225448274148,0
5,1,1161,1180,-0.004360862216151174,0.0124960816163688,-1.2365440383178963,-1.2079722974800842,0.1078244643163742,0.7753991306007035,0
5,1,1181,1200,-0.0020320092957784005,0.0045349046550893,-1.235108523045988,-1.202926213594119,0.11830076673930405,0.7811694856028957,0
5,1,1201,1220,0.013790355934981633,0.0217026835720185,-1.2825595162852372,-1.1995705162032066,0.09897626343063473,0.7747509599975915,0
5,1,1221,1240,0.02208867358192113,0.0328862857921468,-1.273036482451031,-1.225765382555966,0.1330096413099965,0.8113307645088852,0
5,1,1241,1260,0.027567946292210634,0.0349966069629233,-1.2702154580638587,-1.2118444801377688,0.1365861179543592,0.8321550700583457,0
5,1,1261,1280,0.01781691299694471,0.0280895955934228,-1.2590209723899597,-1.1700323340891456,0.09011465098031032,0.8727432971342456,0
5,1,1281,1300,0.011860237908270215,0.0153802915788175,-1.2640744389869076,-1.2041893387097458,0.0477177136566664,0.8577777646664527,0
5,1,1301,1320,0.013055675201993619,0.01837716772385,-1.2487285713661798,-1.18907576823336,0.09201921382162123,0.8355185122223452,0
5,1,1321,1340,0.015980754515585775,0.0210187209129165,-1.2513205507268697,-1.205120979115688,0.0933904252928015,0.8003896938961892,0
5,1,1341,1360,0.014007571172875585,0.0185119566657525,-1.2879818117982946,-1.2482983423244256,0.081515921352651,0.834184576901315,0
5,1,1361,1380,0.019435876473371888,0.0274895600874964,-1.2524126937728086,-1.1950002914897104,0.10587000363132995,0.8290583424526176,0
5,1,1381,1400,0.01794327472960287,0.0233042419892512,-1.2503508850512468,-1.2147312088207611,0.14131262199817035,0.8023838820682585,0
5,1,1401,1420,0.0195718668071986,0.0235019781624321,-1.2089779810730414,-1.1626332352534776,0.15290349533875663,0.7884108251362048,0
5,1,1421,1440,0.020762851521472496,0.0238625577222457,-1.2068506665232157,-1.1590325670297117,0.13880116590947084,0.8204997306661909,0
5,1,1441,1460,0.01199042516912743,0.0222937717908429,-1.250534632931742,-1.159207701992062,0.12604777361349037,0.8312187832597822,0
5,1,1461,1480,0.015283491101480562,0.0220070168075773,-1.24286888249594,-1.193117327536508,0.13949207692669902,0.8555119625658605,0
5,1,1481,1500,0.017210682234907102,0.0208686121998173,-1.286608317649098,-1.2604201358162137,0.08671667719940518,0.8658558806620201,0
5,1,1501,1520,0.015677314917472686,0.0179007012503776,-1.3385306198560767,-1.322274054711463,0.05723201672633736,0.8311616549983991,0
5,1,1521,1540,0.01389653114481293,0.0165477536973803,-1.313069706531715,-1.295579029943598,0.06935026100678433,0.8767314972811342,0
5,1,1541,1560,0.00985235231244721,0.0141724777196642,-1.3462296037458987,-1.3169421267294004,0.07277501051268415,0.8684268803568962,0
5,1,1561,1580,0.006153513875565701,0.0091896514722981,-1.4778315050782862,-1.3850195975709874,-0.02078777092802287,0.9318654330866101,0
5,1,1581,1600,0.002561771183505378,0.0104856198273538,-1.5765117801734614,-1.550594177650935,-0.03564435606154662,1.0624234615896269,0
5,1,1601,1620,0.00291406022728344,0.0076272746018407,-1.5452014660320794,-1.4578251125080364,-0.01957370978312004,1.006686084577937,0
5,1,1621,1640,0.011235530358494656,0.0170478896572186,-1.3656671659005621,-1.2467723292126247,0.053480306117101896,0.806087917941329,0
5,1,1641,1660,0.00633005151021106,0.0212573090467029,-1.1902297549404932,-1.1047484670003582,0.10888944014771554,0.7501648949095978,0
5,1,1661,1680,0.012957208456218328,0.023426111719867,-1.1883366753066196,-1.104952314794715,0.10884294604831238,0.7056277660363347,0
5,1,1681,1700,0.012166165920873395,0.0166250056898467,-1.1737357348349502,-1.1389838151174234,0.12329551952285378,0.6732389417105,0
5,1,1701,1720,0.014054523774218735,0.0247756600049985,-1.2143439543527683,-1.0820892245966858,0.12807851716208574,0.733058107468658,0
5,1,1721,1740,0.004793024796099029,0.0218904658590331,-1.269524728413492,-1.2239024990595897,0.05945008025704982,0.7188098954747375,0
5,1,1741,1760,0.00084114401331405,0.0161811103904022,-1.2873893915730785,-1.2396135291103223,0.06322088224077091,0.7236560486007595,0
5,1,1761,1780,0.0025916450439259974,0.0054580562558122,-1.284460419626908,-1.238994989329681,0.06129347519911278,0.709863221263851,0
5,1,1781,1800,0.007019797051380246,0.0090827619844476,-1.3171871184219504,-1.2708263728333355,0.03717394006470199,0.698889032557821,0
5,1,1801,1820,0.01026848805792574,0.0157799353286426,-1.4667316471413092,-1.3521017695680655,-5.781558212501932e-05,0.7539078949269772,0
5,1,1821,1840,0.007960053633344547,0.0178008027346439,-1.4569757363991442,-1.3742215293560225,-0.009744854961489975,0.7538428127719585,0
5,1,1841,1860,0.015230430856976207,0.0183326276433416,-1.3599498470027949,-1.3269409882740868,0.06312964250514366,0.7062988749162472,0
5,1,1861,1880,0.01829308312805358,0.0234246165243379,-1.339521826619976,-1.2984644769596505,0.00048455529941514324,0.7182518013564642,0
5,1,1881,1900,0.016251239746632673,0.0223364174461122,-1.3716902321568676,-1.283166761722471,0.019142611514321988,0.6981026832172637,0
5,1,1901,1920,0.009613907514618155,0.0185530606859626,-1.4683728780358856,-1.3691074969893413,0.08359690278900804,0.8021050601629213,0
5,1,1921,1940,0.02524962948297097,0.0300002549613154,-1.608978041272243,-1.574249240510749,-0.03990037444742263,0.9165086882311394,0
5,1,1941,1960,0.008604293008601428,0.0237676984960578,-1.6761793382640235,-1.6272986990658491,-0.020446864280008015,0.9189958934046869,0
5,1,1961,1980,0.0074411201151956706,0.0156373455732913,-1.6891014194516163,-1.6121209274654391,0.01311385961724868,0.8918033035175815,0
5,1,1981,2000,-0.00467139212134621,0.0111498380951186,-1.4237006276307842,-1.3312257881021918,0.0817311734544087,0.9987256549452226,0
5,1,2001,2020,-0.009903097672844804,0.0159518586491984,-1.475153150024998,-1.353818234921981,0.06869804965750195,0.9757212171871105,0
5,1,2021,2040,-0.014559450311246617,0.0209922619464686,-1.547052216591283,-1.408121064134673,0.11270341400187638,0.8422181458432261,0
5,1,2041,2060,-0.006465103597537635,0.0101736726387976,-1.323076994276263,-1.2708277333600049,0.05055969366769379,0.8942079407310703,0
5,1,2061,2080,-0.0033166400867543945,0.0088355384065262,-1.371716225722307,-1.3336456883781478,-0.05438101429099744,0.9448685580503303,0
5,1,2081,2100,0.016544973941891743,0.0317142667743243,-1.3335081668367683,-1.2815224608536613,-0.00888485807539433,0.9595994183715535,0
5,1,2101,2120,0.00976111354246104,0.0301685579600164,-1.2632014579539452,-1.2026998927873365,0.06872376681205468,0.9148105191876853,0
5,1,2121,2140,-0.0043387789739189825,0.007419799091852,-1.238408754508741,-1.2202434847084502,0.03155722851016953,0.901681248568066,0
5,1,2141,2160,-0.0013045524899336599,0.0055674441678999,-1.3056813764322315,-1.223986486841152,0.006241951932542659,0.934685472088032,0
5,1,2161,2180,-0.004037798255548451,0.0097544595505111,-1.414826142420113,-1.370827547710708,-0.06264438328870928,1.087698709805241,0
5,1,2181,2200,-2.685765611843e-05,0.0049435696958219,-1.36571255298146,-1.3337522017207546,-0.011421807134232194,1.1180604622042782,0
5,1,2201,2220,0.001246753030973705,0.0039841422331824,-1.380951877190769,-1.3307936992308127,0.02563681753171611,1.101911608931281,0
5,1,2221,2240,0.0004038705312419201,0.0062602502225762,-1.309851431246102,-1.2189290435050235,0.0071019741550054,0.9087470216189354,0
5,1,2241,2260,-0.00131589809196178,0.0078226343408923,-1.3084651796523903,-1.2572621249981568,0.0061554953147815806,0.9199163395360432,0
5,1,2261,2280,0.00114168826515138,0.0101129135051286,-1.395966706848704,-1.3254823262316653,-0.004451394331551055,0.9700635998393082,0
5,1,2281,2300,0.004808180827382469,0.0115406113930975,-1.4327583548641405,-1.3761748850630704,0.00462944454902688,0.9160700319792843,0
5,1,2301,2320,-0.0034418955805085153,0.0093241060396108,-1.3665750391504858,-1.3295976283066333,0.025349752550981864,0.9434581807337707,0
5,1,2321,2340,-0.0041904761014597,0.0111183374780967,-1.3794386641346346,-1.34894807336975,0.05019254471808683,0.9316153976494258,0
5,1,2341,2360,0.0010461805608287598,0.0067493070672062,-1.3757137582286063,-1.3422562814554155,0.01559055161034271,0.9532265515079354,0
5,1,2361,2380,0.004288223940851274,0.0143572895586544,-1.3347096181599645,-1.2209371446293809,0.03632555166192008,0.921719628244815,0
5,1,2381,2400,0.01019114967371853,0.0162469093618455,-1.2814905786360709,-1.192463309513501,0.03232182360010248,0.9145489723618938,0
5,1,2401,2420,0.00820074645617913,0.0135042379553953,-1.4656947323522036,-1.422931181719132,-0.056670720653115104,0.8720730381850157,0
5,1,2421,2440,-1.7626071847885077e-05,0.0084475639677941,-1.4804445869235505,-1.4015441556936654,-0.008110327173675306,0.8045230620146802,0
5,1,2441,2460,-0.00011387742591429006,0.0058498576054921,-1.3917491460660294,-1.3394982501733883,0.029414569165694977,0.7407180045525144,0
5,1,2461,2480,0.006214513938257796,0.0101833840132399,-1.3340374598768827,-1.2978173394740264,0.011458587773199346,0.8575409117128627,0
5,1,2481,2500,0.01298332327370732,0.0202499799522924,-1.329620390255808,-1.2631719338217793,0.027108152610752397,0.910925663082556,0
5,1,2501,2520,0.01002019662698441,0.0146830290222468,-1.2738549534522228,-1.1904993516774414,0.04984838447528171,0.8832186405364657,0
5,1,2521,2540,0.007541364653499115,0.0102382511401362,-1.255919783964924,-1.2096065685136377,0.03236704376199983,0.9108844691242762,0
5,1,2541,2560,0.00992909654315664,0.0138340389479292,-1.239970156493793,-1.1969814443442153,0.05516645926761887,1.1648730748175171,0
5,1,2561,2580,0.006252762548132895,0.0122247105910928,-1.2153199729597652,-1.183061536950626,0.060744941261487786,1.196464375588525,0
5,1,2581,2600,0.016485626815419936,0.0221040483477525,-1.271898366548126,-1.2168433269263732,0.023828611167866533,1.2715460283267337,0
5,1,2601,2620,0.015459030749305219,0.0173814093395618,-1.2074588273573763,-1.1459334277793385,0.045614201459278726,1.2333481220064808,0
5,1,2621,2640,0.010920036227689904,0.0134344321832309,-1.1752303731708937,-1.1138071177230855,0.06862464304718,1.1406431934538261,0
5,1,2641,2660,0.010285740617324178,0.0149130535300329,-1.1966856402132244,-1.1501454972746177,0.050150607962963965,1.1101077155734564,0
5,1,2661,2680,0.0010633717809820499,0.0081946872997376,-1.184426142521233,-1.1263438762732048,0.06436705161023808,1.1071438834894496,0
5,1,2681,2700,0.003976413971877215,0.0134269824323256,-1.2307042218091324,-1.1669336782678887,0.02058485682497483,1.1375595735762825,0
5,1,2701,2720,0.00864565236225709,0.0133306335017288,-1.2064636902593233,-1.12704092781736,0.010272275852265481,1.1576201168145426,0
5,1,2721,2740,0.009141906189458714,0.0161623364464406,-1.2224795243506523,-1.196572032752157,0.0027261024267201746,1.1608793948347333,0
5,1,2741,2760,0.01101546624292115,0.0153098308265616,-1.2370141070481346,-1.2013475768087718,-0.01748219386078916,1.140637743967981,0
5,1,2761,2780,0.005855697836837845,0.0094429368119432,-1.2567450185550224,-1.224944954437177,-0.0010685453443835453,1.0613411882956845,0
5,1,2781,2800,0.0048872324491340095,0.0103471917066021,-1.2292551061819255,-1.187762134899885,0.07228632870627126,0.9350114975117645,0
5,1,2801,2820,0.0044308820797724306,0.0075346164722025,-1.2658733284445225,-1.2018455708812086,0.05840218982627906,0.8685763573413551,0
5,1,2821,2840,0.007598014352995769,0.0116139495090089,-1.35561076095039,-1.3200873946504792,0.0076449828352954784,0.8555528910291115,0
5,1,2841,2860,0.004249966665597895,0.0093371181165137,-1.3718624829548838,-1.3324688729683616,-0.008506006012361865,0.866966525734207,0
5,1,2861,2880,0.0017621481392537549,0.0060663623090785,-1.3892230596828372,-1.3599513528122278,-0.010938859017789552,0.8992850933892893,0
5,1,2881,2900,0.00305620452144007,0.0060488780865155,-1.3938997064673064,-1.361017816989158,0.01622245133308204,0.930898391886337,0
5,1,2901,2920,0.0010383372425335849,0.005391774660341,-1.412418420765731,-1.368226303063545,0.018298279411345188,0.9385435053147988,0
5,1,2921,2940,-0.004466130134507885,0.007779342627988,-1.4341446007642953,-1.398139663190597,0.004900170207349866,0.913366550625115,0
5,1,2941,2960,-0.01669898258308461,0.0217220517752021,-1.4975813697450138,-1.4544614619450242,-0.010062320864963569,0.9332383735596412,0
5,1,2961,2980,-0.015287524134233005,0.0189542507287083,-1.4653095169345927,-1.4065945420761388,0.0020280072741811744,0.9037096732829035,0
5,1,2981,3000,-0.003988564337801693,0.0087016344327384,-1.4595356212933746,-1.4194338769132284,-0.021933358837559147,0.893634693934915,0
5,1,3001,3020,-0.00086330196503035,0.0047531378409973,-1.4400811960250115,-1.3918855173700595,-0.0003088110124507046,0.8979788757564495,0
5,1,3021,3040,-0.00390013576596301,0.0077508914688986,-1.454084358895086,-1.4047263597585755,-0.008874031393282359,0.8875939165828027,0
5,1,3041,3060,-0.007301538404332404,0.0098763988622721,-1.4642281823200516,-1.430841332913683,0.031124775862776333,0.8712531489727005,0
5,1,3061,3080,-0.007765463763166526,0.0108632294169318,-1.4932989263041785,-1.4666347916724831,0.012668547896340976,0.8416117045288327,0
5,1,3081,3100,0.0025431057798240317,0.0061445944451236,-1.5505698151007892,-1.493858135918352,-0.01372534335879515,0.8553294778098737,0
5,1,3101,3120,-0.008696063957888123,0.0142796355060228,-1.5772337357198458,-1.4711433938381535,0.005001915729557386,0.9482316962568091,0
5,1,3121,3140,-0.016668130712971678,0.0221321434214325,-1.5486542575219118,-1.4516975641938974,0.008347007409885844,0.8797969555498535,0
5,1,3141,3160,-0.017855110935215402,0.0226356715170043,-1.3628517265003848,-1.1961640541410867,0.08306148551920993,0.8713729326236475,0
5,1,3161,3180,-0.00183380071744219,0.0173880936638645,-1.285702146755346,-1.226948856824451,0.08206712158048303,0.8733947540080397,0
5,1,3181,3200,-0.0034527419212399997,0.0052954295163308,-1.2449764996519936,-1.22522194318695,0.1127355897165487,0.8516027068908718,0
5,1,3201,3220,-0.0027335920944167,0.0084796455639621,-1.2844965178288439,-1.233978910129796,0.20342262232436048,0.8631025542043471,0
5,1,3221,3240,0.011496021893566745,0.0171043600562587,-1.2729836131204781,-1.2412198800190728,0.1853294381969417,0.8298829897166818,0
5,1,3241,3260,0.012244275407149983,0.019982506784441,-1.2437989282659558,-1.1828408116635722,0.17535233250450927,0.846697567657132,0
5,1,3261,3280,0.013555419741950644,0.0209072008276482,-1.1677771978130396,-1.0869393406549464,0.22196170704850035,0.8774371451337988,0
5,2,1,40,-0.00871922066936588,0.0138918291490431,-0.6636513773622738,-0.4384914377224096,0.21135032508935767,1.2995414448707283,0
5,2,41,60,0.0034616171132801814,0.0137865472114638,-0.3725069748809492,-0.1980065936080383,0.20959169352327245,1.2154755152079075,0
5,2,61,80,0.002096613411142189,0.0077426759530956,-0.812770732169322,-0.463588706400603,0.13923552581754955,1.3821954530592486,0
5,2,81,100,0.00377025137632511,0.0216921346200988,-1.156369954141178,-0.8671040252112454,0.14627981792495276,1.4451039828495034,0
5,2,101,120,0.0023392017719111465,0.0086552461494291,-1.1105647879861016,-1.0491440456508987,0.09450498562818274,1.3893194376862552,0
5,2,121,140,-0.00030322723955245983,0.005641212938375,-1.0394132783825054,-1.0073156078949403,0.08925719003851282,1.3638702295943088,0
5,2,141,160,-0.02242930738047081,0.0334623045727469,-0.9750916734458436,-0.9465422532903108,0.1191128482293721,1.3463583107725408,0
5,2,161,180,-0.02935783163312241,0.0464699492588738,-1.0450221225067167,-0.949324444812184,0.11597107759730818,1.3488581633108565,0
5,2,181,200,0.0014218352953980955,0.0363361286098462,-1.0471413013360467,-1.0099731602896238,0.13174997257984383,1.2867075960557772,0
5,2,201,220,0.00779467421796382,0.0186073297930348,-1.0053311708964072,-0.9532822808314304,0.13613725975032026,1.2556776646271928,0
5,2,221,240,-0.015897846384711745,0.0255821051560641,-0.9935320663301809,-0.9461238499685378,0.1519754150034387,1.332143570583194,0
5,2,241,260,-0.029690374925516322,0.0412711069117587,-1.0328100422419624,-0.961234110232496,0.12012242110774722,1.3594374819587873,0
5,2,261,280,-0.011057935418852183,0.0254482468591414,-0.9663441676769373,-0.8883207555821732,0.1266346467748448,1.3589684835581126,0
5,2,281,300,-0.019175404978499518,0.0253600836650794,-1.0326242353455173,-0.9037127129918252,0.15957470193453385,1.374973790789666,0
5,2,301,320,-0.006830230460209484,0.0119880818569466,-1.1009435726152073,-1.0685245030357176,0.171255241997957,1.3630213335048162,0
5,2,321,340,0.01693205787029683,0.0256611071625769,-1.0870970738450367,-1.0644726203287724,0.17005777574773137,1.3555109501543017,0
5,2,341,360,0.005828995432646311,0.0181364235582915,-1.062658107103296,-0.9887449972664202,0.16629375281196815,1.3320768515353085,0
5,2,361,380,-0.011816685302601474,0.0244694941962089,-0.9563255108875917,-0.9233144208004777,0.16864066205022224,1.342069231087329,0
5,2,381,400,-0.025495435845474222,0.0317296793602186,-0.9692956524775509,-0.9253843228969356,0.1710110544892815,1.364803325906634,0
5,2,401,420,-0.02897718478647235,0.0344948384852863,-0.9808668641581877,-0.9335243363547732,0.1793544868696088,1.3819565143436165,0
5,2,421,440,-0.01881567054066809,0.0290068678083332,-0.9677606356381299,-0.9347876458786628,0.18321808080462623,1.3650659544763726,0
5,2,441,460,-0.0014995701583116327,0.010367519689834,-1.0183256386125796,-0.9347113274289665,0.14898804927794815,1.3367331432894913,0
5,2,461,480,-0.0012107892397267555,0.004755726652062,-1.0878255586115066,-1.0659145655273938,0.1327538368985049,1.3287901021082438,0
5,2,481,500,0.001992393912092153,0.0171754830238229,-0.9710126150836714,-0.922318641652342,0.12461875172469157,1.2453983090251004,0
5,2,501,520,0.008679096679594277,0.0538242085602376,-1.19254367767823,-1.056635810704586,0.22780200122356545,1.24505875623755,0
5,2,521,540,-0.028425634162988656,0.0443854169293224,-1.1503212545223467,-0.9067641150819872,0.2362612262947931,1.2100564663157303,0
5,2,541,560,-0.0014192087538138698,0.0109110896276429,-1.0788869258854963,-1.0136302469939662,0.14106697679712193,1.2412150445756622,0
5,2,561,580,0.0024289215561724277,0.0159962382344741,-1.085165437113971,-1.0197122958443288,0.14840759768393488,1.3061040601784386,0
5,2,581,600,0.0010580720067655991,0.0216949280043896,-1.1019204574207204,-1.0591508250295436,0.17516995125769835,1.314149093508006,0
5,2,601,620,0.0009676023625736251,0.0205050980857605,-1.0893303073458522,-1.0449538797610889,0.1850351453488402,1.348301263019486,0
5,2,621,640,-0.023977553746663563,0.0303220377136842,-1.1159511828022421,-1.0920837247043746,0.19663128635613147,1.3567216780487639,0
5,2,641,660,-0.004012533666813147,0.0237388345544513,-1.1213334551364094,-1.0954146300898333,0.17152335476015998,1.3581298667708017,0
5,2,661,680,0.017605787042462965,0.0236006360556707,-1.1339581629799294,-1.107139242691686,0.13879606601754352,1.3761799972911772,0
5,2,681,700,0.009115596156538995,0.0242473145316259,-1.1574243839727534,-1.102828823339692,0.1299119873243988,1.3659651656750413,0
5,2,701,720,-0.00472501556551381,0.0094000779148836,-1.1981043678185292,-1.147685009701305,0.13414994856663678,1.3533232528727583,0
5,2,721,740,0.00634959153243043,0.0106488191790822,-1.2563091058922553,-1.2354288979476602,0.10189343024346756,1.361910901215221,0
5,2,741,760,0.0034248487671197695,0.0101324137106476,-1.272748067072833,-1.2454398875475443,0.12194748695711602,1.3321778385896876,0
5,2,761,780,0.0028485622848969305,0.0084819471993421,-1.2726981607294205,-1.2466231563252412,0.1044990216891279,1.3413848716006185,0
5,2,781,800,0.0013595476591384162,0.0086258437911518,-1.2920989093993878,-1.2678415124947418,0.13119516510097767,1.3568647590914524,0
5,2,801,820,0.0034510617486862654,0.0131568335273938,-1.0964078993447486,-1.0383992168499716,0.12187008014066844,1.3654978421031687,0
5,2,821,840,0.00217663555303833,0.0056916869707861,-1.014347013497113,-0.9891104932774716,0.14805182079728552,1.3329405345500578,0
5,2,841,860,0.0028253062388576755,0.011169609638873,-0.9983998103747231,-0.965001485897482,0.1755327072850504,1.350925829408658,0
5,2,861,880,-0.013267141922241623,0.0291305372808264,-1.0288403194844504,-1.0011408040218774,0.1942326595851167,1.3657849011718843,0
5,2,881,900,0.01053189275764247,0.0160156029543587,-0.9980891166517057,-0.9242125877679598,0.17501295864944633,1.3233141760845626,0
5,2,901,920,0.007791467842602251,0.0123292062790183,-0.8680166536874724,-0.8263322561330103,0.18409161492729315,1.2639979814991669,0
5,2,921,940,0.006045444306932905,0.0087397514019805,-0.8403076133740817,-0.7960045410338082,0.1642893501500105,1.24852008588843,0
5,2,941,960,0.011584258189736666,0.0182690044060976,-1.010237192777589,-0.8949162789246137,0.16286597473041073,1.2854979393778971,0
5,2,961,980,0.008278631418192446,0.0136140721443125,-1.108822865419057,-1.0140356117431384,0.13606831502161904,1.3453178944983768,0
5,2,981,1000,0.00429697856868789,0.0150219994472125,-1.044447449045133,-1.0037918043781462,0.14444189082893077,1.2761614884182007,0
5,2,1001,1020,0.002465980536605005,0.0125024598228927,-0.9911615772594831,-0.944957012224524,0.16871694007324262,1.264631270432535,0
5,2,1021,1040,0.0028273999333145155,0.0166754716708038,-0.97104593322401,-0.8983076531763745,0.18063138787396232,1.2472242570520455,0
5,2,1041,1060,0.0037884242151819134,0.0080810129881091,-1.019949896346038,-0.9550801584232548,0.17560307920272827,1.2518887499656017,0
5,2,1061,1080,0.00342068537056592,0.01124483336546,-1.0828475100764936,-0.9344563089143854,0.15794852404326704,1.3219662163379797,0
5,2,1081,1100,0.005228529431607615,0.0112577827291851,-0.9636852493468948,-0.8901266754270697,0.18801424446120998,1.427237797771167,0
5,2,1101,1120,0.0016649997211671355,0.0063499336893182,-0.9804871083052957,-0.935017390290924,0.1595716051111507,1.381355094346389,0
5,2,1121,1140,-0.0055219835339885455,0.0110486340770413,-0.9615540812060038,-0.9234338107388672,0.1536687811069401,1.3223362983519849,0
5,2,1141,1160,-0.0027722254215065754,0.0062632963885549,-1.020863919752797,-0.979269592029765,0.14017197930703018,1.392742507759637,0
5,2,1161,1180,-0.005904742007728701,0.0104031436981629,-1.0097906072825533,-0.977892380938472,0.12598447350908432,1.3859505499864595,0
5,2,1181,1200,-0.0006848673656390288,0.004826890775966,-1.0548269428693533,-1.0231099918320905,0.12560053963795303,1.3949463947291707,0
5,2,1201,1220,-0.00062381109482731,0.0049252417350748,-1.0397758487534703,-1.0136038537298422,0.12086468190506294,1.383566804886741,0
5,2,1221,1240,0.00016726413230726497,0.0029195447071311,-1.058800204636226,-1.020372140667418,0.1033695667966498,1.3884194392593663,0
5,2,1241,1260,-0.0013899866244510349,0.0024008869376918,-1.0309152640708361,-0.9787945804324468,0.11052194609953356,1.4021404654632392,0
5,2,1261,1280,-0.0009942526405235402,0.006769561847874,-1.0505079842567873,-1.008579715761136,0.10384124922943598,1.3651392818979287,0
5,2,1281,1300,-0.00561035457723413,0.011208548181087,-0.9776324875812101,-0.8776752481389578,0.09390189385331094,1.3877523608909783,0
5,2,1301,1320,-0.013663665777332759,0.0179056056168166,-0.9346100629960592,-0.9046152866656992,0.08388399405846231,1.405126406928019,0
5,2,1321,1340,-0.01603543312812729,0.0204444480251718,-0.9297243983924769,-0.8892709907199423,0.09503667643828803,1.38813844203031,0
5,2,1341,1360,-0.015274555200530235,0.020484284415565,-0.9412058517263828,-0.9071754606426778,0.08769774021350413,1.4065987995090994,0
5,2,1361,1380,-0.02008570681846441,0.0285116645781745,-1.0193510805431114,-0.9580886159392492,0.0922150088988,1.4358282387944274,0
5,2,1381,1400,-0.01216394787142752,0.0211442393410634,-1.0595797138359204,-0.993559620400098,0.09170272001599637,1.4070182807329488,0
5,2,1401,1420,-0.018465627265263282,0.0312608848382262,-1.0889925796635973,-1.0453260400381592,0.09006335021971597,1.40892700934325,0
5,2,1421,1440,-0.035121618247834226,0.0451511602871441,-1.1027372643034048,-1.06339330667077,0.11223098953490833,1.4285824344228768,0
5,2,1441,1460,-0.015803236589031523,0.0401228589916846,-1.0013708548772429,-0.9480886215829424,0.11311433067865581,1.3784592190282883,0
5,2,1461,1480,-0.0042595260922041545,0.008200362356834,-1.0264870913391888,-0.9937397449725331,0.08511339761202433,1.3780696194812339,0
5,2,1481,1500,-0.004822749104520155,0.0092073115888713,-1.0013002672680342,-0.9609530588380556,0.0936792443481754,1.3954852785580554,0
5,2,1501,1520,-0.006500234775790241,0.0130485882849977,-1.041369087742509,-0.9836503441718047,0.10113896065300912,1.3791178453963684,0
5,2,1521,1540,-0.00422670889734294,0.0072389417062144,-1.0559670754346981,-1.0304007329103757,0.08860042760503131,1.3781454607842667,0
5,2,1541,1560,-0.0036287240996514874,0.0115157660460791,-1.047106169508281,-0.9984394440271026,0.0787481879280563,1.3891228120350643,0
5,2,1561,1580,-0.0020382578231104543,0.0164397831244672,-1.0027226870604091,-0.9438118116430658,0.10389320862485678,1.2714558126245534,0
5,2,1581,1600,-0.005815533108544925,0.0093963788514996,-1.0299683433002276,-0.996111381105107,0.11682000756011804,1.2472193612575264,0
5,2,1601,1620,-0.005688797314336905,0.0242173723172609,-1.0259711457417464,-0.964942627659567,0.09244919297074636,1.2626044630736266,0
5,2,1621,1640,-0.00772232106042575,0.0175709465512306,-0.8628779525069653,-0.8272390717668605,0.026238557810986607,1.3081546394856252,0
5,2,1641,1660,-0.007479069275437335,0.0222261830754672,-0.868797993716217,-0.8095667359524455,0.04025285735882292,1.3403250759703105,0
5,2,1661,1680,-0.026577541466048266,0.0359629386466409,-0.8440617314867405,-0.7626594287114633,0.04284470344583432,1.3743471172362203,0
5,2,1681,1700,0.0013704556321373815,0.0205515761118133,-0.8178341308319466,-0.7856997144022848,0.03188193596993287,1.3226761000664113,0
5,2,1701,1720,0.016449844565911684,0.0225035593494317,-0.985676306125197,-0.8626331468262181,-1.902488472253043e-05,1.3626163284746602,0
5,2,1721,1740,0.00342557657145585,0.0199006095605246,-0.998043020986856,-0.8823638560143523,0.034522396956825865,1.317187547589549,0
5,2,1741,1760,-0.00794612710991812,0.0152204811454842,-1.0101680714813175,-0.9357265590075996,0.0922007635604637,1.2700647936698473,0
5,2,1761,1780,-0.011378028129285301,0.0164795051961873,-0.992946031418086,-0.9484450856478696,0.09149467580037324,1.264514088560518,0
5,2,1781,1800,-0.006642239747685378,0.0161266124547851,-1.0382502800691968,-0.9835216908041078,0.09694395352697369,1.198828330280072,0
5,2,1801,1820,-0.00023959118158433504,0.0041938264452299,-1.0894787744648737,-1.045403909090603,0.10598420676416284,1.2075828567299263,0
5,2,1821,1840,0.0034715301511459794,0.0062794949106415,-1.0744834934099345,-1.0481378198413327,0.10880477533469295,1.217347150003929,0
5,2,1841,1860,-0.003803482749873377,0.0101827559840156,-0.9919658547298177,-0.9412491040418344,0.09857633428696386,1.2538346625665584,0
5,2,1861,1880,-0.012273238083922972,0.0194335168627334,-0.9985873254837975,-0.9345571096758766,0.08227769578615478,1.2553650345643566,0
5,2,1881,1900,-0.004777012725353985,0.0114143118690453,-1.0288910387532328,-0.9922224805182992,0.08453914108402097,1.265514624930121,0
5,2,1901,1920,-0.007911974412889735,0.0166064251408446,-0.9854555183550711,-0.9007073508819278,0.10430293274893898,1.3323776650769794,0
5,2,1921,1940,-0.0031960243286074767,0.0076753535627338,-0.9937247692842677,-0.9311988113992024,0.0775151722343144,1.4678136678413947,0
5,2,1941,1960,0.00713660895207094,0.011139774451718,-0.9170514112475351,-0.866549298441417,0.06478664851928476,1.410633043066812,0
5,2,1961,1980,-0.0015396651582531833,0.0039488880836994,-0.9162709330994208,-0.8628660712082029,0.08764280915995985,1.423988998497664,0
5,2,1981,2000,-0.0029427428391899054,0.0090722777445144,-0.9325466663400253,-0.8714823211581765,0.11927896185311535,1.470614614227491,0
5,2,2001,2020,0.0009035982697971449,0.0051551382303872,-0.9422666078404329,-0.8786115273630732,0.123024509158845,1.4133124100954795,0
5,2,2021,2040,0.0039951938814723744,0.0094739341605178,-0.9369424256034253,-0.877098124447162,0.1170446735405295,1.4235676709575973,0
5,2,2041,2060,-0.004698381193089189,0.0076946452060227,-0.9161934874394009,-0.8562286904979636,0.08627422858525545,1.3811848263227648,0
5,2,2061,2080,-0.0026281661141822604,0.0054618935034927,-0.9310403570679086,-0.8977004622263693,0.0743780489231913,1.4226359067701484,0
5,2,2081,2100,-0.006618211070566715,0.0106373050830674,-0.9745470755090505,-0.922072940982732,0.07135296367700289,1.4501957178162708,0
5,2,2101,2120,-0.003439951778572793,0.0115012372696022,-0.9055014558847319,-0.8836792988085223,0.05209941773228457,1.441279403531914,0
5,2,2121,2140,-0.00451750928339643,0.0085119050551356,-0.9099121526775024,-0.8903433278841272,0.056024163731647814,1.4370339394255212,0
5,2,2141,2160,-0.002688594252272165,0.0052131998724325,-0.9427366263854345,-0.9196491382496174,0.04862722201913848,1.434935478474546,0
5,2,2161,2180,-0.01038157043577779,0.0155999606622607,-0.9151836950269313,-0.8755084519484504,0.041104067064447226,1.459806993554086,0
5,2,2181,2200,-0.010085540191838995,0.016899423879437,-0.9736383689316431,-0.9301937172142304,0.06048253600986934,1.2858663802320907,0
5,2,2201,2220,-0.012092513013539636,0.0140522501143048,-0.9537401349810886,-0.926570872815145,0.09628550512861658,1.1809474299788223,0
5,2,2221,2240,-0.008831481648479241,0.0121543619274691,-0.934969352214803,-0.9232644976792752,0.09611036078978069,1.1714878483479105,0
5,2,2241,2260,-0.0035465555335551352,0.0096327976050652,-0.9204492243085252,-0.8765825334739119,0.11665260188392639,1.19237054362582,0
5,2,2261,2280,-0.0025118158016323,0.007157899133631,-0.9142343202304313,-0.8704441610880884,0.10584622077105448,1.2790846491014256,0
5,2,2281,2300,0.0025919105349885402,0.0062681797991087,-0.9634122060719029,-0.920390601955846,0.06871009792170618,1.4212039415987732,0
5,2,2301,2320,-0.00246730099999283,0.0092284370919565,-0.9168349956434421,-0.8578530681688208,0.048516342757526545,1.422451132342584,0
5,2,2321,2340,-0.009876509623926399,0.0129430538718614,-0.9095298518689114,-0.821177808631737,0.062001959275201676,1.4680908815964337,0
5,2,2341,2360,-0.011218554751327629,0.014196955939072,-0.9331785539629289,-0.8898563226723113,0.046276519850205616,1.4702478997460715,0
5,2,2361,2380,-0.006967604515375264,0.0109352341927453,-1.0009700071372112,-0.9745676052244986,0.05504002495487539,1.4651129433109076,0
5,2,2381,2400,-0.004682471799240504,0.007528655821703,-0.9946107659235865,-0.9472159759722664,0.057838896986474986,1.4666445018029726,0
5,2,2401,2420,-0.003213306597831765,0.0073695519260654,-1.0129655934573678,-0.9683371339226112,0.0536735414189564,1.5036916563146476,0
5,2,2421,2440,-0.002785135597970933,0.0090155641074343,-0.9743507790972566,-0.9492412702626788,0.06045182154873692,1.436682078506346,0
5,2,2441,2460,-0.0033496970706362052,0.0049067559189593,-1.0200851653733198,-0.9851033516105588,0.06315169895390119,1.401153803495433,0
5,2,2461,2480,0.001485550177733635,0.0066105462256619,-1.01160439230736,-0.9786942453209474,0.05700364445290936,1.4208648507161548,0
5,2,2481,2500,0.00321990597389763,0.0084102606205838,-1.021673148284766,-0.980889228526791,0.06147271909982817,1.449068880853369,0
5,2,2501,2520,-0.00118285301874448,0.0055582109785188,-0.9887833221423821,-0.9461677503175212,0.06598292339917247,1.4786870917572654,0
5,2,2521,2540,-0.0034162314164062355,0.0056356673205359,-0.9640081345877187,-0.9487516283187504,0.0780398131388274,1.459325099986009,0
5,2,2541,2560,-0.0032906364781461147,0.0061396620961202,-0.997971762440131,-0.9516448767445146,0.08340326970010406,1.4125552508474228,0
5,2,2561,2580,0.000914646388537577,0.0025710477510925,-1.027876965052673,-0.9872935504797418,0.07205250162758993,1.3993117383841227,0
5,2,2581,2600,-0.0007349735795911455,0.0036479940769285,-1.0259477821484533,-0.993110561205137,0.08816308774771296,1.4078952214720029,0
5,2,2601,2620,-0.003789958998062945,0.0059295362439547,-1.053631375938401,-1.0259150817121996,0.07956624201321759,1.404700796226517,0
5,2,2621,2640,-0.0002789609972659065,0.0038372201327521,-1.062871582509312,-1.035187323651737,0.07840287254745959,1.3937830782686285,0
5,2,2641,2660,-0.0045081700858547805,0.0068812476789514,-1.0785756721489383,-1.0469079477332504,0.06825114857906775,1.4086075524057748,0
5,2,2661,2680,-0.0026916251224379647,0.004843958021207,-1.020594426456761,-0.9963495131468584,0.06982511602365227,1.4307796054108453,0
5,2,2681,2700,0.0013647548148471252,0.0026807058270806,-1.0195414072878708,-0.9946486729631654,0.07931979694284458,1.4373357580608002,0
5,2,2701,2720,0.00744067768817049,0.0179059009614025,-1.11925753965992,-1.0893707555295953,0.07942516372641684,1.4690221390391958,0
5,2,2721,2740,0.007076785538856214,0.0115867402237465,-1.1434909313681003,-1.115651964235479,0.0768377372730986,1.4801126708866434,0
5,2,2741,2760,-0.0062298054212142455,0.0276202842041552,-1.1941165038045352,-1.1580003848408638,0.07264567455004388,1.4480065619734481,0
5,2,2761,2780,-0.001811111887679282,0.0230460476677428,-1.1034987639025584,-1.0669397414219577,0.08173243140016247,1.4336296658078205,0
5,2,2781,2800,-0.0031757873490454447,0.0096746894578857,-1.0926698024411172,-1.0550415268678983,0.07257721338018003,1.439408335781751,0
5,2,2801,2820,0.001167960399436728,0.0060558372020698,-1.1051825176645176,-1.0645815907430662,0.06086048120525049,1.4255629798326344,0
5,2,2821,2840,-0.009783184564266014,0.0304671826854531,-1.1504455822554884,-1.0765792632382696,0.047857059128024175,1.4639057507584687,0
5,2,2841,2860,0.003205042528989015,0.0108091061805295,-1.112457840118664,-1.088899893688254,0.05348693796012892,1.4476496529142286,0
5,2,2861,2880,0.003266232750918,0.0061807033837707,-1.1080466613814162,-1.0930732634605214,0.07182072734350814,1.4228935623202301,0
5,2,2881,2900,0.0015664253742279886,0.0070364730310977,-1.083094565999755,-1.0624729773848285,0.08461051658200215,1.4197433847994143,0
5,2,2901,2920,0.006294359218591279,0.0076399138083712,-1.1006640833961123,-1.0521178972126537,0.07473593187236255,1.4401823003653518,0
5,2,2921,2940,0.0053252911103652285,0.006691433496974,-1.0770359479545344,-1.0515746154575003,0.06725624711012557,1.4669844302347637,0
5,2,2941,2960,0.00611130791785948,0.0117854237056429,-1.0205291882979362,-0.9326019138700417,0.06287830041411825,1.3480317297957083,0
5,2,2961,2980,0.008480449697259616,0.012572502771574,-0.916696921759752,-0.8580863269893623,0.09270678360889333,1.4511971662340692,0
5,2,2981,3000,0.002508107442684795,0.0089297315973095,-1.021021340739826,-0.9576131317779,0.07342257508706501,1.4851399606345377,0
5,2,3001,3020,-0.005407273588867174,0.0097264862932247,-0.9868046454745543,-0.925405908090325,0.09584524789140408,1.5368766444497985,0
5,2,3021,3040,-0.0034706649839604496,0.0099963579010638,-0.965476030268835,-0.8746480306679785,0.08259651935375073,1.4600875580238535,0
5,2,3041,3060,-0.004421211429093801,0.010062107256504,-0.9258170210042078,-0.897871700264454,0.07520332058390064,1.5611622306450514,0
5,2,3061,3080,-0.0017387453778126502,0.0097007093844626,-1.0468914732295058,-0.9680587010824312,0.06071769974993999,1.565020475359384,0
5,2,3081,3100,-0.00226625042332037,0.0065361719855736,-1.0948009286000073,-1.033756527294646,0.08544226742092435,1.5757482990035494,0
5,2,3101,3120,0.00036785456806191004,0.0040270452791355,-1.1074661898166862,-1.0585622376418766,0.07980526581837727,1.578690883371987,0
5,2,3121,3140,0.00064493742404185,0.0025536566994429,-1.0960313192207747,-1.0619878617680325,0.07492885426937615,1.5581151324939841,0
5,2,3141,3160,-0.0009938673174477949,0.0045242318417818,-1.124113287144517,-1.0633025570774128,0.06781644661129647,1.5199980224507357,0
5,2,3161,3180,0.0011975922359736648,0.0042604594756333,-1.3949271243451364,-1.082162102361515,0.06956184316673128,1.7534353262690003,0
5,2,3181,3200,0.002246520406865016,0.0062435854925552,-1.089528612173508,-1.0384736243197144,0.07613312908529554,1.5152049588074168,0
5,2,3201,3220,-0.0013313839430204,0.0061270046002378,-1.0804224832257694,-1.0237910285009235,0.0854218837398835,1.4938892589653072,0
5,2,3221,3240,-0.008546679616800496,0.013739291241973,-1.0586713240868377,-0.9825491966813926,0.08883333195249014,1.478930687217967,0
5,2,3241,3260,-0.009486651296296734,0.0166384627939248,-1.0004858054284,-0.9583460932884182,0.09362700497445227,1.4919395276370793,0
5,2,3261,3280,-0.002356185914132965,0.0131845942214714,-0.9885441016571199,-0.8960771413054511,0.0967054966683904,1.4829442706722669,0
5,4,1670,1692,-0.01454168594362756,0.032870563392533,-0.8562445127201798,-0.7521482884468624,0.07516315914852825,1.4025227209656215,0
6,0,1,20,0.00580822447432623,0.0126561404254414,-0.9669269241048186,-0.8428125225863059,0.05076270748712515,1.3114940135107263,0
6,0,21,40,0.010747768095022609,0.0164619510937852,-0.9749255678444102,-0.9152152139590444,0.08186691482840518,1.2987680747893458,0
6,0,41,62,0.008420009028099832,0.0130412800494421,-1.0465690462078494,-0.8440666594159718,0.08618973603160447,1.3456828102671359,0
6,0,63,82,0.00563750099507338,0.0124364667442063,-1.0274511357179328,-0.9722325004135696,0.11087364984227029,1.3195560687592605,0
6,0,83,102,-0.0028559086077496,0.0123661314202031,-1.0426557367619234,-0.9656813180513936,0.11423147160472794,1.3194161724829783,0
6,0,103,122,-0.0016126717579897569,0.0045799568412633,-1.008511548457931,-0.9813732925682777,0.07735140328644148,1.316304154003428,0
6,0,123,142,0.01873620200177872,0.0246241207098756,-1.0325540459313418,-1.0034215381740896,0.11711362172634024,1.288979763651565,0
6,0,143,162,0.0347039924300282,0.055989514902535,-1.0096976404341595,-0.8129949803059163,0.1119757512919638,1.2766297104974633,0
6,0,163,186,0.02134547778556322,0.0434267534826686,-0.8586439190129864,-0.6658754847535009,0.08427033542069898,1.2391614515329545,0
6,0,187,206,0.04978065121083308,0.0644872528760137,-1.009227128681454,-0.8277249937764702,0.06817546554167267,1.336628026093886,0
6,0,207,226,0.045352338509759456,0.067345203190127,-1.2283278398622062,-1.1175833908127548,0.0343989698899231,1.3684296279905999,0
6,0,227,246,0.030599546276392792,0.0624083444797189,-1.3512060022808057,-1.327312046567538,0.019294532662065086,1.2980118842514914,0
6,0,247,266,0.06491494272316561,0.0677946150498631,-1.3359197109590792,-1.322274866453777,-0.017736577976030652,1.3131318655409678,0
6,0,267,286,0.07285377593767718,0.0750844509367687,-1.3488005471826119,-1.3281031010937976,-0.026323674892994798,1.2950326455443288,0
6,0,287,306,0.06105408259220274,0.0723592537322951,-1.3746053265805682,-1.3580334573089246,-0.025848678544231264,1.316119033292049,0
6,0,307,326,-0.0045887361335346846,0.0379567029169631,-1.4319056109823416,-1.3595189127077123,0.022368143488979128,1.3388024808597563,0
6,0,327,346,-0.009626885217181759,0.0129763190866435,-1.4227147771237416,-1.3929081875455012,0.037508231526203556,1.3154326968038048,0
6,0,347,366,0.022591072075676417,0.0688330059460387,-1.3979978982374932,-1.3570644946544412,0.023136593629121367,1.351523412818022,0
6,0,367,386,0.06715347140234598,0.0717151295547503,-1.3569050583256483,-1.3058046128137486,0.01701006807849908,1.36242974458209,0
6,0,387,406,0.06245852558542895,0.0710231472877821,-1.2888709089519137,-1.237743586477808,0.015159351676728739,1.309285279938329,0
6,0,407,426,0.053541485142444854,0.0690075799666299,-1.3029866163426995,-1.2569562115211252,0.030412731079522227,1.2456100401096581,0
6,0,427,446,0.05712059074476718,0.0629540987872438,-1.4222446972622973,-1.3691527619407466,0.04097983234641882,1.237586096295415,0
6,1,1,20,0.006426770329296565,0.0141212172060236,-0.7979398217751765,-0.6277663908459628,0.022896801836265683,1.2550929866461662,0
6,1,21,40,0.00884157904020293,0.0170944032655732,-0.7961548642868431,-0.7338339714651845,0.05696550855042254,1.2045234155957094,0
6,1,41,60,0.00474808078037187,0.0093561313345525,-0.8409381258412798,-0.7097636810666036,0.06456717874685097,1.2498446497651885,0
6,1,61,80,-0.001444073599753955,0.0034639777947371,-0.931787143032291,-0.8546155968779644,0.06782910621521078,1.2263131287630347,0
6,1,81,100,-0.0035866632184858452,0.0091620698673303,-0.8677439351434625,-0.7176787237388922,0.06642626140508616,1.2219966366483468,0
6,1,101,120,-0.00316478364233419,0.0071282753050969,-0.9215134101131188,-0.8829427043590188,0.029540418423976995,1.152501830358815,0
6,1,121,140,0.0172638672521357,0.0252850908712817,-0.9155218542040444,-0.8759091938981702,0.04896140833773275,1.1622800349790805,0
6,1,141,160,0.03557538199061236,0.0605820330870609,-0.8006606788883135,-0.714556041910119,0.096323770782065,1.2297364944207487,0
6,1,161,180,0.027887871512694933,0.0486479962352451,-0.7244805056616812,-0.3433146952015464,0.09664630612024422,1.194811875373831,0
6,1,181,200,0.03734154567595511,0.0633386297928407,-0.800710434669942,-0.3755256256184678,0.09294563586161227,1.2460110856468205,0
6,1,201,220,0.06232632089093476,0.0737525915452458,-1.1160336045617465,-1.0031577941186511,0.05062426254986455,1.4019420431763294,0
6,1,221,240,0.020388145666620578,0.053261859248246,-1.4107879370991065,-1.364878671669738,0.0009598105388036101,1.3224446418506026,0
6,1,241,260,0.06556605808325046,0.068085726600709,-1.4160244520024061,-1.397393510270329,0.016139308233488855,1.3329400717868185,0
6,3,373,395,0.06551529504379369,0.0709191650891585,-1.2929475409579223,-1.2266190867629856,0.04510950208509916,1.2652744687309279,0
6,3,396,415,0.06251902033159415,0.0734692467173462,-1.2317454462048283,-1.1877775080071973,0.04432991115031113,1.249991377856571,0
6,3,416,435,0.06538039324808681,0.069163006089193,-1.3325333522000982,-1.2095332272738528,0.03537732483308269,1.2805523777338297,0
6,3,436,456,0.056676301415949835,0.0685133900924525,-1.5043500294043315,-1.4570561242689417,0.028912251501389617,1.3429907072065321,0
7,0,1,20,-0.018185344381911692,0.0224051981774533,-1.0563813589192008,-0.9993828932476336,0.1390795989796362,1.1300880402001456,0
7,0,21,40,-0.020396544200487227,0.0255109671257164,-1.0206842157067284,-0.9892056022824114,0.13657678260074835,1.0952604689123668,0
7,0,41,60,-0.015339880152804219,0.0236774468987372,-1.033936720924454,-1.012467967061208,0.12164101281392718,1.0826558425154404,0
7,0,61,80,-0.019075576382675086,0.0285007300072332,-1.1185563617331868,-1.0524585120647325,0.12345556876915786,1.130540709174492,0
7,0,81,100,-0.03976110128742712,0.0812352692652103,-1.4306841654541977,-1.0820085762514349,0.17841414776793368,1.336975559184864,0
7,0,101,120,0.0026381118920755712,0.0209404098044568,-1.992561858521197,-1.4226710211383553,0.06882828182052593,1.7014875392969724,0
7,0,121,140,,,-3.0251592896392374,-2.036543837434159,-0.074880907146683,1.3184148903828226,1
7,0,141,160,,,,,-0.06701814500332157,0.6102884902469469,1
7,0,161,180,,,,,-0.17322249560102415,0.6179687231432424,1
7,0,181,200,,,,,-0.12762604063878374,0.5897946194463916,1
7,0,201,220,,,,,-0.11220822249080235,0.5846197466304007,1
7,0,221,240,,,,,-0.09090165997594704,0.609928646301007,1
7,0,241,260,,,,,-0.06428814121506982,0.6523752760691552,1
7,0,261,280,,,,,-0.060678629770302236,0.6984301090979862,1
7,0,281,300,,,,,-0.05001147568976565,0.8540673466104639,1
7,0,301,320,,,,,-0.05542648005514528,0.7745350060996504,1
7,0,321,340,,,,,-0.05877947871679194,0.7177050453454124,1
7,0,341,360,,,,,-0.054800656394320614,0.8844777242543195,1
7,0,361,380,,,,,-0.049492857751494646,0.8347722494005605,1
7,0,381,400,,,,,-0.1399615030088813,0.9038571036148324,1
7,0,401,420,,,,,-0.10868855029247863,0.6421032223581322,1
7,0,421,440,,,,,-0.05577820809091535,0.8721106981525004,1
7,0,441,460,,,,,-0.10270418773803316,0.7870255059773218,1
7,0,461,480,,,,,-0.13544724275717884,0.8263747455391897,1
7,0,481,500,,,,,-0.16027485982447326,0.8195890296568555,1
7,0,501,520,,,,,-0.13907576660440027,0.990460207388697,1
7,0,521,540,,,,,-0.1312389344739117,1.0591088904649377,1
7,0,541,560,,,,,-0.1669744192429683,1.0992663299689018,1
7,0,561,580,,,-1.9862569923330677,-1.9826277818864408,-0.13754091311367128,0.9267116734616858,1
7,0,581,600,,,-2.0240824388226333,-1.999468326512212,-0.13001889794207547,0.8317574097999886,1
7,0,601,620,,,-1.8364673326935157,-1.780198903853091,-0.10238269351328622,0.8084819555062369,1
7,0,621,640,,,-1.7635746272557682,-1.721174137616225,-0.1173229889422132,0.7862041629923638,1
7,0,641,660,,,,,-0.13264711645102495,0.7703827284062311,1
7,0,661,680,,,-1.92744989159604,-1.92744989159604,-0.1269545052422801,0.7739599277244869,1
7,0,681,700,,,-2.032152302614963,-1.969203349787902,-0.1555403115654838,0.8189884392106579,1
7,0,701,720,,,-2.0869479017725054,-2.009161100444062,-0.12071262137859273,0.8140816669629801,1
7,0,721,740,,,-2.0442202634368583,-2.0067717679846853,-0.10476031822588361,0.7834336664035016,1
7,0,741,760,,,-1.9704562421719019,-1.9642354088413756,-0.069495558578153,0.684898691098813,1
7,0,761,780,,,-2.1136797331177206,-2.090833505004445,-0.04179046632368717,0.6946659831551047,1
7,0,781,800,,,-2.0405704985391924,-2.0219803725010697,-0.052471583766917164,0.7162342667627521,1
7,0,801,820,,,-2.058498081893669,-2.04270073926746,-0.051895811719782955,0.6933843283968623,1
7,0,821,840,,,-2.054052046598741,-2.0296749008422337,-0.05584002804198316,0.6992357731052187,1
7,0,841,860,,,-2.109639298144974,-2.025010649022092,-0.03363160217960441,0.6681079561221213,1
7,0,861,880,,,-2.1710263479801304,-2.025361547421173,-0.025028708467355283,0.6603025617892576,1
7,0,881,900,,,-2.157585187453166,-2.134021607440883,-0.03591527068194415,0.6612258806078395,1
7,0,901,920,,,-2.1918448051969395,-2.154322474545938,-0.034223005607331124,0.7757445985262075,1
7,0,921,940,-0.05365568418297685,0.0562542669916225,-2.998509132378442,-2.292245099788748,-0.13764259665719453,1.7222866364665124,1
7,0,941,960,-0.023996389234256902,0.0494650814860091,-1.5786998930428142,-1.024145156338938,0.0545351872355931,1.4061261494418336,0
7,0,961,980,-0.00757728985545737,0.026654033527923,-0.7227109712005183,-0.5798807514551162,0.20543632452083696,1.2361558704800897,0
7,1,1,20,0.0001451415281254254,0.0035850119160327,-1.0641192531618475,-1.03018473808288,0.10752744232180278,0.8370327594023659,0
7,1,21,40,-0.00218994454165223,0.0061368127279023,-1.1179971410520355,-1.0396261714889237,0.10112185233013948,0.7778186106861518,0
7,1,41,60,0.007076078856070142,0.013597881018541,-1.1607626778485942,-1.1180137838727502,0.047788053027146456,0.7201946734531625,0
7,1,61,80,0.0009126242515916698,0.0082705662379816,-1.1378049397808496,-1.0833380379199586,0.07214198554881326,0.8801414089718808,0
7,1,81,100,-0.0020985676534550296,0.0087695836306613,-1.0577952464375477,-0.992755196773092,0.19827290644035728,0.9126420599172542,0
7,2,85,104,-0.044076360309263894,0.0694400819616865,-1.5204217513346177,-1.1171568784022412,0.09440246462160633,1.261516313510231,0
7,2,105,129,0.00024699295839211363,0.0494881507332876,-2.3375545300202196,-1.5828926360385522,-0.006241747201306593,1.8216903639961317,0
7,3,99,139,-0.004424401885856923,0.0261980538199043,-1.6982086909787573,-1.0765957633668235,0.11896325078217698,0.8509630290262528,0
7,3,140,163,,,,,-0.02617533186316821,0.45653439425527625,1
7,3,164,183,,,,,-0.07298073660699281,0.4756990839078423,1
7,3,184,203,,,,,-0.08160613633176536,0.4711550449524447,1
7,3,204,223,,,,,-0.05479181124824491,0.45642640623226577,1
7,3,224,244,,,,,-0.06866629931796611,0.4714069914863511,1
7,3,253,276,,,,,-0.012068687094150111,0.5651508409776288,1
7,3,277,296,,,,,-0.005227872507858516,0.4440617035327086,1
7,3,297,316,,,,,-0.012357913704691244,0.5269266069408124,1
7,3,317,337,,,,,-0.012378821518538526,0.6047143708496423,1
7,3,338,357,,,,,0.006844370462998845,0.5712145690657189,1
7,3,358,378,,,,,0.022046442254927533,0.7189239173116875,1
7,3,379,398,,,,,-0.0267689811410405,0.780197730036836,1
7,5,527,565,,,,,-0.04626967179595639,0.9528206395158871,0
7,5,566,589,,,,,-0.04239117986486639,0.8185139876290306,1
7,5,590,609,,,,,-0.04842666351859795,0.7958626871752859,1
7,5,610,629,,,,,-0.020573675831253274,0.8082543594733345,1
7,5,630,649,,,,,-0.04063787106406277,0.7337837571592349,1
7,5,650,669,,,,,-0.034878804518526166,0.7276980168811918,1
7,5,670,689,,,,,-0.06255489486868213,0.7487688094212785,1
7,5,690,709,,,,,-0.06687390863001101,0.8045406651167983,1
7,5,710,729,,,,,-0.033661771444657776,0.7748241853249546,1
7,5,730,749,,,,,-0.022789093737269395,0.714175371893298,1
7,5,750,776,,,,,0.004920838838228854,0.5249320951252031,1
7,5,777,796,,,,,0.006976349153921984,0.5872890598327987,1
7,5,797,816,,,,,0.006635884643642638,0.6848010873345693,1
7,5,817,836,,,,,0.00249236823285151,0.6855437658545668,1
7,5,837,856,,,,,-0.012642519293722477,0.6858426265850158,1
7,5,857,876,,,,,-0.017688872877267718,0.6448464542571875,1
7,5,877,896,,,,,-0.01075638031502824,0.6681281677444239,1
7,5,897,916,,,,,-0.009301979952411745,0.7527289913889126,1
7,5,917,941,-0.054489627256199526,0.0616538547503871,-2.8223041655312313,-2.246366458594012,-0.06498685884023617,1.236267390012848,1
7,5,943,979,0.0029179117939697103,0.0556104687897604,-1.5632302463209407,-1.0828110497337142,0.05101154463802156,0.8873034617657343,0
7,5,980,1002,0.01934420675740473,0.0337687458105331,-1.1795305979035247,-1.1176165335869226,-0.020658652608574093,0.4577331428248189,0
7,5,1003,1022,0.0021831543191302206,0.0126170867620976,-1.3066779660975498,-1.2087664414181611,0.03897333180012781,0.7083229136493278,0
7,5,1023,1042,0.0057632892448276195,0.0113604023701925,-1.4480014506553616,-1.4008441932641014,0.027888404368317837,0.8429033442571245,0
7,5,1043,1062,0.006062552431756134,0.0130502945944532,-1.3208648534782017,-1.195669269737925,0.11226384462556116,0.8988031703963124,0
7,5,1063,1082,0.05293336035390954,0.062181790885121,-3.278039727154268,-2.1787865401715307,0.3683390846807483,2.175589551788102,0
7,5,1083,1110,,,-2.518401694970166,-2.1439094713578464,0.3165465819732797,0.9807347885535987,0
7,5,1111,1131,,,-2.178968883260304,-2.111819444501944,0.24307147614183505,0.818575815936583,0
7,10,941,976,0.014407036506890139,0.0285495016611295,-1.2531992037479922,-1.066261404426063,-0.00930856981200644,0.386089910737331,0
7,11,965,984,-0.0011210906446929851,0.0151990850000122,-0.6603274351646868,-0.5408030308787395,0.1841672184865139,1.2968395839845483,0
7,11,985,1005,0.0030519662867858205,0.0103055923801838,-0.9169521493671817,-0.630240757795027,0.13690293690616093,1.6376815242007574,0
7,11,1006,1025,0.0037672305298208095,0.0131745972270835,-1.1002960724066218,-1.018502808123415,0.06637695615615162,1.520289181942672,0
7,11,1026,1045,0.011291337375235092,0.0161730169555384,-1.043209557278534,-0.985658147764994,0.10124203881048657,1.6511470006173368,0
7,11,1046,1065,0.017625890324186752,0.0547388540208479,-1.5018837598204349,-0.8934800749339278,0.10356351132908684,1.8349636041597208,0
7,11,1066,1085,0.0470840385235332,0.0470840385235332,-3.044825875160524,-2.311349981162993,0.22084934624384625,1.8889879649716204,1
7,11,1086,1105,,,,,0.12196107306959321,0.7549958769206069,1
7,11,1106,1125,,,-2.0172131396430015,-1.9009190933057265,0.11669454904042345,0.6306805628150148,1
7,11,1126,1145,,,-2.039363114587411,-2.0112760231557174,0.09153761125108913,0.6440383619986707,1
7,11,1146,1165,,,-1.9135129710078924,-1.8871014117260467,0.050973087303071804,0.6220227899868662,1
7,11,1166,1185,,,-1.9172572386172606,-1.869478204899368,0.054557511211491994,0.5693416398292768,1
7,11,1186,1205,,,-2.0131009765933263,-1.9695807565657375,0.03608695700696563,0.6354164335510558,1
7,11,1206,1225,,,-2.1836610785345827,-2.141562056052502,0.0105852047307031,0.701258138005893,1
7,11,1226,1245,,,-2.211376982681765,-2.16774567353966,0.031903325237721165,0.7346328753847019,1
7,11,1246,1265,,,-2.2520681839291052,-2.207035272068312,0.07866988766613711,0.8800887649137212,1
7,11,1266,1285,,,-2.1522492237790756,-2.058154058778586,0.07738155052870703,0.7967701174920487,1
7,11,1286,1305,,,-2.1421439700968983,-2.1297446561502644,0.07183260254071576,0.7848606749026015,1
7,11,1306,1325,,,-2.285869889723614,-2.2260247559013098,0.09534873622283542,0.7811780294541275,1
7,11,1326,1345,,,-2.297100646364134,-2.258848533155175,0.11180460382695175,0.7729883798509205,1
7,11,1346,1365,,,-2.2219977666787103,-2.174083525187085,0.12209945828658472,0.8331784173167469,1
7,11,1366,1385,,,-2.2602577891962405,-2.1779099633579078,0.06355157445941315,1.0075879731481567,1
7,11,1386,1405,,,-2.2455333736246663,-2.163844144243801,0.05833103674625726,0.8313014350484413,1
7,11,1406,1425,,,-2.1959520886268855,-2.043998790519564,0.06834300948165102,0.7620345587070319,1
7,11,1426,1445,,,,,0.07013118589359706,0.710175527333252,1
7,11,1446,1465,,,-2.28148331099474,-2.28148331099474,0.09008570608953172,0.7569508643853534,1
7,11,1466,1485,,,,,0.10874647105667508,0.8975823823143655,1
7,11,1486,1505,,,,,0.11308179736002655,1.0455804002080777,1
7,11,1506,1525,,,-2.249763384677702,-2.2360291464453548,0.09730331681944962,1.0323472009678671,1
7,11,1526,1545,,,-2.356783759426125,-2.289952901426312,0.11090183477204378,1.2206306345149143,1
7,11,1546,1565,,,-2.306234979788073,-2.2649364931813394,0.1010990655692765,1.182927628307354,1
7,11,1566,1585,,,-2.2921178915136853,-2.1824420748391486,0.13892735097514902,1.1092720263346494,1
7,11,1586,1605,,,-2.81518520925209,-2.346991865080273,0.22072986417364554,1.7563852690693864,1
7,11,1606,1625,0.011650808749465436,0.0363059438824924,-1.7882542773784422,-0.9474392240523912,0.023865264072012275,1.6483899174622745,0
7,11,1626,1645,-0.0033368568850509596,0.0129628655427181,-1.1598498893450742,-0.986278430006924,-0.007001772084987637,1.298754337741448,0
7,11,1646,1665,-0.0032830513718931998,0.013995760832862,-1.3643832480312512,-1.1895777979392133,-0.020899937928625018,1.3612335731905327,0
7,12,1051,1081,0.008502412430861795,0.0148206369444765,-1.3713899598945385,-1.1745021882740565,0.276025878795821,0.8818122893785878,0
7,12,1082,1112,0.00535206454349207,0.0144321184564477,-2.178148956366722,-1.7267400250492038,0.23715886563328242,0.8672523725096978,0
7,12,1113,1132,0.007011048576760199,0.0252035620208526,-1.9111132418304453,-1.5542715414070818,0.1026422300093367,0.7912832184685061,0
7,12,1133,1154,0.024849274953856717,0.0311189404145127,-2.5186300809815174,-2.296192595049905,0.07158680816334506,1.0344041764581149,0
7,12,1155,1190,0.021622503199897298,0.0307288267128532,-2.687360287536716,-2.5233063605405963,0.1256295021962425,1.0547421128771073,0
7,14,1235,1254,,,,,0.27077394874685484,1.0370174094853504,1
7,14,1255,1274,,,,,0.27354577795178614,1.143326459293561,1
7,14,1275,1295,,,,,0.26258772577731304,0.9730671383380345,1
7,15,1251,1282,0.009782261722675229,0.0274959883821854,-1.9315503338627356,-1.6217540315256784,0.19604025108815992,1.068747591271269,0
7,15,1283,1305,-0.0033046505345610154,0.0076294876323452,-1.6614789511725718,-1.5453356341945803,0.22881122810998727,0.9952938681825027,0
7,15,1306,1330,-0.0019171354185228838,0.0042413955509052,-1.5475636866559148,-1.5114215056709146,0.1691811969946902,0.8755575462397776,0
7,15,1331,1350,6.362403466604178e-05,0.0040637948450137,-1.5725386998024002,-1.517206536154306,0.17927235421389076,0.9147466776512395,0
7,15,1351,1370,-0.004486289407402629,0.0068065585193972,-1.5368210944376632,-1.5015037016286077,0.20359509055143477,0.9726180724538975,0
7,15,1371,1390,-0.0032449416700411253,0.0064777012778864,-1.6056867886684771,-1.573259795346903,0.19773857431275,0.9952804975421132,0
7,15,1391,1410,0.00017752481288960218,0.0048131780206505,-1.7428568422966844,-1.6121230638396131,0.202571101381257,1.0587959975878538,0
7,15,1411,1430,-0.0005886984042006951,0.0040512469739761,-1.8112163253773208,-1.721081986641829,0.2708874242389171,1.210319326975133,0
7,15,1431,1450,0.0022547282316313,0.0052024136960614,-1.7242505141176214,-1.6873038361108683,0.16637337991454937,1.1547165535636046,0
7,15,1451,1470,0.004207780797325445,0.0078602154308324,-1.6120457065804277,-1.5676648525930377,0.13544059607131104,1.0749601307633045,0
7,15,1471,1490,0.0015841185453920748,0.0043040854810077,-1.5566771708465763,-1.5109573345942604,0.15610834051556052,1.0582652040463134,0
7,15,1491,1510,-0.0004823589447793618,0.0046021830994834,-1.5194727469812328,-1.4757371274048898,0.1408871580044884,1.0584005118831414,0
7,15,1511,1530,0.00518322747784803,0.009779804223698,-1.6256704447213302,-1.5396862000042375,0.14535838074891588,1.1071936988878874,0
7,15,1531,1550,0.00565692078567834,0.0073369557068876,-1.5932476366794468,-1.562858930752228,0.17050127984775293,1.1749442478749146,0
7,15,1551,1570,0.008317486671856323,0.0115212349340329,-1.5983956518383005,-1.5401189509698745,0.19902847446237423,1.1127610918523734,0
7,15,1571,1599,0.010448129507669924,0.0201439488296429,-1.5790363028974563,-1.4149760364354376,0.12659828279373778,1.0529641802949428,0
7,15,1600,1621,0.020200130116902464,0.0282552169067907,-1.1212297201374735,-0.9488002831437794,0.07031189567222479,1.0403525173017558,0
7,15,1622,1641,0.0018392805141183755,0.0156932165004508,-1.3009953279501856,-1.140988906692533,0.09974227384703267,1.3838632257474317,0
7,15,1642,1665,0.00194952033532076,0.0149205863272907,-1.3409593644356854,-1.1706999515324965,-0.061503751641295054,1.3714988250057636,0
7,15,1666,1685,0.013411333292187199,0.0202254213830558,-1.3271442095160542,-1.272677280126068,-0.222502449808323,1.1762508321959522,1
7,15,1686,1705,0.027892685796041115,0.0391581653264651,-1.2752587346484792,-1.1730355668369064,-0.21901552574131894,1.1479092471565435,1
7,15,1706,1725,0.036613345871495104,0.0427305666690106,-1.3974243549011192,-1.3037623173591772,-0.19116829148364076,1.3723097148758305,1
7,15,1726,1745,0.0312724389596702,0.0356259838085734,-1.4922785475575306,-1.3475966278111748,-0.16709080404562032,1.4335931327745246,1
7,15,1746,1765,0.03509250118126679,0.0407657890164896,-1.3058573119137908,-1.2369134797938703,-0.19995328293210135,1.2882388830808797,1
7,15,1766,1785,0.03982244178289313,0.045225506908365,-1.272281764054146,-1.2358670168528147,-0.21521048855036287,1.2584861759363106,1
7,15,1786,1813,0.038661512918064314,0.062871674993899,-1.2781113692001573,-1.2182658029953,-0.23028266349865723,1.311769264212979,1
7,15,1814,1833,0.036983646367443834,0.0484472333258933,-1.2592784694135533,-1.1937921037680337,-0.23821416873231213,1.3540481494041283,1
7,15,1834,1853,0.04165943346901409,0.0486202670856245,-1.2989693709229329,-1.2387649600701467,-0.27276024907663676,1.2472676271919223,1
7,15,1854,1873,0.04995687319612585,0.0547564228378752,-1.232266211252733,-1.1859093480086809,-0.28802190540531464,1.1709173954886554,1
7,15,1874,1893,0.040945396939268325,0.049046132325705,-1.241775560002607,-1.2056457747136076,-0.29598132906544233,1.1887711903380789,1
7,15,1894,1913,0.04303161238642301,0.0478443019926684,-1.2249765594425075,-1.199731494633083,-0.23055018051260898,1.1993399725099576,1
7,15,1914,1933,0.04482295536429641,0.0513766565019477,-1.2155330360176673,-1.1754009928033036,-0.20882538821688706,1.1919034188768651,1
7,15,1934,1953,0.042859978678586444,0.0537835135068356,-1.2327930774619966,-1.1905690500262354,-0.20856916350784277,1.2309842231178625,1
7,15,1954,1973,0.035424011672348196,0.0423325427964416,-1.2723253280814018,-1.2306330439870747,-0.2263182666475152,1.2304037627325264,1
7,15,1974,1993,0.03172991854918653,0.0397936765312638,-1.27158857818185,-1.234755354080464,-0.2320835359034145,1.274999100089023,1
7,15,1994,2013,0.013014874836069579,0.0347332910048449,-1.3904391061386192,-1.247414998648794,-0.14542159074828181,1.3008195197978654,1
7,15,2014,2033,0.003045743474916425,0.0203307740077211,-1.491667183591012,-1.3541218669089314,0.019296794525353177,1.2593571571953932,1
7,15,2034,2062,0.01740854463242897,0.0243810939229437,-1.5584209717316664,-1.419071082633938,0.2685891802285051,1.63594969140098,0
7,15,2063,2082,0.008809151084933294,0.0189956124486336,-1.548349106986167,-1.289807675589346,0.15782068375793318,1.491089584052712,0
7,15,2083,2102,0.014215986413026507,0.0235475239382286,-1.3929608548511943,-1.2723899817069837,0.025947280220776726,1.295968791772299,0
7,15,2103,2122,0.014742597460136713,0.0235241033592456,-1.3483626509251796,-1.2998719264245224,0.02823978264798944,1.2499791515341405,0
7,15,2123,2142,0.003965685230512132,0.0158484581277622,-1.3265362024631604,-1.3053861136356246,0.09674536454263774,1.2435860951327278,0
7,15,2143,2162,0.02061810704123377,0.0285454682426957,-1.4568472959166028,-1.3776413877633156,0.07166739247416981,1.2974887859882904,0
7,15,2163,2182,0.022929815060386195,0.0281393302357572,-1.3991451441426157,-1.2916593675899322,0.049004871565094095,1.301402260284715,0
7,15,2183,2202,0.017584930967291725,0.0222158448022037,-1.3316588999933345,-1.2696718214720488,0.06095151627438158,1.2862478174370102,0
7,15,2203,2222,0.01801128000953815,0.0288184039690963,-1.3634168979607815,-1.3249227360473188,0.08143140498174323,1.305669713825551,0
7,15,2223,2242,0.019749611489160643,0.0319817063675062,-1.4338811389440473,-1.386094046264695,0.07769614859283033,1.3273946009180053,0
7,15,2243,2264,0.005649770734555014,0.022360499629932,-1.6150714785552842,-1.3388147708315106,0.4780797093840932,2.0051173405225056,0
7,15,2265,2286,-0.007024008729116541,0.0319639828394692,-1.8236638372985472,-1.3461068483589338,0.7050076069933875,2.4052731567276457,0
7,15,2287,2309,0.02444301760942895,0.0318208778482325,-1.3543051705794373,-1.1462955171886824,0.03952720461465477,1.3963687963020515,0
7,15,2310,2329,0.0320941997040927,0.045500235286465,-1.4107470519139476,-1.2842302461030528,0.04416692893930152,1.4157816733734505,0
7,15,2330,2349,0.009609664072433435,0.0282350492858375,-1.3807137899935968,-1.258481595750261,0.0587188766006822,1.3904073147708211,0
7,15,2350,2369,0.030713542094736278,0.0356773568844653,-1.3999068769689997,-1.3022875187167362,-0.046504663217665526,1.431630771948931,0
7,15,2370,2389,0.024414437883864746,0.0386022217771135,-1.4520337796949858,-1.3375955548653171,0.02328632012283785,1.447181202750377,0
7,15,2390,2409,0.021869438419532133,0.0274840737484796,-1.3642397134703972,-1.198166654484171,0.009278374800639122,1.4194633324991728,0
7,15,2410,2430,0.016567686629550157,0.0238185773219528,-1.2751239162945238,-1.1183714404772835,0.13090899954958005,1.386362741823934,0
7,15,2431,2450,0.024353368853119787,0.0376957149049109,-1.3517802162687798,-1.1542267670470894,-0.004642932103572496,1.3853388065141248,0
7,15,2451,2470,0.04258503083467005,0.0490572847789877,-1.4875299839028415,-1.3613049753481823,-0.007455049130910364,1.3945051198237441,0
7,15,2471,2490,0.03244168815851622,0.0454709055230694,-1.473015781910109,-1.4022718071553422,-0.00674535096442417,1.3959449426419497,0
7,15,2491,2510,0.021407508397944003,0.0297123222466829,-1.325284973422571,-1.164285440827409,-0.02045256850384981,1.404560729848872,0
7,15,2511,2530,0.021370302291926716,0.0243491061221312,-1.3417019486747868,-1.2213777082702786,-0.04889909443787751,1.3925276532652373,0
7,15,2531,2550,0.02465128726568331,0.0314399267807368,-1.3525906357784794,-1.217292143076638,-0.03509448449455687,1.410348265486117,0
7,15,2551,2570,0.019118345996507434,0.0272916188049539,-1.3214044288560216,-1.17729540073961,0.00922519483375256,1.4041773262458572,0
7,15,2571,2590,0.0012346960910070003,0.0229982813889201,-1.4631666761708704,-1.2092309523153848,0.07830848435196583,1.5976473275206082,0
7,16,1320,1340,,,,,0.2800931848998971,1.0735983250093044,1
7,16,1341,1360,,,-2.50794440956998,-2.434390464625319,0.31626797369507,1.0678331817821567,1
7,16,1361,1380,,,-2.543667560968957,-2.5131805693623623,0.297268981115268,1.1995919298344226,1
7,16,1381,1400,,,-2.3764467613649494,-2.3682100506752466,0.2664275393849271,1.0784079029508455,1
7,16,1401,1421,,,-2.455053239356099,-2.455053239356099,0.2759050989823412,1.0048355630390282,1
7,16,1422,1460,,,,,0.25615563081484605,1.019973878057814,1
7,16,1461,1480,,,,,0.268117350904989,1.0976899446663568,1
7,16,1481,1500,,,,,0.25268590676419356,1.2948962135500939,1
7,16,1501,1520,,,,,0.24507669370821397,1.2708172331881404,1
7,16,1521,1540,,,,,0.22105614360236875,1.385256813611575,1
7,16,1541,1560,,,,,0.24076144425474885,1.4541063954999656,1
7,16,1561,1581,,,-2.653503274316397,-2.579965360588364,0.2871601823926836,1.4378348398042025,1
7,16,1582,1601,0.0515438053708938,0.0515438053708938,-3.176199183126298,-2.6354833776657367,0.4821434668118746,1.772348468485403,1
7,16,1602,1621,0.045119615417098455,0.0860895078041571,-1.9350492957820442,-0.8148197828790044,0.27155995859963306,1.8320562259738389,0
7,16,1636,1668,-0.00569645275390287,0.0221858320968643,-1.2693924382995077,-1.1516588551879996,0.08071527195313302,1.4238701988322873,0
7,16,1669,1688,0.0018399891832925452,0.0094221135119703,-1.1379104820706387,-0.9700382177242466,0.028331736408610343,1.3620827789957075,0
7,16,1689,1708,-0.0040179431136333895,0.0221547712093221,-0.9935999380827105,-0.78411124333182,0.07273583125789047,1.3024852549397852,0
7,16,1709,1728,-0.0033996693449959,0.0247881230093029,-1.1155956070299524,-0.9902227772592508,0.10833979446820399,1.2866098041697298,0
7,16,1729,1748,-0.00395545131465706,0.0113120825119995,-1.0434909265195118,-0.9760613961328028,0.029925452353063098,1.2937072873854518,0
7,16,1749,1768,-0.01268933192646507,0.0266793172384817,-1.1789352518044687,-1.086129620796901,0.07776905588539604,1.2973921151864214,0
7,16,1769,1788,-0.0028517203637181995,0.0094804980731118,-1.165616737818045,-1.0663620067881925,-0.0017240035905913998,1.321219510723342,0
7,16,1789,1808,0.01516602890988864,0.0444516460071835,-1.2589737269036516,-1.1222889647710423,0.015112578562209128,1.3680414924748114,0
7,16,1809,1828,0.006163976624124331,0.0373064969725896,-1.1716546793552882,-0.9840769323525864,0.10469956316796862,1.3152647092134537,0
7,16,1829,1848,0.01430913917754908,0.064881469567843,-1.3048287068076083,-1.113685464001943,0.008728462128649521,1.39780173116762,0
7,16,1849,1868,-0.012767123994904811,0.0289133969694189,-1.0913317193026375,-0.7736655001762793,0.09452415268332692,1.3606167553289172,0
7,16,1869,1888,0.0004835035413040447,0.0155732714778106,-0.9965960563930698,-0.7952893642751011,0.10227414443768065,1.3839321477191284,0
7,16,1889,1908,-0.00127752432503771,0.0147090042939593,-1.07007962064468,-0.9938998563893504,0.13405763459510012,1.395163269564553,0
7,16,1909,1928,0.00540312465497176,0.0178552903181394,-1.1299793448452156,-0.9718543375237664,0.11092797159565695,1.3986364025179019,0
7,16,1929,1948,0.005973745514636928,0.0174570582313316,-1.1171961235868206,-0.9191517260118726,0.06525508097457006,1.3960161411292369,0
7,16,1949,1968,0.007386323680842954,0.0134888263776455,-1.108109270570008,-0.9766415539939892,0.0813154095819431,1.373890229353872,0
7,16,1969,1988,0.006648627209490191,0.0114879604130089,-1.2574921818788178,-1.1522891697415945,0.03453947434505041,1.3221221996054229,0
7,16,1989,2008,0.00851675779977537,0.0142235392606404,-1.3394649236498466,-1.1932351474876548,0.03175874550805813,1.2911174135661532,0
7,16,2009,2028,0.009124289761159924,0.0167548234100069,-1.3441932693605547,-1.2746718656922638,0.036966429269461046,1.3255244357068219,0
7,16,2029,2051,0.008978448573199242,0.0147716728988123,-1.6215621013104768,-1.3533365754061026,0.15678331045209146,1.7325954910244916,0
7,16,2052,2076,-0.0007180126577670599,0.0120929374456148,-1.6354554773492798,-1.178721996801168,0.6106263445979979,2.0436233774672052,0
7,16,2077,2098,-0.014846830624224885,0.0236741975037122,-1.3803698804520388,-1.2583812098919578,0.38718854594378127,1.1879662333136356,0
7,16,2099,2118,-0.007814089175982836,0.0127175424728296,-1.547150839191386,-1.3583192778808746,0.2844215886200928,1.0342370922520243,0
7,22,1775,1801,0.030570339151632465,0.0535789219363945,-1.299235301579667,-1.2143806530138954,-0.2683875358808104,1.1853192662588894,1
7,22,1802,1821,0.04329437355661776,0.0603484528708256,-1.349956868134515,-1.260924962713548,-0.3725535461725647,1.33914813039835,1
7,28,2107,2149,0.00631623633795609,0.0300187643944903,-1.4634018663586459,-1.2401011601565552,0.004757280379414577,1.3040379775333713,0
7,28,2150,2172,-0.008663295885565494,0.0130134087880299,-1.1576806432491016,-1.056622069411636,0.43443431980605335,1.2564048919568995,0
7,28,2173,2192,-0.005583445244573179,0.0102185753135849,-1.238251072521429,-1.1283432541707743,0.4585914143181776,1.3206422804379159,0
7,28,2193,2212,-0.0018246313750285806,0.0110927916075791,-1.372991495639503,-1.2490400551463412,0.44655754478231524,1.4754923465476941,0
7,28,2213,2232,0.004613529640191824,0.009826154285246,-1.3124678733407862,-1.2262806689766994,0.45019289959974484,1.3699923944501544,0
7,30,2211,2246,0.00664180533466842,0.0129184199797002,-1.5335337414449648,-1.4470154789714156,0.05103130346680741,1.3338859312741174,0
7,31,2287,2315,-0.022878552761705966,0.0320327833434577,-1.2739775611736477,-1.1571499814907509,0.6442559791129707,1.6783464607723826,1
7,31,2316,2335,-0.020676673908812927,0.0335496124743436,-1.2901842267593202,-1.175555861899948,0.6436852922408258,1.6153099050247062,1
7,31,2336,2355,-0.019391453438173827,0.0277396113007297,-1.1806659892819673,-1.081345359846238,0.6999952495995853,1.6464134970021749,1
7,31,2356,2375,-0.0127656547741784,0.0188051096172992,-1.2155510784086667,-1.1626982280664913,0.7401557700336958,1.7132249299703937,1
7,31,2376,2395,-0.011807314194216675,0.0134990734003797,-1.1891356074992778,-1.141516810265763,0.7671569581108849,1.6995551148860595,1
7,31,2396,2415,-0.010780075759003095,0.0160149082718462,-1.3934505084310007,-1.3286321821499196,0.694693455024463,1.677842856377124,1
7,31,2416,2435,-0.01888617667623347,0.0252051392349584,-1.4237441435945706,-1.3487747475948748,0.6972854613322218,1.623852839193241,1
7,31,2436,2455,-0.027219188664664978,0.0317505427274521,-1.4501993717260269,-1.3724206006109865,0.6883652442236896,1.7063504933634992,1
7,31,2456,2475,-0.023697238033918298,0.0319736109862124,-1.3926240382611006,-1.32228808119451,0.612992892270994,1.644369509641825,1
7,31,2476,2495,-0.022906071416709847,0.0349649063853259,-1.37292992773116,-1.3159224199694397,0.6504789811574339,1.6948034362009292,1
7,31,2496,2515,-0.018759876293757742,0.0250518930643154,-1.4286303667558073,-1.3566555989747358,0.6616295308103537,1.8047540898395482,1
7,31,2516,2535,-0.01401143208198991,0.0216822362468708,-1.46188403277641,-1.3469436320404609,0.6811481361761001,1.8296873994961438,1
7,31,2536,2555,-0.018788340345039366,0.0270620219394677,-1.3744054880167134,-1.1956259389239698,0.6330783850131543,1.7881430633558661,1
7,31,2556,2575,-0.01442752899965562,0.0255261935978746,-1.3277296769058569,-1.2161037179359102,0.3867202048474364,1.6088831835516288,0
7,31,2576,2604,-0.005789254059462954,0.0269958051769715,-1.4568164180180907,-1.3454044939254806,0.012446510496240275,1.3559401875924855,0
7,31,2605,2624,0.0011302716932960948,0.0075508574013599,-1.510065523177336,-1.433166287199579,-0.05705232940010106,1.3106158829245544,0
7,31,2625,2644,-0.002357715820391695,0.0046534889374563,-1.5384385245147694,-1.4948544798467898,-0.04262004660919223,1.3458936349458217,0
7,31,2645,2664,-0.0008935442324338249,0.0043908084510583,-1.4981721104443682,-1.4301027238779191,-0.030811015396703233,1.2361632409870884,0
7,31,2665,2684,0.000923214966089715,0.0060602221110048,-1.4356499873479691,-1.4028394370315669,-0.0454636461751826,1.1868454703045033,0
7,31,2685,2704,0.00191595148235904,0.0083787617871925,-1.4522766169511665,-1.3991305426102745,-0.04654325923137502,1.1739688501355658,0
7,31,2705,2724,0.0043756773893084905,0.0088417417014549,-1.6011969582091328,-1.538376213208399,-0.061585490589488014,1.1668159098238586,0
7,31,2725,2744,0.00269891841048055,0.0067085375286907,-1.6284301502028935,-1.5832250003915649,-0.03586526170558576,1.0907982257783915,0
7,31,2745,2764,0.00023292735918240584,0.0073675674507695,-1.6928076010154982,-1.6473917576117374,-0.04575517402605441,1.1298910566617075,0
7,31,2765,2784,-0.006508990702053989,0.0095355215729374,-1.6502875894680737,-1.6217039967932243,-0.017215349633161087,1.2228283504569841,0
7,31,2785,2804,-0.0011632438017724351,0.0064671889543903,-1.6478152526711873,-1.599503423736932,-0.03400642240791329,1.086142059979741,0
7,31,2806,2825,0.00284781648954074,0.0101959716741395,-1.6485107335644766,-1.586915776410171,-0.03449625639540043,1.0742974004538395,0
7,31,2826,2845,0.010216753119867755,0.0145529852120022,-1.6664160768814824,-1.6339035446993588,-0.04972422543906228,1.100019917519865,0
7,31,2846,2865,0.003608384823456548,0.0133470400739677,-1.6096481622025938,-1.5416328547947724,-0.010282035761995234,1.0314695405199692,0
7,31,2866,2885,0.001427594398127045,0.0075157672647587,-1.5406690708205677,-1.5076935289943183,0.008757659631127979,0.9969810601131426,0
7,31,2886,2905,0.00486494636555418,0.008061074302377,-1.656927231152017,-1.5620975084796689,0.01206004955702988,0.9972377117892892,0
7,31,2906,2925,0.010950026794068066,0.0213093229176541,-1.6847224790578816,-1.6204295147206065,0.007106877013294395,0.9603572136434047,0
7,31,2926,2963,0.003409611930858455,0.0103459458136518,-1.7015030383481817,-1.5866323669951086,-0.0035165130178176443,1.095270325496518,0
7,31,2964,2987,0.011261200951649886,0.0152299109714978,-1.7191847840984817,-1.682593494228236,-0.025967939008307368,1.1825169179616448,0
7,31,2988,3007,0.010259649965484084,0.0182642981676037,-1.7931842699714948,-1.6932635052509326,-0.00853772293881952,1.172665960565698,0
7,31,3008,3028,0.005890111100258892,0.0129148515149463,-1.7753727360496292,-1.7335453572987571,0.0036279375702924833,1.1452111086722154,0
7,31,3029,3048,-0.0002081635418035599,0.0067940863612491,-1.7804296207765709,-1.728367996703321,0.018617426321907188,1.1373382266855192,0
7,31,3049,3068,-0.0033712990262623143,0.0082015795542654,-1.7776794452979208,-1.6913757849884965,0.03398883161481478,1.1449453858272878,0
7,31,3069,3088,0.007673306794268561,0.012780386674464,-1.6858026603922986,-1.6200702165364629,0.006626758722051535,1.1491998810781188,0
7,31,3089,3108,0.010017738452254907,0.011554872674492,-1.6917891144126127,-1.6605711740709612,0.003317817289735049,1.1390019253404495,0
7,31,3109,3128,0.0077439509561302395,0.0118697838408783,-1.6761001449951567,-1.6156655627045613,0.01015773533387603,1.1077430234370955,0
7,31,3129,3148,0.0018362719257036132,0.0072505807563418,-1.6570882731453924,-1.5301772034753285,0.01966798427849221,1.0304078471294915,0
7,31,3149,3168,0.0012501456481835733,0.005618865919684,-1.6429238695441701,-1.6151882726202482,-0.018181945542478144,1.006909583343559,0
7,31,3169,3188,0.00043946239453240994,0.0047659605095847,-1.6583639737739797,-1.621723027278616,-0.03429122467497641,0.9925157609838801,0
7,31,3189,3208,0.00180382924834132,0.0044130738028375,-1.6466750454385557,-1.6079674563314124,-0.04347831186906154,0.9195210785763901,0
7,31,3209,3228,0.007001499643332856,0.0110491586852197,-1.6952849051676353,-1.566052636873981,-0.0908866226425423,1.2035471557555035,0
7,31,3229,3248,0.0007767298356391249,0.0077895571289954,-1.5227557250949746,-1.4658257224591584,-0.01108145487152164,1.1079984010387942,0
7,31,3249,3268,0.0031990460718096447,0.0098972035467212,-1.5106705103241445,-1.4137341449518726,-0.021111097908784633,0.9941197337968031,0
7,31,3269,3288,-0.0007555282430909788,0.0091301955432102,-1.4260509964816812,-1.392241291514551,0.017314300969090316,1.0305308130169273,0
7,31,3289,3308,0.005389000195245771,0.0137164262474886,-1.5420909070506932,-1.4470532944656715,-0.02985372673935873,1.0065415778628963,0
7,31,3309,3328,0.001680920174304715,0.0065634229420436,-1.5423684383319318,-1.4891648067232393,-0.03985057961170226,1.014159538992669,0
7,31,3329,3348,0.01082759415656635,0.0188115563956167,-1.5239213548095476,-1.408492574906922,0.014927015264314203,1.0858106377257088,0
7,31,3349,3368,0.010996677699476149,0.0160294638532879,-1.4522529825193682,-1.411898318543761,-0.013886210463084506,1.0706296618223006,0
7,31,3369,3388,0.011830626546029305,0.0173342118887372,-1.5395219376431266,-1.45357280979982,-0.015616263305110489,1.197890866368675,0
7,31,3389,3408,0.004299448183840244,0.0134795921350066,-1.4698367862054096,-1.3882370678377545,0.0067250268839970095,1.1123292026377747,0
7,31,3409,3428,-0.0015677923214716897,0.0104227546021656,-1.5121283516710582,-1.414646596120649,-0.00357478902579427,1.1407167195904526,0
7,31,3429,3448,0.00336120003663528,0.0093068804090167,-1.5594132018969054,-1.482917490968389,-0.01770322429941897,1.0661532401057738,0
7,31,3449,3468,0.006563149629151224,0.0160961083778414,-1.4863838905190392,-1.4236506834365998,-0.019830101228574988,1.1036398939026284,0
7,31,3469,3491,0.0129601515872497,0.0172173699042031,-1.5924586414547002,-1.4056351769574682,-0.01383042041905622,1.1958544907594306,0
7,31,3492,3511,0.0052620117489427755,0.011771531367339,-1.5077624597321138,-1.4296081598940842,-0.01608255570453161,1.0858663943661955,0
7,31,3512,3531,0.008595034849859993,0.0183416683906629,-1.524925485371597,-1.390347716020456,-0.0008068028837782298,1.076499864829735,0
7,31,3532,3551,0.006386765623549964,0.0131356410666845,-1.5037996022793938,-1.372574603020974,-0.009369103891517601,1.1473030048891837,0
7,31,3552,3571,0.01174815900930358,0.0202422564417019,-1.5048557373264027,-1.4016835072021123,-0.037970929587855,1.0934853793112893,0
7,31,3572,3606,0.012798128099700596,0.0211680655415621,-1.4968850298807235,-1.4062883223831142,-0.03418594315640523,1.0993217624352223,0
7,31,3607,3638,0.012036636450853866,0.0218000033838739,-1.5157595788963554,-1.423323630022606,-0.032286484053387375,1.1362640229662317,0
7,31,3639,3658,0.005102268957571251,0.0084612341406083,-1.5402139069011553,-1.4570180616152788,-0.022946317866541714,1.1068780480621068,0
7,31,3659,3678,0.010541584465932594,0.0141699842830689,-1.5709278117034293,-1.524662468964332,-0.015913091889496214,1.1111703243479538,0
7,31,3679,3706,0.0037749588636329253,0.0087533516497929,-1.5171801101135407,-1.4072470365673069,-0.0037802565342896248,0.9543618171160604,0
7,31,3707,3726,0.013431798451614704,0.0230504226506437,-1.4871048967681488,-1.439156117991681,-0.015358085721722158,1.041655046542109,0
7,31,3727,3748,0.008332358677978146,0.0229770104809715,-1.538698006015189,-1.47056993819702,-0.024961492868962952,0.6394327242316452,0
7,31,3749,3771,0.004547434493012944,0.010291934447107,-1.579911699698521,-1.519953121690521,-0.02087228299704554,0.8914395706387449,0
7,31,3772,3818,0.00227128027839848,0.0078815842716336,-1.5476420050037416,-1.360641961719713,-0.02657767111817986,1.1236350939999793,0
7,31,3819,3839,-0.001878524520972925,0.0103720624644857,-1.490946419292598,-1.4210590781539565,0.0009919850176086653,0.9331737064824305,0
7,31,3840,3859,-0.01054747780787533,0.01523642439217,-1.534040571480482,-1.4397594587575893,0.045417225638037115,0.8033129747707763,0
7,34,2593,2612,0.010425260192456964,0.0291520398506858,-1.4306854125218478,-1.2305124040727369,-0.015203755079007453,1.4355744908260208,0
7,34,2613,2632,-0.031131437976345287,0.0364020837574354,-1.531209026225596,-1.4911016365300682,-0.01243912003171538,1.3032711041289595,0
7,34,2633,2652,-0.025502861898812845,0.0336868793958287,-1.5018601032411945,-1.4614843007509404,-0.018047822081992824,1.3280175461052126,0
7,34,2653,2672,-0.01824931177088885,0.0290481813008742,-1.5052708411727467,-1.4788080655244584,-0.02622276852949647,1.3280416945583016,0
7,34,2673,2692,-0.018190947739782005,0.0245701790228504,-1.5181611393137415,-1.4638676102213295,-0.049875732402807293,1.3242812830916904,0
7,34,2693,2712,0.030552946582778955,0.0649130164294057,-1.615007312005727,-1.4422670325862088,-0.047050988947165,1.4444161862808058,0
7,34,2713,2732,0.046787423730918876,0.0644354303182871,-2.5274456381803754,-2.044567061360733,-0.10349945691631894,2.2577305613728793,1
7,35,2719,2751,0.0400111469375846,0.0400111469375846,-3.8137447016973427,-2.451136139768134,-0.2735580118504185,3.1027072039322965,1
7,35,2752,2771,,,-4.607000064444357,-4.1851241461894695,-0.38598143475967756,4.00247052866918,1
7,35,2772,2791,,,-3.9552453832223917,-3.83953685285231,-0.2906068727939267,3.4536591890120305,1
7,35,2792,2811,,,-4.180593429487876,-3.107665011605579,-0.16369795700211145,3.350618565144373,1
7,35,2812,2831,,,-3.001701953107775,-2.8793915596276003,-0.016760829958505568,2.47451347063083,1
7,35,2834,2853,,,-2.7285930468336845,-2.6552699489143645,0.0695043296710368,2.330114673773633,1
7,35,2854,2873,,,-3.6455638740396386,-3.0450731897949703,0.038397748644291387,2.9502970851338426,1
7,35,2874,2893,,,-3.71730337286047,-2.760922646563781,0.004315425481539441,3.067668653766918,1
7,35,2894,2913,,,-3.1299030940256913,-2.8570154595630486,-0.06597167598471902,2.836494817076973,1
7,35,2914,2933,,,-4.860237999905663,-3.65601962736708,-0.16878810263340338,3.7731333442750112,1
7,35,2934,2953,,,-5.436892716688634,-5.029396303706949,-0.1832072753877288,4.10507049512897,1
7,35,2954,2973,,,-4.367716846071052,-3.520376888839857,-0.15032698895224983,3.6753609973931747,1
7,35,2974,2993,,,-4.662496824427827,-4.370199014920803,-0.14905607148317174,3.95333958994651,1
7,35,2994,3013,,,-4.567196723663412,-4.272493130040719,-0.2592939115743275,3.944030419911674,1
7,35,3014,3033,,,-4.6401278881154004,-4.352177763908457,-0.28642578481521863,3.974439903214859,1
7,35,3034,3053,,,-4.369395655590692,-3.696068654540218,-0.04269658091971996,3.4113027950705552,1
7,35,3054,3073,,,-4.574852201215076,-4.073889808714543,-0.010213523259950298,3.301143523425911,1
7,35,3074,3093,,,-4.249066902665617,-3.42489022164452,0.020377817762072318,3.5645124144060745,1
7,35,3094,3113,,,-3.7385423276689225,-3.248221752504792,0.0076861484362615255,3.099705732501216,1
7,35,3114,3133,,,-3.698500874938896,-3.2234357247488674,-0.031593704104870245,2.928887354970592,1
7,35,3134,3153,,,-3.94663687081811,-3.313090894110825,-0.011279499007881172,3.318217349362669,1
7,35,3154,3173,,,-3.8164434930692392,-3.1669027918874924,0.045277028685590553,3.135898131245755,1
7,35,3174,3193,,,-3.7729649582047275,-3.168952769046409,-0.03944124937768286,3.005488246537576,1
7,35,3194,3213,0.04899398601113433,0.0548732359073946,-3.8567031743840485,-3.1700456552412324,-0.2093698894721021,3.2467330336412012,1
7,35,3214,3233,0.020639720403989623,0.0493943143660096,-1.9699036896007136,-1.3026995323045047,-0.10627671204969702,2.1740939402082824,0
7,35,3234,3259,-0.0037516927304162757,0.0127370069154963,-1.1801195689767483,-1.087111806243465,-0.0034326364359257384,1.3954353746483101,0
7,36,2767,2793,,,-4.6142720357401545,-4.005756038108109,-0.3233033818056734,4.246177427194601,0
7,36,2794,2815,,,-4.369224545137098,-4.193013773919286,-0.14691935725541022,3.831344272106578,0
7,36,2816,2835,,,-4.268632985730985,-4.268632985730985,0.03151065908932264,2.796129635937091,0
7,36,2836,2861,,,-4.086395166790389,-2.9402842378820853,0.06321071853261183,2.830637348266558,0
7,37,2889,2912,,,-4.40960105464139,-4.159463427013735,-0.12271359694174293,2.805943334630453,0
7,40,3045,3078,,,-5.030231254467672,-4.846167323901546,-0.24999791275819913,4.284948746310327,1
7,40,3079,3098,,,-4.873336470276989,-4.481118274210908,-0.19026582884105556,4.066835155096319,1
7,40,3099,3118,,,-4.8141263661877645,-4.687099374045993,-0.2153363444946203,3.8263514735298036,1
7,40,3119,3148,,,-4.438825677398899,-4.103798865761266,-0.2004033848736305,3.4732837426136696,1
7,40,3151,3172,,,-4.649959764562467,-3.803110744689442,-0.17427294720164827,3.8658849745621624,1
7,41,3217,3238,0.020043341805148062,0.0741817492356672,-1.6642431452982023,-1.1858128303175792,-0.1193275410603671,1.8802828158158427,0
7,41,3239,3258,0.00011160786163994513,0.0089091485857563,-1.1651680925491472,-1.0996578079265913,0.009018070106355585,1.375706768620685,0
7,41,3259,3278,-0.00374280153421771,0.009159444420726,-1.145795567167856,-0.929062668334848,0.05283314775057753,1.4360697676537029,0
7,41,3279,3298,-0.00033811434463769515,0.0101785486555713,-0.9752113673289038,-0.8245780231143713,0.0513422132539715,1.4273873301617306,0
7,41,3299,3318,0.00170762739297152,0.0049668189439618,-0.948155031042846,-0.8901221090434103,0.04008085092443292,1.3958691074831433,0
7,41,3319,3338,0.004335091555770566,0.0155705220426284,-1.025292977092896,-0.8699954073264079,-0.00489497026795897,1.4319004753927447,0
7,41,3339,3358,0.0038126711274697003,0.0122024811638818,-0.9945944821006408,-0.7575636301827539,-0.016866035292613515,1.4964220296462352,0
7,41,3359,3378,-0.005840482531126829,0.0149353497115151,-1.0194106783973367,-0.940500271620851,0.07590645812474257,1.406143585602762,0
7,41,3379,3398,0.0031872918111575115,0.0214928070714609,-1.1752584425485801,-0.9222685200710956,0.16009150052097867,1.5300641441749054,0
7,41,3399,3418,-0.005862971929194542,0.0130046816333119,-1.964452568846949,-1.3173629718493107,0.1269534234031271,2.3650546930096303,0
7,41,3419,3439,-0.0344114079525416,0.0344114079525416,-2.9970425370240004,-2.211090102303268,0.19837267631775163,3.095896095859741,1
7,41,3440,3459,-0.0489048026687037,0.0489048026687037,-4.18240391823031,-3.279262858303761,0.15820408904253674,4.222733656050769,1
7,41,3460,3480,,,-4.323787657860349,-3.764929874092862,0.2185875423645681,4.413197438582072,1
7,43,3440,3465,,,-3.3844000211985863,-2.9254709053096217,0.2801265553808843,3.5620874104981994,1
7,43,3466,3488,,,-3.41736663793169,-2.9579448386068026,0.291785508036585,3.4891082506861464,1
7,43,3489,3509,,,-3.5164115956294744,-3.3234207756961465,0.24402106705334559,3.444788376377447,1
7,43,3510,3529,0.0034663664060145,0.0034663664060145,-3.364070775249798,-2.676473921913962,0.19456547131254925,3.457585084586653,1
7,43,3530,3549,,,-3.0349592893846333,-2.2922900028374387,0.09209148984023185,2.935074535787683,1
7,43,3550,3571,,,-2.5785644770298353,-2.2356502380260994,0.07551369865598614,2.610008581598705,1
7,43,3572,3591,,,-3.2656818480832053,-3.030955057864124,0.33065649507338357,3.513037662161871,1
7,43,3592,3616,,,-3.024514300018303,-2.401450747897204,0.25628298248586845,3.447561484493504,1
7,43,3617,3636,,,-2.9972098939322573,-2.615798823581113,0.21918567516362986,3.3256362060604454,1
7,43,3637,3656,,,-3.113552852202241,-2.703713764259002,0.10508318457391588,3.372886366536708,1
7,43,3657,3676,,,-3.1317027061360507,-2.9628176085743747,0.21511822706922817,3.4588448689301443,1
7,43,3677,3696,,,-2.9408123437316585,-2.863093348085541,0.22851658247894288,3.4555690544263413,1
7,43,3697,3716,,,-2.9456354745079483,-2.6968582083897514,0.3949897918754416,3.68216175446589,1
7,43,3717,3736,,,-3.0234567024641494,-2.7808302315679594,0.3728428832495796,3.653614485953237,1
7,43,3737,3756,,,-2.785420431571476,-2.3469147380798767,0.22002217821893014,3.1233986839549095,1
7,43,3757,3779,-0.0144481181212917,0.0144481181212917,-2.69449728872269,-2.2458112198673543,0.28589384906817206,3.2053982604694795,1
7,43,3782,3803,,,-2.5269205712130316,-2.3350675013437034,0.23279211933871582,3.2778988020821416,1
7,43,3804,3823,,,-3.255614077287645,-2.769270148959853,0.33061740991606203,3.6121329878760102,1
7,43,3824,3843,,,-2.980154333972254,-2.7769069273043234,0.4226976462271111,3.5976229799745285,1
7,43,3844,3863,,,-2.89676968454389,-2.5199984380862483,0.390342674861756,3.519645935777395,1
7,43,3864,3883,,,-3.209245955053389,-3.098333168123037,0.39239701392652615,3.3184192601114675,1
7,43,3884,3903,,,-3.0261245616661885,-2.9078714466138345,0.33165832504502535,3.2639480055181713,1
7,43,3904,3923,,,-3.202198490268393,-3.105383187137601,0.2536251847442194,3.299841307324968,1
7,43,3924,3943,,,-3.2261604017914647,-3.135042938728265,0.354861567656785,3.490897209328356,1
7,43,3944,3963,,,-3.1346880343557806,-2.8979864079216333,0.2662747622929352,3.417873093878056,1
7,43,3964,3983,,,-3.0879661143798702,-3.017733662475964,0.35828659434643473,3.3179959378859216,1
7,43,3984,4003,,,-3.006332759332048,-2.883347052501952,0.5025285323591798,3.4633644320455836,1
7,43,4004,4023,,,-3.1349660248657196,-2.9971822588654176,0.5675858321797215,3.670767295481741,1
7,43,4024,4043,,,-2.8946100067216016,-2.7372603998276963,0.5047397498550128,3.388037414753972,1
7,43,4044,4063,,,-2.9018404984025805,-2.738313918104866,0.34630269827512716,3.37564752959058,1
7,43,4064,4083,0.001417637943191067,0.004623752431023,-2.269290322354558,-1.3924055908187472,0.23539601277594083,2.9714246461333134,1
7,43,4084,4104,-0.02944695192940701,0.0511633217913753,-1.2768954329223798,-1.0710764443313707,0.2790114570861729,1.6460400299361262,0
7,43,4105,4124,-5.0631536955669995e-05,0.0216704353182789,-1.2314977787112142,-1.0674824235629363,0.11151429755885214,1.53354262813975,0
7,45,3531,3550,,,-3.2236857944513093,-2.196367517825102,-0.06851908430310799,2.9955411995794234,1
7,45,3551,3570,,,-3.0338951940057504,-2.352737128002776,-0.01574184275146725,2.4778945439994393,1
7,45,3571,3590,,,-4.197913158047548,-3.9863041603280074,0.12554843086907036,3.7682836393681916,1
7,45,3591,3610,,,-3.41219055850724,-3.153729455233796,-0.01811172990219466,2.723725611974759,1
7,45,3611,3630,,,-3.557930701960348,-2.87265805635526,-0.005300566226835639,3.573631530298332,1
7,45,3631,3653,,,-3.32622660408452,-2.8251641814370503,0.03109719754448483,3.361612498710733,1
7,45,3655,3689,0.0057200463221309325,0.0064643600751209,-3.1166711883644194,-1.7059927891682034,0.14260892859512528,3.1489879264622105,1
7,45,3690,3739,,,-4.004321780462197,-3.220734916693382,0.37017786188495766,4.7501944309180315,1
7,47,3574,3627,0.013826037347776987,0.0164631049582873,-1.7048283214056315,-1.6600910775697817,-0.0060093652092360105,1.1745478705933696,0
7,48,3747,3784,-0.046544846906215354,0.0468575839700211,-2.9552813314667845,-2.407703446865506,0.22428601453905594,3.0907092106621574,0
7,48,3785,3804,-0.0561219944092392,0.0561219944092392,-2.763890193212524,-2.1282719198943623,0.10197169930929684,3.412333006485967,1
7,48,3805,3831,-0.0763713796886,0.0763713796886,-3.4486290849797343,-2.908257525294791,0.25062653187126205,4.059751019192805,1
7,48,3832,3852,-0.05041747211121578,0.0593850259788194,-3.0428152603978957,-2.7265987207020963,0.3962645321613464,3.8872582210913165,1
7,48,3853,3874,-0.0571959690280914,0.0571959690280914,-3.5441634324029794,-3.033214261212468,0.2855080489655513,4.063014499133255,1
7,48,3875,3894,,,-3.909894959406784,-3.191806005585584,0.14091010689077432,4.5660240020151335,1
7,48,3895,3914,,,-3.5154689279795477,-3.285161144612327,0.28463074446105824,3.8479091444511737,1
7,50,3955,3974,,,-3.581299080764682,-3.099497420881375,0.2624666208596703,3.7094811027697316,1
7,51,3957,3990,0.0023623915663197634,0.0110321911961955,-1.574008230537483,-1.5134145754347956,-0.03242974247715857,1.0670378932010935,0
7,52,4027,4062,-0.00180082452638768,0.0100582503214612,-1.6214981436913,-1.541304282965107,-0.009927808649871365,0.9996673471390107,0
7,52,4063,4093,0.005716214433213228,0.017381920091006,-1.499798106415439,-1.255732304612211,-0.026942492656617995,1.0268882846015832,0
7,52,4094,4113,0.0011796421368410698,0.0111324363669597,-1.4959877883470103,-1.3453826241975693,0.021147966874565535,1.1463927493910275,0
7,53,4041,4063,,,-3.2307959106420894,-2.956000028337944,0.2845235736276156,3.6131322647287343,1
7,53,4064,4085,-0.006292691446042319,0.0235182705184618,-2.261292032661486,-1.303463532930285,0.21721209740883557,2.8905136083373146,0
7,53,4086,4112,-0.0356991035660527,0.0632463995885971,-1.2840066954742573,-1.0386710006407078,0.24616391053880612,1.5431723109029338,0
7,53,4113,4135,-0.0021444685949106998,0.0170674189477609,-1.1857483337216137,-1.0850056796667928,0.0509863730094095,1.4620409031487056,0
7,53,4136,4155,-0.014685924965685226,0.0267590105675514,-1.0433938513515084,-0.9424354431736554,0.12332231833900746,1.4380601844325838,0
7,53,4156,4175,-0.015233516421474896,0.0242365895384859,-0.9928858813602824,-0.940789311215124,0.14004276365704613,1.3862693432946926,0
7,53,4176,4195,5.295059710526497e-05,0.0105481716099572,-0.9362222616340267,-0.8055111061519383,0.13131704935773753,1.4070471095791235,0
7,53,4196,4215,0.01814654050382427,0.0275353277216311,-0.821345227408564,-0.7617828220437856,0.061132489895298535,1.376612170766148,0
7,53,4216,4235,0.010156210070835944,0.0293508609378595,-0.8939477938251322,-0.7941602091515345,0.0280189760965213,1.4405140612603824,0
7,53,4236,4255,0.0038635744198129694,0.0324318498716106,-0.931161499648212,-0.8246333647600363,0.03967220738560897,1.438342209070087,0
7,53,4256,4275,0.0020568447291056,0.0171541141946266,-0.8769427873975507,-0.7871806809071697,0.07605983163545649,1.3963934168574794,0
7,53,4276,4295,0.010402377579275115,0.0153623622975565,-0.930679500177731,-0.8762792081098689,0.06518404259331204,1.3985829309916407,0
7,53,4296,4315,-0.002925589361155605,0.0111298765644859,-0.996077455337755,-0.8826228925396346,0.05525116623280185,1.4004883781987836,0
7,53,4316,4335,0.009361977441812061,0.0253931459467516,-0.8801515215110578,-0.7778885711887829,0.02299318219408173,1.3749197259953552,0
7,53,4336,4355,0.0017190738291079943,0.0086492980902997,-0.7658610598567496,-0.6748409303733894,0.07974543096393812,1.424383518022288,0
7,53,4356,4375,-0.00061767519045107,0.0093233292720751,-0.8733437317680963,-0.7667897465208874,0.07591171261406207,1.435460230331348,0
7,53,4376,4395,-0.010118981591799327,0.0209589820557492,-0.8058154367216288,-0.7164378065997014,0.10696566562103063,1.4127388482659462,0
7,53,4396,4415,-0.0027546060474156,0.007770584995342,-0.8835981732068324,-0.7702425134918879,0.13225469135372867,1.4148511941568347,0
7,53,4416,4435,-0.0035911072953403247,0.0075850324755931,-0.7580417442945672,-0.6880535012848908,0.12868386488387173,1.4231883321510508,0
7,53,4436,4455,0.0011734088208444748,0.0070817763222348,-0.6896586288925346,-0.6203082394579558,0.12466991109640294,1.4552259367857963,0
7,53,4456,4475,-0.008802458111481904,0.0170211463483189,-0.7216675299140918,-0.6787924294039053,0.14671612216725471,1.4264260888863085,0
7,53,4476,4495,-0.009724388323143667,0.0128790025502975,-0.6221779198416313,-0.5824972548880702,0.13590233215428943,1.4742815324329144,0
7,53,4496,4515,-0.008169515564900882,0.0126622491708346,-0.8290492635805942,-0.5799730421037,0.11846085929775785,1.485457358578601,0
7,53,4516,4535,-0.01663848815552237,0.023931729612743,-0.9706377578010151,-0.9130848693363448,0.13486572779345812,1.5006666754443958,0
7,53,4536,4555,-0.02023658774763433,0.0235813221577617,-0.9517255693508533,-0.9005560838990738,0.14497116360361928,1.422443566714835,0
7,53,4556,4575,-0.01297243625488862,0.0213506908382948,-0.979815778682388,-0.8853772986791504,0.11763267968584615,1.4811147415655401,0
7,53,4576,4595,-0.008965618766189063,0.0114943148767991,-0.944123983024606,-0.9101208157215934,0.11599721574182628,1.5429849379684557,0
7,53,4596,4615,-0.007410194779799856,0.0144133896796758,-0.9506326437708635,-0.9115575114471568,0.11550723055483528,1.5223915727251909,0
7,53,4616,4635,-0.005216145230188304,0.0123169919312328,-1.0012981219760198,-0.8247787028633811,0.10831959686993364,1.5006092869185532,0
7,53,4636,4655,-0.011872111725671335,0.0183883716845248,-1.0348622802678427,-0.8999933049026612,0.10428165691876079,1.461283737516498,0
7,53,4656,4675,-0.009854686178909066,0.0179960484318592,-0.8343032495743667,-0.789160760224473,0.09821177016943475,1.476229486299526,0
7,53,4676,4695,-0.000896861547539495,0.0069379110426994,-0.8721773241497619,-0.7591626324391971,0.09634937362571773,1.511448280530498,0
7,53,4696,4715,0.0050428286120319955,0.0082155500784225,-0.8964532678957298,-0.8445319952787225,0.0884911228363389,1.4923712826884818,0
7,53,4716,4735,0.002089222268264925,0.0071637094395542,-0.8714077213803216,-0.8280730845234607,0.06918638388396726,1.5168290683728056,0
7,53,4736,4755,0.004051131723116829,0.0062924639070532,-0.9323392329002373,-0.8717532625063847,0.06463936624228775,1.4758133520937098,0
7,53,4756,4775,-0.005385157779464805,0.0130416729418151,-0.9094981811727528,-0.8565737963292491,0.07108258092598838,1.4342071344022798,0
7,53,4776,4795,-0.0134410527936792,0.0173727516986699,-0.9986670114510903,-0.9096412987143264,0.09078786041061158,1.3995853997447114,0
7,53,4796,4815,-0.005225569385834006,0.010960165376324,-0.9657162089039428,-0.9009218885476148,0.0950362857573546,1.5176832700897065,0
7,53,4816,4835,0.0010703496400588312,0.0081278361850259,-0.9989894780615097,-0.9516436437512242,0.09246754587114957,1.4400031689153734,0
7,53,4836,4855,0.013089469084743779,0.0231313222504524,-1.0291535674155214,-0.9657486605001596,0.06979760459387321,1.4244216336577527,0
7,54,4125,4147,-0.023067144116182815,0.0353830380021954,-1.7322980923818143,-1.3486325642194132,-0.0027573168132195834,1.6759704170780954,0
7,54,4148,4167,-0.009565687058303237,0.0150782938426975,-1.1534272072123293,-0.9916158270137868,-0.2870434497654194,1.6671235030321558,1
7,54,4168,4187,-0.023392068951927275,0.0364149116320075,-0.8697966978459297,-0.6695963492540744,-0.4881524060984299,1.5777213597711135,1
7,54,4188,4207,-0.015253032739687302,0.0248510735219477,-0.8580476967566261,-0.7247836323493005,-0.3666815196064609,1.2192483479939764,1
7,54,4208,4227,-0.010021693841439663,0.0214411047130105,-0.6835898098721687,-0.6021068893924406,-0.28596551203020576,1.3777294676886318,1
7,54,4228,4247,-0.01571534230552967,0.0250902611289451,-0.7851142546350673,-0.6760964912280701,-0.2399198009250561,1.3306357250736425,1
7,54,4248,4267,-0.020083042725375682,0.0296641330010688,-0.734308140507819,-0.6107620289824689,-0.17861548658768212,1.3352424998607086,1
7,54,4268,4287,-0.027805528026715702,0.0393943689234563,-0.8048734588784072,-0.6991923847923968,-0.23389464925361053,1.27433181939483,1
7,54,4288,4307,-0.02786871655308069,0.0454705785847096,-0.6902754213383362,-0.5137325002734332,-0.21580192983691027,1.2107471126524771,1
7,54,4308,4327,-0.045946617446075984,0.0620581684590244,-0.47151970215537686,-0.2971379851404867,-0.12530959276179696,1.091578325180396,1
7,54,4328,4347,-0.04687732507609622,0.05633544506102,-0.2995439486776922,-0.1291905390989819,-0.1334524306093415,1.1413818643848699,1
7,54,4348,4367,-0.042564240573472176,0.0548425700772617,-0.35898560482552716,-0.2655503770844165,-0.12323497890432937,1.186104701905713,1
7,54,4368,4387,-0.04159825123235492,0.0523709622036297,-0.39881607430827126,-0.2590865890935244,-0.12130671497428644,1.1867365914360728,1
7,54,4388,4407,-0.05110508358006871,0.0590890188287987,-0.6122304792315065,-0.5063860615512702,-0.052215622751341874,1.1307292633077566,1
7,54,4408,4427,-0.047911090591535914,0.0535919329484119,-0.5650119794818806,-0.4638288631494195,-0.07103818662066991,1.0601689041695617,1
7,54,4428,4447,-0.03814468181221428,0.0456153691460747,-0.5199452317089605,-0.4320028170970014,-0.24111448138404223,1.0337370861863497,1
7,54,4448,4467,-0.022604408308063192,0.0487468800624779,-0.587879900790943,-0.4215895275879084,-0.1919216590726749,1.1616441630844456,1
7,54,4468,4487,-0.02871059886935367,0.0460445301036172,-0.5750668503483645,-0.4683534643289611,-0.22849654409814874,1.1877433175701824,1
7,54,4488,4507,-0.02598423017533836,0.0398760899789212,-0.46356518337253616,-0.3593741255479899,-0.20247690524265294,1.1532598019317515,1
7,54,4508,4527,-0.005883204987883661,0.0209018572146392,-0.48254218577923247,-0.3889075121451782,-0.19808921755688585,1.1679021514759964,1
7,54,4528,4547,0.00044993088861403524,0.0106130266084566,-0.4472898445493298,-0.2907595667851623,-0.24332439182901805,1.1624032064083925,1
7,54,4548,4567,0.004118088647525926,0.0112095784039653,-0.3630696527518593,-0.219580921887196,-0.2588377754193598,1.1791767040192487,1
7,54,4568,4587,0.004378439692227716,0.0122505028069859,-0.31662857380328485,-0.1283837152482425,-0.1226789437691509,1.2610895882934476,1
7,54,4588,4607,-2.0737639373555068e-05,0.0135855355903025,-0.2565645814905706,-0.1088296779107101,-0.1395825301668772,1.175609308003464,1
7,54,4608,4627,-0.015007737195803107,0.03474523369089,-0.4877384092716735,-0.3338496198254013,-0.2782094498214524,1.101597857134288,1
7,54,4628,4647,-0.022512271022435543,0.0319106404024602,-0.5707680408547439,-0.438226606226732,-0.2543527405849632,1.0091893272834769,1
7,54,4648,4667,-0.019042251999775866,0.0346200970346397,-0.5157518080474712,-0.4346711219391413,-0.3146331712956155,1.0235047162727544,1
7,54,4668,4687,-0.016339862091925533,0.0306597099523157,-0.6683832118376323,-0.5445428150691873,-0.3781732133496722,1.2716807397126213,1
7,54,4688,4707,-0.024490172060409328,0.0318296254072571,-0.6759368254796235,-0.5789528327714566,-0.2662730654755957,1.3865490339566318,1
7,54,4708,4727,-0.032605956914053214,0.0418300603584267,-0.7121814900042123,-0.6107678245887548,-0.19672547575395355,1.3749590564991427,1
7,54,4728,4747,-0.03834257829791804,0.0458962649199456,-0.7499811716363827,-0.6782269339319039,-0.15863736581407475,1.3392535389315585,1
7,54,4748,4767,-0.030049274912685126,0.0389768698158112,-0.7597263204698007,-0.6596794720955005,-0.1802036379398947,1.4075105046719074,1
7,54,4768,4787,-0.0159126828940268,0.0302290470167058,-0.9974077221870641,-0.8615329978331429,-0.028287467891905144,1.368496503566429,1
7,57,4786,4815,-0.024008148285566393,0.032229535194599,-1.2902997817937363,-1.0461028646744863,0.12941711372339695,1.142160760088557,0
7,57,4816,4835,-0.02071668536881963,0.0276476010007041,-1.3601293053833425,-1.275346554136785,0.19250783665796284,1.2443703300618254,0
7,57,4836,4855,-0.0052556963486219905,0.0152682156335531,-1.2950727566329137,-1.2113833669031149,0.09647172304587542,1.017129554503964,0
8,0,1,20,-0.0023073104581987315,0.0054347585005011,-1.5974256693077267,-1.5386347591132763,-0.03778108499498448,1.2958080879065392,0
8,0,21,40,-0.0028265850802631854,0.0074196579759913,-1.5740263632313014,-1.5317291746020776,-0.04842307158350485,1.2902058135135215,0
8,0,41,60,0.008184564132944135,0.01509174372465,-1.5833657797791214,-1.555349578630996,-0.05519227222349218,1.2599417267015804,0
8,0,61,80,0.010925139102263766,0.0162182091633538,-1.5851315941148898,-1.5498913204438416,-0.05922052178509045,1.2774769912411716,0
8,0,81,100,0.005625882228512706,0.0088891191353213,-1.6124162762159127,-1.5736937190225226,-0.03780009233817452,1.2706494323994142,0
8,0,101,120,0.007397131691105284,0.0241822072512539,-1.588465809551635,-1.5164953011550395,-0.08445070397987556,1.379105749556548,0
8,0,121,140,0.016177870230909153,0.0202885119034274,-1.5251001328937561,-1.5023858435230135,-0.13547901637245577,1.3826543625729868,0
8,0,141,160,0.00804770301750771,0.0137477157029695,-1.5636280361203017,-1.5187444957906533,-0.1265006644131463,1.3203417281362697,0
8,0,161,180,0.011947220529053665,0.0138354743532772,-1.5040052096630114,-1.4648829307305176,-0.10184357703671927,1.2288546101165783,0
8,0,181,200,0.016438053078793136,0.0191382716103919,-1.5011636137250153,-1.4110418580167947,-0.06531428879247023,1.2173052348647042,0
8,0,201,220,0.017144742376119897,0.0227534672676412,-1.4306024383341989,-1.3914524633229692,-0.050693552320115985,1.047751667125536,0
8,0,221,240,0.015497930050127593,0.0202892032761403,-1.4519877037372022,-1.411537455321947,-0.030328347057983256,1.025404414321559,0
8,0,241,260,0.01026291645724234,0.0431061398811269,-1.5774065981015852,-1.508278451856855,-0.038259580421764826,1.1068361750108875,0
8,0,261,280,0.05179164473209911,0.0536908725748827,-1.6642255822230445,-1.6236325807034946,-0.07364985752980838,1.1978687321576238,0
8,0,281,300,0.02942449837260333,0.0541338668517933,-1.5453305611184702,-1.456896427042611,-0.08837868298636685,1.2028775861819971,0
8,0,301,320,0.01780031379744917,0.027703315666421,-1.4781414460907172,-1.451097760778296,-0.09515383636380169,1.182330293611867,0
8,0,321,340,0.04454899018042509,0.0579851311893933,-1.6891448788606316,-1.5283214313857003,-0.14716824618264795,1.1927858898681485,0
8,0,341,360,0.045671355131673634,0.0548747337310529,-1.9010801175288854,-1.7393312945885675,-0.12213072410991199,1.2462914811238497,1
8,0,361,380,0.03564167693250777,0.0451875191825457,-1.717465422224586,-1.66603546468308,-0.045586087152402824,1.25600351691805,1
8,0,381,400,0.032426581594442026,0.0414190367805358,-1.726400345893015,-1.6628302103267325,-0.08172496376353816,1.2278506149127748,1
8,0,401,420,0.03966750565157517,0.0418782503602207,-1.778214444508278,-1.7470826964676622,-0.0825131032953901,1.2936408669756094,1
8,0,421,440,0.03720986873670207,0.0392594649537991,-1.7088519205542503,-1.6703239384136417,-0.08013560642651893,1.295405522910683,1
8,0,441,460,0.038962908027762595,0.0433277145456986,-1.6969559623337624,-1.6664466187400184,-0.07702879212555867,1.3042010146567122,1
8,0,461,480,0.0364407496051446,0.0398966094142571,-1.6093261306044329,-1.5499094664197997,-0.04693982974121413,1.2523337851111502,1
8,0,481,500,0.03405061176228458,0.0357401822900181,-1.581417946428802,-1.564209012059015,-0.06289110510363173,1.2518794035740783,0
8,0,501,520,0.03190507743390455,0.0360364719259043,-1.6369763077095105,-1.600936823014417,-0.07793219786543837,1.3400738004811596,0
8,0,521,540,0.02801446392434956,0.034841245341382,-1.661484092324989,-1.5381163543574827,-0.05544079481420796,1.5664906532979561,0
8,0,541,560,0.007629881510282625,0.0184510291087091,-1.4385613795631191,-1.3860100451719115,-0.07501201913765891,1.156250802209742,0
8,0,561,580,0.006899707396050924,0.0130029900068072,-1.5158779602604924,-1.423185199263797,-0.05922779557781179,1.1221336175145171,0
8,0,581,600,0.0010529404989069152,0.0119734782454018,-1.5795577741993545,-1.546807913602105,-0.06345225663688914,1.1828988602638362,0
8,0,601,620,0.020508025826320213,0.0268670834099778,-1.53140432522551,-1.4958227187081934,-0.06334753173529391,1.1566647820571645,0
8,0,621,640,0.01986976594159546,0.0275826430981207,-1.5488364429117594,-1.52988002474595,-0.0895086367820758,1.1584650455248982,0
8,0,641,660,0.023442513273666605,0.0248911741272508,-1.538371024197347,-1.5313062170931118,-0.07044860902223496,1.137280272041309,0
8,0,661,680,0.01968443075393509,0.0251114562997027,-1.5192089449340067,-1.5015226763614475,-0.08213907074055599,1.1544285335762894,0
8,0,681,700,0.013636545760555998,0.0267261128552558,-1.646447672481567,-1.5008869378486318,-0.1310179420682398,1.228566765463855,0
8,0,701,720,0.03539881171632852,0.061178080025142,-1.9673533889906125,-1.7896044821571595,-0.2068851112482149,1.3804220408855947,0
8,0,721,740,,,-3.8034855745774245,-2.5246412595872734,-0.2658261787380309,2.2118262951107104,1
8,0,741,760,,,-5.653582349549279,-5.531073028806603,-0.1734001108009747,3.3989270692535927,1
8,0,761,780,,,-5.729566725630831,-5.465420012541444,-0.06839584881587937,3.4613014605077774,1
8,0,781,800,,,-5.327989041290347,-5.218187891853998,0.06794583795972224,3.3753826080405434,1
8,0,801,820,,,-5.211144154951228,-5.108460746959194,0.09183774332304058,3.296299253577814,1
8,0,821,840,,,-5.180266668822646,-5.101483098282949,0.07105258276412636,3.2422126690203044,1
8,0,841,860,,,-5.07340461689861,-5.017427890462183,0.06655988432337007,3.2744219514194874,1
8,0,861,880,,,-4.485760954206567,-3.958356257262941,0.14511828798494059,2.4356802617873514,1
8,0,881,900,,,-4.086829122689264,-4.003996533894711,0.396378378543139,2.030600021247865,1
8,0,901,920,,,-4.99850143678596,-4.048351521661584,0.10969854448127403,3.603304128548692,1
8,0,921,940,,,-4.67087796888991,-3.9610301993191848,-0.016370746811463843,3.42378986571864,1
8,0,941,960,,,-4.146989062164145,-3.96057100097853,-0.03068114911804905,2.9995985319049963,1
8,0,961,980,,,-4.058716393575326,-4.00470476124835,-0.037622088978766045,2.9072607594978326,1
8,0,981,1000,,,-4.074866832944695,-3.966405349800365,-0.02058621901209467,2.9196232618903575,1
8,0,1001,1020,,,-3.6240119827378288,-2.5308914122512896,0.004278398957436773,2.3933234486044848,0
8,0,1021,1055,-0.06513511853547162,0.079775388587891,-1.7305964262235976,-1.3543031101591152,0.2577603033383418,1.2336186487588359,0
8,0,1056,1075,-0.05285651165899593,0.0628097135892814,-1.3564927041202435,-1.255980590754708,0.24441945976392496,1.176980035439046,0
8,0,1076,1095,-0.04854259360407175,0.0554712270143554,-1.330018631070729,-1.2745801909229495,0.16555785846353635,1.1621961526416131,0
8,0,1096,1115,-0.04426153022329596,0.0590423297177259,-1.3720585357613273,-1.300151893076937,0.17085772184391887,1.1892532334540387,0
8,0,1116,1135,-0.038592660595857795,0.0428717479899927,-1.384520582657471,-1.3243060895549463,0.18836313063294124,1.2123592245602874,0
8,0,1136,1155,-0.04782352789103854,0.0535539320790808,-1.3303629831206019,-1.2874062561301325,0.16969176979736775,1.2345850564804448,0
8,0,1156,1175,-0.041245110633154364,0.0504599536970753,-1.3737761608400403,-1.2962397081321877,0.16303364576697904,1.2143305539790332,0
8,0,1176,1195,0.006329402824019595,0.0399982332592823,-1.5373320047373937,-1.496752440962873,0.0422923551406474,1.167032821700515,0
8,0,1196,1215,0.04972973984857687,0.0567829912675005,-1.4418770938228642,-1.3956000501804733,-0.00843292968100314,1.142659376474684,0
8,0,1216,1239,0.019617310076786264,0.0354646367931567,-1.4461998912408949,-1.3366543203518897,0.04395795252932945,1.210687561915054,0
8,0,1241,1260,0.03978560583367138,0.0530517791510953,-1.6711510682194468,-1.4228951883409209,0.21414830192413206,1.476014446337394,1
8,0,1261,1280,0.02717674662143858,0.0308882094570268,-1.4994534933793644,-1.440250380530711,0.21596457405242528,1.3048131419881803,1
8,0,1281,1300,0.01383580138874041,0.0261241471126643,-1.3750559608387434,-1.2972325688916122,0.23572318829935876,1.2930036624172254,1
8,0,1301,1320,0.010608401192737581,0.0132001086713367,-1.3315769363321368,-1.2722672059096722,0.2248328956944786,1.2819422107688905,1
8,0,1321,1340,0.005391098462117931,0.0163711146690222,-1.2761438352427867,-1.0693096348586075,0.20799555373406314,1.0061137101829494,1
8,0,1341,1360,0.015163004464292192,0.0307819505469548,-1.2401243697983868,-1.0991186898810876,0.17025874804241786,0.5830725746851475,1
8,0,1361,1380,-0.0010696217077217,0.0180893925647273,-1.0824273934921467,-1.0093038414740136,0.18456666196830876,0.6229935646497691,1
8,0,1381,1400,-5.7436269485135105e-05,0.005816387362522,-1.0174261141508798,-0.9784849769421038,0.24193870168760764,0.766705077930623,1
8,0,1401,1420,-0.0046968197923968336,0.016056933444002,-1.085739420952264,-1.0341319271052598,0.21235378701600913,0.6478991559260419,1
8,0,1421,1440,-0.0038248799071761348,0.0109766062499014,-1.1805644843986354,-0.9921632664875322,0.23405110371980484,0.6790722015805735,1
8,0,1441,1460,0.007021968677970919,0.0091280268586781,-1.3593139830134198,-1.2419852206829625,0.2244153170701138,0.7420146520202875,1
8,0,1461,1480,0.01630180577945473,0.0210263932298806,-1.3688973171961056,-1.2436838651849007,0.20172228140878268,0.6729871667496294,1
8,0,1481,1500,0.022486766466578816,0.0336923395184004,-1.1943342908458514,-1.072370723590993,0.2165158558783969,0.8504882614023692,1
8,0,1501,1520,0.017999309651076007,0.025671760154387,-1.2342272253311468,-1.1848828149503934,0.202155348020102,0.8465442185307286,1
8,0,1521,1540,0.02454951762367561,0.0324517957450374,-1.2381083090893767,-1.141453676259448,0.27983566906482277,1.2418013123382923,1
8,0,1541,1560,0.033963577345035405,0.0440614409391755,-1.2365662185877742,-1.147948431111356,0.29487437752903195,1.3695572482659533,1
8,0,1561,1580,0.037824260591511165,0.0427628364133899,-1.2843943594417386,-1.1920879390077903,0.27674909777436435,1.2154184204405636,1
8,0,1581,1600,0.018458729480947282,0.0281172457428956,-1.250954484272483,-1.1438925368210835,0.2779110548429936,1.1284168092668883,1
8,0,1601,1620,0.03308897890686677,0.0493313717152444,-1.22886324368198,-1.1105619400211948,0.2655629050851102,0.9845736106848072,1
8,0,1621,1640,0.02538909829848033,0.0457571784635482,-1.1919245938544134,-1.0430320949565068,0.2621888024686872,1.1520029450330593,1
8,0,1641,1660,-0.0012137179219410103,0.0081926677734233,-1.1225328770441174,-1.0715353307922588,0.2665048656389068,1.3601563383048796,1
8,0,1661,1680,0.01450514105628931,0.0217904767877721,-1.2604979667952296,-1.1565583865710776,0.26642528306972524,1.3572628391618167,1
8,0,1681,1700,0.010338638624648169,0.0139805730395098,-1.3167812475524503,-1.2758588392151222,0.22660898154551196,1.320108678409319,1
8,0,1701,1720,0.027010041761399838,0.0503424081815881,-1.4741660325677215,-1.3091755468311834,0.24381134877573443,1.3099204213890687,1
8,0,1721,1740,0.00429539303600996,0.0586828868756626,-1.5867325798944985,-1.3771217444716797,0.323761336539053,1.2297640816297242,1
8,0,1741,1760,-0.04162206993140262,0.0654687167680958,-1.7439007588086775,-1.5917571305544147,0.19266487500049834,1.2039089676749537,0
8,0,1761,1780,-0.02122804123392553,0.0366609451290476,-1.4742755702692096,-1.0670509428235504,-0.1662116438243143,1.0098543997414382,0
8,0,1781,1803,-0.023139782803683596,0.0317534327618354,-1.2549852589770967,-1.1316794078551358,-0.19535689671038184,1.018470762853624,0
8,0,1804,1823,-0.015456310593544454,0.028130214101414,-1.2095169509508097,-1.144945505017179,-0.19777498323051268,0.9456254437667715,0
8,0,1824,1843,-0.013058430531300605,0.0290332650756408,-1.1309545486502035,-1.033099647260407,-0.21955683663394315,0.9707965916441704,0
8,0,1844,1863,-0.014903463337286763,0.0267306290438696,-1.1298647832709334,-1.0684027771780154,-0.143424415911176,0.9788795906625551,0
8,0,1864,1883,-0.004291064974755404,0.0185333304478288,-1.156660693634136,-1.0797377208818573,-0.10869309133585207,0.9854844607340967,0
8,0,1884,1906,-0.00034397096642907997,0.0082020709828826,-1.2770574457935104,-1.2268346607028608,-0.07247454169311009,1.0028041913298342,0
8,1,1,20,-0.00546525133629338,0.0077378285695667,-1.380540504266413,-1.3664973903173006,0.007338858921540856,1.0732097935074738,0
8,1,21,40,-0.00560749936777779,0.007619563214154,-1.394635751985729,-1.3825830818589515,0.011266179098108215,1.1196502269275619,0
8,1,41,60,-0.0069491012790434264,0.0086408627603124,-1.3776601973182585,-1.3559658228963103,0.02429271836552379,1.1220823074414512,0
8,1,61,80,-0.008047410376449857,0.0101924706650619,-1.3888730871455548,-1.376661753271068,0.026384049357341975,1.115367129053911,0
8,1,81,100,-0.007653005796229666,0.0099914444346292,-1.405706110850685,-1.3871119877927454,0.016425249678731067,1.08137649765618,0
8,1,101,120,-0.008500982603219274,0.0098047144648539,-1.3998333552336688,-1.3668797787392035,0.00071198637044306,1.0647466079145,0
8,1,121,140,-0.007167514402987546,0.008881004051925,-1.384746059438578,-1.3572162059727697,-0.0012079973217284155,1.062582921486687,0
8,1,141,160,-0.009526676049171833,0.0114755545312565,-1.3994243043436583,-1.385373881022086,-0.003233034620869309,1.0717352711083052,0
8,1,161,180,-0.011880197560335846,0.01333155388821,-1.3799976496928301,-1.3390321326238233,0.00319678168888961,1.0898667378327096,0
8,1,181,200,-0.01591145453111485,0.0175193646160754,-1.377224727122301,-1.35280169061791,0.003925786834843641,1.107859019252466,0
8,1,201,220,-0.01659943638692238,0.0185884802917414,-1.402682221188376,-1.364808439387045,0.00342529020737862,1.0773199578080832,0
8,1,221,240,-0.015528167753153313,0.0188361278907878,-1.404550900445202,-1.374865922931894,-0.006428034215514411,1.073872825386677,0
8,1,241,260,-0.02209871324567526,0.0242945547978084,-1.4174989065854413,-1.3841267279363636,-0.01361149825543279,1.0729897527960974,0
8,1,261,280,-0.02226922550523772,0.0239350258175559,-1.4075602496219786,-1.3713846734303736,-0.007714732566616986,1.0906529440621262,0
8,1,281,300,-0.02176580688014427,0.0250625120215426,-1.4226460932100433,-1.387501610490303,-0.015176144889755976,1.0861649254311252,0
8,1,301,320,-0.04616750659883602,0.0645895821093462,-1.5419728160332016,-1.3825677783220367,-0.016944431900857315,1.0588951160785884,0
8,1,321,340,-0.061314557539234565,0.0701782831145207,-1.9956956703847635,-1.8305087965170936,-0.08784222673766938,1.2112087407765897,1
8,1,341,360,-0.05956082104614193,0.0730818336545812,-1.7839447827080204,-1.5839656196120075,-0.2983845532068044,1.4469479055391572,1
8,1,361,380,-0.048978047901830864,0.0543559937046035,-1.3306818138288412,-1.2523963511710463,-0.46826264701486364,1.6224693256124394,1
8,1,381,400,-0.04936853798785028,0.0564787306390016,-1.293807885193874,-1.2509061195430569,-0.41953135464426233,1.6187192006264222,1
8,1,401,420,-0.05340384790778478,0.0585674821180856,-1.3139035346596102,-1.270304994271339,-0.3990353853058387,1.7014454458469501,1
8,1,421,440,-0.054233907891036236,0.0594360734730254,-1.344054404725833,-1.2879371787494742,-0.42842847397935274,1.6406429131769618,1
8,1,441,460,-0.052484699421254485,0.0564268198583623,-1.3072406170878208,-1.2689731155935662,-0.37261535563682835,1.6200105549354855,1
8,1,461,480,-0.05489731096107928,0.0589857787823751,-1.2250877584485762,-1.1797664509293595,-0.39207380661862223,1.752536659814907,1
8,1,481,500,-0.061005141453635184,0.0651344649585598,-1.3068786782068371,-1.2637277241445426,-0.38995651820946653,1.7992154046833633,1
8,1,501,520,-0.05845432218053911,0.0720290942952488,-1.3847022660925683,-1.2306275726646505,-0.282315283218822,1.3714443244916605,1
8,1,521,540,-0.06356260604610242,0.0729744316927289,-1.4140012906887214,-1.3342688198995198,-0.018728058483443485,0.9350230432962213,1
8,1,541,560,-0.0614480351084005,0.0685827716288476,-1.3750509113068463,-1.2320388960202402,0.06739038736668353,0.968244642364192,0
8,1,561,580,-0.030803542469920807,0.0556183476384799,-1.1529050302421504,-1.1209862416702958,0.056376321620445854,1.0158683176942365,0
8,1,581,600,-0.0033666001704494414,0.0110520499330697,-1.1324522887375563,-1.119097090608998,-0.004235973422818395,0.9290690503770559,0
8,1,601,620,-0.0071055358134875955,0.0098452540419904,-1.1384802200134705,-1.1186284526205952,-0.01982767889477962,0.9249867666479756,0
8,1,621,640,-0.0024448186924512,0.0064409755171759,-1.1927740868467924,-1.166547774230963,-0.02789748750288395,0.954037838493772,0
8,1,641,660,-0.001422888490348495,0.0044108342791691,-1.2284263276556646,-1.2047034102151424,-0.043130725453548666,0.9734366750021659,0
8,1,661,680,0.0008309336913210148,0.0038546369178148,-1.2067427530983665,-1.1968827253897822,-0.054425752885191234,0.9594406330986152,0
8,1,681,700,0.00011721946474942508,0.0047045371172563,-1.215097186782182,-1.1976566736355116,-0.04422052948004453,0.9493016223142849,0
8,1,701,720,0.006495276600500854,0.0094493727338333,-1.2179832506960833,-1.204453749524172,-0.05903266360669871,0.9677152358752099,0
8,1,721,740,0.0023381829229169398,0.0067924112758608,-1.2571652281666865,-1.2390508512560825,-0.050059144368803724,0.9679431498540632,0
8,1,741,760,-0.004252043997651128,0.0081987211063916,-1.2294103833885308,-1.206117943461297,-0.025437785717761695,0.949096014571275,0
8,1,761,780,-0.010881215269687263,0.0128923559538263,-1.2549910086659761,-1.226713647903353,-0.017564587605660903,0.9294837758489107,0
8,1,781,800,-0.00572959076766873,0.007658541647628,-1.235032912932579,-1.2139532692742814,-0.03087045376742347,0.9401497896191605,0
8,1,801,820,-0.013390125462250924,0.0393994500744882,-1.2342024273584387,-1.2131457870346376,-0.024900589064463387,0.926362114329575,0
8,1,821,840,-0.06550836125489276,0.0808957355108335,-1.3935291136063443,-1.230905243173136,-0.0588990753677866,0.9327276924168265,1
8,1,841,860,-0.03975490307404725,0.0681867940321029,-1.3082797915645017,-1.2403456116726868,-0.04004652037095644,0.9230694967776601,0
8,1,861,880,-0.012057233758528055,0.0184942163555548,-1.2538317045623346,-1.2347396017039354,-0.015457676994690143,0.9095192989415894,0
8,1,881,900,-0.008319798615755635,0.013135615327335,-1.2472928859575723,-1.223228809160149,-0.026251731616333228,0.9351727687905041,0
8,1,901,920,0.0010076981902200999,0.005281495695426,-1.2789480090444274,-1.2416761007082626,-0.04270077740714791,0.9314329679252011,0
8,1,921,940,-0.0019393593339951851,0.008870832107805,-1.2718816207633246,-1.240853702163789,-0.04281200122509229,0.9254487879401317,0
8,1,941,960,-0.0017365258797540951,0.0078353650777492,-1.2878002548605922,-1.248433443934034,-0.06391801457392592,0.9371308136577458,0
8,1,961,980,0.0034860687414055213,0.0114202357428891,-1.2928848207675212,-1.274695552886662,-0.06515745301807893,0.9518807935721201,0
8,1,981,1000,-0.0035433154858372402,0.0091446357668748,-1.2873727275968496,-1.2538828787076803,-0.0627448232867305,0.9673836904643129,0
8,1,1001,1020,-0.00510817024401656,0.0081277362074168,-1.2918084310564752,-1.2801328584296217,-0.06685991430407343,0.9637402888319606,0
8,1,1021,1040,-0.0033260934794474796,0.0063830529409293,-1.2567123533677456,-1.243490439692911,-0.057080110984348696,0.9516468512265766,0
8,1,1041,1060,-7.028220951249119e-07,0.0071098059370676,-1.228504168395292,-1.208654818910099,-0.04270531938683214,0.9304112198674319,0
8,1,1061,1080,-0.000441546919314395,0.0059883542269113,-1.2133202795833782,-1.1985923695159149,-0.025556193288060976,0.9198707811950122,0
8,1,1081,1100,-0.000827409479955115,0.0084013874549755,-1.2223837126102226,-1.1987757706532225,-0.028226987286166277,0.9257994645070282,0
8,1,1101,1120,-0.0050787839104248856,0.011102492653403,-1.2281087884894362,-1.2023183592477793,-0.04225823580471041,0.9392827490814865,0
8,1,1121,1140,-0.001956634114740765,0.0084434259398339,-1.2471228293107204,-1.228467441463676,-0.049710902690757584,0.9337111143931903,0
8,1,1141,1160,-0.00689285011904298,0.0140977747112748,-1.2580002737139946,-1.2270550897512786,-0.04808840533974629,0.9405943274529223,0
8,1,1161,1180,-0.00808639474626074,0.0508437892265388,-1.273029649352947,-1.245536157631462,-0.03855612170217454,0.9457387778992736,0
8,1,1181,1200,-0.05893657464039713,0.0662884078662473,-1.686226779142792,-1.2970765614350763,-0.16895410509937364,1.0569979180524691,1
8,1,1201,1220,,,-2.4310849822045055,-1.963351552035283,-0.8547307137330978,1.6754680078069044,1
8,1,1221,1247,-0.04915928984738369,0.0691922566327844,-2.0854235286786627,-1.761195463775135,-1.16727457130883,1.6741134018950927,1
8,1,1248,1267,-0.04016186587919597,0.0471091115891107,-1.7892046877235301,-1.6996014828585084,-1.0867900318894315,1.781158351046002,1
8,1,1268,1287,-0.03866087604642605,0.0422163604076636,-1.8516065516703377,-1.8252846339011448,-1.1629617026458496,1.7104159939451615,1
8,1,1288,1307,-0.04324577210211843,0.0501585242745103,-1.829814836645308,-1.7949312130672332,-1.150007189864466,1.6987858039883066,1
8,1,1308,1327,-0.04247175651245335,0.0491592686317097,-1.7989357260133327,-1.765405797413106,-1.0941392232312501,1.703538343114873,1
8,1,1328,1347,-0.045061224766861446,0.0529870283887638,-1.8194699547810125,-1.7548338492171345,-1.099298220505092,1.6952046072549138,1
8,1,1348,1367,-0.040219499273631866,0.0456286389261296,-1.868383428743624,-1.8481280257066148,-1.121239426709669,1.6913487100371647,1
8,1,1368,1387,-0.03845267837576217,0.0423769137698357,-1.8009884904741278,-1.7778094682137522,-1.0572208696673076,1.6723510215672017,1
8,1,1388,1407,-0.04056760431209748,0.0434756699898844,-1.8069568784083097,-1.7780497508323063,-1.0327661407158484,1.6646306268425266,1
8,1,1408,1427,-0.038759840375441564,0.0431773862942636,-1.8505740574391254,-1.80182378528956,-1.1035100280044465,1.5441168627694382,1
8,1,1428,1447,-0.034591617069385114,0.0417528991464187,-1.8539458660616845,-1.7850013953695891,-1.165270807877893,1.6373745403354873,1
8,1,1448,1467,-0.0375758434168989,0.0448005539686251,-1.8619097314596313,-1.8211147956245053,-1.1591825946231509,1.6687982604673501,1
8,1,1468,1487,-0.03530073490626051,0.0408124734638113,-1.7938379214306948,-1.763257162222572,-1.1801124018137612,1.6709771731889593,1
8,1,1488,1507,-0.04702027023472327,0.0533053236056306,-1.938722157522913,-1.8090330124471696,-1.1760529243796356,1.3821080010555022,1
8,1,1508,1527,-0.04741637195339509,0.0499815231066795,-1.9850296853196803,-1.9295871780706544,-1.2054770070914986,1.374011981236078,1
8,1,1528,1547,-0.047994153380216675,0.0515879988797811,-1.7479845668177592,-1.6569279956874348,-1.0562529846467117,1.6223424171164122,1
8,1,1548,1567,-0.04928447667112595,0.0529787753200594,-1.7883463068192142,-1.7342841422159965,-1.1307385888362145,1.5460058985215026,1
8,1,1568,1587,-0.046548834775128695,0.0530626597621722,-1.8089236751466475,-1.6903878017331382,-1.2208694774387117,1.515656742030911,1
8,1,1588,1607,-0.039995240251614175,0.0465794527303146,-1.7842522480044352,-1.732809116363082,-1.0950749910002044,1.6615092727982095,1
8,1,1608,1627,-0.038584825875150316,0.0415822968533203,-1.8179659568512307,-1.7642780933935651,-1.114485747103632,1.5922300180927684,1
8,1,1628,1647,-0.03771841287908252,0.0435530782785047,-1.8931487681265673,-1.832347328587405,-1.0963723807668604,1.5701658881851883,1
8,1,1648,1667,-0.04481155773927895,0.0515599056768951,-1.9629776640126095,-1.9103781455444595,-0.9100537995875193,1.5183038181661148,1
8,1,1668,1687,-0.04304986722040833,0.0559405706002871,-2.071010236364262,-1.979239823188741,-0.9322289647559318,1.4433025235700632,1
8,1,1688,1707,-0.029385072253672363,0.0309454600104835,-2.2304250011152527,-2.05807369119512,-0.9428318802176806,1.520103483871367,1
8,1,1708,1727,-0.04938985523255068,0.0648107422595205,-2.215842687803366,-2.103595395745565,-0.9318164616219603,1.5212501568013006,1
8,1,1728,1747,-0.0904790096089503,0.1106289587460839,-2.322990795531072,-1.9275062734955628,-0.17392276762573888,1.4097720837699772,0
8,1,1748,1767,-0.049984104376076484,0.0890232789898607,-1.6241318649029826,-1.407299207476708,0.12072089480688111,1.0305631059135947,0
8,1,1768,1787,-0.009332039464035519,0.0301499846954392,-1.3089440106321528,-1.2400305521786423,-0.04785068339000824,1.0048914704219019,0
8,1,1788,1807,0.000261751499271775,0.0111250038072582,-1.2541041231596002,-1.230356304702491,-0.039731348416603265,0.9839847272135769,0
8,1,1808,1827,-0.0008373939985784909,0.0053969115586984,-1.247104148503694,-1.2345878370193948,-0.040384516723495044,0.9642966629475047,0
8,1,1828,1847,-0.0046177322900224655,0.0073281865137242,-1.2352437954029714,-1.2270968468344767,-0.04179486873632198,0.9540877638042066,0
8,1,1848,1867,-0.005793953304701789,0.0075593757671731,-1.2334042139352772,-1.2200246834621586,-0.03695332344384018,0.9408190574333137,0
8,1,1868,1887,-0.0025400714203933058,0.0050789262779469,-1.2368221081542068,-1.2194661057929306,-0.04648493925787116,0.9519122686139306,0
8,1,1888,1907,-0.0008229431202502241,0.0045985616338623,-1.2436301464309496,-1.2269072621607873,-0.04286937057729402,0.961507619748815,0
8,2,1,20,-0.013979495990480558,0.0169647235102758,-1.4852828594005287,-1.342188832862586,0.06653544894686485,1.2184657279318563,0
8,2,21,40,-0.01165006104499171,0.0145029074986661,-1.5526617295896505,-1.4806379203844036,0.049156192207254826,1.2428255456411565,0
8,2,41,60,-0.009835120235758886,0.0131582050133232,-1.5312607748243268,-1.3804654880901694,0.06001502849142287,1.2227360875548068,0
8,2,61,80,-0.007969765791209145,0.0112456998909481,-1.519380178343443,-1.4044258773776264,0.05676511892375778,1.2122523232082136,0
8,2,81,100,-0.010324555526553689,0.0130048220994541,-1.5391918315735045,-1.494206378759879,0.07939181198805914,1.2477832001426707,0
8,2,101,120,-0.021626308936414124,0.0274241672164037,-1.4530439403005204,-1.3612010747436714,0.10984452834283558,1.2186045446448321,0
8,2,121,140,-0.026883280449917592,0.0325378221025199,-1.4159068530915464,-1.373199984180514,0.1713549424493152,1.207031473712199,0
8,2,141,160,-0.02973894108819077,0.0332761852919255,-1.380558566449475,-1.366431920060564,0.14309358833426805,1.2062852487144924,0
8,2,161,180,-0.03284774057576901,0.0445111054440831,-1.45805694916834,-1.3560570074777505,0.1654966937351015,1.2727051555657494,0
8,2,181,200,-0.029479840370177295,0.0497554129598402,-1.493607189277299,-1.3767365460129763,0.13353694233535754,1.2559292033829963,0
8,2,201,220,-0.022703272364897935,0.0318481184025173,-1.4223133431647694,-1.376349073647118,0.0028029657896803855,1.1854552345963703,0
8,2,221,240,-0.013595202633224075,0.0200700036452382,-1.3737852786180809,-1.2685940902656472,0.029077266347255704,1.127863603964024,0
8,2,241,260,-0.017104124948013368,0.0213923475624173,-1.291059681618669,-1.1885062540053046,0.03211403120688368,1.135726970477489,0
8,2,261,280,-0.021278586662566663,0.0267820639825144,-1.3684229446104372,-1.3190485221603012,0.0610653127600055,1.1563181527069568,0
8,2,281,300,-0.023943544127251432,0.0286501358751525,-1.3544929607801994,-1.2957541368410397,0.07420562891868566,1.1569933738080267,0
8,2,301,320,-0.01934990723777455,0.0301505510326237,-1.4143921597521736,-1.3764217003940726,0.03512962470516873,1.1624728804537272,0
8,2,321,340,-0.024831041262199514,0.0338309376207842,-1.4292776886470842,-1.3668094064313918,0.03798699345855775,1.1886102983371105,0
8,2,341,369,-0.029864179756697817,0.0355873023482505,-1.3961334341093845,-1.3314182992328305,-0.020066612244323746,1.16642827953385,0
8,2,370,391,-0.010538379979280945,0.0273675319174446,-1.6410611430896338,-1.581151071848086,0.026323964912445912,1.2299040990973824,0
8,2,392,426,-0.009212397785148605,0.0129981118902697,-1.6243470634935302,-1.5876976160331793,0.020967242827467838,1.1843020103848065,0
8,2,427,446,-0.00494852840740645,0.0091662478719384,-1.605882392810734,-1.5790978523274604,0.028684988010806056,1.190866477670662,0
8,2,447,466,0.000556336494238045,0.0059202875321954,-1.600613390138588,-1.5573219324370162,0.01982705316620726,1.2176757437991923,0
8,2,467,486,-0.0017901390747462448,0.0056771310557117,-1.5810824751113268,-1.5498041315286462,0.03509521787943845,1.2012553083473354,0
8,2,487,506,-0.004807886982574109,0.0058189114858473,-1.539898684681043,-1.4808601891366917,0.040016350686604266,1.20139807386382,0
8,2,507,526,-0.005259580865138331,0.0064262635843802,-1.5176388832403993,-1.4399941934059222,0.07156802906631661,1.1610494992693385,0
8,2,527,550,-0.013294249711239912,0.0285979528050256,-1.4935447215135613,-1.3699488207411543,0.10464654240495881,1.1684486610018476,0
8,2,551,570,-0.02939103641762798,0.0360762527190839,-1.427706600324577,-1.383782959178846,0.12402190801419917,1.1693889659075067,0
8,2,571,590,-0.03598143399109027,0.0407527627081104,-1.4330891944007456,-1.3769650369954896,0.1558264419670427,1.1852907461367648,0
8,2,591,610,-0.04024309948534558,0.0448127976069808,-1.357751733634585,-1.3250767163947033,0.1473366924548575,1.1758110282418113,0
8,2,611,630,-0.036415295592354395,0.0415221101390472,-1.389971996659908,-1.3331573334913136,0.11806997959630147,1.143965797898365,0
8,2,631,650,-0.049651585365544135,0.0565486018026113,-1.3894607701805113,-1.366051014037867,0.1015361792729117,1.1265794206021227,0
8,2,651,670,-0.047242344218293306,0.0553949997429443,-1.3940163030082828,-1.3717299133620846,0.11813518132160991,1.1384664285783928,0
8,2,671,690,-0.04106533134059058,0.0459292405036276,-1.3472628208031951,-1.2704307670786148,0.1238472020732728,1.1335496318949059,0
8,2,691,710,-0.0355386183736041,0.0445505672911021,-1.4434189279134615,-1.378634776085694,0.1022231956963909,1.2086419245644626,0
8,2,711,730,-0.03272604555178325,0.0410295603097659,-1.466450795863528,-1.3790144422306103,0.10089824167202033,1.1775345906772352,0
8,2,731,754,-0.04025023507629281,0.0515681163905036,-1.9803237674906886,-1.6549626751077513,-0.024837954793555272,1.5000890179796884,0
8,2,755,777,-0.00862343285583381,0.0246307622150121,-1.7624954239361557,-1.5618165322145918,1.2478782641749641e-05,1.3526865756151358,0
8,2,778,797,-0.03974639843258416,0.0629486059277689,-1.5482684659467203,-1.3443443751461623,0.14503326204383746,1.3113606741394856,0
8,2,798,817,-0.054196644305112084,0.0715399009861541,-1.6423056874812079,-1.4474437540065923,0.24071562681907568,1.1916893159237092,1
8,2,818,837,-0.00195801541668117,0.0321268506804213,-1.277048199154239,-1.1521732152920383,0.1440830291284435,1.2487849548675158,1
8,2,838,857,0.013148403019839133,0.0206651785978136,-1.3393596817010138,-1.170330811395779,0.08509762398244035,1.3297565063523533,1
8,2,858,877,0.01322485838749595,0.0186646808987357,-1.4479025361737912,-1.2181514048576862,0.10127842137483327,1.3272485576882231,1
8,2,878,905,0.013920200326393063,0.0178724557150324,-1.656252307802624,-1.1984037475287193,0.12517703565794372,1.5412672155256026,1
8,2,906,925,-0.015373306244736913,0.0261847182527348,-1.4747003383546784,-1.1938185223229532,0.10040312941842533,1.349313863559765,1
8,2,926,945,-0.04249002265136091,0.0558228178675264,-1.6389738735553396,-1.4639298041773918,0.1297213075312366,1.2641338864772023,1
8,2,946,965,-0.04947224099347447,0.0563833653688467,-1.8102288946062934,-1.6403504108880789,0.19290629127970757,1.1752282579590703,1
8,2,966,985,-0.04245248044691756,0.0522881162122181,-1.83369150772144,-1.634740870100441,0.19974889258336673,1.1169256271340364,1
8,2,986,1005,-0.04983177105774515,0.0619753476052549,-1.863856251551765,-1.589273233195743,0.2490290239305608,1.0220200061572282,0
8,3,1,24,-0.0034827200162409456,0.0058080276707392,-1.5187651215556448,-1.4710845815747535,0.04389458838501355,1.112092590281613,0
8,3,25,46,-0.00379173111793671,0.0049723640129778,-1.5524998711293532,-1.539051123243563,0.05853913697158255,1.1427948014401748,0
8,3,47,77,-0.00422481960880396,0.0053843337247812,-1.5623630500490706,-1.524792337062269,0.05464308690112324,1.148444644117805,0
8,3,78,101,-0.0048603270737678,0.0064371993778135,-1.5756648799658703,-1.5524099379085718,0.04662585653345214,1.0901434800714358,0
8,3,102,121,-0.003341178167243,0.0057173819622204,-1.5462887910988354,-1.5178323895414452,0.038887525194178596,1.0813634806125845,0
8,3,122,141,-0.00216715374185555,0.0035458466798985,-1.5310670107970292,-1.505576143167985,0.027736967582958304,1.0992553919923096,0
8,3,142,166,-0.005567836689998084,0.0085129213469245,-1.566417470496769,-1.542905758621402,0.04101620758595278,1.093917215225618,0
8,3,167,186,-0.007301697860490506,0.0101918619677507,-1.553830546528039,-1.529033115756614,0.03657033489910335,1.1244319468727297,0
8,8,225,244,-0.008657453465736249,0.0109336626496322,-1.5813406044370095,-1.5338167354840948,0.017004084208374886,1.0572830391025148,0
8,12,337,366,-0.019196743308048592,0.0315533537215555,-1.4367191037101423,-1.3023057927828487,-0.06618987727889165,1.2141640253180546,0
8,12,367,390,-0.011301808947006425,0.0242511733404665,-1.6148173595237334,-1.4687392918174562,0.01995265013663399,1.111648299011777,0
8,12,391,410,-0.009620526994653567,0.0162606956119636,-1.6128641668828443,-1.57517244250879,0.0008465481108272249,1.1362471289348917,0
8,12,411,430,-0.009010618908318287,0.0150685841987461,-1.6231062480331855,-1.5789080940479745,-0.013986327604800161,1.1288045087350533,0
8,12,431,458,-0.002864821621565915,0.0058962290878217,-1.643412481833132,-1.6071718879438512,-0.0012842055468689404,1.1568435615908441,0
8,13,515,554,-0.06287605989645935,0.0694161447379946,-1.6818934612150795,-1.5819192916891445,0.013130073366177681,1.069435191390503,0
8,13,555,574,-0.04296479205404048,0.0703038052721469,-1.429745088740916,-1.3126159881652684,0.13964303722002733,1.125878114778905,0
8,13,575,594,-0.006170620187576809,0.0191647576016809,-1.3055202345749364,-1.2881793124446634,0.04663427541683805,0.9998399296911501,0
8,13,595,614,-0.008582437968641126,0.0105703798103654,-1.3009965451423722,-1.2815353361422104,0.02460622476517613,0.9934628589457615,0
8,13,615,634,-0.003798641617874765,0.0060904746143301,-1.3404171802693243,-1.3069148555614454,0.016244211464172535,0.9843693711046564,0
8,13,635,654,-0.00203681530484364,0.004671031717673,-1.3634712282836705,-1.3352111491039906,0.0023011330907540097,1.0033395853750857,0
8,13,655,674,-0.0013335325830032964,0.0058892976886577,-1.3648355444981641,-1.344020596923904,0.000976151013589905,1.0151397107401647,0
8,13,675,694,-0.00224731352419017,0.0060748722847867,-1.3628772604109578,-1.33973744504805,0.008839569595981766,0.9955496200825633,0
8,13,695,714,0.001971638644058667,0.0058680481700703,-1.3635915507446519,-1.3523124703810137,-0.006242601541620815,1.0130126936255412,0
8,13,715,734,-2.7741793006827487e-06,0.0035814051068061,-1.3964264148903693,-1.371098683355445,0.01043166796465084,1.0204977037269036,0
8,13,735,754,-0.0037696273171969495,0.0076650586439716,-1.372254919001739,-1.3452319224929736,0.02479419986551729,0.9956928215891712,0
8,13,755,774,-0.009710841900801466,0.0119784553113018,-1.3811707816017647,-1.363483892169922,0.040028207825468703,0.9498591369044103,0
8,13,775,794,-0.007914016402417425,0.0106512836193177,-1.3865232898991242,-1.3614590621136466,0.033908355687323366,0.9544397111346676,0
8,13,795,814,-0.009569929417458763,0.0150101467192274,-1.39154079182877,-1.3819040287236113,0.03445917947407666,0.9700519721782627,0
8,13,815,834,-0.049048330796772024,0.076536736583871,-1.5729841079693097,-1.402527517669833,0.02529842721577207,0.975556871900422,0
8,13,835,854,-0.051659790925795944,0.0639333559907474,-1.6420744644109646,-1.4486267781326534,0.037716000524119324,1.0161535823358274,0
8,13,855,874,-0.013978732904157751,0.020318201410207,-1.435419180470801,-1.4186935943651888,0.05265008357338693,0.9487410083403901,0
8,13,875,894,-0.00952238861369562,0.0133008431009664,-1.421937677349778,-1.4115260650917838,0.05856122149328179,0.9564145600048206,0
8,13,895,914,-0.005424427615607965,0.0143601016942984,-1.4119540743073944,-1.38009084809809,0.03954525415918547,0.9677289970147486,0
8,13,915,934,-0.0019769298672238553,0.0077902538355633,-1.4151413639929864,-1.3934866956359573,0.0373397319242059,0.9671895759412372,0
8,13,935,954,-0.004333321490520596,0.007190288390028,-1.40606834358675,-1.3848659294046357,0.010665676327898365,0.9604547849192165,0
8,13,955,974,0.00124745123265806,0.0065502854815787,-1.4311116752296835,-1.4122351919416902,0.0076023556719192545,0.9700050210098645,0
8,13,975,994,-0.0039882055116259325,0.0095991372005745,-1.4262159721388326,-1.4061647581326748,0.011963474653026433,0.9978354236203805,0
8,13,995,1014,-0.00531461460419308,0.008660495557736,-1.4334851101909354,-1.410749932191953,0.021089273880813202,1.0070575352644584,0
8,13,1015,1034,-0.005665813359390371,0.0087287571651966,-1.4168168139966422,-1.3891893185298625,0.01073709576098585,1.017095704900298,0
8,13,1035,1054,-0.0036875066013767202,0.008780150733849,-1.4005951390717413,-1.3853210276113352,0.013801517599518365,1.0079574587708804,0
8,13,1055,1074,-0.0050724369701087,0.0091237416068843,-1.3815630895118223,-1.3615256505808626,0.027721352437349238,0.9969064402703676,0
8,13,1075,1094,-0.0024890545260713532,0.0078853971682566,-1.3712910318457323,-1.3589847491190243,0.018568074870457092,0.9991452607177809,0
8,13,1095,1114,-0.00633790624753356,0.0117256292849946,-1.3681673669673555,-1.3500977738469138,0.012033330159316015,1.0024373115986212,0
8,13,1115,1134,-0.00213705611427014,0.0057445608565828,-1.3800000563499393,-1.356337756153649,0.016366381796669802,0.9758721803957737,0
8,13,1135,1154,-0.007808645141265639,0.0134155385084416,-1.3897151242483807,-1.3636684158537582,0.018825981130537666,1.005142886069566,0
8,13,1155,1174,0.00047063398530565486,0.0086554991567335,-1.4047034737428805,-1.3849693389605937,0.012962922205490664,0.9965563904247888,0
8,13,1175,1194,-0.039997588390836246,0.0563434117320925,-1.7843878283425885,-1.3978766910157054,0.0700574195611349,1.1132991481503056,0
8,13,1195,1217,-0.0634203081019674,0.0634203081019674,-2.404380981007033,-2.202926326757495,-0.551733579371352,1.4071289382794512,1
8,15,700,734,-0.024325271960635324,0.0378148004839368,-1.6366873507118633,-1.3384088602966853,0.08735520006300872,1.2137432902462628,0
8,15,735,754,-0.023326998846170798,0.0319330827175746,-2.264718576590778,-2.03866723557649,0.11359952853312887,1.5135487457000878,0
8,16,730,749,,,-5.24202346010439,-4.116597502550943,-0.015074565996430178,3.2243506729929763,0
8,16,750,791,,,-5.457845995885681,-5.263022489648569,0.0441268827160544,3.4905877078748153,0
8,16,792,820,,,-5.19579191188254,-5.092413543228174,0.19662255550051197,3.145468527152194,0
8,16,821,847,,,-5.169914805593054,-5.062688761255,0.14063002862972168,3.2047176511238398,0
8,16,848,867,,,-5.196925190081046,-5.132132624288554,0.1551085654446453,3.161979293074002,0
8,18,907,926,,,-5.534037774726971,-5.294337063194309,0.19554482512297156,3.814224534354311,0
8,18,927,946,,,-5.511624273474867,-5.439666570813666,0.13381303468234787,3.916490550341152,0
8,18,947,966,,,-5.569050846145982,-5.54719549363967,0.18522452864616185,4.123103308404185,0
8,18,967,986,,,-5.562532715012525,-5.487722203520359,0.20062200911760023,4.093006965491308,0
8,18,987,1006,,,-5.600567517971368,-5.549365177161593,0.1862305624459423,4.09510011438414,0
8,18,1007,1029,0.0066752292279628495,0.0079546376081819,-2.8396160727314816,-1.851445406393267,0.19509980495688906,1.8589520178857968,0
8,18,1030,1049,-0.014499020684292952,0.0287135621801854,-1.5882004679897122,-1.4289156455939918,0.20870108481824565,1.3132028058109202,0
8,18,1050,1069,-0.0036314944839923604,0.0233647094447924,-1.5404121473762542,-1.507531123459961,-0.0658774822374054,1.3142369383620631,0
8,18,1070,1089,0.016911460247177428,0.0233813499379872,-1.572615880598234,-1.5347741341478758,-0.07574131525999414,1.246479184460714,0
8,18,1090,1109,0.01176776734914503,0.0211483020122355,-1.6087186237967384,-1.5784159407402616,-0.12136382417237834,1.2300312925524681,0
8,18,1110,1129,0.002001571620528495,0.0115127561312143,-1.5543861692696177,-1.4913946461426442,-0.15320918061537994,1.2167824695758205,0
8,18,1130,1149,0.009557211680266669,0.0158856241564903,-1.5940928395630587,-1.55564616055074,-0.11277343411779736,1.1881978088378695,0
8,18,1150,1169,0.008453629908233845,0.014104114005202,-1.5692870412134223,-1.543055961123188,-0.10427152550216998,1.1726733540749683,0
8,18,1170,1189,0.007460225974840026,0.0090895536635589,-1.5829784494033612,-1.521847340279412,-0.10784309361941376,1.1664987818825328,0
8,18,1190,1209,0.00138135254050796,0.0077068563885297,-1.5849656033195019,-1.5197199548692284,-0.09654972338965287,1.1969756771505886,0
8,18,1210,1229,-0.0032407792804538147,0.0061999385941418,-1.5320186821793007,-1.4919589803471038,-0.1050768471985061,1.2085961463297994,0
8,18,1230,1249,0.003717122053850365,0.0124894163613387,-1.5597058080862818,-1.5120263475957914,-0.10072073258970937,1.2020734892177725,0
8,18,1250,1269,0.004564041214563169,0.0058526316351285,-1.5679619857985077,-1.5392991114893564,-0.09449620397085304,1.2210012721964456,0
8,18,1270,1289,0.0035811838894409947,0.0058014380538391,-1.5362161880677856,-1.527125766675124,-0.09976984987878083,1.2298582490764582,0
8,18,1290,1309,0.002701047609700055,0.0057387394114441,-1.5365144818485068,-1.523980498398209,-0.07174535053914954,1.2312960279261924,0
8,18,1310,1329,0.009271662676873054,0.0140270468584721,-1.595139861655661,-1.5597827787947034,-0.04894948191164646,1.2008488065064087,0
8,18,1330,1349,0.010459010867211141,0.0122334134113945,-1.5962005645272888,-1.552154006049972,-0.04536518038334476,1.1855228742213648,0
8,18,1350,1369,0.00125563282011913,0.0090649384487013,-1.5701066522035891,-1.525123508813431,-0.06075206537032714,1.200302504207816,0
8,18,1370,1389,0.009268825693992682,0.0143768169705248,-1.5516638291415727,-1.478581890159948,-0.06973288570712768,1.200770296254032,0
8,18,1390,1409,0.00491057740317644,0.0151021115980534,-1.5084870851790442,-1.4782826970788514,-0.09690935404813387,1.258090094244546,0
8,18,1410,1429,0.003123488662962955,0.0047418924706176,-1.5282334591910818,-1.5078526348377288,-0.1007101622728012,1.259714697625439,0
8,18,1430,1449,0.006734426075784809,0.0092811743189379,-1.5562250924633982,-1.5301084350031569,-0.11444563137194537,1.250722593198336,0
8,18,1450,1469,0.004375886540906164,0.0067970549094376,-1.5556154644277718,-1.5322177766018288,-0.10109124583706816,1.2247090026371836,0
8,18,1470,1489,0.007244188184312321,0.0133674170795322,-1.5483851379066211,-1.5132871444339848,-0.08881717254463342,1.2028047967284947,0
8,18,1490,1509,0.0004384330815426801,0.0096310683817128,-1.5341274633858266,-1.5201549481230163,-0.09994973171412555,1.2403521793881636,0
8,18,1510,1529,0.01996030707144786,0.0462746815390103,-1.5363521005618774,-1.4898773736127795,-0.12130400906655833,1.2566709532598508,0
8,18,1530,1549,0.03533133135014794,0.0382816923376382,-1.6838813413738134,-1.6480758171662069,-0.1398273906015862,1.3613418842084717,0
8,18,1550,1569,0.0353008499569703,0.0392439742882039,-1.6743097702052978,-1.6499933371163589,-0.14128388397489997,1.3634737931389456,1
8,18,1570,1589,0.017773041930101586,0.0409842738282603,-1.5586677553142685,-1.4924274066401837,-0.11666022993123426,1.3104285203993713,0
8,18,1590,1609,0.007299283546521406,0.0143600735955443,-1.5185371891628185,-1.5037172661295972,-0.06063570119270123,1.2749121920888276,0
8,18,1610,1629,0.007494431613916536,0.0119686006186146,-1.5148847673760129,-1.4824202804451114,-0.037303867971459626,1.2864191263116465,0
8,18,1630,1649,0.002289428064990877,0.0050615673662351,-1.5548261902944087,-1.4666595720184354,-0.02184430141689732,1.2798744099108492,0
8,18,1650,1669,0.0021887427028255096,0.0048985037356073,-1.6043218674713444,-1.5683744685528394,-0.05475778056629763,1.2759148488118104,0
8,18,1670,1689,0.0036838121620213966,0.0085858263722629,-1.6544672672418348,-1.6304186965461909,-0.08377400339396372,1.2714807099869467,0
8,18,1690,1709,0.0021727058798488,0.0061416593767609,-1.6164508175717742,-1.605413691073846,-0.08864330881457008,1.2741565178862002,0
8,18,1710,1729,0.0014004430557090462,0.0092016388714557,-1.616221037882843,-1.5788064785678242,-0.09370395993642268,1.2290338521709778,0
8,18,1730,1749,-0.0038542183800043097,0.0112030112224554,-1.6161822744696788,-1.5852753984398835,-0.09489520469921824,1.1956781448263212,0
8,18,1750,1769,-0.003888356959645195,0.0117067554328192,-1.597070582262669,-1.5708576857722043,-0.083274141351749,1.1874811790264976,0
8,18,1770,1789,-0.003601251196852625,0.0093340835357245,-1.6282185255228376,-1.5912992868775664,-0.08243057118576726,1.2114339558264167,0
8,18,1790,1809,-0.0008984234951333349,0.0057278788468386,-1.666659966827209,-1.6339365003319892,-0.09203968938984684,1.2187438152701273,0
8,18,1810,1829,0.0013797195524893997,0.0078770621302862,-1.6799573122739535,-1.6451387000771576,-0.05195818290495097,1.2319076307539516,0
8,18,1830,1849,0.012619255918899055,0.0183689980337552,-1.5870704146810009,-1.5169546221411525,-0.0910985613890117,1.235401160905282,0
8,18,1850,1869,0.019366213304184192,0.0227388963725262,-1.5652456518947062,-1.51239770533953,-0.11481240515538112,1.2438646704864373,0
8,18,1870,1889,0.018418276835434032,0.0230681611516851,-1.5546704048877453,-1.535880642041669,-0.12926924990364824,1.2150924031686476,0
8,18,1890,1909,0.015009075592156283,0.0212797261897475,-1.5940287919610827,-1.5636001849196597,-0.11773407583834765,1.213148363054557,0
8,25,1225,1252,0.03218592715150321,0.0427184764081906,-1.7195618428704287,-1.3644526622363993,0.13560217054166382,1.4213465083724102,0
8,28,1678,1733,0.013548220928736735,0.0396337250967024,-1.6614676263058914,-1.4266318707366934,0.22496074063153224,1.2522434289394453,0
8,29,1731,1763,-0.04733885515671333,0.0725602507159831,-2.101741537330875,-1.8000452102163484,-0.04157699161891004,1.2417828299505276,0
8,29,1764,1783,-0.013727345284102282,0.0404482649295686,-1.5351219752496967,-1.4114157765374358,0.010811519147084645,1.0948466254802258,0
8,29,1784,1803,-0.000441684036764085,0.0097209032067161,-1.369685563023138,-1.3452073995881426,-0.008237609760059708,1.0464812943861248,0
8,29,1804,1823,0.00210921118372366,0.0059406655337679,-1.3583097589959052,-1.3436780823858192,0.009401460527932979,1.0310645077874219,0
8,29,1824,1843,-0.00055939570945685,0.0034128793586256,-1.3420165451837966,-1.3197586564020554,0.011928682296412203,1.0212469237508865,0
8,29,1844,1863,-0.002533256142500475,0.0045891621086245,-1.3346511968634323,-1.316811513460254,0.018053078151773812,1.0004754404287444,0
8,29,1864,1883,-0.0019248005352524324,0.00474486158964,-1.3448486138496065,-1.335486507135031,0.012453832348249266,1.0046617160738047,0
8,29,1884,1903,0.0026053229646826343,0.0044809738330298,-1.354195251203588,-1.3402184872983576,0.011349091210332117,0.9986246709048588,0
8,33,1871,1898,0.003174415239191275,0.0139065610859728,-1.195679257969673,-1.120313156635624,-0.16335830790498532,0.9746693240773346,0
9,0,1,20,-0.0008063881858142548,0.0063866192749613,-1.4295633321615813,-1.3700585307363469,-0.1303189716106268,1.0076866267752325,0
9,0,21,40,0.0031830156866712095,0.0110416376785026,-1.3699472836322515,-1.2862807167223198,-0.07994822164706193,1.034637396066391,0
9,0,41,60,0.0005468328477945308,0.0056133735215588,-1.3632768896498126,-1.3352859394905383,-0.11594340704145452,1.0260279268843457,0
9,0,61,80,0.009885023297915189,0.0174652712717857,-1.4175986369153093,-1.3767854597990197,-0.044442612292877784,1.060161429774556,0
9,0,81,100,0.012758176348034722,0.017189082230634,-1.2815192512009461,-1.2175326376591813,-0.056740475703922176,0.9847755381529801,0
9,0,101,120,0.01638723921136831,0.0214621049609226,-1.4338047288544784,-1.3506780647412198,-0.10555005768511942,1.0856901437626845,0
9,0,121,140,0.006729624037967209,0.0117387251293522,-1.4933411418017477,-1.3478046419587904,-0.058022444370541645,0.9784890891744183,0
9,0,141,160,0.006579492296922636,0.0148452699270674,-1.604981595784714,-1.5465522052504908,-0.07575107111361705,1.018540313399189,0
9,0,161,180,0.0033660770952563855,0.0068014360812669,-1.4859029448631744,-1.3915469605014816,-0.07003449760601524,1.0399631092308441,0
9,0,181,200,0.0007814449604620201,0.0065607844197789,-1.3917776664346275,-1.3552776165648088,-0.02445010398045711,0.9800389489792917,0
9,0,201,220,0.00629538680511566,0.0126379405197242,-1.4142171997827426,-1.334330588844802,0.003838687861906169,0.9807619473560155,0
9,0,221,246,0.005006843044883775,0.0133691761192728,-1.406027739360452,-1.3403219585906467,0.021656794816687662,0.9946568008546641,0
9,0,247,267,-0.0014709544684995,0.0054335746813346,-1.4518761627932835,-1.360895119645182,-0.030847066100171,0.9682251562031989,0
9,0,268,287,0.0024301999421231,0.0082129300397764,-1.2388720733109342,-1.0966614232538054,-0.0755199231821255,0.8634853123109826,0
9,0,288,307,-0.00110881469585923,0.010554732820193,-1.1817863672940585,-1.1333017925240123,-0.137621872746901,0.7491050365336257,0
9,0,308,327,-0.014846786447233232,0.0209842111442343,-1.3100246588548605,-1.226964718026864,-0.11561633194822314,0.734390385976282,0
9,0,328,347,1.4356751450482486e-05,0.0098062554203116,-1.2226415386501281,-1.1538578641873969,-0.09884137998295454,0.7954147051266347,0
9,0,348,367,-0.0009139526256068883,0.0114733563518642,-1.2225441737375928,-1.1957795371498172,-0.0772319451820445,0.7793353627630674,0
9,0,368,387,-0.0020563102859486706,0.016117651443313,-1.3418759777787366,-1.2591907102282245,-0.07026790278618422,0.7553576077610866,0
9,0,388,407,0.01230920772233372,0.0176210274767307,-1.4280819750631646,-1.3676047221381036,-0.09804500349811594,0.6175881209335622,0
9,0,408,427,0.004071655910117394,0.0168131255804354,-1.4240726121676102,-1.3505891061281508,-0.1312225598387519,0.6022216380623383,0
9,0,428,447,0.00021975739818846503,0.0048293556762752,-1.397199841120963,-1.321728848874212,-0.15076353442579862,0.6412755875297528,0
9,0,448,467,0.00336601379378832,0.0061319390713777,-1.434703185516088,-1.3985859065516693,-0.1409045478568936,0.647506530918607,0
9,0,468,487,0.011831759436750921,0.0182301248763357,-1.3944654319033551,-1.3622866844886792,-0.15885642790700993,0.6936825648303389,0
9,0,488,507,0.010147847289640913,0.0162110399770363,-1.3292758802819473,-1.3026016910599714,-0.21620128991403637,0.7102693831765975,0
9,0,508,527,0.017754766383205563,0.0207063774616918,-1.3729762508834353,-1.3235034544969326,-0.21680633137081892,0.7008236106666949,0
9,0,528,547,0.027534668605848987,0.0332266758634784,-1.2986302290581089,-1.2678967717223466,-0.21796849602821178,0.7207568699484638,0
9,0,548,567,0.025241528208411957,0.0296384722771938,-1.2793181649400822,-1.2472511177122705,-0.20622349192000544,0.6808404397586169,0
9,0,568,587,0.013774145474036775,0.0208551965799301,-1.316284284480941,-1.2929209537104902,-0.11619282687093191,0.7037604196921058,0
9,0,588,607,0.005801986040816915,0.0098900874980132,-1.3839265423976563,-1.3280265628754346,-0.09769184437488912,0.6468063585277312,0
9,0,608,627,0.01430946174834564,0.0198973215847263,-1.3971973521024836,-1.3698135770230846,-0.09693095082238003,0.6427345986338028,0
9,0,628,647,0.005263018037669869,0.0085510326086539,-1.3220223972288925,-1.2806377946706162,0.015772625423093257,0.8514942387120404,0
9,0,648,667,0.010709825162108182,0.0130176662612814,-1.3361788821658762,-1.3111137593105506,-0.025164984459249605,0.8974296647244339,0
9,0,668,687,0.009906586646370839,0.0122406443832371,-1.3064997956866278,-1.2803077738175512,-0.018698738460556003,0.8895985766536937,0
9,0,688,707,0.0048369813455684295,0.0087123983451164,-1.325154588650383,-1.283523312331773,0.019022356554992896,0.7431095821059699,0
9,0,708,727,0.007715792116503124,0.0101837835474651,-1.3114645378115621,-1.2823507796090932,0.0327877911356889,0.8871576425083841,0
9,0,728,747,0.00707379722770503,0.008604719114187,-1.311181656791823,-1.2834323686123013,0.004459496385271254,0.9193632548814789,0
9,0,748,767,0.006516762657528251,0.0112676429504002,-1.3169022230571874,-1.2511285585052323,0.0038899476822109244,0.614039516045148,0
9,0,768,787,0.00987662389062613,0.014511026529266,-1.3334760408112662,-1.3143199400013474,-0.041603716505096006,0.6198878303786242,0
9,0,788,807,0.013638203924829437,0.0184858299180852,-1.3675556120541077,-1.3197060192902597,-0.015357354760202493,0.6541968023891629,0
9,0,808,827,0.009564981858763966,0.0169335972909156,-1.38720786656868,-1.344037339625035,-0.008229317627406571,0.6627772028206149,0
9,0,828,847,0.002981733033680435,0.0106484666596027,-1.4150183685076638,-1.3794746422336877,0.0013024446092436504,0.6527718277789285,0
9,0,848,868,0.001277583485205219,0.0062746148199107,-1.4593029715210009,-1.3797908585666028,-0.006845860659878725,0.9883994444593738,0
9,0,869,888,0.000442073868823806,0.008983848767904,-1.452328648791391,-1.3637092688875272,-0.04708066567089053,1.2095844108906095,0
9,0,889,908,0.013041367519626337,0.0223902571351507,-1.3297578299179715,-1.2548478950954305,-0.11216743775621421,1.1355915796730933,0
9,0,909,928,0.012784047546516275,0.0215546357576652,-1.290513868759765,-1.2252633336102792,-0.12883867471594063,0.8681857323064133,0
9,0,929,948,0.01575725888219231,0.0216607533011867,-1.275964534902168,-1.171090986035997,-0.14735961889025084,1.056649724771268,0
9,0,949,968,0.009149155484276975,0.0155452513329702,-1.211463815445589,-1.1417001381026175,-0.09726708227861416,1.1233101983272158,0
9,0,969,988,0.011426476356629505,0.0170909242848166,-1.206279791990768,-1.174387420764579,-0.07413459196525127,1.1948506342942136,0
9,0,989,1008,0.00840542613695571,0.019786981473571,-1.2646131608763418,-1.1942892280860076,-0.027175714115140255,1.3266403062569532,0
9,0,1009,1028,0.020974079276678877,0.0306863349828091,-1.3322710220069724,-1.2766027156947897,-0.09558208673050181,1.2372167525885274,0
9,0,1029,1048,0.02206583743192666,0.0296527808146908,-1.321185576105838,-1.2703901191801723,-0.052278679563887875,1.0065935181149848,0
9,0,1049,1068,0.016100543395850427,0.0186488589170526,-1.4123512956049713,-1.3199390722947408,-0.012602424198523149,0.8853802649517017,0
9,0,1069,1088,0.022988118942025397,0.0269201880019975,-1.4267331016487457,-1.3941796457364115,-0.04467813531436761,0.9697100721630699,0
9,0,1089,1108,0.023850908645097483,0.0269222902784804,-1.450018992200524,-1.423038255715318,-0.03324837053217397,0.9983940038268276,0
9,0,1109,1128,0.017186148796480453,0.0248867389158044,-1.5317862078058224,-1.4443039432149798,-0.08127185897257898,1.0393045536716432,0
9,0,1129,1148,0.010895159800669898,0.0239829259625269,-1.6649812853244472,-1.6102956754709803,-0.1132717062819579,1.034770465405887,0
9,0,1149,1168,0.008114747687180176,0.0199424071219594,-1.5966280222353153,-1.50163229805883,-0.08766914675138601,1.02924332491753,0
9,0,1169,1188,0.015101207072605741,0.0199058007706367,-1.5910550620952335,-1.5414476392073853,-0.096968793802538,0.9948621305207276,0
9,0,1189,1208,0.011811013558887628,0.0192949838041323,-1.6325903836751636,-1.5647797773744367,-0.0672436801107836,1.0126886834369746,0
9,0,1209,1228,0.0026832617743511545,0.0069606520846771,-1.5777146350300635,-1.544961359879136,-0.042885872494536965,1.0170614388766133,0
9,0,1229,1248,0.00388460453552254,0.0084907329302709,-1.4915226754064081,-1.4579379446905103,-0.062066222819378306,0.9825106434823437,0
9,0,1249,1268,2.744105228041794e-05,0.0025123178250361,-1.4779547384842995,-1.4399270490035454,-0.03487376755498824,0.952923933375908,0
9,0,1269,1288,0.00151330957201738,0.0037446590538033,-1.5386017950470094,-1.5020379770224883,-0.033595987120562824,0.9559907404089648,0
9,0,1289,1308,-0.000863004964710845,0.0089966228605681,-1.5029875088029867,-1.436742317190642,-0.005364254550148515,0.990599724683469,0
9,0,1309,1328,-0.00119136585728676,0.0050558592425783,-1.5086732620678183,-1.478539370898463,-0.022025862243920096,0.9718744489891705,0
9,0,1329,1353,-0.0010339456489472096,0.0072066616903249,-1.431321783778505,-1.3636259102214263,-0.037092672129864196,0.9825483238101136,0
9,1,1,20,0.007371935953032668,0.0196497447310488,-1.6283707296563996,-1.5769219794387883,0.020875074286914076,1.469122862557588,0
9,1,21,40,-0.002764552485321161,0.017610267941689,-1.480763803992134,-1.4263812088225525,0.01695534439581374,1.4387675128522943,0
9,1,41,60,0.00498166507498704,0.008679017598683,-1.515469815851588,-1.4672502722485463,0.021597255675175345,1.449279660617605,0
9,1,61,80,-0.004648401954476194,0.0142556702921389,-1.4765953942081722,-1.3925559251725663,0.024551175435075432,1.4565077036758949,0
9,1,81,100,-0.03233468912850555,0.0839450558350294,-1.418554013806941,-1.3090629484975442,0.09015554701236561,1.531188421399547,0
9,1,101,120,-0.07129575722805283,0.0867618142646131,-2.3421702741395274,-1.5890746426694322,-0.18967352086414246,1.4729898033845639,0
9,1,121,140,,,-2.5399271658812212,-2.408076441227171,-0.7706502968983897,1.9281537927240922,1
9,1,141,160,,,-2.377075370424716,-2.2480940341219866,-0.9725651877585004,1.944464904857704,1
9,1,161,180,,,-2.2560564227381796,-2.1841554456906658,-1.055616542126518,2.0019858820508167,1
9,1,181,200,,,-2.270672196215472,-2.18501172324972,-1.0475292134591871,2.009749371276574,1
9,1,201,220,,,-2.347852348321098,-2.315148730151388,-1.025056594671612,2.052376151847265,1
9,1,221,240,,,-2.3469066661304034,-2.287883614899636,-1.0565540273148422,2.0693953992833043,1
9,1,241,260,,,-2.409155398671525,-2.3680278428278863,-1.0602800124114826,2.0877984613828375,1
9,1,261,280,,,-2.4331449786516552,-2.3563860419723217,-1.1045309397813243,1.9549481647841342,1
9,1,281,300,,,-2.4882099206653665,-2.413332382305086,-1.1623868481491892,1.9673960060461648,1
9,1,301,320,,,-2.5447505397240837,-2.468785649513173,-1.1187516784239269,1.9596354040418693,1
9,1,321,340,,,-2.5659479960912206,-2.440310432848716,-1.1552376046375863,1.9300482673263275,1
9,1,341,360,,,-2.6224730715822377,-2.586939226151805,-1.2067215428285818,1.9755109658065055,1
9,1,361,380,,,-2.7533244109146695,-2.6485880701684668,-1.1999468621147487,1.9916122470351094,1
9,1,381,400,,,-2.712629488208104,-2.586576245057462,-1.1041243639025968,2.0313663916788975,1
9,1,401,420,,,-2.7198993138268266,-2.6842479636496943,-1.032103309326849,2.0169321556702355,1
9,1,421,440,,,-2.6861187193848615,-2.628103072052313,-1.0117228198076256,2.0341803083600825,1
9,1,441,460,,,-2.7118664496177844,-2.6833676850926858,-1.0258425537840596,2.035505359535466,1
9,1,461,480,,,-2.7208471737435063,-2.666439154838849,-1.0209887371177726,1.9694401649988358,1
9,1,481,500,,,-2.686615128373919,-2.658755506914661,-1.0453782603563073,1.9881072385528142,1
9,1,501,520,,,-2.6473365674332383,-2.5654266904859595,-1.066514214344905,2.037935495253338,1
9,1,521,540,,,-2.7722599001508685,-2.688782596982164,-1.0693621915636038,2.050050299276883,1
9,1,541,560,-0.0232391863833039,0.0248439154374323,-2.7903037113720135,-2.7566947262313457,-1.0960751554004708,2.013950833147778,1
9,1,561,580,-0.02398005011717414,0.0252388924380116,-2.78194197625493,-2.727722249733589,-1.1044860473897244,1.9688176107745832,1
9,1,581,600,,,-2.703331994059263,-2.633872224072469,-1.0923207239447827,2.004219217898065,1
9,1,601,620,-0.01755806201374413,0.0283813042570623,-2.559273471966724,-2.4058343344994,-1.0799151604717518,1.9169201008890144,1
9,1,621,640,,,-2.752424950796721,-2.623789921184127,-1.0521008642670764,1.939516140332684,1
9,1,641,660,,,-2.811817193737297,-2.778457136280976,-1.0460760782708207,1.9950071623277263,1
9,1,661,680,,,-2.8053931654254742,-2.7774118474366274,-1.0723258011699797,1.967473095954445,1
9,1,681,700,-0.031352320488215284,0.0335513504597725,-2.744206510903175,-2.5670648333125627,-1.070493314868441,1.8904987158217637,1
9,1,701,720,,,-2.730997837343259,-2.555059614704483,-1.0404575402253444,1.8831173373586079,1
9,1,721,740,,,-2.7571220207130454,-2.7078897270633773,-1.0640043682911182,1.8895729742476235,1
9,2,2,26,0.002880360822642775,0.0075903658804997,-1.4394938215091702,-1.4004907718867354,-0.05373692685789705,0.9786096907596658,0
9,2,27,58,0.0037354905013746746,0.0083816575998406,-1.3973808270028363,-1.3690782983458747,-0.050999240534242464,1.0031134562774187,0
9,2,59,79,0.0085283734126811,0.0184852226252025,-1.2849371074495444,-1.2099864088626375,-0.007386545912230265,1.0368202107557363,0
9,2,80,99,0.00440550949528583,0.0170813286376666,-1.219273551696589,-1.144885844999299,-0.01427559843587906,0.8314618344566039,0
9,2,100,119,0.01231889071427721,0.0196139941066476,-1.262790230993939,-1.0887930722226664,-0.07658063017694082,0.973996987692965,0
9,2,120,139,0.004151009068657844,0.0088368442852263,-1.2682179190961493,-1.1246442993414376,-0.024776915357081125,0.9060365843054518,0
9,2,140,159,0.00260629064655596,0.0102654019154271,-1.4015735628284083,-1.272576424715148,-0.030013333598268976,0.962047981399391,0
9,2,160,182,0.006164006384152675,0.0103127410855551,-1.4021693924703618,-1.337247342583254,-0.015730497559221044,1.0454769977848304,0
9,2,183,203,0.00807518420609806,0.0123640805973304,-1.2932067839746915,-1.2398379331008642,-0.01762718809642819,0.9586379213791346,0
9,2,204,223,0.013633140706272686,0.0209337251544378,-1.2839486932403452,-1.2294890429645062,0.005510966670844155,0.9895536243894751,0
9,2,224,243,0.010439701944131076,0.0212125654023901,-1.2785161551764384,-1.224909241921459,0.005177713821197704,0.989073079878683,0
9,2,244,263,0.004329949199104126,0.007913717892056,-1.2941521129214002,-1.2150259107819463,-0.05335835700892734,0.9480738899584941,0
9,2,264,283,0.005348825007622406,0.0091846014645069,-1.226736383072525,-1.137322612105169,-0.08869446388056526,0.836819622151293,0
9,2,284,304,0.003666005990791125,0.0087980412875143,-1.1833751387898386,-1.1320762601039684,-0.15978505580950325,0.6867361032565388,0
9,2,305,324,-0.004074300077137383,0.0115133889738945,-1.2616362582133633,-1.130086056425687,-0.1412853546504968,0.6949883458983399,0
9,2,325,344,0.006780757556037293,0.0132124698694859,-1.243471512714252,-1.1881995356408284,-0.14277748022271206,0.7298985495321493,0
9,2,345,364,0.0094662665387027,0.0144535110655173,-1.2519471662435848,-1.227255169954837,-0.1260477223318399,0.7224693743287103,0
9,2,365,384,0.0006685387339758563,0.0070674822424204,-1.3145770246884303,-1.2552894487809103,-0.11951321441984597,0.7086444096942185,0
9,7,541,560,0.026009751581442964,0.0304677204276533,-1.3044263851544293,-1.2735449541969648,-0.1706107893650177,0.7500718465446603,0
9,7,561,580,0.019141038666061434,0.0252253133655259,-1.3034484011908527,-1.2833451854398823,-0.14042536396334868,0.7245816985656633,0
9,7,581,600,-0.0042149778850510775,0.0082996872795084,-1.3352268628218324,-1.2219676156487251,-0.09953442633853656,0.6147643947861916,0
9,7,601,620,0.0025882208714769,0.0072512616551812,-1.3040807573145727,-1.2308650781468673,-0.10803928948746173,0.6487088692045018,0
9,7,621,641,0.003667241543928465,0.0088981483854668,-1.2242770695040346,-1.1297213652557794,-0.04594115665487141,0.7932764793763136,0
9,7,642,661,0.009422754700269232,0.0128628173907432,-1.1765803024905146,-1.137773171796743,-0.04301933705568771,0.8223689887338151,0
9,7,662,681,0.008595523706953195,0.0130660469624469,-1.1387374924533202,-1.0574910405211435,-0.05779987844731482,0.8173087898185087,0
9,7,682,708,0.00411626692642664,0.0093629949255341,-1.1196959793368433,-1.054465088650268,-0.03531573798136812,0.7230403771180676,0
9,7,709,733,0.0037396688345631554,0.0066113161131611,-1.1572829098058668,-1.0963304350856409,-0.0276720742234833,0.8223016957949302,0
9,7,734,753,0.004181316097668545,0.0070295208244911,-1.1777060271164483,-1.079910603242238,-0.02221889414305886,0.7845044193432966,0
9,7,754,773,0.0054906678290743745,0.0109603677814695,-1.192351813742364,-1.094183833187821,-0.05832644772883694,0.56441652807721,0
9,7,774,793,0.0005505165617452352,0.0037212568955744,-1.1699566662721952,-1.1453202917644376,-0.10121694155406702,0.6297414766435133,0
9,7,794,813,-0.0003272835503192068,0.0017540624655086,-1.2081968008854553,-1.1842215009460966,-0.10425523997506177,0.6498356470652331,0
9,7,814,833,-0.0030341939652312752,0.0050504505476717,-1.1948750055594632,-1.1850478859169888,-0.08993422356290445,0.6550793065031247,0
9,7,834,853,0.005610129369311935,0.0107413305244176,-1.2215806707643337,-1.1650541122612437,-0.040063017807881456,0.6722296622097568,0
9,7,854,873,0.003734643665425649,0.0141185323759221,-1.3699988784519368,-1.266820753098978,-0.061608703549918056,0.9467494042180485,0
9,7,874,893,0.00434008025883063,0.0111312462212064,-1.3733826817285162,-1.3274665360918902,-0.09260302321175365,1.0114252449240577,0
9,7,894,913,0.00612181123327169,0.0094838920419746,-1.3891386946955058,-1.3394549441438657,-0.08093917462064265,0.9031213772052477,0
9,7,914,933,0.013166513704780575,0.0152357468244734,-1.3410026479664636,-1.3133790709678468,-0.07908435009384795,0.8871300593503524,0
9,7,934,953,0.0023216332218247526,0.0095634114377368,-1.3734672220447024,-1.3450660054768444,-0.051083252310728355,1.0856118908164338,0
9,7,954,973,-0.00042057881452095097,0.0039598217995397,-1.3583976476083368,-1.3205646669586275,-0.041940767421467365,1.1101671444316632,0
9,7,974,993,0.001354985730713865,0.0049865392980569,-1.36446752265148,-1.3264987924059146,-0.03120451221874713,1.108595814574983,0
9,7,994,1013,0.003836351770199615,0.0063076188220621,-1.3967524122451231,-1.3308092279144954,-0.07993593613922137,1.045300922061343,0
9,7,1014,1039,0.015428805235774385,0.0318137516553606,-1.3578999399704321,-1.31948667081882,-0.09435431984288903,1.0651460110706839,0
9,7,1040,1059,0.005886541225058884,0.0113937116576115,-1.3889412711997127,-1.3551471670163362,-0.0008820255459390701,0.7846858738821629,0
9,7,1060,1079,0.00762000603534115,0.0115908444185689,-1.4148650632477957,-1.3893941675984605,-0.01696905319084585,0.8393161195324886,0
9,7,1080,1099,0.011494135587155774,0.0131593457239807,-1.4340852558757908,-1.412086354852785,-0.02543927701200731,0.8911203390059853,0
9,7,1100,1119,0.010844267842642556,0.0129442060645263,-1.3826452670042448,-1.302745240717582,-0.04487763113556068,0.9063714082251575,0
9,7,1120,1139,0.013735639215920862,0.0341472715711946,-1.3719066997140204,-1.2999105825445696,-0.10262527507205095,0.937501159374586,0
9,7,1140,1159,0.003589190059606614,0.020766127136099,-1.4234571388314499,-1.369910070503303,-0.09450646052146139,0.927135399737886,0
9,7,1160,1180,0.01605415596803087,0.0264516188888665,-1.4156551850316559,-1.328238229871487,-0.11340731943559068,0.9338407560872266,0
9,7,1181,1201,0.01679890644097103,0.0223590541506948,-1.4346812492447216,-1.3834403655503709,-0.11405981634220741,0.9434010418983346,0
9,7,1202,1221,0.0028234574024684797,0.0057905981239912,-1.3337048586000526,-1.280953448683004,-0.07547308446839347,0.9388570441652414,0
9,7,1222,1241,0.00489488662739891,0.0103193187574228,-1.3382162945930707,-1.2741983597652735,-0.09420595227364184,0.9461638409310782,0
9,7,1242,1261,0.003564010575197505,0.0087591792398063,-1.2843212853828436,-1.2594092055995043,-0.09059842484110926,0.8929142076760707,0
9,7,1262,1281,0.00146476134677385,0.0092362161523142,-1.2884956115903858,-1.2621796486134156,-0.07576546269536968,0.8912806688763061,0
9,7,1282,1301,-0.003488209978815085,0.0097884337521016,-1.2978260680493832,-1.273426436726743,-0.05764733636684092,0.8846193706385144,0
9,7,1302,1323,-0.00277062138168105,0.0132539656659739,-1.2875181160558333,-1.2177067831545043,-0.07445691250364972,0.8917951991568371,0
9,7,1324,1343,0.004502011765206746,0.0092840706784224,-1.3337693689521826,-1.2958104106621702,-0.10327027346604178,0.9575226789432142,0
9,7,1344,1363,0.01069865642487746,0.0388208710817052,-1.3545871271146566,-1.2735227810972616,-0.061692323414626285,0.9842056584076344,0
9,10,759,778,,,-2.906300811004994,-2.802590049161199,-1.1478862319476095,1.8891646662585395,1
9,10,779,798,,,-2.6849853749506156,-2.567420019602751,-1.0934237686836334,1.8261846704122011,1
9,12,807,826,-0.04311191863928532,0.0905987388095261,-2.425097619531603,-1.542091543054833,-0.3206174145532601,1.739095100259298,0
9,12,827,846,-0.041579101361527905,0.0657726270376224,-1.420600699754973,-1.3648864851455014,0.1986917810612825,1.3793075105381765,0
9,12,847,866,-0.02735454562795922,0.0514382510866786,-1.2144337540147203,-1.0820056771758615,0.15239691886486337,1.4407228782231591,0
9,12,867,886,-0.011642352976296524,0.0188326172462526,-1.1066358573110588,-1.0597963395278205,0.08438277235252253,1.3502385579306084,0
9,12,887,906,-0.007456415437398155,0.0160988847744448,-1.165916375062913,-1.1314501681063642,0.08708956958940542,1.315945725657564,0
9,12,907,926,-0.013665451911418464,0.0180749126450104,-1.112565826002961,-1.067908435332482,0.08331158390739324,1.325349987998502,0
9,12,927,946,-0.013192715651275944,0.017858062944695,-1.057539569223866,-1.0197007214372882,0.07515064040141341,1.3469546016659693,0
9,12,947,966,-0.02775350713570644,0.0362478342647961,-1.2841158073903702,-1.132443230031776,0.092371131159836,1.291532749640838,0
9,12,967,986,0.0014747446314939652,0.02644643538769,-1.1757151709861442,-1.1176439076487714,0.08009184261632338,1.3080505679516952,0
9,12,987,1006,0.010478470746385912,0.0450920632719908,-1.2240195949388688,-1.1601054443872807,0.046519795360366115,1.337043078375602,0
9,12,1007,1026,-0.04324840196493492,0.0822507619734163,-1.6503584589178275,-1.2474732818071392,-0.013589438731354958,1.6592357234157675,0
9,12,1027,1046,-0.0401834250053147,0.0598404896149583,-2.491460345289245,-2.021575767432895,-0.20355527403606297,2.4109057182370903,1
9,12,1047,1066,-0.013630309709414269,0.0139132180842719,-2.7143001542272875,-2.630163130766532,-0.32596726288153594,2.7830136067638067,1
9,12,1067,1086,-0.01672582725363425,0.0171557273133869,-2.707326698527628,-2.679084850586064,-0.31365400962757095,2.8195633298981595,1
9,12,1087,1106,-0.016689054714595277,0.0200613630085631,-2.7157128737676683,-2.662133510417214,-0.29981989378571056,2.85228591780294,1
9,12,1107,1126,-0.011372454633785015,0.0166135757579351,-2.7429247134237333,-2.67899523438835,-0.24370088700971326,2.922054005994098,1
9,12,1127,1146,-0.0200872404686369,0.0200872404686369,-2.796497414689969,-2.722717705581723,-0.2946563714514213,3.0210122232785315,1
9,12,1147,1166,,,-2.7731378368042927,-2.598296489328667,-0.3681279225041573,3.0792839749007177,1
9,12,1167,1186,-0.026991321387752332,0.0435384605069162,-2.601411813577515,-2.047433346271585,-0.2604572199709317,2.8139038879782836,1
9,12,1187,1206,-0.0402253867510791,0.0508053362214692,-1.9271678298558172,-1.7928690228380668,-0.37027673818832396,2.2987820127160865,1
9,12,1207,1226,-0.028380185023395926,0.0411708351637913,-1.8072620301904927,-1.7470495690002772,-0.49187385944334183,2.342070963937423,1
9,12,1227,1246,0.004571689450405666,0.0446054751583518,-1.7931704595675804,-1.614137244573556,-0.5043370522799405,2.2595056731533596,1
9,12,1247,1266,-0.016258804256911407,0.0223134334007009,-1.9001976364170166,-1.8714814916938975,-0.4506557265043415,2.3651917190134366,1
9,12,1267,1286,-0.013714126976511245,0.0288317589346251,-1.8948976727679518,-1.7972004860949302,-0.4966088319448125,2.3192336151424304,1
9,12,1287,1306,-0.01714036988176867,0.0252327984510656,-1.8279380448315692,-1.6906580382029075,-0.5202771936866387,2.3088260982788165,1
9,12,1307,1326,-0.010915390301091527,0.0340523782779367,-1.7558686764706937,-1.6985233886271367,-0.5313517473637183,2.23927871332734,1
9,12,1327,1346,-0.029338682226775926,0.0523509703876576,-1.7280190752366296,-1.6259392100512349,-0.3253143682397165,2.100819161352246,1
9,12,1347,1366,-0.018473849680459866,0.0656950678893152,-1.7214654881352167,-1.3123906537894043,-0.04694920996224354,1.8586755253346223,0
9,12,1367,1386,-0.012851441391311235,0.0219546824479996,-1.3572258400130905,-1.2675564684267089,0.08867957488904288,1.6355912599714149,0
9,12,1387,1406,-0.021850320121541512,0.0303943402849223,-1.1843033888540822,-1.1111620813614302,0.13372202336616096,1.580699136527067,0
9,12,1407,1426,-0.01001554498284594,0.0246762908965633,-1.0732599237397136,-0.9327369053076936,0.1523703925442431,1.6339899679082044,0
9,13,1364,1383,0.004574832723460969,0.0199302015259862,-1.4950530564143798,-1.279384066042777,0.016890041528251534,1.1985685450718837,0
9,13,1384,1403,0.0027588192395406044,0.0092539939306608,-1.5481675111327875,-1.3547475944922167,-0.0194301678598972,1.262901352812437,0
9,13,1404,1423,0.011347313101534116,0.0315006831336844,-1.2174364268015796,-1.160545975961714,-0.09429881005378331,1.0657486880956917,0
9,14,1441,1460,-0.0039593401557440145,0.0089264985427928,-1.43508017105219,-1.3471383600754998,0.052462265231632874,1.4587092197900742,0
9,14,1461,1480,-0.004745073486936555,0.0209831978454545,-1.4792805029871814,-1.3596273055714014,0.0595771796947735,1.4141391889904937,0
9,14,1481,1500,-0.008089559326173352,0.0162409511833087,-1.3062665402407212,-1.2354419060295696,0.07078750372723788,1.257922253390968,0
9,14,1501,1520,-0.007913260209351375,0.0112168246533507,-1.3823376827368512,-1.323900110371257,0.04709804893730525,1.2491012539874655,0
9,14,1521,1540,-0.007505665832388894,0.0164611082689743,-1.4081997219590736,-1.3531614974641015,0.05418228441516347,1.2550620093583653,0
9,14,1541,1560,-0.006846605858073696,0.0159226371239318,-1.3560872345274697,-1.302741487191568,0.03813056716710739,1.286997420874228,0
9,14,1561,1580,-0.004364707962422325,0.0124861041144574,-1.2868543778336152,-1.266007716824962,0.03215596576285801,1.326931941433929,0
9,14,1581,1600,-0.003385630269999685,0.007998599674272,-1.2647287770384783,-1.222995273993571,0.029712110528383982,1.3049692249982594,0
9,14,1601,1620,-0.00773883285454764,0.0182726825822389,-1.2257766314064684,-1.1891954128862894,0.04524586008548118,1.2581852052072406,0
9,14,1621,1640,-0.016136485843200425,0.023273281249004,-1.2015907108193722,-1.143017653541565,0.04939500489970068,1.3015801623750338,0
9,14,1641,1660,-0.01400718058117654,0.0226475559142501,-1.146103030421809,-1.1125714830443076,0.04212077035433058,1.2595407131484917,0
9,14,1661,1680,-0.0141214359497329,0.0274514717920643,-1.2128772960730685,-1.131269401683414,0.04302374490970339,1.2632027550400529,0
9,14,1681,1700,-0.013648124464616154,0.0199104796873947,-1.2704417165860846,-1.2316450773988463,0.05268688215915922,1.271275130891755,0
9,14,1701,1720,-0.005297948346587276,0.0124500380740106,-1.2634047980813676,-1.2062557213151468,0.052487615945420965,1.3077773737107676,0
9,14,1721,1740,0.01406639415386797,0.0412573336125602,-1.2667673493287315,-1.2147598841474867,0.0454686399303625,1.294212846786712,0
9,14,1741,1760,0.011348546343872957,0.0281038180317297,-1.195462257725858,-1.1412586619073242,0.09844092244662093,1.2708499799165693,0
9,14,1761,1780,-0.012941496485693888,0.0179494881517678,-1.120057420370212,-1.0348965421644236,0.09234425307588012,1.3299099602689262,0
9,14,1781,1800,-0.0109568065418547,0.0245225024916778,-1.0555217945816642,-1.020740203819965,0.08868554180313092,1.35208079261681,0
9,14,1801,1820,-0.010633567023105073,0.0273111889805739,-1.0893699846374028,-1.0728732641701388,0.08250828921692477,1.3730621038922146,0
9,14,1821,1840,-0.0008826554835722649,0.0134620958775508,-1.0786691371644705,-1.0302877134029451,0.04992375695856922,1.3643339967635049,0
9,14,1841,1860,0.0023291221486430045,0.015162226134992,-1.0725488286494111,-1.006775141599772,0.04507921771168939,1.3100328456801082,0
9,14,1861,1880,0.005197275348921615,0.0110650691370954,-1.0384459709399827,-0.980691991057948,0.04478095345700781,1.2844474799920067,0
9,14,1881,1900,0.013947023347163464,0.0210123061841638,-1.0787179183054683,-1.002089655242406,0.030020582829891646,1.3014746012770266,0
9,14,1901,1920,0.010851605015665625,0.0232342141183164,-1.0054727892627464,-0.9639948685887808,0.039415545929280454,1.307674149417606,0
9,14,1921,1940,0.008733466608102623,0.0221006416601362,-0.9934363914966529,-0.9131040997272056,0.05855307966340171,1.3253116759737245,0
9,14,1941,1960,0.007805644439709274,0.0142571009237675,-1.14726580642934,-1.03227862832856,0.05980252104874343,1.3271910042169148,0
9,14,1961,1980,-0.005675366205561335,0.0195191720502683,-1.1864898655485692,-1.131972593085544,0.06436031774854657,1.2805297071219457,0
9,14,1981,2000,-0.01195297514126947,0.0197202979946621,-1.1801046668625976,-1.0754385556990576,0.05819438276703619,1.279819000699407,0
9,14,2001,2020,-0.0064696082108724896,0.0163017333196085,-1.1188787113594583,-1.0421250354700344,0.04539951631796212,1.2881587264238668,0
9,14,2021,2040,0.003911699168540065,0.0167461450567856,-1.1071949575287288,-1.0274459372473377,0.03282994911608408,1.2921813489980034,0
9,14,2041,2060,0.016263161882959953,0.0214939423871631,-1.0782245167735345,-1.0257184261912111,0.020954896027449106,1.2979963442249232,0
9,14,2061,2080,0.010991353451865091,0.0230749440937246,-1.0090145143416727,-0.955222916747816,0.02491379931700206,1.2734929482026431,0
9,14,2081,2100,0.0013919249576110353,0.0145092672744436,-1.025771187797959,-0.9907066149676712,0.03950758846529281,1.2992552945047948,0
9,14,2101,2120,-0.009927565355461325,0.0181013668054264,-1.0742508748735533,-1.0223077671009313,0.038103028325603736,1.3232910119622818,0
9,14,2121,2140,-0.0023581716768556887,0.0209727631027074,-1.1440046583990604,-1.1045245801160704,-0.008960542241537405,1.3942956143620453,0
9,14,2141,2160,0.000542313049651985,0.0028551489242167,-1.0479056738291415,-0.96468456862411,0.0028338819950271057,1.387367591964288,0
9,14,2161,2180,-0.011696275010244984,0.0279783281155667,-1.0843292166773728,-0.9617682750176286,0.034702774606943425,1.3823797105245936,0
9,14,2181,2200,-0.007550858773432416,0.0176903349187943,-1.1418976288903973,-1.0828047283137738,0.02448022970526148,1.3965157564706339,0
9,14,2201,2220,-0.01931679511600387,0.0251197820196855,-1.1495095586917359,-1.1166599641171238,0.04562675975664119,1.3002951061999557,0
9,14,2221,2240,-0.020187801020367796,0.0382619967372092,-1.2245302077695108,-1.1229533819126545,0.051941000756646524,1.295463901289103,0
9,14,2241,2260,-0.018391768748537596,0.0338261726440519,-1.2950389554318842,-1.2640560424511111,0.028180964592021296,1.3074338559423415,0
9,14,2261,2280,-0.011725315159291646,0.0173785963124771,-1.286402073756906,-1.2523733123542329,0.06991312642040444,1.302037326953778,0
9,14,2281,2300,-0.018766768986684005,0.0210383699337962,-1.2365822841122118,-1.1910752794709538,0.06233205935832581,1.240720988416874,0
9,14,2301,2320,-0.01672964523431419,0.0292908753963731,-1.283101540628546,-1.2542654748594175,0.009924901446631903,1.275053913467686,0
9,14,2321,2340,-0.014740029179436587,0.0218989014577497,-1.2785661655895515,-1.1804964313057973,-0.0038209493392152355,1.2691931626206474,0
9,14,2341,2360,-0.01311233403930288,0.0193491478275098,-1.3624152605099669,-1.3276980223738442,-0.00889559618285616,1.3454201182519925,0
9,14,2361,2380,-0.01562486556518657,0.0238464824978388,-1.3627755707228506,-1.2692270301201056,0.0015267186917253199,1.2671979734000351,0
9,14,2381,2400,-0.02520200388205667,0.0330225420895557,-1.2480872827747582,-1.1452690645199668,0.00737088695892021,1.116257922270914,0
9,14,2401,2420,-0.017544396979962098,0.0269503626784832,-1.1629932167851393,-1.119075432168411,-0.016999045688398735,1.0652776169534384,0
9,14,2421,2440,-0.020852394495457848,0.0274784958664328,-1.2007767213676384,-1.118205079053649,-0.028742173685192635,1.0559862634119401,0
9,14,2441,2460,-0.01752991210402533,0.0238570998178382,-1.230118253147702,-1.182805994060721,-0.02556506021541475,1.0904605567674648,0
9,14,2461,2480,-0.01434081475941229,0.0211987318823384,-1.180931759747907,-1.140188540795199,-0.015947217193227267,1.0489992023773898,0
9,14,2481,2500,-0.009124917168811439,0.01856949950336,-1.1973221144612443,-1.1580024294090805,-0.006627563700727574,1.106356739244988,0
9,14,2501,2520,-0.021106300910921423,0.0293613651369609,-1.1902454530608024,-1.1537252497153916,-0.01649715788259265,1.0749600794346912,0
9,14,2521,2540,-0.012375515476943136,0.0180901132269587,-1.1795143041983862,-1.1690743377026032,-0.025182896044056612,1.0526260726032006,0
9,14,2541,2560,-0.011050374716033021,0.0169430270894162,-1.127165827417837,-1.101774554004932,-0.024869476695274444,1.0622914982668152,0
9,14,2561,2580,-0.015620521040664229,0.0187224249140259,-1.1535005113993204,-1.10688805144418,-0.02119709449457293,1.1136105521315083,0
9,14,2581,2600,-0.011054708831887585,0.0206275750586472,-1.1838443928775078,-1.1511579503361091,0.0010666550452727384,1.1301835476401059,0
9,14,2601,2620,0.00017662464490552412,0.0126818351361432,-1.2029036575194918,-1.1414206674837035,0.03016014077966882,1.2469154428541358,0
9,14,2621,2640,0.004244042648042979,0.0151430681654812,-1.1932129893528964,-1.1332692189040938,0.011024593848597785,1.2313974353396933,0
9,14,2641,2660,-0.013040584290458925,0.0182652372331414,-1.179769746948378,-1.122512010316964,-0.007568312626798354,1.1219227401003116,0
9,14,2661,2680,-0.01536029733740539,0.0219222902271262,-1.1851597243848437,-1.15257210764846,-0.0004771490655308898,1.1122134201021194,0
9,14,2681,2700,-0.02035114595141832,0.0257305449507374,-1.1648548311435802,-1.1155744058835384,0.018659984168815417,1.112321853262904,0
9,14,2701,2720,-0.010712412547812404,0.018213718331727,-1.10345566157099,-1.075369037278536,0.02091991969215311,1.122932727882133,0
9,14,2721,2740,-0.013863804061057316,0.0281744552070768,-1.1134472762585217,-1.0824935498232315,0.04411234422415382,1.1279708195354858,0
9,14,2741,2760,-0.019763884306643276,0.0243928419258628,-1.1264803985946457,-1.1031541120224226,0.0692015802621841,1.1498327822316052,0
9,15,1780,1801,0.0230616904423514,0.1142555841290096,-1.2762398833077275,-1.063461393796372,-0.22787834693652367,0.9622835133196906,0
9,16,1827,1847,0.013306709284921428,0.0254235855118536,-1.1633528732959477,-0.8350928688986526,-0.20188398516554257,1.0110368149311173,0
9,16,1848,1867,-0.007414477559729531,0.0199047442788023,-1.8992461337440063,-1.699790957286324,0.06265291147475247,1.3752538404686623,0
9,16,1868,1887,0.005342939586831755,0.0159338931692145,-1.9204161184759143,-1.7794753154218206,0.13045810606712202,1.5464934648744133,0
9,16,1888,1907,-0.01591034245192322,0.0196348582026997,-1.694535181009599,-1.6522264084150906,0.18004751733964117,1.4689292736066553,0
9,16,1908,1927,-0.003749728806576709,0.0075765850461675,-1.6442096343817394,-1.5958394149398736,0.07441385159266413,1.4089933334569706,0
9,16,1928,1947,0.008606942801364625,0.0246505814896438,-1.6061961619918557,-1.5284388270795308,-0.08497570525285923,1.3184293092491397,0
9,17,2091,2113,-0.00040793592894264747,0.062991245940548,-1.3952322030444573,-0.5871186821055107,-0.19658325584456796,0.9784549059670281,0
9,17,2114,2133,-0.012650819853523582,0.0265465573843148,-1.5270851691892386,-1.4155142466328443,0.2045912236188435,0.9932558651075428,0
9,17,2134,2153,-0.0039547037201529255,0.0104586628914945,-1.4445236569422288,-1.3966697102019212,0.14804257232720433,0.8378437457316776,0
9,17,2154,2173,-0.01548178948181054,0.0266640209700216,-1.4416902486831968,-1.4117151517826925,0.1491857163605541,0.8394000050507542,0
9,17,2174,2193,-0.010160564864856,0.0183164232786019,-1.4355794893583476,-1.4089268173981169,0.11912225489774746,0.8452108524393374,0
9,17,2194,2213,-0.009363388861859914,0.01575185617056,-1.4474434906522986,-1.426747515788159,0.10669171902049054,0.8586499593317548,0
9,17,2214,2233,-0.012196625939125025,0.0167880490461135,-1.4154109190641082,-1.3690445255806647,0.08120782909439529,0.9208709761092111,0
9,17,2234,2253,-0.01267415007913375,0.0164012435293945,-1.4162739703480114,-1.38449441178106,0.11717200204203101,0.9043249626695646,0
9,17,2254,2273,-0.00820794613082934,0.0108167530361776,-1.3433118391274497,-1.3128688249386833,0.10665139808781474,0.8702861496797754,0
9,17,2274,2293,-0.006693442668870256,0.017431224032691,-1.322388511048327,-1.2386694641676048,0.1866731110822331,1.1773518853418397,0
9,17,2294,2313,-0.012816904109185887,0.0227803349231302,-1.366818999490396,-1.1133854477754197,0.3054120075965503,1.308761950269283,0
9,17,2314,2333,-0.013301372105254287,0.0318300125374895,-1.125000535701791,-1.0212591822486643,0.3302674540876906,1.0041398458610704,1
9,18,2391,2437,-0.00261425294363744,0.0177825218023255,-1.509905383583364,-1.2600175918686474,0.22897368091191916,1.0170966567602044,1
9,18,2438,2457,-0.012183058435577186,0.0257165457697292,-1.2412994162901634,-1.1617441034428089,0.3637787413512591,1.138268802260861,1
9,18,2458,2477,0.004180476435415874,0.0161287631138499,-1.4478907748846541,-1.2880440933192647,0.4576489940012086,1.2468021963264075,1
9,18,2478,2501,-0.00245389906893856,0.0152996203388798,-1.3429919622291278,-1.2478435938148562,0.4723528789587542,1.4401620854683466,1
9,18,2502,2521,0.00100470671553536,0.0097919515530377,-1.3244547346300553,-1.2216521481790428,0.5229683515438995,1.6339206406071234,1
9,18,2522,2541,-0.006257567438851155,0.0124674828221832,-1.2898888017722148,-1.1077979303817935,0.5651015181363027,1.5196452855780298,1
9,18,2542,2561,-0.01684494385099649,0.0210264794315654,-1.1707898149603637,-1.1343772008182853,0.5269815240616537,1.2895884340940476,1
9,18,2562,2581,-0.017360233581892842,0.0242791215615731,-1.234027216087816,-1.1859357556850332,0.5876787388054238,1.380523507961482,1
9,18,2582,2601,-0.01766185801180286,0.0215097982577496,-1.2942501576416316,-1.222193025051424,0.6169038206245937,1.3022574813537684,1
9,18,2602,2621,-0.01814121083700267,0.0237888661855814,-1.2374172904811525,-1.1822786690433749,0.5991365778807194,1.3364185149322236,1
9,18,2622,2641,-0.02452593646923845,0.0334205633548317,-1.248003717183853,-1.196653385029075,0.5841642581950894,1.299719199230105,1
9,18,2642,2661,-0.03203410929041746,0.0398850446586272,-1.2869115987937678,-1.1657360169573006,0.587690113151201,1.3821867334766107,1
9,18,2662,2681,-0.03438276079407833,0.0419992059243827,-1.2541959385945214,-1.207899984528373,0.6066730114876727,1.3471024336091562,1
9,18,2682,2701,-0.021917201287258915,0.0304458764620102,-1.2277675351165822,-1.124096441695274,0.57745910622115,1.2687105874637434,1
9,18,2702,2721,-0.014910196275972185,0.0244662234753766,-1.2690688218671438,-1.1596170948976765,0.4142273386544112,1.2333263752908208,0
9,18,2722,2741,-0.0155412401183446,0.0278140459299879,-1.382481116575274,-1.3091116938565743,-0.021008819958581466,1.0399803326607873,0
9,18,2742,2761,-0.016677503678047496,0.0249572223384725,-1.2989754304772554,-1.229450706607821,-0.16888432614205492,1.0946134262423475,0
