frame,person_id,head_yaw,body_lean_x,body_down_lean,body_rot_shrink,crawl_diag,reach_norm,reach_dx,reach_dy,shoulder_width,lw_x,lw_y,rw_x,rw_y,nose_conf,le_conf,re_conf,ls_conf,rs_conf,lh_conf,rh_conf,lw_conf,rw_conf
1,0,0.012656140425441486,0.09185328431476719,-0.9891718554093971,0.4894021931864691,0.9934273931060481,1.3157028652935159,-0.683628365599167,1.1241558110376777,71.80328369140625,774.5288696289062,547.9672241210938,687.9537963867188,543.0369873046875,0.4979354441165924,0.2611561715602875,0.35743510723114014,0.9623628258705139,0.9603231549263,0.9973956346511841,0.9971296191215515,0.9799013137817383,0.9751818776130676
1,1,0.006685726125890792,0.047304384562483016,-0.7960758798673577,0.5224540873884866,0.7974801008836666,1.2670270442751437,-0.6545799541895739,1.0848422071885766,75.70367431640625,775.2273559570312,547.4395751953125,687.9631958007812,543.4824829101562,0.5770648121833801,0.4172089397907257,0.4326377809047699,0.9622268676757812,0.9453924298286438,0.9679855108261108,0.9594869017601013,0.9581678509712219,0.9260120391845703
2,1,0.004189615384003677,0.03587952102322519,-0.8147531558296767,0.529148940758879,0.8155427916199575,1.261631338111956,-0.6203191376000585,1.0985981070588478,76.7525634765625,775.4098510742188,546.916748046875,689.8427124023438,545.383056640625,0.6372493505477905,0.4894084632396698,0.4854268431663513,0.9678875803947449,0.9519683718681335,0.9684579968452454,0.9595518112182617,0.9579038023948669,0.922572672367096
2,0,0.009905480752761662,0.07811681541308935,-0.9923602207666302,0.5006710447691568,0.9954300802217491,1.3112590124494339,-0.6423234706722607,1.1431626116845346,73.4080810546875,774.3126831054688,548.322265625,689.838623046875,545.4918212890625,0.6073911786079407,0.3588332533836365,0.45607879757881165,0.9725345969200134,0.9713895320892334,0.9975848197937012,0.9973660111427307,0.981219470500946,0.9772384762763977
3,0,0.0079602615694165,0.07112843729040912,-1.0259787894030852,0.4960715160925319,1.0284414085869917,1.3341369513886778,-0.6053663648558015,1.1888872820254863,72.802734375,773.8681640625,548.6859741210938,692.5283813476562,548.3206787109375,0.6985437273979187,0.4528997838497162,0.5472397804260254,0.9818903207778931,0.9805963039398193,0.9980788230895996,0.9978731870651245,0.9837890863418579,0.9795889258384705
3,1,0.005043090525794831,0.03315305583447147,-0.8735773305605654,0.5312559479409763,0.8742061985484243,1.2652836103247167,-0.5771893841695259,1.1259640444340808,76.9552001953125,775.1815185546875,546.8169555664062,692.7280883789062,548.2723388671875,0.6954189538955688,0.5504188537597656,0.5542202591896057,0.972984254360199,0.9596161246299744,0.968127965927124,0.959210216999054,0.9570002555847168,0.9210475087165833
4,1,-0.0006997554717633992,0.03494722484394526,-0.9324635563334049,0.5512676147413803,0.933118209239448,1.2032188115935891,0.4668813304313305,1.1089442420010844,79.0245361328125,773.6473999023438,550.2633056640625,690.8316650390625,544.10400390625,0.855829656124115,0.743764340877533,0.7716124653816223,0.9676402807235718,0.969070315361023,0.9425174593925476,0.9397460222244263,0.9030121564865112,0.8982145190238953
4,0,-0.00010519563620027035,0.05891865213543187,-0.9744722619671901,0.5305142672009896,0.9762518101969941,1.2900508890340467,-0.5634479965767917,1.160498880417872,77.16741943359375,775.9866333007812,548.6673583984375,691.7835083007812,547.9437255859375,0.777048647403717,0.5038059949874878,0.5475513339042664,0.9876135587692261,0.9858259558677673,0.9976186156272888,0.996862530708313,0.9715648889541626,0.9665800333023071
5,1,-0.0008755828836120909,0.03145211339320675,-0.9459100258302754,0.5500837251558279,0.9464327828235513,1.2031074380242954,0.4761576807538912,1.1048716534007283,78.8746337890625,773.8211059570312,549.6507568359375,691.2841796875,544.9462890625,0.8501290082931519,0.7358377575874329,0.7633553147315979,0.967275857925415,0.9679412841796875,0.9444276094436646,0.9408850073814392,0.901458740234375,0.8927739262580872
5,0,0.0004524868838603709,0.05171107815465085,-0.9805566186671769,0.527024842825097,0.9819192013683834,1.3043919690453778,-0.551519718062798,1.1820593933885089,76.549072265625,776.2110595703125,548.3309326171875,692.7208251953125,548.439697265625,0.7625957131385803,0.47365498542785645,0.5290804505348206,0.9876184463500977,0.9863873720169067,0.9978311657905579,0.9971883893013,0.972399890422821,0.968903660774231
6,0,-0.0007368206831035595,0.05366926243123476,-0.9749931425804329,0.5233362540352378,0.9764691586572415,1.3152411110483007,0.5608029897544923,1.1896886932613888,75.87762451171875,777.0781860351562,547.436767578125,690.6990966796875,546.2005004882812,0.7469840049743652,0.4535265266895294,0.5089977383613586,0.986523449420929,0.985218346118927,0.9977515339851379,0.9970903396606445,0.9718701839447021,0.9685645699501038
6,1,-0.0014989064459219367,0.02951347572294341,-0.9249271028970795,0.5463003656703235,0.925397855477758,1.2273905431379963,0.5012671650537102,1.1203654647585324,78.22271728515625,775.0970458984375,549.4603881835938,689.5279541015625,543.574951171875,0.8427395820617676,0.7259806990623474,0.7513508796691895,0.9670901894569397,0.9674152731895447,0.94771409034729,0.944047212600708,0.906154453754425,0.8963262438774109
7,0,-0.0011674524881482222,0.06135409986109813,-0.9951819421124042,0.5211558774338594,0.9970714234579097,1.315532254752824,0.5563551633788927,1.1920964916803904,75.754638671875,776.97265625,547.5228271484375,689.9259643554688,542.30126953125,0.7713300585746765,0.49676886200904846,0.5364290475845337,0.9872375726699829,0.985541045665741,0.9977059364318848,0.9969968795776367,0.9714825749397278,0.9670768976211548
7,1,-0.0005253521995958586,0.0313086966360053,-0.9402902412664152,0.5393233553843948,0.940811337254127,1.247176733376038,0.5163397193163459,1.135272257447896,77.1431884765625,775.788818359375,548.4993286132812,689.4169921875,540.932373046875,0.8493137359619141,0.7291181683540344,0.7599635124206543,0.9704580307006836,0.9716367125511169,0.9523160457611084,0.9497650265693665,0.9153673648834229,0.9103438258171082
8,1,0.0014429669313434739,0.01861188175643356,-0.9291957651710833,0.5350520571555288,0.9293821453817532,1.2628718990221384,0.529513058452119,1.1464996093625435,76.56005859375,776.5723876953125,548.0115966796875,688.5458374023438,541.0108032226562,0.8450528383255005,0.7251842617988586,0.7512030601501465,0.9709916114807129,0.9715671539306641,0.9543188810348511,0.9513510465621948,0.9203676581382751,0.913372814655304
8,0,-7.24891568302908e-05,0.059228876458340886,-1.0167864751342057,0.5172040995604841,1.0185100862644219,1.3162941019249976,0.5638331460696782,1.189421012995695,75.77911376953125,777.3384399414062,547.2261962890625,688.462890625,542.6378173828125,0.7637503743171692,0.48935285210609436,0.5233341455459595,0.9863157868385315,0.9844820499420166,0.9975335597991943,0.9967668056488037,0.9708268642425537,0.9659827947616577
9,1,0.0028312235153166625,0.01792462820681011,-0.9180407222010599,0.5388112300161713,0.9182156935686713,1.2417370145896407,0.5236645239197885,1.1259157516394622,77.2310791015625,776.272705078125,547.8599243164062,688.2744750976562,540.4754028320312,0.8447418212890625,0.7257630228996277,0.7542192935943604,0.969569206237793,0.9701188802719116,0.9501370787620544,0.9468840956687927,0.9186127185821533,0.9112629294395447
9,0,0.0013070367797038767,0.05937026114411387,-1.0161191896292197,0.5171399659779625,1.0178521677734258,1.292423352447936,0.5571945255221167,1.1661442375113573,76.51361083984375,776.9494018554688,547.0772094726562,687.86474609375,542.2439575195312,0.7611500024795532,0.4807874858379364,0.5241958498954773,0.9857954978942871,0.9845120906829834,0.9974744915962219,0.9967519044876099,0.9707004427909851,0.9670975208282471
10,1,0.0027536787765130495,0.01854086071030529,-0.8833645891135568,0.5427651636221497,0.883559143926224,1.2413041753998084,0.5299874714885978,1.1224746482349262,77.6549072265625,776.7528686523438,548.1986694335938,688.2119140625,541.0175170898438,0.8426666259765625,0.7229779958724976,0.7507385015487671,0.9695321321487427,0.9697437286376953,0.9499691128730774,0.946338415145874,0.9219722747802734,0.9136988520622253
10,0,0.0016659506001806242,0.055266516226279136,-1.0073939510848209,0.5198377474934938,1.008908796917777,1.2924933430884735,0.5709089155458699,1.1595697702502672,76.57098388671875,777.6372680664062,546.8002319335938,687.7724609375,542.41015625,0.7545270323753357,0.4719633162021637,0.5235226154327393,0.9842221140861511,0.983025848865509,0.9969760179519653,0.9961554408073425,0.9683826565742493,0.9654130339622498
11,0,0.0020501912928339986,0.050553746602244584,-0.9917021561025915,0.5215754239153386,0.992989852774968,1.281224007197267,0.5760229869691703,1.1444354394642529,76.70361328125,777.6043701171875,545.9806518554688,686.5989379882812,542.6309204101562,0.7335841655731201,0.4455847144126892,0.5013465285301208,0.9822669625282288,0.9808510541915894,0.9966068267822266,0.9956884980201721,0.9660596251487732,0.9629936814308167
11,1,0.0076434926727145846,-0.0006522027086402522,-0.8162108920679227,0.522599758324846,0.816211152642922,1.2750816860438172,-0.6469471259466025,1.0987687301310383,75.568359375,776.7448120117188,545.9888916015625,686.399658203125,542.8295288085938,0.610268771648407,0.4426690638065338,0.47333818674087524,0.966459333896637,0.9535177946090698,0.9653478264808655,0.9571138620376587,0.9634335041046143,0.9384093284606934
12,1,0.009362296441192334,-0.01604844357506822,-0.7745123845862816,0.5230249327754881,0.7746786342856696,1.2895018226246668,-0.6536614423595515,1.1115492203788226,75.8221435546875,775.2312622070312,546.8455810546875,685.2128295898438,544.3436889648438,0.5841823816299438,0.4094363749027252,0.4553608298301697,0.9646127223968506,0.9527085423469543,0.9636180996894836,0.9557307958602905,0.96435546875,0.9426206946372986
12,0,0.008283907097515959,0.020589869088431113,-0.9615896381725023,0.5190966802077148,0.9618100513873842,1.3156963958639758,0.5212765613873042,1.208026387392959,75.5948486328125,774.9096069335938,550.3228149414062,687.3726806640625,542.7637939453125,0.5726596117019653,0.3160525858402252,0.42774900794029236,0.9512602090835571,0.9650769233703613,0.9953864216804504,0.9958212375640869,0.9697338342666626,0.9770834445953369
13,1,0.010702698220190524,0.0011581798595512562,-0.7197786819953067,0.5279059726453613,0.7197796137954228,1.286406018972382,-0.6492014738586247,1.1105754778438797,76.54559326171875,776.7103881835938,546.43798828125,685.5532836914062,545.1635131835938,0.6242614984512329,0.4630311131477356,0.4964648187160492,0.9688721895217896,0.9555224180221558,0.9667084813117981,0.9580351114273071,0.9648370742797852,0.9382632374763489
13,0,0.01079505287593914,0.030789532176928775,-0.9185761090145472,0.5209627637546145,0.9190919776300843,1.2996151423571418,0.5233466188527056,1.1895830508120964,76.06317138671875,775.5865478515625,549.53173828125,686.9220581054688,544.0368041992188,0.6037806868553162,0.34263357520103455,0.467997282743454,0.9554149508476257,0.9689257144927979,0.9959422945976257,0.9963719844818115,0.9697035551071167,0.9777838587760925
14,0,0.008857848670270698,0.04169018198380166,-0.9424547185752853,0.5060121410705863,0.9433763659529862,1.3451314360084157,0.5983616837297108,1.204716512538202,73.97314453125,777.1925048828125,546.85302734375,685.9520874023438,544.0203857421875,0.7164017558097839,0.390567421913147,0.4493955671787262,0.9804399609565735,0.9810082912445068,0.9969263672828674,0.9962055683135986,0.973446249961853,0.972534716129303
14,1,0.012206679255069,0.017534016046644233,-0.6521040898561322,0.529704559643248,0.6523397778196717,1.2789605346083792,-0.6535478437272245,1.099370394837539,76.96221923828125,776.9627075195312,546.8338012695312,685.1156005859375,545.3243408203125,0.5992841124534607,0.4424595832824707,0.47205111384391785,0.9671306610107422,0.9520062804222107,0.9676086902618408,0.9586563110351562,0.9638481140136719,0.9349845051765442
15,1,0.012184237036849309,0.02555684208525521,-0.6277663908459628,0.5295771586980881,0.6282863946108787,1.261848502180859,-0.659984984033656,1.0754912660297025,77.06640625,776.3662109375,547.2064208984375,684.7576293945312,544.3804321289062,0.6104432940483093,0.4629990756511688,0.47721731662750244,0.9683400392532349,0.9529667496681213,0.9681596755981445,0.9591999053955078,0.9629745483398438,0.9328537583351135
15,0,0.00848651953262148,0.03970974212667539,-0.9374246549781116,0.5114356069862824,0.9382653395391938,1.3229771436976316,0.58706590423438,1.1855893668685689,74.57757568359375,776.6753540039062,547.6079711914062,685.1795654296875,543.0795288085938,0.7283810973167419,0.42315933108329773,0.46294185519218445,0.9791184663772583,0.9779866337776184,0.9960107803344727,0.9949256181716919,0.9701865911483765,0.9667023420333862
16,1,0.013194757710297015,0.027924056443252056,-0.676681940850131,0.5297010158802479,0.6772578548831649,1.2686670973101408,-0.654039744533346,1.087082433106199,77.1221923828125,776.41845703125,547.1828002929688,685.1909790039062,545.3126220703125,0.6146833896636963,0.4617190659046173,0.48564791679382324,0.9676447510719299,0.9526522755622864,0.9650405049324036,0.9555583596229553,0.9628434777259827,0.9336456060409546
16,0,0.00882989830728096,0.050249559564124226,-0.978903931404137,0.5023462409891193,0.9801927999913403,1.3526855079506435,0.5927153858101986,1.2159138764088342,73.48150634765625,776.7921752929688,547.935546875,685.6802978515625,543.8618774414062,0.73235684633255,0.4140537977218628,0.46460896730422974,0.9816479682922363,0.9820476770401001,0.9970205426216125,0.9963127970695496,0.9741011261940002,0.972966730594635
17,1,0.01412121720602366,0.03371845264196014,-0.6532928927718301,0.5287577472482026,0.6541624704878399,1.2551884767806532,-0.656640953350356,1.0697292978254227,77.1129150390625,776.700439453125,547.3695068359375,685.40380859375,543.9807739257812,0.6368588209152222,0.49005967378616333,0.5035234093666077,0.9700642228126526,0.9558380842208862,0.9673223495483398,0.9584391117095947,0.9632837176322937,0.934472382068634
17,0,0.012216535048847892,0.043697697686578475,-0.8898060128171662,0.5275181092157356,0.8908783470422269,1.2921997139038623,0.5076439630227058,1.1883087592960953,76.92510986328125,775.3548583984375,551.6008911132812,686.3558959960938,542.8350830078125,0.6557090878486633,0.41224342584609985,0.5095731019973755,0.9601085782051086,0.9702512621879578,0.9954915642738342,0.9958481788635254,0.9694203734397888,0.9760677218437195
18,1,0.012157127408494952,0.027130644817542446,-0.660795898553127,0.529619509105923,0.6613526226097922,1.2630021351130702,-0.6436871975814409,1.0866651669074174,77.3236083984375,776.488037109375,547.2467041015625,685.8268432617188,545.3263549804688,0.6716561913490295,0.5289356708526611,0.5418267846107483,0.9722089767456055,0.9587305784225464,0.9645458459854126,0.9548379182815552,0.9636915326118469,0.9344644546508789
18,0,0.006822346844561814,0.04113756755134642,-0.9462187278271672,0.508020669920904,0.9471125489375084,1.3476415221743765,0.5901432791497472,1.2115562646294449,74.23687744140625,776.5223388671875,548.4697875976562,686.0198364257812,544.70166015625,0.7621694803237915,0.4694753587245941,0.5060432553291321,0.9812266826629639,0.980482816696167,0.9960950016975403,0.995075523853302,0.9710344076156616,0.9679605960845947
19,1,0.008762802400513902,0.014247357848395705,-0.6857535845150833,0.5326876091912038,0.6859015715690887,1.252442148817205,-0.6343888851368862,1.0798898455623318,77.7218017578125,776.1481323242188,547.3796997070312,685.934326171875,545.4833374023438,0.6812826991081238,0.5398738980293274,0.5492165088653564,0.9716700315475464,0.9586866497993469,0.9618270397186279,0.9519323706626892,0.9627435803413391,0.934220016002655
19,0,0.009030247969466812,0.01319934003299835,-0.8428125225863059,0.5405701376298244,0.8429158740975277,1.277430544836258,0.500162427111805,1.1754430413194366,78.53582763671875,774.992919921875,552.4532470703125,686.7861938476562,543.7871704101562,0.7223844528198242,0.49296319484710693,0.5876175761222839,0.9617122411727905,0.9720455408096313,0.9934481978416443,0.9940463304519653,0.96671462059021,0.9746923446655273
20,1,0.008853393976617269,0.02873129057659245,-0.7333013103912757,0.5364580592698052,0.733863951206052,1.2500127026168253,-0.6240372631544445,1.083101680775231,78.20880126953125,775.90234375,547.2190551757812,686.2669677734375,546.2647094726562,0.6795275807380676,0.5328587889671326,0.5506088733673096,0.9706437587738037,0.95759117603302,0.9602511525154114,0.9501977562904358,0.9612587690353394,0.9321262836456299
20,0,0.008926542800104466,0.04301962949995997,-0.9560355638639964,0.5178207430911896,0.957002971727394,1.3077530057513704,0.5189826490324323,1.2003645004976708,75.48590087890625,774.5239868164062,550.5673828125,688.3614501953125,545.873291015625,0.6972333192825317,0.44881513714790344,0.5489075779914856,0.9707611203193665,0.9783410429954529,0.9967634677886963,0.9970212578773499,0.9738776087760925,0.9792145490646362
21,0,0.008793334135540625,0.04037466799376191,-0.9228976524280185,0.5250941255371189,0.9237803801081478,1.2914908012639787,0.5066684145222895,1.1879543793744536,76.59124755859375,774.3480834960938,551.2139892578125,687.9819946289062,544.4749145507812,0.747309684753418,0.5097178220748901,0.6062451601028442,0.9752171039581299,0.9824184775352478,0.9968403577804565,0.9971707463264465,0.9750992059707642,0.9814590215682983
21,1,0.009809578989528205,0.032018882671571394,-0.7533147721130627,0.5384352183405848,0.7539949301761196,1.2389985262216725,-0.6383715640031575,1.0618846897152434,78.48114013671875,775.0238037109375,547.5975341796875,685.0872802734375,545.234375,0.6978298425674438,0.5546660423278809,0.5711519718170166,0.9713410139083862,0.9595432281494141,0.9586068987846375,0.9489567875862122,0.9599884748458862,0.9323480725288391
22,0,0.007485711128337388,0.05300858551140103,-0.9933585389516998,0.5140560704051393,0.9947718819137256,1.3014376543494914,0.5112913369703529,1.1967961968930947,75.1146240234375,773.44775390625,550.3124389648438,689.1577758789062,544.3711547851562,0.7327465415000916,0.4837978780269623,0.5804251432418823,0.9792725443840027,0.9847474098205566,0.9978423118591309,0.9980238676071167,0.9796390533447266,0.9838896989822388
22,1,0.009585023930447563,0.030368080488511206,-0.7912737942137206,0.5381267850968757,0.7918563239135835,1.2219964689422698,-0.6191890427509583,1.053508566384027,78.403076171875,774.615966796875,547.2096557617188,686.2326049804688,544.2620849609375,0.7035978436470032,0.5564453601837158,0.5790919661521912,0.97197425365448,0.9605482220649719,0.9581982493400574,0.9484739303588867,0.9599467515945435,0.9322028160095215
23,0,0.009623609751239146,0.040573537101278624,-0.9578192481833494,0.5208867428447912,0.9586782171841736,1.2838532241074678,0.4895221809285219,1.186864413246148,75.98944091796875,772.696533203125,550.591796875,688.6812133789062,542.4382934570312,0.7189655900001526,0.4546250104904175,0.5800893306732178,0.9733395576477051,0.9825922250747681,0.9971444010734558,0.9975444674491882,0.975980281829834,0.9838963747024536
23,1,0.01344667600906451,0.027155037662513395,-0.7612034895566819,0.5377560055860165,0.7616876975399577,1.1967134814271352,0.4904587780952396,1.0915921141244924,78.4847412109375,773.6925659179688,547.4615478515625,686.7633056640625,542.1973876953125,0.6770287752151489,0.5228198766708374,0.5533190369606018,0.9695606827735901,0.9571995735168457,0.9576268196105957,0.9475747346878052,0.9599288702011108,0.9324595928192139
24,1,0.010056688805106887,0.0499482210653642,-0.7990484018449304,0.5371905032012134,0.8006080022573668,1.2322026779942459,-0.6241731102242615,1.0624176994615457,78.56463623046875,773.0576171875,548.6629028320312,685.449462890625,544.9014282226562,0.7088554501533508,0.5630931258201599,0.5854743123054504,0.970606803894043,0.9580458402633667,0.9518622756004333,0.9403754472732544,0.9573705196380615,0.9270815849304199
24,0,0.00636366385535374,0.06531337325675578,-1.0498586442764213,0.5080257900299396,1.0518883066600282,1.3285743185248287,0.4985320908959395,1.2314931888527179,74.67706298828125,771.8862915039062,551.4930419921875,688.240966796875,544.0744018554688,0.7700363993644714,0.5297084450721741,0.6266795992851257,0.9814297556877136,0.9866200685501099,0.9978179931640625,0.9980247020721436,0.9798213243484497,0.9845795631408691
25,0,0.014556630918127126,0.07465177870782108,-1.0145455957363327,0.5086452528908394,1.0172883828552413,1.26271524625784,0.5185865158252682,1.1513113474365682,74.66796875,772.2941284179688,549.8788452148438,686.7420043945312,541.37353515625,0.72154301404953,0.4892658591270447,0.5811741352081299,0.9811076521873474,0.9788365960121155,0.9975314140319824,0.9972077012062073,0.982379674911499,0.9769744277000427
25,1,0.015116329176901049,0.046572020668554884,-0.823683829088758,0.5311573491457594,0.8249993960067308,1.215578448479476,-0.6118240900703968,1.0503819530139031,77.90130615234375,772.63134765625,548.7056884765625,687.3707885742188,543.8850708007812,0.6943833827972412,0.5396718978881836,0.5676631331443787,0.9720902442932129,0.9603453278541565,0.9593026638031006,0.9495962858200073,0.960915207862854,0.9337359070777893
26,0,0.013231938723752971,0.07728468308608381,-1.0295646161395369,0.5023413163552265,1.0324612443313639,1.2812197913038896,0.5282581506429479,1.16724782283287,73.8841552734375,772.3887329101562,549.8041381835938,686.6273803710938,540.807373046875,0.7211592197418213,0.4839172065258026,0.579619824886322,0.9818673133850098,0.979772686958313,0.9977693557739258,0.9974780678749084,0.9827967882156372,0.9776057600975037
26,1,0.006856036825416972,0.039743859975174725,-0.8507193361392089,0.5523908014155738,0.8516472058821438,1.1626219819423713,0.4788954943561407,1.0594097311149238,80.78924560546875,773.4862670898438,548.8302001953125,687.9277954101562,542.1631469726562,0.8676079511642456,0.7644023299217224,0.7954896688461304,0.968824565410614,0.9693711996078491,0.937929630279541,0.9340343475341797,0.9075806140899658,0.8995058536529541
27,0,0.014913557297590366,0.07822157541366533,-1.032146657046069,0.5084243033852989,1.0351064372863166,1.2593428480341475,0.5263531004007224,1.1440702874357438,74.86175537109375,772.5478515625,549.322509765625,684.5172119140625,540.209716796875,0.7284420132637024,0.49383702874183655,0.5968477725982666,0.9810473322868347,0.9791232347488403,0.997534990310669,0.9972264170646667,0.9818984866142273,0.9766024947166443
27,1,0.008375768350006026,0.03924648969507051,-0.846655040978667,0.553131946727419,0.8475641836273956,1.163082522996486,0.483558816439677,1.0577957394238882,81.025390625,773.7431030273438,549.0757446289062,686.1627197265625,542.0714111328125,0.8679061532020569,0.7645912766456604,0.7997050881385803,0.9682668447494507,0.96855628490448,0.9351759552955627,0.9306040406227112,0.9068060517311096,0.8971441388130188
28,0,0.012260028665205695,0.09104070991277398,-0.9872951950863448,0.4966325539811348,0.9914838440953062,1.3502999099414221,0.5096462407677752,1.2504281490989748,73.416259765625,771.9058227539062,552.1444702148438,686.5824584960938,542.3285522460938,0.727994441986084,0.4735461175441742,0.5842321515083313,0.9786244034767151,0.9842415452003479,0.9977502226829529,0.9979325532913208,0.9787548184394836,0.9830279350280762
28,1,0.017094403265573207,0.06580067695207974,-0.7338339714651845,0.5315295919050088,0.7367781394447837,1.2426232055571234,-0.6649348170710332,1.049749551100534,78.35052490234375,772.91455078125,549.2823486328125,682.5950317382812,543.69384765625,0.6877050399780273,0.5386009216308594,0.5710716843605042,0.9708055853843689,0.9570583701133728,0.953400731086731,0.9411956667900085,0.9610628485679626,0.9306604266166687
29,0,0.01646195109378524,0.10132776506975096,-0.9189048455169303,0.5135514749304568,0.9244746784463727,1.2571710447893405,0.5141241663713393,1.1472381520023196,75.77880859375,772.0985717773438,549.3999633789062,682.4763793945312,540.42138671875,0.7276815176010132,0.5280284285545349,0.5917339324951172,0.9767549633979797,0.9697325229644775,0.9965150356292725,0.9957202076911926,0.9775792956352234,0.9640156626701355
29,1,0.007427236591752539,0.05497956031121075,-0.7898686961927548,0.5511658101179933,0.7917798363669388,1.175512414634027,0.48193772017406705,1.0721779100653692,80.99822998046875,773.3775634765625,549.3935546875,685.577392578125,543.251953125,0.8752071857452393,0.7736575603485107,0.813475489616394,0.9719353914260864,0.9728220701217651,0.9414730668067932,0.9379959106445312,0.912341296672821,0.9064381122589111
30,0,0.015155458519493164,0.10242967696951878,-0.9291351580611423,0.5142073253803906,0.9347641310348744,1.2575559292892502,0.515544245391992,1.147022687802535,75.9825439453125,771.9243774414062,549.798828125,682.2169799804688,539.4669189453125,0.7270129919052124,0.5219399333000183,0.5923875570297241,0.9772309064865112,0.9707046151161194,0.9966655373573303,0.995927631855011,0.978611409664154,0.9661080241203308
30,1,0.0068148683927986165,0.05571691737395884,-0.7930502657761002,0.550264215292478,0.7950050936498455,1.17499446469774,0.490343154428911,1.0677900462989125,81.00860595703125,773.748046875,549.2965087890625,685.0158081054688,542.9024658203125,0.8703975677490234,0.7656146287918091,0.8081277012825012,0.9712103605270386,0.9719468355178833,0.9407296776771545,0.9369564056396484,0.9122212529182434,0.9053698778152466
31,0,0.010439261696952353,0.08229626147210924,-0.953536373484864,0.5050080646560408,0.9570811304225738,1.3219414543770667,0.4949913128794228,1.2257702920916542,74.65057373046875,771.2921142578125,551.2443237304688,686.21044921875,543.6031494140625,0.7406352162361145,0.504818856716156,0.5996061563491821,0.9782360792160034,0.9829409718513489,0.9975703358650208,0.9976934790611267,0.9766811728477478,0.9797960519790649
31,1,0.013649554233453329,0.052797124414818264,-0.7427469049018528,0.5383715367027685,0.7446210452893175,1.2250492250236285,-0.6391070494514679,1.0451257259643125,79.22979736328125,772.0087890625,549.05224609375,683.5787963867188,544.467529296875,0.720866322517395,0.5819502472877502,0.6073322892189026,0.9730150699615479,0.9596512317657471,0.9506145715713501,0.9372141361236572,0.9599205851554871,0.9265698790550232
32,0,0.008899371017579673,0.09076677436876125,-1.0009332996388234,0.5033701315809666,1.005040336332414,1.3274760585432523,0.4958623032276168,1.2313867232690676,74.3892822265625,770.9536743164062,551.4774169921875,685.9671020507812,544.8104248046875,0.7487410306930542,0.5124750137329102,0.6056933999061584,0.9800615906715393,0.9843661785125732,0.9977523684501648,0.997865617275238,0.9781844019889832,0.9810530543327332
32,1,0.011632811743680919,0.05983862119621923,-0.7780488254628769,0.5396444829409897,0.7803464841920075,1.2309342886734178,-0.6398872407482248,1.0515434095459666,79.4393310546875,771.4623413085938,549.521240234375,683.0536499023438,545.42236328125,0.7346058487892151,0.5963336229324341,0.6211614012718201,0.9730437397956848,0.9604309797286987,0.9466281533241272,0.933051586151123,0.9587721228599548,0.9264493584632874
33,0,0.008116194358689129,0.09074925670431938,-0.9824723915838814,0.5065853165475425,0.9866546649243281,1.3188914890438568,0.4930780462500519,1.2232533671233257,74.94976806640625,770.7225952148438,551.4790649414062,686.1143798828125,545.7193603515625,0.7525231838226318,0.5194653868675232,0.6110885739326477,0.9798172116279602,0.98409503698349,0.997647225856781,0.997761607170105,0.9778627157211304,0.9806542992591858
33,1,0.01062712295903506,0.06013817820967706,-0.779590312387951,0.5415321101559397,0.7819064238433662,1.2238612849580306,-0.6254528788146367,1.051972024913973,79.83526611328125,771.1265258789062,549.625244140625,683.5693359375,545.7743530273438,0.7359450459480286,0.5980956554412842,0.6210260987281799,0.9728696942329407,0.9598833918571472,0.9458642601966858,0.9319210648536682,0.9584431648254395,0.9251354932785034
34,0,0.009516397917481972,0.08770438918581161,-0.9842847019215044,0.5076329380290491,0.9881844131128364,1.3189402129247605,0.49482869019249215,1.2225988109892774,75.01763916015625,770.6535034179688,551.65966796875,687.164306640625,546.4196166992188,0.8162856101989746,0.6066295504570007,0.6975429654121399,0.9847223162651062,0.9884137511253357,0.9978499412536621,0.9980000853538513,0.9794706702232361,0.9830233454704285
34,1,0.010467259770302655,0.06515653514289257,-0.8010862439654183,0.5375106273745067,0.8037316370172626,1.2274986432936064,-0.6031558156535913,1.0690911941134373,79.23236083984375,771.2078857421875,549.6768188476562,685.5462646484375,546.2489013671875,0.778218150138855,0.646203875541687,0.6697551608085632,0.9773768782615662,0.9674099683761597,0.9484843611717224,0.9364288449287415,0.9612955451011658,0.9330945014953613
35,0,0.012122397864948344,0.10283840315519724,-1.030137917344354,0.5050611746641055,1.0352583570848746,1.2774616553436908,0.5189447440200827,1.1673065722111622,74.71551513671875,770.218017578125,550.7072143554688,686.4813232421875,546.7845458984375,0.8483264446258545,0.6847557425498962,0.7431190609931946,0.9886009097099304,0.9855154752731323,0.9976164102554321,0.9971277117729187,0.9832443594932556,0.9740973711013794
35,1,0.003908749320939217,0.06660265890022334,-0.8532783545602705,0.5481604970977878,0.8558737433369843,1.167991154300364,0.47087659202028126,1.0688678924971329,80.8935546875,770.7500610351562,549.9688720703125,687.619140625,546.2763061523438,0.8986752033233643,0.8106299638748169,0.8440802693367004,0.9757168889045715,0.9766530990600586,0.9340371489524841,0.9311102628707886,0.9127228260040283,0.9088472127914429
36,1,0.004666967671750925,0.06949846290440614,-0.8407481087436421,0.5466545263249576,0.8436156818730234,1.1774749144279317,0.46414150673246357,1.0821366992368309,80.5677490234375,770.1715087890625,549.6576538085938,686.6737060546875,545.3671875,0.9022451639175415,0.8134223222732544,0.8515946865081787,0.9765647053718567,0.9781768321990967,0.9376594424247742,0.9357798099517822,0.9130455851554871,0.9124804735183716
36,0,0.01039526095891078,0.08849748569165393,-0.9780415988988336,0.5100583647154877,0.982037257007254,1.3418907504125275,-0.6023943552235608,1.1990795748562673,75.204345703125,770.1765747070312,551.9546508789062,687.6397705078125,550.09814453125,0.8417580723762512,0.6527931690216064,0.7336616516113281,0.9867216348648071,0.9895067811012268,0.9979128241539001,0.9980151653289795,0.9802000522613525,0.9826929569244385
37,0,0.009141196021352785,0.09556164330362994,-0.9502377835562841,0.5109198935950087,0.9550308230464866,1.312161523916333,-0.6076029249238267,1.1630075453196527,75.4393310546875,769.7242431640625,551.626708984375,686.896728515625,547.9692993164062,0.8410354852676392,0.6623477935791016,0.7271561622619629,0.9860965609550476,0.9884042739868164,0.997757613658905,0.9978112578392029,0.9795433878898621,0.9808690547943115
37,1,0.0032000491556679594,0.07958590901194831,-0.8186042066024861,0.5444191937419204,0.8224638374910741,1.171793083535039,-0.5809012782749395,1.017670248911255,80.46026611328125,769.96826171875,549.3385009765625,685.96044921875,544.7066650390625,0.9007667303085327,0.8150665760040283,0.8460350036621094,0.9769273996353149,0.9778811931610107,0.9379591941833496,0.9353621006011963,0.9155200123786926,0.9125052690505981
38,0,0.008191132888867015,0.09352632627851304,-0.9305278649399018,0.512733218986844,0.9352161681326767,1.3075257976091963,-0.6038503649782272,1.1597363700984922,75.64630126953125,769.7954711914062,551.3470458984375,687.3479614257812,548.2360229492188,0.8633127808570862,0.6972076296806335,0.7599296569824219,0.9873665571212769,0.9901933073997498,0.9977772831916809,0.997920572757721,0.9795166254043579,0.9826726913452148
38,1,0.001680935809311127,0.08170302507844114,-0.8415765344694106,0.5455861189475917,0.8455332327451781,1.1757213444211112,0.461973277741501,1.0811574216459687,80.5723876953125,769.9030151367188,549.999755859375,686.76953125,545.146240234375,0.9106993079185486,0.8299738764762878,0.8597414493560791,0.978434681892395,0.9802330732345581,0.9402597546577454,0.9394118785858154,0.9162500500679016,0.9185242056846619
39,0,0.00996402316258911,0.09166877779930305,-0.9152152139590443,0.5278041761751551,0.9197945709153306,1.276501333223316,0.47295423404317066,1.1856516968408306,77.81903076171875,770.13525390625,552.6590576171875,687.76220703125,548.2156982421875,0.8698323369026184,0.7151342034339905,0.7724736928939819,0.9860162138938904,0.9888849258422852,0.9970940351486206,0.9972525238990784,0.9776681661605835,0.9807259440422058
39,1,0.0068594901549098985,0.08368783682275485,-0.7588920445455474,0.5443000460616139,0.7634924945974211,1.222198574948414,-0.5803194188174312,1.0756387538338943,80.1168212890625,771.032958984375,549.2969360351562,686.554931640625,547.5940551757812,0.8343872427940369,0.727391242980957,0.7346219420433044,0.9814056754112244,0.973982572555542,0.949209988117218,0.9390406608581543,0.9620547890663147,0.9378543496131897
40,0,0.009324241924656687,0.08950262558599435,-0.9375980601348723,0.5251607281793264,0.9418603093641129,1.298910452531257,-0.585397608456777,1.1595162800530403,77.37530517578125,769.9278564453125,552.557861328125,687.5218505859375,550.276611328125,0.8722215294837952,0.7264968156814575,0.772063136100769,0.9873199462890625,0.989096999168396,0.9974404573440552,0.9974714517593384,0.9783933758735657,0.9791660904884338
40,1,0.005556029648412737,0.07875207246306139,-0.7658741527283367,0.544895339028605,0.7699124019877682,1.2436216054400977,-0.5841831447798312,1.097872830009265,80.10546875,771.0315551757812,548.9078979492188,685.9745483398438,549.18603515625,0.8397601842880249,0.7397163510322571,0.7396513819694519,0.9817147254943848,0.9736426472663879,0.9482478499412537,0.9370073676109314,0.9610521197319031,0.933556079864502
41,0,0.009142352140533631,0.08866388179211618,-0.9468568159034293,0.5202412799951772,0.9509990082840397,1.2975238802753246,0.48889529944839083,1.2018941742358198,76.5914306640625,769.9407958984375,552.3474731445312,686.9488525390625,547.783203125,0.8770943880081177,0.73175448179245,0.7785783410072327,0.9878252148628235,0.9897083044052124,0.9975287318229675,0.9975838661193848,0.9793165326118469,0.9806010127067566
41,1,0.004121723728647643,0.07494776626205277,-0.7632496267926191,0.5431338956507611,0.7669205698550168,1.2417279631428126,-0.5990888539474328,1.0876492447139152,79.80859375,770.982177734375,548.771240234375,684.668212890625,547.7186279296875,0.842272162437439,0.7423083186149597,0.7411485314369202,0.9819629192352295,0.9745275974273682,0.9510291814804077,0.9410676956176758,0.9615142345428467,0.9361250400543213
42,0,0.010909995617207352,0.07545797872381398,-0.884608926262017,0.5397973258153599,0.8878214116451136,1.2898143187719915,0.47636450045792095,1.1986233101407346,79.23944091796875,770.5120849609375,554.1996459960938,685.7666625976562,545.3738403320312,0.8692860007286072,0.7144919037818909,0.7795678377151489,0.9831416606903076,0.986711859703064,0.9960973858833313,0.9963216781616211,0.9744507670402527,0.978293240070343
42,1,0.006064230827768655,0.06877536801062789,-0.7236078999436331,0.5434600771175152,0.7268689318617437,1.2395471031958145,-0.6098834954871997,1.0791288815398512,79.80364990234375,770.8453369140625,549.2787475585938,683.612548828125,546.389892578125,0.81931471824646,0.6992473006248474,0.7234973907470703,0.9800605773925781,0.9735973477363586,0.9516324996948242,0.9432315230369568,0.9612555503845215,0.9403322339057922
43,0,0.01132958272079611,0.07718440197519695,-0.9373983031148303,0.5298593876156693,0.9405705771449754,1.3241328942741817,0.4902111839873346,1.2300491521856585,77.7216796875,770.3726806640625,554.3142700195312,685.6926879882812,545.1008911132812,0.8506723642349243,0.6638613343238831,0.7581384778022766,0.9832234978675842,0.9876925349235535,0.9968574047088623,0.9971327781677246,0.9756374359130859,0.9810183048248291
43,1,0.009043229962353209,0.06344145824006252,-0.7508019366481586,0.5406024205853118,0.7534775157217707,1.2566162271323753,-0.6194989453667678,1.09330023277317,79.3443603515625,770.7141723632812,549.5057373046875,682.7177734375,546.422607421875,0.7822839021682739,0.6410046815872192,0.6840649247169495,0.9777138829231262,0.9705408811569214,0.9528911113739014,0.9443016052246094,0.9604288339614868,0.938660204410553
44,0,0.010829566095803387,0.07529167986899112,-0.9375594104600056,0.5303379910451557,0.9405777401148764,1.3289815200485606,0.49243153875836454,1.2343836762800504,77.821533203125,770.3643798828125,554.375732421875,685.4845581054688,545.8389282226562,0.857553243637085,0.6740992069244385,0.7682422995567322,0.9838835597038269,0.988186776638031,0.9968966245651245,0.997165858745575,0.9763601422309875,0.9815137982368469
44,1,0.008671944213345094,0.061532482973396634,-0.7428977108442095,0.538551579633424,0.745441651129341,1.2762479526334427,-0.6230271847370081,1.1138428810562702,79.15899658203125,770.8350830078125,549.3200073242188,682.2189331054688,547.427490234375,0.778464138507843,0.6365100145339966,0.6781574487686157,0.9778259992599487,0.9701612591743469,0.9545865654945374,0.9457118511199951,0.9607473611831665,0.9373193383216858
45,1,0.009356131334552552,0.05893725224225321,-0.7097636810666036,0.5405411989161055,0.7122064887819278,1.275209628074936,-0.618732463494497,1.1150469649988055,79.46331787109375,770.7127075195312,549.3215942382812,681.9400634765625,547.807373046875,0.7753206491470337,0.6293442249298096,0.6805698871612549,0.9776946306228638,0.9699915051460266,0.9551003575325012,0.9460880756378174,0.9607917070388794,0.9370108246803284
45,0,0.012242440767695397,0.07247197121372036,-0.8440666594159718,0.5434394572590934,0.847172185656045,1.3101832684681116,0.48477507272395837,1.2171989672355399,79.6888427734375,770.7412719726562,554.6621704101562,684.8485107421875,545.3921508789062,0.8655665516853333,0.6963489055633545,0.7875787019729614,0.9807533621788025,0.9857389330863953,0.9952463507652283,0.9956384301185608,0.9722087383270264,0.9781052470207214
46,1,0.007539980618712687,0.0561608478047201,-0.7496092668026784,0.5420364232186319,0.751710112811178,1.2695951435513528,-0.6092249863617426,1.11387465386448,79.54827880859375,770.046142578125,548.8974609375,681.9071655273438,548.2521362304688,0.7607061266899109,0.6100233793258667,0.6624449491500854,0.9763060212135315,0.9669932126998901,0.951369047164917,0.9403727054595947,0.9599822163581848,0.9321786165237427
46,0,0.0017686357449974014,0.06922825686317148,-1.046217940590967,0.5001936013022452,1.0485058563321035,1.4556409468783182,0.6035304706594539,1.3246288299800761,72.69476318359375,769.5293579101562,554.9586791992188,683.0340576171875,549.7520751953125,0.8363380432128906,0.6040806770324707,0.6451692581176758,0.9748920798301697,0.9730246663093567,0.992027223110199,0.9897294044494629,0.9608895182609558,0.953731894493103
47,1,0.006819481162300812,0.05357051043469252,-0.7329179152869493,0.5424505094846224,0.7348730979814142,1.2713643798245453,-0.6119756274436826,1.1143846812037403,79.53521728515625,769.7716674804688,548.9940795898438,681.6995239257812,548.3963012695312,0.7327694892883301,0.5794382691383362,0.6244031190872192,0.9740618467330933,0.9629036784172058,0.9517589211463928,0.9400023221969604,0.9596807956695557,0.9292936325073242
48,1,0.008029146035746917,0.04905699530702001,-0.7663266143805555,0.5496533038118955,0.7678952198682563,1.2706714780317927,-0.5877771206963914,1.1265540650449763,80.2967529296875,769.27294921875,549.1597290039062,682.64208984375,549.4415283203125,0.7415729761123657,0.5736907124519348,0.6500054001808167,0.9738943576812744,0.9649878144264221,0.9485958814620972,0.9378721714019775,0.958489716053009,0.9322391152381897
48,0,0.013041280049442132,0.06727388294361196,-0.8824085752726621,0.5476241700222527,0.8849693040106195,1.3112573061969033,0.49105467623588117,1.2158375829039145,79.79656982421875,770.306640625,554.1168212890625,684.8560791015625,545.9927368164062,0.8505206108093262,0.6565191745758057,0.7795524597167969,0.9785611629486084,0.9846881031990051,0.9945400357246399,0.995053231716156,0.9712770581245422,0.9781134128570557
49,1,0.005289744712155204,0.05093445443546671,-0.7760033833695077,0.5497644392476296,0.7776731766298499,1.2607780367373045,-0.5978570473185353,1.1100127066348089,80.31298828125,769.6603393554688,547.9049682617188,681.8368530273438,549.477783203125,0.7721086144447327,0.624039351940155,0.6801320314407349,0.9758948683738708,0.966788113117218,0.9466691017150879,0.9349043965339661,0.9577543139457703,0.9286283254623413
50,1,0.0041089505897834834,0.058315417836600006,-0.8117661976271582,0.5484376841956122,0.8138581249625217,1.2576102615070337,-0.5978631629209761,1.1064100543062305,80.14581298828125,769.6618041992188,548.0927734375,681.7002563476562,548.6739501953125,0.8032042384147644,0.6567691564559937,0.7199942469596863,0.9790403842926025,0.9721806049346924,0.949462354183197,0.9394201636314392,0.9603570103645325,0.9358085989952087
50,0,0.002170824356742035,0.08349136350030144,-1.1442335501768617,0.49956065293083823,1.1472755663437988,1.4605845324536684,0.6050174753679524,1.3293837034288822,72.38494873046875,769.266357421875,554.8477172851562,683.073974609375,548.8780517578125,0.869867742061615,0.6688597798347473,0.6906973719596863,0.9805280566215515,0.9778695702552795,0.9937447905540466,0.9916175007820129,0.9661566615104675,0.956591784954071
51,1,0.003480122785714231,0.07067763109250168,-0.8514493333607749,0.5473853226414942,0.8543777237366127,1.2568934561960816,-0.5941390173941347,1.1076010058854513,80.07073974609375,770.3275146484375,548.0992431640625,682.2460327148438,548.8385620117188,0.8281923532485962,0.6917312741279602,0.7508600950241089,0.980804979801178,0.9746918082237244,0.9488425850868225,0.9390310049057007,0.9599897265434265,0.9358950257301331
51,0,0.0027100237965202467,0.11180382174715872,-1.1138900808821617,0.5122411765618456,1.1194870284397846,1.3681736272768887,0.5610663571818678,1.247839579919898,75.099609375,770.4258422851562,551.376220703125,683.2254638671875,546.839111328125,0.9007456302642822,0.6890168786048889,0.7447144985198975,0.9910451769828796,0.9925399422645569,0.9976119995117188,0.9972635507583618,0.976677656173706,0.9785269498825073
52,1,0.005992380055225165,0.07003825215325554,-0.827759371929977,0.5480476165700353,0.8307171206750184,1.2686984162919115,-0.6007436267370281,1.1174536976700407,80.08319091796875,770.2179565429688,548.4461059570312,682.4367065429688,548.7689208984375,0.8132399916648865,0.6701869964599609,0.7341121435165405,0.9793713092803955,0.9732312560081482,0.9493081569671631,0.9400662779808044,0.9582018852233887,0.9347032308578491
52,0,0.011791274386024642,0.0874303115705254,-1.0352016216105455,0.5294177987701563,1.0388871241701008,1.3284184546908078,0.5033731012513575,1.2293539407752774,77.4451904296875,769.8189086914062,553.0383911132812,684.1492309570312,545.9276733398438,0.8866574168205261,0.718080997467041,0.8219611048698425,0.9871345162391663,0.990611732006073,0.996986448764801,0.9972289204597473,0.9778737425804138,0.9823127388954163
53,0,0.011591506652856347,0.07814755796350889,-1.0461090749741055,0.5239284706414528,1.0490239451789642,1.344802943893532,0.5157668711656441,1.2419659788064696,76.605224609375,770.2536010742188,552.4406127929688,684.6557006835938,546.6434326171875,0.8899816870689392,0.7152345776557922,0.8298371434211731,0.9883058071136475,0.9918646216392517,0.9974512457847595,0.9977074861526489,0.9795290231704712,0.9845012426376343
53,1,0.006761499766395112,0.059603002110499334,-0.8337442835848262,0.5452516644579942,0.8358720286449113,1.2835681260255558,-0.5938324473736903,1.1379411929422938,79.55828857421875,770.1324462890625,548.3511352539062,683.3238525390625,549.3252563476562,0.8049866557121277,0.6542941927909851,0.7242047190666199,0.9797115921974182,0.973545253276825,0.9538213610649109,0.9450387358665466,0.9601726531982422,0.936869204044342
54,1,0.007374486002019058,0.07247987097727329,-0.8894319552852535,0.5433745128451352,0.8923802635532856,1.270292388698931,-0.6040253428705095,1.1174954755866349,79.322265625,770.1458129882812,549.2269287109375,683.8077392578125,548.2522583007812,0.8354542255401611,0.7007938623428345,0.7591882348060608,0.9822956323623657,0.9774102568626404,0.9541653990745544,0.9463658928871155,0.9598415493965149,0.9390670657157898
54,0,0.010612209173444406,0.09164282903901573,-1.1145154997067501,0.5097882927621855,1.1182768920088,1.3605112454131703,0.5155082956580208,1.259063956280005,74.61590576171875,769.7230224609375,552.4425048828125,685.4390258789062,546.4612426757812,0.9088566899299622,0.7478491067886353,0.8530935645103455,0.9918516278266907,0.994640052318573,0.9983342289924622,0.9985488057136536,0.9829004406929016,0.9880654215812683
55,1,0.008137930927773639,0.0725574796010178,-0.8659016903284803,0.5395310185645681,0.8689363182418902,1.261606395656875,-0.5804230888550034,1.120160584687012,78.89337158203125,770.1092529296875,548.7991333007812,685.612548828125,548.3057861328125,0.818557620048523,0.674519956111908,0.7370537519454956,0.98159259557724,0.9760128855705261,0.9582884311676025,0.9505606889724731,0.9598569273948669,0.9371715188026428
55,0,0.011028768573709883,0.08490447924793938,-1.1097781809227136,0.5016366639192775,1.1130212852629957,1.3698642358302064,0.5293100003067808,1.2634709922202056,73.61285400390625,769.8717041015625,551.5345458984375,686.6192626953125,546.6278686523438,0.9024036526679993,0.7334743738174438,0.8418123722076416,0.9919393658638,0.9944401979446411,0.9985009431838989,0.9986577033996582,0.9841363430023193,0.9881354570388794
56,0,0.008190295654847737,0.07966056164199567,-1.155512557664902,0.4926918951734383,1.1582551860459773,1.3759643674324291,0.5419402608088165,1.2647445173465655,72.25213623046875,769.7384033203125,550.6383056640625,687.2154541015625,547.5350952148438,0.9120000004768372,0.7497323155403137,0.8526725769042969,0.9935781955718994,0.9956969022750854,0.9988260865211487,0.9989660978317261,0.9864270091056824,0.9902315735816956
56,1,0.0006460778571917816,0.07210598293492507,-0.9725203347137363,0.5389315226410253,0.9751897631777774,1.226862245721555,-0.5674830053433217,1.0877288304643988,79.30780029296875,769.29541015625,549.00537109375,685.528076171875,547.0087280273438,0.8935416340827942,0.7742194533348083,0.8544356822967529,0.9776099324226379,0.9818612337112427,0.9471816420555115,0.9488658308982849,0.9087283611297607,0.9211898446083069
57,1,-0.002799113804689145,0.07051607754819297,-0.9931544158709524,0.5447767112016508,0.9956546645081092,1.2099041976744112,-0.5657696380453656,1.0694731806904634,80.003173828125,769.3848876953125,548.7388305664062,685.6179809570312,546.8457641601562,0.9083797335624695,0.8101101517677307,0.866409420967102,0.9792729616165161,0.9828718900680542,0.9457614421844482,0.9473511576652527,0.9071735739707947,0.9184958338737488
57,0,0.007725539410061863,0.10534746766796003,-1.1910285216644916,0.5000087638953,1.1956784803459315,1.3026514232101365,0.5302759318031713,1.189835352702916,73.09881591796875,769.4933471679688,549.3163452148438,685.0241088867188,545.1611938476562,0.9296723008155823,0.8287739753723145,0.86665278673172,0.9945823550224304,0.9934321641921997,0.9983854293823242,0.9981038570404053,0.9873051047325134,0.9813839793205261
58,1,-0.001571487804933922,0.06866172312339691,-0.9912865659173464,0.5446590735863951,0.9936616566973285,1.2094867933734366,-0.5663697791746558,1.0686831039098585,79.93084716796875,769.0629272460938,548.0535278320312,685.47265625,546.2918701171875,0.910581648349762,0.8097671866416931,0.8732576370239258,0.9797833561897278,0.9837327599525452,0.9466808438301086,0.9488043785095215,0.9099696278572083,0.9231339693069458
58,0,0.006564417332412188,0.09226573970154565,-1.1418615075830771,0.4964655161507999,1.145583113188463,1.3537368181689386,0.5354285464852246,1.2433501696927063,72.70941162109375,769.6434326171875,550.1503295898438,687.7083740234375,547.3753662109375,0.9336678385734558,0.8003475666046143,0.8863515257835388,0.9947444200515747,0.9966480135917664,0.9988456964492798,0.9990127086639404,0.9868632555007935,0.9911724925041199
59,1,-0.0006384122402647909,0.07560756976713741,-1.0380136369167077,0.5414131623244203,1.0407635730708216,1.1994462056086763,-0.5812385351480978,1.0492058737006502,79.2562255859375,769.2821044921875,547.3682861328125,684.2042846679688,543.9381713867188,0.9084649085998535,0.797389805316925,0.8748909831047058,0.9805585741996765,0.9847495555877686,0.9522101879119873,0.9544953107833862,0.9162788391113281,0.930147647857666
59,0,0.0069687371575771545,0.11349820080788237,-1.1283219067092993,0.4973066076309345,1.134015946425241,1.3415625198663212,0.5429701203804865,1.2267735907998971,73.071533203125,770.042236328125,549.381591796875,687.0903930664062,545.3316650390625,0.9295990467071533,0.7837420701980591,0.8857608437538147,0.994155764579773,0.9964354038238525,0.9986822009086609,0.998896598815918,0.9861184358596802,0.9911177158355713
60,1,-0.0014664311223594705,0.06342343208192792,-1.0285566961554715,0.546243847410058,1.030510266296901,1.190766596224925,-0.5663437085718906,1.047463550891453,80.0174560546875,769.1969604492188,547.364990234375,685.0501708984375,544.8396606445312,0.9123424291610718,0.8089926242828369,0.8783132433891296,0.9801691174507141,0.984347939491272,0.947452187538147,0.9499199390411377,0.911562442779541,0.9259786009788513
60,0,0.006773473839792547,0.09251693988438638,-1.1079961544788501,0.5036676319407406,1.1118519966728895,1.3316841749757828,0.5289339921089112,1.2221340245131307,73.83538818359375,769.4483642578125,550.0355224609375,687.245849609375,545.4904174804688,0.9294518828392029,0.7810393571853638,0.8870730400085449,0.9936443567276001,0.9963870048522949,0.9985131621360779,0.9988033771514893,0.9847583770751953,0.9911410808563232
61,0,0.007211652221875903,0.08915367832204349,-1.1040469620246967,0.5122492293216334,1.1076407688029148,1.3246497744950045,0.5239974999714422,1.2166033228186353,74.8038330078125,769.4010620117188,550.7942504882812,686.5921630859375,545.1944580078125,0.9419392943382263,0.8152793049812317,0.9081512689590454,0.9939029216766357,0.996560275554657,0.9982776641845703,0.9986190795898438,0.9840796589851379,0.9908820390701294
61,1,0.000676640767701987,0.06722217329202775,-0.9269626220116948,0.5472695060898223,0.9293968598983426,1.2142946265508097,-0.5765940500032549,1.0686677414290255,79.69451904296875,770.73291015625,547.6246948242188,685.2705078125,545.6958618164062,0.8905156254768372,0.7838304042816162,0.8303011655807495,0.9862387776374817,0.9843028783798218,0.9567673802375793,0.9526852369308472,0.9609607458114624,0.9491187930107117
62,0,0.005797604869657271,0.08835971615720524,-1.059768674738653,0.5046916184138364,1.0634458535330809,1.3335179527224401,0.5326146288209607,1.2225349841206827,73.798828125,769.304931640625,549.7952270507812,686.9232177734375,544.973876953125,0.9510894417762756,0.8404014110565186,0.9203600883483887,0.9951087832450867,0.9972234964370728,0.9987063407897949,0.998958945274353,0.9859054684638977,0.991845428943634
62,1,-0.0025555873960817666,0.0643842401720621,-0.9837825158535007,0.5405719598066758,0.9858870974313323,1.201655748845277,0.4976859127240905,1.093748266745549,79.23193359375,769.6246337890625,547.3809814453125,684.44775390625,543.6051025390625,0.9241635203361511,0.8324819803237915,0.8930390477180481,0.9828008413314819,0.986574113368988,0.9529539942741394,0.9554793238639832,0.9181695580482483,0.9327017664909363
63,0,0.0076380017647368695,0.07566679726597482,-1.0439826094400253,0.5080006454696931,1.0467211438686497,1.3283295249083917,0.5354782897855976,1.2156160281567718,74.15234375,769.4130249023438,549.7601318359375,686.8646240234375,543.7046508789062,0.9508092999458313,0.8380334973335266,0.9221630096435547,0.9948015213012695,0.9970876574516296,0.9985696077346802,0.9988551139831543,0.9854912757873535,0.9917562007904053
63,1,-0.0002995292782189221,0.049987596415786574,-0.8708011179354291,0.5462112110767622,0.8722346856167902,1.2118386778731371,-0.5734246104007318,1.0675847495052007,79.47039794921875,770.935791015625,547.1411743164062,685.0186157226562,544.7613525390625,0.8993766903877258,0.8037133812904358,0.8410282135009766,0.9877063632011414,0.9852814078330994,0.9606435894966125,0.9557558298110962,0.9638468623161316,0.9495502710342407
64,0,0.009155521122166041,0.0880680150057087,-1.0432490621432067,0.5124908642728204,1.0469596844815592,1.3257742368820604,0.5311343989561246,1.2147318952862503,74.84130859375,769.6419677734375,550.4088745117188,685.938232421875,545.7882690429688,0.9472560882568359,0.8345673680305481,0.9185501933097839,0.9940016865730286,0.9965165853500366,0.9982886910438538,0.9986044764518738,0.9826900959014893,0.9896703362464905
64,1,-0.00040782783910328516,0.062369268733608235,-0.872380962611817,0.5468975782589993,0.8746076089366508,1.2505019801356116,-0.5958959398302393,1.099392209912787,79.5438232421875,771.021240234375,547.1346435546875,683.2078857421875,547.1262817382812,0.9093035459518433,0.8170406818389893,0.8606274724006653,0.9880262613296509,0.9864831566810608,0.958894670009613,0.9551859498023987,0.9625852704048157,0.9514514803886414
65,0,0.01015216865594016,0.09437454657483875,-1.0962048106960305,0.5046676908168819,1.1002597611629386,1.335224994300267,0.5398252221990334,1.2212348319966608,73.698486328125,769.501953125,549.3359985351562,684.6455688476562,544.7936401367188,0.9432032108306885,0.8245771527290344,0.9116990566253662,0.9942599534988403,0.9965747594833374,0.9985247254371643,0.9987781643867493,0.9831194281578064,0.9895534515380859
65,1,-0.00178789035093118,0.06525107396511613,-0.9773259499513792,0.5423514923470371,0.9795017688100246,1.2236773924904745,-0.6063687054566044,1.0628750415430632,79.3369140625,770.4692993164062,545.8764038085938,681.3510131835938,544.26904296875,0.9215644001960754,0.826460599899292,0.8946406841278076,0.982040286064148,0.9859937429428101,0.9493260979652405,0.9518560171127319,0.9174179434776306,0.9316287636756897
66,1,0.002567306740572107,0.07269885801247154,-0.9867861031376819,0.5392877540148117,0.9894604273552173,1.234743192058336,-0.6196921706423835,1.0679758255592398,78.9296875,770.6581420898438,546.3563232421875,680.2669067382812,544.5947875976562,0.9221963882446289,0.8188108801841736,0.9032320976257324,0.9819735288619995,0.9867622256278992,0.9503509402275085,0.9539986848831177,0.9132855534553528,0.9327847361564636
66,0,0.012436466744206372,0.10263856300549278,-1.111680706731836,0.49528080869903884,1.116408826700876,1.3478444775758993,0.5539301537572021,1.228757958464714,72.62744140625,769.6100463867188,549.2945556640625,684.8267211914062,544.4762573242188,0.9415488243103027,0.8133601546287537,0.9131312370300293,0.9945188164710999,0.9967988729476929,0.9986729621887207,0.9989084005355835,0.9838003516197205,0.9901832938194275
67,0,0.01030930772744185,0.09566060578428491,-1.007394205945163,0.5127389563534435,1.011925905227701,1.3285805723978974,0.5333830242644263,1.2168109494821533,74.96697998046875,769.6228637695312,549.6818237304688,683.3558959960938,544.7701416015625,0.9429851174354553,0.8317577838897705,0.9113633036613464,0.9933254718780518,0.9957959651947021,0.9981396198272705,0.9984166622161865,0.9812138080596924,0.9875215888023376
67,1,-0.0005163390149734492,0.0635421850121804,-0.8546155968779644,0.5488800409346091,0.8569745782129138,1.2688140509156152,-0.6305623012133011,1.1010360030850397,79.84918212890625,771.0546264648438,546.2559814453125,679.9575805664062,546.6451416015625,0.9070513844490051,0.8146984577178955,0.8583751916885376,0.9874743223190308,0.9859253764152527,0.9580613374710083,0.9544021487236023,0.9617611765861511,0.9504905939102173
68,0,0.010064768535022512,0.1049053500110733,-1.0264466715460554,0.5049542002130305,1.0317935365124757,1.3350697417340127,0.5399182304449163,1.2210239636169937,74.13531494140625,769.357177734375,549.0582275390625,682.37548828125,544.392822265625,0.9458374977111816,0.8414154052734375,0.9155619144439697,0.9938528537750244,0.9959678649902344,0.9982969164848328,0.9985150694847107,0.9811238646507263,0.9866763353347778
68,1,-0.0017354641855585001,0.07086665200837837,-0.9310192525044457,0.5399903479384296,0.9337124455102939,1.2369421143755908,-0.6352821141880658,1.0613399218481787,79.11346435546875,770.7615356445312,545.4874877929688,679.0904541015625,543.5021362304688,0.9291302561759949,0.8418378829956055,0.906259298324585,0.9836235046386719,0.9874509572982788,0.9532394409179688,0.9559523463249207,0.9195539355278015,0.9348143339157104
69,0,0.008870107991076423,0.10756414643616286,-1.0300928058595524,0.5054996930041221,1.0356936005798945,1.333054245446369,0.5417486525793481,1.218007396829366,74.19775390625,769.3983154296875,548.999267578125,682.4713134765625,544.1504516601562,0.9522879123687744,0.8583083748817444,0.9246532917022705,0.9943420886993408,0.9962944388389587,0.998304009437561,0.9985232949256897,0.9815561771392822,0.9870087504386902
69,1,-0.0026252614243908474,0.07172441520185249,-0.9281456940841738,0.5388009824479858,0.9309128966681257,1.2331420923451581,-0.6310071555866538,1.0594665589398444,78.94256591796875,771.100341796875,545.130615234375,679.3566284179688,543.2650756835938,0.9328818321228027,0.8490598797798157,0.9109709858894348,0.9842619895935059,0.9880440831184387,0.9536091685295105,0.9565278887748718,0.920537531375885,0.9364391565322876
70,1,-0.003427405523776783,0.06932470129195421,-0.9221971623410109,0.5405300531406578,0.9247991784376928,1.2325384627846105,-0.6273385404100862,1.0609417599282223,79.18316650390625,771.3279418945312,544.67724609375,679.3460693359375,543.695068359375,0.9355413317680359,0.855243444442749,0.9144347906112671,0.9846691489219666,0.9883577227592468,0.9543729424476624,0.9572646617889404,0.9206768274307251,0.9365115165710449
70,0,0.008797223664795443,0.10651095119156548,-1.023166077272465,0.5037899140461609,1.0286950006706825,1.3340524254358432,0.5462324109107995,1.2170973778140481,74.0423583984375,769.4775390625,548.6077880859375,682.835205078125,544.0619506835938,0.9557298421859741,0.8660857081413269,0.9302893877029419,0.9947673082351685,0.9966217279434204,0.9984153509140015,0.9986308217048645,0.982221782207489,0.9877324104309082
71,1,-0.0034639777947371303,0.07117590818491114,-0.9134140591661914,0.5397201051350419,0.9161829802983712,1.2399182309734513,-0.6243111977770044,1.0712762238706577,79.09600830078125,771.4202270507812,544.767578125,679.5523071289062,544.135986328125,0.9349304437637329,0.8536608219146729,0.9131167531013489,0.9850966334342957,0.9886128902435303,0.9568673372268677,0.9594864845275879,0.9235917329788208,0.9384181499481201
71,0,0.008995591417784946,0.10825801116665819,-1.005628448562986,0.5068043071363016,1.0114387641083165,1.3349678650037526,0.5432014805748384,1.2194553505946746,74.4010009765625,769.4337768554688,548.7655029296875,683.1043090820312,544.1016845703125,0.9552894830703735,0.8643594980239868,0.929570198059082,0.9946814179420471,0.9965761303901672,0.9983797073364258,0.9986031651496887,0.9824333190917969,0.9879498481750488
72,1,-0.0015472019826365277,0.0628684616468729,-0.9264020122097264,0.5418060986992415,0.9285327843948615,1.228687743763252,-0.6131536812856332,1.0647610693483807,79.25250244140625,771.291015625,543.447021484375,679.7537841796875,544.031982421875,0.931885838508606,0.8472410440444946,0.9121440052986145,0.9842055439949036,0.9876777529716492,0.9518482089042664,0.9540830254554749,0.9224695563316345,0.9354499578475952
72,0,-0.0025502690727953158,0.11752366592075399,-1.012522449410793,0.5167001318073335,1.019320127640127,1.3228609747409232,0.5573392366079861,1.1997225236819276,76.261962890625,770.3562622070312,547.8657836914062,680.0393676757812,543.1321411132812,0.9529222846031189,0.8387787938117981,0.868663489818573,0.9944427609443665,0.9954407215118408,0.9980354905128479,0.9977952241897583,0.9769440293312073,0.9790209531784058
73,1,-0.0032774217255503797,0.07294318723955479,-0.9391212449184717,0.5398254022944847,0.941949797612317,1.2211586570840143,-0.6167659169755855,1.0539583812601419,79.0635986328125,771.6595458984375,544.2506103515625,680.1666259765625,542.2593383789062,0.9361141920089722,0.8569476008415222,0.9135236144065857,0.985306978225708,0.9886427521705627,0.9558561444282532,0.9583941102027893,0.9239487051963806,0.9380230903625488
73,0,-0.004213075797708266,0.13087735490787075,-0.9996851309710946,0.512355091624895,1.0082158712856961,1.317780484403038,0.5466310616294031,1.1990579166726756,76.1802978515625,770.2957153320312,547.3250122070312,680.6107788085938,541.0492553710938,0.9560098648071289,0.8487445116043091,0.8726894855499268,0.9951580166816711,0.9961567521095276,0.9984415173530579,0.9982755184173584,0.9788362383842468,0.9811721444129944
74,1,-0.0016930410414769958,0.07479187371187955,-0.9290104223374854,0.5414986389967595,0.9320161957739826,1.233969135971356,-0.6077245142304251,1.0739416852572998,79.04095458984375,771.2660522460938,544.0111694335938,680.5957641601562,543.543701171875,0.9272012710571289,0.8387911915779114,0.9031868577003479,0.9840383529663086,0.9872996211051941,0.9563998579978943,0.9581674933433533,0.9229505658149719,0.9345340728759766
74,0,-0.0021234551683424955,0.12753226634583884,-0.9886674297541647,0.5198242674139297,0.9968589497095425,1.321388140396458,0.5520667042069404,1.2005369514040356,76.19854736328125,770.4293212890625,547.1467895507812,681.5944213867188,542.3611450195312,0.9503237009048462,0.8243115544319153,0.8613868355751038,0.9948444366455078,0.9960909485816956,0.9984585046768188,0.9983273148536682,0.9790710210800171,0.9823801517486572
75,1,-0.000908113016827118,0.07680002903490599,-0.9393008301975377,0.5425858866195806,0.9424352996728985,1.2312063988537851,-0.6048384045319164,1.0723990399948107,79.04010009765625,771.1631469726562,543.8186645507812,680.3822021484375,543.7095947265625,0.9279876947402954,0.8403228521347046,0.9057438373565674,0.9840748310089111,0.9870622754096985,0.9550701975822449,0.9563331007957458,0.9215286374092102,0.9312559366226196
75,0,0.01101245635963967,0.13894336451015044,-1.0725345890263351,0.5005310411291083,1.0814969732732913,1.287422983058001,0.5488274709644478,1.164579900402171,73.635986328125,769.1400146484375,546.2745971679688,680.6103515625,540.5703125,0.94883793592453,0.8772746324539185,0.9084402322769165,0.9944512248039246,0.9927924871444702,0.9977827668190002,0.9972865581512451,0.982858419418335,0.9722368121147156
76,1,-0.0007849299627699066,0.07674737693557471,-0.9208058974816573,0.5427209659369606,0.9239987341460439,1.2311394904658182,-0.5957784519728705,1.0773822353970965,79.00286865234375,770.5896606445312,544.131103515625,681.206298828125,544.1631469726562,0.9286053776741028,0.8409919738769531,0.9059226512908936,0.9846030473709106,0.9875640273094177,0.9578294157981873,0.9591450691223145,0.9234845638275146,0.9336169362068176
76,0,-0.0007184522349139017,0.13124899604491644,-0.9722325004135696,0.5230369270677198,0.9810516468684103,1.3091289171896596,0.5460608598570608,1.1898050509030202,76.37335205078125,769.5726318359375,546.9725341796875,682.4564208984375,542.82470703125,0.9510751962661743,0.8241045475006104,0.8657816648483276,0.9947294592857361,0.996048629283905,0.9983652234077454,0.9982354640960693,0.9786967039108276,0.9823426604270935
77,1,-0.0016362452266524107,0.07062043668743004,-0.9295923987988508,0.5428404722689545,0.9322710303246181,1.227773598820373,-0.5950235123340288,1.0739529923278794,79.00555419921875,770.5425415039062,544.5068359375,681.3362426757812,543.9779052734375,0.9249361753463745,0.8328707218170166,0.9006317257881165,0.9840620160102844,0.9872788190841675,0.9599387645721436,0.9614098072052002,0.9226234555244446,0.9336862564086914
77,0,0.008001541672088323,0.11387208404089384,-0.9868422569684072,0.5071062817672043,0.9933904024412136,1.3271590307703705,0.5384273297613538,1.2130321939344426,74.1129150390625,768.372314453125,547.3651733398438,684.6928100585938,544.9141845703125,0.9466345906257629,0.8324068784713745,0.9183650612831116,0.99431312084198,0.9965587258338928,0.9984955787658691,0.9987435936927795,0.9837439656257629,0.9896860718727112
78,1,-0.002348366419052941,0.0653039829864663,-0.954350404594824,0.5442108074200818,0.9565820952454634,1.2017622197796143,-0.5933843185157647,1.0450490339831944,79.29693603515625,770.7643432617188,543.8058471679688,680.6080932617188,542.514404296875,0.9221941232681274,0.8254512548446655,0.8986705541610718,0.983679473400116,0.9869056344032288,0.9595029354095459,0.9607569575309753,0.9228660464286804,0.9331760406494141
78,0,-0.0018217453979594209,0.12402211896193766,-1.0021062053127496,0.5166339866167475,1.0097516193193887,1.3076198652866549,0.5507268151146774,1.1859889068646188,76.17059326171875,769.5101928710938,546.72021484375,682.0491333007812,541.2413940429688,0.9458280801773071,0.7899712920188904,0.8572510480880737,0.9948198199272156,0.9967496395111084,0.9986403584480286,0.9986467957496643,0.9805012941360474,0.9866074323654175
79,1,-0.002343018166152299,0.06340138932966606,-0.960168307890908,0.5469187948710855,0.9622592767269232,1.1988028356106202,-0.5998555783993119,1.037931367543775,79.6212158203125,770.3367309570312,542.8892822265625,680.15576171875,541.8574829101562,0.92361980676651,0.8311988711357117,0.8993461728096008,0.9832962155342102,0.9864358305931091,0.9562452435493469,0.9573421478271484,0.9207592010498047,0.9302191138267517
79,0,-0.0019920048945723146,0.11877065296016469,-1.0062647976368393,0.5112558126635607,1.0132498758784494,1.2979826875299794,0.5374310505804338,1.1814935137357123,76.615478515625,769.0404052734375,546.3555908203125,681.6050415039062,540.7842407226562,0.9475513100624084,0.8057365417480469,0.8578024506568909,0.9948639273643494,0.9964577555656433,0.9985652565956116,0.9985080361366272,0.9797281622886658,0.9845912456512451
80,1,-0.0007677991544635745,0.06455831444151706,-0.9695603057410698,0.5471190812163942,0.9717072411134161,1.203695925563791,-0.6023489675877703,1.042141834140065,79.6923828125,770.2149047851562,543.3207397460938,680.16796875,542.5254516601562,0.9260667562484741,0.833306074142456,0.9045731425285339,0.9838205575942993,0.987240731716156,0.9575473666191101,0.9591867327690125,0.9200455546379089,0.9321050643920898
80,0,-0.0002724521166396462,0.1229445133616546,-1.014584318179655,0.5145268890224717,1.0220062094047224,1.281516850505058,0.5334548990618446,1.1652086975281812,76.951416015625,769.0948486328125,546.0520629882812,681.6148681640625,541.2174682617188,0.950186014175415,0.8099963665008545,0.8664001226425171,0.9949775338172913,0.9966471791267395,0.9985606074333191,0.998525083065033,0.9797515273094177,0.9851241707801819
81,1,-0.001339247318433695,0.06253993168610009,-0.9753590780080846,0.5457614749698013,0.977362048632994,1.2095489147169056,-0.5939915099092015,1.0536520598606691,79.4814453125,770.53515625,543.611572265625,680.5059814453125,543.2948608398438,0.9287286996841431,0.8348771929740906,0.909724235534668,0.9846372008323669,0.9881986379623413,0.9592195153236389,0.9612502455711365,0.9213598966598511,0.935187041759491
81,0,0.010511289477874988,0.10110744089297939,-1.0632594109081,0.5020697431956728,1.068055845678758,1.3067007192852451,-0.5930058265624923,1.164392914545392,74.3538818359375,768.5493774414062,546.1138916015625,684.1622924804688,544.43212890625,0.9499289393424988,0.8323659896850586,0.9287639260292053,0.9945263266563416,0.9969747066497803,0.9984972476959229,0.9987951517105103,0.9831365942955017,0.9903832077980042
82,1,-0.001354223570835074,0.06698165753904678,-0.9523198538356661,0.5474153346721038,0.9546725336241022,1.2155773075386904,-0.59257074479236,1.0613614384455656,79.7742919921875,769.8741455078125,544.1878662109375,680.6400756835938,544.0130004882812,0.9288228750228882,0.835756778717041,0.9093712568283081,0.9846034646034241,0.9881356954574585,0.9580097198486328,0.9600648880004883,0.9220941066741943,0.935696005821228
82,0,0.010497029451625716,0.10698355245648587,-1.0424782275796274,0.5069119702777053,1.047953403293186,1.3086626383353295,-0.5834259369203746,1.171414562442933,74.53338623046875,768.1465454101562,546.825927734375,684.7850952148438,545.2753295898438,0.9586368203163147,0.8554784059524536,0.9413527250289917,0.9951310157775879,0.9974000453948975,0.9985008239746094,0.9988201260566711,0.9835560321807861,0.9910615086555481
83,1,-0.0026836300860414507,0.07122485866367924,-0.950966933269667,0.5467082304364641,0.9536304780490064,1.2074307411929488,-0.5909656476983682,1.0529238329614359,79.761474609375,769.5812377929688,543.8037109375,680.54150390625,543.14501953125,0.9219712615013123,0.8257776498794556,0.8977051973342896,0.983498752117157,0.9868746399879456,0.9564293026924133,0.9580585360527039,0.920966625213623,0.9325374364852905
83,0,-0.0026304273641527993,0.13203123431760241,-1.036973322359837,0.5186789783478418,1.0453448799900575,1.3059226784575682,0.550867776060381,1.18405182969669,76.01470947265625,769.2816162109375,546.5872802734375,682.9061889648438,542.0889892578125,0.948652982711792,0.8007744550704956,0.8627935647964478,0.9949373006820679,0.9968701004981995,0.9986096620559692,0.9986253976821899,0.9804432988166809,0.986635148525238
84,0,-0.003901938985949295,0.14827165721883004,-1.0656706290631703,0.5150568433341043,1.0759360454889089,1.3119593344294673,0.5494491213552416,1.1913618082843533,75.38006591796875,769.0917358398438,546.643798828125,681.6751098632812,541.9151611328125,0.9474485516548157,0.806016206741333,0.854915976524353,0.9947856068611145,0.996465802192688,0.9985374212265015,0.9984889030456543,0.9800907969474792,0.984938383102417
84,1,-0.0037518849365819305,0.07360820875529121,-0.9610413269953537,0.5471947649286864,0.9638561098987509,1.2078291311891998,-0.6060478716482575,1.0447761422524322,79.7369384765625,769.402587890625,543.4466552734375,679.495849609375,542.801025390625,0.9210934638977051,0.8268517851829529,0.8961595296859741,0.9823823571205139,0.9860365390777588,0.9519710540771484,0.9539617300033569,0.9160447120666504,0.9287540912628174
85,1,-0.0022099302517298125,0.07687245854161585,-0.876019670926488,0.5417585928099119,0.8793860578451224,1.2239836937990656,-0.6050230178554337,1.0639939993022085,79.072021484375,769.4183959960938,543.2935791015625,679.6644287109375,542.5421142578125,0.9086704254150391,0.8007892966270447,0.8817183971405029,0.9821851849555969,0.9857408404350281,0.9595279693603516,0.9608737826347351,0.9212333559989929,0.932385265827179
85,0,0.01174671078192801,0.1137094036669107,-1.0282416741987068,0.5118505302967724,1.034509917323775,1.3307378305561768,0.5294097198081068,1.220896605878672,74.61883544921875,767.792724609375,547.724365234375,683.8978271484375,543.047119140625,0.9329322576522827,0.7997491955757141,0.8971383571624756,0.9930335283279419,0.995394229888916,0.9983015060424805,0.9985092282295227,0.9835951328277588,0.9883769154548645
86,0,0.012366131420203189,0.10991518138252658,-1.006126369848417,0.5211965534001487,1.0121124538324324,1.321040755562355,0.5224322605082362,1.2133479348632905,75.89581298828125,768.1092529296875,548.57373046875,683.3607177734375,543.8748168945312,0.9458348155021667,0.8355218172073364,0.9200291633605957,0.9928989410400391,0.9954134821891785,0.997800886631012,0.9980904459953308,0.9806504845619202,0.9866338968276978
86,1,0.0008950878893613177,0.07965975940588828,-0.7969019545687384,0.5494734173593592,0.8008735246367429,1.2776009143745761,-0.6216025518810245,1.116187423287752,79.71295166015625,769.8077392578125,544.5641479492188,679.417236328125,546.3836669921875,0.906295657157898,0.8060933351516724,0.8639044165611267,0.9884087443351746,0.9867421984672546,0.9654027223587036,0.9615738987922668,0.9632153511047363,0.9504457116127014
87,1,0.00010663638909240158,0.08099954353488123,-0.7551559461294443,0.5485498999318922,0.7594876095286316,1.2758631029548717,-0.6267315946743179,1.1113209103218655,79.55902099609375,770.09814453125,544.6636352539062,679.1947631835938,545.7876586914062,0.8987431526184082,0.7976658344268799,0.8499348759651184,0.9877880215644836,0.9856509566307068,0.9657881855964661,0.9615596532821655,0.9630366563796997,0.9487773180007935
87,0,-0.0007663481582340254,0.12785201608206512,-0.99017724813534,0.5223177611672093,0.9983972760084652,1.3143131746063885,0.5517823217778635,1.1928769384632067,75.98052978515625,769.4241943359375,547.0009765625,680.9634399414062,543.5655517578125,0.94610995054245,0.8088464736938477,0.8544643521308899,0.9938401579856873,0.9954549074172974,0.9979344606399536,0.9977893829345703,0.9771347641944885,0.9813201427459717
88,0,-0.0024140600223831773,0.12539452147371094,-0.97327359160527,0.5259099798360937,0.9813181289122519,1.3186237643472893,0.5493747967979754,1.1987309808896234,76.40582275390625,769.4874877929688,547.1296997070312,681.7118530273438,543.4453125,0.9445359706878662,0.8140329718589783,0.8491005301475525,0.9933253526687622,0.994631290435791,0.997570812702179,0.9973057508468628,0.9755542874336243,0.9783135056495667
88,1,-0.0010236219276149267,0.08236187371050224,-0.7300304465802292,0.555053140107911,0.7346617801241832,1.2661567041981634,-0.6181491396258292,1.1050087966915931,80.346923828125,770.80810546875,544.3355102539062,679.7867431640625,545.8838500976562,0.8984895348548889,0.8028151392936707,0.8461715579032898,0.9872320890426636,0.9848440289497375,0.9640035033226013,0.959521472454071,0.9621050953865051,0.947255551815033
89,0,-0.0014012337226003077,0.10756220363110612,-0.9656813180513935,0.5279289936307409,0.9716532486867195,1.3153165417997406,0.5485224945781809,1.1954834495189628,76.662353515625,769.36376953125,546.424072265625,681.9231567382812,543.2608032226562,0.9353758692741394,0.7897034883499146,0.8284767270088196,0.9923205971717834,0.9935451745986938,0.9971688389778137,0.9967976212501526,0.9742461442947388,0.976283073425293
89,1,0.00019319646000568626,0.06627432536249857,-0.7176787237388922,0.5575601162201655,0.720732291984853,1.2637823286709329,-0.6107321956796583,1.1064140090496095,80.71826171875,770.7379150390625,543.6854248046875,679.896484375,546.0723266601562,0.8862003087997437,0.781210720539093,0.8319846987724304,0.9863444566726685,0.9837700128555298,0.9641192555427551,0.95948725938797,0.9625587463378906,0.9475526809692383
90,1,-0.005138247154749532,0.06422640230469412,-0.7678082160965668,0.5623033034199748,0.7704897711575389,1.257043783385341,-0.607056251152872,1.1007460112505305,81.3980712890625,768.7925415039062,543.2923583984375,680.0086059570312,546.6937866210938,0.888992428779602,0.7968022227287292,0.8195565342903137,0.9868966937065125,0.9834527373313904,0.9638975858688354,0.9582814574241638,0.9634134769439697,0.945306658744812
90,0,-0.005621669732863404,0.11199194179656613,-1.0154699227954178,0.5289995532620703,1.0216268198953555,1.302020141880398,-0.6017368050892243,1.1546294935013848,76.80328369140625,767.688232421875,546.0463256835938,681.3699951171875,543.27587890625,0.9291921257972717,0.7921122908592224,0.8026004433631897,0.9919508695602417,0.9921988844871521,0.9970098733901978,0.996383786201477,0.9733856320381165,0.9713820815086365
91,1,-0.00033174518346754106,0.07084476891815593,-0.7862258946929829,0.5576629515556796,0.7894112608576396,1.2666525470355752,-0.6153884475684097,1.1071159530559809,80.860107421875,769.7965087890625,543.3998413085938,679.5159912109375,545.653564453125,0.887617826461792,0.7853008508682251,0.8285571932792664,0.9868795275688171,0.9839497804641724,0.9650776982307434,0.960033118724823,0.9638855457305908,0.9476633667945862
91,0,-0.002037146747321048,0.11913191004893789,-1.031625344088317,0.5244982972280827,1.0384812287938798,1.31964320092259,0.5383012370789491,1.2048609695315442,76.34088134765625,768.71337890625,546.2523193359375,681.1759033203125,542.2835083007812,0.9316977858543396,0.7835850119590759,0.8129999041557312,0.9925827980041504,0.993445634841919,0.9975221753120422,0.9971158504486084,0.9754998683929443,0.9760934710502625
92,0,-0.005184803323020382,0.11790957901834284,-1.0745174172351617,0.5221909309786468,1.0809673208594262,1.3260576540266604,0.5448978151990822,1.2089314590968163,76.12908935546875,768.7568969726562,546.4439697265625,681.0390014648438,542.467529296875,0.928421139717102,0.7827895283699036,0.8005228042602539,0.9922235608100891,0.9928648471832275,0.9973395466804504,0.9968522191047668,0.9747524857521057,0.974311113357544
92,1,-0.003652691859532362,0.06945763608056635,-0.8201873082609812,0.5580016067179963,0.8231230672519718,1.26129122499872,-0.6101132752508001,1.1039100260535337,81.03338623046875,769.4903564453125,543.6956787109375,679.2438354492188,545.8643798828125,0.8882427215576172,0.7900995016098022,0.8234283328056335,0.986760139465332,0.9832332730293274,0.9625863432884216,0.9565273523330688,0.9633821845054626,0.9447618126869202
93,1,-0.004445058693811412,0.07358923165018853,-0.8481674555456057,0.5512971600790672,0.8513538674731983,1.2538059474386802,-0.6107651516535999,1.0949864306730752,80.15478515625,769.8701782226562,543.3548583984375,679.4334106445312,544.3673095703125,0.8732963800430298,0.7634067535400391,0.7997668981552124,0.9853663444519043,0.9817320704460144,0.9612855911254883,0.9554808735847473,0.9623461961746216,0.9445673227310181
93,0,-0.006602621079845933,0.11885692021088776,-1.100212673558264,0.5148891013975702,1.1066141579341195,1.3351584127525573,0.5651901277258946,1.209631392890047,75.19134521484375,769.6061401367188,545.8489990234375,680.9979858398438,541.0674438476562,0.9201114177703857,0.7613998651504517,0.7758423686027527,0.9923251867294312,0.9928944706916809,0.9975965619087219,0.9971363544464111,0.975706934928894,0.9749619960784912
94,0,-0.007366641632070055,0.11576507993189061,-1.1056997797665313,0.5080693382806011,1.1117434761254024,1.338869190599815,0.5727589463192181,1.2101726731953182,74.52252197265625,770.5946655273438,545.1570434570312,680.908447265625,540.9840698242188,0.9163759350776672,0.7570085525512695,0.7577478289604187,0.9928362965583801,0.9932582378387451,0.998134434223175,0.9977489113807678,0.9780693054199219,0.9767618775367737
94,1,-0.005198279411528798,0.07438199294622894,-0.8838182641795389,0.5484878791871584,0.886942729251436,1.260931902744406,-0.6222401566893567,1.0967070943336845,79.90032958984375,771.145263671875,542.5654296875,679.3729858398438,544.2681274414062,0.8677634000778198,0.7676394581794739,0.7778128385543823,0.9850553274154663,0.9798375964164734,0.9616838097572327,0.9544612169265747,0.9620301127433777,0.9389072060585022
95,0,-0.00438721658268355,0.10905331687390361,-1.08337726443949,0.5060665404087783,1.0888521125596407,1.3530176083297139,0.5895528402796568,1.2178194024437483,74.21380615234375,771.9412841796875,545.1026000976562,682.0139770507812,540.8049926757812,0.9240217804908752,0.7605567574501038,0.7845109105110168,0.9933986663818359,0.9944831728935242,0.9983118772506714,0.9980735778808594,0.9790117144584656,0.9804351329803467
95,1,-0.005934401870752442,0.059880672545246386,-0.8803326644824983,0.5459016696887753,0.8823668710345635,1.1919090897355014,-0.5923135946215867,1.0343171098945265,80.181640625,771.3321533203125,540.23095703125,680.7691040039062,540.3897094726562,0.8947820663452148,0.7977848649024963,0.8483413457870483,0.9787570834159851,0.9808762669563293,0.951705813407898,0.9509850740432739,0.9131321310997009,0.9152424335479736
96,1,-0.009162069867330305,0.05923483734527961,-0.9292501143704276,0.5496961122708561,0.9311361560012448,1.1710259831579612,-0.5924783826702612,1.010084758473021,80.98321533203125,770.5944213867188,538.9815063476562,680.3346557617188,539.4618530273438,0.8900286555290222,0.7993150353431702,0.8291707038879395,0.9774726629257202,0.9785674214363098,0.9479556083679199,0.9461286067962646,0.9127886295318604,0.909748911857605
96,0,-0.006097029485200377,0.12023843951236798,-1.0936035973655163,0.5017588185438538,1.1001936695451249,1.338468802610977,0.5752400076574357,1.2085518893093237,74.92462158203125,771.7910766601562,544.8558959960938,681.81689453125,540.3189697265625,0.9100750088691711,0.7303087711334229,0.7392227649688721,0.9935941100120544,0.9944557547569275,0.9986411929130554,0.9984166622161865,0.9807789325714111,0.9812288880348206
97,1,-0.005044168084076766,0.0483946462287832,-0.9269801653179566,0.5500936027741693,0.9282425699549204,1.1631480896422233,-0.5858410734116514,1.0048401440737913,80.84710693359375,771.407958984375,538.7534790039062,681.2979736328125,538.5909423828125,0.9004612565040588,0.8028748035430908,0.8597832918167114,0.9787819981575012,0.9816774725914001,0.9516194462776184,0.9517633318901062,0.9088457226753235,0.9149606227874756
97,0,-0.0037084070682149918,0.11083482955939909,-1.0576944501853598,0.5001566651129439,1.0634857353986331,1.3252752888854096,0.5724897309376493,1.195244786351835,75.6025390625,772.3153076171875,544.5078735351562,682.518798828125,539.8433227539062,0.9261899590492249,0.7536429166793823,0.7920897006988525,0.994280219078064,0.9956430196762085,0.998685896396637,0.9985617995262146,0.9808278679847717,0.9837836623191833
98,1,-0.006858612802291408,0.04777763448936913,-0.9431582424394626,0.5520727301077837,0.9443676046110941,1.1591398451630195,-0.5649428316956977,1.0121485946046636,80.93243408203125,771.39697265625,538.8976440429688,682.8810424804688,539.134521484375,0.9032527804374695,0.8066313862800598,0.8613917231559753,0.9801868796348572,0.9828733801841736,0.9552605152130127,0.9554056525230408,0.9133190512657166,0.9191208481788635
98,0,-0.0049238120563089745,0.1018521204502784,-1.0697395669656167,0.5041386941979391,1.0745774032483668,1.3175394073124633,0.5693676924440577,1.1881626658931033,75.7452392578125,772.3463745117188,544.004638671875,683.6588134765625,539.8125610351562,0.9282361268997192,0.7575933933258057,0.7971030473709106,0.9944071769714355,0.9958186745643616,0.9987143278121948,0.9986059069633484,0.9811530113220215,0.9843404293060303
99,1,-0.008110104636340296,0.04728454508191183,-0.9087641380677186,0.5550369225032356,0.9099934542850112,1.1494846453841754,-0.56450021846158,1.0013263470671345,81.3013916015625,771.0960693359375,539.3248901367188,683.3002319335938,538.3369140625,0.9092874526977539,0.8214820027351379,0.8649479746818542,0.9812307953834534,0.9838929176330566,0.9572701454162598,0.9578188061714172,0.9135066270828247,0.9209391474723816
99,0,-0.0064452398959147835,0.09281425852101573,-1.0312043345339879,0.5138455803804434,1.0353728150509316,1.3107077240879055,0.561323112814531,1.1844285968364248,76.1845703125,772.2590942382812,543.85107421875,684.27685546875,539.1401977539062,0.9318132996559143,0.7808706164360046,0.8015608191490173,0.9945270419120789,0.9955292344093323,0.9986478686332703,0.9984760880470276,0.9802526235580444,0.981979489326477
100,1,-0.006690267453059282,0.05293024331179687,-0.9447123053629484,0.5545694444201795,0.9461939286220467,1.157726835645979,-0.5561381937141137,1.01540225303436,81.30853271484375,772.4151611328125,539.5092163085938,684.2549438476562,539.5603637695312,0.9066329002380371,0.812768816947937,0.8630270957946777,0.9812057018280029,0.9840293526649475,0.9591568112373352,0.9597980380058289,0.9157606959342957,0.9234907627105713
100,0,-0.006009201866036421,0.10449819996615664,-1.046539435938604,0.5049947803340732,1.0517436307251202,1.320118418395493,0.5725386772698511,1.1895007783171507,76.10601806640625,773.4207763671875,543.6920776367188,686.074462890625,539.6900634765625,0.9287250638008118,0.7587679624557495,0.7966877222061157,0.9946834444999695,0.9961058497428894,0.9988424181938171,0.9987562894821167,0.9818896055221558,0.9851940274238586
101,1,-0.006575711638874853,0.04567215016937099,-0.956877210712481,0.5559525475997988,0.9579665660564524,1.1580221481515174,-0.5446166226863549,1.021962831957779,81.53228759765625,772.4390869140625,539.047119140625,685.0465087890625,540.2841186523438,0.9014227986335754,0.8016502857208252,0.857811689376831,0.9803227186203003,0.9832881093025208,0.9581488966941833,0.9586998224258423,0.9159376621246338,0.9232766032218933
101,0,-0.005997373100613736,0.10780400094542997,-1.0480642479945306,0.5030290181846508,1.053594025488083,1.3019455137003617,0.5654638872717525,1.17273727357666,76.9532470703125,773.3638305664062,543.3202514648438,686.5565795898438,541.1439819335938,0.9272311329841614,0.749387800693512,0.7940504550933838,0.9947025179862976,0.9962489008903503,0.9988580942153931,0.9987897276878357,0.9821272492408752,0.9858044385910034
102,1,-0.007128275305096913,0.03758562156018186,-0.9683858279492702,0.5577037886151245,0.969114952274011,1.163210593197553,-0.5434052703996172,1.0284792638789184,81.62109375,771.410888671875,540.2823486328125,685.2061767578125,541.1264038085938,0.9067296981811523,0.810670018196106,0.863947868347168,0.9810197949409485,0.9840982556343079,0.958026647567749,0.9588904976844788,0.9153724908828735,0.9242984056472778
102,0,-0.005735843533710818,0.08914261748663119,-1.0292225471095346,0.5149893229162101,1.0330757270069828,1.281588006396238,0.5528158707277231,1.1562276727402059,77.567626953125,772.7481079101562,543.261474609375,687.3992919921875,542.643310546875,0.9320076704025269,0.763975203037262,0.8061519861221313,0.9950661659240723,0.9964731335639954,0.9989010095596313,0.9988318085670471,0.9819502830505371,0.9855285286903381
103,0,-0.004579956841263374,0.061877270023263146,-1.0150166034852626,0.5087755632430041,1.0169009302268783,1.30912066826601,0.572446951050495,1.1773280818506948,76.84771728515625,773.8054809570312,543.1436767578125,687.503173828125,541.352783203125,0.9282717704772949,0.7347204089164734,0.8078866004943848,0.9946487545967102,0.9968352913856506,0.9989148378372192,0.9989463686943054,0.9823873043060303,0.9884605407714844
103,1,-0.004947413838401257,0.019635719365813334,-0.9416841633172022,0.5629797145526657,0.9418888601727021,1.1360169259967385,-0.5437777667588556,0.9974167617048707,82.47137451171875,772.8450317382812,539.3895263671875,685.1529541015625,539.1856079101562,0.9042165875434875,0.805540144443512,0.8646051287651062,0.979621171951294,0.9831135272979736,0.9564457535743713,0.9573401808738708,0.9107463955879211,0.9204433560371399
104,0,-0.0037830589120735787,0.06559441462644586,-1.0394028108645943,0.5049956966948784,1.0414705134872546,1.3196085949969,0.5926741801644932,1.1790267851732792,76.554931640625,774.971923828125,543.223388671875,688.2444458007812,543.6655883789062,0.9206310510635376,0.7123365998268127,0.7891968488693237,0.9943884015083313,0.9965529441833496,0.9989239573478699,0.9989318251609802,0.9825057983398438,0.9880965948104858
104,1,-0.004566254041145944,0.02170842085134957,-0.9452872196767677,0.5614395827218713,0.9455364526130619,1.160145823161727,-0.5398970980829293,1.0268638928705365,82.3514404296875,774.072509765625,539.960693359375,685.46875,541.5452880859375,0.8969456553459167,0.7945430278778076,0.8539705872535706,0.9789928793907166,0.9818331003189087,0.9564637541770935,0.9563713073730469,0.9127510190010071,0.9179092049598694
105,1,-0.004371363228439915,0.022338193125328,-0.952941224501309,0.5622111026857112,0.9532030068281147,1.1728436679252936,-0.5368927022952441,1.0427408573632122,82.22515869140625,772.8363647460938,540.1586303710938,686.0126953125,542.3766479492188,0.9006847143173218,0.8024864196777344,0.8578853607177734,0.9793099164962769,0.9820090532302856,0.9561194777488708,0.9559708833694458,0.9124298095703125,0.9172108769416809
105,0,-0.0025368880420805076,0.06852859707536699,-1.0111571982380516,0.515184692831313,1.0134767131837537,1.3135311914855579,-0.5390747570404048,1.197815761011391,77.650634765625,774.1334838867188,543.02783203125,688.346435546875,545.6932373046875,0.9248766303062439,0.7275005578994751,0.7969198822975159,0.994821310043335,0.9966726303100586,0.9989566802978516,0.9989439845085144,0.9823250770568848,0.9874106049537659
106,1,-0.003975823317169581,0.026733946028735942,-0.9133210468061825,0.5628524823113181,0.9137122295391522,1.159634891529019,-0.5379745615511271,1.0272956988011739,82.33050537109375,772.281005859375,539.2407836914062,686.0487670898438,540.8124389648438,0.8966401219367981,0.7957005500793457,0.8520032167434692,0.9796278476715088,0.9821081757545471,0.9597144722938538,0.9593600630760193,0.9173948168754578,0.920996367931366
106,0,-0.0018996041997487736,0.068956935984642,-0.9813732925682775,0.5155622970819983,0.9837929652049217,1.2970055898296122,-0.5449213534630547,1.1769809763072863,77.2576904296875,773.5875244140625,542.2222290039062,688.06103515625,543.2019653320312,0.919346272945404,0.7135054469108582,0.7850266695022583,0.9944762587547302,0.9963237047195435,0.9989294409751892,0.9988961219787598,0.9824344515800476,0.987091064453125
107,1,-0.003507383672332126,0.02255075694250952,-0.9199342435218724,0.5612091681595337,0.9202106003751749,1.1731151462032428,-0.5309404662394354,1.0460886040679855,82.14569091796875,772.782470703125,539.2974243164062,686.7694091796875,542.09619140625,0.8935153484344482,0.7876871824264526,0.8487388491630554,0.9796251058578491,0.9821486473083496,0.9589534401893616,0.9585660696029663,0.9199396967887878,0.9235910177230835
107,0,-0.0019833205347467814,0.0596602231768328,-0.9978248979730354,0.5147050784394545,0.9996068573416291,1.304900114359434,-0.5400894348917619,1.1878837109639822,77.33563232421875,774.011474609375,542.277587890625,688.4468383789062,544.1245727539062,0.9178460240364075,0.7061700820922852,0.7841909527778625,0.9942808151245117,0.9963321089744568,0.9988868832588196,0.9988728165626526,0.9821488261222839,0.987371563911438
108,0,-0.003835985836116954,0.07138930378811993,-0.9968654154657407,0.5109438025169893,0.999418375479977,1.289547005280678,0.5604058175235005,1.161411554322662,77.27276611328125,773.806640625,541.936767578125,684.3900756835938,538.5883178710938,0.9162882566452026,0.7220391035079956,0.7713097929954529,0.9940699934959412,0.9954740405082703,0.99875807762146,0.9986363053321838,0.9814623594284058,0.9843027591705322
108,1,-0.005417795141088493,0.03177937995889049,-0.8986206403126589,0.5590106116124661,0.8991823976182499,1.148489717665935,-0.565845271437536,0.9994237141353811,81.8958740234375,773.3447265625,538.605712890625,684.2661743164062,537.925537109375,0.8933920860290527,0.7919871807098389,0.8448217511177063,0.9797919988632202,0.9821948409080505,0.959501326084137,0.9591878652572632,0.9233505129814148,0.9268649816513062
109,1,-0.005369023592585506,0.025833400954840498,-0.8829427043590188,0.5589514688213697,0.8833205441886378,1.1429132845299819,0.5282551194443968,1.0135074270748574,81.98614501953125,773.968505859375,539.2608032226562,682.3455810546875,535.905517578125,0.8942769765853882,0.7926101684570312,0.8470945358276367,0.9799920916557312,0.9827269315719604,0.9599339962005615,0.9600017070770264,0.9244362115859985,0.9298756122589111
109,0,-0.003433389072921369,0.05667555744886476,-0.9854247865258553,0.5156291201956295,0.9870532552561017,1.308620521515078,0.5712483866250421,1.177354216074619,76.79638671875,774.1585083007812,542.85302734375,682.5849609375,536.917236328125,0.9150437712669373,0.7238870859146118,0.7694307565689087,0.9937601685523987,0.9950542449951172,0.9986295700073242,0.9984716773033142,0.9805185794830322,0.9829779267311096
110,1,-0.004080366997946943,0.027876350886934093,-0.9094598840407089,0.5573708604893538,0.9098870103579406,1.1489605060989372,0.5335093842843741,1.0175843854224738,81.78424072265625,774.5362548828125,539.6250610351562,682.3287963867188,536.2992553710938,0.8880627751350403,0.7806308269500732,0.8401793837547302,0.9784834384918213,0.9813888669013977,0.9573894143104553,0.9573363661766052,0.9217396378517151,0.9268430471420288
110,0,-0.002868132113509927,0.06248923403766651,-0.9988380735466749,0.5068897572394706,1.000790888016596,1.318626656050875,0.5755268144235186,1.1864000775149288,76.53515625,774.5281372070312,543.1436767578125,682.677978515625,536.9848022460938,0.9098038673400879,0.7074004411697388,0.7568840384483337,0.9935583472251892,0.9949507713317871,0.9986590147018433,0.9985076785087585,0.9808979630470276,0.9834312796592712
111,1,-0.0038144625099342747,0.02970750055512317,-0.896744099807034,0.5559263426993638,0.897236042593007,1.1524975557199306,0.5321433137376723,1.022288662553148,81.63702392578125,774.4751586914062,539.5330200195312,682.2108154296875,535.2120971679688,0.8957542777061462,0.7920718193054199,0.8522621989250183,0.9795165061950684,0.9825652837753296,0.957930862903595,0.9581927061080933,0.9219558238983154,0.9285142421722412
111,0,-0.0033417322256479344,0.06676321269203786,-0.9824808470936028,0.5048675767301667,0.9847466382144829,1.3238266575064452,0.5703950618663419,1.1946407378468136,76.47357177734375,774.26708984375,543.420654296875,682.3865356445312,535.8076171875,0.9213989973068237,0.737341046333313,0.7846837043762207,0.9939237236976624,0.995372474193573,0.9986215829849243,0.9984899759292603,0.9807792901992798,0.9837408661842346
112,0,-0.0010195650816372606,0.06876800350983378,-0.9922882130750915,0.5038824014369379,0.9946682543011447,1.3222799987542417,0.5740019310490592,1.1911952729328088,76.2366943359375,774.2876586914062,543.1965942382812,682.6988525390625,535.39208984375,0.9221150875091553,0.7302801609039307,0.7912403345108032,0.9938488602638245,0.995498538017273,0.9985964894294739,0.9984890222549438,0.9808833003044128,0.9845563173294067
112,1,-0.001485202128652787,0.027568294276911588,-0.9037624871627299,0.5577102796819858,0.9041828598529735,1.1378316682843341,0.5261652506768743,1.0088662123051069,81.71844482421875,773.9415283203125,539.0375366210938,682.9373779296875,534.8790283203125,0.8958330750465393,0.7859466075897217,0.8595613837242126,0.9788356423377991,0.9826468825340271,0.9554990530014038,0.9564121961593628,0.9183297753334045,0.928077757358551
113,1,-0.0012968838371113902,0.02789266409668139,-0.9135498720581361,0.5589535013775574,0.9139755847110179,1.1289571215694576,0.5211901157385215,1.0014514694176955,82.12481689453125,773.8899536132812,539.447998046875,683.43017578125,535.1217651367188,0.897165060043335,0.7910827994346619,0.8594796061515808,0.9787311553955078,0.9821349382400513,0.9536638855934143,0.9540935754776001,0.9169749617576599,0.9247034192085266
113,0,-0.00011549183592194345,0.07208801274392672,-0.9933639984070092,0.5037758074240773,0.9959762622234172,1.311153929096192,0.5704149741138989,1.1805724810832339,76.629638671875,774.3556518554688,543.3403930664062,683.483154296875,535.7293090820312,0.9224085211753845,0.7251664996147156,0.7916752099990845,0.9941272735595703,0.9959075450897217,0.9987308382987976,0.998661994934082,0.9817329049110413,0.9859122633934021
114,1,-0.0027344745401945646,0.03839394121085846,-0.915780657443077,0.5530932327422609,0.9165851336720322,1.1378684302345243,0.5216412093594952,1.0112541783460496,81.436767578125,773.3493041992188,539.2218627929688,683.1842041015625,534.4938354492188,0.8907760977745056,0.7808656692504883,0.8469879627227783,0.9782757759094238,0.9817466735839844,0.9547199606895447,0.9553535580635071,0.9183810353279114,0.9266532063484192
114,0,-0.0016700887937882787,0.08175987558619276,-1.009004305153371,0.5059946057877049,1.012311397285394,1.3171145099095354,0.5740813110217051,1.1854202970043308,76.216796875,774.40283203125,543.4691162109375,683.2955932617188,535.5462036132812,0.9150949716567993,0.7104533910751343,0.7693839073181152,0.9940925240516663,0.9957245588302612,0.998788058757782,0.9986996650695801,0.9818776845932007,0.9854649901390076
115,0,-0.0001917775766888715,0.08704808379551998,-1.006198525246551,0.501936118799628,1.0099568511084056,1.3294077515029004,0.5778197951525397,1.1972674112686248,75.74591064453125,774.306884765625,543.827880859375,683.336181640625,536.5299682617188,0.9186298251152039,0.7121506929397583,0.7818089127540588,0.9940477609634399,0.9959344863891602,0.9987788796424866,0.9987232089042664,0.9821892380714417,0.9865229725837708
115,1,-0.0006591204762502434,0.032570096372883314,-0.8992695562247803,0.5510372488958248,0.8998591811669492,1.1499246691718583,0.5269134598113127,1.0221002644749095,81.21099853515625,773.7071533203125,539.6096801757812,683.615234375,535.6859130859375,0.8930771946907043,0.7798916101455688,0.8538787364959717,0.9796762466430664,0.983170211315155,0.9580491185188293,0.9587926268577576,0.9235692024230957,0.9323099851608276
116,1,-0.00030589715534458395,0.033063607042933964,-0.8987830335064618,0.5507658756473862,0.8993909847389884,1.1542265962734455,0.5296001589310682,1.025554828960973,81.1082763671875,773.6279296875,540.0816650390625,683.3585815429688,535.493896484375,0.8936394453048706,0.7838418483734131,0.8542659282684326,0.9792106747627258,0.9824533462524414,0.9563503265380859,0.956761360168457,0.921628475189209,0.9288920760154724
116,0,0.0003107324059913092,0.08581514658639412,-1.0070683530373283,0.4996530911842674,1.0107180156072024,1.334155877625774,0.5811561834939594,1.2009285558225913,75.4266357421875,774.2063598632812,543.7537841796875,682.8649291992188,536.5338134765625,0.9160870313644409,0.7073491811752319,0.7757412195205688,0.9938242435455322,0.9956672191619873,0.9987530708312988,0.9986794590950012,0.9821208119392395,0.9861251711845398
117,1,0.0004772759221666135,0.03244758278451011,-0.9110146818084941,0.5482784189206127,0.9115923409612376,1.1519364201607118,0.5333669907960947,1.0210177124917053,80.7576904296875,773.4891967773438,539.4297485351562,682.8037719726562,535.6309814453125,0.8980674147605896,0.7904991507530212,0.862261176109314,0.9799442291259766,0.9830400347709656,0.9566792845726013,0.9569422006607056,0.921812117099762,0.9284636974334717
117,0,0.0015717991882947474,0.08665766569619054,-1.014254592638673,0.5014815250264406,1.0179498660113637,1.328325956774203,0.584814866647845,1.192661485580785,75.44940185546875,774.1956787109375,543.2783203125,682.37060546875,536.654052734375,0.9217002987861633,0.7173125147819519,0.7914093136787415,0.9941095113754272,0.9960039258003235,0.9987841248512268,0.998731791973114,0.9822010397911072,0.9866507053375244
118,1,-0.0012630192065240847,0.030956843057748297,-0.9315255045829879,0.547562873064245,0.9320397479832565,1.1579414853331695,0.541319961079624,1.0236216015659014,80.60577392578125,773.6041870117188,539.5584106445312,682.470703125,536.4395751953125,0.9009153842926025,0.7952295541763306,0.8646668791770935,0.980682373046875,0.9836084246635437,0.9580102562904358,0.9582386612892151,0.923099160194397,0.9292792081832886
118,0,0.0002573354704124616,0.09007587167860048,-1.017831858050694,0.5018139427209677,1.0218098423491466,1.3214439539832248,0.5846452475494737,1.1850755495058676,75.7794189453125,774.208740234375,543.0576171875,682.2947998046875,537.1878662109375,0.9228140115737915,0.7194838523864746,0.7935978174209595,0.9942268133163452,0.9961800575256348,0.998813271522522,0.9987767338752747,0.9824044108390808,0.9870942234992981
119,0,0.00033307079202464404,0.08722472382880161,-1.0207063031636094,0.5023627175773702,1.0244264296497494,1.323879105543724,0.586362681911762,1.1869434238229286,75.86541748046875,774.2310791015625,543.2601318359375,682.8306884765625,537.2662353515625,0.9204134941101074,0.7071887254714966,0.7894752025604248,0.9942080974578857,0.9962713718414307,0.9988638162612915,0.9988414645195007,0.9828206300735474,0.9877519607543945
119,1,-0.0012642474314997069,0.028859651850374382,-0.9318239215028997,0.5473202018283312,0.9322707225854339,1.161952456047052,0.5431588439302851,1.0271864389555057,80.47918701171875,773.5518798828125,539.7142333984375,682.8575439453125,536.2529907226562,0.8989483118057251,0.7902166247367859,0.862938404083252,0.980541467666626,0.9834047555923462,0.9579627513885498,0.957996129989624,0.9238777160644531,0.9293863773345947
120,1,-0.0010102307102582793,0.027634247387562268,-0.9385602229683033,0.5500436190228855,0.9389669556310213,1.1535474999218713,0.5313779546887923,1.0238697689876166,80.80780029296875,773.0266723632812,539.8507690429688,683.164794921875,536.9064331054688,0.9073194265365601,0.8021955490112305,0.8764539957046509,0.9812109470367432,0.9845955967903137,0.9575538039207458,0.9583653211593628,0.9221181273460388,0.9308750033378601
120,0,-9.812504441874439e-05,0.09360402385367335,-1.0304898337608301,0.5056568110934815,1.0347323377405493,1.326695302693997,0.5777150351796455,1.1943055573502523,75.57470703125,773.734130859375,543.671630859375,683.3419189453125,537.8607788085938,0.933968186378479,0.7442944049835205,0.824752926826477,0.9945462942123413,0.9967101812362671,0.9987986087799072,0.998816967010498,0.98245769739151,0.9882974028587341
121,0,-0.0012762628771909514,0.10606407764180387,-1.0293886158155299,0.5058664839190671,1.034838398464523,1.3164492773341558,0.575539487372434,1.1839733942402155,75.9195556640625,774.1484985351562,544.0184326171875,683.0232543945312,537.9466552734375,0.9458423852920532,0.7896459102630615,0.8513367772102356,0.995079755783081,0.9969823956489563,0.9987987279891968,0.998812198638916,0.9821524024009705,0.98781418800354
121,1,-0.0015749564997691518,0.03247741522154664,-0.9398865911008378,0.5521896081472984,0.9404475459219542,1.1567651583802072,0.5352972227527638,1.0254572223918283,81.1693115234375,773.7625732421875,540.6793823242188,683.007568359375,537.011962890625,0.9173207879066467,0.8232561349868774,0.8883770704269409,0.9823319315910339,0.9856017231941223,0.9564543962478638,0.9575110673904419,0.9204558730125427,0.9301057457923889
122,0,-0.002092994028763764,0.1059878319546534,-1.0412524450488365,0.50679711836686,1.0466327315933839,1.3103904175600194,0.5756587533553965,1.1771746030723025,75.761962890625,773.990478515625,544.1329956054688,683.1090087890625,537.9312744140625,0.9522630572319031,0.813890814781189,0.8684046268463135,0.9952937960624695,0.9971504807472229,0.9987087249755859,0.9987382292747498,0.9812482595443726,0.9874047636985779
122,1,-0.0014480014943224783,0.032440882373321524,-0.9673749634704435,0.5517144477007578,0.9679187624995197,1.1637154353671084,0.5384268339343763,1.0316637819614791,81.035888671875,773.5209350585938,541.3651123046875,682.460205078125,537.3460083007812,0.9232268333435059,0.831279456615448,0.8990287780761719,0.9824103116989136,0.986397922039032,0.9544613361358643,0.9567629098892212,0.9137418270111084,0.928859293460846
123,1,0.0017618764565182682,0.026974961940320324,-0.9539685883025795,0.553639706237438,0.9543498918319727,1.1576433143735652,0.5334932676905364,1.0273864787131892,81.42633056640625,773.3275756835938,541.6846313476562,682.6296997070312,537.3753662109375,0.9203388690948486,0.823681116104126,0.8988831043243408,0.9815178513526917,0.9856879711151123,0.9509309530258179,0.9531757235527039,0.9119860529899597,0.9270545840263367
123,0,0.00027546367705347295,0.10477808662285559,-1.0350680564426684,0.504427346180568,1.040357788890125,1.3187809176446363,0.5708618227479838,1.1888229002136856,75.77777099609375,773.43359375,544.8709716796875,683.1038818359375,537.924560546875,0.9509606957435608,0.8056379556655884,0.8676555752754211,0.9950533509254456,0.9970724582672119,0.9986308217048645,0.9986763596534729,0.9810566306114197,0.9876227378845215
124,1,0.008231662501837425,0.029741026771748513,-0.9417195279608921,0.5500393859309042,0.9421890457951224,1.1596409458604728,0.5281459537082056,1.032389933551186,80.96832275390625,772.7830810546875,541.265380859375,682.40283203125,537.07666015625,0.9160140156745911,0.8097426295280457,0.9002997875213623,0.9808892607688904,0.9853362441062927,0.951037585735321,0.9531233310699463,0.9105498194694519,0.9261006712913513
124,0,0.00649991672962229,0.09845656142417286,-1.0258990988294678,0.5078062151014612,1.0306127572791761,1.3162012518702264,0.5671963789051595,1.1877179813329537,75.86297607421875,772.968994140625,545.037841796875,682.9085083007812,537.8009643554688,0.951339602470398,0.7896244525909424,0.8770158886909485,0.9949434399604797,0.9973136782646179,0.9986178874969482,0.9987272620201111,0.98116135597229,0.9891585111618042
125,1,0.010627707831359374,0.032846159357171674,-0.9499636127796443,0.5491855045666142,0.9505312913259987,1.1486105938574733,0.5339573835891751,1.0169541822679231,80.93353271484375,773.070068359375,540.236083984375,682.5402221679688,536.9442138671875,0.913952112197876,0.8023984432220459,0.9017645716667175,0.9801278114318848,0.9848262071609497,0.9493428468704224,0.9514170289039612,0.90874844789505,0.9245792627334595
125,0,0.008953744449373894,0.09980974991706536,-1.0222492675771493,0.5087178414754242,1.02711029166323,1.3026786108008765,0.5695891637389737,1.1715544151208848,76.35406494140625,773.3300170898438,544.5817260742188,683.1051025390625,537.7817993164062,0.9492010474205017,0.7691863775253296,0.8761260509490967,0.994918167591095,0.997495174407959,0.998699426651001,0.9988414645195007,0.9817865490913391,0.9903640151023865
126,1,0.012714561748292589,0.03138160275167513,-0.934804606743766,0.5520005067600928,0.9353312021848896,1.142290581719835,-0.586813338598069,0.9800397332400494,81.3070068359375,772.4423217773438,539.8364868164062,682.7734985351562,536.933349609375,0.9089159369468689,0.7922292351722717,0.8962506055831909,0.979416012763977,0.9843517541885376,0.9491788148880005,0.95133376121521,0.9090490341186523,0.9253506660461426
126,0,0.010010779248157384,0.09207029183521671,-1.0178748573042333,0.5182852881135972,1.022030412351186,1.3045641190356607,0.5586438830749894,1.1788997211714776,76.72393798828125,772.8749389648438,545.1488647460938,683.177978515625,537.92578125,0.9503247737884521,0.7770048379898071,0.8796818256378174,0.9946475625038147,0.9972629547119141,0.9984756112098694,0.9986214637756348,0.9806911945343018,0.9894010424613953
127,1,0.01801422822909524,0.035779590265497374,-0.9302373927845345,0.550687718293792,0.9309252311620603,1.1430712805500294,0.5137312485714629,1.0211229880183335,81.1787109375,772.296630859375,540.7990112304688,683.16015625,536.6438598632812,0.9119362831115723,0.7949814796447754,0.9044636487960815,0.9789926409721375,0.9837899804115295,0.9461079835891724,0.9476385116577148,0.9029004573822021,0.9177213311195374
127,0,0.016861486500006004,0.10228781579021086,-1.018761530119373,0.5082763777041738,1.0238837104428893,1.2974541804376019,0.5526433736579041,1.1738707986345938,76.26007080078125,772.4304809570312,544.620849609375,683.2275390625,538.00537109375,0.9521090388298035,0.7612980008125305,0.8900772929191589,0.9948765635490417,0.9977426528930664,0.9986647367477417,0.9988681077957153,0.9818502068519592,0.9915097951889038
128,1,0.02522227361203828,0.031993578045055454,-0.9567911641919812,0.5466707316341781,0.9573259219889388,1.1360386106119786,0.5179223882138596,1.011108364414046,80.36700439453125,772.6248168945312,540.4122314453125,683.1200561523438,536.398193359375,0.9212866425514221,0.8068119883537292,0.9195142388343811,0.9812173843383789,0.9858781099319458,0.949805498123169,0.9515127539634705,0.9052252173423767,0.9215513467788696
128,0,0.02462412070987563,0.10274793403295475,-1.0513283986227153,0.5030552461484403,1.0563373228749628,1.2718578976094628,0.546456577717695,1.1484806138462362,76.34686279296875,772.2507934570312,544.3632202148438,682.5986938476562,537.6942138671875,0.9554968476295471,0.7629551291465759,0.9015425443649292,0.9949713945388794,0.9978445768356323,0.9986380934715271,0.998856782913208,0.9816830158233643,0.9917594790458679
129,1,0.022615127539086264,0.034080079325071816,-0.9345730646942213,0.5497072706111078,0.9351942392138396,1.1387240368016762,-0.6010616227932613,0.9671697666878533,80.75946044921875,771.8929443359375,539.2591552734375,683.2376708984375,536.3037109375,0.8946335911750793,0.7666264772415161,0.8854243159294128,0.9756879806518555,0.980034351348877,0.9431436061859131,0.9427562952041626,0.8997625112533569,0.9077555537223816
129,0,0.020614844163552075,0.10282919747838501,-1.038004683915882,0.508442917174913,1.0430855994046504,1.2900318186639377,0.5408214497682103,1.1711935163054812,76.099853515625,772.264892578125,544.47998046875,682.7535400390625,537.8327026367188,0.9389152526855469,0.7098782062530518,0.8625025749206543,0.9940669536590576,0.9972068667411804,0.9985899329185486,0.9987611770629883,0.9814339280128479,0.9907777309417725
130,1,0.024945129956960067,0.03477590218321026,-0.9017536443027205,0.547738062070756,0.9024239571209829,1.1533256553399824,-0.6056648915819467,0.9814938137198972,80.56256103515625,771.535888671875,538.9931640625,683.064453125,536.8499145507812,0.8858036994934082,0.7494344711303711,0.877221405506134,0.9749510884284973,0.978984534740448,0.9475193619728088,0.9463902115821838,0.9033560752868652,0.9082055687904358
130,0,0.023396296014145553,0.0975012730196025,-1.028749393561528,0.5106973102252638,1.0333594790747578,1.292141104727793,0.5384103092535494,1.1746246095739092,76.11297607421875,772.0986328125,544.654541015625,682.5581665039062,538.324951171875,0.932986855506897,0.677981436252594,0.8533181548118591,0.9937705397605896,0.9971567392349243,0.9986182451248169,0.9987993240356445,0.9818576574325562,0.9913322329521179
131,1,0.02247867233826889,0.052601490054978314,-0.9008150193145381,0.5429682185610489,0.9023494975776601,1.1587155444624733,-0.6184373122833745,0.9798760144807515,79.96539306640625,770.9295654296875,539.6754760742188,683.0442504882812,536.5640258789062,0.872151792049408,0.7359284162521362,0.8540451526641846,0.9724896550178528,0.975877046585083,0.9450082778930664,0.9430047273635864,0.8995860815048218,0.9006941914558411
131,0,0.019713663561280598,0.12412447159103558,-1.0742138898897546,0.5003007119003527,1.08136134833821,1.2788891945815797,-0.7346205885529736,1.046847726697443,74.02581787109375,770.5008544921875,544.2996215820312,679.0853881835938,536.3599243164062,0.903588056564331,0.7618663311004639,0.8556146621704102,0.9915896058082581,0.9915396571159363,0.9981524348258972,0.9979919195175171,0.9806120991706848,0.9768060445785522
132,0,0.022156851784566365,0.1294429200171642,-1.0909114449323707,0.502357158690272,1.0985641766537824,1.2598920598657468,-0.7223338369697637,1.0322605438944632,74.2484130859375,769.9151000976562,543.9935913085938,679.5634155273438,536.20263671875,0.915473997592926,0.7809510827064514,0.8757597804069519,0.9923823475837708,0.9925373196601868,0.9981834292411804,0.9980502128601074,0.9811703562736511,0.9782209992408752
132,1,0.02528509087128174,0.05278194867905603,-0.8966948877832178,0.5423216899465978,0.8982469904669406,1.1540836711653895,-0.606559307158082,0.9818324332341491,79.834228515625,769.9625244140625,538.9039916992188,683.5888671875,536.4000244140625,0.8863564729690552,0.7484635710716248,0.876244843006134,0.9766243100166321,0.9806712865829468,0.95097416639328,0.9504427909851074,0.907060980796814,0.9141238331794739
133,1,0.02243522587019327,0.05480967318142262,-0.8913384435855985,0.5409862749442675,0.893022016127179,1.1673141508505076,-0.6145425014032292,0.9924514299173051,79.8155517578125,770.0498657226562,538.38525390625,683.1318969726562,536.5206909179688,0.8733689785003662,0.7333723902702332,0.8565453886985779,0.9739758968353271,0.9775904417037964,0.9472757577896118,0.9458097219467163,0.9033979177474976,0.9065299034118652
133,0,0.022797907347816487,0.1115006910539847,-1.0252608738901285,0.5073048397358513,1.031306095994524,1.2835626679689163,0.5276170889684493,1.1701082556891655,75.47100830078125,771.7227172851562,544.0650634765625,682.5509033203125,538.6388549804688,0.9229944944381714,0.6504389047622681,0.8258531093597412,0.9940180778503418,0.997215986251831,0.998869001865387,0.9990047812461853,0.9831601977348328,0.9917176961898804
134,1,0.022870355932654605,0.06828362040442225,-0.8775358157471391,0.543588274757999,0.8801884802328034,1.1630427025265162,-0.6141737943204421,0.9876532176175065,80.24383544921875,770.3078002929688,539.010986328125,683.3414916992188,536.8457641601562,0.8935759663581848,0.7729701995849609,0.8783941864967346,0.9770093560218811,0.9802947044372559,0.9483214616775513,0.9471745491027832,0.9035346508026123,0.907778799533844
134,0,0.02306045536470819,0.12360542347374362,-1.0096239647696086,0.5090205075695559,1.0171621556808075,1.2716035623113946,0.5185388841458415,1.161074091224076,75.9232177734375,771.4689331054688,544.3242797851562,682.70263671875,538.9988403320312,0.9407252669334412,0.7226362824440002,0.8620014786720276,0.9945724606513977,0.9973504543304443,0.9987679123878479,0.9988962411880493,0.9822923541069031,0.9908177852630615
135,1,0.023951728026478325,0.07466026580562268,-0.8994485208563339,0.5417424413657681,0.9025418533014483,1.1676622918878958,-0.6189746821632204,0.9901038181614259,79.99615478515625,770.1675415039062,539.2872924804688,683.4384765625,537.072265625,0.8919652104377747,0.7676316499710083,0.8770565390586853,0.9764910340309143,0.9801384210586548,0.9468162059783936,0.9460479617118835,0.902173638343811,0.9081212878227234
135,0,0.024312115022873684,0.13129913968481202,-1.0243306754293304,0.5039373215225073,1.03271138112615,1.2748446474070576,-0.654479876888017,1.0940223790083416,75.63458251953125,771.2344360351562,544.404052734375,682.8140869140625,539.1393432617188,0.9374327063560486,0.7045007944107056,0.8552446961402893,0.9945831894874573,0.997442364692688,0.9988631010055542,0.9989941716194153,0.9829656481742859,0.9914430975914001
136,1,0.02392777438402027,0.07834049590315278,-0.8840898439321782,0.5410701425092856,0.8875539901563031,1.16893979750952,-0.6193953623857665,0.9913473837442668,79.83135986328125,769.5228271484375,539.5633544921875,683.2998657226562,537.3310546875,0.8928950428962708,0.7694702744483948,0.8787825107574463,0.9766110181808472,0.9803774952888489,0.9482807517051697,0.9477750062942505,0.9016262292861938,0.9085565209388733
136,0,0.024304719443533948,0.13419017422180846,-1.0034215381740896,0.5074091021487303,1.012354575299255,1.272949090756133,-0.656079642874688,1.0908523685001044,75.78692626953125,770.6589965820312,544.3856201171875,682.3441772460938,539.2946166992188,0.9369257092475891,0.7098824977874756,0.8535979986190796,0.9943642616271973,0.9971299767494202,0.9987623691558838,0.998866081237793,0.9823006391525269,0.9904316067695618
137,1,0.018393144245053523,0.07411181082515762,-0.8811344533001341,0.5413335490776415,0.8842457154526168,1.1803662004056326,-0.6197962215441488,1.004548162518665,79.91119384765625,771.03076171875,539.7393188476562,682.9934692382812,537.8465576171875,0.8846017122268677,0.76176917552948,0.8633853197097778,0.9752584099769592,0.9786812663078308,0.9479590058326721,0.946994960308075,0.9019342064857483,0.9061847925186157
137,0,0.01919563160327549,0.13644947569074992,-1.0106257426605176,0.5075204958824495,1.0197954947656924,1.2858959644376355,0.5280010745133028,1.1724944761787983,75.66107177734375,771.9295654296875,544.9873046875,682.2695922851562,539.8294677734375,0.9323654770851135,0.7032890319824219,0.8385461568832397,0.9944102168083191,0.9970422387123108,0.9988610744476318,0.9989377856254578,0.9827017188072205,0.990237295627594
138,0,0.02353980423575592,0.1315129585112266,-1.043593129709803,0.5050862049224892,1.0518470794910624,1.291073474231651,-0.6509816955816614,1.114941051303705,75.38189697265625,771.5845947265625,544.5419921875,682.4114990234375,540.46728515625,0.9215009212493896,0.6475865840911865,0.8221598267555237,0.9939156174659729,0.9969702959060669,0.9988620281219482,0.9989626407623291,0.9830847382545471,0.991115927696228
138,1,0.022565487442614097,0.06639790131553566,-0.9057424482080166,0.5361143431596362,0.9081729261462045,1.196241235124761,-0.6181875699239998,1.0241275413757185,79.1046142578125,770.267333984375,538.4783325195312,682.9421997070312,538.5823364257812,0.8726754784584045,0.7269354462623596,0.8590369820594788,0.9741973876953125,0.9785330891609192,0.9493341445922852,0.948865532875061,0.9037503600120544,0.9105802178382874
139,1,0.022230631627705513,0.0654733874429764,-0.8866553011239402,0.5366203554371837,0.8890693940713758,1.1933408685050262,-0.6248087652380868,1.0166987928221356,79.19244384765625,771.1846923828125,538.7970581054688,682.2156982421875,537.845947265625,0.8637906908988953,0.7122340202331543,0.8492904305458069,0.9732229709625244,0.9774711728096008,0.9500952959060669,0.9493008255958557,0.9056062698364258,0.9110484719276428
139,0,0.023399148108289785,0.12712972927553656,-1.0236382982849055,0.5045888132237566,1.0315024642633135,1.2897025393889288,-0.6575910790520604,1.1094623079931099,75.544189453125,772.1844482421875,544.4611206054688,681.53271484375,539.91357421875,0.9144891500473022,0.6267356276512146,0.8075491189956665,0.9936397671699524,0.9967555403709412,0.9988609552383423,0.9989481568336487,0.9831156134605408,0.9909175038337708
140,1,0.02002962442334873,0.06927637490771267,-0.8759091938981702,0.5376261807142116,0.878644485600232,1.1960686242815592,-0.6232087782006168,1.0208775503283811,79.1978759765625,771.1060791015625,538.4000854492188,682.2877807617188,537.7781372070312,0.8676548600196838,0.7224180698394775,0.8503903746604919,0.9736548662185669,0.977856457233429,0.9508806467056274,0.950306236743927,0.9049711227416992,0.9108861088752747
140,0,0.020845576166294486,0.1297070230969065,-1.0309423164993536,0.5077952608877202,1.0390697627155334,1.2958516856567268,-0.6572089177808489,1.1168294541283845,75.29998779296875,772.3593139648438,544.2582397460938,681.8084716796875,540.0420532226562,0.9190002083778381,0.6505100727081299,0.8137822151184082,0.9937595725059509,0.9967515468597412,0.9988289475440979,0.99891197681427,0.982745885848999,0.9904939532279968
141,1,0.01910377103158585,0.07223003246276216,-0.8634704223870879,0.5358512014299932,0.8664862075803098,1.198334523270558,-0.6239059863560511,1.0231065193083064,78.9290771484375,771.5008544921875,537.7564697265625,682.1632080078125,537.414306640625,0.8697634339332581,0.7279534339904785,0.8515523076057434,0.9739848375320435,0.9780164957046509,0.9510819315910339,0.9504509568214417,0.9048482179641724,0.9103336334228516
141,0,0.01935561111020925,0.13548481355822145,-1.0259987662537946,0.505988802596058,1.0349056010377056,1.2972168497780627,0.5528895634811123,1.1734925163552539,75.196533203125,772.6246337890625,544.1450805664062,681.7062377929688,539.91455078125,0.9213215708732605,0.6623669862747192,0.8165094256401062,0.9938983917236328,0.9967988729476929,0.998843789100647,0.9989230036735535,0.9827425479888916,0.9903738498687744
142,1,0.018741151944707393,0.07162762692561751,-0.8379739885437629,0.5382758110315645,0.841029679865662,1.1999745118300635,-0.6315998514334138,1.0203041001148085,79.37176513671875,770.53076171875,537.8303833007812,681.1327514648438,537.92578125,0.8763171434402466,0.7443739771842957,0.8580077290534973,0.9748666882514954,0.978174090385437,0.9498520493507385,0.948448657989502,0.9047293663024902,0.9071537852287292
142,0,0.02080590479518521,0.12734470423115193,-1.0505849917601595,0.5015976839014279,1.0582747746249146,1.2844036358572697,-0.720799014336256,1.063081126130671,74.40655517578125,770.2505493164062,543.920166015625,678.1529541015625,538.3301391601562,0.9138197898864746,0.7909775972366333,0.8672835826873779,0.9921682476997375,0.9912384152412415,0.9981219172477722,0.9978391528129578,0.9812275767326355,0.974230945110321
143,1,0.01779660101092753,0.0790450995951967,-0.8003653573601021,0.5373680855494464,0.8042591827465686,1.200678752839158,-0.6341563201496938,1.0195465801686525,79.067626953125,770.0239868164062,537.7669677734375,681.2076416015625,537.336181640625,0.8725367188453674,0.7392791509628296,0.8512400388717651,0.9747547507286072,0.9781815409660339,0.9509676098823547,0.9498501420021057,0.9050782918930054,0.9087024927139282
143,0,0.020029508049321763,0.13214252142603167,-1.0239795814107464,0.5061621759961469,1.0324707400769073,1.274961820031945,-0.7198692981416468,1.0522907564605053,74.67010498046875,769.7904663085938,544.54931640625,678.0641479492188,537.66259765625,0.9123426079750061,0.7954988479614258,0.8609915375709534,0.9912053942680359,0.9897356033325195,0.9977172613143921,0.9973245859146118,0.9801461100578308,0.9714179635047913
144,1,0.01868849022249312,0.09211820747648312,-0.7416633990861127,0.5345547889522677,0.7473622693798817,1.2041647521697918,-0.6409079085802136,1.019436022066845,78.60748291015625,769.3694458007812,537.0822143554688,680.6861572265625,536.5614624023438,0.8692326545715332,0.7310331463813782,0.8501567244529724,0.9748817682266235,0.9784289002418518,0.9526797533035278,0.9516355991363525,0.9059628248214722,0.9102367162704468
144,0,0.017231334462106413,0.1167118952700015,-0.9017139725446172,0.5171280431412906,0.9092358081266435,1.2898593531956375,-0.6555416624143475,1.1108565523348648,75.95330810546875,770.3501586914062,543.6626586914062,680.33642578125,540.59228515625,0.9220777750015259,0.7055068612098694,0.8138619065284729,0.9926372766494751,0.994904637336731,0.9980815649032593,0.9979795813560486,0.9784672260284424,0.9840019941329956
145,1,0.021215531358411786,0.08763785516379638,-0.8030271868621409,0.534960130415538,0.8077951822692645,1.2045203291754512,-0.6436534237751166,1.0181254802132729,78.6431884765625,770.6482543945312,537.1349487304688,680.7599487304688,536.8639526367188,0.8812969923019409,0.751358687877655,0.8651533126831055,0.9761477708816528,0.9793760776519775,0.9515750408172607,0.9502617716789246,0.9055652618408203,0.9085116386413574
145,0,0.01892476321782503,0.12297979205104893,-0.9730199067848547,0.512983999905008,0.9807608109281929,1.2966357609403847,-0.6632965162924109,1.1141373470195683,75.39105224609375,771.2835693359375,543.4579467773438,680.1905517578125,540.4983520507812,0.9309834837913513,0.7156053781509399,0.8379743695259094,0.9932218790054321,0.9958711266517639,0.9982357025146484,0.9982490539550781,0.9793425798416138,0.9865509271621704
146,0,0.01750380640249803,0.11851339014980451,-0.9755841860105031,0.5150184040125806,0.9827562910704646,1.293536845300459,-0.6681236371143598,1.107631877330615,75.6845703125,770.8038330078125,543.2998046875,679.748779296875,539.7479858398438,0.9264135360717773,0.7077286243438721,0.8253892660140991,0.9930323362350464,0.9955381155014038,0.9982262253761292,0.9981964230537415,0.9792881608009338,0.9858075380325317
146,1,0.019723147175457707,0.07802001000112416,-0.7977400560528122,0.535683430829,0.8015462051508443,1.2084299222893644,-0.6500734578692954,1.0186792313864736,78.72650146484375,770.3551635742188,536.8123779296875,680.35595703125,536.5462036132812,0.8752514719963074,0.7443779110908508,0.8555578589439392,0.9757109880447388,0.9786615371704102,0.9521157145500183,0.9504732489585876,0.9088284969329834,0.9101065993309021
147,0,0.01841892190496467,0.11393610655466685,-0.9905758216519006,0.5140872071167777,0.9971067619960133,1.2933491937640536,-0.6676231167369084,1.1077145440088,75.6837158203125,771.5956420898438,542.945556640625,679.90087890625,539.1366577148438,0.9188266396522522,0.6741750836372375,0.810971736907959,0.9928768277168274,0.9956798553466797,0.9983593821525574,0.9983682036399841,0.9802189469337463,0.987210750579834
147,1,0.019796677741893733,0.07041527063778272,-0.8091747677031188,0.534510196361851,0.8122327960790481,1.2096993350279408,-0.6419574398167202,1.025311234031406,78.75164794921875,770.98095703125,536.5368041992188,680.7953491210938,536.4434814453125,0.868798553943634,0.7258340716362,0.8506221771240234,0.9759321212768555,0.9794741868972778,0.9553349614143372,0.9544083476066589,0.9140836000442505,0.9181259274482727
148,1,0.020603871393835738,0.07282968141297931,-0.8308375818352594,0.5323741030687331,0.8340235307739089,1.208174882714858,-0.6407488578500322,1.0242692265156366,78.3680419921875,771.1564331054688,536.7288818359375,681.2715454101562,536.4480590820312,0.8658097982406616,0.717662513256073,0.8494154810905457,0.9751185178756714,0.9790822267532349,0.955093264579773,0.954475462436676,0.9121367335319519,0.9176495671272278
148,0,0.021165546693305965,0.12751765835267254,-1.0826339549814683,0.49815038283422175,1.090117898977246,1.2877324490725564,-0.7422403228576621,1.0522994647525756,73.56182861328125,770.6658325195312,542.8727416992188,677.6509399414062,536.6746826171875,0.9043253660202026,0.772839367389679,0.8542736172676086,0.9909905195236206,0.9900534749031067,0.9978869557380676,0.9975876808166504,0.9802462458610535,0.9733448624610901
149,1,0.024859759426237225,0.0736784600518294,-0.8303316517013973,0.5278495598404024,0.8335941262345721,1.2082538900878235,-0.6406358827626452,1.0244330766962206,77.81689453125,770.2579345703125,536.6304931640625,681.810791015625,536.0280151367188,0.8610321283340454,0.696334183216095,0.8506026864051819,0.9750874638557434,0.9800001382827759,0.9565236568450928,0.9567238092422485,0.9136847257614136,0.9231958389282227
149,0,0.02380460588203089,0.12639049955951961,-1.082592977863164,0.49856942938251875,1.0899459225564991,1.2805563697834346,-0.7394496234763609,1.0454849929738814,73.5780029296875,770.2433471679688,542.8572998046875,678.0108032226562,536.2791748046875,0.8948823809623718,0.7485859990119934,0.8460400700569153,0.9899945855140686,0.9893001317977905,0.9977313876152039,0.99744713306427,0.979326605796814,0.9731603264808655
150,1,0.023996825019725627,0.08118501654750002,-0.8201266688116401,0.5275562510298551,0.8241351587014689,1.2141350923512026,-0.6410616359959062,1.0310984440551327,77.58721923828125,770.1709594726562,536.2272338867188,682.2041625976562,535.8855590820312,0.8646132349967957,0.704384982585907,0.8520114421844482,0.9760403633117676,0.980819046497345,0.959284782409668,0.9596376419067383,0.9161892533302307,0.9260696172714233
150,0,0.023528070289749747,0.13267582879320225,-1.084032939549011,0.4966543994200029,1.0921219206541148,1.2933288789116655,-0.7465002982202018,1.0561424590385782,73.0653076171875,770.0859985351562,542.7341918945312,678.3755493164062,536.1661376953125,0.8963645696640015,0.756594717502594,0.8448610305786133,0.990134060382843,0.9891469478607178,0.9977105855941772,0.9973915815353394,0.979144811630249,0.9720897674560547
151,0,0.025450248860261825,0.13726922916056716,-1.0688610983311724,0.4959122312192501,1.0776394985337427,1.2873750513935833,-0.7460169810531599,1.0491869170605213,72.9644775390625,769.57666015625,542.5250244140625,678.3829345703125,535.4747924804688,0.8957427740097046,0.7508167028427124,0.849349319934845,0.9893561005592346,0.9887315630912781,0.9974915981292725,0.9971963167190552,0.977562665939331,0.9714332818984985
151,1,0.025974847241654612,0.08318077260546847,-0.8112732892251022,0.5251807067152322,0.815526450056256,1.2090871609498375,-0.6430347727793719,1.0239131036227245,77.2137451171875,769.959716796875,536.0466918945312,682.1990356445312,535.0189208984375,0.8654853701591492,0.7018277049064636,0.8570074439048767,0.9756811261177063,0.980954647064209,0.9586747288703918,0.9594314098358154,0.9143871665000916,0.926408052444458
152,1,0.05654686644554487,0.14382655278321307,-0.7808447310898718,0.5086122037139743,0.7939802084160011,1.2294558465787497,-0.6953089772012134,1.0139561651817461,74.58197021484375,768.135498046875,537.1578369140625,681.0753173828125,534.7188110351562,0.8671796917915344,0.6226809024810791,0.8940610289573669,0.9759523272514343,0.9862537384033203,0.9632657170295715,0.9683285355567932,0.8972576260566711,0.9385636448860168
152,0,0.055989514902535,0.09067248381512658,-0.9557540691605696,0.5162203278551474,0.9600454885255132,1.272735184705301,-0.6878827913580416,1.0708277712780452,75.48846435546875,769.439208984375,543.2568359375,678.6735229492188,540.1157836914062,0.8922711610794067,0.4957096576690674,0.8086065649986267,0.9904580116271973,0.9947777986526489,0.9977966547012329,0.9978697299957275,0.9786383509635925,0.9885184168815613
153,0,0.05473844599182101,0.07031879115153238,-0.8668423254859237,0.5270533724928109,0.8696898008157028,1.2413005736750033,-0.6713127437512829,1.0441102979489365,77.310791015625,768.9802856445312,543.1693725585938,678.079345703125,539.6937255859375,0.8802520036697388,0.4874136447906494,0.7909148931503296,0.9883014559745789,0.992664635181427,0.9967644214630127,0.9966879487037659,0.9749318361282349,0.9846408367156982
153,1,0.06058203308706099,0.10320004237403756,-0.7470145564449466,0.5211566705848321,0.7541094060457298,1.3121520243678568,-0.7590249477146108,1.0703382940918713,76.0526123046875,765.5491943359375,543.1089477539062,676.1420288085938,541.6640014648438,0.7779303193092346,0.48016196489334106,0.7877069711685181,0.9738557934761047,0.9824196100234985,0.9569355249404907,0.9618672728538513,0.9394127130508423,0.9571341276168823
154,0,0.0515029269082139,0.07064368297024935,-0.890528896064167,0.5270008351523963,0.8933265050746367,1.232915442645568,-0.698994233023735,1.0156217558291458,77.31292724609375,768.942626953125,543.5380859375,676.1026000976562,537.6964721679688,0.8798629641532898,0.5033411979675293,0.7825832962989807,0.9886611700057983,0.9922648668289185,0.9969106316566467,0.9967139959335327,0.9749216437339783,0.9831942915916443
154,1,0.057748415036842284,0.10633512618021075,-0.7640039125398344,0.5227528143421725,0.7713683539243338,1.2971477218030787,-0.7825536291931228,1.0345056933703118,76.1898193359375,765.5853271484375,542.9620971679688,674.5294189453125,539.1036376953125,0.7697214484214783,0.48234686255455017,0.7760478854179382,0.9731805324554443,0.9810752272605896,0.9572464227676392,0.9612454175949097,0.9391151070594788,0.9543121457099915
155,0,0.05016106277090774,0.07504433838648313,-0.8369140325988222,0.5302176403475186,0.8402718314240264,1.2356295548825391,-0.6513479733098223,1.0500124830517057,77.74212646484375,768.988037109375,543.3236694335938,679.4442138671875,540.514892578125,0.8701016902923584,0.487413227558136,0.7644035816192627,0.9883251190185547,0.9918645620346069,0.9970180988311768,0.9967932105064392,0.9751685857772827,0.982943058013916
155,1,0.05474575734047442,0.10486063794387489,-0.7220733175933702,0.5278287466532625,0.729647606293814,1.29522198112274,-0.7298840102045667,1.0699856597315756,77.037353515625,765.8204345703125,543.3297119140625,677.8104858398438,542.3753051757812,0.7525528073310852,0.4715632200241089,0.7522045373916626,0.972703218460083,0.9787006974220276,0.9587864875793457,0.9606457948684692,0.9405048489570618,0.94898521900177
156,0,0.0516391489414722,0.06934708155328616,-0.8129949803059163,0.5348986934070695,0.8159472138089421,1.236548695060703,-0.634826210808462,1.0611542570837182,78.3778076171875,768.755126953125,543.2572021484375,680.17529296875,542.4407348632812,0.8701403737068176,0.4915814995765686,0.7669081091880798,0.9877308011054993,0.9909890294075012,0.9965202808380127,0.9961724877357483,0.9736775755882263,0.9810299873352051
156,1,0.05579987720097447,0.11062171958248332,-0.714556041910119,0.5281417541502892,0.7230681170357612,1.2959229664047427,-0.7108768246548753,1.0835453267048267,77.04010009765625,765.4929809570312,543.0784301757812,679.1990356445312,543.6552124023438,0.7591005563735962,0.4811316430568695,0.7586343884468079,0.9735090732574463,0.97890305519104,0.9578626751899719,0.9593241810798645,0.93953937292099,0.9468219876289368
157,1,0.049417614576422755,0.12599007943233562,-0.7460437176463752,0.5158161573410216,0.7566073808488725,1.237817185943404,-0.6517002652048922,1.0523678777636272,75.6251220703125,767.8662109375,537.7021484375,683.2412109375,537.5712280273438,0.8412802219390869,0.5994991660118103,0.8638989925384521,0.9735257029533386,0.9828450679779053,0.9633059501647949,0.9664081335067749,0.8971271514892578,0.9285884499549866
157,0,0.03724420910151374,0.13296875584531304,-1.0857743360574619,0.4792003273077736,1.093886008170903,1.2938973612276086,-0.6687148643547285,1.1076961729566486,71.786865234375,769.6007690429688,544.1719970703125,683.2960205078125,542.6984252929688,0.6496753692626953,0.35057970881462097,0.6914193630218506,0.8880817294120789,0.9461792707443237,0.9863237738609314,0.9899606704711914,0.8268871307373047,0.9139983057975769
158,1,0.04653057001301773,0.12169814423133223,-0.8430023877872342,0.5198350683182643,0.8517414303204516,1.2246157714359658,-0.6533124632547858,1.0357927461638599,76.09625244140625,767.9549560546875,537.2564697265625,682.6097412109375,536.7114868164062,0.8515853881835938,0.6210390329360962,0.8694237470626831,0.9740482568740845,0.9829588532447815,0.9595629572868347,0.9628841280937195,0.9044580459594727,0.9326601028442383
158,0,0.03804686461083739,0.12997665718512919,-1.1081505816467432,0.49826349191066815,1.1157471232394174,1.2922102940989788,-0.7483948155700172,1.0534289934320629,72.97711181640625,767.3850708007812,544.125732421875,678.5437622070312,538.144775390625,0.8768376111984253,0.660698413848877,0.856812059879303,0.987337052822113,0.9902685880661011,0.9973239898681641,0.9974349141120911,0.9710679054260254,0.9750516414642334
159,0,0.04034585057117438,0.12363929585040204,-1.1372691707907814,0.492971107314031,1.1439702104117637,1.2858935924521797,-0.7530562988170585,1.0423188293039352,72.172607421875,767.0460205078125,543.612060546875,678.5399780273438,537.4664916992188,0.8768796920776367,0.6373024582862854,0.8637209534645081,0.9877949953079224,0.991813063621521,0.9976073503494263,0.9978581070899963,0.971293032169342,0.9791030287742615
159,1,0.050317050874179335,0.12322785948905551,-0.871991970249905,0.5165773569321219,0.8806560631339375,1.2185975084790919,-0.6545105620421643,1.0279084647217867,75.64642333984375,767.5765991210938,536.759033203125,682.4973754882812,536.2601928710938,0.8540126085281372,0.6095178127288818,0.8764088749885559,0.9742586016654968,0.9840425848960876,0.9610458612442017,0.9651470184326172,0.9026964902877808,0.9355762600898743
160,0,0.040161997975025315,0.1296423644328506,-1.139543086538486,0.4922599077363472,1.14689388730318,1.283100207512534,-0.7646804320961026,1.030344592497105,72.15802001953125,766.772216796875,543.2716064453125,678.185302734375,536.3764038085938,0.8619861602783203,0.6107217669487,0.8460725545883179,0.9864572882652283,0.9907095432281494,0.997474730014801,0.9977145195007324,0.9710610508918762,0.9783509373664856
160,1,0.04931878167080103,0.12474722074421776,-0.8776985729360781,0.5142282041994077,0.8865194041967918,1.2183457295732951,-0.6643200815048595,1.0212958171259008,75.36456298828125,767.1199951171875,536.4491577148438,681.9988403320312,535.304931640625,0.839704692363739,0.5848572254180908,0.8626377582550049,0.9722508788108826,0.9825364351272583,0.9601737856864929,0.964102566242218,0.9027944207191467,0.9343740940093994
161,0,0.038260210960958434,0.12730244686467093,-1.1164080652048918,0.4938214377848636,1.1236426838778697,1.279701207228138,-0.768784402204431,1.023037498192676,72.607666015625,766.9986572265625,543.0973510742188,677.1033325195312,535.8240356445312,0.8559523820877075,0.6074366569519043,0.8372326493263245,0.9857187867164612,0.9898462891578674,0.9974217414855957,0.997623860836029,0.970073401927948,0.9765225648880005
161,1,0.04665856052362235,0.11583268791403177,-0.8486218209393963,0.5142446826467915,0.8564906342534554,1.2190662823792535,-0.6748938089871471,1.0152048795316115,75.4957275390625,767.2462768554688,535.9677734375,680.6607666015625,534.5896606445312,0.8340122103691101,0.5843870043754578,0.8543630242347717,0.9719663262367249,0.9814233183860779,0.9607328176498413,0.9636425971984863,0.9064419269561768,0.9325706362724304
162,1,0.04864799623524516,0.12235615783685899,-0.9060444959560584,0.5113235474429958,0.9142689199643977,1.230415210257537,-0.6700316736822343,1.0319782681314966,75.09515380859375,767.281005859375,535.6286010742188,681.3792724609375,535.7388305664062,0.8342042565345764,0.5693411231040955,0.8590151071548462,0.9711213111877441,0.9820597171783447,0.9576342701911926,0.9619911313056946,0.9035309553146362,0.9355190992355347
162,0,0.049932810104041284,0.09182220646671833,-1.0607788257019901,0.5031800807739301,1.0647455257751073,1.2813263740669918,-0.6935868687035236,1.077373905587891,74.034423828125,769.72802734375,542.0803833007812,679.4878540039062,538.3590087890625,0.8595151305198669,0.40466514229774475,0.7519225478172302,0.9904953241348267,0.9955990314483643,0.9984523057937622,0.998610258102417,0.9816303849220276,0.9915695786476135
163,1,0.036063416045892985,0.09536352427657896,-0.8154393254017024,0.523964008454987,0.8209966474803859,1.2014125890252096,-0.6706778095377797,0.996786579394939,76.97723388671875,767.096435546875,535.9962158203125,680.0591430664062,533.9241943359375,0.8375574946403503,0.6245235800743103,0.8435845971107483,0.9716196060180664,0.9791346788406372,0.9583826065063477,0.9597656726837158,0.9121503233909607,0.928761899471283
163,0,0.032090426844312854,0.12831002727375784,-1.054290782270057,0.49584374540237275,1.0620699208049351,1.27963172732194,-0.786151065943812,1.009665221290869,73.22314453125,767.7531127929688,542.6407470703125,675.6221923828125,534.5985717773438,0.8627617359161377,0.6489858627319336,0.832409679889679,0.9864276051521301,0.9891912341117859,0.9975202679634094,0.9975922703742981,0.9718123078346252,0.9747672080993652
164,1,0.04283748713588975,0.11382260631667764,-0.8110433991933164,0.5197631771776544,0.8189914413983643,1.207574190949845,-0.672534884910159,1.0029617416567056,76.38818359375,767.0230712890625,535.8177490234375,680.4441528320312,534.21728515625,0.8372297286987305,0.5991435647010803,0.8549137115478516,0.9710652232170105,0.9807367324829102,0.9584872722625732,0.9615737795829773,0.9054981470108032,0.9316923022270203
164,0,0.0434267534826686,0.09235777846265232,-0.9633388286362354,0.5057798571337331,0.9677559909402734,1.2689916749534564,-0.7054974227518586,1.0548048433675608,74.8597412109375,769.6866455078125,542.2167358398438,677.9981079101562,536.8638916015625,0.8769928812980652,0.4754420816898346,0.7722389698028564,0.9905808568000793,0.9951228499412537,0.9982331991195679,0.9983444213867188,0.9802371859550476,0.9897666573524475
165,1,0.04369836248157732,0.10130114944735953,-0.8692937691727916,0.5188791539205925,0.875176313665992,1.2080750833713723,-0.686745590157927,0.9938943110116834,76.2828369140625,767.6334228515625,536.5032348632812,679.165283203125,533.8182373046875,0.8345417976379395,0.5943111181259155,0.8511951565742493,0.9701899886131287,0.9797118306159973,0.9574306607246399,0.9600815773010254,0.9086436033248901,0.9316469430923462
165,0,0.04339337937900566,0.08511694814785704,-1.0023481327923132,0.5026072752643007,1.0059556024866314,1.2685147542679989,-0.7163581672119443,1.0468813963694004,74.548095703125,769.7889404296875,542.4923706054688,676.8423461914062,535.8533935546875,0.8672685027122498,0.4420313835144043,0.7591173648834229,0.9902371764183044,0.9951528310775757,0.9982907176017761,0.9984254837036133,0.9807528853416443,0.9904682040214539
166,1,0.0445519938069649,0.11294176432078824,-0.9319553184464782,0.5144461371082779,0.9387739651846811,1.2048834999802949,-0.6922771108748631,0.9861524477906638,75.61102294921875,767.7479248046875,536.2642822265625,679.4461059570312,533.4581909179688,0.8197776079177856,0.5630277395248413,0.8394051790237427,0.9668184518814087,0.9777206778526306,0.9519900679588318,0.9552573561668396,0.9037113189697266,0.928908109664917
166,0,0.0428903318291388,0.10156431242344947,-1.0808336181241722,0.49244847873549713,1.0855950532428917,1.2778131417635379,-0.7286101292409929,1.0497303009968926,73.40313720703125,769.8037719726562,542.8307495117188,676.9125366210938,535.364501953125,0.8364744186401367,0.37705275416374207,0.7108373641967773,0.9887759685516357,0.9945154786109924,0.9982594847679138,0.9984025359153748,0.9804202318191528,0.9904208183288574
167,1,0.024096597699242342,0.08926060044468688,-0.8387176551336604,0.5308068707926089,0.8434540650353471,1.1682876361934664,-0.6775781391239152,0.9517267813106289,77.98785400390625,768.1197509765625,536.9235229492188,678.6995239257812,533.3600463867188,0.8145871758460999,0.6239197254180908,0.7998740077018738,0.9655252695083618,0.9711214303970337,0.9502193927764893,0.949209988117218,0.9111652374267578,0.9162851572036743
167,0,0.023772117026703562,0.08806414842887444,-0.9813548593386798,0.5007484179245215,0.985298256461536,1.2474112093959142,0.5217104240790115,1.1330723537064504,75.01751708984375,769.5194702148438,542.8233642578125,677.7300415039062,534.9092407226562,0.8384618759155273,0.4682934582233429,0.6783660054206848,0.9886680245399475,0.9922437071800232,0.9979230761528015,0.9978082776069641,0.9782271385192871,0.9846967458724976
168,1,0.017366468383059143,0.08528131486817238,-0.8249047309229482,0.5352567627348198,0.8293013431586289,1.1557811684288668,-0.6751711745205564,0.938069290826285,78.80126953125,769.4088134765625,537.1522216796875,679.1708374023438,533.9010009765625,0.8474285006523132,0.6966060400009155,0.8193764090538025,0.9700855016708374,0.9744617342948914,0.9516334533691406,0.950821578502655,0.9140505790710449,0.9186466336250305
168,0,0.013953179578062051,0.07279607765181025,-0.9199585077208949,0.5370044114647781,0.9228341805815086,1.1622351062524188,-0.6690852587280767,0.950323817842294,79.52227783203125,770.1937255859375,542.0377807617188,678.0508422851562,535.77685546875,0.8785416483879089,0.6276295781135559,0.768637478351593,0.9893411993980408,0.9912619590759277,0.9966570138931274,0.9963272213935852,0.965585470199585,0.9724810719490051
169,0,0.009832013337286262,0.07961058512338146,-0.9082152909060807,0.5334347904488114,0.9116977897852467,1.1742900770670597,-0.6829171848469331,0.955291214101177,79.26116943359375,769.7391967773438,542.8665771484375,677.6478271484375,535.511962890625,0.8626434206962585,0.6131075024604797,0.730632483959198,0.9885364770889282,0.9898982644081116,0.996565043926239,0.9960917830467224,0.9654073715209961,0.9697465300559998
169,1,0.013186109159957701,0.08899485152794609,-0.8202419087168958,0.5360659961274606,0.8250556783720827,1.1573264400231302,-0.6920210261437404,0.9276375305859378,79.0728759765625,768.7760009765625,537.7190551757812,678.4267578125,533.552978515625,0.8353806734085083,0.6917235255241394,0.7916932702064514,0.9668447375297546,0.9706653356552124,0.9476243853569031,0.9461836814880371,0.9116266369819641,0.9131924510002136
170,0,0.012670044526331952,0.079486411791801,-0.8846998311070168,0.535552175110479,0.8882634073405927,1.1574606350827048,-0.6771065561185322,0.9387448180561953,79.50439453125,769.0590209960938,545.5774536132812,678.2424926757812,536.4508056640625,0.881584107875824,0.6539385914802551,0.7673332691192627,0.9891179203987122,0.9904457330703735,0.996364951133728,0.9958932399749756,0.9638761281967163,0.9688003659248352
170,1,0.01564664644114449,0.08546651763650327,-0.8332679425473513,0.543661760877884,0.8376395344741118,1.1254837998811609,-0.6800459256217828,0.8968006037242333,80.2716064453125,768.0958862304688,540.4541015625,678.8917846679688,534.74951171875,0.8645505905151367,0.7381168007850647,0.8293078541755676,0.9692476987838745,0.9731689095497131,0.9441710114479065,0.9430169463157654,0.9051600694656372,0.9086524844169617
171,0,0.014112672047492223,0.06705918230426738,-0.8853465346534654,0.5052199280682665,0.887882548738411,1.2467151711194417,0.4895094232215829,1.1465946286620448,75.05340576171875,769.0748901367188,546.2948608398438,678.1998291015625,535.9453735351562,0.8832706809043884,0.6319983601570129,0.7331895232200623,0.9900239109992981,0.9922285676002502,0.9976990818977356,0.9974709749221802,0.9750635027885437,0.9793135523796082
171,1,0.013598459969873576,0.09189390601251161,-0.8038978422497016,0.5452465808288662,0.8091330117699824,1.1235384576751413,-0.6929882373925905,0.8843675529498727,80.75506591796875,767.7008056640625,541.9237060546875,678.0029296875,534.5457153320312,0.8745761513710022,0.7596794962882996,0.8373761177062988,0.9698392152786255,0.9741510152816772,0.9439728260040283,0.9435468316078186,0.9009132981300354,0.9074587821960449
172,0,0.01659962842203606,0.051391537405869235,-0.8716797269318826,0.5022843183083924,0.8731933557127999,1.254938595717643,-0.7418746950175368,1.0121723252067343,74.67230224609375,769.1702270507812,544.69287109375,677.764404296875,536.131591796875,0.871483564376831,0.6140784025192261,0.7070996165275574,0.9893134236335754,0.9913386106491089,0.9975679516792297,0.9972731471061707,0.9744447469711304,0.9777851104736328
172,1,0.02221805732953142,0.07900636916864152,-0.7262671902482285,0.5303260576703654,0.7305518722173452,1.2544619987516796,-0.7979692381545387,0.9679462801576979,78.32110595703125,768.89453125,544.0073852539062,675.0111083984375,539.0818481445312,0.7282730340957642,0.5846424102783203,0.6407976150512695,0.9756109118461609,0.9687228202819824,0.9674098491668701,0.9611753821372986,0.9551263451576233,0.9316427111625671
173,0,0.009942602406395567,0.06611855523220313,-0.8638308760672222,0.49192580420718174,0.8663575738648901,1.2802292715811308,-0.7778919157371093,1.0167945491809067,73.46856689453125,769.7346801757812,546.151611328125,677.1333618164062,536.1124877929688,0.8831325769424438,0.6659271121025085,0.7089874744415283,0.9908247590065002,0.991883397102356,0.9979634284973145,0.9976239800453186,0.9763310551643372,0.9769893288612366
173,1,0.010139920274872061,0.09881711758883084,-0.8170621710765186,0.5367238208262017,0.8230160473118607,1.1521402768730287,-0.74944486697828,0.8750769160210817,79.84893798828125,768.5341796875,543.2052001953125,676.470703125,534.2184448242188,0.8883280754089355,0.7983012795448303,0.8350719213485718,0.9716031551361084,0.9750279188156128,0.9438849091529846,0.9434155821800232,0.8973169326782227,0.9028750061988831
174,0,0.020383082004403818,0.06716404216988056,-0.8863027123507039,0.4908917872812732,0.8888439157021958,1.282491804137931,-0.7850503769933943,1.014140588510042,73.1787109375,770.627685546875,546.4968872070312,676.55029296875,536.4163818359375,0.8709222078323364,0.5870676040649414,0.7141796946525574,0.9899674654006958,0.9929150342941284,0.9979954957962036,0.9978827834129333,0.9773740768432617,0.9829614758491516
174,1,0.02126507048474081,0.08514684417182257,-0.8272067790924122,0.5324411229877352,0.8315774410413401,1.156676298041723,-0.7563465505527287,0.8751228221904015,79.32391357421875,769.0330200195312,544.4263305664062,676.21923828125,534.434814453125,0.8863722085952759,0.7803452014923096,0.8492245078086853,0.9724571704864502,0.9757446050643921,0.9469990730285645,0.9455751180648804,0.904784083366394,0.9078742265701294
175,1,0.027044453421047568,0.06754150075980533,-0.5987873891549811,0.5347286072510078,0.6025845930124049,1.243258277565288,-0.7958531940677477,0.955148594841018,79.32586669921875,772.1314697265625,543.6984252929688,674.4963989257812,541.009765625,0.7564577460289001,0.6074020266532898,0.6993562579154968,0.977445125579834,0.9730633497238159,0.9658487439155579,0.9604771733283997,0.9587529301643372,0.9421715140342712
175,0,0.019301689647611392,0.04239610907553999,-0.7243935127954977,0.5131273599629363,0.7256330969883787,1.2357067389955079,-0.736831108328752,0.9919934791105913,76.826416015625,771.3204345703125,545.4243774414062,676.5610961914062,538.4015502929688,0.8801159858703613,0.6449891328811646,0.7353621125221252,0.987467885017395,0.9888454079627991,0.9962615370750427,0.995648205280304,0.9700154066085815,0.971651017665863
176,0,0.020841043228585102,0.039933402456532145,-0.7336237836975594,0.5104516758989127,0.7347098288702002,1.235071686673573,-0.7487414260647631,0.9822364013399266,76.52587890625,771.1070556640625,545.5899658203125,676.1788330078125,538.2449340820312,0.8779126405715942,0.6320846676826477,0.7380572557449341,0.9865506887435913,0.989130973815918,0.9959394931793213,0.9954995512962341,0.9686164855957031,0.9730982184410095
176,1,0.030127334049679624,0.07144971552039606,-0.5773195595946505,0.5290044994536827,0.5817241062037113,1.2482380655675611,-0.8038854405335459,0.9549169947330678,78.55755615234375,771.9075317382812,544.6866455078125,675.1173095703125,540.9315185546875,0.7416422963142395,0.5885646343231201,0.6873582005500793,0.9757109880447388,0.9711678624153137,0.9652844071388245,0.9598731398582458,0.9561483860015869,0.9395778179168701
177,1,0.02403784186880094,0.07379218120887754,-0.43774320558774427,0.5352202399499001,0.443919362098341,1.2184581692300993,-0.7745760397230679,0.9405701828415005,79.5546875,771.6190795898438,544.4301147460938,676.3280029296875,540.0957641601562,0.7390307784080505,0.5940198302268982,0.6808364987373352,0.9743087291717529,0.969853937625885,0.9673097729682922,0.9625996947288513,0.9533025026321411,0.9368478655815125
178,1,0.02402526074175797,0.09510629906059535,-0.4675848995755305,0.5431544743308168,0.4771591416205524,1.1942831396860856,-0.7583275735591922,0.9226329220867214,80.62396240234375,771.9906616210938,546.0478515625,675.8978271484375,540.6541748046875,0.7452369928359985,0.5903552174568176,0.7022079825401306,0.9702340960502625,0.9666150212287903,0.9550644755363464,0.9498466849327087,0.9468207955360413,0.9318101406097412
178,0,0.016991730083567438,0.08241026584185887,-0.6658754847535009,0.515858747924632,0.6709557460159616,1.195858355859463,-0.7226286446793345,0.952830021130635,77.32427978515625,770.9815673828125,546.4500732421875,676.5470581054688,536.8536376953125,0.8734237551689148,0.6375851035118103,0.7319949269294739,0.9843963384628296,0.9860547184944153,0.9949017763137817,0.9940974712371826,0.9645987749099731,0.9667367935180664
179,1,0.02362867507064553,0.12246882423947178,-0.39089601502171395,0.5334488473703322,0.4096319170553665,1.2091504869618144,-0.7579629421223104,0.9420918630841071,79.1822509765625,775.5906982421875,545.7556762695312,675.7810668945312,540.614501953125,0.7261567115783691,0.5620397329330444,0.6833733320236206,0.9666905403137207,0.9617895483970642,0.9537391662597656,0.9477539658546448,0.9441736340522766,0.9258013367652893
180,1,0.028918719130353848,0.1370821900843293,-0.34331469520154645,0.534754737529978,0.36967080866582763,1.2177264366340592,-0.7395326851909543,0.9674446144414368,79.34710693359375,775.439697265625,546.0961303710938,676.5565795898438,541.6861572265625,0.7010367512702942,0.5108442306518555,0.6761916875839233,0.9665837287902832,0.9630323648452759,0.9627301096916199,0.9580208659172058,0.9426183104515076,0.9262145757675171
181,1,0.02869308638191087,0.12858866766673324,-0.4478723041936228,0.53037806786265,0.4659663574937686,1.241201323022854,-0.7865453892441757,0.9601703364155818,78.8521728515625,777.70068359375,547.0525512695312,675.0205078125,539.7387084960938,0.6948639750480652,0.5334546566009521,0.6461682319641113,0.9648596048355103,0.9570000767707825,0.9540814757347107,0.9460724592208862,0.9421278834342957,0.9163833260536194
181,0,0.0199005393997564,0.12081006986457675,-0.6890833892618795,0.4994285356569932,0.6995934464653902,1.2288260677010487,0.5841806808769275,1.0810857675280865,76.11859130859375,776.0186157226562,544.6112670898438,677.1680297851562,536.9120483398438,0.8338428139686584,0.54490065574646,0.6773898601531982,0.9788904786109924,0.9835591912269592,0.9941662549972534,0.9936990737915039,0.957976758480072,0.9659548401832581
182,1,0.02964801440573646,0.11200160234600678,-0.37552562561846786,0.5335188276054726,0.3918722424773343,1.224822960031345,-0.7738435467513665,0.949398466699421,79.38189697265625,777.219482421875,546.8216552734375,675.63232421875,538.9644165039062,0.7094976902008057,0.533202052116394,0.679102897644043,0.9667850136756897,0.9641714692115784,0.961414635181427,0.9572809338569641,0.9420830607414246,0.9288586378097534
183,0,0.018946155382918696,0.10552495699869575,-0.7038241518713485,0.49460709323720314,0.7116909113561867,1.2414140341650914,0.5898617623794218,1.0923240844660935,75.1561279296875,776.89306640625,544.530029296875,677.6951293945312,535.83984375,0.8679981231689453,0.601630687713623,0.7306671738624573,0.9840946793556213,0.9884750843048096,0.9957019686698914,0.995501697063446,0.9645964503288269,0.9732846617698669
183,1,0.01806233553845019,0.1160379983031257,-0.6190348105157022,0.5294428757710875,0.6298165714558546,1.198218092151793,0.5624923148808499,1.0579834554754937,79.419921875,780.1151733398438,549.510986328125,675.698974609375,532.9761352539062,0.8878761529922485,0.7831215262413025,0.8618581295013428,0.9679285287857056,0.9729899764060974,0.9399546980857849,0.9396152496337891,0.8879709839820862,0.8977122902870178
184,0,0.015169243524739555,0.1007632046089905,-0.7424098590270981,0.49178126485502144,0.7492166723877072,1.2459577523294485,0.5843392605566144,1.1004355270355461,74.64605712890625,777.3025512695312,544.4818115234375,677.45703125,534.9640502929688,0.8810332417488098,0.6424552798271179,0.7477457523345947,0.9850741624832153,0.989189863204956,0.9956668615341187,0.9954980611801147,0.963860034942627,0.9725663065910339
184,1,0.015726085333235405,0.10547685499715392,-0.6548612003696835,0.5321575106186613,0.6633012578683335,1.179356313916452,0.5529254879638641,1.0417075980977213,79.77685546875,780.8728637695312,548.612060546875,674.9807739257812,531.8648681640625,0.892939567565918,0.7995128035545349,0.8624723553657532,0.9677801728248596,0.9733532071113586,0.9391536712646484,0.9397523403167725,0.8820626139640808,0.8955822587013245
185,0,0.016270874940873495,0.10740534832080727,-0.7909812371892574,0.49053672675393817,0.7982400806983837,1.255013785563696,0.6115421506280548,1.095936038261418,74.32421875,778.3682250976562,543.9054565429688,677.6234741210938,534.9112548828125,0.8841713070869446,0.6312410235404968,0.7579411864280701,0.9861966967582703,0.9906999468803406,0.996353030204773,0.99631667137146,0.9662494659423828,0.9763050079345703
185,1,0.015480080674661329,0.10288997653225726,-0.6852664883230224,0.5336641213739387,0.6929476944830507,1.1753293768970499,0.5740803248980303,1.025588087275871,79.92291259765625,781.5553588867188,547.3433837890625,675.534912109375,531.98828125,0.8890092968940735,0.7866743206977844,0.8626947402954102,0.9667483568191528,0.9726464748382568,0.9360024333000183,0.936532735824585,0.8839555382728577,0.8971013426780701
186,0,0.01642204861937585,0.10712374483117497,-0.820487260764863,0.4880593156395508,0.827450809283599,1.2446574407100812,0.6102447384274953,1.0847919173447629,74.3629150390625,778.320068359375,543.0955200195312,676.36181640625,533.518798828125,0.8722665309906006,0.6146864891052246,0.741343080997467,0.9826215505599976,0.9892455339431763,0.9954934120178223,0.9956845045089722,0.9567561149597168,0.9719738960266113
186,1,0.015599077131622847,0.10230055294512311,-0.6995581155289415,0.5350502210999516,0.7069985573785011,1.1543439529957102,0.5729105573799423,1.002139438930714,80.23663330078125,781.7901000976562,545.83251953125,674.2993774414062,530.699951171875,0.8822683095932007,0.7744842767715454,0.8595625162124634,0.960446834564209,0.9703965783119202,0.9227463603019714,0.9273262619972229,0.8603387475013733,0.8902269005775452
187,0,0.01583353189833362,0.11961885413841065,-0.8472600915680094,0.48503584456268184,0.8556625111743636,1.2551958246935553,0.6456744298023942,1.0763926277281388,74.02764892578125,780.2799682617188,541.405517578125,676.5939331054688,533.6922607421875,0.8707022070884705,0.5955371260643005,0.7346675992012024,0.9851456880569458,0.9905363917350769,0.9964176416397095,0.9964742064476013,0.9648292064666748,0.9766458868980408
187,1,0.01469320150303722,0.11799325505142333,-0.7041022053035917,0.5309798716763912,0.7139203903454582,1.1714086106782051,0.6109026969053942,0.9994978879841411,79.5589599609375,783.1458129882812,543.6119995117188,674.7101440429688,531.6412963867188,0.8705673813819885,0.7485769987106323,0.8479775786399841,0.9626158475875854,0.970707893371582,0.9326469302177429,0.9348002076148987,0.877083420753479,0.8971380591392517
188,0,0.021074047435054324,0.10278027574899268,-0.8277249937764702,0.49198955716149945,0.8340818007877265,1.2535588878637058,0.656159915927614,1.0681123770802199,75.26995849609375,781.0886840820312,541.5357666015625,675.7466430664062,534.1502685546875,0.8542007803916931,0.5447334051132202,0.7135747075080872,0.9843664169311523,0.9891764521598816,0.9962122440338135,0.9960820078849792,0.9667187333106995,0.9763619303703308
188,1,0.0192205745896203,0.10417774310706826,-0.7269000593581121,0.5275359029308374,0.7343273782542151,1.1782263914351043,0.6146145553520199,1.005219566972125,78.86700439453125,782.2688598632812,542.8599243164062,674.70654296875,531.390869140625,0.8516925573348999,0.7120200991630554,0.8296211361885071,0.964747428894043,0.9697738885879517,0.9462301135063171,0.9447399973869324,0.8962767124176025,0.9012980461120605
189,1,0.026896264161602287,0.10364643209512198,-0.7608250856678532,0.5185338164794243,0.7678524557931328,1.2020348530503648,0.6430192271022943,1.015585575677688,77.14190673828125,782.516845703125,540.4002075195312,674.7109375,531.7243041992188,0.8370210528373718,0.663789689540863,0.8288381695747375,0.9652804732322693,0.9708616733551025,0.9517692923545837,0.950167715549469,0.9039453268051147,0.9080594778060913
189,0,0.028655446515058754,0.09486330700189606,-0.8636349759815708,0.48990112612814374,0.8688293381061809,1.2854505508837726,0.6832851204551867,1.0888087816195897,73.9737548828125,781.4613647460938,541.0157470703125,675.7208251953125,534.0346069335938,0.8309704065322876,0.4487141966819763,0.6937017440795898,0.9844008088111877,0.9904218912124634,0.996859073638916,0.9968817234039307,0.9711368083953857,0.9822995066642761
190,1,0.029960559593922995,0.08707518759516425,-0.8042739701359111,0.511594446220375,0.8089738607228997,1.2167805570079784,0.6695020990399565,1.0160324125212437,75.9217529296875,783.5216064453125,537.2496337890625,675.1737060546875,531.2186889648438,0.8324248194694519,0.6478387713432312,0.8283035755157471,0.9674038290977478,0.9726735353469849,0.9556659460067749,0.9539713859558105,0.9098013043403625,0.9128371477127075
190,0,0.03214851186905152,0.07202778661131048,-0.9356719307063199,0.48769385941615057,0.9384401760132698,1.3093190035211586,0.7178944904207679,1.0949629005610855,72.74151611328125,783.0416259765625,539.001953125,675.8067016601562,533.58251953125,0.8401907086372375,0.43312767148017883,0.7125439643859863,0.9866971373558044,0.9929158687591553,0.9976295232772827,0.9977828860282898,0.9752020239830017,0.9869019985198975
191,0,0.04446145898983753,0.05736098271259034,-0.9639059916647302,0.4887043742935406,0.9656112277231045,1.3036494318493148,0.7437907589843208,1.0706433337066874,73.0201416015625,784.40625,536.8705444335938,675.7793579101562,534.02392578125,0.85548335313797,0.41372910141944885,0.7603350877761841,0.9867374300956726,0.9940901398658752,0.997539758682251,0.9978758096694946,0.9748045206069946,0.9891856908798218
191,1,0.04270875225966323,0.08666504174029614,-0.8385595027725307,0.506210699018134,0.8430260192603554,1.231050438859314,0.7002534885138018,1.012487152925883,75.12359619140625,784.53515625,535.3325805664062,676.1603393554688,532.1790771484375,0.8473947644233704,0.6362321972846985,0.8620357513427734,0.9704030156135559,0.9777218699455261,0.9570872783660889,0.9572260975837708,0.9090116620063782,0.9216563105583191
192,0,0.03243470969927017,0.05630888311559574,-0.9230931267063455,0.49406374659426155,0.9248089591316809,1.309436044689458,0.7381849647475744,1.0815293398482515,73.88641357421875,784.8969116210938,536.403564453125,676.29248046875,534.36376953125,0.8484198451042175,0.41686809062957764,0.7370195984840393,0.9878413081169128,0.994597315788269,0.9980008006095886,0.9982852339744568,0.9769730567932129,0.9900851249694824
192,1,0.030563071123710515,0.05979394102929308,-0.8132805677164585,0.5087742699946904,0.8154756876872662,1.2367457010451468,-0.7254021446096748,1.0016644436383555,75.54937744140625,783.894287109375,533.6464233398438,676.4912109375,532.74365234375,0.8178550004959106,0.6120002865791321,0.8202966451644897,0.9666170477867126,0.9725493788719177,0.9571686387062073,0.9556958675384521,0.9104604125022888,0.9147090911865234
193,0,0.05008068248523581,0.04032551181011094,-1.0098346526513449,0.49329621842123234,1.0106394869577429,1.3001021071265908,0.7591427040927422,1.0554467508016503,73.71954345703125,786.0572509765625,535.5579223632812,676.4840087890625,534.4868774414062,0.8558855652809143,0.37350723147392273,0.7703606486320496,0.98857182264328,0.9955198764801025,0.9981245398521423,0.9984569549560547,0.9786372184753418,0.992119550704956
193,1,0.04856270119867263,0.07479255651759631,-0.9201826462112614,0.4967858970225241,0.9232172165307563,1.2539423842246222,-0.7190356690300446,1.0273067748328375,73.791748046875,785.1148681640625,533.2650146484375,678.1889038085938,534.0333251953125,0.8442656993865967,0.6017675399780273,0.8661623001098633,0.9722692966461182,0.9807263016700745,0.9629408121109009,0.9642528295516968,0.9110944867134094,0.9297016859054565
194,1,0.05028656487449378,0.08705251936042066,-0.9000021536888964,0.4952823807920103,0.9042024207950609,1.2601119170629718,0.7462461616707987,1.015381066258239,73.68353271484375,785.9140625,532.851318359375,679.1904907226562,534.3456420898438,0.857064425945282,0.6237664818763733,0.878386914730072,0.9750487804412842,0.982490599155426,0.9655845165252686,0.9666223526000977,0.9144039154052734,0.9316655993461609
194,0,0.05164444735517198,0.05262804586033147,-0.9843659821454154,0.49237098433204474,0.9857718285770726,1.2875524423519837,0.7711211713131428,1.0310981674696182,74.55657958984375,786.8511352539062,534.6986083984375,677.00537109375,535.11962890625,0.8792752623558044,0.4236930012702942,0.8058538436889648,0.9897183179855347,0.9958012700080872,0.9981355667114258,0.9984353184700012,0.9784958958625793,0.9917712807655334
195,0,0.055610794988416125,0.04694339981754579,-0.9957557246647896,0.4860827062056046,0.9968616483690854,1.3026731500468127,0.7930867576312456,1.0334266934441185,74.39794921875,788.0860595703125,534.144287109375,677.1863403320312,533.6455688476562,0.8910517692565918,0.42472782731056213,0.8293892741203308,0.9908574223518372,0.9966687560081482,0.9984129667282104,0.9987310767173767,0.9804369807243347,0.9934076070785522
195,1,0.05482132217087178,0.083310384193634,-0.9279125796335148,0.48920029458314246,0.9316449836480712,1.2889823012361885,0.7652469911591568,1.0372426984182619,73.1385498046875,787.0227661132812,533.192626953125,679.1715087890625,533.5277099609375,0.8708139061927795,0.6375490427017212,0.8925954103469849,0.9777570366859436,0.9851254224777222,0.9696044921875,0.9711388349533081,0.916200578212738,0.936556875705719
196,1,0.05908871759471673,0.08539806465526932,-0.9629410045440049,0.4890898647185788,0.9667203358154223,1.300074082276948,0.7694119439797555,1.0479493689437207,73.29852294921875,787.484619140625,534.9713134765625,679.6380004882812,534.2537231445312,0.883544921875,0.6622405052185059,0.9045042991638184,0.9787002205848694,0.9859073162078857,0.9682004451751709,0.970029890537262,0.9107519388198853,0.9335238337516785
196,0,0.060095432434828365,0.04260097709670362,-1.0234107945844086,0.48323973950861737,1.024297074935531,1.299739685938846,0.7983699060071033,1.0256357756955532,75.04644775390625,788.8020629882812,535.002685546875,677.9092407226562,534.072509765625,0.9023450016975403,0.44738253951072693,0.8461577296257019,0.9919180274009705,0.9970455765724182,0.9985843896865845,0.9988621473312378,0.9813728332519531,0.9937382936477661
197,1,0.0613718731484498,0.07425992852910743,-1.0090950677656823,0.481973062355072,1.0118237953192122,1.3196403042157867,0.7780528317429344,1.0658725643938562,72.3155517578125,787.5474853515625,534.6327514648438,679.94873046875,533.8743286132812,0.8842088580131531,0.6579055190086365,0.9050672054290771,0.9791324734687805,0.9868378043174744,0.9698796272277832,0.9723720550537109,0.9096185564994812,0.9367769360542297
197,0,0.0621665351971507,0.03856136906336831,-1.0681663258350376,0.47847244590237353,1.0688621421081228,1.3241128411636314,0.811870419688611,1.0460120638735781,74.04840087890625,788.9549560546875,534.637451171875,679.06787109375,534.0416870117188,0.9015297293663025,0.42717257142066956,0.8473011255264282,0.9922366738319397,0.997538685798645,0.9987642765045166,0.9990703463554382,0.9824514985084534,0.9949125051498413
198,1,0.06333862979284073,0.07423847038704547,-1.052754102053843,0.47545421033397905,1.055368442714013,1.3440513539865966,0.7828573915477381,1.0925238426012842,71.524169921875,787.3535766601562,535.1729736328125,679.4134521484375,532.429931640625,0.8850691318511963,0.6474286913871765,0.9075168967247009,0.9790616631507874,0.9878466725349426,0.9703460931777954,0.9739601612091064,0.906618595123291,0.9411754012107849
198,0,0.06228088077425307,0.04703275443547919,-1.0965443664063368,0.4706717012553318,1.0975525625168312,1.343909540132629,0.8191263603435889,1.0654223847140436,73.5714111328125,788.9487915039062,535.061767578125,678.6262817382812,533.1574096679688,0.9010675549507141,0.41548141837120056,0.8468021750450134,0.9925895929336548,0.9977992177009583,0.998915433883667,0.9992055296897888,0.9834718704223633,0.995499312877655
199,0,0.060375686073181695,0.053648908305649494,-1.07631642563245,0.4720070831261581,1.0776526589994575,1.3646391455980946,0.8239594574051045,1.087810098432343,73.47235107421875,789.5792846679688,535.7454833984375,679.0546875,532.76611328125,0.9023799300193787,0.4310361444950104,0.8442949652671814,0.9928038716316223,0.9977045655250549,0.998936116695404,0.9991938471794128,0.983893632888794,0.995274543762207
199,1,0.061410650281618025,0.07288487796552312,-1.0467114695340503,0.47426088162407426,1.0492459701567503,1.369178728021021,0.785468509984639,1.1214676139272914,71.52099609375,788.185546875,536.3406372070312,679.524658203125,531.677978515625,0.8860599994659424,0.6564695239067078,0.9064047932624817,0.9797253012657166,0.988121509552002,0.9720337986946106,0.9754390716552734,0.9093225598335266,0.9427849054336548
200,1,0.06069935176026592,0.08032866221488277,-1.0645497344636845,0.476047373424576,1.0675761476915517,1.3747220708209524,0.7822886640827641,1.1304358531335832,71.88751220703125,788.1729736328125,537.4461669921875,680.0974731445312,530.9050903320312,0.8832882642745972,0.6490824818611145,0.9046091437339783,0.9786809086799622,0.9877346158027649,0.9691857695579529,0.9732422828674316,0.9038892984390259,0.9408177733421326
200,0,0.06021721543800828,0.06920120855203345,-1.088812211084182,0.46743808023716726,1.0910090917453839,1.3719683277949555,0.8275813848256424,1.0942605466535649,73.10772705078125,789.3713989257812,535.9056396484375,679.947998046875,532.3709716796875,0.90116947889328,0.4247063100337982,0.8411222696304321,0.9929410219192505,0.9978127479553223,0.9990046620368958,0.9992545247077942,0.9844611287117004,0.9955567717552185
201,1,0.057883552268378824,0.07038062179065423,-1.0297761745228677,0.4797993653115051,1.0321784736849489,1.3767213395503115,0.787155726636635,1.1294899330212531,72.63665771484375,789.3323974609375,536.8934326171875,680.342041015625,531.3228759765625,0.8825327754020691,0.6628753542900085,0.901220977306366,0.9785269498825073,0.9868009090423584,0.968730092048645,0.9719764590263367,0.9044917821884155,0.9363127946853638
201,0,0.05674034823990599,0.0730348696695749,-1.0585953299475521,0.4720988195187215,1.0611117588522043,1.3809351626539155,0.8323079095224055,1.1019280680699801,73.48968505859375,790.0994873046875,535.4337768554688,680.5143432617188,532.3504638671875,0.9043558835983276,0.44997236132621765,0.8419091701507568,0.9929681420326233,0.997701108455658,0.9989603757858276,0.9992038607597351,0.9841541051864624,0.9951748847961426
202,1,0.056690229739964654,0.0746587562063452,-1.0551502145922746,0.4781810497228947,1.0577882137896988,1.3776093429827734,0.7822898258015653,1.133944500547,72.528076171875,789.0255737304688,536.70947265625,680.5424194335938,530.8493041992188,0.8757302761077881,0.6412621736526489,0.896396279335022,0.9774837493896484,0.9867043495178223,0.9683970808982849,0.9722546339035034,0.9018933176994324,0.9376765489578247
202,0,0.05574993536118502,0.07623335029233426,-1.0762817251474182,0.4735373263553872,1.0789781626998278,1.394113615193554,0.8437700693094906,1.1097769335346173,73.1793212890625,790.8165283203125,535.6405029296875,680.8527221679688,532.0496826171875,0.8972951769828796,0.42284679412841797,0.8313352465629578,0.9930203557014465,0.997797966003418,0.9990492463111877,0.9992824196815491,0.9848129153251648,0.9955583810806274
203,1,0.0618752017857459,0.08409713365191948,-1.0589222807711145,0.4750969960751815,1.0622564307181048,1.3855764873650798,0.7991031650963556,1.1319259401002966,72.40496826171875,789.9634399414062,536.3160400390625,681.51513671875,530.6963500976562,0.8999952077865601,0.6786069273948669,0.920067310333252,0.9807538390159607,0.9896509647369385,0.9710550904273987,0.9757795333862305,0.9043632745742798,0.9458844065666199
203,0,0.06030325181178338,0.07786554165535389,-1.073612497650425,0.4724120263487541,1.0764324584889038,1.39877221025011,0.8659631168939663,1.0984860383032935,73.06060791015625,791.7623901367188,534.8087768554688,681.5238647460938,531.7391357421875,0.9228256344795227,0.47561734914779663,0.8778128623962402,0.9941558837890625,0.9983869791030884,0.9991453886032104,0.9993951320648193,0.9855567812919617,0.9963675737380981
204,1,0.06641825507450229,0.09157999093347116,-1.0930077573898564,0.47069758489642544,1.0968376600271246,1.382909878671601,0.7894069897005928,1.1354630496583105,72.03155517578125,789.3294677734375,536.6406860351562,681.84814453125,529.689208984375,0.9135825037956238,0.7032690644264221,0.9323069453239441,0.9826508164405823,0.9913719892501831,0.9718332290649414,0.9774203896522522,0.9029486775398254,0.950452446937561
204,0,0.06448725287601371,0.0753252879371096,-1.0980727812349442,0.46689578657490494,1.1006533204837272,1.4056529979636372,0.8743358687131003,1.1006348801332206,72.7176513671875,792.059814453125,535.082763671875,681.299560546875,531.134765625,0.9349555373191833,0.5154600739479065,0.8975821733474731,0.9947807192802429,0.9986171722412109,0.9991834759712219,0.9994338154792786,0.9857043027877808,0.9965612292289734
205,1,0.06630918759382236,0.0977206998617578,-1.0334974429432868,0.46807488322088,1.0381070752825954,1.3946072127078069,0.7946356936281369,1.1460730308967084,71.9659423828125,789.6212158203125,535.9971923828125,681.3855590820312,529.124267578125,0.9051569104194641,0.6879717111587524,0.9250379800796509,0.9814707636833191,0.9906116127967834,0.9701636433601379,0.9758995175361633,0.9006186723709106,0.9483484625816345
205,0,0.06388273568500233,0.0771656636920962,-1.0596644374915343,0.4686136369566038,1.062470357109925,1.4263327182948629,0.8843345832306241,1.1190966750825109,72.54827880859375,792.1529541015625,535.1580810546875,681.150390625,530.85693359375,0.9271327257156372,0.5073352456092834,0.8830159902572632,0.9938303828239441,0.9981052875518799,0.9989293217658997,0.9992052912712097,0.9841735363006592,0.9955536723136902
206,0,0.05737011908992034,0.08998233331696759,-1.113818208749793,0.46790608381984994,1.1174470110263677,1.4154468338671349,0.8769669059671448,1.1110440069335281,73.34576416015625,792.561767578125,534.8450317382812,681.0291137695312,531.2340698242188,0.9364601969718933,0.582131564617157,0.8988831639289856,0.9924267530441284,0.9973090887069702,0.9981473684310913,0.9985300302505493,0.9814731478691101,0.993857204914093
206,1,0.0646434594402682,0.0912363532086602,-1.0031577941186511,0.46046397273921025,1.0072981842770359,1.4020045263589143,0.8092291227135864,1.144886421826673,71.51513671875,790.3450317382812,534.6317138671875,682.5300903320312,528.4861450195312,0.9052626490592957,0.6980287432670593,0.9223063588142395,0.9825283288955688,0.9905228018760681,0.9709611535072327,0.9757188558578491,0.9086585640907288,0.948651909828186
207,0,0.06016207121804082,0.09135119387041109,-1.1175833908127548,0.4647629591910807,1.1213106955889096,1.4157713594160395,0.8809528552539512,1.1083007754949248,73.53387451171875,792.9780883789062,534.8737182617188,681.2250366210938,530.7376098632812,0.9451876282691956,0.6174863576889038,0.9149770140647888,0.9926503300666809,0.9974525570869446,0.9979581832885742,0.9984052777290344,0.9803900122642517,0.9936988353729248
207,1,0.0677951823222473,0.098661302345529,-1.0217534114155205,0.4573639580308553,1.0265057653611935,1.4054782452817864,0.8080604371104826,1.1499597505726822,71.726806640625,790.590087890625,535.2057495117188,682.7802734375,528.1543579101562,0.9122333526611328,0.7088500261306763,0.9300737977027893,0.9826274514198303,0.9910852313041687,0.9688831567764282,0.9747264385223389,0.9024481773376465,0.9488976001739502
208,1,0.07344525766407956,0.11733200122364275,-1.0468238251038275,0.457572088709675,1.0533788109299302,1.4012139774771224,0.8053785199854586,1.146632482630459,72.02655029296875,790.6487426757812,536.2461547851562,683.5803833007812,527.8238525390625,0.9204729795455933,0.7128657102584839,0.9401267170906067,0.9826633930206299,0.9920331835746765,0.9654724597930908,0.9734826683998108,0.894823431968689,0.951948881149292
208,0,0.06702988120520308,0.1052856218476241,-1.1467182107778073,0.46261656845396254,1.1515414526178798,1.4178945400569707,0.8913434098752323,1.1026930000663657,73.57421875,793.8240966796875,535.7302856445312,681.1875,530.41357421875,0.9531365036964417,0.6353340744972229,0.9303520917892456,0.9933900833129883,0.9978850483894348,0.9980902075767517,0.9985597729682922,0.9810144901275635,0.9944562315940857
209,1,0.07375259154524581,0.09728556637971444,-1.0404995674022954,0.45644206508144936,1.0450377175921384,1.405859020056935,0.8077917780063414,1.1506137612860359,71.74420166015625,790.4995727539062,535.6929931640625,683.89111328125,527.9768676757812,0.915342390537262,0.6954385042190552,0.9357922077178955,0.9826845526695251,0.9921372532844543,0.9671624302864075,0.9749114513397217,0.8982571363449097,0.9543461203575134
209,0,0.06734520319012702,0.07373748860727783,-1.1423966661557454,0.4684198144397578,1.1447739340454386,1.41663131514107,0.8857571607276179,1.105567065020511,74.0657958984375,793.7483520507812,536.1058959960938,681.029541015625,530.64794921875,0.9493044018745422,0.6260841488838196,0.9241428375244141,0.9928256273269653,0.9974960684776306,0.9978105425834656,0.9982806444168091,0.9797965884208679,0.9935482144355774
210,0,0.06703207194141922,0.08172607236632179,-1.1382262204260016,0.4699387906518695,1.141156465945703,1.4118280929343032,0.8809325381038353,1.1032753180002017,74.40814208984375,794.0103149414062,536.2949829101562,681.14013671875,530.2035522460938,0.9540632963180542,0.6445956826210022,0.931811511516571,0.9933724403381348,0.9977988600730896,0.9979690909385681,0.9984443783760071,0.9802943468093872,0.9940431714057922
210,1,0.07353724286591684,0.09564086379698424,-1.0480798840376537,0.4573332152635498,1.0524346146683958,1.4088261285977506,0.8063627872475445,1.1552359568339694,71.7501220703125,790.5977783203125,535.9342041015625,684.0498657226562,527.9554443359375,0.9235597252845764,0.7155899405479431,0.94256192445755,0.9840587973594666,0.9929827451705933,0.9682679772377014,0.9761391282081604,0.9001255035400391,0.9569976925849915
211,0,0.06497035472179204,0.0759891634351747,-1.1761771279834263,0.4733495105114325,1.178629284105447,1.4118095182274937,0.879192324508534,1.1046388424652775,74.68475341796875,793.8577270507812,535.7840576171875,680.7598266601562,530.248291015625,0.9510157108306885,0.6290802955627441,0.9269816279411316,0.9931093454360962,0.9976679682731628,0.9978991746902466,0.9983730316162109,0.9802737236022949,0.9939047694206238
211,1,0.07180441731109327,0.08895569506480788,-1.0904699620448852,0.45699078388469394,1.094092251049534,1.4337859717782335,0.8257968091681205,1.1720929326788916,71.3026123046875,790.8764038085938,535.7681884765625,684.216064453125,528.8407592773438,0.9230260848999023,0.7092190980911255,0.9417995810508728,0.9845053553581238,0.9930885434150696,0.968989372253418,0.97646164894104,0.9056825041770935,0.9585548639297485
212,1,0.06758758242257443,0.08493392908722971,-1.0326283255092779,0.4577796948372357,1.036115356007375,1.4411295749550699,0.8201385787789673,1.1850009128302796,71.20977783203125,790.5299682617188,535.6412963867188,684.4602661132812,528.5755615234375,0.9140759110450745,0.7010689973831177,0.9325660467147827,0.9833110570907593,0.9919552206993103,0.9683356881141663,0.9750505089759827,0.9043030142784119,0.9537747502326965
212,0,0.060568093005080106,0.07902460270939168,-1.1275783183535235,0.47814087162698377,1.1303440856015203,1.412805592401417,0.867392047674873,1.1151908704572098,74.970703125,793.0518188476562,535.5162963867188,680.5944213867188,530.7117919921875,0.9444220662117004,0.6318455934524536,0.9128767848014832,0.9919267892837524,0.9966678023338318,0.9973102807998657,0.9977207779884338,0.9778642058372498,0.991523027420044
213,0,0.05677576963966613,0.06060498347136815,-1.160010647476435,0.48195564703220717,1.1615927282314842,1.3958068956339398,0.8662206790472529,1.0945038259824276,75.552490234375,793.3369750976562,534.5311889648438,680.6035766601562,530.9607543945312,0.9437517523765564,0.6211726665496826,0.91315758228302,0.9919232726097107,0.9969434142112732,0.997357189655304,0.9978579878807068,0.9778818488121033,0.9922582507133484
213,1,0.06442049297368685,0.05019086860105144,-1.0907783150123302,0.4621910382193551,1.0919324410383944,1.4230063096070351,0.8194236670257685,1.163396669713076,71.7257080078125,790.733642578125,534.5089721679688,684.034912109375,528.9061279296875,0.9105807542800903,0.691690981388092,0.9293359518051147,0.9830194115638733,0.9917814135551453,0.9669358134269714,0.9738151431083679,0.9062473773956299,0.9542895555496216
214,1,0.0635286515718917,0.030370555385537353,-1.1415567776028344,0.461883523389735,1.1419607029689738,1.421873366153409,0.8231066673372677,1.1594047108587076,71.59893798828125,790.8010864257812,534.1726684570312,683.7106323242188,528.865478515625,0.9144120812416077,0.6983509063720703,0.9326431751251221,0.9837934374809265,0.9924131035804749,0.9681639075279236,0.9752183556556702,0.9089046120643616,0.9575011134147644
214,0,0.05584310381924039,0.049218120277330864,-1.174380292681047,0.4830856314323321,1.1754112026015642,1.3859535121123852,0.8625998323683273,1.084798906219392,76.024658203125,793.6358032226562,534.3313598632812,680.7918090820312,530.6987915039062,0.9488930106163025,0.6304818987846375,0.9229705333709717,0.9927191734313965,0.9975542426109314,0.9976896047592163,0.9982330799102783,0.9789924025535583,0.993527352809906
215,0,0.05407582850304201,0.023415296770997726,-1.235938013887643,0.4798732874431157,1.2361597996599816,1.3975455260335985,0.8716160688095301,1.092437149647314,75.53118896484375,793.8360595703125,534.2601318359375,680.8549194335938,530.778564453125,0.9572671055793762,0.6680371165275574,0.9355495572090149,0.9935961961746216,0.9980395436286926,0.9979007244110107,0.998468816280365,0.9798251986503601,0.9943175911903381
215,1,0.06183516749098806,0.005856908471391566,-1.2111942051283797,0.4621536790848366,1.2112083660185846,1.4225693018758254,0.8292403762037192,1.1558822678426153,71.722900390625,791.049560546875,534.2858276367188,683.3320922851562,529.9254150390625,0.9275719523429871,0.7362894415855408,0.9424201250076294,0.9859412312507629,0.993319034576416,0.9702840447425842,0.9766641855239868,0.9130530953407288,0.9584609866142273
216,1,0.05948866731702373,-0.023192408559374645,-1.218451558956557,0.4669250312146642,1.2186722649418296,1.4120073757359006,0.8240678567356299,1.1465936493055116,72.26348876953125,791.6483154296875,534.185546875,683.6610107421875,529.6831665039062,0.9516117572784424,0.8181570768356323,0.9605199694633484,0.9898200631141663,0.9952130317687988,0.9744883179664612,0.9802015423774719,0.9197766780853271,0.9625434875488281
216,0,0.055156522259667266,-0.008871266528715028,-1.2045374386619445,0.4836604702849682,1.2045701060993093,1.3905395735296981,0.8740873107681555,1.0814673729272875,75.4505615234375,794.1431884765625,533.5203247070312,681.5966186523438,529.6019287109375,0.9704312682151794,0.738914966583252,0.9520167708396912,0.9960978031158447,0.9989547729492188,0.9987932443618774,0.9991835951805115,0.9822425842285156,0.995649516582489
217,0,0.05009318610897122,-0.013118326978266802,-1.2023244846905075,0.49218235491700035,1.20239604830896,1.3740007625541248,0.864450549184339,1.067990329316802,75.5848388671875,793.5626220703125,531.9674682617188,681.4750366210938,529.6240844726562,0.9731668829917908,0.7700444459915161,0.9553237557411194,0.9962677359580994,0.9989939332008362,0.9987685084342957,0.9991708993911743,0.9816162586212158,0.9954330921173096
217,1,0.05414231100413502,-0.03762037973327756,-1.2214607578304282,0.4767654000076701,1.222039964931982,1.407198565070257,0.8285486456831969,1.1374159060222124,72.37103271484375,791.6141967773438,533.1470947265625,682.8229370117188,529.910888671875,0.9589192271232605,0.8476928472518921,0.965832531452179,0.9911113381385803,0.9957796335220337,0.9763778448104858,0.9816662669181824,0.9220237731933594,0.9633501172065735
218,0,0.044664346385051755,-0.014876428077449474,-1.2076074393021745,0.49469519389601324,1.207699066642969,1.3761168899372187,0.8520731807578906,1.0805873353892383,75.7235107421875,793.2001342773438,533.2645874023438,681.6213989257812,529.9514770507812,0.9806680679321289,0.8326979875564575,0.9667280912399292,0.9970320463180542,0.9992086291313171,0.9989026784896851,0.9992713332176208,0.9819372892379761,0.9955381751060486
218,1,0.048543429232544004,-0.04100231222970269,-1.2511397902752408,0.48314889097222435,1.2518114731932104,1.402482187647039,0.8112895745396889,1.1440128989265963,72.9075927734375,790.6865234375,534.0239868164062,681.8753051757812,530.8366088867188,0.9688518643379211,0.8846114873886108,0.9732506275177002,0.9930483102798462,0.9966245889663696,0.9793717265129089,0.9838407635688782,0.9268463253974915,0.9647416472434998
219,0,0.04235551886856905,-0.015044700878263952,-1.2623044964510164,0.5000309432205807,1.2623941479525997,1.3696773093326666,0.8444133748178488,1.0784164242673162,75.93743896484375,792.6742553710938,533.31103515625,681.9415893554688,529.879638671875,0.9832094311714172,0.8529104590415955,0.970848560333252,0.997336208820343,0.9992874264717102,0.9989697933197021,0.9993171691894531,0.9819728136062622,0.9955405592918396
219,1,0.04545315770929618,-0.031318822318874305,-1.2929791642428008,0.493589761182387,1.2933584142833157,1.3736015210455876,0.7781418046104198,1.1319348349337037,73.96893310546875,789.0211181640625,534.2784423828125,681.8001708984375,530.321044921875,0.9720249176025391,0.8970090746879578,0.9759566783905029,0.9931506514549255,0.996703565120697,0.9770759344100952,0.9821696877479553,0.9213616251945496,0.9623739719390869
220,0,0.0438830466647149,-0.023426025871947566,-1.3236665631312987,0.498415106230898,1.3238738418142333,1.3662655717455938,0.8266140771876442,1.0878376624903798,75.26080322265625,790.6278686523438,532.8333129882812,681.7359008789062,529.7246704101562,0.981913149356842,0.8411844968795776,0.968329668045044,0.9972246885299683,0.9992808699607849,0.9989868998527527,0.9993377327919006,0.9818894863128662,0.9956175088882446
220,1,0.04737238048529082,-0.03328207217017598,-1.339344882334849,0.4954139816967668,1.339758340210835,1.3603805306081496,0.7459812633521475,1.1376058820106567,73.4246826171875,785.998779296875,534.171875,682.1863403320312,529.262939453125,0.9705543518066406,0.8903656005859375,0.9745485782623291,0.9927511215209961,0.9965805411338806,0.9751876592636108,0.9809381365776062,0.9178706407546997,0.961542010307312
221,1,0.040072336942471566,-0.0420930303628493,-1.3648786716697379,0.5017363767835407,1.3655275945890204,1.3442388036406754,0.7148666540571212,1.138395198571432,73.89666748046875,784.536865234375,534.1871337890625,682.685546875,530.3442993164062,0.9757225513458252,0.9179067015647888,0.9763174057006836,0.9942623972892761,0.996932864189148,0.9785817265510559,0.9826292991638184,0.9293035864830017,0.9622492790222168
221,0,0.036866486897600775,-0.018640262576717057,-1.3412492729927483,0.5052615840500966,1.3413787950062819,1.366163486325624,0.7911673194480032,1.1137580275835703,75.03387451171875,789.0961303710938,533.9005737304688,681.9573974609375,529.8212890625,0.9850838780403137,0.8869633078575134,0.9707667231559753,0.99753737449646,0.9992393255233765,0.998946487903595,0.9992590546607971,0.9813188314437866,0.9944763779640198
222,0,0.031203062125821964,-0.0011231720482873687,-1.2765260575130042,0.5237974369214438,1.276526551633433,1.294018423563125,0.7328636765138875,1.0664869957797625,77.73590087890625,787.234375,533.0476684570312,681.4168090820312,529.4844970703125,0.9851658940315247,0.9126303791999817,0.9723238348960876,0.9973657727241516,0.9989057779312134,0.9984046816825867,0.9987543821334839,0.9710873365402222,0.9890157580375671
222,1,0.03400059335134207,-0.029048328548992988,-1.368080820698593,0.5046495255215312,1.3683891761318583,1.3244545788103508,0.7028037083637063,1.1226071792225125,74.26861572265625,783.7293701171875,533.26416015625,682.6429443359375,530.8921508789062,0.976213812828064,0.9256229400634766,0.9749029278755188,0.9943556785583496,0.9967003464698792,0.9785585403442383,0.981904923915863,0.9279125928878784,0.957220196723938
223,0,0.01981571425087001,0.021128893805553436,-1.280545193754962,0.520852351844044,1.28071949442584,1.2939782589081288,0.7142095626852437,1.0790201272895077,77.57330322265625,785.617919921875,533.2710571289062,681.9898681640625,530.0264892578125,0.9852445125579834,0.9300133585929871,0.9679149389266968,0.9976188540458679,0.9986532926559448,0.9985539317131042,0.998694121837616,0.9714012145996094,0.9847583770751953
223,1,0.022241452688324587,-0.0036904930790588332,-1.3707970735463997,0.5098740465072026,1.3708020413548194,1.309685519506047,0.6782680420728371,1.1203698599598728,75.29144287109375,782.2709350585938,533.8819580078125,682.5891723632812,530.6115112304688,0.9766029119491577,0.9365491271018982,0.9706857204437256,0.994245707988739,0.996112048625946,0.9763476252555847,0.9788503050804138,0.924893856048584,0.9476892948150635
224,0,0.014069338547685776,0.03093253219617419,-1.3449252216613945,0.5224445617626484,1.34528089015232,1.3075551347912753,0.7017350061659401,1.103298876841773,77.16082763671875,784.5162963867188,535.647216796875,681.7833862304688,529.1485595703125,0.9863669276237488,0.9400691986083984,0.9684275984764099,0.9977015852928162,0.9985930323600769,0.9984970092773438,0.9985931515693665,0.9705204367637634,0.9826942086219788
224,1,0.016040286166417356,0.00029533276200264207,-1.432434563164856,0.5097885083577495,1.4324345936100302,1.3393297668420847,0.6757323884863522,1.1563693023856187,74.70965576171875,781.5504150390625,536.8060302734375,682.6238403320312,529.73583984375,0.9801732897758484,0.9486585259437561,0.972814679145813,0.9948521256446838,0.9963578581809998,0.9767285585403442,0.9789053201675415,0.9246726632118225,0.9450243711471558
225,1,0.010669386765775227,0.009253050012119254,-1.4291617516360993,0.5173388092822215,1.429191705571401,1.336128889620344,0.6627526864345157,1.1601720933990467,75.543212890625,780.434326171875,538.1040649414062,682.4148559570312,530.2437744140625,0.9801670908927917,0.9510714411735535,0.9712966084480286,0.9947572946548462,0.9960832595825195,0.9753187298774719,0.9771336317062378,0.9224162101745605,0.9397621154785156
225,0,0.00895339045008175,0.04449992610843216,-1.3443108575253284,0.5265523963788858,1.3450471832185442,1.295905968407091,0.6846475997751195,1.1002863005033228,78.05792236328125,783.1254272460938,536.4989013671875,681.9618530273438,529.1685791015625,0.986286461353302,0.9437769055366516,0.9666110277175903,0.9977359771728516,0.998462438583374,0.9984676241874695,0.9984918832778931,0.9703262448310852,0.9804226756095886
226,1,0.007374977939642863,0.009623529978019862,-1.440469925716761,0.5199035379039787,1.4405020719262047,1.313018233337826,0.6549808275441609,1.1379881355388342,76.085205078125,780.117431640625,537.62646484375,682.6800537109375,530.38037109375,0.9823852181434631,0.9586995840072632,0.972929060459137,0.9949197173118591,0.9960993528366089,0.9729806184768677,0.974814236164093,0.9158681631088257,0.9330704212188721
226,0,0.006183780392544695,0.046165685292051985,-1.3595508830053629,0.5275516216371986,1.360334471363255,1.2683248287602302,0.6761513992797501,1.0730643766809629,78.99615478515625,782.9661865234375,536.2474975585938,682.23291015625,529.1680908203125,0.9872680306434631,0.9510895609855652,0.9676049947738647,0.9978756904602051,0.9984207153320312,0.9984962940216064,0.9984583854675293,0.9693437814712524,0.9777359962463379
227,1,0.008123815600498015,0.003499330483207117,-1.4204533596519946,0.522941588970892,1.4204576699995215,1.3057894528844183,0.651813430642282,1.1314704357156342,76.62249755859375,779.9298095703125,537.4168090820312,682.9031372070312,530.9061279296875,0.9820365309715271,0.9578309655189514,0.9726461172103882,0.9948728680610657,0.9960485100746155,0.9724297523498535,0.974207878112793,0.9151270389556885,0.9321887493133545
227,0,0.0068112955167769565,0.03637195716573935,-1.345014520218502,0.5327263409652037,1.3455062165841798,1.2646221146096102,0.6769431830223247,1.068183982148808,79.4874267578125,782.9943237304688,536.1768798828125,682.7002563476562,529.4381103515625,0.986911416053772,0.9501420259475708,0.9668673872947693,0.9978271126747131,0.9983572363853455,0.9984390139579773,0.9983886480331421,0.9687445759773254,0.9770179986953735
228,1,0.007105872071977253,-0.00632089327318219,-1.3995011856409079,0.5220174179153112,1.3995154598296076,1.3009374478067588,0.6666148397271829,1.1171673547689556,76.5487060546875,780.5797119140625,535.653076171875,682.5919189453125,530.2808227539062,0.9813674092292786,0.9561384320259094,0.9718421101570129,0.9948140382766724,0.9960173964500427,0.973218560218811,0.9749420285224915,0.9170557856559753,0.9338471293449402
228,0,0.00611679588788899,0.026247467997176154,-1.3296160122551244,0.5326931249973806,1.3298750578988545,1.264176905582467,0.6893730476470253,1.0596735581234034,79.3673095703125,783.496826171875,534.81640625,682.5736694335938,529.21533203125,0.9864034652709961,0.9481098055839539,0.9656252861022949,0.9977854490280151,0.998349666595459,0.9984536170959473,0.9984133243560791,0.9692042469978333,0.977590024471283
229,0,0.006002066107720397,0.024806427959367064,-1.3376776454716777,0.5289992468291528,1.3379076358488857,1.2755079457572467,0.6973650558907636,1.0679899337130212,78.99298095703125,783.765625,534.9613647460938,682.6488647460938,529.0164794921875,0.9866114854812622,0.9490579962730408,0.9658758044242859,0.9977772831916809,0.9983285069465637,0.998433530330658,0.9983842372894287,0.9697217345237732,0.977695882320404
229,1,0.00714490834543163,-0.005184984285509165,-1.4028980073706545,0.5209489928028952,1.402907588954666,1.305715003417574,0.6735821062203857,1.1185610472072878,76.514892578125,780.9719848632812,535.5852661132812,682.8658447265625,530.4814453125,0.9816434979438782,0.95689857006073,0.9719589352607727,0.9950031638145447,0.9960958361625671,0.9739524722099304,0.9754118323326111,0.9203562140464783,0.9351344704627991
230,1,0.007206426305992507,-0.0008779848689413852,-1.4063939507721315,0.5208497138729861,1.406394224826693,1.3036518533831876,0.6691890423653664,1.118791392712486,76.3995361328125,780.58544921875,535.5059814453125,682.496826171875,530.102294921875,0.9816500544548035,0.9570095539093018,0.9718307852745056,0.9950169920921326,0.996117353439331,0.9742668271064758,0.9757830500602722,0.9209901690483093,0.9360538125038147
230,0,0.006073027958130493,0.028523621026964846,-1.340955207115743,0.5297299277460119,1.3412585375114354,1.275926525916888,0.6953216681893395,1.0698206752931694,78.89910888671875,783.5433349609375,534.9636840820312,682.1976318359375,528.883056640625,0.9866705536842346,0.9493887424468994,0.9658910036087036,0.9977794289588928,0.9983118772506714,0.9984355568885803,0.9983776807785034,0.9698216319084167,0.9775162935256958
231,0,0.007108193841350048,0.03108617516240871,-1.3510895273153911,0.5270639202341764,1.351447098893462,1.2865247220081468,0.6968528560033025,1.0814536316542565,78.657470703125,783.5569458007812,535.6404418945312,681.2943725585938,528.9112548828125,0.986815869808197,0.9493129849433899,0.9662997722625732,0.9978087544441223,0.9983604550361633,0.9984784722328186,0.9984331727027893,0.9699963331222534,0.9779905080795288
231,1,0.008399069111154385,0.004160827329057715,-1.41492031897947,0.520226189705307,1.4149264367962835,1.3132100533789755,0.6650659698833835,1.1323461926454674,76.476806640625,780.3966064453125,536.5992431640625,681.4907836914062,530.0072021484375,0.9817496538162231,0.9572936296463013,0.9723067879676819,0.9948800802230835,0.9960343241691589,0.9733052253723145,0.9749626517295837,0.9175025224685669,0.933717668056488
232,0,0.007041179244589024,0.033858137235239505,-1.3465231225264305,0.5282745218561112,1.3469487343456577,1.2812755960059408,0.6992267324762294,1.0736615525904771,78.82098388671875,783.70654296875,535.0942993164062,681.7277221679688,529.135498046875,0.9866943359375,0.9489952921867371,0.9659215807914734,0.9977772831916809,0.998340368270874,0.9984586238861084,0.998412013053894,0.9700090289115906,0.9779269099235535
232,1,0.00835254442440386,0.0036714087204417953,-1.407348391643474,0.5216249702812673,1.407353180514211,1.3135355279143939,0.6715651962716548,1.1288825316435536,76.64703369140625,780.8336791992188,536.404296875,681.9953002929688,530.6115112304688,0.9815686345100403,0.9568613171577454,0.972069263458252,0.9949126243591309,0.9960189461708069,0.9735165238380432,0.9750128388404846,0.9184059500694275,0.933508574962616
233,1,0.01026278267657578,0.0061816458368182505,-1.4204375462996153,0.5222106177726988,1.4204509972832302,1.3131184068274908,0.6675293330465745,1.1307893437203782,76.6241455078125,780.3848876953125,536.7059326171875,682.6727905273438,530.462158203125,0.9813543558120728,0.9550936818122864,0.9727449417114258,0.9948123693466187,0.9960553646087646,0.9730705618858337,0.9749147295951843,0.9167234301567078,0.9342864751815796
233,0,0.008526187106996966,0.03535149675275406,-1.3474892098689162,0.5292650136369175,1.3479528549010222,1.2727558714310907,0.693821797797989,1.067013974211529,79.23443603515625,783.4484252929688,535.186279296875,681.9443969726562,528.9815673828125,0.9867820739746094,0.9476287961006165,0.9666740298271179,0.9978004097938538,0.9984257221221924,0.998494029045105,0.9984787106513977,0.9699748158454895,0.9788687825202942
234,1,0.011830212641297225,0.007401615783302082,-1.4231952150719167,0.520856855163338,1.423214461744892,1.317813225252082,0.672008042996024,1.1335946748278012,76.46282958984375,780.6884155273438,536.7049560546875,681.3848876953125,529.848876953125,0.9813978672027588,0.9548550844192505,0.9733722805976868,0.9948137998580933,0.9961076378822327,0.9740602970123291,0.9759690165519714,0.9171701669692993,0.9356197714805603
234,0,0.01021842107712209,0.0369397938323422,-1.3612145154935957,0.527050752812494,1.3617156478350538,1.2798426090959139,0.6993786430656505,1.0718519569796408,78.700927734375,783.71044921875,534.9397583007812,680.9666748046875,528.6217041015625,0.9868595600128174,0.9467986822128296,0.9672515392303467,0.9977906942367554,0.998458743095398,0.9985163807868958,0.9985191226005554,0.9703773856163025,0.9797449707984924
235,1,0.015522291441061646,0.009090800110288387,-1.4302765601211573,0.5166592445634494,1.4303054502723032,1.3382284612387403,0.6836917039955565,1.150400394800462,76.37115478515625,781.486083984375,537.6715087890625,681.4982299804688,530.114501953125,0.9799897074699402,0.9498422741889954,0.9728877544403076,0.9944791793823242,0.9959969520568848,0.974065363407135,0.9763178825378418,0.9141990542411804,0.9357253313064575
235,0,0.012834933702683198,0.04350244347307985,-1.3709468681518862,0.5129072762060317,1.3716368972448918,1.292748927125616,0.7070570578735298,1.0822523298638165,78.57098388671875,784.1578369140625,535.196044921875,680.685791015625,529.0221557617188,0.9863505959510803,0.9409676194190979,0.967271089553833,0.9976860284805298,0.9985783100128174,0.9985201954841614,0.9986100196838379,0.9702523946762085,0.9821443557739258
236,1,0.021076040829080638,0.011108549542652927,-1.4234362360902146,0.5180539001709532,1.4234795811979948,1.3255988909649852,0.6630938141870372,1.147832310624895,75.98248291015625,780.2615966796875,537.165771484375,681.0985107421875,529.2705688476562,0.9799182415008545,0.9477975368499756,0.9739823341369629,0.9945911765098572,0.9962210059165955,0.974910318851471,0.9774314761161804,0.9167218208312988,0.9404870867729187
236,0,0.018327318483947645,0.0390133836863631,-1.3538123956581374,0.528063693530829,1.3543744115805956,1.2835874770508857,0.6904289420278162,1.0820834936603592,78.67626953125,783.3746948242188,535.4453125,680.5392456054688,528.4021606445312,0.9864266514778137,0.9396111965179443,0.9686241745948792,0.997628390789032,0.9985622763633728,0.9984409213066101,0.9985463619232178,0.9695936441421509,0.9822512269020081
237,1,0.029445984780781097,0.013165258684164674,-1.3919354359526546,0.5180058511802974,1.391997694644976,1.334386186360799,0.6669617528197791,1.1557458693960732,76.01312255859375,780.6736450195312,536.8741455078125,681.5361938476562,529.5309448242188,0.9762412905693054,0.933793842792511,0.9724653959274292,0.993901252746582,0.9959582686424255,0.9750844836235046,0.9779415130615234,0.915553629398346,0.9426245093345642
237,0,0.025054402232520746,0.03812871780798621,-1.327312046567538,0.5288231161099773,1.327859581463713,1.287872467890431,0.6921088740380564,1.0860942868959227,78.95538330078125,783.5808715820312,535.172607421875,680.8104858398438,528.9309692382812,0.9850834608078003,0.9258307218551636,0.9682084321975708,0.9973932504653931,0.9986429810523987,0.9983891248703003,0.998599112033844,0.9698985815048218,0.9851129055023193
238,1,0.04205687899412895,0.008315419286122512,-1.4167670611004313,0.5117334814001411,1.4167914637013652,1.336534372256514,0.6677201317088377,1.1577883890996,75.18359375,780.2061767578125,536.3301391601562,682.1553955078125,529.4444580078125,0.9732966423034668,0.9140309691429138,0.9736759662628174,0.9933962821960449,0.9961607456207275,0.9750573039054871,0.9790244102478027,0.9153624773025513,0.9501202702522278
238,0,0.03779417945959286,0.02463915657307682,-1.3331752293471848,0.5283946667813622,1.333402894920193,1.2843128569728486,0.6992781203364145,1.0772509573003552,79.13909912109375,783.8369750976562,534.920166015625,680.9038696289062,528.8131103515625,0.9835271239280701,0.8976005911827087,0.9699998497962952,0.9970743656158447,0.9988597631454468,0.9983870983123779,0.9987711310386658,0.9697098731994629,0.9891754984855652
239,1,0.04757519300780992,0.011391065553003931,-1.416541280494908,0.5096610199563362,1.4165870801756546,1.3355987393209372,0.6779891669606147,1.1507192020470192,74.92315673828125,780.4000854492188,536.064453125,682.5613403320312,530.3228149414062,0.9665810465812683,0.8854737281799316,0.9695314168930054,0.9920864701271057,0.995618999004364,0.9734833240509033,0.9780659079551697,0.9130937457084656,0.951130747795105
239,0,0.044337281365779205,0.0172487937422301,-1.3295564694804476,0.5267553980343197,1.3296683520422956,1.2798212939338087,0.7102904250212326,1.0646267216867915,79.3388671875,784.2001953125,534.5751953125,681.2880249023438,529.6896362304688,0.9803967475891113,0.8619238138198853,0.9673430919647217,0.996733546257019,0.9989136457443237,0.9984336495399475,0.9988844990730286,0.9704172611236572,0.9911337494850159
240,0,0.05075697031688448,0.008606542416821805,-1.3440127775874964,0.5214231992526733,1.3440403338035767,1.287293606059501,0.7223068780110083,1.0655503752426088,78.58685302734375,784.3651733398438,534.4215087890625,681.3890380859375,530.1577758789062,0.9778108596801758,0.826943039894104,0.9656381607055664,0.9964736104011536,0.9990094900131226,0.9985036849975586,0.9990112781524658,0.9709237217903137,0.9927351474761963
240,1,0.05326185924824608,0.009254091113405218,-1.4358313863601564,0.504138251042843,1.4358612078676907,1.337919424247873,0.6822745586174762,1.1508821887765435,74.1397705078125,780.1263427734375,536.1612548828125,682.7796020507812,530.5889282226562,0.9648512601852417,0.8699048161506653,0.9699817895889282,0.991532027721405,0.9957483410835266,0.9728493094444275,0.9785431623458862,0.9091071486473083,0.9543938040733337
241,0,0.05724646296516467,-0.0074225325231995695,-1.3624385203586782,0.5187593291488051,1.3624587390986203,1.302811341850758,0.7425966309782303,1.0704520709096483,78.03173828125,784.9370727539062,534.59716796875,681.3782348632812,529.2644653320312,0.9731815457344055,0.774040699005127,0.9615108370780945,0.9960009455680847,0.9990205764770508,0.9985130429267883,0.9990746974945068,0.9708097577095032,0.9937635064125061
241,1,0.06070315558817833,0.0071140179737434715,-1.4532414169181955,0.49867638551352056,1.4532588293549553,1.3499631655889415,0.6963337619921245,1.1565119283244816,73.42388916015625,780.3408813476562,536.2914428710938,682.9681396484375,529.5767211914062,0.9610118269920349,0.8418480753898621,0.9689368009567261,0.9904143810272217,0.9957168698310852,0.9709926247596741,0.9782736897468567,0.9039331674575806,0.9579742550849915
242,1,0.0651647250281148,0.00465339614957237,-1.444095139451045,0.4946633846801992,1.4441026368931877,1.357810743043161,0.7012658779440922,1.1627021038747296,72.8345947265625,780.805908203125,536.4959716796875,683.4476928710938,528.7340698242188,0.9558699727058411,0.8192665576934814,0.9649924635887146,0.9897099137306213,0.9954745173454285,0.9716904759407043,0.978927493095398,0.907147228717804,0.9602904915809631
242,0,0.06126371175615337,-0.01016966659832634,-1.340747606653948,0.5212264500896607,1.3407861749238807,1.3043270454544267,0.7394519836171022,1.074467219336452,77.9979248046875,785.095703125,535.0357055664062,681.3832397460938,528.5114135742188,0.9687535166740417,0.7372190952301025,0.9564591646194458,0.9955497980117798,0.9989320635795593,0.9984390139579773,0.9990360736846924,0.9703101515769958,0.9938528537750244
243,1,0.06590725352758307,0.013314802930415141,-1.4281352358250752,0.49779445471508665,1.4281973028199637,1.3505677580819457,0.6923330805197403,1.1596155288665895,73.2318115234375,781.0318603515625,536.8133544921875,683.9808349609375,528.812744140625,0.9509437084197998,0.8060216903686523,0.9606881737709045,0.9888196587562561,0.9948912858963013,0.9704686999320984,0.9775568842887878,0.9050841927528381,0.9573830962181091
243,0,0.06049715483677748,-0.0047319556753519015,-1.3887634264992756,0.5008923694599217,1.388771488109733,1.3636324443240615,0.7716252640780943,1.1243166346939932,75.4046630859375,785.8203125,535.8529052734375,682.3147583007812,529.083740234375,0.9694310426712036,0.7148066759109497,0.9501702189445496,0.996299684047699,0.9991695880889893,0.9990707635879517,0.9994213581085205,0.9823676347732544,0.9963405728340149
244,1,0.06765286440156411,0.015268302323894156,-1.4243018602327813,0.4975412325719786,1.4243836948373199,1.3496984710743916,0.6861542040994003,1.1622729331001684,73.19036865234375,780.8482055664062,537.0759887695312,684.1154174804688,528.9735107421875,0.9455984234809875,0.7804340720176697,0.9573900699615479,0.9875982403755188,0.9945675134658813,0.9694418907165527,0.9771780967712402,0.9012544751167297,0.9575057029724121
244,0,0.061865774160521504,-0.006961904329907596,-1.383031907310688,0.501721879815152,1.3830494296124554,1.3664867782867596,0.7692001140472519,1.1294322909241716,75.3525390625,785.8568115234375,536.171142578125,682.399658203125,529.018798828125,0.9633893966674805,0.6591618657112122,0.9425266981124878,0.9959114789962769,0.9991428852081299,0.9990752935409546,0.9994400143623352,0.9825584888458252,0.9966440200805664
245,1,0.06808572660070908,0.018087263009018303,-1.4134682382877934,0.4996642885535176,1.413583959208492,1.3373113556702503,0.6715869104655982,1.1564483056738313,73.49285888671875,780.3519897460938,537.168212890625,684.561767578125,528.5289916992188,0.9458358883857727,0.7795082330703735,0.9582400918006897,0.9871374368667603,0.994523286819458,0.9683351516723633,0.9766898155212402,0.8961217403411865,0.9567809104919434
245,0,0.06240834447971895,-0.004980419963579521,-1.3665350587401093,0.5027155827668468,1.366544134431394,1.3537125027986983,0.7565645496591623,1.1225629703640436,75.748291015625,785.5419921875,536.4034423828125,682.4603271484375,528.6422119140625,0.9632525444030762,0.6574444770812988,0.9430122375488281,0.9958692193031311,0.9991384744644165,0.9990741014480591,0.9994413256645203,0.9821484088897705,0.9965960383415222
246,1,0.06713309250631486,0.018658417967500812,-1.4153580799845835,0.4996737724106245,1.4154810599717316,1.3305749541464291,0.6650401567562944,1.152454466997866,73.48065185546875,780.1582641601562,536.8616943359375,684.6463012695312,528.4636840820312,0.9428987503051758,0.7685427665710449,0.9562575817108154,0.9864815473556519,0.9943585991859436,0.9682278633117676,0.976856529712677,0.8932440876960754,0.9565277695655823
246,0,0.06170722502753797,-0.004166982499883075,-1.3642079789953439,0.4990816040653351,1.3642143430186162,1.352998652874728,0.755183831059603,1.1226320572596213,75.6900634765625,785.5889282226562,536.2589721679688,682.4573974609375,528.6882934570312,0.9608243703842163,0.6386830806732178,0.9390615820884705,0.9958286881446838,0.9991494417190552,0.9991348385810852,0.9994819760322571,0.9827497005462646,0.9967664480209351
247,1,0.06588949686484043,0.02093351118898483,-1.405284441177708,0.5020039224499195,1.4054403482563187,1.32825082978688,0.6554075624948957,1.1552883596115884,73.98797607421875,780.4585571289062,537.601318359375,684.4240112304688,528.358154296875,0.9424247145652771,0.7745870351791382,0.9552426934242249,0.9860880970954895,0.9939823746681213,0.9662950038909912,0.9749991297721863,0.8897908329963684,0.9529883861541748
247,0,0.060525410504521426,0.003523879707761356,-1.3592015800324442,0.49347826111114934,1.3592061480477815,1.345897416846056,0.7467116737486398,1.119759587125911,76.11468505859375,785.85693359375,536.411865234375,681.941650390625,528.6788330078125,0.9626664519309998,0.6620913147926331,0.9410164952278137,0.9957973957061768,0.999086856842041,0.999055802822113,0.9994196891784668,0.9818879961967468,0.9963721036911011
248,1,0.065433490384232,0.011273773607474648,-1.4159168538429845,0.4986893306778156,1.4159617349942646,1.3259179981828568,0.6536163793676321,1.15362219401656,73.4775390625,780.581298828125,536.7210083007812,684.5020141601562,527.6986694335938,0.939620852470398,0.763047993183136,0.9527295231819153,0.985988199710846,0.9940617680549622,0.9678987264633179,0.9764180779457092,0.8944669365882874,0.9561560750007629
248,0,0.06244740373014712,-0.020206012215704873,-1.3286619980841194,0.5191074836446439,1.3288156335935193,1.3001952674343806,0.7219306979751124,1.0813527642633218,77.6048583984375,785.707763671875,535.461669921875,681.8198852539062,527.7929077148438,0.958037257194519,0.669963002204895,0.9424541592597961,0.9946171641349792,0.9987168312072754,0.9983330368995667,0.998969554901123,0.9696907997131348,0.9937312006950378
249,0,0.062319679819997365,-0.017260245657523213,-1.3433663080446567,0.5186457384737195,1.3434771876253386,1.3059361956087878,0.7210586357636898,1.08882679558861,77.36431884765625,785.923095703125,535.8179321289062,682.170166015625,527.7706909179688,0.9562040567398071,0.6603817939758301,0.9400396943092346,0.9944057464599609,0.9986516833305359,0.9982477426528931,0.9989122152328491,0.9696290493011475,0.9936736822128296
249,1,0.06520733327075803,0.013892546036450387,-1.4179646194854483,0.49888237490523263,1.4180326741467868,1.3305250015626817,0.6512065541252763,1.1602701425304618,73.47918701171875,780.7767333984375,536.9931640625,684.8046264648438,527.727783203125,0.9359030723571777,0.7482291460037231,0.9500789642333984,0.985450267791748,0.9939893484115601,0.9681848287582397,0.9769467711448669,0.8957737684249878,0.9582532048225403
250,0,0.061846312499554475,-0.021861725762722873,-1.330633900149618,0.5169846902838178,1.3308134772689626,1.3107264663163445,0.718971303291991,1.0959398407507353,77.05987548828125,785.8275756835938,536.1610107421875,682.11767578125,527.9166259765625,0.9543660879135132,0.6513205766677856,0.9369220733642578,0.9944466352462769,0.9986394047737122,0.9983317255973816,0.9989534616470337,0.9707208871841431,0.9937844276428223
250,1,0.06418727990191876,0.010406566049608266,-1.4079755928862803,0.49797444826549175,1.4080140506331666,1.3301152152080158,0.6481556082510094,1.1615079824179555,73.33087158203125,780.7628173828125,537.0357055664062,684.5589599609375,528.0706787109375,0.934357225894928,0.745505154132843,0.9486825466156006,0.9852723479270935,0.9938649535179138,0.9689741730690002,0.9774094820022583,0.8950847387313843,0.9574309587478638
251,0,0.06380040340177834,-0.029318041517692073,-1.3403619189990812,0.516808507689542,1.34068252075625,1.31091793596919,0.7244085053979982,1.0925832472414905,76.9215087890625,786.1254272460938,536.0341796875,682.29833984375,527.5723876953125,0.9568772315979004,0.6540022492408752,0.9422494173049927,0.9944778680801392,0.998768150806427,0.9983036518096924,0.9989834427833557,0.9702911972999573,0.9942828416824341
251,1,0.06576709287574281,0.006957334579688856,-1.4167110402617347,0.4968674129434196,1.4167281235663884,1.3254715640976207,0.6500333845229351,1.1551326617480135,73.1298828125,780.789794921875,536.6290283203125,684.8153686523438,527.83447265625,0.9403728246688843,0.7582897543907166,0.9542971849441528,0.9860885739326477,0.9944562911987305,0.9691187143325806,0.9779897332191467,0.8943193554878235,0.9593126773834229
252,1,0.06674753625323032,0.011518685644658088,-1.4269395310847182,0.49586230541970405,1.4269860214771748,1.3298438536184687,0.6561985324638807,1.1566711550821471,72.9326171875,781.1183471679688,536.7752685546875,685.0636596679688,527.6371459960938,0.9394184947013855,0.7508677840232849,0.9540567398071289,0.9858635067939758,0.9944583177566528,0.969021737575531,0.9780781865119934,0.894494891166687,0.9601563811302185
252,0,0.06555473316148133,-0.028778298154717847,-1.353901205303591,0.5152682763832541,1.35420702411677,1.3139200275414606,0.7289462685995763,1.0931711559812154,76.525390625,786.2322998046875,535.7966918945312,682.5022583007812,527.2940673828125,0.9550568461418152,0.6370859742164612,0.9408566355705261,0.9942750334739685,0.9987659454345703,0.9982733726501465,0.9989805817604065,0.9702717065811157,0.994491696357727
253,0,0.06414373766136519,-0.02603636549421197,-1.3479764439346005,0.5146992806152567,1.3482278686226299,1.3138158015336654,0.7315492256147065,1.0913054984109953,76.45697021484375,786.4603271484375,535.366455078125,682.8071899414062,527.4682006835938,0.952991247177124,0.6295608878135681,0.9375572800636292,0.9941461086273193,0.9986997842788696,0.9982663989067078,0.9989602565765381,0.9706797003746033,0.9943853616714478
253,1,0.06506485765139453,0.013487662227848186,-1.4166335973852664,0.49592699650690714,1.4166978034404845,1.3321937701176936,0.6615781833160034,1.1563107491071294,72.9041748046875,781.5614013671875,536.443359375,685.1663208007812,527.9487915039062,0.9377322793006897,0.7482892274856567,0.952411949634552,0.9857200980186462,0.9942741990089417,0.9692821502685547,0.977994978427887,0.8953969478607178,0.9592627882957458
254,1,0.06400267011067391,0.011980320915811108,-1.4127775013861459,0.4958775064190333,1.4128282968967345,1.3318751849735895,0.6602912330249473,1.1566792969266926,72.8734130859375,781.57275390625,536.3851318359375,684.99560546875,527.8843994140625,0.9364549517631531,0.7485120296478271,0.9508290886878967,0.9854921698570251,0.99403315782547,0.9692019820213318,0.9776515364646912,0.8955400586128235,0.9579548835754395
254,0,0.06315339486184796,-0.025517691308911215,-1.3357859401069996,0.5157034521076335,1.3360296517507677,1.311002343178661,0.7298466466108805,1.0890596936122428,76.528076171875,786.4583740234375,535.2310791015625,682.873291015625,527.3967895507812,0.9522737264633179,0.6291179656982422,0.9359374642372131,0.9942432045936584,0.9986850619316101,0.9983205199241638,0.9989782571792603,0.9711613059043884,0.9943143725395203
255,1,0.06368667343500346,0.012650038207902885,-1.407488330477854,0.49677927355388385,1.407545176503404,1.3309237145240413,0.6541707713309324,1.159059332311666,72.92352294921875,781.57568359375,536.3809814453125,684.9552001953125,528.1400756835938,0.9322894215583801,0.7363201379776001,0.9474827647209167,0.9848877191543579,0.9937825798988342,0.9691503643989563,0.977616012096405,0.8955218195915222,0.9579833745956421
255,0,0.06292608908389799,-0.023919656390907228,-1.336639610350737,0.5165658914735695,1.336853618733341,1.315565599677181,0.7294234043385357,1.0948307377202933,76.46600341796875,786.77197265625,535.3449096679688,682.6914672851562,527.449951171875,0.9497366547584534,0.618533730506897,0.9318660497665405,0.9940884113311768,0.9986328482627869,0.9983256459236145,0.9989737272262573,0.9713354110717773,0.9942506551742554
256,1,0.06395192240130357,0.014338962294769315,-1.4016231082975599,0.49719685842818256,1.4016964520014326,1.3277058727769644,0.6475519538530001,1.159085567017208,72.966552734375,781.1672973632812,536.360595703125,684.6422119140625,528.4260864257812,0.9315547943115234,0.7329421639442444,0.9474110007286072,0.9844769239425659,0.9936999082565308,0.9687808156013489,0.9775026440620422,0.8931452631950378,0.9576760530471802
256,0,0.06268667271064468,-0.021063475276766254,-1.3222748664537767,0.5196080258148821,1.3224426234986861,1.3066877468360305,0.7218158472467985,1.0892266753962685,76.81597900390625,786.4595947265625,535.2261962890625,682.415771484375,527.6048583984375,0.9497661590576172,0.6189064979553223,0.9322086572647095,0.9940734505653381,0.9986017346382141,0.9982936978340149,0.9989439845085144,0.9712274670600891,0.9941264390945435
257,0,0.06461804249323688,-0.016191950390212227,-1.324304259307626,0.515479903276059,1.3244032431543495,1.3147641694034562,0.7215084372261905,1.0991043609041773,76.41668701171875,786.4970703125,535.8403930664062,682.9859619140625,527.7169189453125,0.9511811137199402,0.621034562587738,0.9344301819801331,0.9942901134490967,0.9986912608146667,0.9984257221221924,0.9990378618240356,0.9719884991645813,0.9944572448730469
257,1,0.06494235848308723,0.025443211736088222,-1.397393510270329,0.4983879935862622,1.3976251212571558,1.3231855036480369,0.6389346228788632,1.1586985909851422,73.14178466796875,780.9696044921875,536.8336791992188,685.2786254882812,528.35693359375,0.9328758120536804,0.7344587445259094,0.9489977955818176,0.9844545125961304,0.9938108325004578,0.9686232805252075,0.977618932723999,0.8895013332366943,0.9572519063949585
258,1,0.06645160428075499,0.028962421439859935,-1.4080950773990706,0.4974305159279957,1.408392902868782,1.3237692953537292,0.6390226299980287,1.1593167063713485,73.069580078125,781.1029663085938,537.0086669921875,685.2147827148438,528.3297729492188,0.9355875253677368,0.7397223114967346,0.9517545104026794,0.9846075177192688,0.9940694570541382,0.9685360789299011,0.9779476523399353,0.8873264789581299,0.9581945538520813
258,0,0.06622684069729652,-0.013360074026520834,-1.335524325172379,0.5132140205171494,1.335591148033384,1.319966858465883,0.7230152999883133,1.104337531478081,76.2501220703125,786.74560546875,536.1058959960938,682.6755981445312,527.8657836914062,0.9532862305641174,0.6295199990272522,0.9376729726791382,0.9943869113922119,0.9987359642982483,0.9984331727027893,0.9990517497062683,0.971811830997467,0.9945369362831116
259,0,0.06764734783091499,-0.012742970036325173,-1.326925765468956,0.5120859297082424,1.32698695183891,1.3170785513932903,0.7237245645892267,1.100417495839821,76.40069580078125,786.8680419921875,535.990966796875,682.8796997070312,527.5611572265625,0.9567475914955139,0.6477373838424683,0.9426459074020386,0.9945264458656311,0.9988043308258057,0.9984402060508728,0.9990719556808472,0.9708985090255737,0.9945276379585266
259,1,0.06754697053501485,0.033327994113510145,-1.403810200746323,0.4979838441256274,1.404205766585176,1.322088391618818,0.6437251236154528,1.1547881539397185,73.16143798828125,781.4415893554688,536.9395751953125,685.4904174804688,527.985595703125,0.9402832388877869,0.754559338092804,0.9555851221084595,0.985238254070282,0.994361400604248,0.9683887958526611,0.977951169013977,0.8844656348228455,0.9575188159942627
260,0,0.06744097599013868,-0.014270530931044903,-1.3285610747309227,0.514696971210626,1.3286377148580564,1.3116070030716307,0.720757889734674,1.095819782122847,76.54986572265625,786.664306640625,535.9010620117188,682.8905639648438,527.8170776367188,0.9542450308799744,0.636141300201416,0.9394662976264954,0.9942156672477722,0.9986870884895325,0.9983137845993042,0.9989774227142334,0.9704660773277283,0.9942318797111511
260,1,0.067795057564591,0.030516936272978995,-1.4032756646472218,0.49898774739004453,1.403607450247608,1.3210087926618537,0.642375450211313,1.1543041242479128,73.29254150390625,781.4461059570312,537.0508422851562,685.44140625,528.3404541015625,0.9373193383216858,0.7458623051643372,0.9531099200248718,0.9847731590270996,0.9940482378005981,0.9676978588104248,0.9771645665168762,0.8860483765602112,0.9568560719490051
261,0,0.06736713562469789,-0.015574913501411962,-1.3304079108046913,0.5165126458746534,1.3304990744312,1.309423804908116,0.7211748225506908,1.0929307279873814,76.771484375,786.5648193359375,535.8756713867188,682.6260986328125,527.5888671875,0.9539191126823425,0.6335477232933044,0.9393706321716309,0.9941725134849548,0.9986518025398254,0.9982460737228394,0.9989271759986877,0.9701953530311584,0.9940965175628662
261,1,0.06813413174450732,0.030907474984402994,-1.4102253881759292,0.49878476672069505,1.4105640423128125,1.319451991879929,0.6430659755395648,1.1521370187522229,73.27581787109375,781.1971435546875,536.802490234375,685.1871948242188,528.0126953125,0.9361971020698547,0.7403691411018372,0.9523196816444397,0.9847466945648193,0.9940469264984131,0.9677817225456238,0.9772390127182007,0.8878058791160583,0.9576427936553955
262,1,0.0684851330672488,0.029047007714453652,-1.412450192403436,0.4989100656724332,1.4127488363745577,1.316858865830099,0.6422619850439839,1.149615942427164,73.3106689453125,781.243408203125,536.9205932617188,685.3179931640625,527.8488159179688,0.9390038847923279,0.7457747459411621,0.9550795555114746,0.9850615859031677,0.9943694472312927,0.9675573706626892,0.9774802923202515,0.8870937824249268,0.9592720866203308
262,0,0.06735619626656533,-0.017297613958422393,-1.3281970898842603,0.5180066726455087,1.3283097217989759,1.3056427465338205,0.7181367659399294,1.0904047720831551,77.098388671875,786.6400146484375,536.2889404296875,682.697021484375,527.357177734375,0.9554368257522583,0.6381157636642456,0.9421845078468323,0.9941967725753784,0.9987163543701172,0.9982137680053711,0.9989336133003235,0.9695009589195251,0.9942407608032227
263,1,0.06910448122035787,0.03205706963719564,-1.4195972212148724,0.498168076428995,1.4199591283535986,1.3185807608467999,0.6382881609847963,1.1537952359157895,73.21270751953125,780.945068359375,537.1824951171875,685.207763671875,528.124267578125,0.9350011944770813,0.7325291037559509,0.9520434141159058,0.9843860268592834,0.9940962791442871,0.9673300981521606,0.9772922992706299,0.8856285214424133,0.9585761427879333
263,0,0.06779461504986314,-0.015640246584963137,-1.3314557533452815,0.5166572437647794,1.331547611026166,1.3096844976638051,0.7164316520986435,1.0963572279563363,76.99908447265625,786.4176635742188,536.593505859375,682.5912475585938,527.6498413085938,0.9527495503425598,0.6224043965339661,0.9388228058815002,0.9939441084861755,0.9986652135848999,0.9981861710548401,0.998918890953064,0.9693037867546082,0.9942283630371094
264,0,0.0666022165665765,-0.015934390641972048,-1.3235809045218179,0.5173162140482286,1.3236768169080868,1.3064509399191961,0.716198704616278,1.092645172927477,77.15008544921875,786.51171875,536.5482788085938,682.4944458007812,527.751953125,0.9543985724449158,0.6332206726074219,0.9407792687416077,0.9940887689590454,0.9987056255340576,0.9982234835624695,0.9989458918571472,0.9690950512886047,0.994211733341217
264,1,0.06810713283148312,0.029102258992362292,-1.4189898133347105,0.4984699046622209,1.4192882130934983,1.3196693241093305,0.6411289214163205,1.1534647073572397,73.27215576171875,781.205078125,537.2810668945312,685.0093994140625,528.26220703125,0.9373050928115845,0.7415782809257507,0.9538265466690063,0.9844649434089661,0.9941413998603821,0.9666693806648254,0.9768656492233276,0.8830307126045227,0.957653820514679
265,0,0.06702273085753344,-0.01426354538922232,-1.3458848018558143,0.5143120963602357,1.3459603815096248,1.318532820546298,0.7247920414116807,1.1014559889364917,76.6173095703125,786.8234252929688,536.5715942382812,683.4990844726562,528.423095703125,0.9536662697792053,0.6242944002151489,0.9402281045913696,0.9940549731254578,0.9987516403198242,0.9982596039772034,0.9989877343177795,0.9692906737327576,0.9944906234741211
266,1,0.06835730208683789,0.03442531623904375,-1.4431419944139563,0.49498453120750474,1.4435525340074222,1.3302251390707764,0.6464108955540696,1.1626056402430072,72.74774169921875,781.3219604492188,537.49755859375,685.4700927734375,528.1596069335938,0.9373217821121216,0.7415094375610352,0.9534010887145996,0.9846526980400085,0.9941655397415161,0.9676554799079895,0.9774741530418396,0.8839595317840576,0.9575329422950745
266,0,0.0668189156512539,-0.00901769198912265,-1.3447485626302138,0.5129352278623329,1.3447787979682149,1.3148211179721023,0.7173951751432998,1.1018614862797063,76.78387451171875,786.535888671875,536.9140625,682.6409912109375,527.9766845703125,0.9538737535476685,0.6287500262260437,0.9392685294151306,0.9942704439163208,0.9987289309501648,0.9983386993408203,0.999005138874054,0.9706859588623047,0.9944296479225159
267,0,0.06906493647848976,-0.01571231006372159,-1.3393362774490236,0.510603150843029,1.3394284380953492,1.3199247744594367,0.7230231661035071,1.1042820796832007,76.2633056640625,786.6892700195312,536.5772705078125,682.73779296875,527.6323852539062,0.9542331099510193,0.6264297366142273,0.9405087232589722,0.9942371845245361,0.9987530708312988,0.998349666595459,0.9990224838256836,0.9707023501396179,0.9945787191390991
267,1,0.06970269920045506,0.03524157162498969,-1.4362089015218449,0.49474418317544855,1.436641213797371,1.327541879589543,0.6482624917327625,1.1585004030541237,72.5357666015625,781.4467163085938,537.0625610351562,685.6552734375,527.6869506835938,0.9392852187156677,0.7440006732940674,0.9553588628768921,0.9850543737411499,0.9944549202919006,0.9683835506439209,0.9782381057739258,0.8856993913650513,0.9594382047653198
268,0,0.06877712334179445,-0.02007335972099775,-1.3281031010937976,0.5141381615506819,1.3282547899049528,1.3074662625638205,0.7207850952889354,1.0908422773948236,76.77679443359375,786.8961181640625,536.49462890625,683.1028442382812,527.8284912109375,0.9554131031036377,0.6314966082572937,0.9430997371673584,0.994187593460083,0.9987878203392029,0.9983183145523071,0.9990243911743164,0.9690947532653809,0.9945072531700134
269,0,0.06917411385204385,-0.025739928261460588,-1.3323747465671458,0.5137035133752458,1.3326233560900735,1.3003088377383565,0.7236802556373114,1.080319379212088,76.55499267578125,787.145263671875,535.2727661132812,683.3352661132812,526.9536743164062,0.9568891525268555,0.6412245631217957,0.9450429081916809,0.994199275970459,0.9987984895706177,0.9982923865318298,0.9990125894546509,0.9688109755516052,0.9944772124290466
269,1,0.06910352053856725,0.02558135836916696,-1.419652197637575,0.4972931050228778,1.4198826599945533,1.3133392052528392,0.654833061896066,1.1384434676794373,72.9293212890625,782.4794311523438,536.1044311523438,686.1093139648438,527.2620239257812,0.9443678259849548,0.7590762376785278,0.9599918127059937,0.9854642748832703,0.9948142766952515,0.9669187664985657,0.9776518940925598,0.882834792137146,0.9602830410003662
270,1,0.06875189537052086,0.023620714787157222,-1.4142086189304162,0.49720428514166204,1.4144058667950057,1.3116669378622425,0.6585124545739375,1.1343859585925418,72.8575439453125,782.7005615234375,535.5467529296875,686.1399536132812,527.061767578125,0.9440090656280518,0.756638765335083,0.959873616695404,0.9854303598403931,0.9948257803916931,0.9671455025672913,0.9778299927711487,0.8835629224777222,0.9606723189353943
270,0,0.06891870238227156,-0.028157488374836875,-1.3318307449591076,0.5146405251012671,1.3321283636984502,1.295497616213022,0.7253635429463381,1.0733880026243812,76.56195068359375,787.2650146484375,534.6505126953125,683.3388061523438,526.69384765625,0.9561136960983276,0.6370580196380615,0.944390594959259,0.9940521121025085,0.9987654685974121,0.9982408285140991,0.9989818930625916,0.9681999087333679,0.9943599104881287
271,1,0.0719885940800469,0.023330518603526515,-1.4135581442160643,0.5000363317844532,1.413750664076899,1.3067363340846265,0.6587307155510899,1.1285538051889585,73.07574462890625,782.6550903320312,535.5734252929688,686.4447631835938,527.125244140625,0.9430592060089111,0.7478427886962891,0.9598787426948547,0.9849874377250671,0.9948227405548096,0.9666354060173035,0.9778190851211548,0.8807687163352966,0.9611861705780029
271,0,0.07262327321565618,-0.034417370171399335,-1.3394666155026862,0.5140225285834855,1.3399087168220587,1.3010807313716806,0.7300260616525965,1.076974010296751,76.34765625,787.3024291992188,534.8250122070312,683.7507934570312,526.8150634765625,0.956171452999115,0.6266169548034668,0.9458011984825134,0.9939587116241455,0.9988206028938293,0.9982572197914124,0.9990202188491821,0.9682168960571289,0.9947317838668823
272,1,0.07239304723552314,0.023877379974488945,-1.4146773719605448,0.4991216778980311,1.414878862663387,1.3010788934659554,0.6564689225919768,1.1233231239022565,73.11474609375,782.6044311523438,535.619384765625,686.3302001953125,526.81494140625,0.9443758130073547,0.7527159452438354,0.9609650373458862,0.9850144982337952,0.9948676824569702,0.965804398059845,0.9773547053337097,0.8795588612556458,0.9611549973487854
272,0,0.07287955123047649,-0.031782387009437696,-1.3417677164348747,0.5136104808867009,1.3421440775829083,1.294262126253717,0.7279510363587602,1.0701409907666373,76.4677734375,787.2859497070312,534.7483520507812,683.4868774414062,526.675537109375,0.9578330516815186,0.6363948583602905,0.9477348923683167,0.9940869808197021,0.9988436698913574,0.9982561469078064,0.9990191459655762,0.9682728052139282,0.9947283864021301
273,0,0.0737111438835077,-0.029987408266788244,-1.3478156896029971,0.5125144421321837,1.348149241662273,1.2931539053250616,0.7263182394888571,1.0699106681603214,76.44097900390625,787.1485595703125,534.7317504882812,683.6258544921875,527.0396728515625,0.9577673077583313,0.6370347738265991,0.9476916193962097,0.9939524531364441,0.9988192915916443,0.9982094764709473,0.9989942908287048,0.9675363898277283,0.9945993423461914
273,1,0.07314231480693818,0.026586969974463033,-1.4203992173778153,0.49993411955308664,1.4206480224531104,1.2990229899111814,0.6547797165413171,1.1219288084026802,73.1839599609375,782.4562377929688,535.6419067382812,686.5018920898438,527.08203125,0.9446749687194824,0.7533503174781799,0.9611581563949585,0.9851051568984985,0.9948675632476807,0.9658558964729309,0.9773097038269043,0.8799092769622803,0.9609378576278687
274,0,0.07434696419486694,-0.030908261606645903,-1.3471468008860779,0.5131144125980281,1.3475013260747237,1.2893808031442502,0.7234643152752726,1.0672873277801966,76.5421142578125,786.9886474609375,534.734619140625,683.9520263671875,527.0714721679688,0.9588079452514648,0.6410781145095825,0.9493492841720581,0.9939936995506287,0.9988551139831543,0.9981884360313416,0.9989953637123108,0.9671372175216675,0.9946712851524353
274,1,0.07369713012955816,0.024694679569727672,-1.4195417569731006,0.5004827443921591,1.41975653792801,1.2934187916113313,0.6501271925513643,1.118153300759157,73.2752685546875,782.1685180664062,535.5279541015625,686.75830078125,526.9117431640625,0.9451807737350464,0.754266619682312,0.9616245627403259,0.9851083159446716,0.9949064254760742,0.9653510451316833,0.9770593047142029,0.878792405128479,0.9609383344650269
275,1,0.07392091248920413,0.02382804293674533,-1.4222734366402898,0.5001734576993211,1.4224730240685677,1.2956498414169426,0.6525895099088644,1.1193013191811474,73.213623046875,782.4691772460938,535.6577758789062,687.0145874023438,526.6626586914062,0.9465145468711853,0.7594163417816162,0.9624494314193726,0.9854832887649536,0.995042085647583,0.9654217958450317,0.9771396517753601,0.8813313841819763,0.9620287418365479
275,0,0.07428985036146844,-0.02886210341646231,-1.349413380626184,0.5128234636835539,1.3497220057577077,1.2876566988563543,0.7214087788150974,1.0665969941632847,76.6087646484375,787.0425415039062,534.7952880859375,684.0484619140625,526.809814453125,0.9598371386528015,0.6498085260391235,0.9502833485603333,0.9940656423568726,0.9988529682159424,0.9981676340103149,0.998977780342102,0.967240035533905,0.994608998298645
276,0,0.07486915840869177,-0.03020946623652585,-1.3587896265099946,0.5118629620669527,1.3591254029564257,1.2918636411052593,0.7226912313991093,1.070807663060261,76.49127197265625,787.06787109375,534.906005859375,684.023681640625,526.7302856445312,0.9584122896194458,0.6379675269126892,0.9487912654876709,0.9939576387405396,0.9988527297973633,0.9981911778450012,0.9989990592002869,0.967206597328186,0.9947062134742737
277,0,0.07468911155559248,-0.028301072932575867,-1.3604448772102475,0.5124680874525448,1.360739216255907,1.296617706827107,0.722604753110482,1.0765964185523398,76.40966796875,786.9473876953125,535.1321411132812,683.969970703125,526.351318359375,0.957308292388916,0.6303387880325317,0.9476181864738464,0.9938768744468689,0.9988646507263184,0.9982379674911499,0.9990363121032715,0.9669885039329529,0.9948012828826904
278,1,0.07336475298730007,0.019466143932600672,-1.4314695639480324,0.5000667374983446,1.4316019150829515,1.2956311285032078,0.6490092382124163,1.1213594561341313,73.17047119140625,782.0684204101562,535.5625610351562,687.2581176757812,526.6226196289062,0.9426378607749939,0.7436808347702026,0.9598875641822815,0.9846241474151611,0.9948322772979736,0.964884877204895,0.9769744277000427,0.8784857988357544,0.9618310928344727
278,0,0.07422036740690531,-0.03238270939811581,-1.3581765701761257,0.5138695343278912,1.3585625622853543,1.290399515279698,0.7225903609642553,1.0691090118765376,76.3572998046875,786.8231201171875,534.5015258789062,684.2456665039062,526.5733032226562,0.9567359089851379,0.6329347491264343,0.9466426968574524,0.9937059283256531,0.9987797141075134,0.9981221556663513,0.9989510774612427,0.9663609266281128,0.994451105594635
279,1,0.0733557441899757,0.023362444142784735,-1.4307174942010035,0.5016973732960218,1.430908226270687,1.2919652179878631,0.6438126143881695,1.120124743966089,73.33380126953125,781.7136840820312,535.6730346679688,687.3601684570312,526.689208984375,0.9421986937522888,0.740975558757782,0.959911048412323,0.9842979907989502,0.9947896003723145,0.9645901322364807,0.9769492745399475,0.8749578595161438,0.9612807631492615
279,0,0.07388241869530325,-0.02798292378441039,-1.3542407103094227,0.5152987593426845,1.3545297875952724,1.2873125590880177,0.7198339830065859,1.067245361524057,76.6611328125,786.670654296875,534.7129516601562,684.3276977539062,526.69482421875,0.9567588567733765,0.630386471748352,0.9469172954559326,0.9936845898628235,0.9988056421279907,0.998144268989563,0.9989751577377319,0.9662856459617615,0.9945672750473022
280,1,0.07338945781449736,0.022137372116817416,-1.4257341530754086,0.5007106217997261,1.4259060061904119,1.2935237271313673,0.6451111913471793,1.1211758039890296,73.19573974609375,781.8471069335938,535.4574584960938,687.2553100585938,526.9813232421875,0.9417074918746948,0.7405107617378235,0.95943284034729,0.9842772483825684,0.994765043258667,0.9650055766105652,0.9771832227706909,0.8749886155128479,0.9611011147499084
280,0,0.07399425803121787,-0.030020493356211864,-1.3478633542255483,0.5136579095117082,1.3481976307965744,1.2895347878262589,0.7225495522014204,1.0680927457986227,76.51226806640625,786.8262329101562,534.4533081054688,684.27099609375,527.1183471679688,0.9560235738754272,0.6273752450942993,0.9461032152175903,0.9935639500617981,0.9987912774085999,0.998134434223175,0.9989736080169678,0.965820848941803,0.9945228099822998
281,0,0.07508445093676872,-0.02685531780621373,-1.3569707861425182,0.51161092357134,1.3572365020653978,1.2947362262625075,0.7220943511973693,1.074672807679309,76.2117919921875,786.5828247070312,534.7392578125,684.1597290039062,526.9065551757812,0.9579026103019714,0.6333075165748596,0.9486221671104431,0.9937693476676941,0.998867392539978,0.9982033967971802,0.9990264177322388,0.9666017889976501,0.9948285222053528
282,0,0.07435950901816415,-0.026469286472114634,-1.3568638071864094,0.5114507775042619,1.3571219600237632,1.2931488267246902,0.7234975585126101,1.0718139628152523,76.3974609375,786.637939453125,534.65771484375,683.8384399414062,527.1697998046875,0.9562523365020752,0.6224857568740845,0.9468047022819519,0.9936373233795166,0.9988365769386292,0.9981801509857178,0.9990105628967285,0.9663459062576294,0.9947658777236938
283,0,0.07305285758346888,-0.015454485319374631,-1.3545629444614022,0.5118691700975706,1.3546511032824764,1.2930518311727122,0.7130202933016883,1.0786960180880798,76.58380126953125,786.2278442382812,535.5171508789062,683.766845703125,527.157470703125,0.958267867565155,0.6363105773925781,0.9487888813018799,0.9939377307891846,0.9989025592803955,0.9982768297195435,0.99906986951828,0.9665595293045044,0.9948509335517883
284,0,0.07321485427650558,-0.01938697421959349,-1.3533169321419993,0.5114976226863616,1.353455789300716,1.293693812435702,0.7220975596910533,1.0734145492877611,76.48687744140625,786.5584716796875,535.0532836914062,683.86474609375,527.2305908203125,0.9591599702835083,0.6403270959854126,0.9499450922012329,0.9939687252044678,0.9989055395126343,0.9982258677482605,0.9990397095680237,0.9670560956001282,0.9949026107788086
285,0,0.07273170832656778,-0.020816817419155594,-1.3543670464928954,0.5130227524984791,1.3545270157930964,1.2913778704589889,0.7212973310282689,1.0711615025581758,76.682373046875,786.5762939453125,535.0313110351562,684.1729736328125,527.1506958007812,0.958703339099884,0.6383656859397888,0.9493985176086426,0.9938821792602539,0.9988877177238464,0.9981820583343506,0.9990156888961792,0.9668126702308655,0.9948577880859375
286,0,0.07319116557378355,-0.02295333402385486,-1.3631592156737764,0.5118575187145861,1.3633524499626484,1.2901843777799409,0.7243918762797887,1.0676292138412384,76.6046142578125,786.6954956054688,534.690673828125,683.9998779296875,526.9110107421875,0.9586275219917297,0.6345142126083374,0.9491361975669861,0.9940063953399658,0.9989412426948547,0.9983007311820984,0.9990901947021484,0.9676841497421265,0.995111882686615
287,0,0.07235925373229511,-0.020670314463002288,-1.364290576951284,0.5112499273032449,1.364447155538853,1.2976216344325984,0.7249301689337848,1.0762426103426506,76.56591796875,786.7871704101562,535.160400390625,683.9768676757812,526.7504272460938,0.9588767886161804,0.6370484232902527,0.9491627216339111,0.9941124320030212,0.998940646648407,0.9983187913894653,0.9990918636322021,0.9682125449180603,0.9951122403144836
288,0,0.07121050907193933,-0.017840102297885334,-1.3661825330177877,0.509630875083165,1.3662990092848994,1.2912099957024818,0.7234561480520142,1.069501965798916,76.751953125,786.88720703125,534.7366333007812,684.0165405273438,526.5286865234375,0.9591819047927856,0.6377837061882019,0.9498805403709412,0.9940546154975891,0.9989649057388306,0.9983194470405579,0.9991071820259094,0.967651903629303,0.9951802492141724
289,0,0.06986854582779896,-0.02364595950163005,-1.3741910867033211,0.5064159154173987,1.3743945118398893,1.3063295163584143,0.7339185271104691,1.08067590001499,76.14178466796875,787.2002563476562,534.5390625,684.1912841796875,526.6414794921875,0.9557921290397644,0.620553195476532,0.9447506070137024,0.9939338564872742,0.9989137649536133,0.9983540773391724,0.999110996723175,0.9689515829086304,0.9952207207679749
290,0,0.06807501489513582,-0.02891798661418405,-1.38496872627793,0.5058581447733541,1.385270595485853,1.3164067858474242,0.7408007883710421,1.0881824377253975,75.49932861328125,787.440673828125,534.0513916015625,684.4605102539062,526.52783203125,0.9558210968971252,0.627561092376709,0.9439030289649963,0.9939534068107605,0.9988892674446106,0.9983389377593994,0.9990922212600708,0.9692578911781311,0.9951241612434387
291,0,0.0644426614245883,-0.026706918339919363,-1.377743365494554,0.5088037622325023,1.378002191816644,1.3084495293914744,0.7358028604096042,1.0819585581609934,76.06964111328125,787.4375610351562,533.800048828125,684.50537109375,526.6209716796875,0.9596495032310486,0.6566889882087708,0.9483979344367981,0.9941715598106384,0.9989272952079773,0.998298704624176,0.9990723133087158,0.9684377908706665,0.9949535727500916
292,0,0.06315362697870895,-0.02872232852257467,-1.378467448054383,0.5086691315483005,1.3787666508518843,1.3075360453083071,0.7326575515449875,1.082988191045771,76.174072265625,787.371337890625,533.866943359375,684.4405517578125,527.0133056640625,0.9575207829475403,0.6456853151321411,0.9452375769615173,0.9940703511238098,0.998891294002533,0.9983127117156982,0.9990726709365845,0.9688442349433899,0.9949381351470947
293,0,0.060153580209832774,-0.026362499141273664,-1.372216328741211,0.5103442337577947,1.3724695385417416,1.3039237501388181,0.7308520003131356,1.0798483688992486,76.4071044921875,787.521484375,533.7442626953125,684.4898071289062,527.1670532226562,0.9611862897872925,0.6809859275817871,0.9482417106628418,0.9945377707481384,0.9988872408866882,0.9983317255973816,0.9990466237068176,0.9690340757369995,0.9944952130317688
294,0,0.058538501100191404,-0.02389187010142877,-1.377214080210392,0.5099253413590088,1.377421302356944,1.3076025998055882,0.7371598344953797,1.0800092302499447,76.30841064453125,788.090087890625,533.646728515625,684.5565795898438,526.8399658203125,0.967646062374115,0.7233781814575195,0.956616997718811,0.9950785636901855,0.9990378618240356,0.9983940720558167,0.9991031885147095,0.9690895676612854,0.9946953654289246
295,0,0.05963092082746325,-0.02409003717057873,-1.3692857199710275,0.5122566953382819,1.3694976132901637,1.3014072253787157,0.736112769327507,1.0732188766048218,76.6827392578125,788.7091674804688,533.7508544921875,684.9335327148438,526.6553344726562,0.9688155055046082,0.7319329380989075,0.9580391645431519,0.9953250885009766,0.9990816116333008,0.9984965324401855,0.9991593360900879,0.9690816402435303,0.9946876764297485
296,0,0.059006731388178316,-0.02634885006449019,-1.3818517339765601,0.5115795908348636,1.3821029182350157,1.3035128603893715,0.7306156520129954,1.0795121797525522,76.51849365234375,788.2129516601562,533.8862915039062,685.0302734375,526.6898193359375,0.9670236110687256,0.7224367260932922,0.955371081829071,0.9950745701789856,0.9990004897117615,0.9983770847320557,0.9990777969360352,0.9689744114875793,0.9944866299629211
297,0,0.05954983845686319,-0.02941124724097118,-1.3810158824093919,0.5113245071431267,1.3813290299314138,1.312351068125007,0.7352747832762867,1.0870309651002847,76.32080078125,788.4312133789062,534.172607421875,684.9798583984375,526.5397338867188,0.9671745896339417,0.7208894491195679,0.9557430148124695,0.9951326251029968,0.9990249872207642,0.9984147548675537,0.9991042017936707,0.9692988395690918,0.9946227073669434
298,0,0.060553108827972615,-0.026430655866054927,-1.3829112228421903,0.5111135692867903,1.3831637754916775,1.3099189849517592,0.7375092268776247,1.0825746567361605,76.31976318359375,788.7163696289062,533.8694458007812,684.992431640625,526.5775146484375,0.9689263701438904,0.7317966222763062,0.957833468914032,0.9953694939613342,0.9990723133087158,0.9984970092773438,0.9991495609283447,0.9699963331222534,0.9947344064712524
299,0,0.061063541775773195,-0.027984574902313843,-1.386379427659474,0.5092294804636013,1.3866618383260838,1.3136904110522336,0.7366975323201851,1.0876852678803444,76.33599853515625,788.8065795898438,534.394287109375,685.0796508789062,526.6171264648438,0.9691308736801147,0.731036365032196,0.9581087231636047,0.9954584836959839,0.9991010427474976,0.9985477328300476,0.9991826415061951,0.97059565782547,0.9949148893356323
300,0,0.06285423787478908,-0.02832020139379634,-1.3877543662296832,0.508011927404488,1.3880433043664506,1.3169411517119067,0.739630254578552,1.0896242855151261,76.1781005859375,788.7884521484375,534.5675659179688,684.9942016601562,526.6095581054688,0.9677399396896362,0.714841902256012,0.9567860960960388,0.9953901767730713,0.9991171956062317,0.9986070990562439,0.9992258548736572,0.9711216688156128,0.9951807260513306
301,0,0.061008543289763593,-0.03795899940623891,-1.3622253446022536,0.5038371420786896,1.3627541139591732,1.3449368336239138,0.7377874139005524,1.1245109240591014,74.6285400390625,788.8758544921875,534.91455078125,685.87646484375,526.866943359375,0.9670252799987793,0.725851833820343,0.954379141330719,0.9954594969749451,0.9990429282188416,0.9985635876655579,0.9991679191589355,0.9716288447380066,0.9947986602783203
302,0,0.06000611304771816,-0.03311193750459893,-1.3585569326085005,0.5083555818742548,1.358960389247577,1.3297781567171987,0.7313562152148583,1.1105980517490512,75.48211669921875,788.9154052734375,535.231689453125,685.63037109375,527.4918212890625,0.9683955311775208,0.7404992580413818,0.9559353590011597,0.9955224990844727,0.9989956021308899,0.9984791874885559,0.9990938901901245,0.97069251537323,0.9942726492881775
302,2,0.06209161964167703,-0.025025382728481822,-1.4155214763555537,0.5019504098594989,1.4157426742895451,1.2943389039772795,0.6622763794042967,1.112071578466171,73.7008056640625,785.3284912109375,534.6881103515625,687.1672973632812,526.2557983398438,0.9587823152542114,0.8583064079284668,0.9659988284111023,0.9889505505561829,0.9940999150276184,0.9604504704475403,0.9687766432762146,0.875511646270752,0.933306872844696
303,0,0.05940684924890113,-0.029264679837060652,-1.3580334573089246,0.5106018768823348,1.358348737495786,1.326342597440348,0.7240665604018741,1.111266080600235,75.816650390625,788.8404541015625,535.7260131835938,685.6528930664062,528.1463012695312,0.9696630239486694,0.7511168718338013,0.9574058055877686,0.9956383109092712,0.99901282787323,0.9984801411628723,0.9990912675857544,0.9704558849334717,0.9941522479057312
303,2,0.06166685995460495,-0.02494242780695505,-1.4181472522738945,0.5025059075256183,1.418366579498016,1.2946295738874125,0.6579259099720008,1.114988444142547,73.680419921875,785.2211303710938,534.909912109375,687.3673706054688,526.7940673828125,0.9605814814567566,0.8649404644966125,0.9672567844390869,0.9893848299980164,0.9942668080329895,0.9603456854820251,0.9685136079788208,0.878075122833252,0.9338611960411072
304,2,0.05767071611676724,-0.02320084852981115,-1.4195776229242152,0.5022322582484842,1.4197672016495058,1.3003734554237416,0.6572065418270218,1.1220742778223056,73.71435546875,785.3619384765625,534.7648315429688,687.0611572265625,526.6953735351562,0.9612912535667419,0.8704515099525452,0.9671658873558044,0.9898459911346436,0.994373083114624,0.9620721340179443,0.9695565104484558,0.8830381631851196,0.9347315430641174
304,0,0.055573146407808506,-0.025933730085783074,-1.3733244038388188,0.5082883059233275,1.373569247084183,1.3388545992770737,0.7225160929304479,1.1271655306395305,75.36981201171875,788.7984619140625,536.0013427734375,685.692138671875,528.0330810546875,0.9704384803771973,0.7638406753540039,0.9570438265800476,0.9958213567733765,0.9990271329879761,0.9985394477844238,0.999115526676178,0.9713686108589172,0.9941229224205017
305,0,0.052094032186470275,-0.022779444593845885,-1.3735452259759784,0.5073570594793022,1.3737341048752505,1.341908001899089,0.7236974264431909,1.1300350085374824,75.351318359375,789.0989379882812,535.87255859375,685.6641845703125,527.9576416015625,0.973998486995697,0.7975082397460938,0.9610875844955444,0.9961358904838562,0.999055802822113,0.9985406398773193,0.9991002082824707,0.9710673689842224,0.993736982345581
306,0,0.04253289527186377,-0.008581233836995592,-1.3819486687376998,0.5062795994859697,1.381975311139843,1.3436589182892584,0.7228518452255095,1.1326537416846933,75.052490234375,789.1884765625,535.2578125,685.537353515625,527.7564697265625,0.9797564148902893,0.8555760383605957,0.9669368267059326,0.9967467784881592,0.9990680813789368,0.9985766410827637,0.9990577101707458,0.9717269539833069,0.9926723837852478
307,0,0.037956702916963105,-0.007382051021445269,-1.384062201443236,0.5049859048322254,1.384081887801867,1.350261545708854,0.7304559406443745,1.135623335704848,75.06561279296875,789.1376342773438,535.1986083984375,685.2427368164062,527.833251953125,0.9807847738265991,0.8674362301826477,0.967652440071106,0.9968926310539246,0.9990442395210266,0.9985802173614502,0.9990284442901611,0.9721934199333191,0.9922351241111755
308,0,0.03045254686736651,-6.076412097407316e-06,-1.361880317366953,0.5087573695996073,1.3618803173805087,1.3494392829577788,0.7182363659490829,1.1424197569273122,75.33453369140625,788.7902221679688,535.2702026367188,685.322998046875,527.6636962890625,0.9831860065460205,0.8976253867149353,0.9691615700721741,0.9971722960472107,0.9989455342292786,0.9985393285751343,0.9989092350006104,0.97242671251297,0.9904999136924744
308,2,0.030789668230227624,-0.012283988081210473,-1.3692621455758112,0.5165867810765576,1.3693172458090395,1.3069054749750346,0.6609787159860926,1.1274347242892147,75.625732421875,786.7960205078125,535.0404663085938,686.2211303710938,526.107666015625,0.9759312272071838,0.9382506012916565,0.9738783240318298,0.9937233328819275,0.9949173927307129,0.9683742523193359,0.9696689248085022,0.9105504155158997,0.921819806098938
309,0,0.018012006113263933,0.009326293031494978,-1.3595189127077123,0.5087750655385302,1.3595509014934561,1.3462324631492375,0.7085527350049188,1.1446811200303395,75.3197021484375,788.452880859375,535.1329956054688,684.9640502929688,527.110107421875,0.9850949048995972,0.927621066570282,0.9678593277931213,0.997553288936615,0.9987444877624512,0.9985880255699158,0.9987767338752747,0.9727081656455994,0.9866036176681519
309,2,0.01709457359634357,-0.01170236308163293,-1.3661881757239878,0.5209471223411049,1.3662382942919336,1.299800668477695,0.6564551938024131,1.1218504161896536,76.39849853515625,787.1156005859375,535.1966552734375,685.4389038085938,525.591064453125,0.9796758890151978,0.9556489586830139,0.9728409647941589,0.9949775338172913,0.9950262904167175,0.9723305702209473,0.9710118174552917,0.9246900677680969,0.9170572757720947
310,0,0.00496389928433557,0.01149003271818159,-1.4047810552040958,0.507287377743961,1.4048280442503267,1.3481109585676103,0.7086750805336182,1.1468141901985478,74.97369384765625,788.1889038085938,535.182861328125,684.7964477539062,526.8681030273438,0.986979603767395,0.9472591876983643,0.9676762223243713,0.9978827834129333,0.9985923171043396,0.9986695051193237,0.9986969828605652,0.9728406071662903,0.9821510314941406
311,0,-0.0013789183385612934,0.011123247607742671,-1.423010932563363,0.5094836179310617,1.4230544054364878,1.3404257380337103,0.714789000393514,1.1339390830638383,75.3800048828125,788.3492431640625,535.5801391601562,684.7874145507812,527.2265625,0.988066554069519,0.956214964389801,0.967846691608429,0.9980979561805725,0.9984961748123169,0.9987533092498779,0.9986709356307983,0.9729084968566895,0.9784588813781738
312,0,-0.0062758095404958835,0.014170253944383203,-1.4419108408384294,0.5080206663603242,1.4419804676292376,1.342207412896654,0.7141708217441348,1.1364333577487227,75.24591064453125,788.4092407226562,535.824462890625,684.844482421875,527.1947631835938,0.9877445101737976,0.9597868323326111,0.9640223383903503,0.9981648325920105,0.9982971549034119,0.9987900853157043,0.9986075758934021,0.9725598692893982,0.9739713668823242
313,0,-0.00906951112439521,0.011610095085090881,-1.4456150154359968,0.5083657286461131,1.445661636470271,1.3504558558697388,0.7247572109781167,1.1394990143866253,75.14727783203125,788.6136474609375,535.7850952148438,685.0224609375,527.08642578125,0.9879261255264282,0.9604818224906921,0.9645535945892334,0.9981834292411804,0.9982960820198059,0.9987863898277283,0.9985962510108948,0.9725128412246704,0.9736868143081665
314,0,-0.012320179404400892,0.016466621184473815,-1.446568352228029,0.506756540960796,1.4466620708655316,1.3580393511636901,0.7136245825811907,1.1554266893424776,74.791748046875,788.0158081054688,536.1966552734375,684.9384155273438,526.8529663085938,0.9871779680252075,0.9616223573684692,0.960174560546875,0.9981256127357483,0.9980497360229492,0.9987296462059021,0.9984595775604248,0.9717479944229126,0.9696522355079651
315,0,-0.009317838799554147,0.01880120122862564,-1.446828184026399,0.5069929977773479,1.4469503375239825,1.352600249628693,0.7115726294040089,1.1503007556194458,74.85418701171875,787.8572387695312,535.8500366210938,684.7655029296875,527.1732788085938,0.9872676730155945,0.9597153663635254,0.9618939757347107,0.998105525970459,0.9981897473335266,0.9987385869026184,0.9985301494598389,0.9719734191894531,0.9724790453910828
316,0,-0.012454946294027165,0.02400963318299137,-1.4608183480199182,0.5066175956811538,1.4610156427626724,1.3500357633650242,0.7075370857992023,1.149777297820476,74.916015625,787.5313720703125,536.7696533203125,684.386474609375,526.7918090820312,0.987717866897583,0.9647244215011597,0.9607469439506531,0.998156726360321,0.997995138168335,0.9986874461174011,0.9983775615692139,0.970943808555603,0.9671963453292847
317,0,-0.014295936389309627,0.02889447949616387,-1.4652245658242626,0.5082490974779534,1.4655094401743898,1.337854345298482,0.6980597473842367,1.141300503073527,75.23333740234375,786.9271240234375,536.4163818359375,684.18896484375,527.1282348632812,0.9875055551528931,0.9654953479766846,0.9592284560203552,0.9981067180633545,0.9978569149971008,0.9986053109169006,0.9982478618621826,0.9700216054916382,0.9646540880203247
318,0,-0.014291190058302568,0.02827492989570094,-1.457066311606044,0.5101648005084501,1.4573406287062227,1.3305965169251566,0.6926760677036051,1.1360840444632734,75.63629150390625,786.7186279296875,536.4006958007812,684.30810546875,527.427490234375,0.9872179627418518,0.9653751254081726,0.9578245282173157,0.9981050491333008,0.997788667678833,0.9986127614974976,0.9982339143753052,0.9698379039764404,0.9633651375770569
319,0,-0.014599368689003259,0.03243217351472455,-1.4428688504134275,0.5100840129280003,1.4432333024747783,1.3280222219139486,0.6798077085632724,1.1408350017751094,75.81646728515625,785.9414672851562,536.7718505859375,683.509765625,527.6986083984375,0.9869863390922546,0.9661352038383484,0.9558109641075134,0.9981295466423035,0.9976843595504761,0.9986435770988464,0.9982226490974426,0.9700419902801514,0.9611170887947083
320,0,-0.01405325920554347,0.03750624446055918,-1.4414164853758762,0.5096945001984262,1.441904366692493,1.32797952342408,0.6786383047296752,1.1414813471920071,75.750732421875,785.8573608398438,536.666748046875,683.3737182617188,527.8310546875,0.9871024489402771,0.9664363861083984,0.9560739398002625,0.9981231093406677,0.9976704716682434,0.9986295700073242,0.9982008934020996,0.9702258706092834,0.961126446723938
321,0,-0.013947956782069932,0.037419527139494896,-1.4446575864152855,0.5092804253653614,1.4451421255359562,1.3264411911807952,0.6811717510103736,1.1381789311380652,75.64654541015625,786.1083374023438,536.2981567382812,683.6951904296875,527.639404296875,0.9871856570243835,0.9664177894592285,0.9565085768699646,0.998108983039856,0.997687578201294,0.9986043572425842,0.9981814622879028,0.9704114198684692,0.9619568586349487
322,0,-0.0125682296103174,0.03513794625034145,-1.4449447455320414,0.5078235839851902,1.4453719220004753,1.3314156270429403,0.6881860338816486,1.1397664474375406,75.5228271484375,786.3504028320312,536.2926025390625,683.9052734375,527.8006591796875,0.9874590635299683,0.9660811424255371,0.9583335518836975,0.9981256127357483,0.997775137424469,0.9986261129379272,0.9982319474220276,0.9706639647483826,0.963507354259491
323,0,-0.013485374719678754,0.033152389510925445,-1.4447315797569604,0.5082500747538682,1.4451119051745878,1.3286093173050957,0.687228685465394,1.1370661598620455,75.3900146484375,786.2237548828125,535.9871826171875,683.875,527.5543212890625,0.987389326095581,0.9663770794868469,0.9579567909240723,0.9980946183204651,0.99769127368927,0.9985817670822144,0.9981582760810852,0.9702662825584412,0.9622530937194824
324,0,-0.01270552822371828,0.034826919342309685,-1.4421077971258416,0.5077361696622257,1.4425282710720173,1.329234477732954,0.6861648757120663,1.1384384305411703,75.4296875,786.22119140625,536.0171508789062,683.5438842773438,527.402099609375,0.9873051047325134,0.9658600091934204,0.9579097032546997,0.9980899691581726,0.997702419757843,0.9985917210578918,0.9981769323348999,0.9704419374465942,0.9627909660339355
325,0,-0.01159639867105344,0.03732819103768254,-1.443055237166593,0.5090102566836885,1.4435379494007345,1.3266154589693764,0.6845810234438313,1.1363350730823747,75.614990234375,786.2186279296875,536.1104125976562,683.6524047851562,527.9905395507812,0.9872589707374573,0.9652472734451294,0.9582041501998901,0.9980670809745789,0.9977129697799683,0.9985533356666565,0.9981422424316406,0.9703195095062256,0.9633032083511353
326,0,-0.010799432002192272,0.032780818582239545,-1.4370449005963655,0.5105907758479191,1.4374187380151058,1.321472316061314,0.682959905044396,1.1313067003329393,75.95037841796875,786.3743896484375,535.987548828125,683.939453125,527.2875366210938,0.9872960448265076,0.9647518396377563,0.9587439894676208,0.9980734586715698,0.9977758526802063,0.998586893081665,0.9982057809829712,0.9704715013504028,0.9644643664360046
327,0,-0.010816203387103263,0.02626533649784786,-1.4431051128363972,0.510713915411387,1.4433441151007254,1.3207795394992765,0.691822679914719,1.1250955388390522,75.8636474609375,786.8981323242188,535.4437255859375,684.80029296875,526.6666259765625,0.9875257015228271,0.964800238609314,0.9595720767974854,0.9981435537338257,0.997897744178772,0.9986751675605774,0.9983300566673279,0.9711399674415588,0.9659340381622314
328,0,-0.011018724419091817,0.02781752554062329,-1.4394646943182186,0.5090217672713665,1.4397334548158023,1.3263234117157496,0.6950860485352413,1.1295969093428728,75.75439453125,786.9994506835938,535.361572265625,684.8037719726562,527.2469482421875,0.987466037273407,0.964512050151825,0.959589421749115,0.9981356859207153,0.9978736639022827,0.99866783618927,0.9983137845993042,0.9711012840270996,0.9656447172164917
329,0,-0.010000240989018933,0.02914079381782837,-1.4303168202302248,0.5101098312086894,1.4306136417977546,1.3192546809760963,0.6943463976158153,1.1217468490685774,75.9808349609375,787.2161254882812,535.0486450195312,684.58154296875,527.7041625976562,0.9875362515449524,0.965415358543396,0.9594857096672058,0.9981622099876404,0.9977972507476807,0.9986703395843506,0.998278021812439,0.9708104133605957,0.9636737108230591
330,0,-0.009883564908458067,0.02717699976368523,-1.4183688673312853,0.5130796044731593,1.4186292091772215,1.3239003344563454,0.6928560843042934,1.1281234604493184,76.19232177734375,787.195556640625,535.5159301757812,685.624267578125,527.4287109375,0.9873101711273193,0.9640393853187561,0.959447979927063,0.998124897480011,0.9978951215744019,0.9986572265625,0.9983178377151489,0.9705547094345093,0.9657543301582336
331,0,-0.009670345787397464,0.03913373405911409,-1.4286521058827937,0.5115687960955585,1.4291879823118967,1.3087001011461636,0.6839262783596122,1.1157691519795434,76.57208251953125,786.5368041992188,535.64990234375,684.77880859375,528.5416259765625,0.9876705408096313,0.9654799103736877,0.9603465795516968,0.9981410503387451,0.9978162050247192,0.9986034035682678,0.9982123374938965,0.9701945781707764,0.9637062549591064
332,0,-0.010602399268041534,0.041175054753426275,-1.4237743840040296,0.5096332294543575,1.4243696436248567,1.3092988699815435,0.6783319890716305,1.1198791200558533,76.581787109375,785.9834594726562,535.6849365234375,684.4812622070312,529.3563232421875,0.9874783754348755,0.9655790328979492,0.9591954350471497,0.9981306195259094,0.9977728724479675,0.998608410358429,0.9982055425643921,0.9700255393981934,0.9627255797386169
333,0,-0.011409431807586471,0.0434099513961552,-1.4289155819989656,0.5084964208883882,1.429574819433967,1.3071208678171344,0.6814097266661301,1.1154576403825511,76.58929443359375,786.1627197265625,535.3276977539062,684.3573608398438,529.3240356445312,0.9874451160430908,0.9654759168624878,0.9590121507644653,0.9981291890144348,0.997784435749054,0.9986121654510498,0.9982160925865173,0.9700484275817871,0.962945818901062
334,0,-0.012445661335798363,0.04945187957249723,-1.4301233340870105,0.5065707110457394,1.4309780707940285,1.314251554118854,0.6800332523463197,1.1246385744794234,76.39410400390625,785.845458984375,535.5439453125,684.6543579101562,529.1937255859375,0.9873661994934082,0.965576171875,0.9583391547203064,0.998126208782196,0.9977645874023438,0.9986041188240051,0.9981998205184937,0.9702112078666687,0.9627664089202881
335,0,-0.011840314192753922,0.04630409301438688,-1.4304234824151885,0.5018741573222518,1.4311727387267688,1.3221538259890526,0.6845770263373582,1.1311255609297273,76.18109130859375,785.8794555664062,535.699951171875,684.5320434570312,529.0363159179688,0.9874624609947205,0.9650661945343018,0.9590938687324524,0.9981216788291931,0.9978424310684204,0.9986215829849243,0.9982535243034363,0.970663845539093,0.9647219777107239
336,0,-0.012803241525916411,0.04782982790820381,-1.434800215225004,0.5015221775040017,1.4355972102395038,1.3196717593931044,0.6841480850668007,1.1284834736225078,76.11492919921875,785.8135375976562,535.4887084960938,684.497314453125,529.1762084960938,0.9874152541160583,0.9652690291404724,0.9587618112564087,0.9981098175048828,0.9978012442588806,0.9986153841018677,0.9982351064682007,0.9705044031143188,0.9640220999717712
337,0,-0.012976319086643569,0.04675254420394544,-1.4299500907731055,0.5027918293845347,1.4307141791747067,1.3137769126256789,0.6814023805566565,1.1232544555531405,76.3837890625,785.9030151367188,535.4310302734375,684.44140625,528.7213134765625,0.9873785376548767,0.9650958180427551,0.9588398337364197,0.9981095790863037,0.9978017210960388,0.998610258102417,0.9982307553291321,0.9703476428985596,0.9639849662780762
338,0,-0.012114328375828135,0.04703116001793061,-1.4178366495921744,0.4995346173033592,1.4186164721091443,1.3136010557628157,0.690401859423381,1.1175388164202271,76.5211181640625,786.955810546875,535.0846557617188,684.8726806640625,529.7230224609375,0.9875872731208801,0.9650408625602722,0.9597241282463074,0.998155415058136,0.9978976249694824,0.9986636638641357,0.9983100891113281,0.9709219336509705,0.9652552604675293
339,0,-0.00939962380764733,0.03638600079450293,-1.4260581805882833,0.5026076255363507,1.4265223010793004,1.3186152783572243,0.6951477887132722,1.1204980161357483,76.5145263671875,787.5999755859375,535.3748779296875,685.2911376953125,529.6160278320312,0.987899899482727,0.9647291302680969,0.9615833759307861,0.9982070922851562,0.9980306029319763,0.9987238049507141,0.9984134435653687,0.9711705446243286,0.9670524001121521
340,0,-0.007148894491792172,0.034741861676461094,-1.4208456762310142,0.502722185624288,1.4212703587344366,1.3258880024533244,0.6998598741583661,1.1261328303502667,76.399658203125,788.3525390625,535.1075439453125,685.6402587890625,529.3936157226562,0.9879515767097473,0.9630765914916992,0.963385283946991,0.9981642365455627,0.9980993866920471,0.9986899495124817,0.998417854309082,0.9711933732032776,0.9693455696105957
341,0,-0.00695953777444245,0.028885519995802574,-1.4281326068395772,0.506462056916911,1.4284246973445378,1.315755226669546,0.7040592600130057,1.1115360430045298,76.7769775390625,789.1598510742188,534.4237670898438,686.7408447265625,528.7059326171875,0.9882602691650391,0.9622510075569153,0.965145468711853,0.9981868863105774,0.9982662796974182,0.9987271428108215,0.9985175728797913,0.9717824459075928,0.9722690582275391
342,0,-0.0077200352843371815,0.02954547617989935,-1.4159410954644396,0.509415538008777,1.4162493145586106,1.3117197071508613,0.7003639490534787,1.1090982503791798,76.94189453125,788.947509765625,534.2529907226562,687.0511474609375,528.7972412109375,0.9880023002624512,0.9617837071418762,0.9643033742904663,0.9981637597084045,0.9982232451438904,0.9987220168113708,0.9985021352767944,0.9717241525650024,0.9718218445777893
343,0,-0.008048967437409599,0.036433618053358645,-1.4055832038793694,0.5059811180010231,1.4060553159645786,1.299460149818012,0.6982597295081064,1.0959151568950565,77.5587158203125,789.1201171875,533.9097290039062,686.81201171875,528.7208862304688,0.9880479574203491,0.9618350863456726,0.9644731283187866,0.9981667995452881,0.998239278793335,0.9987339377403259,0.9985197186470032,0.9716315269470215,0.9718908667564392
344,0,-0.006413115074425069,0.035866012814411645,-1.3929081875455012,0.5063424627279726,1.3933698682713418,1.3085767241472526,0.6938156124034428,1.1095012117907714,77.465576171875,788.6702880859375,534.1691284179688,686.7396240234375,529.0823974609375,0.9877890944480896,0.9609339237213135,0.9637452363967896,0.998146653175354,0.9982045888900757,0.9987255930900574,0.9985030889511108,0.9716880321502686,0.9716778993606567
345,0,-0.006343196667916856,0.04226613237529363,-1.4088351526875778,0.5026887300097197,1.4094690182455931,1.3084623501429122,0.6893649696993625,1.1121374286898675,77.29949951171875,788.4752197265625,533.9083862304688,686.4697875976562,529.4417114257812,0.9877465963363647,0.9620904326438904,0.9624563455581665,0.9981464147567749,0.9981029033660889,0.9987021684646606,0.9984342455863953,0.9717206954956055,0.9698400497436523
346,0,-0.004923558722027672,0.03455110808869794,-1.40026010054467,0.5096608230609989,1.4006863061540675,1.3213435838551535,0.7024128814119471,1.1191805085068927,76.82763671875,788.5209350585938,533.2877197265625,686.5511474609375,529.4215698242188,0.9877058863639832,0.9609507322311401,0.9636716842651367,0.9980598092079163,0.998049259185791,0.9985694885253906,0.9982925057411194,0.9709299802780151,0.9699304103851318
347,0,-0.0030464040275463575,0.03758105667471572,-1.3971262573170509,0.5108789776801299,1.3976316090821423,1.3156045550109323,0.6977683541075205,1.115318191894849,76.81475830078125,787.713623046875,532.9486694335938,685.973876953125,529.5501098632812,0.9877128601074219,0.9599208235740662,0.9643842577934265,0.9980354905128479,0.9980658888816833,0.998555600643158,0.9982922673225403,0.970841109752655,0.9706524014472961
348,0,-0.0022500725637467547,0.03321709880200236,-1.3835345900446516,0.5143665009148535,1.3839332850621247,1.325257606735313,0.7046695268048493,1.1223852200570172,76.75262451171875,787.9683837890625,533.002685546875,685.7354125976562,528.5418701171875,0.9874566197395325,0.9582746624946594,0.9641852974891663,0.998047947883606,0.9980937838554382,0.998598039150238,0.9983493089675903,0.9709925055503845,0.9713740944862366
349,0,-0.00257869485975904,0.03481198179838642,-1.3862207723322713,0.5123484050114848,1.3866578178203193,1.3253960103056917,0.6955708343469712,1.1282091111758068,76.52191162109375,787.0819702148438,532.82763671875,685.3464965820312,528.06494140625,0.987619161605835,0.959128201007843,0.9642186760902405,0.998053789138794,0.9980974793434143,0.9986068606376648,0.9983567595481873,0.9714294672012329,0.9715328216552734
350,0,-0.0027579755620598424,0.03197254566137093,-1.386768826927747,0.5114759101097616,1.3871373482876985,1.3312875932563528,0.6938611178568234,1.1361705000063906,76.4052734375,786.9443969726562,532.9527587890625,685.333984375,528.1348876953125,0.9874435067176819,0.9584794044494629,0.9636865258216858,0.998042106628418,0.9980998635292053,0.9986253976821899,0.9983838796615601,0.9716811776161194,0.9719570875167847
351,0,-0.002780586450960566,0.030353637245082957,-1.3831335048886886,0.511635334920467,1.3834665285577652,1.3342283806686026,0.697781441033038,1.1372187266886782,76.4205322265625,787.256103515625,532.8385009765625,685.711181640625,528.2396240234375,0.9872010946273804,0.9571937918663025,0.9631891846656799,0.9980236291885376,0.9981244206428528,0.9986419081687927,0.9984191656112671,0.9720110297203064,0.9728833436965942
352,0,-0.004185858160709531,0.030187841481049246,-1.37216392365811,0.5106796098253034,1.372495952329953,1.3319047664228114,0.6911249603415648,1.1385589997943342,76.5662841796875,786.7369995117188,533.0382080078125,685.5101318359375,527.8369140625,0.9871718287467957,0.9585474133491516,0.9622110724449158,0.9980415105819702,0.998045802116394,0.9986547231674194,0.9983966946601868,0.9720011353492737,0.9713537693023682
353,0,-0.00512299563044455,0.031542703558066584,-1.370098563493736,0.5102478404912162,1.3704616068446978,1.3236349154230251,0.6845876753885485,1.1328499918493278,76.75567626953125,786.341796875,532.9725952148438,685.5595092773438,527.3447265625,0.9873614311218262,0.960329532623291,0.9620862603187561,0.9980573058128357,0.9979864358901978,0.9986284971237183,0.9983383417129517,0.9716506600379944,0.969798743724823
354,0,-0.002102792973001314,0.0351981487160014,-1.3570644946544412,0.5091133044906438,1.3575208846735094,1.328952149120221,0.6922391289495886,1.134424436885229,76.8311767578125,786.734619140625,532.911865234375,685.6178588867188,526.9417724609375,0.9874903559684753,0.958246111869812,0.9636684656143188,0.9980615973472595,0.9981582760810852,0.9986935257911682,0.9984771609306335,0.9724962711334229,0.9732112288475037
355,0,0.000576296869458684,0.033625914820904663,-1.4008354289583131,0.4912977057688628,1.4012389522035005,1.36092274724825,0.7064126124383403,1.1632248041396653,75.72509765625,786.7928466796875,533.213134765625,685.9513549804688,526.706787109375,0.9887885451316833,0.9562556147575378,0.964347243309021,0.9982333183288574,0.9986780285835266,0.9990971088409424,0.9990348815917969,0.9806360602378845,0.9840790629386902
356,0,0.001987105676126067,0.034614830253886356,-1.414244324926597,0.4888824286645737,1.4146678751779838,1.368909578611982,0.7173621536533108,1.1658923513436041,75.3760986328125,787.2589111328125,533.13330078125,685.7588500976562,526.6578979492188,0.9890359044075012,0.954006552696228,0.9666156768798828,0.9982311129570007,0.9987965822219849,0.9991180300712585,0.9990966320037842,0.9810431003570557,0.9859245419502258
357,0,0.00645258782307384,0.03434174715229562,-1.4160084784660538,0.48577899767255506,1.4164248538786732,1.3622311320217035,0.7203164798365721,1.1562083834348293,75.5302734375,787.580078125,532.8335571289062,685.8174438476562,526.9459228515625,0.9891533255577087,0.9496436715126038,0.9687743186950684,0.9982317090034485,0.9989504814147949,0.9991490840911865,0.9991809725761414,0.981656014919281,0.9882318377494812
358,0,0.025059950680250093,0.022178110962964882,-1.4171009922201654,0.4858824635806329,1.417274529072354,1.3659855727226875,0.7301078626813893,1.1544951683473352,75.4404296875,787.9746704101562,532.4232788085938,686.100830078125,526.926025390625,0.9879834651947021,0.9209263920783997,0.9725742936134338,0.9980308413505554,0.9992572665214539,0.9991676807403564,0.9993508458137512,0.982475221157074,0.9932593703269958
359,0,0.032173130163464424,0.023320197677911342,-1.4156128430404498,0.48829798164076477,1.415804913468237,1.3738401286443256,0.7286320385717763,1.1647025592142377,74.97943115234375,788.2269897460938,532.6577758789062,686.7615966796875,526.525634765625,0.9877634644508362,0.915511429309845,0.9727766513824463,0.9979640245437622,0.9992938041687012,0.9991718530654907,0.9993788003921509,0.9826526641845703,0.9938949942588806
360,0,0.040428771227468484,0.02060560023733687,-1.4256060566543978,0.4885611292712742,1.425754964757564,1.3658445162335104,0.7217494139930951,1.1595727773304165,74.886962890625,788.1469116210938,532.0394287109375,686.950927734375,526.5941772460938,0.9856119155883789,0.8928235173225403,0.9696596264839172,0.997767448425293,0.9992897510528564,0.9991825222969055,0.9994089603424072,0.9829287528991699,0.994570791721344
361,0,0.049446871721036484,0.017917051547854217,-1.4138699086639235,0.4881990992014706,1.4139834296629858,1.3563865439121308,0.7205159269474445,1.1491915660676244,74.86383056640625,788.2883911132812,532.264892578125,686.9646606445312,526.8424072265625,0.9834158420562744,0.8550859689712524,0.9687408804893494,0.9975305199623108,0.9993808269500732,0.9992316961288452,0.9995007514953613,0.9833859801292419,0.9959269165992737
362,0,0.05475393269170532,0.008860714627206214,-1.389826107599632,0.48692034691587777,1.3898543526676632,1.3723371822908417,0.729361405382949,1.1624720565397588,74.045654296875,788.198486328125,532.315185546875,687.210693359375,526.4949951171875,0.9764136672019958,0.7809593677520752,0.9589214324951172,0.9968973398208618,0.9993301630020142,0.9992077946662903,0.9995168447494507,0.9836049675941467,0.9965888261795044
363,0,0.06373931246481512,-0.002773104804293669,-1.4084483325051302,0.49102624678178225,1.4084510624962223,1.3686806235010271,0.7336242775234469,1.1554575148292388,73.9415283203125,787.9209594726562,532.7227172851562,687.3743896484375,526.089111328125,0.9659279584884644,0.6777302026748657,0.9449601769447327,0.9962295889854431,0.9992352724075317,0.9991913437843323,0.9995157718658447,0.9839280843734741,0.9969348907470703
364,0,0.06578234953121323,-0.00019669666048160325,-1.4026102021110167,0.4851707929048057,1.4026102159030083,1.3777117170199304,0.7359794370899208,1.164656105206515,73.38616943359375,787.7161865234375,532.1484985351562,687.1878051757812,525.9063110351562,0.9612328410148621,0.6466873288154602,0.9370307922363281,0.995959460735321,0.9991621971130371,0.9991968274116516,0.9995118379592896,0.9841862320899963,0.9969044327735901
365,0,0.06741350694710602,0.0022058602980140176,-1.4157023925773113,0.4829896900263734,1.4157041110941149,1.3752374945064116,0.7327680443121715,1.1637564863540775,73.255126953125,787.5286865234375,532.328369140625,687.121826171875,526.1044311523438,0.9487517476081848,0.5508425831794739,0.9203490614891052,0.995412290096283,0.999134361743927,0.999240517616272,0.9995549321174622,0.984811544418335,0.9973170161247253
366,0,0.06883300594603872,0.0031666325321534675,-1.4039819637101756,0.4842639957476051,1.4039855348204533,1.3661150427046869,0.7220150197385932,1.159726097479878,73.60919189453125,787.2990112304688,532.3734130859375,686.9473876953125,526.5653076171875,0.9408003687858582,0.5141072273254395,0.9080743193626404,0.9949820637702942,0.9990065693855286,0.9992176294326782,0.9995297193527222,0.9846178293228149,0.9971479773521423
367,0,0.07017162477081088,0.008021826589748558,-1.3985617605700287,0.4842305569055127,1.3985847660512303,1.358019550801679,0.7165102300752453,1.1536161365710491,73.7010498046875,787.20947265625,532.6846313476562,687.2160034179688,527.3486328125,0.9455670118331909,0.5335723161697388,0.916111946105957,0.9951737523078918,0.9990730285644531,0.9992270469665527,0.9995419979095459,0.9845296144485474,0.9972118735313416
368,0,0.06936446822589581,0.0069988910761861305,-1.3826491105006555,0.48771027155956964,1.3826668243812572,1.3585319219279406,0.7166815599800245,1.1541128733715011,73.69854736328125,787.4918823242188,532.7244873046875,688.052734375,527.0639038085938,0.9428757429122925,0.5220277905464172,0.9129464030265808,0.9949049949645996,0.9990144968032837,0.9991758465766907,0.9995110034942627,0.9839410185813904,0.9970980882644653
369,0,0.070743958201042,0.006265124677429904,-1.3971575748192904,0.4883787941145987,1.3971716217638206,1.3473319899822083,0.7239648573488857,1.1363003021002966,73.72296142578125,787.921630859375,532.4375610351562,687.8734130859375,527.4189453125,0.9509177207946777,0.5578949451446533,0.9260866641998291,0.9952458739280701,0.9991098046302795,0.9991726279258728,0.9995173215866089,0.9838900566101074,0.9971863627433777
370,0,0.07171512955475035,0.008429059065499069,-1.3860262376287131,0.48870480006885314,1.3860518678721716,1.3541605741293181,0.7278291870701926,1.1419349959498515,73.239501953125,788.3613891601562,532.2993774414062,687.9257202148438,527.1841430664062,0.953895628452301,0.5712997317314148,0.9312245845794678,0.99530029296875,0.9991618394851685,0.9991843104362488,0.9995355606079102,0.983851969242096,0.9973093271255493
371,0,0.07170361141364982,0.013009118742736652,-1.3809043091928175,0.4905805844464443,1.3809655854936267,1.344988855833649,0.7276857073889771,1.131135948318553,73.58026123046875,788.7591552734375,532.4378051757812,688.1004638671875,526.9425048828125,0.9554659724235535,0.5729544758796692,0.9340843558311462,0.9954997897148132,0.9992395639419556,0.9992499947547913,0.9995830655097961,0.9843218326568604,0.9975253939628601
372,0,0.07007094341627498,0.016420918761237965,-1.3680494794217606,0.48587691075669437,1.3681480273417468,1.3463929801500616,0.7201678202788925,1.1375993880237951,73.5242919921875,788.2278442382812,532.3826293945312,688.232421875,526.90625,0.9485334753990173,0.5377954244613647,0.9238017797470093,0.9950727820396423,0.9991497993469238,0.9992183446884155,0.9995606541633606,0.9840412139892578,0.997425377368927
373,0,0.06991645696355485,0.018857767204809153,-1.3795950556743943,0.48598595541033773,1.3797239336277334,1.363469159756455,0.7305210895226149,1.1512545710526692,72.78802490234375,788.5194091796875,532.4718627929688,688.55126953125,527.3504638671875,0.9424679279327393,0.5082659721374512,0.9144904613494873,0.9947335720062256,0.9991039633750916,0.9992213249206543,0.9995641112327576,0.9840067028999329,0.9974406957626343
373,3,0.07091916508915852,0.045794364674633256,-1.339920654168553,0.5039994392113389,1.3407029810153466,1.2704898603885497,0.6163766452092451,1.1109564872625357,73.73834228515625,783.8611450195312,533.4234619140625,690.1044921875,525.5478515625,0.919583797454834,0.7184388637542725,0.9366797804832458,0.9821640253067017,0.9909453392028809,0.9567055702209473,0.9662096500396729,0.8696502447128296,0.9327597618103027
374,0,0.06866733889878998,0.02095421228241789,-1.360316557680196,0.4874463443784242,1.3604779366499389,1.3630667516893924,0.7274721280501695,1.1527078001259599,72.8779296875,788.361572265625,532.308837890625,688.7208862304688,526.9644165039062,0.9346246123313904,0.4782823622226715,0.9032666683197021,0.9942183494567871,0.998980700969696,0.9991682767868042,0.9995269775390625,0.9833347201347351,0.9972468614578247
374,3,0.07048722458704124,0.04395204793879279,-1.3343367574143503,0.5023800998572706,1.335060434851193,1.2706844468764915,0.6125783769574026,1.1132774567097143,73.60052490234375,783.6166381835938,533.1136474609375,690.0410766601562,525.50634765625,0.9110231995582581,0.6947685480117798,0.9297599792480469,0.9809170961380005,0.9903396964073181,0.9565348625183105,0.9661148190498352,0.8690565228462219,0.9325593113899231
375,0,0.06906275072491752,0.018477490104168402,-1.3536948321953266,0.48775730916158994,1.3538209321593766,1.3466906975657853,0.7197365661381122,1.1382245429940177,73.334716796875,788.3706665039062,532.3423461914062,688.3849487304688,526.416748046875,0.9458483457565308,0.5357013940811157,0.9199551939964294,0.9946407079696655,0.999024510383606,0.9991064667701721,0.9994869232177734,0.9825886487960815,0.9970388412475586
376,0,0.0689043422992323,0.017624680126052797,-1.3587413355340439,0.48589020020307133,1.3588556384834936,1.34292376402519,0.7215249792851463,1.1326278913443524,73.366455078125,788.4913330078125,532.0602416992188,688.3217163085938,526.0510864257812,0.9456210136413574,0.5294304490089417,0.920242428779602,0.9946551322937012,0.9990662932395935,0.9991399049758911,0.9995155334472656,0.9827775955200195,0.9971902966499329
377,0,0.0681668243196587,0.01818833001804482,-1.3475141991685573,0.485442461690457,1.3476369438056095,1.3416604651297614,0.7242557655654251,1.129383189948145,73.36468505859375,788.4959716796875,531.9044189453125,688.3515014648438,526.22265625,0.9442967176437378,0.5234344601631165,0.9186257123947144,0.9945268034934998,0.9990425705909729,0.9991156458854675,0.9995017051696777,0.9825840592384338,0.9971568584442139
378,0,0.06800658816301113,0.020860985753473144,-1.3488495758431798,0.4829931118029882,1.3490108817125726,1.3483955270785697,0.7206174774982345,1.139684582930547,73.1143798828125,788.1707153320312,531.9641723632812,688.5460815429688,525.7291259765625,0.940576434135437,0.5072328448295593,0.9121794104576111,0.9943633079528809,0.9990109205245972,0.999129593372345,0.9995076656341553,0.9830899238586426,0.997221827507019
378,3,0.07055098789408194,0.04363454979507822,-1.317758752161771,0.5007924463089384,1.3184809831145716,1.2623357935028252,0.6118256561733204,1.1041562489097696,73.4786376953125,783.8397827148438,532.7617797851562,690.2413940429688,524.5143432617188,0.9186131358146667,0.7229182720184326,0.9344240427017212,0.9822169542312622,0.9905487895011902,0.9557226300239563,0.9645434021949768,0.8749540448188782,0.9315958619117737
379,3,0.07013622818220519,0.039536854113452535,-1.3290238199765858,0.5004589736891191,1.3296117767597972,1.2608245403002012,0.6108525236802895,1.1029676857173265,73.40625,784.0048828125,532.7236938476562,689.955810546875,525.7718505859375,0.920523464679718,0.7328168153762817,0.935171902179718,0.9829478859901428,0.9906504154205322,0.9573370218276978,0.9652996063232422,0.8786880373954773,0.9310475587844849
379,0,0.06840659941795585,0.01529507012975646,-1.3698631405136734,0.4840868355333318,1.3699485256418427,1.355527449380419,0.7240348216585061,1.1459617109876403,72.5235595703125,788.0843505859375,531.8370361328125,688.3270263671875,527.07666015625,0.939713716506958,0.511726975440979,0.9089440107345581,0.994361162185669,0.9989487528800964,0.9991293549537659,0.9994925260543823,0.983126699924469,0.997028648853302
380,0,0.06937112936009952,0.010607082888627542,-1.3707881829491302,0.4809564101964724,1.3708292208442248,1.3729916626831133,0.7339022168442091,1.1603851265457068,71.82666015625,788.229736328125,532.1329956054688,688.357421875,527.3402709960938,0.9396798014640808,0.5151547193527222,0.9087203145027161,0.9942498207092285,0.9989277720451355,0.9991051554679871,0.9994791150093079,0.982790470123291,0.9969621300697327
380,3,0.0703891792202075,0.03830219543837065,-1.31840234584741,0.49925905605012905,1.3189586057611333,1.2634221292084937,0.6130994267114448,1.104692070008571,73.205322265625,784.0668334960938,532.8439331054688,689.78759765625,526.13916015625,0.9232264161109924,0.7431010603904724,0.9375529885292053,0.9829626083374023,0.9906222224235535,0.9561160206794739,0.9642581343650818,0.8744897842407227,0.9282483458518982
381,3,0.07035901498381787,0.04455285449627348,-1.3185567535813338,0.4984991143139058,1.3193092394350585,1.2588334301283193,0.6131361395715351,1.0994206106672482,73.04022216796875,784.0939331054688,532.5838012695312,689.3841552734375,525.9404296875,0.9235941767692566,0.7507113814353943,0.9368922114372253,0.9830285310745239,0.9902175068855286,0.9556323885917664,0.9630239605903625,0.8751928806304932,0.9245482087135315
381,0,0.06904376480245167,0.015669293408441243,-1.3531702791785842,0.48080891690977,1.3532609989237727,1.368037719424947,0.7277048472755857,1.1584355213049307,71.97760009765625,788.0142822265625,532.1503295898438,687.8802490234375,527.0955200195312,0.9404260516166687,0.525060772895813,0.9091802835464478,0.9942330718040466,0.9988862872123718,0.9990850687026978,0.9994593262672424,0.9824895858764648,0.9967978596687317
382,3,0.0637011412321519,0.04672222872993996,-1.2986294746444087,0.5008871714159363,1.2994696914790687,1.2646978787139034,0.6044272696080997,1.1109133180305042,73.46795654296875,783.7702026367188,533.18798828125,688.4688110351562,526.5895385742188,0.902112603187561,0.7164886593818665,0.9151607751846313,0.9803394675254822,0.9872499108314514,0.9555409550666809,0.9607579112052917,0.875326931476593,0.9130905866622925
382,0,0.062014053911587035,0.02235065062043811,-1.3317836904908666,0.477463295576869,1.3319712271068882,1.3824150358294434,0.7216751616454894,1.1790912994129326,71.78863525390625,787.5303344726562,532.494873046875,687.3944702148438,527.2928466796875,0.9247562289237976,0.48129406571388245,0.8795604109764099,0.9936769604682922,0.9986575841903687,0.999097466468811,0.999441921710968,0.9830964803695679,0.9965642094612122
383,3,0.06032698555372948,0.05180325476415149,-1.2771785907962447,0.5020832917453665,1.2782287471311389,1.263609934053693,0.6017789592914013,1.1111130228709123,73.6075439453125,783.545166015625,533.2681274414062,687.6195068359375,526.5520629882812,0.8859963417053223,0.6896118521690369,0.8987062573432922,0.9785704016685486,0.9852173924446106,0.9554151296615601,0.9594363570213318,0.8787338733673096,0.9090999364852905
383,0,0.05815088769944609,0.028885222539846805,-1.3058046128137486,0.4773568371567227,1.3061240534217415,1.3858410679971214,0.717527504686612,1.1856263094945245,71.9537353515625,787.2779541015625,532.8953857421875,687.16162109375,527.1609497070312,0.9118860960006714,0.450449138879776,0.8556580543518066,0.9931367635726929,0.9984299540519714,0.9990718364715576,0.999404788017273,0.983125627040863,0.9962782263755798
384,0,0.05927213300761652,0.02648340156733574,-1.30901112207183,0.47667645817630916,1.3092789955797535,1.3803104887715003,0.7194422452444358,1.1779897712502698,72.08160400390625,787.4226684570312,532.7620239257812,686.6742553710938,527.0657348632812,0.916687548160553,0.45792943239212036,0.8659047484397888,0.9933011531829834,0.9985073208808899,0.9990648627281189,0.9994083642959595,0.9830744862556458,0.9963915944099426
384,3,0.0616461175443667,0.05013455559174059,-1.2864543206462666,0.5005665959836553,1.2874308497056566,1.2660273317794466,0.6079001748264853,1.1105325669508812,73.27996826171875,783.6676025390625,533.0997314453125,687.4595336914062,526.3082885742188,0.8904435038566589,0.6969104409217834,0.9031411409378052,0.9791244864463806,0.9857063889503479,0.9558623433113098,0.9599604606628418,0.878754198551178,0.909735381603241
385,3,0.06416304971134426,0.0459620989047394,-1.291503195981522,0.496515264381709,1.2923207882589425,1.2727996948738278,0.6125488309989187,1.1157073957417183,72.5894775390625,783.7449340820312,532.7425537109375,687.316650390625,525.2045288085938,0.8985514640808105,0.7082509398460388,0.9114989042282104,0.9805380702018738,0.987423837184906,0.9587644338607788,0.9637057185173035,0.8812864422798157,0.9179301857948303
385,0,0.06216168673525938,0.023368005417281845,-1.3192289595727658,0.47580211023206853,1.3194359065345402,1.3893275752673435,0.7257402864225531,1.1847076213401966,71.47625732421875,787.6101684570312,532.578857421875,686.6006469726562,526.31982421875,0.9227933883666992,0.47157561779022217,0.8771271109580994,0.9935599565505981,0.9986239671707153,0.9990736246109009,0.999426007270813,0.9832304120063782,0.9965918064117432
386,0,0.05815513616091636,0.023434230596450233,-1.3163911506934018,0.47603238134527526,1.3165997207912306,1.3985116542179068,0.7244891510247725,1.1962233558289648,71.4656982421875,787.683349609375,532.7019653320312,686.6282348632812,526.1477661132812,0.9108160138130188,0.4456997513771057,0.8548375368118286,0.9930693507194519,0.9984240531921387,0.999043881893158,0.9993903636932373,0.9830067753791809,0.9963040351867676
386,3,0.060997537689453665,0.04284764201896046,-1.290700668245587,0.49767850750457676,1.2914116831731817,1.277904318363495,0.6109633202949405,1.1223917623300033,72.77685546875,783.8629150390625,532.9035034179688,687.0093383789062,525.4141845703125,0.8807305693626404,0.6796225905418396,0.8927810192108154,0.9785014986991882,0.9851462244987488,0.9575561881065369,0.9613770842552185,0.8825176358222961,0.911972165107727
387,3,0.06660530513619567,0.04689066990637599,-1.3119051745606536,0.4958201340377985,1.3127429001763018,1.2695961132301496,0.6056610218545765,1.1158176451979835,72.54541015625,783.2498779296875,533.1528930664062,687.3014526367188,524.4383544921875,0.9080856442451477,0.719876766204834,0.921994149684906,0.9814873933792114,0.9888943433761597,0.9583335518836975,0.9646748304367065,0.8791003823280334,0.9237522482872009
387,0,0.06526552161862859,0.019185110226574244,-1.3382599043643058,0.4782323449118063,1.3383974148523923,1.3815150026721015,0.723793321869781,1.1767357094202608,71.59381103515625,787.5840454101562,532.8246459960938,686.6779174804688,525.4572143554688,0.9305091500282288,0.48876914381980896,0.8923876285552979,0.9938486218452454,0.9987608194351196,0.9990537762641907,0.9994304776191711,0.9829548001289368,0.9967631101608276
388,3,0.06699890605128137,0.045017583715600176,-1.3153571440555967,0.496545871656094,1.3161272732003113,1.270314966933245,0.6111498877528079,1.113640844219689,72.754638671875,783.4345092773438,533.5037841796875,687.88232421875,525.4797973632812,0.9139873385429382,0.7292131185531616,0.928167998790741,0.98206627368927,0.9895568490028381,0.9577008485794067,0.9646563529968262,0.8767105937004089,0.9248737096786499
388,0,0.06626476298402424,0.016198232780843386,-1.342793894194857,0.4801251865238971,1.342891590945528,1.3767622492458254,0.727679627294739,1.1687414816667603,71.7410888671875,787.8399658203125,532.81103515625,686.79736328125,526.5904541015625,0.9338662028312683,0.4992440342903137,0.8986459374427795,0.9940034747123718,0.9988116025924683,0.999061644077301,0.9994397759437561,0.9827176928520203,0.9967819452285767
389,0,0.06549911752052061,0.018500309968799863,-1.3292431849209494,0.48218223193310267,1.329371921671182,1.371546626513995,0.730830208238056,1.1606150763404033,72.068115234375,788.2499389648438,532.8384399414062,687.2510986328125,526.9053344726562,0.9315351247787476,0.4928242564201355,0.895104706287384,0.993874728679657,0.9987471103668213,0.9990366697311401,0.9994163513183594,0.9824841618537903,0.9966422319412231
389,3,0.06615379079618351,0.04870605325741867,-1.2996411793550935,0.4980063476053142,1.300553526272338,1.2658674156715366,0.6166953689710517,1.1054895458341492,72.9385986328125,783.903076171875,533.1956787109375,688.0071411132812,525.7670288085938,0.9117810130119324,0.7254167199134827,0.9259812831878662,0.9819062948226929,0.9892187714576721,0.9576576352119446,0.9641743302345276,0.8781936168670654,0.9235424399375916
390,3,0.06577469942890868,0.049894426045298854,-1.287416651592612,0.5013972330225563,1.2883831295652401,1.2676564084780095,0.6130070613262556,1.109583305894386,73.21978759765625,784.2443237304688,533.2261962890625,688.4985961914062,527.0905151367188,0.9062955379486084,0.7172555327415466,0.920224666595459,0.9813392758369446,0.9883894920349121,0.9580546021461487,0.9637224078178406,0.8784447312355042,0.9193997383117676
390,0,0.06537341390394474,0.0181894687548515,-1.3232416465112886,0.48508241175678934,1.3233666581244556,1.381319167821707,0.7310124461403901,1.172033893272501,71.94573974609375,788.3875732421875,532.8550415039062,687.9828491210938,528.4321899414062,0.926091194152832,0.47837620973587036,0.8846428394317627,0.9937496185302734,0.9986420273780823,0.9990412592887878,0.9994004964828491,0.9827657341957092,0.996469259262085
391,0,0.06090111034383566,0.023005506720015206,-1.3032274913765622,0.48830325203905056,1.3034305304154465,1.3726310190816402,0.721934190195902,1.167444619487918,72.56536865234375,788.5894165039062,533.0535888671875,688.315673828125,528.8663940429688,0.9157899022102356,0.4526529908180237,0.8665626645088196,0.9932336211204529,0.9984647035598755,0.9990134239196777,0.9993709921836853,0.9826052188873291,0.996260941028595
391,3,0.062419539098541386,0.046592987886490314,-1.269899736347695,0.5066366458294623,1.2707542039655568,1.2566929810249765,0.6075579503813116,1.100068445818669,74.10272216796875,784.5786743164062,533.36376953125,688.3735961914062,528.1489868164062,0.8884783387184143,0.6856748461723328,0.9034237861633301,0.9788618087768555,0.9860014915466309,0.9562438726425171,0.9609019756317139,0.8789454698562622,0.9133751392364502
392,3,0.06037002725285795,0.04501504917043543,-1.2620105135687834,0.5087647083855688,1.2628130863314495,1.2666776833308213,0.6149844929357616,1.1073691466249547,74.64544677734375,785.8892211914062,533.9985961914062,688.76513671875,527.9964599609375,0.8839827179908752,0.6873626708984375,0.897144615650177,0.9782440662384033,0.9846158623695374,0.9557443261146545,0.9591419100761414,0.8798636794090271,0.9071135520935059
392,0,0.05816184370535662,0.027082036725007717,-1.3086927152116823,0.4805507928195574,1.308972902531332,1.3962412503385024,0.7315788852288693,1.1892358739266613,72.3746337890625,789.6369018554688,533.734130859375,688.359619140625,528.5552978515625,0.9141978025436401,0.45697858929634094,0.8590038418769836,0.9933874607086182,0.9984273910522461,0.9990691542625427,0.9993923902511597,0.9835602045059204,0.9962583780288696
393,3,0.0632594528823543,0.04592506895545199,-1.253180887942881,0.5067859355158449,1.2540221090012211,1.2595288377532479,0.6199816665409452,1.096373853338887,74.440185546875,786.4368286132812,533.8480224609375,689.166748046875,526.30419921875,0.8919863700866699,0.6897701025009155,0.9086022973060608,0.9781941771507263,0.9862659573554993,0.953673779964447,0.9596307277679443,0.8735869526863098,0.9151223301887512
393,0,0.06176883026374548,0.02204673396754943,-1.30661089083454,0.48099456992660505,1.3067968773019263,1.394733565396046,0.7427449693492293,1.1805132904583406,72.1650390625,790.6301879882812,533.642333984375,688.6758422851562,527.0296630859375,0.9193543195724487,0.4626923203468323,0.8714962601661682,0.9934251308441162,0.9985144734382629,0.9990291595458984,0.9993820190429688,0.9832113981246948,0.9964106678962708
394,3,0.06240566391414479,0.04317373487770131,-1.230455111508106,0.508277448178887,1.2312123102128711,1.2599936823849,0.6322669348555333,1.0898727461214217,74.889892578125,787.6298828125,533.7174072265625,689.179443359375,526.666748046875,0.8925133347511292,0.6963554620742798,0.9084786772727966,0.9780967831611633,0.9857068657875061,0.9516470432281494,0.9570507407188416,0.8757275938987732,0.9128097891807556
394,0,0.060831684103789266,0.011444218923200737,-1.2886020944793413,0.48201768510831444,1.2886529121696453,1.397747946085246,0.7465205896396327,1.18169637810633,72.3511962890625,791.025390625,533.6883544921875,688.8851928710938,527.35693359375,0.9200516939163208,0.47050684690475464,0.8717764019966125,0.9933958649635315,0.998431384563446,0.9989763498306274,0.9993333220481873,0.9832572340965271,0.9962397813796997
395,0,0.06015062826096258,0.002361274593289433,-1.274192682355922,0.4855837200993526,1.274194870256149,1.3908142276945725,0.7497422271739961,1.1714310943242996,72.75030517578125,791.7374267578125,533.3047485351562,688.6974487304688,526.846435546875,0.9219045639038086,0.47833916544914246,0.8762628436088562,0.99327152967453,0.9983808994293213,0.9988622665405273,0.9992567896842957,0.9825458526611328,0.9960567951202393
395,3,0.06264188462784902,0.037731821421078886,-1.2266190867629856,0.505761003553713,1.2271992806219425,1.2575319276224224,0.6399169161169509,1.0825400174853288,74.76971435546875,788.2787475585938,533.004638671875,689.175537109375,526.0037841796875,0.8953346610069275,0.6988786458969116,0.9113709330558777,0.9788687825202942,0.9865330457687378,0.9532056450843811,0.9588739275932312,0.8798953294754028,0.9181135296821594
396,0,0.06061135751936352,-0.020509785405465875,-1.2750002467738433,0.4932009213862325,1.2751651973649294,1.3483691386996153,0.7501168062858233,1.1204570991899236,74.19970703125,792.6416015625,532.4115600585938,688.5521240234375,526.881103515625,0.9240177273750305,0.4744623899459839,0.8829922080039978,0.993507981300354,0.9985070824623108,0.9989069700241089,0.9992995262145996,0.9826812148094177,0.9962892532348633
396,3,0.06495841531472643,0.022991880146761748,-1.2162317410055874,0.5015072909322263,1.2164490430684571,1.2533200294293694,0.6550170970210781,1.0685334336270977,74.325927734375,789.1956176757812,531.6337890625,689.3258056640625,525.7901000976562,0.9035066366195679,0.7052931189537048,0.9202080965042114,0.9815040826797485,0.9890919923782349,0.9593026041984558,0.965519905090332,0.8894155621528625,0.9316705465316772
397,0,0.060133846820297064,0.010452834461166865,-1.3063109998227846,0.49502801234729527,1.3063528198791763,1.3115428090224837,0.7441067689702475,1.0800229887697972,74.39306640625,792.9934692382812,530.9495239257812,689.1633911132812,526.5869140625,0.9307613968849182,0.5017486214637756,0.9046111106872559,0.9908050298690796,0.998488187789917,0.9981772899627686,0.9990370273590088,0.9714673757553101,0.9956653714179993
397,3,0.06661543802121615,0.010807315646140984,-1.260278460011506,0.5062452576631931,1.2603247973599696,1.2364872450872966,0.6466290953716576,1.053931459005947,74.9010009765625,789.7512817382812,531.3648681640625,689.0429077148438,525.79541015625,0.9170717000961304,0.7276373505592346,0.9360343813896179,0.9812281727790833,0.9905270338058472,0.9481595158576965,0.959511935710907,0.8730080127716064,0.9355013370513916
398,0,0.057992482318611205,0.021399838435794714,-1.2676558352704552,0.49453828250632464,1.2678364522998673,1.233789081882881,0.7357757554775212,0.990388578399855,74.044189453125,791.7100219726562,522.6701049804688,689.2063598632812,526.2053833007812,0.9236370921134949,0.48498454689979553,0.8974025845527649,0.9888554215431213,0.9981673955917358,0.9976516366004944,0.9987732768058777,0.9666638970375061,0.9949280023574829
398,3,0.06494698263737428,0.019407493772854948,-1.2260386388745073,0.5053802086814589,1.2261922340431772,1.215415429023748,-0.7005405691875564,0.9932157751623542,74.85870361328125,789.0227661132812,524.3281860351562,688.6182250976562,525.8739013671875,0.9132791757583618,0.7146747708320618,0.9360111951828003,0.977970540523529,0.9895530939102173,0.9283552765846252,0.9456596374511719,0.8613281846046448,0.9340828061103821
399,3,0.0647463258476015,0.007035860374124913,-1.249540427802299,0.5071375241638961,1.249560236260564,1.2029927608333566,-0.6948917559942442,0.9819964511487284,75.501708984375,790.8909301757812,522.566650390625,688.8541259765625,525.6984252929688,0.9112069010734558,0.7120898365974426,0.9337042570114136,0.9781686663627625,0.9892780780792236,0.9296069741249084,0.9456030130386353,0.869110107421875,0.9352249503135681
399,0,0.0573284063984679,-0.00610383392464736,-1.2744761039566888,0.49533751483123695,1.2744907203841072,1.218307486545118,-0.6536205196197585,1.0281309975406248,74.57611083984375,792.6358642578125,521.783447265625,689.3319702148438,525.9666748046875,0.9266029596328735,0.49330800771713257,0.8990173935890198,0.9906320571899414,0.9983673691749573,0.997975766658783,0.9989113807678223,0.971465528011322,0.9954381585121155
400,0,0.05973905480798102,-0.006650445203882352,-1.2748936591480131,0.4944576968381402,1.2749110049557264,1.2052687263165345,-0.6566170232088552,1.010706083621259,74.60015869140625,792.7019653320312,517.2218627929688,689.3450927734375,524.9141845703125,0.923529326915741,0.4833216667175293,0.8934641480445862,0.9909652471542358,0.998263418674469,0.9979820251464844,0.9988586902618408,0.9735764265060425,0.9953612685203552
400,3,0.06703736205768097,0.0023216966294695917,-1.2810034418419878,0.5033151079731011,1.2810055457671752,1.206514855128054,-0.7075614696046604,0.9772588512648851,74.976318359375,792.4189453125,517.5582885742188,688.3749389648438,525.153076171875,0.9173527956008911,0.7209994792938232,0.9376547336578369,0.9811223745346069,0.9906533360481262,0.9342684745788574,0.9488896727561951,0.8906964063644409,0.9454123377799988
401,0,0.06369249737666155,0.0006970644365035779,-1.2626915161691532,0.48794111718979083,1.262691708575131,1.2219249532960956,-0.671851723842844,1.020644821991012,73.46307373046875,792.5121459960938,505.3619384765625,688.6964111328125,523.9425659179688,0.9295486807823181,0.501660168170929,0.9089012742042542,0.9889800548553467,0.9981696605682373,0.997197151184082,0.9985401630401611,0.9662702083587646,0.994865357875824
401,3,0.06481441501849458,0.01736221349067059,-1.231937413908566,0.4852923742594091,1.2320597543321594,1.2785787364954253,-0.7313917624837342,1.0487276458591026,72.09210205078125,795.7423095703125,504.89129638671875,688.9363403320312,525.1776733398438,0.9222137928009033,0.6746774315834045,0.9519934058189392,0.9753723740577698,0.9926585555076599,0.9257373809814453,0.9527884721755981,0.8740778565406799,0.9644989371299744
402,0,0.06885277406624757,0.00016277349467651978,-1.2770334468467917,0.489552391711656,1.2770334572205255,1.2202840128158148,-0.6814961742016022,1.0122529508390912,73.68157958984375,791.3685302734375,499.67022705078125,688.9268188476562,524.407958984375,0.9348200559616089,0.521320104598999,0.9159554839134216,0.9890866279602051,0.9982686042785645,0.9970870614051819,0.998522937297821,0.9656050801277161,0.9949263334274292
402,3,0.07305529392435416,0.00614982439530658,-1.248503008623256,0.5039480747967817,1.248518154806495,1.2183692481216097,-0.7253368535608142,0.9789331303183658,75.0406494140625,793.8468627929688,504.23614501953125,687.6092529296875,524.9546508789062,0.9274514317512512,0.740943431854248,0.948725163936615,0.9817615151405334,0.9915042519569397,0.920707643032074,0.939766526222229,0.8930624723434448,0.9500424861907959
403,0,0.07102314728778211,0.015109954779161246,-1.2556554956740795,0.49419404069194917,1.2557464053501992,1.1968152648715962,-0.6731854880340292,0.9895393256106878,73.89678955078125,787.163818359375,490.79388427734375,689.59033203125,523.6522827148438,0.9427734613418579,0.5481141209602356,0.9272100925445557,0.9902133345603943,0.998514711856842,0.9973256587982178,0.998675525188446,0.9669501781463623,0.9953369498252869
403,3,0.07346924671734624,0.03453351762266759,-1.2400447172649294,0.5076518174602314,1.2405254792450067,1.2247801803982399,-0.7327899508110086,0.981379324362779,75.0701904296875,786.3311767578125,495.572509765625,686.93701171875,525.12939453125,0.9312117695808411,0.742852509021759,0.9524292349815369,0.9833715558052063,0.9924748539924622,0.9241065979003906,0.9430378079414368,0.8982986211776733,0.9539167284965515
404,0,0.06930232207377814,0.03106125609175677,-1.2377435864778081,0.4844958501590687,1.2381332672604128,1.2304556329434027,-0.6732782198328161,1.029911405578608,72.84033203125,784.0455322265625,478.6799011230469,689.5183715820312,524.4473876953125,0.932403028011322,0.5016318559646606,0.9095885753631592,0.9908860921859741,0.9984360337257385,0.9977335929870605,0.9987952709197998,0.9742307662963867,0.9958582520484924
404,3,0.07274110718959433,0.0637908785078849,-1.2108014930404092,0.49748752058075246,1.2124807345808393,1.2817131924965137,-0.755136250677453,1.0356437373597176,73.8779296875,783.8715209960938,483.0794677734375,685.7673950195312,526.2679443359375,0.9181361794471741,0.7069287300109863,0.9416410326957703,0.9836786389350891,0.9920136332511902,0.9326463937759399,0.9473962187767029,0.9154914617538452,0.9574625492095947
405,0,0.06421066380286188,0.04251657415643818,-1.2503380564485975,0.47402344305116156,1.2510607157455054,1.261505001409758,-0.6869093616025924,1.058088085900485,71.4967041015625,783.5380859375,475.93914794921875,689.0472412109375,525.1065673828125,0.9263164401054382,0.48468056321144104,0.8996566534042358,0.9903290271759033,0.9983201622962952,0.997638463973999,0.9987356066703796,0.9748661518096924,0.9958754181861877
405,3,0.06885857111023158,0.07838738537983883,-1.1877775080071973,0.4924333462987173,1.1903612857928785,1.2952988091532414,-0.7618395101557537,1.047568406243452,73.405029296875,784.2819213867188,480.8452453613281,684.9659423828125,526.4255981445312,0.9047845005989075,0.6715236902236938,0.9320952296257019,0.9816562533378601,0.9907925128936768,0.9232982993125916,0.9391451478004456,0.9204661250114441,0.9587945938110352
406,3,0.060064716762673345,0.08895214156495822,-1.1937963417944948,0.4812389770575381,1.19710575521585,1.2828548467943395,-0.7429906383972029,1.0457922686642145,72.16693115234375,785.3408813476562,473.8629150390625,684.989501953125,526.1600341796875,0.8933637738227844,0.6288120746612549,0.9287238121032715,0.9771295189857483,0.9896429777145386,0.9144584536552429,0.935356080532074,0.9107899069786072,0.9590206146240234
406,0,0.05206704653172013,0.0570379095529415,-1.280754728200608,0.45806799154935446,1.2820241795435774,1.2741324361136388,-0.6727485300341739,1.08204569223935,69.797607421875,783.5987548828125,468.568115234375,689.4125366210938,526.15380859375,0.9208020567893982,0.46567288041114807,0.8953015208244324,0.9886627793312073,0.9982858300209045,0.9973340034484863,0.9986814856529236,0.9719375371932983,0.9959844350814819
407,0,0.04437613487389417,0.05858285638424701,-1.298087865768928,0.4572276174541366,1.2994091189146966,1.279994965625386,-0.6686858214893039,1.0914423412006278,69.88226318359375,782.2427368164062,465.1790771484375,689.44287109375,526.8239135742188,0.9094223380088806,0.44072601199150085,0.8773892521858215,0.9879167079925537,0.9982094764709473,0.9973663687705994,0.9987155199050903,0.9715269804000854,0.9959516525268555
407,3,0.05425026265383407,0.07203386967640373,-1.214629565193891,0.4806094915434205,1.2167636824887804,1.2735399081090117,-0.7287174385254901,1.0444495164129086,72.269775390625,784.5594482421875,470.32568359375,685.92529296875,526.1593017578125,0.8656471967697144,0.5792450308799744,0.9077463150024414,0.9727600812911987,0.9869582056999207,0.9080219268798828,0.9288263916969299,0.9099757671356201,0.9559173583984375
408,0,0.043764936099470096,0.05440549994804835,-1.264422211062238,0.4601898235060725,1.265592148463365,1.2625520068529132,-0.662328992484328,1.0748757489696257,70.49072265625,781.6728515625,464.46929931640625,689.3519287109375,526.30859375,0.9268109798431396,0.5102551579475403,0.8968529105186462,0.9899647831916809,0.9984179735183716,0.9976710677146912,0.9988282322883606,0.9736237525939941,0.995962917804718
408,3,0.052872711446736186,0.06911344737976352,-1.2096071556699324,0.48292109618838636,1.211580017851326,1.2665803691732567,-0.7223922192339716,1.0403726799398765,72.64508056640625,784.055908203125,469.7101745605469,685.8712158203125,526.0177612304688,0.888867199420929,0.6402456164360046,0.9213187098503113,0.978110134601593,0.9888182282447815,0.9193081855773926,0.9358348250389099,0.9206439256668091,0.9580567479133606
409,3,0.05737614154672185,0.06462946433099699,-1.244561064508167,0.4812087416944247,1.2462380233925674,1.2732070828697628,-0.7285603916675965,1.0441532605718806,72.207275390625,782.245849609375,467.53411865234375,686.409423828125,525.7614135742188,0.8770043253898621,0.6137887835502625,0.9110840559005737,0.9771023988723755,0.987972617149353,0.9175163507461548,0.9334864616394043,0.9209833145141602,0.9567940831184387
409,0,0.047961202729254235,0.044203106969716924,-1.2819546429549133,0.462292741628004,1.2827165007356207,1.265185398377653,-0.6663212937968029,1.0755045447142357,70.453369140625,780.4512939453125,462.06854248046875,689.6492919921875,526.031005859375,0.9169758558273315,0.4732644259929657,0.8824608325958252,0.989609956741333,0.9983099699020386,0.9977346658706665,0.998838484287262,0.9743220806121826,0.9959425330162048
410,0,0.04751748505705875,0.038793114497750546,-1.2569562115211252,0.46776934448141294,1.2575546999689418,1.2386310586348597,-0.6689468804607425,1.0424571792341182,71.42852783203125,781.4210815429688,464.31561279296875,689.2837524414062,525.9087524414062,0.9416574835777283,0.5681255459785461,0.9179578423500061,0.9915754199028015,0.9986947178840637,0.9979376792907715,0.9989709854125977,0.9746778607368469,0.9961987137794495
410,3,0.05587167330928078,0.051894387405206084,-1.2217374163047188,0.4907456451380606,1.222839049852061,1.2394826586087113,-0.7227147585302098,1.0069759871984734,73.691162109375,783.0548095703125,469.94659423828125,685.8428344726562,525.7022705078125,0.9124765992164612,0.6975991725921631,0.9393399357795715,0.9814125299453735,0.9909387826919556,0.9246872067451477,0.9415098428726196,0.9215098023414612,0.9608947038650513
411,0,0.046873617124753714,0.047683471832093274,-1.2877914295460775,0.4643313662404982,1.2886739228750972,1.2386805843429043,-0.6735821527785535,1.0395271393697654,71.03204345703125,781.4512939453125,465.5052490234375,689.3275146484375,526.0881958007812,0.9449708461761475,0.5822874903678894,0.9218379259109497,0.9920654892921448,0.9987937211990356,0.9980130195617676,0.9990177154541016,0.9755190014839172,0.9963902831077576
411,3,0.054543190299669156,0.05861834212678342,-1.230678001984234,0.4882214284907593,1.2320732342688072,1.2306241617674498,-0.7188950556042158,0.9988121577922698,73.51654052734375,783.1327514648438,471.48138427734375,685.8251342773438,525.6048583984375,0.9211701154708862,0.7152038812637329,0.9461429119110107,0.9828329682350159,0.9920400381088257,0.9276182055473328,0.9453044533729553,0.9239997267723083,0.9647075533866882
412,3,0.05750513423851136,0.05060571542599629,-1.2247898495896767,0.48810489764893805,1.2258348641198291,1.2471376365332576,-0.719696352404154,1.0185231685111125,73.4075927734375,782.8505249023438,471.81427001953125,685.6776123046875,526.3062744140625,0.9177707433700562,0.7022091150283813,0.9439136981964111,0.9828194975852966,0.9922045469284058,0.92889004945755,0.9469205141067505,0.9236579537391663,0.9656535387039185
412,0,0.05008500826792743,0.04283278084428607,-1.295127486524184,0.46374259859370676,1.295835581185092,1.2489963634443797,-0.6752817866659075,1.0507075827720027,70.75799560546875,781.2542114257812,466.001953125,689.2376098632812,526.1713256835938,0.9386037588119507,0.5570462346076965,0.9125416278839111,0.9915342926979065,0.9986408352851868,0.9978818297386169,0.9989262223243713,0.9747921824455261,0.9961025714874268
413,3,0.057772240562747844,0.05086700498847536,-1.2282754721116993,0.48863784494979945,1.2293283074865378,1.2473138105992296,-0.7215994008515613,1.0173917862860105,73.50927734375,782.5848999023438,472.1521301269531,685.7813720703125,526.118408203125,0.91292804479599,0.6939288973808289,0.9399040341377258,0.9819517731666565,0.9916266202926636,0.9267663359642029,0.9447866082191467,0.9220029711723328,0.9640375971794128
413,0,0.04905170477054497,0.037390734677987786,-1.2882229261240372,0.466686779220919,1.2887654458555817,1.2426305247577647,-0.6747524862844902,1.0434748215997627,71.1790771484375,781.1679077148438,466.3189697265625,689.0975341796875,525.7401733398438,0.9375045895576477,0.5642654895782471,0.9094108939170837,0.9913581609725952,0.9985193610191345,0.9977540373802185,0.9988283514976501,0.9738810062408447,0.9956696033477783
414,0,0.0485240178832688,0.037793971541921566,-1.3008504419780473,0.47016872789750386,1.3013993455812833,1.2331409220731417,-0.663953781140909,1.0391351741713337,71.75439453125,780.89208984375,467.2213439941406,689.3533935546875,526.3255615234375,0.9411384463310242,0.564860463142395,0.9153658151626587,0.9924483299255371,0.9987850785255432,0.9981446266174316,0.999055802822113,0.97658371925354,0.9963758587837219
414,3,0.05838100762788713,0.05594436776550915,-1.2530675741451966,0.4870323100312492,1.2543157966233267,1.255182051503879,-0.7279781431695738,1.0225115185096283,73.23046875,782.0233764648438,473.0638732910156,685.7044677734375,526.57958984375,0.9178370833396912,0.7064281105995178,0.9424925446510315,0.9837137460708618,0.9924191236495972,0.9387555718421936,0.9539033770561218,0.9237551689147949,0.9645650386810303
415,0,0.05127834487302338,0.039484870295370886,-1.323462044270889,0.46660328565516995,1.3240509195676438,1.2407941401467433,-0.6703064373197951,1.0441548631836848,71.14788818359375,781.3056030273438,466.93231201171875,689.3863525390625,526.2333374023438,0.9348059892654419,0.5318822264671326,0.9075625538825989,0.9918153882026672,0.9987001419067383,0.9980442523956299,0.9990096092224121,0.9762095808982849,0.996379554271698
415,3,0.06050017034520225,0.06115141637641016,-1.2616096324143062,0.48479468098303713,1.2630907965484517,1.2704345450056678,-0.7388063949346787,1.033522638333279,72.91461181640625,782.996826171875,472.7862854003906,685.078369140625,527.0318603515625,0.9137796759605408,0.6916882395744324,0.9401971101760864,0.982935905456543,0.9921316504478455,0.9365283250808716,0.9523866176605225,0.9230366945266724,0.9646173715591431
416,3,0.0610558798999166,0.06700041701417848,-1.246639282735613,0.4862195847278299,1.2484384474773425,1.2711183379619622,-0.736580483736447,1.0359493327773144,73.18115234375,782.4922485351562,472.05413818359375,685.4563598632812,526.9347534179688,0.913920521736145,0.6955651044845581,0.9395093321800232,0.9832780957221985,0.9920459985733032,0.9374859929084778,0.9523760080337524,0.9239518642425537,0.9636068344116211
416,0,0.050923341133905675,0.04582086740780589,-1.3002453871125947,0.47070292846393613,1.3010525041663712,1.2365007250712954,-0.6656473315424261,1.042040149472316,71.9327392578125,780.9074096679688,466.400634765625,689.326171875,526.1930541992188,0.9377637505531311,0.5475455522537231,0.9112454056739807,0.9920352101325989,0.9987062215805054,0.9980413913726807,0.9989975094795227,0.9762285351753235,0.9962865114212036
417,0,0.05240927091128844,0.037839941085118026,-1.3341710577232875,0.4691749702723258,1.3347075606318415,1.2326094399916212,-0.6558687302786013,1.0436293595904598,71.6075439453125,781.155029296875,464.5775146484375,689.90576171875,526.6107177734375,0.9369025826454163,0.5363036394119263,0.9102761745452881,0.992131769657135,0.9987688660621643,0.998175859451294,0.9990794658660889,0.9767429232597351,0.9964859485626221
417,3,0.06198981368732266,0.06284832397475996,-1.2940586556383482,0.4836309660760718,1.2955839286047683,1.2625041912692367,-0.7303912641752804,1.0297793133428277,72.72943115234375,782.4795532226562,470.25244140625,686.144775390625,526.6387939453125,0.9110408425331116,0.687303364276886,0.9367698431015015,0.9829877614974976,0.9917058944702148,0.9350526332855225,0.9498189091682434,0.9235941767692566,0.9621760845184326
418,3,0.06156327811516167,0.07320783825003706,-1.2663554415401792,0.4851484110462416,1.268469744179839,1.2683614519757391,-0.7316097860034121,1.036092608738257,72.87542724609375,781.9027099609375,470.01055908203125,685.9354858398438,526.6751708984375,0.9150800108909607,0.6970265507698059,0.9397554993629456,0.9836185574531555,0.992004930973053,0.9345506429672241,0.9493591785430908,0.9262714385986328,0.9634519219398499
418,0,0.05172223411375783,0.035185355064265254,-1.302795445202105,0.47233036352354507,1.3032704942759772,1.2302093625591497,-0.654860919997146,1.0414279865591671,71.857177734375,780.9078369140625,464.5793151855469,689.8479614257812,526.4469604492188,0.9407857060432434,0.5610870122909546,0.9150732159614563,0.9922555685043335,0.998723566532135,0.9980935454368591,0.9990140199661255,0.9763877391815186,0.9962261915206909
419,0,0.05301053186559009,0.03278399258475027,-1.303420198902169,0.47256562815758446,1.3038324298298332,1.2260736060104829,-0.6550561033372876,1.0364159342831996,71.77459716796875,781.4100341796875,464.6697998046875,689.8760986328125,526.4252319335938,0.9409340620040894,0.553094744682312,0.9157128930091858,0.9926151037216187,0.998806357383728,0.9982765913009644,0.9991133809089661,0.9777044057846069,0.9965187311172485
419,3,0.061287782690331714,0.07480981053012073,-1.263294436393211,0.4860784461566738,1.2655075427564995,1.262398919756653,-0.7305032783209107,1.0295707809398857,72.944580078125,782.55078125,469.9565124511719,685.93603515625,526.6083984375,0.9161781668663025,0.6995801329612732,0.9406768679618835,0.9840220808982849,0.9921883344650269,0.938627302646637,0.9524877071380615,0.9269459843635559,0.9635909199714661
420,0,0.05501195958067143,0.03486226211752146,-1.2762270394632378,0.47496842559933977,1.2767031109764915,1.2199396066571169,-0.6443452129582394,1.035891833363176,72.264892578125,781.208740234375,464.40069580078125,690.1969604492188,525.9854125976562,0.9441552758216858,0.5642814636230469,0.9223332405090332,0.9925415515899658,0.998842179775238,0.9981801509857178,0.9990859031677246,0.9761376976966858,0.9964483976364136
420,3,0.0630587030972365,0.06572316706268128,-1.2447074832196612,0.4883369390982854,1.2464414360377194,1.2518196296040798,-0.719389873955,1.0244660044692087,73.33709716796875,782.2421875,469.3809509277344,686.7645263671875,526.4224243164062,0.9256114959716797,0.7254174947738647,0.9479336738586426,0.9855741858482361,0.9931274652481079,0.943474292755127,0.9568372964859009,0.9238945841789246,0.963149905204773
421,3,0.06185969089592694,0.06621049040968079,-1.2604376549826017,0.4845767008410073,1.2621754676503305,1.2524366462472136,-0.7310990199832456,1.0169030316812446,73.0042724609375,783.9178466796875,472.1264953613281,685.5433959960938,525.9606323242188,0.9166513085365295,0.6881938576698303,0.9435943961143494,0.983052134513855,0.9924769997596741,0.9368014335632324,0.953208863735199,0.9210461974143982,0.9649457335472107
421,0,0.05446639575458357,0.019683106794781087,-1.3120059558247674,0.46744864404176445,1.3121535934534327,1.2344322265629173,-0.6681196598096165,1.0379976118243066,70.99798583984375,782.551513671875,466.99951171875,689.425048828125,525.471923828125,0.9368832111358643,0.5216348171234131,0.9137282371520996,0.9919958114624023,0.9988152980804443,0.9981834292411804,0.9991063475608826,0.9766372442245483,0.9967135190963745
422,0,0.05491530563618247,0.012659099770393796,-1.3149815881817788,0.4640978099345126,1.315042520249467,1.2365254684211473,-0.6712221115106355,1.0384874149807217,70.4437255859375,783.6065673828125,469.0968322753906,689.5015258789062,525.4829711914062,0.9341104626655579,0.5028454661369324,0.9110994338989258,0.9917657971382141,0.9987993240356445,0.9981817007064819,0.999108612537384,0.9771592020988464,0.9968504309654236
422,3,0.061965696854198164,0.07063155094798299,-1.2433606678810367,0.4809661428327911,1.2453652341473544,1.2687949100404072,-0.7404519880538318,1.0303258596830291,72.509521484375,785.6889038085938,474.44091796875,684.8442993164062,526.3815307617188,0.9187425971031189,0.6862463355064392,0.9456807374954224,0.9836370348930359,0.9930429458618164,0.9413424134254456,0.9574725031852722,0.9257461428642273,0.9687702655792236
423,0,0.06728788954523914,0.011637688793676017,-1.4012943586960926,0.45856034156994346,1.4013426831128608,1.2433603157050488,-0.6930465437081694,1.0322942230412409,69.2891845703125,785.842529296875,472.4811706542969,689.361083984375,525.0949096679688,0.9304490685462952,0.4671174883842468,0.9069340229034424,0.9922134280204773,0.9988641738891602,0.9984069466590881,0.9992077946662903,0.9794654250144958,0.9972051978111267
423,3,0.0653974424875484,0.11006970089841002,-1.2987897517048037,0.46549119022733343,1.3034454949054415,1.2786799113758753,-0.7394584627908078,1.043179513584921,69.5809326171875,790.4691162109375,474.50714111328125,688.0928344726562,523.8074951171875,0.9148147702217102,0.6198323965072632,0.9511064887046814,0.9792211055755615,0.9942246079444885,0.941611111164093,0.9641358852386475,0.910896897315979,0.9771220088005066
424,3,0.06577208131412764,0.09632622764370552,-1.214724849957317,0.46714691097181404,1.218538141888014,1.3084921717509237,-0.7356007320046677,1.0821475530664226,70.13995361328125,788.8198852539062,477.490234375,687.8432006835938,524.6719360351562,0.908663809299469,0.6156322956085205,0.9453139305114746,0.9791079163551331,0.9935762286186218,0.9415242075920105,0.9620696902275085,0.9116685390472412,0.9740470051765442
424,0,0.06810447070771714,0.0026068114470151225,-1.3166823759373392,0.4624049478693394,1.3166849564607006,1.2659130936654148,-0.685506197915942,1.0642449028923608,70.1943359375,785.225830078125,477.0252990722656,688.8764038085938,525.2703857421875,0.9185441136360168,0.43879613280296326,0.8884816765785217,0.9913362264633179,0.9985424280166626,0.9982495903968811,0.9990636706352234,0.9789085388183594,0.996675968170166
425,0,0.06900757996662994,-0.00045555367590168286,-1.2880786626558478,0.4633978694783793,1.2880787432134841,1.2576628199984727,-0.679816181300917,1.0580953305104177,71.07647705078125,786.2672119140625,480.7325744628906,688.7974243164062,524.8623657226562,0.9215430021286011,0.4595911204814911,0.897432804107666,0.989565372467041,0.9983918070793152,0.9977288842201233,0.9988558292388916,0.971076250076294,0.9958386421203613
425,3,0.06626668067130015,0.07267593534299824,-1.2095332272738528,0.47113010632483276,1.2117146609072127,1.2761672465391045,-0.728276379733929,1.0479581842138748,71.47467041015625,788.438232421875,481.4925842285156,688.1884155273438,524.0296630859375,0.9091196656227112,0.6297335028648376,0.9457668662071228,0.9758553504943848,0.9923833012580872,0.9279809594154358,0.9525647163391113,0.8891486525535583,0.9660294055938721
426,0,0.06453827195413678,-0.02553935679040239,-1.3129549974043266,0.4594880713959231,1.313203367325207,1.278368173294748,-0.685791576910407,1.0788489697504877,70.7777099609375,795.286865234375,489.8961181640625,688.6051025390625,524.3013916015625,0.9283535480499268,0.4900876581668854,0.9068496823310852,0.9891616106033325,0.9984550476074219,0.9975882768630981,0.9988362193107605,0.9675293564796448,0.9956886172294617
426,3,0.06390408008262932,0.02191424611982983,-1.2370502402236667,0.462200138190453,1.2372443295567905,1.3000675977278846,-0.7225914052349209,1.0807577988349542,70.5570068359375,798.2157592773438,491.13031005859375,689.1409912109375,524.1488037109375,0.9136860966682434,0.6624878644943237,0.9451748132705688,0.9751902222633362,0.99146568775177,0.9256558418273926,0.9490405321121216,0.8820929527282715,0.9596810936927795
427,0,0.06271787959703641,-0.023879008942093105,-1.3828307053222535,0.46338614254880117,1.3830368638073598,1.263204082408492,-0.692102029265341,1.0567304930304025,71.8189697265625,798.3611450195312,494.1759033203125,687.9207763671875,525.0494995117188,0.9423002004623413,0.5434967875480652,0.9278554916381836,0.9890128374099731,0.9987428784370422,0.9973245859146118,0.9988521337509155,0.9616912603378296,0.9958966970443726
427,3,0.06916300608919303,-0.03344206588443891,-1.3498291163310676,0.4650371727067973,1.3502433169861385,1.2861038122542223,-0.7461209790013451,1.0475526242575686,71.73834228515625,801.9251708984375,497.12432861328125,686.682373046875,525.1370849609375,0.9320244789123535,0.7627276182174683,0.9484924674034119,0.9853972792625427,0.9923586249351501,0.9391295909881592,0.9511070251464844,0.9175154566764832,0.9551171064376831
428,0,0.0629540987872438,-0.01675158014394204,-1.4093587149303914,0.4595894913526946,1.409458265713307,1.273583314905157,-0.6867873944573413,1.0725378943511994,71.30419921875,798.51318359375,494.38153076171875,687.4813232421875,526.0598754882812,0.9511989951133728,0.575793445110321,0.9425175786018372,0.9888430833816528,0.9988545179367065,0.997076153755188,0.9988118410110474,0.957381546497345,0.9959383010864258
428,3,0.06864164833916715,-0.03687957542153249,-1.35799027351857,0.45798490568943373,1.3584909591360235,1.2921861102682533,-0.735318210134677,1.0625686205674125,70.934326171875,800.9227294921875,496.05999755859375,686.7153930664062,525.6005249023438,0.9451764225959778,0.7903054356575012,0.9609605669975281,0.985952615737915,0.9935175180435181,0.9347421526908875,0.9506188631057739,0.9082349538803101,0.9569463729858398
429,0,0.06287339504806969,-0.019102514161773602,-1.4151088645593466,0.4694417161977992,1.4152377908329554,1.252262383980933,-0.6921903907749285,1.0435676984520275,72.54559326171875,798.8126220703125,507.3817138671875,686.7117919921875,526.4658203125,0.951837956905365,0.5661767721176147,0.9413197636604309,0.9911314845085144,0.9989948868751526,0.9977877140045166,0.9990435242652893,0.9669018983840942,0.9965773224830627
429,3,0.06886663814200687,-0.027125505384100423,-1.3681858741688224,0.4669869151889041,1.3684547414209385,1.2622366897049346,-0.7257145554874102,1.0327535256734697,71.75238037109375,800.3877563476562,506.4306640625,687.1839599609375,525.647216796875,0.9462980031967163,0.789207398891449,0.961920976638794,0.9861094355583191,0.9937922358512878,0.9377192854881287,0.9536941647529602,0.9035500288009644,0.9571780562400818
430,0,0.06241409969766452,-0.010607769039537017,-1.4309686909402626,0.47544649852594567,1.4310080080891527,1.2377615979779255,-0.6909641907509355,1.0269480320487363,72.69659423828125,796.9136962890625,506.5252685546875,686.4686889648438,525.5491943359375,0.9544203877449036,0.5764234662055969,0.9469577074050903,0.9902868270874023,0.9990065693855286,0.9974741339683533,0.9989691972732544,0.9613934755325317,0.9964073300361633
430,3,0.06894632274134856,-0.025178451149924383,-1.3802701866906155,0.4745553129774063,1.3804998162510764,1.2562638487697286,-0.7244345693237707,1.026349556678627,72.03948974609375,796.9070434570312,506.31231689453125,686.9776611328125,525.605712890625,0.9463937282562256,0.7870519161224365,0.9632797241210938,0.9844993948936462,0.9934106469154358,0.9257968068122864,0.9460261464118958,0.8871034383773804,0.9525516629219055
431,0,0.06295089419101442,0.006020860626397639,-1.4575373122258457,0.48488766861417165,1.457549747793613,1.2410727432336683,-0.6993932320861733,1.0252368803889171,71.70098876953125,794.2040405273438,505.72100830078125,686.51318359375,524.5617065429688,0.9595776796340942,0.6064226627349854,0.9545350670814514,0.9897090792655945,0.9990954399108887,0.9973239898681641,0.9989954829216003,0.9544281959533691,0.9963274598121643
431,3,0.0684721928143898,-0.005122557500202268,-1.4144967989933053,0.48122838577216026,1.4145060745566453,1.252887703533178,-0.7323944631793855,1.0165264128239955,70.9119873046875,792.4254760742188,507.2545166015625,687.0823364257812,524.1286010742188,0.9506612420082092,0.8007797002792358,0.9664993286132812,0.9843631386756897,0.9936429262161255,0.9250934720039368,0.9469390511512756,0.870742678642273,0.9482505917549133
432,3,0.06805815318942807,-0.000640919706663379,-1.478702754031105,0.48610790810054805,1.4787028929292203,1.2794653021143565,-0.7377847086875661,1.0453253957220139,69.80401611328125,790.7437744140625,506.91021728515625,687.5277099609375,525.223876953125,0.9496979713439941,0.7991759777069092,0.9653360247612,0.9838457107543945,0.9932634234428406,0.9213814735412598,0.943505585193634,0.866119921207428,0.9442800283432007
432,0,0.060769651560268416,0.030658752494837058,-1.4391622793012888,0.5134431069110238,1.4394888069270357,1.2170103541592032,-0.6962602402799333,0.9981662586643762,73.97479248046875,791.9993896484375,503.11993408203125,685.4295043945312,525.271728515625,0.9599898457527161,0.6544716954231262,0.9599080681800842,0.9881491661071777,0.9986761212348938,0.9954299926757812,0.998134970664978,0.9321818947792053,0.993251383304596
433,3,0.06696961270543014,0.01600058430335904,-1.5021898176339938,0.49036187486231114,1.502275030379358,1.2899838349927304,-0.7416983164319481,1.0554344612265443,69.360107421875,788.9535522460938,506.52728271484375,687.6641845703125,525.1890258789062,0.9518049359321594,0.8062668442726135,0.96661376953125,0.9843571782112122,0.9933881759643555,0.9213900566101074,0.9430093169212341,0.864589512348175,0.9424179196357727
433,0,0.05993773410597421,0.044837305377801735,-1.4495693316942648,0.5242461033583377,1.4502626077169956,1.2125519723501272,-0.6890350272485526,0.997753986148274,73.92926025390625,790.0955200195312,502.9422607421875,685.9458618164062,525.09423828125,0.9618250131607056,0.667277455329895,0.9627606868743896,0.9875099658966064,0.9986523985862732,0.9949156045913696,0.9979725480079651,0.9235139489173889,0.9926518797874451
434,3,0.06781555263604758,0.016462896926473087,-1.5119200829378592,0.49217038291924964,1.5120097103411851,1.3413835534903733,-0.75102823283374,1.1114254050817314,68.2928466796875,785.500244140625,508.7452392578125,687.9305419921875,526.670654296875,0.9533715844154358,0.8131214380264282,0.9663249850273132,0.98602294921875,0.9938062429428101,0.9324899911880493,0.9499183297157288,0.8718081116676331,0.9421229362487793
434,0,0.05930205777466997,0.05299420390835008,-1.453020145388694,0.5339811002118924,1.4539862202074891,1.2343881900542302,-0.6857185499045071,1.0264035629625503,73.40740966796875,787.2295532226562,506.0731201171875,686.4719848632812,525.5303344726562,0.958331823348999,0.6415343284606934,0.9595896601676941,0.9870755076408386,0.9986151456832886,0.994889497756958,0.9979619979858398,0.9248334169387817,0.9928990602493286
435,3,0.06655360850902618,0.022054382284298974,-1.5081304481463347,0.4980845399163425,1.5082916973861542,1.3496956852997397,-0.7501393867696937,1.122038031144008,68.309814453125,784.951171875,505.572998046875,687.6666870117188,526.7945556640625,0.9610194563865662,0.841905951499939,0.9718360304832458,0.9873156547546387,0.99424147605896,0.9293703436851501,0.946921169757843,0.8744498491287231,0.9411779642105103
435,0,0.05800658619824091,0.06249906493273334,-1.4356902292535587,0.5392834627382511,1.4370499530258516,1.2365775777580854,-0.6855040469711301,1.029178462367075,73.4327392578125,785.8267211914062,502.578125,686.45263671875,525.3341674804688,0.964171826839447,0.6835331916809082,0.9644898176193237,0.98829585313797,0.9986532926559448,0.9949297308921814,0.9978971481323242,0.9300739169120789,0.9928265810012817
436,0,0.057225938258555355,0.07496333866715688,-1.4145007582942348,0.5446277378159731,1.4164857561440891,1.2506436621715824,-0.6838748626505622,1.0471030235677012,73.04473876953125,782.65380859375,503.08575439453125,686.446533203125,525.2027587890625,0.9561918377876282,0.6273296475410461,0.9575045108795166,0.9869721531867981,0.9984903335571289,0.9948316812515259,0.9978393316268921,0.9285091161727905,0.9926522374153137
436,3,0.06700813991010195,0.04706467842582956,-1.513751948624487,0.4972581799568623,1.5144834254358013,1.3967736424763344,-0.7656892108695751,1.1682023115344935,67.14691162109375,781.0292358398438,505.40020751953125,687.2600708007812,527.27685546875,0.9564423561096191,0.8197340369224548,0.9678194522857666,0.9870558977127075,0.9939877986907959,0.9360778331756592,0.9512009620666504,0.8760790824890137,0.9391782879829407
437,0,0.05837081807563675,0.08716094746202334,-1.3970946210899222,0.5509662567280964,1.3998108483080387,1.2496354888555723,-0.6842318055904256,1.0456651907880319,72.68853759765625,779.797119140625,505.4423828125,686.8958740234375,524.07568359375,0.9559077620506287,0.6239648461341858,0.9582794904708862,0.9862311482429504,0.9984891414642334,0.9947598576545715,0.9978737831115723,0.9219595789909363,0.9924346208572388
437,3,0.06851339009245255,0.06264758687985945,-1.5161507136543477,0.5010491987070778,1.5174444657569703,1.415952810689995,-0.7751313465803947,1.1849446221867759,66.4271240234375,777.9673461914062,506.76837158203125,687.5908203125,526.6841430664062,0.9596700072288513,0.829136848449707,0.9698744416236877,0.9882819056510925,0.9946520328521729,0.9447130560874939,0.9583079218864441,0.8769187331199646,0.9410364627838135
438,0,0.055702206414803286,0.0833838542035048,-1.3696052130801901,0.5565220119427031,1.3721411395473369,1.2469988474312528,-0.6857265069533558,1.0415302603172036,72.487060546875,778.4729614257812,504.072998046875,686.8570556640625,521.54296875,0.9554740190505981,0.619515597820282,0.9574485421180725,0.9864138960838318,0.9985547661781311,0.9951184988021851,0.9980397820472717,0.9260676503181458,0.9929956793785095
438,3,0.06629877582955356,0.06603166899789267,-1.4789276237364324,0.5041275839240706,1.4804009921508894,1.4280305266315232,-0.7790874265110219,1.1967848456777594,66.152099609375,776.8271484375,505.496337890625,687.5493774414062,525.06787109375,0.9585695266723633,0.8309568166732788,0.967702329158783,0.9888911247253418,0.994572103023529,0.9525220394134521,0.9630036354064941,0.8868235945701599,0.9408398270606995
439,0,0.05590762494011915,0.08984952196530623,-1.3691527619407466,0.5608412708105942,1.3720977451068743,1.2376985547362473,-0.6778705696608214,1.0355622642718827,72.36865234375,778.0099487304688,503.22589111328125,687.6965942382812,520.6038818359375,0.955325722694397,0.6167839169502258,0.9564537405967712,0.9873557686805725,0.9985663294792175,0.9954994320869446,0.99812251329422,0.9326244592666626,0.9932125806808472
439,3,0.06630185738817732,0.06767732210671785,-1.4851248273703548,0.5058694759384846,1.486666059611022,1.426712736123806,-0.7751133759996731,1.1977931731998919,65.71820068359375,776.6188354492188,504.23004150390625,688.3858032226562,524.30517578125,0.9605072140693665,0.8328778147697449,0.9691304564476013,0.9896953105926514,0.9951223731040955,0.9554383158683777,0.9658094048500061,0.8951411843299866,0.9473316073417664
440,0,0.05585497221955434,0.07481341586863934,-1.3691871212964717,0.5576882014019321,1.3712295286778406,1.2500528796446118,-0.6785292045281659,1.0498715733413115,71.81072998046875,777.7337036132812,503.79754638671875,688.2482299804688,520.0203247070312,0.9538589119911194,0.6021541953086853,0.9540761709213257,0.9882715344429016,0.9987204074859619,0.996311366558075,0.9984800219535828,0.9389083385467529,0.994056224822998
441,0,0.054789677729325345,0.06769123826869491,-1.4177507413392578,0.5620846169566444,1.419365797920453,1.2366184544384198,-0.6683821894574359,1.040428013210789,71.64849853515625,778.6869506835938,502.77398681640625,688.9583740234375,518.7401733398438,0.956196129322052,0.6100853085517883,0.957077145576477,0.9880442023277283,0.9988012313842773,0.9962233304977417,0.9985095858573914,0.93586266040802,0.9942409992218018
441,3,0.05260958378352815,0.11302390852769016,-1.5127405131675162,0.5200219409377503,1.516956909103616,1.337200132183562,-0.6995872759485013,1.1395972257085794,67.109619140625,775.664794921875,507.084716796875,691.2296752929688,519.3681640625,0.9506961107254028,0.7974125146865845,0.9652772545814514,0.9784860610961914,0.9907469749450684,0.9250279068946838,0.942318856716156,0.8063850998878479,0.9062780737876892
442,0,0.0518739883896805,0.06130768861719024,-1.4264305211513357,0.5678045197107887,1.427747409157395,1.2072285740249713,-0.6372095000256717,1.025360855025878,72.51470947265625,780.0474243164062,501.55145263671875,690.5536499023438,517.0858764648438,0.9614707231521606,0.6504148244857788,0.9621960520744324,0.9884207248687744,0.9987757802009583,0.995780348777771,0.9983022212982178,0.9323000311851501,0.9936042428016663
442,3,0.05020084464187041,0.09533033965080481,-1.4993671465170184,0.5251061672611101,1.502394659772366,1.3049669657650083,-0.653529088834509,1.1295302172961414,68.04150390625,777.37353515625,505.39422607421875,693.7119140625,518.3304443359375,0.9523541927337646,0.8065254092216492,0.96626216173172,0.9787163138389587,0.9905535578727722,0.9207053184509277,0.9378057718276978,0.8086678385734558,0.9032751321792603
443,0,0.050724397708012785,0.03878427536453398,-1.459786204600957,0.5680151056929619,1.4603013329990557,1.221758423377675,-0.6407510435878363,1.0402556153347122,71.879150390625,780.0851440429688,501.06597900390625,690.4866333007812,517.0494384765625,0.9613741040229797,0.6466980576515198,0.9622955918312073,0.9881550073623657,0.9988808035850525,0.9959478974342346,0.9984561204910278,0.9285535216331482,0.9938587546348572
443,3,0.04778562044933313,0.08434013938678721,-1.4972207254347487,0.5324589982624945,1.4995943317387999,1.2944001204064695,-0.6504673687960634,1.1190906459442007,68.52874755859375,777.5925903320312,504.79022216796875,693.46630859375,517.7210693359375,0.9513533115386963,0.8072862029075623,0.9655132293701172,0.9774477481842041,0.9898782968521118,0.9139701128005981,0.9320648908615112,0.793893575668335,0.8933243751525879
444,0,0.05001992402531583,0.04191777027641293,-1.4413010176121586,0.5651786578765435,1.4419104420298752,1.2195554663817794,-0.6365445707668244,1.0402531158371786,71.83660888671875,779.3359375,499.843505859375,689.846435546875,515.9463500976562,0.9571433067321777,0.6174088716506958,0.957705557346344,0.9880616664886475,0.9988237023353577,0.9961251616477966,0.9984843134880066,0.9328086376190186,0.9940004348754883
444,3,0.047167754260330375,0.07737319646602682,-1.4944397656730015,0.5379876286750495,1.496441387009911,1.2640283420439251,-0.6293441951453774,1.0962178312393625,69.13916015625,776.930419921875,502.97503662109375,693.9802856445312,516.3667602539062,0.9479596614837646,0.7937449216842651,0.9632781147956848,0.9766562581062317,0.9895213842391968,0.9133299589157104,0.9314472079277039,0.793485701084137,0.8927819728851318
445,0,0.04775986817684169,0.04831069578358747,-1.4718122185595197,0.5677745238789512,1.472604879126845,1.2436865296821848,-0.6554818653557168,1.0569293771594703,71.52545166015625,777.9642944335938,499.8834228515625,689.0298461914062,515.468505859375,0.9588430523872375,0.6317526698112488,0.9575328230857849,0.9886590838432312,0.9988866448402405,0.9964726567268372,0.9986156225204468,0.938011109828949,0.9943887591362
445,3,0.04615802226132723,0.06073860323810848,-1.489897179982278,0.536124241988786,1.4911347306137233,1.322620733953871,-0.6711970232651017,1.139657914395694,68.4671630859375,775.4657592773438,501.966552734375,691.3155517578125,516.4559936523438,0.9490038752555847,0.7940258979797363,0.964391827583313,0.978262186050415,0.9908286333084106,0.9229247570037842,0.9411242008209229,0.8068284392356873,0.9075499773025513
446,0,0.05225600199731696,0.0247445853985528,-1.4350264926652467,0.5712130445941113,1.4352398159045288,1.2194328283361768,-0.6417009171754723,1.036936042251462,71.38482666015625,776.4759521484375,499.4102783203125,688.8150024414062,513.077880859375,0.9511252641677856,0.5873571038246155,0.9500751495361328,0.9876130819320679,0.9987478256225586,0.9966699481010437,0.9986748695373535,0.9352501034736633,0.9940114617347717
446,3,0.04914054293533796,0.04310281686115061,-1.4824089093416606,0.5390135073878793,1.4830354100010215,1.3155270025315593,-0.6733759459208392,1.1301221747425738,68.33154296875,774.4796752929688,501.19598388671875,690.6746215820312,514.6385498046875,0.9488001465797424,0.7895423769950867,0.9649434089660645,0.9788610339164734,0.9913682341575623,0.9314723610877991,0.9486468434333801,0.8126976490020752,0.9142950773239136
447,0,0.050192545624572524,0.025267264188889887,-1.423210021537276,0.5781350833373406,1.4234342977614824,1.188491868562877,-0.6236781051270258,1.0117008168550825,71.9251708984375,775.7957153320312,497.653076171875,688.7050170898438,511.721923828125,0.9529500603675842,0.5995532870292664,0.9504305124282837,0.9887959957122803,0.9987781643867493,0.9968311190605164,0.9986861348152161,0.9415455460548401,0.9941603541374207
447,3,0.04703610538291972,0.035540514115053684,-1.4593525563535519,0.5444223091396715,1.459785262248941,1.2808444796828624,-0.6588147976960819,1.0984196117471379,68.6669921875,774.221435546875,497.735595703125,690.4127807617188,512.6184692382812,0.9514289498329163,0.7998408079147339,0.966926097869873,0.9802531003952026,0.9919720888137817,0.9370849132537842,0.953088104724884,0.8161601424217224,0.916638195514679
448,0,0.04600443773765544,0.024974364564984496,-1.3715601180664447,0.5966216247715955,1.371787474923089,1.1359080495036569,-0.5723546321243353,0.9811713774937684,74.46234130859375,771.5887451171875,500.2353515625,689.2779541015625,511.5072021484375,0.9508771896362305,0.5916149616241455,0.948851466178894,0.9879332184791565,0.9986168146133423,0.9958435893058777,0.9982465505599976,0.9365188479423523,0.9933634996414185
448,3,0.056357498023908444,0.01000616793793716,-1.4612143421740444,0.5383756148002701,1.461248602111197,1.3499855524427307,-0.6883346386691724,1.161316673871638,67.4876708984375,769.7353515625,499.96826171875,688.4505004882812,515.3397216796875,0.9561865925788879,0.8177728056907654,0.9650402069091797,0.9877508878707886,0.9946249127388,0.9477994441986084,0.9619179964065552,0.8809434771537781,0.9453557729721069
449,0,0.04463213380187714,0.012943866884416682,-1.3475244174445722,0.6164492042064129,1.347586583229165,1.1040789555131185,-0.563451994382558,0.9494799576785476,76.83935546875,770.18701171875,498.141357421875,687.67822265625,510.4609375,0.9453051090240479,0.5733055472373962,0.9395697116851807,0.9888017177581787,0.9982842803001404,0.9956108927726746,0.9978506565093994,0.9450552463531494,0.9924103021621704
449,3,0.0564909032317969,-0.011128133983661683,-1.4712786817196197,0.5366030658830329,1.4713207653834635,1.369942159554292,-0.7203132936800537,1.165285492689268,67.0484619140625,768.5728149414062,497.47418212890625,685.9656982421875,514.1392211914062,0.9508790969848633,0.8001002073287964,0.9595431089401245,0.9878259301185608,0.9944736361503601,0.9478987455368042,0.9613420367240906,0.8996962904930115,0.9525910019874573
450,0,0.043919772225563,0.015717749875079078,-1.328218287484683,0.6276966960825765,1.3283112838750861,1.095536568320405,-0.5543333680010072,0.9449417387584854,78.05230712890625,766.2984619140625,499.2928466796875,687.14599609375,509.7041015625,0.9463402628898621,0.5985433459281921,0.9351929426193237,0.9907273054122925,0.9980048537254333,0.9958938360214233,0.9976116418838501,0.9553282260894775,0.9914273023605347
450,3,0.05067429450438073,0.019463745158099125,-1.4570561242689415,0.5457749439523769,1.4571861194251092,1.310603986337603,-0.6541707961158768,1.135668692230765,67.92852783203125,766.3184204101562,496.88665771484375,688.5941162109375,510.75177001953125,0.9515883326530457,0.804553210735321,0.964775025844574,0.983254611492157,0.9923921227455139,0.937903106212616,0.9513336420059204,0.8564091324806213,0.9284462928771973
451,0,0.04450486279387048,0.020777107197624132,-1.372011562939073,0.6307359996216197,1.3721688733614459,1.0886197901542014,-0.5487806597234731,0.9401770232402231,77.9320068359375,763.3895874023438,497.3966064453125,687.5861206054688,508.07171630859375,0.9610856175422668,0.6914979219436646,0.948135495185852,0.993465006351471,0.9983136653900146,0.9965804219245911,0.9978208541870117,0.9637055993080139,0.9915504455566406
451,3,0.052506770521591854,0.01274164297990629,-1.4962409849397833,0.5496660786619084,1.4962952364020279,1.3081733091635894,-0.6519531400278963,1.1341404278200218,68.21978759765625,763.3972778320312,494.82183837890625,688.3524780273438,509.8472900390625,0.9615359902381897,0.8430127501487732,0.9708520174026489,0.987201452255249,0.9941267967224121,0.9463880062103271,0.9582096338272095,0.873704195022583,0.9377890825271606
452,0,0.04808695030322272,0.0051281063923922805,-1.426731064984829,0.6301698762117103,1.4267402809439131,1.0575059136570464,-0.5291867092810435,0.9155764217911713,77.66705322265625,762.41015625,498.761474609375,688.4918823242188,506.4317626953125,0.9690600037574768,0.7426586151123047,0.9581871032714844,0.9942426085472107,0.9985300302505493,0.9967145919799805,0.997928261756897,0.9627373814582825,0.9914354681968689
452,3,0.060301851239519685,-0.02183031285811995,-1.5620942062136784,0.5528363584444472,1.5622467384014043,1.3306146884868228,-0.667552803583804,1.1510467860362095,67.37396240234375,762.0238037109375,498.64794921875,687.2682495117188,510.72381591796875,0.9683056473731995,0.8652777075767517,0.9721402525901794,0.9922800064086914,0.9964284300804138,0.9597182273864746,0.9704228639602661,0.9206185340881348,0.96373051404953
453,0,0.04708732373559358,0.007568395629389058,-1.3822730346908203,0.6481009916292239,1.3822937542526093,1.0503953804429325,-0.5162624520940139,0.9147696627095419,79.32623291015625,761.040771484375,498.4560546875,687.4579467773438,505.65374755859375,0.9689589738845825,0.7636900544166565,0.9561205506324768,0.9944234490394592,0.9981814622879028,0.9964296221733093,0.9974750876426697,0.9605783820152283,0.9884786009788513
453,3,0.06065233231203697,-0.02387208602423052,-1.5532668660985423,0.5561128805835769,1.5534502997555908,1.3633113267309882,-0.6807585954082395,1.18117971044664,67.43194580078125,760.9218139648438,497.81787109375,685.7721557617188,510.8826904296875,0.9684454798698425,0.8729016780853271,0.9708398580551147,0.9930363297462463,0.9964731335639954,0.9647363424301147,0.9730128049850464,0.9286298751831055,0.9637009501457214
454,0,0.05131446434908061,0.005782835596643432,-1.4069695301441225,0.6424256490159557,1.4069814142132477,1.074427758574398,-0.5268607763403406,0.9363827907160932,78.60491943359375,759.4904174804688,497.447021484375,686.182861328125,504.84747314453125,0.9702410697937012,0.7811101078987122,0.9558073878288269,0.9943243265151978,0.997829020023346,0.9959327578544617,0.9968870282173157,0.9618307948112488,0.9867772459983826
454,3,0.06370878246277314,-0.038125266420016436,-1.547389938181563,0.5600957787147982,1.5478595403734599,1.3380757303581154,-0.6757005160229719,1.154935267804951,67.8690185546875,759.5928955078125,497.0469970703125,684.9649658203125,508.2462158203125,0.9699060916900635,0.8792833685874939,0.9718477725982666,0.9932236671447754,0.9965528249740601,0.962445080280304,0.9713383316993713,0.9325932264328003,0.965957760810852
455,0,0.051706117194504256,-0.02064926705542486,-1.3741197385460648,0.6533700566025342,1.3742748808341918,1.047534165734925,-0.4902429866437805,0.9257373506716423,79.6514892578125,759.0559692382812,497.5838623046875,686.181884765625,503.8662109375,0.9684406518936157,0.7636088132858276,0.9534343481063843,0.9946073889732361,0.9979604482650757,0.9965319633483887,0.9973486661911011,0.9633661508560181,0.9875518679618835
455,3,0.06498286538916574,-0.05800126496523145,-1.5397654326208083,0.5586020692016909,1.540857467201789,1.3472507373591076,-0.6599047407406075,1.1745681259351162,67.84014892578125,758.732421875,497.50390625,684.2984008789062,508.531005859375,0.9670352339744568,0.8654760718345642,0.9687387347221375,0.9937549829483032,0.9968687891960144,0.9749978184700012,0.9810644388198853,0.9356050491333008,0.9679625034332275
456,0,0.04943802779979652,-0.02388167298101949,-1.4148592221799186,0.6441583556034773,1.4150607594347093,1.0656297858709896,-0.4933605672306934,0.9445433771072982,78.23095703125,759.4073486328125,496.8580322265625,685.906982421875,502.61956787109375,0.9721483588218689,0.7828883528709412,0.9582898616790771,0.9952437281608582,0.9983148574829102,0.9970235228538513,0.9977988600730896,0.9661961793899536,0.9892618656158447
456,3,0.05963009369889161,-0.06388023645281092,-1.569312102014251,0.5571817554721096,1.5706117146314853,1.3547991612084762,-0.66278366985371,1.1816084690735924,67.66058349609375,759.0800170898438,496.56634521484375,683.1455078125,507.5316162109375,0.9684658646583557,0.8740372061729431,0.969726026058197,0.994019627571106,0.9969052672386169,0.9757969379425049,0.9814279079437256,0.9374866485595703,0.9678369760513306
457,0,0.043037431772184734,-0.006518648870471419,-1.4106985314117984,0.6327839406591991,1.4107135922328462,1.085022635501285,-0.5009200850546492,0.9624724348982664,77.41461181640625,759.4163818359375,496.95721435546875,685.5116577148438,501.6859130859375,0.9686628580093384,0.7820595502853394,0.9499306678771973,0.9948586225509644,0.9979579448699951,0.9968389272689819,0.9975396394729614,0.9651724100112915,0.987379252910614
457,3,0.05056711458534831,-0.0576741251484676,-1.5569663618071738,0.5566008072436222,1.5580341961942648,1.3483052987811566,-0.6539859821278458,1.1790799438128106,67.5233154296875,759.4658813476562,496.4891357421875,683.1071166992188,505.88482666015625,0.963029146194458,0.8614721894264221,0.9635068774223328,0.993018388748169,0.996192216873169,0.9714158177375793,0.9775859117507935,0.9375582933425903,0.9659360647201538
458,0,0.03344224440214,-0.018690944913066478,-1.4201503162802778,0.6272122172506432,1.420273308998207,1.074568238725734,-0.4937369536365105,0.9544216679706431,77.075439453125,760.1569213867188,495.84295654296875,685.6610107421875,500.9254150390625,0.9792758226394653,0.8664214015007019,0.9635480642318726,0.9961481094360352,0.9982894062995911,0.9971690773963928,0.9976988434791565,0.9657763838768005,0.9858676791191101
458,3,0.037185350044268276,-0.07089873169815987,-1.564972378582639,0.5572259178850737,1.5665775358669645,1.3366385724058159,-0.6352334846848018,1.1760446816249208,67.62799072265625,760.4871826171875,496.1253662109375,683.1364135742188,505.848388671875,0.9735344052314758,0.913539469242096,0.9705468416213989,0.9949358701705933,0.9964475631713867,0.9765534996986389,0.9791881442070007,0.9465053081512451,0.9602312445640564
459,0,0.02386843971743991,-0.019474907048417516,-1.4033760746284323,0.6237620372440179,1.4035111965510114,1.0930653519128481,-0.49688862667018646,0.9735982519695557,76.760498046875,760.6227416992188,496.6531982421875,685.4000244140625,500.6893310546875,0.9807619452476501,0.8943538665771484,0.9624955654144287,0.9964809417724609,0.9981677532196045,0.997295081615448,0.9976537823677063,0.9642305374145508,0.9823789000511169
459,3,0.02753119779285269,-0.02683968888312878,-1.5344866766916225,0.5710443295335471,1.5347213850870272,1.298900913447049,-0.5984694484439718,1.1528130387156221,68.7574462890625,759.6611938476562,497.08917236328125,684.0912475585938,504.25177001953125,0.9776098132133484,0.9436362981796265,0.9721466898918152,0.9944944977760315,0.9944732785224915,0.9671284556388855,0.9656952023506165,0.910114586353302,0.8986990451812744
460,3,0.025826989471357708,-0.03759039000714743,-1.5355753857561212,0.5678362922577334,1.5360354171570882,1.2946841918626923,-0.5840927846627965,1.1554405114777708,68.4864501953125,759.9661865234375,496.8433837890625,683.8201904296875,503.513671875,0.9754312038421631,0.9360571503639221,0.9700920581817627,0.993889570236206,0.9942448735237122,0.9660969376564026,0.9658232927322388,0.9063622355461121,0.902353823184967
460,0,0.021913191407409785,-0.036858344233222866,-1.4142077050850994,0.6117284683188872,1.4146879410886621,1.1025727282630249,-0.48904902141727985,0.988178969499033,76.0614013671875,760.7787475585938,495.9522705078125,685.0032958984375,500.32269287109375,0.9779340624809265,0.8767147064208984,0.9570424556732178,0.9962553977966309,0.9982207417488098,0.997521698474884,0.9979390501976013,0.9651259183883667,0.984211266040802
461,3,0.023976689739140696,-0.03459351414071796,-1.5188852803694457,0.5679764810834813,1.5192791732079967,1.2932455130278664,-0.5810477638651623,1.1553646407407507,68.27691650390625,759.4032592773438,495.38018798828125,683.8092041015625,502.68572998046875,0.976484477519989,0.941956639289856,0.9689587354660034,0.9946107864379883,0.9945166707038879,0.9697422385215759,0.9685134887695312,0.9199792146682739,0.9092466831207275
461,0,0.01804254235824139,-0.013776486686760406,-1.5835872327464324,0.5388174675792,1.5836471561881877,1.281921041596534,-0.5980910946542467,1.133846814778446,67.12921142578125,759.87255859375,493.43963623046875,684.9744873046875,499.609619140625,0.9584600329399109,0.8751891255378723,0.9459157586097717,0.98857182264328,0.9942336678504944,0.9947475790977478,0.9960986375808716,0.9446663856506348,0.9730632305145264
462,0,0.017030610146634765,-0.03087037193488071,-1.391696860240284,0.6113278726946387,1.3920391986815825,1.08250941437211,-0.4711624140618898,0.9745935623528511,76.5797119140625,759.0206909179688,496.071533203125,685.6672973632812,498.81103515625,0.9819382429122925,0.9148139357566833,0.9587541818618774,0.997170627117157,0.9980937838554382,0.998044490814209,0.9980770349502563,0.9683599472045898,0.9793351888656616
463,0,0.009148457804322744,-0.028880681113719803,-1.352774941383376,0.6189893973068054,1.3530831961769345,1.0829411079278488,-0.46038945603615,0.9802055866045318,77.28753662109375,758.1625366210938,495.79766845703125,685.5856323242188,498.7698974609375,0.9827158451080322,0.9294195175170898,0.9567663669586182,0.9972027540206909,0.997651994228363,0.997795820236206,0.997603714466095,0.9677557945251465,0.9733169674873352
