frame,person_id,x1,y1,x2,y2
1,0,416,494,679,895
1,1,1071,522,1306,861
1,2,549,385,741,660
1,3,1070,522,1308,1080
2,0,415,494,679,892
2,1,1072,521,1308,862
2,3,1071,521,1309,1075
2,2,551,385,743,663
3,1,1071,521,1308,861
3,0,416,495,679,893
3,2,550,385,740,664
4,3,1070,520,1309,1074
4,1,1071,521,1308,860
4,2,550,386,740,663
4,0,416,496,680,891
5,0,416,496,680,891
5,1,1072,521,1308,859
5,2,551,387,741,661
6,1,1072,521,1308,859
6,0,416,495,681,892
6,3,1071,520,1309,1075
6,2,551,386,739,663
7,0,416,495,681,893
7,3,1071,521,1310,1075
7,1,1073,520,1310,858
7,2,550,386,740,658
8,0,416,495,681,892
8,1,1073,520,1310,858
8,2,552,387,739,659
8,3,1071,520,1312,1080
9,0,416,495,681,892
9,3,1072,520,1313,1080
9,2,552,387,739,658
9,1,1073,520,1311,859
10,1,1073,520,1311,859
10,0,416,495,681,891
10,2,552,386,740,660
10,3,1072,519,1312,1075
11,0,417,495,681,891
11,1,1074,520,1311,859
11,2,551,386,742,660
11,3,1073,519,1314,1080
12,0,417,495,682,891
12,1,1074,520,1312,858
12,2,550,386,742,661
12,3,1072,519,1313,1075
13,1,1074,519,1312,859
13,2,550,386,742,663
13,0,417,494,681,894
13,3,1073,519,1315,1080
14,1,1074,519,1313,859
14,2,550,385,742,664
14,0,417,494,682,889
14,3,1072,519,1314,1075
15,0,417,494,682,889
15,1,1074,519,1313,859
15,2,550,386,741,663
16,1,1074,519,1313,859
16,0,417,495,682,889
16,2,550,386,743,665
17,1,1074,520,1313,859
17,3,1072,518,1314,1075
17,0,417,494,682,890
17,2,550,385,746,669
18,3,1072,519,1314,1075
18,1,1074,520,1313,858
18,0,416,494,682,890
18,2,549,385,745,667
19,1,1074,520,1313,858
19,3,1072,519,1314,1074
19,0,416,494,681,890
19,2,550,386,744,664
20,1,1074,520,1313,859
20,3,1072,519,1314,1074
20,0,416,494,681,890
20,2,549,386,741,665
21,0,416,493,680,891
21,3,1072,520,1313,1075
21,1,1074,520,1312,859
21,2,550,387,742,665
22,0,416,494,680,890
22,3,1072,520,1312,1075
22,2,550,386,740,665
22,1,1074,520,1311,860
23,0,415,494,680,891
23,3,1072,520,1311,1075
23,1,1074,520,1311,859
23,2,551,386,740,663
23,4,558,386,752,855
24,2,551,386,740,663
24,3,1072,520,1310,1075
24,0,415,493,679,891
24,1,1074,520,1310,858
24,4,558,385,752,853
25,0,414,494,679,892
25,1,1074,520,1309,860
25,3,1073,519,1310,1076
25,4,557,385,753,852
25,2,552,387,743,663
26,0,414,493,679,891
26,1,1074,520,1308,859
26,3,1073,519,1309,1075
26,4,559,385,752,853
26,2,554,386,740,665
27,0,414,494,679,891
27,3,1073,519,1308,1075
27,4,558,385,751,853
27,1,1074,520,1307,861
27,2,553,387,742,664
28,0,414,493,679,891
28,2,553,387,742,665
28,1,1073,520,1307,859
28,4,559,385,750,856
29,0,414,494,679,891
29,2,553,387,742,665
29,4,559,385,751,857
29,3,1073,518,1306,1075
29,1,1073,520,1305,858
30,0,414,493,679,891
30,3,1073,518,1306,1075
30,1,1074,520,1305,857
30,2,553,387,741,667
31,3,1073,518,1306,1075
31,0,414,493,679,892
31,1,1073,519,1304,858
31,2,554,386,742,668
32,3,1073,518,1306,1075
32,0,414,493,679,892
32,1,1073,520,1304,859
32,2,554,387,742,668
33,0,414,493,679,891
33,3,1073,518,1305,1075
33,1,1073,519,1304,858
33,2,554,387,742,671
34,0,414,494,679,891
34,3,1074,518,1305,1076
34,1,1074,519,1305,857
34,2,554,386,744,669
35,0,414,493,679,891
35,3,1073,517,1306,1075
35,1,1075,519,1305,856
35,2,554,386,744,670
36,3,1073,517,1306,1075
36,0,414,493,679,891
36,1,1074,518,1305,855
36,2,554,386,744,670
37,0,414,493,679,891
37,3,1073,517,1306,1075
37,1,1074,518,1304,857
37,2,553,386,744,668
38,0,414,493,679,891
38,3,1073,517,1306,1075
38,2,553,386,744,669
38,1,1074,518,1305,858
39,0,414,494,679,890
39,1,1074,518,1305,857
39,2,554,386,743,668
40,0,414,494,679,890
40,3,1073,517,1307,1075
40,1,1074,518,1306,857
40,2,552,385,743,668
41,3,1073,517,1307,1075
41,1,1074,518,1306,857
41,0,414,493,679,890
41,2,554,386,743,667
42,3,1073,517,1307,1075
42,1,1074,518,1306,858
42,0,413,493,679,890
42,2,553,386,743,670
43,0,413,493,679,890
43,3,1073,517,1306,1075
43,1,1074,518,1305,859
43,2,554,386,743,669
44,3,1073,516,1307,1075
44,0,413,493,679,890
44,2,554,386,742,668
44,1,1074,518,1305,861
45,3,1073,517,1306,1075
45,1,1074,519,1305,861
45,0,413,493,679,890
45,2,553,385,742,669
46,3,1073,517,1306,1075
46,0,413,493,679,890
46,1,1074,519,1306,860
46,2,553,385,743,670
47,3,1073,517,1307,1075
47,1,1074,519,1305,861
47,0,412,493,679,891
47,2,553,385,742,672
48,3,1073,517,1307,1075
48,0,412,493,679,891
48,1,1074,519,1305,860
48,2,551,384,741,673
49,0,413,492,679,891
49,3,1072,518,1306,1075
49,1,1073,519,1305,861
49,2,552,386,741,674
50,3,1073,518,1306,1075
50,0,412,493,679,891
50,1,1074,519,1305,860
50,2,552,385,747,680
51,0,412,493,679,891
51,1,1073,520,1305,860
51,2,550,385,742,675
52,0,412,493,679,891
52,1,1073,519,1305,860
52,2,550,385,743,677
53,0,412,493,679,891
53,1,1073,519,1306,861
53,2,550,385,743,677
54,1,1073,519,1306,861
54,0,412,493,679,891
54,2,551,385,748,680
55,0,412,493,679,891
55,1,1073,519,1306,859
55,2,550,384,742,675
56,2,549,384,742,675
56,1,1073,519,1305,859
56,0,411,493,678,891
57,1,1073,520,1305,859
57,0,410,493,678,890
57,2,548,385,743,678
58,0,410,493,678,890
58,1,1074,520,1305,859
58,2,549,384,742,675
59,0,410,493,678,890
59,2,549,384,742,675
59,1,1074,519,1305,860
60,0,410,493,678,890
60,2,549,384,742,675
60,1,1074,519,1305,862
60,3,1073,518,1307,1075
61,0,410,493,677,891
61,3,1073,518,1306,1075
61,2,549,385,741,678
61,1,1073,519,1304,866
62,0,410,493,678,891
62,2,549,385,741,678
62,3,1073,518,1306,1075
62,1,1073,519,1304,860
63,1,1073,519,1305,861
63,0,410,492,678,891
63,2,548,384,741,675
64,1,1074,519,1305,860
64,0,410,492,678,891
64,3,1074,517,1306,1075
64,2,549,384,743,678
65,3,1074,518,1306,1075
65,1,1074,519,1305,861
65,0,409,493,677,891
65,2,548,384,741,677
66,0,409,493,677,891
66,3,1074,518,1307,1075
66,2,548,384,741,675
66,1,1075,519,1305,861
67,0,409,493,678,891
67,1,1075,520,1305,861
67,3,1074,519,1306,1076
67,2,548,385,741,676
68,0,409,493,677,890
68,3,1074,519,1307,1075
68,2,549,385,740,677
68,1,1075,520,1306,860
69,0,409,493,677,890
69,2,549,385,740,677
69,1,1074,519,1305,860
69,3,1073,518,1307,1075
70,3,1073,518,1307,1075
70,0,409,493,677,890
70,1,1074,519,1305,860
70,2,549,385,741,677
71,3,1073,518,1307,1075
71,1,1074,519,1306,859
71,0,409,492,678,890
71,2,549,385,744,680
72,3,1073,518,1307,1075
72,0,409,493,678,890
72,1,1074,520,1305,860
72,2,549,385,744,679
73,2,549,385,744,679
73,0,409,493,678,890
73,3,1074,518,1307,1075
73,1,1074,520,1305,859
74,0,409,493,678,890
74,1,1074,520,1305,858
74,2,549,385,741,677
75,3,1073,518,1306,1075
75,0,409,494,678,890
75,2,549,385,741,676
75,1,1075,520,1306,859
76,0,409,494,677,890
76,3,1073,518,1306,1075
76,2,548,386,741,677
76,1,1073,519,1305,859
77,3,1073,518,1307,1075
77,0,410,494,678,891
77,1,1074,520,1306,859
77,2,549,386,743,681
77,5,553,383,751,855
78,0,410,494,678,891
78,3,1073,518,1307,1075
78,1,1074,520,1306,859
78,2,548,385,742,680
79,3,1072,518,1307,1075
79,1,1073,519,1306,859
79,2,548,385,742,681
79,0,411,494,678,890
80,3,1072,518,1306,1075
80,0,411,494,678,890
80,1,1073,519,1305,859
80,2,548,385,741,678
81,3,1072,518,1306,1075
81,0,411,494,678,890
81,1,1073,519,1305,859
81,2,548,385,741,679
81,5,553,382,748,858
82,3,1072,518,1306,1075
82,1,1073,519,1305,859
82,0,411,493,678,889
82,5,553,382,749,860
82,2,548,385,741,677
83,3,1072,518,1306,1075
83,0,411,494,678,890
83,1,1073,519,1304,858
83,5,552,382,749,858
83,2,548,384,742,680
84,3,1073,518,1306,1075
84,5,553,382,749,858
84,1,1073,519,1304,858
84,0,411,493,678,891
84,2,549,384,742,679
85,0,411,493,678,891
85,1,1073,519,1304,858
85,5,553,382,749,858
85,2,549,384,742,677
86,3,1073,518,1306,1075
86,2,549,384,742,677
86,0,411,493,678,892
86,5,553,382,749,858
86,1,1074,519,1305,857
87,3,1073,518,1306,1075
87,1,1074,519,1305,857
87,0,411,493,679,891
87,5,554,382,748,858
87,2,549,384,741,674
88,0,411,493,679,890
88,1,1073,518,1305,855
88,2,549,384,742,676
88,5,555,382,750,857
89,1,1073,518,1305,855
89,2,549,384,742,675
89,3,1073,517,1306,1075
89,5,555,382,750,856
89,0,412,491,680,890
90,3,1073,517,1306,1075
90,1,1074,518,1305,857
90,0,411,493,679,891
90,2,549,385,740,672
91,3,1072,517,1306,1075
91,1,1073,519,1305,856
91,2,549,384,740,670
91,0,413,492,680,888
92,3,1073,518,1306,1075
92,0,413,493,680,887
92,1,1073,519,1306,857
92,2,549,384,740,670
93,0,413,493,680,887
93,1,1073,519,1305,856
93,3,1073,518,1307,1075
93,2,548,384,740,669
94,0,413,493,680,887
94,1,1074,519,1306,857
94,2,549,384,741,670
95,0,413,493,680,887
95,1,1074,519,1306,858
95,2,548,384,742,672
96,0,413,494,680,887
96,3,1073,517,1307,1075
96,1,1075,519,1307,857
96,2,547,385,742,675
97,0,414,493,680,887
97,2,547,385,742,675
97,1,1074,519,1307,856
97,3,1074,518,1308,1076
98,0,414,493,680,887
98,2,547,385,742,674
98,3,1073,518,1309,1075
98,1,1075,519,1308,855
99,0,414,493,681,887
99,3,1073,517,1309,1075
99,1,1074,519,1308,856
99,2,547,385,741,675
100,0,414,493,681,887
100,3,1073,518,1308,1075
100,1,1074,519,1308,857
100,2,547,385,741,674
101,0,414,493,681,887
101,3,1073,518,1308,1075
101,1,1074,519,1307,856
101,2,547,384,741,672
102,3,1073,518,1308,1075
102,0,414,492,681,888
102,1,1074,519,1308,855
102,2,548,385,740,671
103,1,1074,519,1308,855
103,3,1073,518,1308,1075
103,0,414,492,681,888
103,2,549,386,740,673
104,3,1073,518,1308,1075
104,1,1074,519,1308,856
104,0,414,492,681,887
104,2,548,386,740,674
105,3,1073,518,1309,1075
105,0,414,492,681,888
105,1,1074,519,1308,857
105,2,549,386,739,671
106,1,1075,519,1308,856
106,3,1073,517,1309,1075
106,0,414,492,682,889
106,2,547,386,737,670
107,1,1074,519,1308,856
107,3,1073,518,1309,1075
107,0,413,492,683,889
107,2,547,386,738,672
108,3,1074,517,1308,1075
108,2,547,386,737,673
108,1,1075,519,1308,857
108,0,413,493,685,887
109,1,1075,519,1308,857
109,3,1074,518,1308,1075
109,0,413,492,687,887
109,2,547,387,737,672
110,1,1075,519,1308,857
110,0,413,492,688,888
110,3,1074,518,1309,1076
110,2,547,387,737,673
111,3,1074,518,1309,1076
111,1,1075,519,1308,857
111,0,413,492,689,888
111,2,546,388,738,675
112,1,1075,519,1308,857
112,3,1074,518,1308,1076
112,0,413,492,692,888
112,2,546,388,738,677
113,3,1074,518,1309,1076
113,1,1075,518,1308,858
113,0,413,492,695,888
113,2,547,388,740,678
114,3,1074,518,1309,1076
114,1,1075,518,1308,857
114,2,547,388,741,678
114,0,414,492,698,889
115,3,1075,518,1309,1076
115,1,1075,518,1308,857
115,2,547,388,740,676
115,0,414,492,706,889
116,3,1074,518,1309,1076
116,1,1075,519,1308,856
116,2,550,389,739,672
116,0,414,491,716,892
117,3,1074,518,1309,1076
117,1,1075,519,1308,856
117,2,550,389,739,676
117,0,414,491,722,908
117,6,412,490,726,1077
118,3,1074,518,1310,1076
118,1,1074,519,1308,856
118,2,551,389,740,676
118,0,412,491,727,975
119,3,1074,518,1310,1076
119,1,1075,519,1309,856
119,2,551,390,740,676
119,0,414,491,722,957
120,1,1075,519,1309,856
120,2,551,389,739,676
120,3,1074,518,1311,1080
120,0,414,491,724,931
121,1,1075,519,1309,856
121,3,1074,518,1310,1076
121,2,550,390,739,673
121,0,414,491,724,922
122,1,1074,519,1309,857
122,2,551,390,738,672
122,3,1073,518,1311,1080
122,0,414,492,728,915
123,3,1073,518,1311,1080
123,1,1074,519,1309,857
123,2,550,390,739,671
123,0,414,491,729,922
124,3,1073,518,1311,1080
124,1,1074,519,1309,857
124,2,551,391,739,670
124,0,414,491,730,914
125,3,1073,518,1311,1080
125,1,1073,519,1309,858
125,2,552,391,738,669
125,0,413,492,733,907
126,1,1074,519,1309,857
126,2,550,391,737,669
126,3,1073,518,1310,1076
126,0,413,492,731,903
127,1,1074,519,1309,858
127,3,1074,518,1310,1076
127,2,551,391,738,670
127,0,413,492,727,899
127,6,550,391,741,808
128,3,1074,518,1310,1076
128,1,1074,519,1309,857
128,6,548,391,741,807
128,2,550,392,737,672
128,0,413,493,711,890
129,3,1074,518,1310,1076
129,1,1074,519,1310,856
129,2,550,392,738,670
129,0,412,493,695,889
130,3,1074,518,1311,1076
130,1,1075,519,1310,855
130,2,548,391,739,671
130,0,413,494,700,890
131,3,1074,518,1311,1076
131,1,1075,519,1310,856
131,2,548,391,739,671
131,0,413,494,702,890
132,1,1075,519,1310,856
132,3,1074,518,1311,1076
132,2,547,391,739,671
132,0,413,494,704,893
133,3,1073,518,1311,1076
133,1,1074,519,1310,856
133,2,548,391,739,669
133,0,413,494,706,900
134,3,1074,519,1311,1076
134,2,548,391,739,669
134,1,1074,519,1310,857
134,0,413,494,707,907
135,1,1074,519,1310,857
135,3,1074,519,1311,1076
135,2,548,391,739,669
135,0,413,492,708,908
135,6,410,491,721,1078
136,3,1074,518,1311,1076
136,2,548,391,738,668
136,1,1075,519,1310,855
136,0,413,493,706,908
137,3,1074,519,1311,1076
137,1,1075,519,1310,856
137,0,413,494,704,908
137,2,547,391,739,667
138,3,1074,519,1311,1076
138,1,1075,519,1310,857
138,0,413,494,704,910
138,2,548,391,738,667
139,2,548,391,738,666
139,0,413,493,704,909
139,1,1075,519,1310,857
139,3,1075,518,1310,1076
140,3,1075,518,1310,1076
140,1,1075,519,1310,858
140,0,412,493,705,910
140,2,548,391,737,665
141,3,1074,518,1311,1076
141,1,1075,519,1310,857
141,2,548,392,738,666
141,6,410,490,722,1077
141,0,411,491,704,908
142,0,411,490,704,909
142,1,1075,518,1310,857
142,6,410,490,723,1077
142,3,1074,518,1310,1076
142,2,548,392,738,667
143,3,1074,518,1311,1076
143,1,1075,518,1310,857
143,0,410,490,704,909
143,2,548,391,737,667
143,6,410,490,726,1076
144,1,1074,519,1310,857
144,3,1074,518,1310,1076
144,0,410,490,704,909
144,2,547,391,737,668
144,6,409,490,723,1077
145,3,1074,518,1311,1076
145,2,547,391,737,668
145,1,1074,518,1310,856
145,0,409,489,704,910
145,6,409,489,727,1077
146,1,1074,519,1310,857
146,2,547,391,737,668
146,3,1073,517,1311,1075
146,6,409,489,723,1077
146,0,409,489,704,915
147,3,1073,518,1310,1075
147,1,1074,518,1309,856
147,0,408,488,703,917
147,2,548,391,738,670
147,6,408,488,719,1077
148,1,1074,518,1309,857
148,2,548,391,738,670
148,3,1073,517,1311,1075
148,0,408,488,703,921
149,1,1074,518,1309,857
149,3,1073,517,1310,1075
149,0,408,488,702,919
149,2,548,391,737,671
150,0,408,488,702,918
150,3,1073,517,1310,1075
150,1,1073,518,1309,857
150,2,548,391,737,673
151,3,1073,517,1309,1075
151,1,1074,518,1308,857
151,2,548,392,739,675
151,0,410,490,703,925
152,3,1073,517,1308,1075
152,1,1074,518,1307,856
152,2,547,392,739,676
152,0,410,491,703,921
153,3,1073,517,1309,1075
153,1,1074,518,1308,856
153,2,548,392,739,677
153,0,410,490,703,931
154,3,1072,517,1309,1075
154,1,1074,518,1308,857
154,2,548,391,739,676
154,0,410,491,704,922
155,3,1073,516,1309,1075
155,2,548,391,739,675
155,1,1074,518,1308,855
155,0,410,491,704,925
156,0,410,491,704,924
156,2,548,391,739,675
156,1,1073,517,1307,856
157,3,1073,516,1309,1075
157,1,1074,518,1307,856
157,2,548,391,738,674
157,0,410,491,705,933
158,1,1074,518,1308,856
158,3,1073,516,1309,1075
158,2,548,391,739,674
158,0,410,490,706,941
159,2,547,391,739,675
159,1,1073,518,1307,855
159,0,410,491,705,929
160,1,1073,517,1307,855
160,2,547,391,739,674
160,0,410,491,705,927
161,2,547,390,739,674
161,0,410,491,705,926
161,1,1073,517,1307,856
162,2,547,390,739,674
162,1,1073,518,1307,856
162,0,410,491,706,921
163,1,1073,518,1307,856
163,3,1072,516,1308,1075
163,2,548,390,739,674
163,0,410,491,705,916
164,3,1072,516,1308,1075
164,1,1073,518,1307,856
164,0,410,491,705,912
164,2,548,389,740,676
165,3,1072,516,1308,1075
165,1,1073,517,1306,856
165,0,411,491,705,907
165,2,549,389,738,673
166,3,1072,516,1308,1075
166,1,1073,517,1307,857
166,0,411,492,704,904
166,2,550,388,742,674
167,3,1073,516,1308,1075
167,1,1074,518,1307,857
167,0,410,491,705,902
167,2,552,385,741,672
168,1,1074,518,1307,857
168,3,1073,516,1309,1075
168,0,411,490,706,901
168,2,552,383,746,669
169,3,1073,516,1308,1075
169,1,1074,518,1307,857
169,0,411,491,707,905
169,2,558,380,750,673
170,3,1072,516,1308,1075
170,1,1074,518,1307,857
170,0,411,490,708,902
170,2,561,377,751,672
171,1,1074,518,1307,857
171,3,1073,516,1309,1075
171,0,412,490,707,901
171,2,561,374,754,674
172,1,1073,517,1307,857
172,3,1073,516,1308,1075
172,0,412,491,709,904
172,2,564,374,756,670
173,3,1072,516,1308,1076
173,1,1073,517,1307,858
173,2,566,371,758,672
173,0,411,491,714,915
173,7,407,489,722,1076
174,3,1072,516,1308,1076
174,1,1073,517,1308,858
174,0,410,490,709,912
174,2,567,369,760,678
175,3,1072,515,1308,1075
175,1,1073,517,1307,857
175,0,409,490,710,904
175,2,569,366,760,669
176,1,1073,517,1307,858
176,3,1073,515,1308,1075
176,0,408,491,710,903
176,2,570,365,762,664
177,3,1073,515,1308,1076
177,0,407,491,710,904
177,1,1074,517,1307,856
177,2,573,363,764,665
178,0,406,491,710,904
178,3,1073,514,1308,1075
178,1,1073,516,1307,857
178,2,572,362,766,663
179,1,1074,516,1307,857
179,3,1073,514,1308,1075
179,0,406,491,710,904
179,2,573,362,769,665
180,3,1073,514,1308,1075
180,1,1074,516,1307,857
180,0,406,491,709,905
180,2,573,362,770,662
181,1,1074,516,1307,857
181,3,1073,514,1307,1076
181,2,573,362,772,663
181,0,407,490,707,911
181,7,403,489,709,1080
182,3,1073,515,1307,1076
182,1,1074,516,1307,856
182,0,408,491,707,909
182,7,403,490,709,1077
182,2,573,362,772,666
183,1,1074,516,1307,856
183,3,1073,514,1308,1076
183,7,405,490,707,1077
183,2,574,362,773,665
183,0,409,491,705,905
184,3,1073,515,1308,1076
184,1,1073,516,1307,857
184,7,404,490,707,1077
184,2,574,363,773,666
184,0,410,491,705,903
185,3,1073,514,1308,1076
185,1,1074,516,1307,856
185,7,404,490,706,1077
185,2,574,365,772,667
185,0,409,489,704,898
186,1,1074,516,1307,856
186,3,1073,514,1308,1076
186,0,409,489,703,899
186,2,573,367,772,666
187,0,409,489,703,899
187,1,1074,515,1307,856
187,3,1073,513,1308,1075
187,2,573,368,772,664
188,1,1074,515,1307,856
188,3,1073,513,1308,1075
188,2,573,368,768,664
188,0,411,491,700,901
189,1,1073,515,1307,856
189,3,1073,514,1308,1076
189,2,573,369,766,665
189,0,408,489,697,900
190,3,1072,513,1308,1075
190,1,1073,515,1307,856
190,0,408,489,696,900
190,2,572,369,764,664
191,3,1073,513,1308,1075
191,1,1073,515,1307,857
191,0,408,487,692,900
191,2,570,370,761,663
192,3,1073,513,1308,1076
192,1,1074,515,1307,856
192,0,408,487,690,901
192,2,564,370,758,666
193,3,1073,513,1308,1076
193,1,1073,514,1307,857
193,0,409,487,688,902
193,2,561,371,757,667
194,1,1073,514,1307,856
194,0,411,489,687,905
194,2,556,372,753,668
195,3,1073,513,1308,1076
195,1,1075,515,1307,855
195,0,411,489,685,903
195,2,552,372,752,674
196,3,1074,513,1308,1075
196,1,1074,514,1307,854
196,0,412,490,684,899
196,2,543,374,745,679
197,1,1074,514,1307,854
197,3,1074,513,1308,1075
197,0,413,489,684,889
197,2,546,375,743,671
198,3,1074,513,1308,1075
198,1,1075,515,1308,854
198,0,412,489,684,875
198,2,536,375,742,667
199,3,1074,513,1308,1075
199,1,1074,514,1307,854
199,2,534,375,742,669
199,0,409,489,685,868
200,3,1073,512,1309,1075
200,1,1074,514,1307,854
200,0,405,489,684,866
200,2,528,375,742,669
201,3,1073,512,1309,1075
201,1,1073,514,1308,854
201,0,404,489,685,865
201,2,528,374,742,667
202,3,1073,512,1309,1075
202,1,1073,514,1308,853
202,0,404,486,686,864
202,2,526,374,739,663
203,1,1073,513,1308,853
203,0,404,488,687,868
203,2,525,374,740,664
204,1,1073,513,1308,855
204,0,404,488,687,870
204,2,523,374,738,662
205,1,1073,513,1308,855
205,3,1072,511,1309,1075
205,0,403,488,688,871
205,2,521,374,736,659
206,3,1072,512,1309,1075
206,1,1073,513,1308,855
206,0,404,488,688,870
206,2,521,374,737,658
207,0,404,487,688,870
207,3,1073,511,1309,1075
207,1,1073,513,1308,854
207,2,521,373,738,655
208,3,1073,511,1309,1075
208,1,1073,513,1308,854
208,0,404,488,689,870
208,2,521,373,738,657
209,1,1073,512,1308,855
209,2,522,374,738,655
209,0,405,488,706,878
210,1,1073,512,1308,854
210,0,405,488,702,879
210,2,523,374,739,655
211,1,1074,512,1307,854
211,2,524,375,741,655
211,0,405,488,712,885
212,1,1074,512,1307,855
212,2,526,376,741,655
212,0,405,488,689,874
213,0,405,488,690,874
213,1,1074,512,1308,854
213,2,528,377,742,654
214,1,1074,512,1307,854
214,0,405,489,691,872
214,2,530,377,740,654
215,1,1074,513,1308,852
215,0,403,488,692,873
215,2,533,379,741,653
216,1,1074,513,1308,854
216,2,533,379,743,653
216,0,403,490,692,870
217,1,1075,513,1308,854
217,2,534,379,743,654
217,0,402,490,691,871
218,1,1075,513,1308,852
218,2,535,378,744,654
218,0,403,492,693,874
219,1,1075,513,1308,851
219,0,404,491,692,875
219,2,537,379,742,654
220,2,537,379,741,654
220,1,1075,513,1309,851
220,0,404,492,693,874
221,1,1075,513,1309,852
221,0,404,492,692,873
221,2,538,378,741,654
222,1,1075,513,1309,852
222,0,406,492,693,874
222,2,539,378,741,656
223,1,1076,513,1310,853
223,0,407,492,693,873
223,2,539,377,742,654
224,1,1075,513,1310,853
224,0,406,492,692,874
224,2,541,377,742,653
225,0,406,492,692,874
225,2,543,377,742,653
225,1,1075,513,1309,855
225,8,1075,511,1310,1075
226,1,1075,513,1309,855
226,8,1075,511,1310,1074
226,0,406,491,692,876
226,2,543,378,743,654
227,8,1075,511,1311,1074
227,0,407,491,692,878
227,1,1075,513,1310,853
227,2,544,377,742,654
228,8,1074,511,1311,1074
228,0,406,491,692,878
228,2,544,376,742,653
228,1,1075,513,1310,850
229,8,1075,511,1311,1074
229,1,1075,513,1310,850
229,0,406,491,692,880
229,2,545,376,742,651
230,1,1076,513,1310,850
230,8,1075,511,1311,1074
230,2,545,377,742,653
230,0,407,491,692,873
231,8,1075,511,1312,1074
231,1,1075,513,1311,849
231,0,406,489,692,873
231,2,548,378,743,652
232,8,1075,511,1312,1074
232,1,1076,513,1311,851
232,0,406,489,692,877
232,2,547,379,744,652
233,8,1074,511,1312,1074
233,0,406,488,692,878
233,1,1075,513,1311,850
233,2,547,380,744,653
234,8,1074,511,1312,1074
234,1,1075,513,1311,849
234,0,407,489,692,878
234,2,549,381,744,653
235,1,1075,513,1311,849
235,8,1074,511,1312,1074
235,0,407,488,691,876
235,2,549,381,744,654
236,8,1074,512,1312,1073
236,0,407,488,691,880
236,1,1075,512,1311,851
236,2,551,383,743,654
237,1,1075,512,1311,851
237,8,1074,510,1312,1074
237,0,407,487,690,879
237,2,555,382,745,652
238,8,1074,510,1312,1074
238,1,1075,512,1311,849
238,0,407,485,690,881
238,2,557,382,747,653
239,8,1074,510,1312,1074
239,2,557,381,747,653
239,1,1075,511,1311,851
239,0,408,486,690,880
240,8,1075,509,1312,1074
240,0,409,485,690,882
240,1,1075,511,1311,849
240,2,557,381,747,657
241,8,1075,509,1312,1074
241,1,1075,511,1311,848
241,0,410,483,689,883
241,2,559,381,746,659
242,8,1074,509,1311,1074
242,1,1075,511,1311,849
242,0,410,482,689,884
242,2,557,380,746,664
243,8,1074,509,1311,1074
243,1,1075,511,1311,848
243,0,409,481,689,884
243,2,555,380,747,667
244,8,1074,509,1311,1073
244,1,1075,510,1311,849
244,0,409,480,690,883
244,2,555,380,747,679
245,8,1074,509,1311,1074
245,1,1075,511,1311,848
245,0,409,477,689,883
245,2,555,379,746,678
246,8,1074,510,1311,1074
246,1,1075,511,1310,847
246,2,556,379,746,677
246,0,409,476,689,880
247,8,1074,509,1311,1073
247,1,1074,511,1310,846
247,0,409,475,687,882
247,2,555,378,746,679
248,8,1074,509,1311,1074
248,1,1074,511,1310,847
248,0,410,474,687,881
248,2,554,377,747,670
249,0,411,474,687,882
249,1,1074,511,1310,849
249,2,555,377,745,665
250,0,411,474,687,882
250,1,1074,511,1310,847
250,2,555,377,744,660
251,1,1073,511,1309,848
251,0,411,472,686,881
251,2,557,377,743,659
252,1,1073,511,1309,847
252,2,558,377,743,660
252,0,411,470,685,882
253,0,411,471,685,882
253,1,1073,511,1309,848
253,8,1073,509,1310,1073
253,2,559,377,744,662
254,0,411,472,684,881
254,1,1072,510,1309,848
254,2,562,377,743,658
255,1,1072,510,1309,848
255,0,412,473,684,881
255,2,566,379,739,656
256,1,1072,510,1309,848
256,0,412,473,684,881
256,2,571,377,741,653
257,0,411,473,685,881
257,1,1072,510,1308,848
257,2,574,377,740,652
258,1,1072,510,1309,848
258,0,411,473,685,881
258,2,574,379,738,653
259,1,1071,510,1309,847
259,0,410,473,684,880
259,2,574,379,737,655
260,1,1071,510,1308,847
260,0,410,472,684,880
260,2,576,377,739,655
261,1,1071,510,1308,847
261,0,410,472,684,880
261,2,578,376,740,658
262,0,410,472,684,880
262,1,1071,510,1309,847
262,2,578,377,740,658
263,1,1072,510,1309,848
263,0,410,471,683,881
263,2,579,376,740,657
264,1,1072,510,1309,849
264,0,410,471,682,879
264,2,577,376,740,657
265,1,1072,509,1309,848
265,2,577,377,741,656
265,0,410,470,681,880
266,1,1072,509,1309,848
266,0,410,470,681,878
266,2,578,377,740,653
267,0,410,470,681,879
267,1,1073,509,1309,848
267,2,577,377,740,655
268,1,1072,509,1309,848
268,0,410,470,681,879
268,2,577,377,740,655
269,1,1073,508,1309,848
269,0,410,469,682,880
269,2,575,376,740,658
270,1,1073,508,1309,847
270,2,575,376,740,657
270,0,410,469,682,882
271,0,410,469,682,883
271,1,1074,508,1309,847
271,2,569,379,739,659
272,1,1074,508,1309,847
272,0,410,469,683,883
272,2,567,377,740,659
273,0,410,469,683,883
273,1,1074,508,1309,848
273,2,565,377,739,660
273,9,570,376,748,838
274,0,411,469,684,883
274,1,1074,508,1309,849
274,2,564,377,740,659
275,0,410,469,684,882
275,1,1075,508,1308,849
275,2,564,377,740,659
275,9,568,376,748,837
276,0,411,469,684,882
276,1,1074,508,1308,848
276,2,563,378,739,659
277,0,411,470,684,882
277,1,1074,507,1308,847
277,2,563,378,739,660
278,1,1074,507,1309,847
278,0,411,470,684,882
278,2,562,378,739,659
279,1,1074,507,1309,847
279,0,411,471,684,881
279,2,564,378,739,660
280,0,411,471,683,881
280,1,1074,507,1309,846
280,2,563,377,739,659
281,0,411,471,683,882
281,1,1074,507,1309,846
281,2,561,378,739,660
282,0,411,471,683,881
282,1,1074,507,1309,845
282,2,563,378,738,660
283,0,411,472,683,882
283,1,1074,506,1308,847
283,2,562,378,738,661
284,1,1074,506,1308,846
284,0,410,472,683,882
284,2,561,377,738,660
285,1,1074,506,1308,846
285,0,410,473,683,882
285,2,560,377,739,659
286,0,410,473,683,882
286,2,560,377,738,659
286,1,1073,507,1307,847
287,1,1073,507,1307,847
287,2,560,377,738,660
287,0,410,472,683,882
288,1,1072,506,1307,848
288,0,410,474,684,882
288,2,559,377,739,663
288,9,562,377,741,779
289,1,1073,506,1307,847
289,0,410,477,684,882
289,2,554,377,739,665
290,0,411,478,684,883
290,1,1072,506,1307,846
290,2,553,378,738,663
291,1,1072,506,1307,845
291,0,410,479,683,883
291,2,547,377,737,661
292,1,1073,507,1307,845
292,0,410,480,683,883
292,2,544,377,737,658
293,2,544,377,736,658
293,1,1072,507,1307,846
293,0,410,481,683,881
294,0,410,481,683,880
294,1,1071,507,1306,845
294,2,546,375,738,660
295,0,410,481,684,881
295,1,1071,508,1306,845
295,2,546,375,739,666
296,0,410,482,684,880
296,1,1071,507,1306,845
296,2,546,375,739,658
297,0,410,482,684,879
297,1,1071,506,1306,846
297,2,545,375,739,656
298,0,410,483,684,879
298,1,1071,506,1307,846
298,2,545,375,740,658
299,0,410,483,684,879
299,1,1071,505,1307,845
299,2,545,374,743,667
300,0,410,483,684,878
300,1,1071,504,1308,845
300,2,542,374,739,659
301,1,1071,504,1307,845
301,0,410,482,684,878
301,2,543,374,738,650
302,0,411,482,684,877
302,1,1071,504,1307,843
302,2,541,374,737,650
303,0,411,482,685,877
303,1,1071,503,1307,841
303,2,541,374,737,652
304,0,411,482,684,877
304,1,1071,503,1307,842
304,2,542,374,737,646
305,0,411,482,684,876
305,1,1071,503,1306,841
305,2,543,374,737,646
306,0,410,482,684,876
306,1,1070,501,1306,841
306,2,545,374,737,643
307,0,410,481,684,876
307,1,1070,500,1306,838
307,2,545,374,736,649
308,0,410,480,683,876
308,1,1069,501,1306,838
308,2,544,373,736,649
309,0,410,480,683,875
309,2,544,373,736,649
309,1,1069,500,1306,839
310,0,410,480,683,876
310,2,544,373,736,648
310,1,1069,499,1307,837
311,0,409,479,683,875
311,1,1069,499,1306,834
311,2,542,372,736,648
312,0,408,479,683,875
312,2,541,372,736,647
312,1,1068,498,1307,836
313,1,1068,497,1307,835
313,0,408,477,683,874
313,2,543,371,736,647
314,0,407,476,683,874
314,1,1067,496,1307,835
314,2,546,371,737,646
314,10,547,372,737,826
315,0,407,474,683,874
315,1,1064,495,1307,833
315,2,550,372,739,643
315,10,555,371,747,827
316,1,1064,494,1307,833
316,0,406,473,684,873
316,2,548,372,739,642
317,0,405,471,685,873
317,10,554,371,748,829
317,2,547,371,740,645
317,1,1060,493,1305,835
318,0,405,471,684,875
318,10,555,370,748,829
318,1,1060,493,1304,836
318,2,550,371,740,647
319,0,404,470,683,876
319,1,1059,493,1302,835
319,2,548,371,739,648
320,0,404,469,682,876
320,2,549,371,738,647
320,1,1058,492,1301,831
320,10,550,371,738,823
321,0,404,469,682,877
321,1,1058,491,1296,832
321,2,551,371,737,641
322,0,404,467,680,876
322,2,553,371,737,640
322,1,1059,491,1292,826
323,2,554,371,737,640
323,0,405,466,681,874
323,1,1057,488,1289,823
324,0,405,465,680,875
324,1,1058,488,1289,823
324,2,557,371,736,645
325,0,405,465,680,875
325,1,1056,487,1284,823
325,2,554,371,737,653
326,0,406,464,680,874
326,1,1055,485,1283,823
326,2,559,371,737,646
327,0,406,462,682,872
327,2,561,371,737,649
327,1,1055,484,1280,825
328,1,1054,484,1280,826
328,0,406,463,681,874
328,2,563,371,737,653
329,0,407,462,683,874
329,1,1052,483,1280,827
329,2,561,370,738,649
329,11,1050,482,1282,1069
330,11,1049,481,1281,1070
330,1,1051,482,1279,828
330,0,409,461,686,873
330,2,564,372,737,652
331,11,1049,480,1280,1069
331,1,1051,481,1277,827
331,0,410,462,693,873
331,2,566,370,737,645
332,1,1051,482,1278,827
332,11,1049,481,1280,1068
332,0,412,460,700,874
332,2,562,371,737,648
333,11,1049,481,1278,1068
333,1,1051,482,1276,829
333,0,414,460,704,875
333,2,563,370,736,644
334,1,1050,481,1276,830
334,11,1048,481,1278,1071
334,2,565,371,736,643
334,0,415,461,708,874
335,0,416,460,709,875
335,11,1047,480,1277,1069
335,1,1049,481,1275,828
335,2,571,371,737,645
336,11,1047,480,1277,1072
336,1,1049,481,1275,827
336,0,419,461,709,873
336,2,579,371,738,647
337,2,579,371,738,646
337,11,1047,480,1276,1073
337,0,421,461,710,873
337,1,1049,481,1274,828
337,12,579,372,739,770
338,11,1047,479,1276,1072
338,2,581,371,738,646
338,1,1048,480,1273,826
338,0,422,460,707,876
339,11,1047,480,1275,1072
339,0,422,460,706,876
339,1,1048,480,1272,819
339,2,589,371,738,642
340,2,589,371,738,642
340,0,422,460,703,876
340,11,1046,481,1274,1073
340,1,1046,481,1271,822
341,0,422,460,702,875
341,11,1043,482,1275,1071
341,1,1044,482,1271,815
341,2,580,371,738,642
342,0,422,460,699,875
342,11,1040,484,1272,1068
342,2,570,371,738,641
342,1,1040,484,1267,798
343,0,422,461,697,874
343,11,1035,485,1272,1067
343,2,575,371,738,642
343,1,1033,486,1265,788
344,0,423,462,698,873
344,2,582,371,738,641
344,1,1014,487,1261,792
345,0,422,460,700,875
345,2,588,372,739,640
345,1,996,488,1257,798
346,0,423,461,703,874
346,2,586,372,739,642
346,1,973,490,1252,798
347,0,423,461,704,876
347,2,591,372,739,641
347,1,952,492,1252,793
348,0,423,462,705,874
348,2,579,372,739,643
348,12,586,373,739,782
348,1,930,494,1252,811
349,0,422,462,705,874
349,12,582,373,739,777
349,2,573,372,738,641
349,1,916,496,1251,815
350,0,423,460,710,874
350,12,576,373,739,777
350,1,897,498,1251,819
350,2,537,372,737,645
351,0,423,462,711,874
351,12,571,373,738,775
351,2,530,372,737,644
351,1,882,500,1249,820
352,0,423,462,713,872
352,12,570,373,740,788
352,1,870,503,1253,825
352,2,527,372,738,657
353,0,422,464,713,868
353,1,850,508,1255,828
353,12,543,371,748,792
354,0,423,463,715,867
354,1,834,512,1252,824
354,12,574,373,745,789
355,0,424,467,713,863
355,1,827,515,1252,822
355,2,527,372,738,672
355,12,543,371,747,784
356,12,543,371,748,787
356,1,827,517,1251,821
356,0,424,467,719,863
356,2,527,371,738,686
357,0,424,468,721,862
357,1,827,521,1253,820
357,12,551,372,737,733
358,0,424,468,722,862
358,1,822,524,1236,817
358,12,539,372,738,746
358,11,821,523,1294,1069
359,0,425,468,723,861
359,12,536,372,737,734
359,1,813,528,1229,817
360,12,537,372,737,733
360,0,427,469,724,859
360,1,802,531,1224,814
361,0,427,468,728,860
361,2,529,371,736,679
361,1,792,535,1219,817
361,12,555,371,737,771
362,0,431,470,728,858
362,1,787,538,1217,819
362,12,542,372,736,762
363,0,433,469,733,860
363,1,788,543,1216,822
363,12,535,371,736,764
364,0,435,469,733,862
364,1,796,544,1213,822
364,12,541,372,736,753
365,12,534,371,735,752
365,0,438,473,731,856
365,1,778,552,1214,826
365,2,523,371,735,648
366,0,439,470,725,858
366,1,783,555,1216,829
366,2,519,370,735,653
366,12,542,370,735,741
367,1,785,559,1212,833
367,0,440,472,716,856
367,2,511,367,733,638
367,12,510,370,742,781
368,1,786,564,1212,833
368,2,509,366,731,638
368,0,440,476,710,857
369,0,440,477,709,856
369,2,506,365,730,639
369,1,797,564,1213,835
370,0,440,475,707,859
370,2,504,364,730,635
370,1,792,569,1214,838
371,2,503,362,730,636
371,1,794,572,1215,840
371,0,440,476,701,855
372,1,794,574,1215,841
372,0,440,474,702,857
372,2,505,361,731,638
372,12,506,366,739,761
373,0,441,474,702,856
373,1,795,576,1214,839
373,2,509,360,732,643
373,12,511,364,740,788
374,0,441,475,701,855
374,2,511,361,731,640
374,12,513,365,741,795
374,1,788,576,1216,835
375,0,441,474,703,854
375,2,511,361,733,641
375,12,513,364,742,800
375,1,781,577,1215,835
376,0,441,474,703,854
376,12,513,365,742,800
376,2,511,361,733,640
376,1,781,577,1214,839
377,2,510,361,731,639
377,12,512,365,741,795
377,0,441,473,707,855
377,1,771,577,1214,844
378,12,512,366,740,793
378,2,510,362,731,637
378,0,441,472,708,857
378,1,763,578,1214,847
379,0,440,471,708,858
379,12,513,366,740,795
379,2,511,362,731,641
379,1,771,579,1213,847
380,1,770,579,1213,847
380,0,440,474,708,859
380,12,512,366,742,795
380,2,508,358,734,652
381,0,440,473,708,858
381,12,513,366,742,793
381,1,783,579,1213,850
381,2,512,362,734,640
382,0,439,474,708,857
382,1,780,579,1214,855
382,12,518,363,736,741
383,0,438,473,709,857
383,1,785,578,1214,854
383,2,511,359,734,647
383,12,516,364,735,765
384,1,785,578,1214,854
384,0,437,474,709,857
384,12,516,364,735,763
384,2,510,359,734,645
385,0,437,474,710,856
385,2,509,359,732,645
385,1,789,578,1214,854
385,12,515,364,734,755
386,0,437,475,710,856
386,1,792,578,1214,848
386,2,508,359,733,653
386,12,510,366,740,783
387,0,437,475,711,857
387,2,511,359,732,655
387,1,788,578,1215,843
387,12,517,363,734,768
388,0,436,475,711,857
388,2,513,359,733,658
388,12,519,364,734,773
388,1,782,578,1215,841
389,0,436,475,711,858
389,2,514,359,733,658
389,12,520,364,734,770
389,1,780,577,1217,843
390,0,436,476,711,857
390,1,781,574,1215,847
390,12,522,364,734,744
391,1,779,573,1216,847
391,0,435,478,713,857
391,2,514,359,734,654
391,12,520,364,735,768
392,0,435,478,714,857
392,12,520,364,734,764
392,2,514,359,733,649
392,1,777,573,1216,841
393,2,515,359,734,650
393,12,520,363,735,760
393,0,436,479,718,858
393,1,790,572,1217,837
394,0,437,479,719,858
394,1,789,571,1217,837
394,12,518,363,735,764
394,2,515,362,733,640
395,2,514,362,733,640
395,0,436,477,724,859
395,1,782,570,1217,839
395,12,518,363,734,751
396,1,782,568,1217,840
396,0,436,476,726,859
396,2,514,362,733,643
396,12,522,361,735,757
397,0,436,476,728,859
397,2,513,362,733,644
397,1,785,567,1216,841
397,12,514,366,743,772
398,0,436,475,728,859
398,12,513,366,743,771
398,1,788,565,1217,841
398,2,509,358,734,656
399,0,437,476,730,858
399,1,789,565,1214,840
399,12,515,363,735,724
400,0,437,476,731,859
400,12,517,363,735,721
400,1,783,565,1214,841
401,0,437,476,733,859
401,1,772,564,1214,845
401,2,512,362,735,648
401,12,514,366,744,771
402,0,437,476,734,860
402,1,781,564,1213,846
402,12,515,363,735,731
403,0,437,476,734,860
403,1,783,565,1216,846
403,12,515,363,736,736
404,0,437,475,734,859
404,1,776,564,1216,844
404,12,517,363,736,745
404,2,510,362,735,637
405,0,437,476,733,859
405,12,518,363,737,752
405,1,787,565,1214,842
406,0,437,476,733,858
406,1,785,565,1214,842
406,2,513,362,736,640
406,12,516,366,746,788
407,0,438,476,733,860
407,1,787,565,1213,841
407,12,517,366,747,786
407,2,514,362,738,641
408,0,437,477,730,860
408,1,788,564,1212,842
408,12,522,363,737,734
409,0,437,478,731,860
409,1,792,564,1212,844
409,12,522,363,737,750
410,0,437,479,733,859
410,12,522,363,737,745
410,2,514,362,737,638
410,1,784,564,1212,845
411,0,437,479,734,859
411,2,514,362,738,640
411,1,786,565,1213,844
411,12,517,366,748,788
412,0,437,480,733,859
412,2,515,362,738,640
412,12,518,366,748,790
412,1,783,565,1214,842
413,0,437,480,731,859
413,1,779,565,1214,844
413,12,523,363,739,752
414,0,437,480,730,860
414,1,784,565,1214,849
414,12,525,363,739,746
415,0,437,479,731,859
415,1,785,565,1215,849
415,12,527,364,739,749
416,0,437,478,731,859
416,12,526,364,739,755
416,1,788,566,1214,846
417,0,437,480,732,859
417,1,789,566,1213,843
417,12,529,364,738,754
418,12,529,364,738,754
418,0,437,480,731,859
418,1,783,567,1213,841
419,0,437,480,729,859
419,12,530,364,737,756
419,1,780,567,1213,840
420,0,437,480,729,859
420,12,529,364,737,757
420,1,786,567,1212,840
421,0,437,480,730,859
421,1,781,568,1211,843
421,2,523,363,737,638
421,12,526,363,738,772
422,0,437,480,730,860
422,2,523,363,736,639
422,12,526,363,737,769
422,1,783,568,1211,847
423,0,436,480,730,860
423,2,524,363,736,639
423,12,527,363,737,770
423,1,790,567,1211,848
424,0,436,480,730,859
424,2,524,363,735,638
424,12,527,363,736,772
424,1,787,568,1210,849
425,0,437,481,728,859
425,12,526,363,736,776
425,1,799,568,1212,845
425,2,521,359,736,650
426,0,437,482,728,859
426,1,794,569,1212,845
426,12,527,363,737,781
426,2,522,359,736,661
427,0,436,482,728,859
427,2,522,360,737,662
427,12,527,363,737,782
427,1,798,569,1212,844
428,0,436,481,730,859
428,1,796,569,1214,846
428,12,527,364,737,778
428,2,521,360,736,652
429,0,435,481,730,860
429,1,795,568,1213,847
429,2,522,360,735,648
429,12,528,363,735,764
430,0,435,481,730,859
430,1,794,569,1212,847
430,12,530,363,734,764
430,2,526,363,733,639
431,1,793,569,1213,846
431,12,529,364,734,766
431,0,434,482,728,858
431,2,524,360,733,647
432,0,434,481,728,858
432,12,529,364,734,769
432,2,523,360,733,644
432,1,787,568,1211,846
433,0,434,479,728,858
433,12,531,364,734,769
433,1,791,568,1213,845
433,2,526,363,732,634
434,0,433,480,729,858
434,2,528,363,732,633
434,12,532,364,734,771
434,1,796,568,1213,847
435,0,433,480,731,857
435,1,799,568,1214,846
435,12,531,364,735,765
435,2,525,360,733,642
436,0,433,480,731,858
436,12,531,364,734,763
436,1,804,568,1212,846
436,2,526,364,733,634
437,1,805,568,1213,844
437,2,525,363,732,633
437,0,433,479,728,858
437,12,529,364,734,758
438,0,433,480,728,857
438,1,807,568,1213,843
438,2,523,364,732,633
438,12,527,364,734,755
439,0,433,480,728,857
439,2,524,363,733,634
439,1,807,568,1212,842
439,12,527,364,734,763
440,0,433,479,728,857
440,2,523,363,732,633
440,1,804,567,1211,844
440,12,527,363,734,752
441,0,433,478,728,858
441,1,802,567,1210,845
441,2,525,363,732,635
441,12,528,362,734,747
442,0,433,478,729,858
442,2,524,363,732,636
442,1,799,566,1210,843
443,2,526,363,732,635
443,0,433,478,730,857
443,1,801,566,1210,839
444,2,526,363,732,635
444,0,433,477,730,857
444,1,801,566,1209,837
445,0,433,477,729,856
445,2,526,363,733,635
445,1,799,566,1211,837
446,0,433,477,729,857
446,2,526,363,733,638
446,1,792,565,1209,840
447,0,433,477,729,857
447,2,525,363,733,641
447,1,797,566,1210,841
448,0,433,477,729,856
448,1,797,566,1211,840
448,2,526,363,733,640
449,0,433,475,728,856
449,1,798,565,1211,839
449,2,524,362,734,639
449,12,531,361,735,755
450,0,434,475,728,856
450,1,799,566,1212,838
450,2,525,362,733,635
451,0,434,475,730,856
451,1,799,567,1208,838
451,12,529,363,735,773
451,2,524,358,735,651
452,0,435,475,730,856
452,12,529,363,735,775
452,2,523,358,735,648
452,1,796,568,1209,841
453,0,435,475,730,855
453,12,529,363,735,774
453,2,523,358,735,647
453,1,799,570,1207,841
454,0,435,475,730,855
454,12,529,362,735,763
454,1,803,572,1210,844
454,2,525,362,734,637
455,0,435,475,730,855
455,2,526,362,734,638
455,1,806,575,1209,846
455,12,531,362,735,772
456,1,806,575,1208,846
456,0,435,476,731,855
456,12,532,362,735,771
456,2,529,362,734,637
457,0,435,477,731,855
457,2,529,362,734,639
457,12,532,362,736,776
457,1,799,575,1208,848
458,0,435,477,730,856
458,12,532,362,737,778
458,1,803,575,1208,851
458,2,527,358,736,655
459,0,435,477,730,853
459,12,533,362,736,776
459,1,800,574,1208,853
459,2,530,362,734,635
460,2,531,362,735,635
460,12,533,362,737,778
460,0,435,477,730,854
460,1,791,574,1209,854
461,1,793,575,1209,855
461,0,435,478,728,855
461,2,533,362,735,638
461,12,534,362,737,771
462,1,794,575,1209,855
462,0,434,479,729,856
462,2,533,361,734,635
462,12,534,362,735,751
463,0,434,480,728,857
463,2,533,361,734,636
463,1,791,575,1210,855
463,12,534,360,736,750
464,0,434,479,729,857
464,1,792,576,1209,855
464,2,534,361,735,635
464,12,534,360,737,747
465,0,432,479,729,856
465,1,791,576,1208,856
465,2,534,361,735,632
465,12,534,360,737,753
466,2,534,361,735,633
466,1,794,576,1208,856
466,0,433,479,728,854
466,12,533,360,737,760
467,0,433,479,728,853
467,1,793,576,1209,856
467,2,534,361,736,635
467,12,533,360,738,757
468,0,433,480,728,854
468,1,795,577,1208,856
468,2,534,361,736,632
469,1,796,577,1207,856
469,0,433,480,729,854
469,2,534,361,734,632
470,0,433,481,729,855
470,2,534,361,734,632
470,1,794,578,1208,856
471,2,534,361,734,632
471,0,433,480,730,854
471,1,793,578,1208,857
472,2,535,361,735,632
472,0,433,481,729,853
472,1,790,579,1208,856
473,0,433,481,729,853
473,2,534,361,735,633
473,1,781,579,1208,856
474,1,781,579,1208,856
474,2,534,361,735,634
474,0,433,481,730,852
475,2,534,361,735,634
475,0,434,481,730,853
475,1,775,579,1208,857
476,0,434,480,731,853
476,2,532,361,736,634
476,1,772,579,1207,856
477,0,434,480,732,853
477,1,769,579,1207,857
477,2,529,361,734,635
478,0,434,480,731,853
478,2,529,361,734,636
478,1,771,579,1206,857
479,1,773,579,1205,857
479,0,434,479,730,855
479,2,529,361,735,634
480,0,432,478,731,854
480,1,775,578,1204,855
480,2,527,361,734,647
481,2,527,361,734,648
481,1,772,578,1205,856
481,0,432,478,735,855
482,0,432,478,734,855
482,2,526,361,734,649
482,1,769,580,1205,858
483,1,772,581,1205,857
483,0,431,478,733,853
483,2,524,361,734,648
484,1,772,580,1205,856
484,0,429,478,733,853
484,2,526,361,734,659
485,0,429,476,732,853
485,1,769,580,1205,855
485,2,528,361,734,667
486,1,768,580,1204,855
486,0,426,475,733,851
486,2,528,361,734,674
487,1,768,580,1204,856
487,0,425,476,733,852
487,2,534,362,735,700
488,0,425,477,733,852
488,2,534,362,735,705
488,1,776,580,1205,854
489,0,423,478,734,851
489,1,767,580,1205,856
489,2,535,361,733,648
490,2,534,361,732,648
490,0,423,477,734,853
490,1,772,580,1204,855
491,1,771,579,1204,855
491,0,422,475,733,853
491,2,534,361,731,644
492,0,422,476,733,853
492,1,770,580,1204,855
492,2,535,362,733,696
493,0,422,476,732,853
493,2,535,362,733,698
493,1,769,579,1204,856
494,0,422,475,732,853
494,1,771,578,1204,855
494,2,535,362,733,705
495,0,422,474,732,853
495,1,768,577,1205,856
495,2,535,362,733,709
496,0,422,474,731,852
496,1,768,577,1205,856
496,2,536,362,733,714
497,0,422,475,731,853
497,1,766,576,1206,856
497,2,537,362,733,716
498,0,422,475,731,853
498,2,538,362,733,717
498,1,769,576,1205,856
499,0,422,475,729,852
499,1,771,577,1207,856
499,2,538,362,734,721
500,0,421,474,729,852
500,1,770,576,1208,856
500,2,538,362,734,723
501,0,421,474,730,852
501,2,538,362,734,727
501,1,770,575,1208,855
502,2,538,362,734,727
502,0,421,473,730,852
502,1,772,574,1207,852
503,0,421,474,730,852
503,2,538,362,735,729
503,1,773,572,1207,854
504,0,421,473,730,852
504,2,538,362,734,731
504,1,781,572,1206,851
505,0,421,473,730,851
505,2,539,361,734,725
505,1,790,570,1206,851
506,0,421,473,730,851
506,2,539,361,735,728
506,1,795,569,1205,851
507,0,421,472,730,851
507,2,539,361,735,727
507,1,804,567,1206,851
508,0,421,472,730,851
508,2,539,361,735,737
508,1,833,565,1207,844
509,0,420,472,730,850
509,2,539,361,734,727
509,1,855,562,1208,851
510,2,539,361,734,728
510,0,420,472,729,851
510,1,885,559,1208,846
511,0,420,472,728,850
511,2,539,361,734,735
511,1,915,557,1208,838
512,0,420,472,729,850
512,2,539,361,734,726
512,1,937,552,1210,848
513,0,420,472,729,850
513,2,539,361,734,721
513,1,958,548,1213,840
514,0,421,472,730,851
514,2,539,361,734,713
514,1,973,545,1222,829
515,0,420,471,732,851
515,2,539,361,735,710
515,1,986,545,1239,824
515,13,987,546,1346,1067
516,2,539,361,735,710
516,13,991,544,1346,1067
516,0,420,471,736,851
516,1,990,544,1249,818
517,0,420,471,747,851
517,2,539,361,735,697
517,1,993,540,1245,814
518,2,539,361,735,696
518,0,419,471,751,850
518,1,998,535,1241,812
519,0,419,471,760,851
519,1,1001,530,1242,811
519,2,540,361,734,647
520,0,419,471,754,850
520,1,1003,527,1243,809
520,2,540,361,733,640
521,2,540,361,732,635
521,0,419,471,740,850
521,1,1006,523,1246,802
522,2,539,361,732,635
522,1,1005,522,1247,801
522,0,419,471,730,851
523,2,540,361,731,634
523,0,419,471,722,850
523,1,1009,519,1248,793
524,2,540,361,731,633
524,0,419,470,713,850
524,1,1012,515,1252,790
525,2,540,361,731,630
525,0,419,471,708,848
525,1,1019,513,1254,791
526,2,540,361,731,629
526,0,419,470,705,849
526,1,1022,512,1259,792
527,0,419,471,705,849
527,2,540,360,733,630
527,1,1025,511,1265,793
528,0,419,471,705,848
528,2,539,360,733,629
528,1,1031,510,1272,796
529,2,539,360,733,630
529,0,419,471,707,851
529,1,1035,509,1273,798
530,2,538,360,733,631
530,0,419,471,713,852
530,1,1035,508,1279,798
531,0,419,472,713,852
531,2,538,360,734,634
531,1,1040,507,1279,801
531,13,1041,509,1338,1065
531,14,537,360,736,751
532,13,1041,507,1338,1067
532,0,419,472,717,851
532,2,538,360,735,638
532,1,1042,505,1280,805
532,14,537,358,741,764
533,1,1043,505,1281,810
533,2,539,360,737,643
533,0,419,472,731,852
534,13,1042,506,1340,1068
534,1,1044,505,1282,813
534,0,419,473,741,851
534,14,537,360,740,701
535,0,419,473,738,851
535,1,1045,502,1282,815
535,2,540,360,737,651
536,2,540,360,736,650
536,1,1046,502,1283,813
536,0,419,473,750,848
537,0,419,473,752,848
537,1,1046,502,1284,811
537,2,540,360,736,645
537,13,1045,503,1327,1069
538,1,1047,500,1286,810
538,0,419,473,749,853
538,14,538,360,739,694
539,1,1047,500,1287,810
539,14,538,360,739,700
539,0,418,473,748,863
539,13,1046,502,1340,1068
540,1,1048,501,1288,810
540,14,538,360,740,697
540,0,418,472,737,870
541,1,1049,501,1289,810
541,2,540,359,735,646
541,13,1047,501,1335,1065
541,0,417,473,728,879
542,1,1049,501,1290,811
542,2,541,359,735,650
542,0,415,470,722,902
543,13,1048,501,1335,1067
543,1,1050,501,1290,812
543,2,540,359,734,640
543,0,412,469,696,908
544,13,1048,500,1336,1070
544,1,1049,500,1292,813
544,2,540,359,735,646
544,0,410,470,684,902
545,13,1047,499,1334,1068
545,1,1049,499,1293,812
545,2,541,360,734,639
545,0,406,468,678,900
546,2,540,360,734,636
546,0,405,469,674,897
546,13,1049,498,1330,1066
546,1,1052,497,1299,814
547,13,1048,498,1329,1067
547,2,540,361,734,635
547,1,1052,498,1301,815
547,0,406,470,673,887
548,13,1052,499,1329,1067
548,2,540,361,734,638
548,0,406,470,674,883
548,1,1056,498,1304,812
549,0,405,470,675,881
549,2,541,362,735,638
549,13,1055,499,1327,1068
549,1,1059,499,1306,816
550,0,405,470,674,878
550,1,1058,501,1310,813
550,13,1057,500,1321,1066
550,2,541,363,737,649
551,0,405,470,673,876
551,13,1060,501,1319,1066
551,1,1061,501,1311,813
551,2,539,361,739,664
551,14,542,360,740,817
552,0,405,470,674,876
552,2,539,361,740,664
552,13,1062,504,1318,1067
552,1,1063,504,1314,818
552,14,546,362,746,824
553,14,546,362,747,821
553,2,539,361,741,658
553,0,405,472,671,883
553,13,1067,506,1319,1070
553,1,1067,507,1318,821
554,2,539,361,741,658
554,13,1068,507,1322,1069
554,0,405,472,670,878
554,1,1068,507,1321,828
555,13,1070,509,1323,1070
555,0,404,472,670,874
555,2,542,362,739,652
555,1,1069,509,1322,844
556,2,542,362,739,652
556,0,403,472,670,876
556,13,1070,509,1325,1070
556,1,1070,509,1325,840
557,13,1071,510,1327,1071
557,0,402,472,669,873
557,2,541,363,738,644
557,1,1071,510,1328,827
558,0,400,472,669,872
558,13,1072,511,1329,1073
558,2,542,363,737,638
558,1,1071,511,1329,836
559,2,541,363,737,641
559,13,1072,513,1331,1074
559,1,1071,513,1332,836
559,0,399,472,670,883
560,2,541,363,736,642
560,13,1072,515,1334,1076
560,1,1071,515,1336,836
560,0,399,473,670,869
561,13,1073,518,1335,1075
561,1,1072,518,1336,836
561,2,541,364,736,646
561,0,398,473,670,864
562,0,398,473,669,864
562,13,1073,518,1336,1076
562,2,541,364,737,647
562,1,1072,518,1337,832
563,13,1073,519,1335,1076
563,0,398,473,670,862
563,1,1073,518,1336,833
563,2,541,364,737,651
564,0,398,472,671,862
564,1,1073,519,1335,832
564,13,1073,520,1334,1073
564,2,539,365,737,655
565,0,397,472,671,863
565,13,1073,521,1333,1073
565,1,1073,520,1334,834
565,2,541,365,737,659
566,0,398,471,672,863
566,1,1073,521,1333,834
566,13,1073,522,1332,1071
566,2,542,365,737,662
567,0,398,471,673,862
567,13,1072,522,1330,1071
567,2,541,365,737,658
567,1,1071,521,1329,836
568,2,541,365,737,655
568,0,399,470,673,866
568,13,1069,524,1327,1070
568,1,1068,523,1327,832
569,2,541,365,737,655
569,0,399,470,674,867
569,13,1066,524,1325,1070
569,1,1065,523,1324,831
570,0,399,470,674,867
570,2,542,365,738,655
570,13,1061,524,1323,1070
570,1,1060,523,1322,828
571,0,398,470,674,869
571,13,1059,525,1322,1070
571,1,1058,525,1320,829
571,2,542,366,736,649
572,2,543,366,737,649
572,0,398,470,675,872
572,13,1057,525,1320,1071
572,1,1057,525,1318,833
573,0,398,469,675,874
573,2,545,366,736,647
573,13,1053,525,1319,1072
573,1,1054,525,1317,838
574,0,397,469,676,875
574,13,1052,524,1318,1072
574,1,1053,524,1317,840
574,2,545,366,736,646
575,13,1052,525,1319,1074
575,1,1052,524,1317,841
575,0,396,468,677,876
575,2,546,366,737,651
576,13,1051,525,1319,1073
576,2,545,366,737,651
576,1,1052,525,1317,843
576,0,395,468,678,879
577,2,546,366,737,650
577,0,395,467,679,881
577,13,1052,524,1317,1075
577,1,1053,524,1316,842
578,13,1052,524,1316,1076
578,1,1053,524,1315,842
578,0,395,467,678,881
578,2,545,366,738,653
579,0,394,467,678,881
579,13,1053,524,1316,1075
579,2,545,366,738,654
579,1,1054,524,1314,835
580,0,395,467,678,880
580,2,545,366,737,654
580,1,1053,523,1314,838
580,13,1053,525,1314,1076
581,13,1052,524,1314,1076
581,0,394,467,678,879
581,2,544,366,737,649
581,1,1053,523,1313,829
582,0,395,467,678,878
582,13,1051,523,1314,1075
582,2,544,366,737,647
582,1,1052,522,1313,825
583,2,545,366,737,647
583,0,395,467,677,878
583,1,1052,522,1313,824
583,13,1051,522,1315,1073
584,1,1052,521,1313,824
584,0,395,466,677,878
584,2,545,366,737,648
584,13,1051,522,1314,1075
585,13,1050,522,1314,1075
585,0,395,466,677,877
585,2,545,367,736,648
585,1,1051,521,1313,828
586,1,1051,521,1313,827
586,13,1050,521,1314,1074
586,0,395,465,676,878
586,2,545,367,735,649
587,2,545,367,735,649
587,13,1051,522,1314,1075
587,0,395,464,675,879
587,1,1052,521,1313,822
588,1,1052,521,1313,822
588,13,1050,522,1314,1075
588,0,395,464,674,878
588,2,545,367,735,651
589,13,1050,522,1314,1075
589,0,394,463,673,879
589,1,1052,521,1313,825
589,2,546,367,735,657
590,1,1052,521,1313,826
590,2,545,367,735,658
590,13,1051,522,1315,1071
590,0,393,462,670,879
591,2,545,367,735,658
591,13,1051,521,1314,1070
591,1,1052,521,1314,829
591,0,393,464,669,878
592,2,546,367,736,658
592,1,1052,521,1314,831
592,13,1051,522,1314,1074
592,0,392,464,667,878
593,1,1052,521,1314,829
593,2,546,367,735,657
593,13,1051,522,1315,1072
593,0,392,464,665,877
594,13,1052,522,1315,1073
594,1,1052,521,1314,831
594,2,545,367,735,656
594,0,393,464,663,876
595,2,545,367,735,657
595,13,1052,522,1315,1072
595,1,1053,521,1313,830
595,0,393,466,661,876
596,13,1052,522,1315,1072
596,1,1053,521,1313,830
596,2,544,367,735,658
596,0,392,468,659,875
597,13,1052,521,1315,1072
597,1,1053,521,1313,830
597,0,392,469,658,876
597,2,546,367,735,657
598,13,1052,521,1315,1071
598,2,546,368,735,656
598,0,392,469,658,874
598,1,1053,521,1313,832
599,13,1052,521,1315,1071
599,0,391,470,658,874
599,1,1053,521,1314,830
599,2,546,368,737,655
600,13,1052,522,1315,1071
600,0,391,469,658,874
600,1,1053,521,1314,829
600,2,547,368,737,655
601,0,391,470,659,873
601,13,1052,521,1314,1073
601,1,1053,521,1313,832
601,2,546,368,736,652
602,13,1052,522,1314,1074
602,2,546,368,736,652
602,0,391,470,660,875
602,1,1053,521,1313,836
603,13,1051,522,1315,1072
603,0,391,470,660,879
603,1,1053,521,1313,839
603,2,543,368,736,652
604,13,1051,522,1314,1073
604,1,1052,521,1313,838
604,2,543,368,735,651
604,0,390,470,661,881
605,13,1051,522,1315,1074
605,0,390,471,662,884
605,1,1052,522,1314,836
605,2,542,368,736,653
606,13,1051,523,1315,1074
606,0,390,472,663,885
606,1,1052,522,1314,840
606,2,541,369,736,655
607,0,389,472,663,885
607,13,1053,524,1315,1074
607,2,540,370,737,658
607,1,1054,523,1314,835
608,13,1052,524,1315,1073
608,1,1053,523,1314,834
608,0,389,473,663,883
608,2,539,370,737,657
609,1,1053,524,1314,834
609,13,1052,524,1315,1073
609,2,538,370,736,658
609,0,389,474,664,882
610,2,539,370,737,659
610,1,1052,524,1314,836
610,13,1051,525,1315,1076
610,0,389,475,662,877
611,1,1053,524,1314,835
611,13,1051,525,1315,1075
611,2,539,370,738,660
611,0,389,476,661,872
612,1,1053,524,1314,835
612,2,540,370,738,660
612,0,389,476,659,872
612,13,1052,525,1315,1073
613,2,540,371,738,660
613,1,1053,525,1314,835
613,13,1052,525,1316,1072
613,0,388,477,659,872
614,13,1053,526,1316,1072
614,1,1054,525,1314,834
614,0,387,478,658,871
614,2,540,371,736,658
615,13,1053,527,1317,1072
615,0,386,480,658,871
615,2,539,371,736,662
615,1,1054,526,1314,831
616,13,1053,527,1316,1072
616,0,386,481,658,871
616,2,539,371,736,661
616,1,1054,526,1314,834
617,1,1055,526,1314,834
617,13,1054,527,1316,1073
617,0,385,480,658,871
617,2,540,371,736,660
618,13,1054,527,1316,1072
618,1,1055,526,1314,834
618,2,540,371,736,660
618,0,384,481,658,870
619,13,1054,527,1315,1072
619,1,1055,526,1313,835
619,0,383,481,658,870
619,2,541,371,735,657
620,13,1053,527,1315,1071
620,0,383,481,659,870
620,1,1055,526,1313,834
620,2,541,372,734,658
621,0,385,481,659,871
621,13,1053,528,1314,1072
621,1,1055,527,1313,831
621,2,541,372,735,660
622,13,1053,528,1314,1073
622,1,1054,527,1313,830
622,2,542,373,735,661
622,0,384,482,660,870
623,13,1053,529,1314,1076
623,1,1054,527,1313,833
623,0,386,482,659,871
623,2,542,373,734,661
624,13,1053,529,1314,1076
624,0,387,483,659,871
624,2,543,373,734,661
624,1,1054,527,1313,834
625,0,387,483,659,871
625,2,543,373,734,661
625,13,1053,528,1313,1077
625,1,1054,527,1313,833
626,13,1053,528,1314,1076
626,1,1054,527,1313,832
626,0,387,482,659,871
626,2,543,372,733,658
627,13,1053,528,1314,1076
627,0,388,482,659,871
627,1,1054,527,1314,831
627,2,543,373,733,658
628,0,388,482,658,871
628,13,1054,527,1315,1075
628,1,1054,526,1313,833
628,2,543,373,734,658
629,13,1053,528,1315,1074
629,0,388,482,658,871
629,2,543,373,735,659
629,1,1054,527,1314,829
630,0,388,483,658,871
630,13,1054,528,1315,1075
630,2,543,373,735,659
630,1,1055,527,1314,828
631,13,1054,529,1315,1075
631,0,389,482,659,871
631,2,544,373,736,659
631,1,1055,528,1313,830
632,13,1055,529,1314,1074
632,0,389,482,659,871
632,1,1055,528,1313,831
632,2,544,374,738,659
633,13,1055,529,1314,1074
633,1,1055,528,1313,830
633,0,390,483,659,872
633,2,545,373,739,659
634,1,1056,528,1313,830
634,0,389,482,660,871
634,13,1055,528,1315,1072
634,2,545,374,739,657
635,0,389,482,660,871
635,13,1056,528,1316,1073
635,1,1056,528,1313,832
635,2,546,374,740,657
636,13,1056,528,1316,1072
636,1,1056,528,1313,831
636,0,389,482,661,872
636,2,546,374,739,657
637,0,390,482,660,872
637,13,1056,528,1315,1072
637,1,1057,527,1313,831
637,2,546,374,739,659
638,0,390,482,660,872
638,13,1056,528,1315,1072
638,2,546,374,739,660
638,1,1056,527,1313,827
639,2,546,374,739,659
639,0,390,482,661,872
639,13,1056,528,1316,1071
639,1,1056,527,1313,829
640,13,1056,528,1316,1071
640,0,390,481,661,871
640,2,545,374,738,660
640,1,1056,527,1313,828
641,13,1056,528,1316,1071
641,0,390,481,661,871
641,2,546,374,738,660
641,1,1056,527,1313,830
642,0,390,481,661,871
642,13,1055,527,1316,1071
642,2,545,374,738,659
642,1,1055,527,1313,830
643,0,390,481,661,871
643,13,1054,527,1316,1070
643,2,546,374,739,660
643,1,1055,527,1314,826
644,0,390,481,661,871
644,13,1054,527,1316,1072
644,2,546,374,740,661
644,1,1054,527,1314,829
645,13,1054,527,1316,1071
645,0,390,481,661,872
645,1,1055,527,1314,828
645,2,545,374,740,660
646,0,390,481,661,871
646,13,1055,528,1315,1072
646,2,545,375,739,660
646,1,1055,527,1314,832
647,13,1055,528,1315,1072
647,0,390,480,661,871
647,2,545,375,739,660
647,1,1055,527,1313,833
648,0,390,480,661,871
648,2,545,374,739,660
648,13,1056,527,1316,1072
648,1,1056,527,1314,829
649,13,1056,527,1316,1071
649,0,390,479,660,871
649,1,1057,527,1314,827
649,2,546,375,738,658
650,0,390,479,660,872
650,1,1056,527,1313,827
650,13,1055,527,1315,1071
650,2,545,374,738,654
651,0,390,479,660,872
651,13,1056,527,1315,1071
651,1,1056,527,1313,829
651,2,545,374,738,659
652,0,390,479,660,872
652,13,1056,527,1315,1071
652,2,545,374,738,659
652,1,1056,526,1313,826
653,13,1056,527,1315,1072
653,0,390,479,660,871
653,1,1057,526,1313,827
653,2,545,374,738,657
654,13,1056,527,1315,1072
654,1,1057,526,1313,827
654,2,545,374,738,657
654,0,390,478,660,871
655,13,1056,527,1315,1071
655,0,389,478,659,871
655,2,545,374,738,658
655,1,1057,527,1313,829
656,13,1056,527,1315,1071
656,1,1057,526,1313,828
656,0,389,478,659,871
656,2,545,374,737,657
657,0,389,478,659,871
657,13,1056,527,1315,1072
657,2,545,374,738,657
657,1,1057,526,1313,831
658,13,1056,527,1315,1072
658,2,545,374,738,658
658,0,388,477,659,870
658,1,1057,526,1313,833
659,13,1056,527,1315,1072
659,0,388,478,659,870
659,2,545,374,738,658
659,1,1057,526,1313,833
660,13,1056,527,1315,1072
660,0,388,477,658,870
660,2,545,374,738,657
660,1,1057,526,1313,828
661,0,388,476,658,870
661,13,1057,527,1315,1070
661,2,545,374,736,658
661,1,1058,526,1313,822
662,0,388,476,658,870
662,13,1057,526,1315,1072
662,2,545,374,736,657
662,1,1057,525,1314,826
663,13,1057,526,1315,1071
663,0,389,476,658,870
663,2,546,373,736,657
663,1,1057,525,1314,825
664,13,1057,525,1316,1071
664,0,389,475,659,870
664,2,546,373,736,659
664,1,1058,524,1314,830
665,13,1057,525,1316,1072
665,0,389,475,660,870
665,2,546,373,736,658
665,1,1058,524,1315,831
666,0,389,475,660,870
666,13,1057,525,1317,1073
666,2,547,373,736,659
666,1,1058,524,1315,834
667,13,1058,525,1317,1073
667,0,390,475,661,870
667,1,1059,524,1315,832
667,2,547,373,736,660
668,0,391,475,661,870
668,13,1058,524,1317,1073
668,2,547,373,736,660
668,1,1058,523,1315,832
669,0,391,474,661,870
669,2,547,373,736,660
669,1,1058,523,1315,832
669,13,1057,524,1317,1072
670,13,1057,524,1317,1072
670,0,391,474,662,870
670,1,1058,523,1315,831
670,2,547,373,735,657
671,13,1057,524,1317,1072
671,0,392,474,662,869
671,2,547,373,735,658
671,1,1058,523,1315,833
672,0,392,474,662,869
672,13,1057,524,1317,1072
672,1,1058,523,1315,832
672,2,547,373,735,658
673,0,392,474,662,869
673,2,548,373,735,658
673,13,1057,523,1317,1072
673,1,1058,522,1315,829
674,13,1058,523,1317,1073
674,0,392,474,662,869
674,1,1058,522,1315,830
674,2,548,373,736,656
675,13,1057,523,1317,1073
675,2,548,373,735,656
675,1,1058,522,1315,830
675,0,393,474,663,869
676,1,1058,522,1315,830
676,0,393,474,663,869
676,13,1057,523,1317,1072
676,2,548,373,736,657
677,13,1057,523,1317,1072
677,1,1058,522,1316,831
677,0,394,474,662,869
677,2,548,374,735,660
678,0,394,474,662,869
678,13,1057,523,1317,1072
678,1,1058,522,1316,832
678,2,548,373,735,652
679,0,394,474,662,870
679,13,1058,522,1317,1072
679,1,1058,521,1315,834
679,2,547,374,735,659
680,0,394,474,662,870
680,13,1058,522,1317,1072
680,1,1058,521,1315,830
680,2,547,373,735,651
681,13,1058,522,1317,1073
681,0,394,473,662,870
681,1,1058,521,1315,833
681,2,548,374,735,657
682,13,1058,522,1317,1072
682,1,1058,521,1316,833
682,0,393,474,661,869
682,2,548,373,735,653
683,1,1058,521,1316,833
683,13,1058,522,1317,1073
683,2,548,374,734,653
683,0,392,472,661,867
684,13,1057,522,1317,1073
684,2,548,374,734,654
684,1,1058,521,1316,832
684,0,389,472,660,868
685,13,1057,522,1317,1072
685,1,1058,521,1315,833
685,2,548,373,734,651
685,0,385,473,659,867
686,13,1058,522,1317,1072
686,1,1058,521,1315,831
686,2,547,373,735,650
686,0,381,473,660,867
687,13,1057,522,1317,1073
687,1,1058,521,1315,831
687,2,547,373,736,651
687,0,377,474,662,867
688,13,1058,522,1317,1072
688,1,1058,521,1316,830
688,2,548,373,737,647
688,0,374,475,668,869
689,13,1057,523,1317,1072
689,1,1058,522,1315,828
689,2,547,373,737,650
689,0,368,478,677,865
690,13,1058,523,1317,1073
690,1,1058,522,1315,830
690,2,546,373,737,653
690,0,365,482,686,863
691,1,1056,522,1315,830
691,13,1055,522,1316,1072
691,0,363,484,694,860
691,2,544,373,734,659
692,13,1055,522,1315,1074
692,1,1056,522,1314,833
692,2,545,372,736,667
692,0,361,487,703,853
693,13,1055,522,1316,1072
693,1,1056,521,1314,832
693,0,360,489,706,855
693,2,545,372,737,655
694,13,1055,523,1316,1072
694,1,1055,522,1314,834
694,2,545,372,737,653
694,0,358,489,709,857
695,13,1055,523,1316,1073
695,1,1055,522,1314,833
695,2,545,372,737,649
695,0,356,492,714,862
696,13,1054,523,1316,1072
696,1,1055,522,1315,833
696,2,545,372,738,650
696,0,357,491,717,865
697,13,1055,523,1316,1073
697,1,1055,522,1315,833
697,2,545,372,738,651
697,0,357,493,715,873
698,1,1055,523,1315,833
698,13,1055,523,1316,1073
698,2,544,372,738,651
698,0,357,493,713,883
699,13,1055,524,1316,1073
699,1,1055,523,1315,832
699,2,544,371,738,652
699,0,358,494,709,890
700,13,1054,524,1316,1073
700,1,1055,523,1315,833
700,2,543,371,738,651
700,0,359,495,706,899
700,15,541,370,739,793
701,13,1054,524,1316,1072
701,1,1055,523,1315,835
701,2,543,371,737,649
701,0,359,496,700,902
702,13,1054,524,1316,1072
702,2,543,371,737,649
702,1,1055,523,1314,833
702,0,360,496,696,909
703,1,1055,523,1314,833
703,13,1054,524,1316,1073
703,2,543,371,737,651
703,0,360,496,694,904
704,13,1054,524,1316,1073
704,2,543,371,737,651
704,1,1055,523,1315,833
704,0,360,496,694,902
705,13,1054,524,1317,1074
705,2,544,371,737,651
705,1,1055,523,1315,834
705,0,361,496,693,903
706,13,1054,524,1317,1073
706,2,544,371,738,650
706,0,361,495,693,907
706,1,1055,523,1315,830
707,13,1055,524,1317,1073
707,1,1055,523,1316,829
707,2,543,371,737,651
707,0,362,493,689,905
707,15,542,370,738,771
708,13,1055,524,1317,1074
708,1,1056,523,1316,831
708,2,544,371,738,653
708,0,361,492,688,906
709,13,1055,524,1317,1072
709,1,1056,523,1316,829
709,2,545,371,738,653
709,0,361,491,687,890
710,2,544,371,738,653
710,13,1054,524,1317,1073
710,0,360,490,686,893
710,1,1055,523,1315,832
711,13,1054,524,1317,1073
711,2,544,371,738,652
711,1,1055,523,1315,833
711,0,360,490,689,896
712,13,1054,524,1317,1073
712,2,544,370,738,651
712,1,1055,523,1315,829
712,0,360,490,691,915
713,13,1054,524,1317,1072
713,1,1055,523,1315,827
713,2,544,371,738,653
713,0,359,490,694,918
714,13,1054,524,1317,1073
714,1,1055,523,1315,829
714,2,544,371,739,651
714,0,358,488,697,913
715,13,1054,524,1317,1072
715,1,1055,523,1315,827
715,2,544,371,738,654
715,0,357,486,701,918
716,13,1055,524,1317,1073
716,1,1056,523,1315,829
716,0,357,484,703,919
716,2,544,371,739,656
717,13,1055,523,1317,1073
717,1,1056,522,1315,831
717,0,357,481,700,919
717,2,545,370,739,649
717,15,545,369,740,777
718,13,1054,523,1316,1073
718,2,545,370,739,651
718,1,1055,522,1315,834
718,0,357,478,698,919
718,15,545,369,739,801
719,13,1054,523,1316,1073
719,15,545,368,739,801
719,1,1055,522,1315,833
719,2,544,371,738,652
719,0,358,476,696,920
720,13,1053,523,1316,1073
720,1,1055,522,1315,835
720,2,544,370,738,649
720,15,543,370,738,814
720,0,359,475,681,921
721,15,543,370,738,815
721,13,1055,523,1315,1073
721,2,545,370,739,653
721,0,362,474,678,920
721,1,1056,522,1314,828
722,13,1054,523,1315,1072
722,1,1055,522,1313,830
722,0,362,473,673,921
722,15,543,369,740,821
722,2,543,369,740,657
723,13,1054,523,1315,1072
723,1,1055,522,1314,831
723,15,544,370,742,822
723,2,541,369,740,662
723,0,364,470,663,921
724,13,1054,523,1315,1072
724,1,1055,522,1314,829
724,15,547,370,742,824
724,0,366,467,657,922
724,2,542,368,741,652
725,13,1054,523,1314,1073
725,1,1055,522,1313,832
725,15,551,370,742,825
725,0,368,464,656,919
725,2,551,370,739,651
726,13,1054,522,1314,1073
726,1,1055,521,1314,828
726,15,554,369,743,825
726,0,370,460,659,919
726,2,552,369,739,657
727,13,1054,523,1314,1073
727,1,1055,522,1314,829
727,0,374,459,659,918
727,15,557,369,742,827
727,2,555,369,739,651
728,13,1055,522,1314,1073
728,1,1056,522,1313,832
728,15,566,369,742,827
728,2,567,369,739,668
728,0,382,456,663,1077
729,13,1055,522,1314,1072
729,1,1056,521,1314,831
729,0,385,454,664,1077
729,15,578,369,739,823
729,2,588,369,739,651
730,13,1055,522,1314,1072
730,1,1056,522,1314,832
730,0,390,450,666,1078
730,15,572,369,738,822
730,2,576,370,738,660
730,16,391,453,659,880
731,13,1055,522,1314,1072
731,1,1056,521,1314,834
731,0,398,448,661,1078
731,15,581,370,738,820
731,2,587,370,738,664
731,16,398,451,647,854
732,13,1055,522,1314,1072
732,1,1056,521,1314,833
732,15,583,370,738,821
732,2,587,370,738,666
732,16,405,450,641,855
732,0,403,448,651,1077
733,13,1055,522,1314,1072
733,1,1056,521,1314,835
733,0,409,448,651,1078
733,16,411,448,646,855
733,15,592,370,738,823
733,2,599,369,738,650
734,1,1056,521,1314,835
734,13,1054,523,1314,1074
734,2,598,370,737,651
734,15,589,370,737,822
734,0,415,447,656,1077
734,16,416,448,655,852
735,13,1054,522,1314,1074
735,2,598,370,737,651
735,1,1056,521,1314,833
735,15,588,370,737,821
735,0,421,447,665,1077
735,16,422,447,662,848
736,13,1054,522,1314,1074
736,1,1055,521,1314,835
736,2,599,369,737,653
736,15,590,370,738,819
736,16,426,446,672,850
736,0,425,446,677,1073
737,1,1055,521,1314,836
737,2,598,370,737,652
737,13,1054,522,1314,1072
737,0,430,445,679,1073
737,15,591,371,738,808
737,16,431,445,676,851
738,13,1054,522,1314,1072
738,2,598,370,737,653
738,1,1055,521,1314,839
738,15,592,371,738,802
738,0,434,444,685,1073
738,16,436,444,683,848
739,13,1054,521,1314,1072
739,15,592,370,738,803
739,1,1055,521,1314,837
739,0,439,443,687,1073
739,16,440,444,685,853
740,13,1054,521,1314,1072
740,2,599,370,737,652
740,1,1056,521,1314,835
740,15,592,371,738,804
740,0,441,443,688,1073
740,16,443,444,686,857
741,1,1056,521,1314,835
741,13,1054,521,1314,1072
741,2,599,370,737,653
741,15,592,371,738,807
741,0,442,443,693,1073
741,16,445,443,691,860
742,13,1054,521,1314,1072
742,0,443,443,692,1073
742,2,599,370,737,652
742,1,1056,521,1314,836
742,16,446,444,691,860
742,15,591,371,738,806
743,13,1054,521,1314,1072
743,1,1055,521,1314,835
743,15,591,371,738,808
743,0,444,444,691,1074
743,16,447,444,690,864
744,13,1054,521,1314,1072
744,15,591,371,738,808
744,0,443,444,690,1074
744,2,598,369,737,653
744,1,1055,521,1314,832
744,16,447,444,689,867
745,13,1054,521,1314,1072
745,1,1055,521,1314,831
745,0,444,444,690,1074
745,15,591,371,737,809
745,2,599,370,736,653
745,16,448,444,689,867
746,13,1054,521,1314,1072
746,0,444,444,690,1074
746,1,1055,521,1314,832
746,16,448,444,688,866
746,2,598,370,736,653
746,15,589,371,737,809
747,1,1055,521,1314,832
747,13,1054,521,1314,1072
747,0,444,443,689,1074
747,16,448,444,688,866
747,2,598,369,735,653
747,15,589,371,736,812
748,13,1054,521,1314,1072
748,0,444,443,689,1074
748,1,1055,521,1314,831
748,15,590,370,736,811
748,2,598,369,735,654
748,16,447,444,689,867
749,13,1054,521,1314,1072
749,1,1055,520,1314,832
749,0,443,442,690,1074
749,16,447,444,689,866
749,15,589,370,736,812
750,13,1053,521,1314,1072
750,0,442,442,689,1074
750,16,446,444,689,865
750,1,1055,520,1314,833
750,15,590,369,736,812
751,13,1054,520,1314,1073
751,1,1055,519,1314,833
751,0,442,443,688,1073
751,15,591,368,736,812
751,16,446,443,688,862
751,2,599,369,736,649
752,16,446,443,687,862
752,13,1053,520,1314,1073
752,0,442,442,687,1073
752,1,1054,520,1314,833
752,15,589,366,737,814
752,2,596,368,737,651
753,13,1053,520,1314,1073
753,0,442,440,687,1073
753,16,445,441,688,861
753,1,1055,520,1314,831
753,15,587,365,737,815
753,2,594,367,736,652
754,13,1053,520,1314,1073
754,0,442,440,687,1073
754,1,1055,520,1314,830
754,16,446,441,688,860
754,15,586,363,736,815
754,2,591,365,736,652
755,0,442,440,688,1073
755,13,1053,520,1314,1073
755,1,1054,520,1314,830
755,16,446,442,689,861
755,15,587,361,737,808
755,2,587,363,736,658
756,0,442,440,688,1073
756,13,1052,521,1313,1073
756,1,1054,520,1313,827
756,16,443,439,687,863
756,2,586,360,738,652
757,13,1053,521,1313,1073
757,0,442,439,688,1074
757,1,1054,520,1314,826
757,15,589,360,741,807
757,2,589,361,740,670
758,13,1052,521,1313,1073
758,1,1054,520,1313,826
758,0,445,440,688,1077
758,2,589,362,742,666
758,15,588,361,745,815
759,13,1053,520,1313,1073
759,0,445,440,688,1078
759,1,1054,520,1314,824
759,15,589,361,746,816
759,2,590,363,743,671
759,16,446,441,691,868
760,13,1053,520,1313,1073
760,0,445,440,688,1078
760,16,446,442,690,868
760,1,1054,520,1313,827
760,2,589,363,742,661
761,13,1053,520,1313,1073
761,16,446,442,691,868
761,1,1054,520,1313,830
761,0,443,440,688,1074
761,15,589,363,746,799
761,2,592,365,744,665
762,13,1053,520,1313,1073
762,1,1054,520,1313,830
762,0,442,439,688,1074
762,16,446,442,690,866
762,2,592,366,746,665
762,15,590,364,747,807
763,13,1053,521,1313,1073
763,0,441,439,688,1075
763,1,1054,520,1313,829
763,2,593,367,745,664
763,16,445,441,690,871
763,15,591,365,747,815
764,13,1053,521,1312,1073
764,1,1054,520,1313,829
764,0,441,439,686,1074
764,2,593,368,746,667
764,15,591,367,749,819
765,13,1053,521,1312,1074
765,15,591,369,749,820
765,1,1054,520,1313,828
765,0,443,440,686,1078
765,2,594,369,745,662
766,13,1053,521,1312,1073
766,0,443,440,686,1078
766,1,1055,520,1313,827
766,15,592,371,751,819
767,13,1053,521,1312,1073
767,1,1054,520,1313,828
767,15,593,373,749,819
767,0,441,439,687,1074
768,13,1053,521,1312,1074
768,1,1054,520,1313,828
768,0,441,440,687,1075
768,15,594,376,747,819
769,13,1053,521,1312,1074
769,1,1054,520,1313,827
769,0,442,440,686,1075
769,15,597,392,752,820
769,2,597,376,739,626
770,13,1053,521,1313,1074
770,1,1054,520,1313,829
770,0,444,440,686,1079
770,15,598,394,754,820
770,2,598,377,743,638
771,0,443,440,685,1078
771,13,1053,521,1314,1074
771,1,1054,520,1314,837
771,2,598,381,744,643
771,15,598,401,751,817
772,13,1052,521,1314,1075
772,0,443,439,685,1078
772,1,1054,520,1314,835
772,15,598,401,748,818
772,2,600,386,743,618
773,0,443,439,685,1078
773,13,1052,521,1314,1075
773,15,598,402,747,818
773,1,1053,520,1314,830
773,2,599,389,745,616
774,13,1052,521,1314,1075
774,1,1053,520,1314,831
774,0,441,439,686,1074
774,2,598,392,744,613
775,13,1051,521,1313,1075
775,0,439,438,685,1074
775,1,1052,520,1313,833
775,2,597,393,745,635
776,13,1051,521,1313,1075
776,1,1052,520,1313,835
776,0,441,439,685,1079
776,2,598,396,752,631
777,13,1051,521,1313,1074
777,1,1052,520,1314,832
777,0,440,440,686,1079
777,2,598,397,749,621
778,13,1051,521,1313,1074
778,1,1052,520,1314,829
778,0,437,440,685,1075
778,16,437,440,681,867
778,2,599,399,746,610
779,13,1052,521,1314,1074
779,1,1053,520,1314,829
779,0,436,440,685,1074
779,2,601,399,744,607
780,13,1052,521,1314,1074
780,1,1053,520,1314,831
780,0,434,444,685,1074
780,16,436,442,681,866
780,2,604,400,745,605
781,13,1054,521,1314,1075
781,0,432,445,685,1074
781,16,435,442,681,864
781,1,1055,520,1314,826
781,2,602,400,745,604
782,13,1054,521,1314,1075
782,1,1055,520,1314,827
782,0,433,444,684,1079
782,2,602,401,746,607
783,13,1054,521,1314,1075
783,0,433,445,685,1079
783,16,434,443,681,862
783,1,1055,520,1314,822
783,2,604,402,747,605
784,13,1054,521,1314,1074
784,0,433,444,685,1078
784,1,1055,520,1314,821
784,2,608,403,746,604
785,13,1053,521,1314,1074
785,1,1054,520,1314,822
785,0,436,444,685,1078
785,2,609,404,748,607
786,13,1054,520,1314,1075
786,0,436,444,685,1078
786,1,1054,520,1314,822
786,2,605,405,753,613
787,0,436,444,685,1078
787,1,1054,519,1314,822
787,13,1054,519,1314,1073
787,2,601,406,758,668
788,0,436,444,685,1078
788,13,1054,518,1314,1074
788,16,436,443,681,862
788,1,1055,519,1313,823
788,2,603,406,753,623
789,1,1054,518,1313,823
789,13,1053,518,1313,1075
789,16,436,443,682,863
789,0,436,444,685,1074
789,2,597,407,750,658
790,13,1053,518,1313,1074
790,16,436,444,682,863
790,1,1054,518,1313,821
790,0,437,444,685,1078
790,2,594,407,751,659
791,0,437,444,685,1078
791,13,1053,518,1314,1074
791,1,1054,518,1314,819
791,16,436,444,684,863
791,2,594,407,750,653
792,13,1053,518,1314,1074
792,1,1054,518,1314,820
792,16,436,444,686,862
792,0,436,444,686,1074
792,2,594,408,752,661
793,13,1053,518,1314,1074
793,1,1054,518,1314,820
793,0,436,443,685,1078
793,2,595,408,750,660
794,13,1053,518,1314,1074
794,1,1054,518,1314,820
794,0,436,443,685,1078
794,2,596,409,751,664
795,1,1054,518,1314,821
795,0,437,444,686,1078
795,13,1053,517,1314,1072
795,2,593,409,752,665
796,0,437,444,686,1078
796,1,1054,518,1314,820
796,13,1053,518,1314,1074
796,2,593,410,753,666
797,1,1054,518,1314,820
797,0,437,444,686,1077
797,13,1053,517,1314,1072
797,2,594,410,751,662
798,13,1053,517,1314,1072
798,0,437,444,686,1078
798,1,1054,518,1314,821
798,2,594,411,752,661
799,13,1053,517,1314,1072
799,0,437,444,687,1078
799,1,1054,518,1314,820
799,2,594,412,751,661
800,13,1053,517,1314,1072
800,0,437,444,686,1078
800,1,1054,518,1314,823
800,2,595,412,751,663
801,0,436,444,687,1078
801,13,1053,517,1314,1072
801,1,1054,518,1314,823
801,2,596,412,750,666
802,1,1054,518,1314,823
802,2,596,413,750,665
802,16,436,444,685,862
802,13,1053,518,1313,1074
802,0,436,443,686,1074
803,13,1053,518,1313,1074
803,2,595,413,750,665
803,1,1054,518,1314,826
803,0,437,444,686,1078
803,16,436,444,687,860
804,13,1053,518,1313,1074
804,0,437,444,686,1074
804,16,437,444,687,858
804,2,595,414,751,664
804,1,1054,518,1314,822
805,13,1054,518,1313,1074
805,0,437,444,688,1077
805,1,1055,518,1314,825
805,2,595,414,750,662
805,16,438,447,688,850
806,1,1055,518,1314,825
806,16,438,447,688,849
806,13,1054,517,1314,1073
806,0,436,444,687,1073
806,2,595,414,750,658
807,13,1054,517,1314,1073
807,16,439,447,688,849
807,2,596,414,751,660
807,0,437,444,687,1077
807,1,1055,517,1314,822
808,13,1054,516,1314,1072
808,0,437,444,687,1077
808,1,1055,517,1314,821
808,16,439,447,685,849
808,2,598,414,750,659
809,0,438,444,687,1077
809,13,1053,516,1314,1072
809,16,439,447,684,850
809,1,1054,517,1314,817
809,2,599,415,749,656
810,1,1054,517,1313,818
810,13,1054,516,1314,1072
810,0,437,444,687,1073
810,2,599,415,750,658
810,16,439,448,689,850
811,13,1053,516,1313,1073
811,0,437,445,687,1073
811,1,1054,516,1314,824
811,2,601,415,749,657
811,16,438,445,686,854
812,13,1053,517,1313,1073
812,0,437,445,687,1074
812,1,1054,516,1314,822
812,16,438,445,688,855
812,2,602,415,749,658
813,0,437,445,688,1073
813,13,1053,517,1313,1073
813,16,438,445,687,856
813,1,1054,517,1313,823
813,2,605,415,749,657
814,13,1053,517,1313,1073
814,0,437,445,688,1073
814,1,1054,517,1313,823
814,16,437,445,687,856
814,2,607,415,749,657
815,13,1053,517,1313,1073
815,0,437,445,689,1074
815,16,437,446,687,857
815,1,1053,517,1313,821
815,2,607,415,749,657
816,13,1052,517,1313,1073
816,2,607,415,749,657
816,0,437,445,689,1074
816,1,1053,517,1313,820
816,16,437,445,688,859
817,13,1052,517,1313,1073
817,0,437,445,690,1074
817,1,1053,517,1313,822
817,16,437,445,689,858
817,2,609,415,750,654
818,0,437,444,690,1074
818,13,1052,517,1313,1073
818,16,437,445,688,859
818,2,610,415,750,653
818,1,1053,516,1314,819
819,13,1052,516,1313,1073
819,0,437,444,690,1074
819,16,437,445,689,857
819,1,1053,516,1314,816
819,2,611,415,750,655
820,13,1052,516,1313,1073
820,16,437,446,689,859
820,0,438,445,690,1078
820,1,1053,516,1313,820
820,2,610,414,750,656
821,13,1052,515,1313,1073
821,1,1053,515,1313,820
821,16,437,445,689,857
821,0,437,443,690,1074
821,2,610,415,749,654
822,13,1053,515,1313,1073
822,16,437,445,687,857
822,0,437,444,689,1077
822,1,1054,515,1313,822
822,2,611,415,749,657
823,0,438,444,690,1077
823,16,437,445,688,857
823,13,1054,513,1314,1071
823,2,610,415,750,655
823,1,1054,514,1314,816
824,13,1054,514,1314,1071
824,16,437,445,687,856
824,2,610,415,749,656
824,0,436,444,689,1073
824,1,1055,515,1314,812
825,13,1053,514,1315,1071
825,2,610,415,749,656
825,1,1056,515,1315,813
825,0,438,444,689,1077
825,16,437,446,686,860
826,0,438,444,689,1077
826,16,436,446,686,860
826,13,1053,512,1315,1071
826,1,1056,513,1315,812
826,2,609,414,749,655
827,16,436,446,686,861
827,0,437,444,689,1077
827,13,1053,512,1315,1071
827,1,1056,512,1314,811
827,2,609,415,749,658
828,13,1053,512,1316,1071
828,0,437,445,688,1077
828,1,1056,512,1315,811
828,2,611,414,748,652
829,0,436,445,688,1077
829,13,1054,512,1316,1072
829,1,1057,512,1316,811
829,16,436,446,683,859
829,2,612,415,748,646
830,0,436,444,689,1077
830,13,1054,512,1317,1072
830,1,1057,512,1317,814
830,2,611,415,748,654
831,13,1054,512,1318,1071
831,0,434,444,689,1077
831,1,1057,511,1317,813
831,2,614,414,749,656
832,0,435,444,689,1077
832,13,1054,512,1318,1071
832,1,1057,512,1318,814
832,2,614,415,750,657
833,13,1054,511,1318,1072
833,1,1056,511,1318,816
833,0,434,444,689,1074
833,2,614,415,749,658
833,16,436,446,687,858
834,0,434,444,689,1074
834,13,1054,511,1317,1072
834,1,1055,512,1317,817
834,2,611,415,748,658
835,13,1054,511,1316,1072
835,1,1055,512,1316,817
835,0,434,443,688,1074
835,2,610,415,747,659
836,0,434,443,688,1074
836,13,1054,511,1316,1072
836,1,1055,511,1315,817
836,16,435,446,685,859
836,2,611,415,746,658
837,0,434,443,688,1074
837,13,1054,511,1315,1072
837,1,1055,511,1315,817
837,16,435,447,686,859
837,2,609,415,746,658
838,13,1054,511,1316,1072
838,0,433,444,687,1074
838,16,435,447,686,857
838,1,1055,511,1315,819
838,2,610,415,745,657
839,0,434,444,688,1074
839,13,1054,511,1316,1072
839,16,435,447,686,856
839,2,610,415,745,658
839,1,1056,510,1316,819
840,0,434,444,688,1074
840,13,1054,511,1316,1072
840,2,610,415,745,659
840,1,1055,512,1316,816
841,13,1054,511,1316,1072
841,0,433,445,687,1074
841,16,434,446,687,856
841,1,1056,510,1315,816
841,2,610,416,746,657
842,13,1054,511,1315,1071
842,0,432,445,687,1073
842,1,1056,511,1314,814
842,2,610,416,745,656
842,16,435,450,688,852
843,0,432,445,687,1073
843,16,435,450,689,852
843,13,1053,511,1314,1071
843,2,610,416,746,657
843,1,1055,510,1314,811
844,0,432,445,687,1073
844,16,435,450,689,852
844,13,1053,511,1314,1071
844,2,610,416,745,658
844,1,1055,510,1314,813
845,13,1053,510,1314,1071
845,0,432,445,686,1074
845,16,435,450,689,852
845,1,1055,510,1314,816
845,2,610,416,745,659
846,0,433,445,686,1074
846,13,1053,511,1314,1072
846,1,1055,511,1313,823
846,2,612,416,746,661
846,16,434,448,684,855
847,0,433,446,686,1074
847,13,1053,511,1313,1072
847,16,434,448,684,857
847,1,1055,512,1313,820
847,2,609,416,746,661
848,0,432,446,686,1074
848,16,434,448,685,857
848,13,1053,511,1313,1072
848,1,1054,512,1314,818
848,2,611,416,747,662
849,0,432,446,687,1074
849,13,1052,511,1313,1072
849,16,434,448,685,859
849,2,611,416,747,663
849,1,1054,512,1314,822
850,0,432,445,687,1074
850,13,1052,511,1313,1072
850,1,1053,512,1314,821
850,16,434,448,685,858
850,2,611,416,745,662
851,0,432,445,687,1074
851,16,434,448,686,858
851,13,1053,511,1313,1071
851,1,1054,511,1313,822
851,2,610,417,744,662
852,0,432,445,687,1074
852,16,434,447,686,858
852,13,1053,512,1313,1071
852,2,610,416,744,662
852,1,1054,512,1313,825
853,13,1053,511,1312,1071
853,0,433,444,686,1074
853,1,1054,512,1312,828
853,16,435,447,685,856
853,2,610,416,743,660
854,13,1053,511,1312,1071
854,0,433,444,686,1074
854,1,1054,512,1312,827
854,16,435,447,684,856
854,2,608,416,743,659
855,0,433,444,685,1074
855,13,1053,512,1312,1071
855,16,435,446,683,857
855,2,608,417,743,659
855,1,1054,512,1312,825
856,13,1053,511,1312,1071
856,0,434,443,685,1074
856,16,436,445,683,857
856,1,1054,512,1312,827
856,2,606,416,744,661
857,1,1054,512,1312,827
857,0,434,444,686,1074
857,13,1053,511,1313,1071
857,16,436,446,684,857
857,2,605,416,744,660
858,13,1053,511,1313,1071
858,1,1053,512,1312,828
858,2,606,416,744,660
858,16,436,446,684,860
858,0,434,444,686,1078
859,16,436,446,684,860
859,13,1052,513,1312,1072
859,0,434,444,686,1074
859,1,1053,513,1313,826
859,2,606,416,745,659
860,0,433,444,686,1074
860,13,1052,514,1312,1073
860,16,436,445,685,858
860,1,1053,513,1313,829
860,2,606,416,744,659
861,13,1052,514,1312,1073
861,0,433,444,686,1074
861,1,1053,514,1313,827
861,16,436,446,686,856
861,2,605,416,745,658
862,13,1052,514,1312,1073
862,0,433,444,687,1074
862,2,605,416,745,660
862,1,1053,514,1313,830
862,16,436,445,686,851
863,13,1052,514,1312,1073
863,1,1053,514,1313,827
863,2,604,416,745,661
863,0,433,443,694,1074
863,16,435,446,695,843
864,13,1052,515,1312,1073
864,1,1053,514,1313,826
864,2,604,416,746,663
864,0,433,445,698,1074
864,16,435,446,699,836
865,13,1053,515,1312,1074
865,1,1054,515,1312,829
865,2,606,416,747,665
865,16,435,446,705,833
865,0,435,445,708,1073
866,13,1053,515,1312,1074
866,1,1053,515,1313,827
866,2,605,416,746,664
866,0,435,445,715,1073
866,16,436,446,715,832
867,13,1052,515,1312,1074
867,1,1053,515,1313,828
867,0,438,446,715,1073
867,2,607,416,746,664
867,16,438,446,712,831
868,13,1052,515,1312,1074
868,2,606,416,746,665
868,1,1053,515,1313,829
868,0,440,445,714,1073
868,16,440,448,713,834
869,13,1052,515,1313,1074
869,0,439,445,712,1072
869,16,439,448,712,836
869,1,1053,515,1314,833
869,2,608,415,746,663
870,13,1052,515,1313,1074
870,1,1053,515,1314,831
870,0,438,446,709,1072
870,2,605,416,746,664
870,16,438,448,705,838
871,13,1052,516,1313,1074
871,1,1053,516,1314,827
871,2,606,416,747,659
871,16,440,448,700,837
871,0,440,447,703,1072
872,1,1053,517,1313,827
872,0,441,446,703,1072
872,13,1052,516,1313,1072
872,16,440,448,702,838
872,2,606,416,747,656
873,13,1052,517,1313,1074
873,1,1053,517,1313,825
873,16,441,448,706,838
873,2,607,416,748,652
873,0,442,445,710,1072
873,17,602,421,759,830
874,13,1052,517,1312,1074
874,1,1053,517,1313,827
874,17,601,420,758,827
874,2,609,416,747,651
874,0,442,444,721,1072
874,16,440,447,718,838
875,13,1052,517,1312,1074
875,1,1053,517,1313,823
875,2,611,416,747,649
875,16,441,447,726,838
875,0,443,445,740,1072
876,13,1052,517,1312,1074
876,1,1053,517,1313,824
876,0,443,445,741,1072
876,2,611,416,747,652
877,13,1052,517,1312,1074
877,1,1053,517,1313,825
877,0,443,444,740,1072
877,16,441,446,723,840
877,2,613,416,747,653
878,13,1052,518,1312,1074
878,0,445,443,740,1072
878,2,613,416,747,655
878,1,1053,517,1313,822
878,16,446,440,734,827
879,0,445,442,740,1072
879,13,1052,517,1312,1074
879,2,614,416,747,654
879,1,1053,517,1313,826
879,16,446,439,739,826
880,13,1052,517,1312,1075
880,1,1053,517,1313,827
880,0,446,442,743,1073
880,2,613,416,747,657
881,13,1053,518,1313,1074
881,0,445,440,744,1077
881,1,1053,517,1313,821
881,2,613,416,749,662
882,13,1052,518,1313,1074
882,0,446,440,745,1077
882,1,1053,518,1313,822
882,2,614,416,748,663
883,13,1052,518,1312,1074
883,0,446,440,745,1076
883,1,1053,517,1313,821
883,2,615,416,748,660
884,13,1052,518,1312,1075
884,0,447,440,745,1073
884,1,1053,518,1313,826
885,13,1052,518,1312,1075
885,0,447,440,744,1073
885,1,1053,518,1312,826
886,13,1052,518,1312,1074
886,0,447,439,744,1073
886,1,1053,518,1312,824
887,13,1052,518,1312,1074
887,0,448,440,744,1073
887,1,1053,518,1312,821
888,13,1052,518,1312,1074
888,0,448,439,744,1073
888,1,1053,518,1312,819
889,0,449,439,744,1073
889,13,1052,518,1312,1074
889,1,1053,518,1313,822
890,13,1052,518,1312,1074
890,1,1053,518,1313,823
890,0,450,440,744,1073
891,13,1052,518,1312,1074
891,1,1053,518,1313,822
891,0,450,442,744,1072
892,0,450,442,744,1072
892,13,1052,519,1313,1075
892,1,1053,518,1313,826
892,2,615,415,749,651
893,13,1052,519,1313,1075
893,0,450,443,744,1072
893,1,1053,518,1313,827
893,2,617,413,749,635
894,13,1052,519,1313,1075
894,1,1053,519,1313,827
894,0,450,441,745,1076
894,2,616,415,748,647
895,13,1052,519,1313,1074
895,1,1053,519,1313,826
895,0,449,442,744,1076
895,2,616,414,748,648
896,2,616,414,748,648
896,13,1052,519,1313,1074
896,0,449,443,743,1073
896,1,1053,519,1313,822
897,13,1052,519,1313,1074
897,2,616,414,748,648
897,0,449,444,743,1076
897,1,1053,519,1313,815
898,13,1052,520,1313,1074
898,0,449,444,742,1077
898,1,1053,519,1313,811
898,2,617,414,748,647
899,13,1052,520,1313,1073
899,0,448,444,742,1076
899,1,1054,519,1313,813
899,2,618,414,749,650
900,13,1053,520,1313,1074
900,1,1054,519,1314,813
900,0,447,444,741,1073
900,2,615,415,753,654
901,13,1052,521,1314,1074
901,0,446,445,741,1076
901,1,1053,520,1314,817
901,2,615,415,746,651
902,13,1052,521,1314,1074
902,0,445,445,737,1076
902,1,1054,520,1313,821
902,2,613,415,746,654
903,13,1052,521,1313,1074
903,0,444,444,737,1076
903,1,1053,520,1313,823
903,2,613,415,746,650
904,13,1052,521,1313,1074
904,0,444,445,735,1076
904,1,1053,520,1313,821
904,2,611,415,746,651
905,13,1051,521,1314,1074
905,0,443,445,737,1075
905,1,1053,520,1314,817
905,2,613,415,745,634
906,13,1050,521,1314,1074
906,1,1052,520,1314,817
906,0,441,445,738,1072
906,2,611,415,745,640
907,13,1050,521,1314,1074
907,0,441,446,737,1072
907,1,1052,520,1314,816
907,2,610,415,746,650
907,18,443,449,681,834
908,13,1050,521,1314,1074
908,0,440,446,737,1072
908,1,1052,520,1314,813
908,18,442,449,675,834
908,2,608,415,747,659
909,13,1050,521,1313,1074
909,1,1052,520,1314,814
909,18,443,449,674,834
909,2,611,415,747,653
909,0,442,447,678,1078
910,13,1051,520,1313,1074
910,18,442,449,673,834
910,0,442,446,675,1078
910,1,1052,520,1313,820
910,2,605,415,747,659
911,13,1051,521,1313,1074
911,1,1052,520,1313,825
911,18,442,450,670,834
911,0,442,447,670,1079
911,2,605,415,747,646
912,13,1051,521,1312,1074
912,1,1052,520,1312,826
912,18,444,450,669,834
912,0,443,447,669,1079
912,2,606,415,748,654
913,13,1050,521,1312,1074
913,1,1052,520,1312,826
913,18,442,451,664,834
913,2,609,415,749,656
913,0,441,448,663,1075
913,19,594,419,760,822
914,13,1050,521,1312,1074
914,1,1051,520,1312,827
914,18,441,451,664,834
914,0,440,448,665,1078
914,2,609,415,748,654
915,13,1050,521,1312,1074
915,1,1051,520,1312,827
915,0,440,448,666,1078
915,18,442,451,664,834
915,2,605,415,750,656
916,13,1050,521,1312,1074
916,1,1051,520,1312,825
916,18,442,451,662,833
916,2,605,415,751,660
916,0,439,449,658,1071
917,13,1049,521,1312,1073
917,18,441,450,662,833
917,1,1051,520,1312,824
917,2,602,415,751,658
917,0,440,448,663,1078
918,13,1049,522,1311,1073
918,1,1051,520,1312,825
918,18,441,450,662,833
918,0,440,448,663,1078
918,2,600,414,751,657
919,13,1049,522,1311,1073
919,0,439,448,662,1078
919,18,440,450,661,833
919,1,1051,521,1312,822
919,2,599,414,752,655
920,1,1051,520,1312,822
920,18,440,450,661,833
920,0,439,447,660,1078
920,13,1050,521,1312,1070
920,2,597,415,752,654
921,18,440,450,661,833
921,0,439,448,661,1078
921,1,1051,520,1312,824
921,13,1049,521,1311,1072
921,2,597,415,753,660
922,1,1051,520,1312,824
922,18,440,450,662,833
922,0,439,447,662,1078
922,13,1050,520,1312,1071
922,2,597,415,752,658
923,13,1050,520,1312,1072
923,18,440,450,661,833
923,1,1051,520,1312,825
923,0,439,447,661,1078
923,2,597,415,751,659
924,0,440,447,661,1078
924,13,1050,521,1312,1072
924,18,441,450,661,833
924,1,1051,520,1312,825
924,2,599,415,749,656
925,13,1050,521,1312,1072
925,18,441,450,661,833
925,1,1051,521,1312,825
925,0,440,447,662,1078
925,2,598,415,749,656
926,18,441,450,660,833
926,0,440,447,660,1079
926,1,1051,521,1312,824
926,13,1049,522,1312,1074
926,2,599,415,748,648
927,13,1050,522,1312,1074
927,18,441,450,660,833
927,1,1051,520,1312,822
927,0,440,447,662,1078
927,2,597,416,747,650
928,18,441,450,661,833
928,13,1050,522,1312,1074
928,1,1051,520,1312,819
928,2,593,416,748,656
928,0,438,448,747,1071
929,0,438,448,746,1071
929,13,1051,521,1312,1073
929,18,442,450,662,833
929,1,1052,520,1312,817
929,2,595,416,749,659
930,0,439,448,747,1071
930,18,442,450,662,833
930,13,1052,521,1313,1073
930,1,1053,520,1313,819
930,2,595,415,752,665
931,13,1052,522,1313,1073
931,0,439,448,746,1071
931,1,1053,521,1313,818
931,18,443,450,661,833
931,2,598,416,753,663
932,13,1052,522,1313,1073
932,1,1053,521,1313,817
932,18,443,450,662,833
932,0,440,448,747,1071
932,2,598,416,754,660
933,0,440,448,747,1071
933,13,1052,522,1313,1074
933,18,443,450,661,833
933,1,1053,521,1313,823
933,2,599,416,755,663
933,20,599,418,762,821
934,13,1052,521,1312,1074
934,18,444,450,662,833
934,1,1053,520,1313,821
934,20,599,418,763,821
934,2,597,416,753,661
934,0,442,447,664,1078
935,13,1052,521,1313,1074
935,18,443,450,662,833
935,1,1053,520,1313,819
935,20,600,418,761,820
935,2,599,415,752,658
935,0,440,448,745,1071
936,13,1052,521,1312,1074
936,1,1053,520,1313,819
936,18,443,450,662,833
936,20,600,418,765,821
936,2,596,416,755,665
936,0,442,447,664,1078
937,18,443,449,662,833
937,13,1052,521,1313,1073
937,1,1053,520,1313,813
937,2,600,416,764,668
937,0,440,448,747,1071
938,18,443,449,662,833
938,0,440,448,747,1071
938,13,1053,521,1314,1073
938,1,1054,520,1314,812
938,20,603,418,769,821
938,2,601,416,759,659
939,0,440,448,748,1071
939,18,443,449,662,833
939,13,1053,521,1314,1072
939,1,1054,520,1314,809
939,2,600,417,763,665
940,13,1053,521,1314,1072
940,0,440,447,747,1071
940,1,1054,520,1314,810
940,18,443,449,663,833
940,2,597,416,756,660
941,18,442,449,663,833
941,0,440,447,748,1071
941,13,1053,520,1315,1071
941,1,1054,520,1314,808
941,2,597,417,765,665
942,0,440,448,748,1071
942,13,1053,521,1314,1072
942,18,443,449,660,833
942,1,1054,520,1314,814
942,2,601,417,763,656
943,13,1053,522,1313,1072
943,1,1054,521,1313,820
943,18,442,449,668,833
943,2,599,417,762,662
943,0,440,447,666,1071
944,13,1053,522,1313,1073
944,1,1053,521,1313,822
944,2,598,417,764,662
944,0,440,447,662,1071
944,18,442,449,662,833
945,13,1052,522,1313,1073
945,18,442,450,663,833
945,1,1053,521,1313,819
945,2,598,417,763,662
945,0,440,447,747,1071
946,13,1052,522,1313,1073
946,0,440,447,748,1071
946,18,442,449,662,833
946,1,1053,521,1313,822
946,2,600,417,769,663
947,18,442,449,662,833
947,0,440,448,747,1071
947,13,1052,522,1314,1073
947,2,599,417,768,663
947,1,1053,521,1314,817
948,1,1054,521,1314,817
948,13,1053,522,1314,1073
948,0,440,447,749,1071
948,18,442,449,662,833
948,2,601,417,766,663
949,0,440,447,748,1071
949,13,1053,522,1314,1073
949,18,442,449,661,833
949,1,1054,521,1314,815
949,2,600,417,765,662
950,13,1053,522,1314,1073
950,0,440,448,749,1071
950,1,1054,521,1314,814
950,18,442,449,662,833
950,2,601,417,759,661
951,18,442,449,662,833
951,0,440,448,749,1071
951,13,1053,523,1314,1072
951,2,602,417,758,662
951,1,1053,521,1314,816
952,13,1053,523,1314,1072
952,0,440,447,748,1071
952,2,602,417,758,661
952,18,442,449,663,833
952,1,1053,521,1314,813
953,13,1053,523,1314,1072
953,0,440,447,748,1071
953,18,442,449,663,832
953,1,1053,522,1314,814
953,2,598,417,757,659
954,0,440,447,748,1071
954,13,1053,523,1314,1073
954,18,442,449,663,833
954,1,1053,522,1314,818
954,2,602,418,762,663
955,0,440,447,748,1071
955,13,1053,523,1314,1073
955,18,442,449,662,833
955,1,1053,522,1314,819
955,2,602,418,767,665
956,0,440,447,748,1071
956,13,1053,523,1314,1072
956,18,442,449,662,833
956,1,1053,522,1314,818
956,2,602,418,763,663
957,13,1053,523,1314,1072
957,0,440,448,748,1071
957,18,442,449,662,833
957,1,1053,522,1313,816
957,2,602,418,764,664
958,18,442,449,662,833
958,0,440,447,748,1071
958,13,1053,523,1314,1072
958,1,1053,522,1314,814
958,2,603,418,769,664
959,18,442,449,662,833
959,0,440,447,747,1071
959,13,1053,522,1314,1070
959,1,1053,522,1314,810
959,2,601,419,758,661
960,0,440,447,747,1071
960,13,1053,523,1314,1071
960,18,442,449,661,833
960,1,1053,522,1314,813
960,2,601,419,756,661
961,0,440,448,747,1071
961,13,1053,523,1314,1073
961,18,442,450,663,833
961,1,1054,521,1314,819
961,2,599,418,759,660
962,13,1053,523,1314,1073
962,0,441,448,748,1071
962,1,1054,522,1314,818
962,18,442,450,662,833
962,2,598,418,756,659
963,0,441,448,748,1071
963,18,443,450,662,833
963,13,1053,522,1314,1071
963,1,1054,521,1314,814
963,2,599,418,752,658
964,0,441,448,748,1071
964,18,443,450,661,833
964,13,1054,523,1314,1073
964,2,599,418,751,656
964,1,1055,521,1314,819
965,0,441,447,748,1071
965,13,1054,523,1314,1073
965,18,443,450,662,833
965,1,1055,521,1314,825
965,2,602,418,762,661
966,13,1054,523,1314,1073
966,0,442,447,748,1071
966,1,1055,521,1314,824
966,18,444,450,662,833
966,2,601,418,761,663
967,13,1054,523,1314,1073
967,0,442,447,748,1071
967,18,444,450,663,833
967,1,1055,521,1314,827
967,2,600,418,757,662
968,0,443,447,749,1070
968,13,1055,522,1314,1073
968,18,444,450,662,833
968,1,1055,521,1314,828
968,2,599,418,756,661
968,21,599,419,776,822
969,18,444,449,662,833
969,13,1054,522,1314,1073
969,0,443,447,749,1071
969,2,599,418,756,661
969,1,1055,521,1314,826
970,13,1054,522,1314,1073
970,0,442,447,748,1071
970,18,444,449,662,833
970,2,599,418,756,661
970,1,1055,521,1314,823
971,0,443,447,748,1071
971,18,444,449,663,833
971,1,1055,521,1314,822
971,13,1054,522,1315,1072
971,2,599,418,757,663
972,0,443,447,748,1071
972,18,444,449,663,832
972,13,1055,522,1314,1074
972,1,1055,521,1314,824
972,2,600,418,754,662
973,0,443,447,748,1071
973,18,444,449,664,833
973,13,1055,522,1314,1073
973,2,600,418,753,662
973,1,1055,521,1314,821
974,13,1055,522,1314,1073
974,0,443,447,748,1071
974,1,1056,521,1314,823
974,18,444,449,665,832
974,2,599,418,753,661
975,0,443,447,748,1070
975,18,444,449,666,832
975,13,1055,522,1315,1071
975,1,1056,521,1314,827
975,2,601,419,755,661
976,0,443,447,748,1070
976,18,444,449,665,832
976,1,1055,521,1314,829
976,13,1055,522,1315,1073
976,2,600,419,753,659
977,0,442,447,748,1070
977,1,1056,521,1314,829
977,13,1056,522,1314,1073
977,18,444,449,666,832
977,2,598,418,751,658
978,1,1055,521,1314,829
978,13,1055,522,1314,1073
978,0,442,446,747,1070
978,18,444,449,665,832
978,2,600,418,751,658
979,13,1055,522,1315,1073
979,1,1055,521,1315,829
979,18,444,449,666,832
979,2,600,419,751,658
979,0,443,447,745,1070
980,18,444,449,666,833
980,1,1056,521,1315,829
980,13,1055,522,1315,1073
980,0,443,446,746,1070
980,2,599,419,752,658
981,13,1056,522,1315,1073
981,1,1056,521,1315,828
981,18,445,448,666,833
981,0,443,446,748,1070
981,2,600,418,757,660
982,13,1056,522,1316,1073
982,1,1056,521,1315,828
982,18,444,449,667,833
982,0,443,446,749,1071
982,2,600,418,758,660
983,1,1056,521,1315,827
983,0,444,446,748,1070
983,18,445,448,667,833
983,13,1056,522,1316,1071
983,2,602,419,763,660
984,13,1056,521,1316,1071
984,0,444,445,748,1070
984,1,1056,521,1315,826
984,18,445,448,666,833
984,2,600,419,754,657
985,18,445,448,666,833
985,0,444,446,749,1070
985,13,1056,521,1316,1072
985,1,1056,521,1315,826
985,2,600,419,753,656
986,18,445,448,666,832
986,0,444,446,749,1070
986,13,1058,521,1316,1072
986,1,1058,521,1315,830
986,2,603,419,755,656
987,13,1058,521,1316,1071
987,0,444,446,750,1070
987,1,1058,521,1316,832
987,18,444,448,665,832
987,2,601,419,757,656
988,0,444,446,750,1070
988,1,1058,521,1316,832
988,18,444,448,665,832
988,13,1058,522,1316,1073
988,2,602,419,758,656
989,0,444,446,750,1071
989,13,1058,521,1316,1072
989,18,444,448,667,833
989,1,1058,521,1316,834
989,2,602,419,755,657
990,13,1059,521,1316,1072
990,18,445,448,666,833
990,1,1059,521,1316,835
990,0,444,447,752,1071
990,2,603,419,753,656
991,18,445,448,665,833
991,13,1061,521,1317,1071
991,0,444,446,749,1070
991,1,1061,521,1316,828
991,2,601,418,752,653
992,1,1061,521,1316,828
992,18,445,448,666,833
992,13,1061,521,1317,1071
992,0,444,446,747,1070
992,2,600,418,757,656
992,22,603,418,774,747
993,13,1061,520,1317,1071
993,18,446,448,665,833
993,0,444,446,745,1070
993,1,1060,520,1316,830
993,2,607,418,754,651
994,13,1060,520,1317,1071
994,18,446,448,666,833
994,0,444,446,747,1070
994,1,1060,520,1316,828
994,2,607,418,755,654
994,22,608,416,782,824
995,13,1060,520,1317,1071
995,0,445,446,747,1070
995,18,446,448,665,833
995,2,606,418,754,654
995,1,1060,520,1316,832
996,13,1061,520,1316,1071
996,0,445,446,748,1070
996,18,446,448,666,833
996,1,1060,520,1316,827
996,2,602,418,753,655
997,13,1061,520,1316,1071
997,0,445,446,748,1070
997,18,446,448,665,833
997,2,602,418,753,655
997,1,1061,520,1316,831
998,0,445,446,748,1070
998,13,1060,520,1316,1071
998,1,1060,520,1316,831
998,18,446,448,667,833
998,2,602,418,754,656
999,0,446,447,748,1070
999,13,1059,519,1316,1071
999,1,1059,520,1316,829
999,18,446,448,665,833
999,2,607,418,754,654
1000,0,446,447,747,1071
1000,13,1060,520,1316,1071
1000,1,1060,520,1316,829
1000,18,446,448,666,833
1000,2,606,418,752,656
1001,1,1060,520,1315,829
1001,13,1060,520,1316,1072
1001,0,446,447,748,1071
1001,18,446,448,665,833
1001,2,608,418,752,654
1002,1,1060,520,1316,829
1002,13,1060,520,1316,1072
1002,0,445,446,747,1071
1002,18,446,448,664,833
1002,2,607,419,753,652
1003,13,1060,520,1316,1072
1003,0,444,446,746,1071
1003,18,445,447,665,833
1003,1,1060,520,1316,826
1003,2,606,419,752,652
1004,0,444,446,747,1071
1004,1,1060,520,1316,825
1004,13,1061,520,1316,1073
1004,18,445,447,667,834
1004,2,608,419,752,652
1005,0,444,445,747,1071
1005,18,445,447,667,833
1005,1,1059,519,1316,825
1005,13,1059,519,1317,1071
1005,2,608,419,752,649
1006,0,443,445,746,1070
1006,13,1060,519,1316,1071
1006,1,1060,519,1316,826
1006,18,445,447,669,834
1006,2,608,418,755,651
1006,22,608,419,777,824
1007,13,1060,519,1316,1070
1007,1,1060,519,1315,827
1007,18,445,447,669,833
1007,0,442,445,745,1070
1007,2,609,419,755,653
1008,13,1060,519,1316,1070
1008,0,442,446,746,1070
1008,1,1060,520,1315,827
1008,18,444,447,673,833
1008,22,612,417,777,824
1008,2,610,419,752,652
1009,1,1060,519,1315,826
1009,18,444,446,673,833
1009,13,1061,520,1315,1072
1009,0,441,446,738,1070
1009,2,612,419,752,649
1009,22,615,420,775,822
1010,13,1060,520,1315,1073
1010,1,1060,520,1315,832
1010,18,443,447,677,832
1010,0,441,446,746,1071
1010,22,620,417,777,820
1010,2,620,418,753,655
1011,13,1060,521,1315,1073
1011,1,1059,520,1315,831
1011,0,440,445,749,1071
1011,22,625,417,777,816
1011,2,624,418,756,659
1012,13,1060,521,1315,1072
1012,1,1060,520,1315,832
1012,0,439,447,741,1071
1012,22,629,416,777,815
1012,2,629,417,753,660
1013,13,1061,520,1316,1072
1013,0,438,449,742,1072
1013,1,1060,520,1316,829
1013,22,632,416,779,814
1013,18,439,448,701,833
1014,13,1060,521,1316,1072
1014,1,1059,520,1316,825
1014,22,635,416,780,813
1014,0,436,451,725,1071
1015,13,1060,521,1316,1072
1015,1,1059,520,1315,826
1015,18,437,451,705,831
1015,0,435,452,710,1071
1016,13,1059,521,1316,1071
1016,1,1059,520,1315,828
1016,0,435,452,717,1071
1016,18,436,452,713,830
1017,13,1058,521,1316,1071
1017,1,1059,520,1315,826
1017,0,434,453,754,1074
1017,18,435,454,754,827
1018,13,1058,521,1316,1071
1018,0,434,455,755,1073
1018,1,1058,520,1315,824
1018,18,435,457,751,822
1019,13,1058,520,1315,1071
1019,1,1058,520,1315,826
1019,0,433,457,754,1072
1019,18,433,458,752,822
1020,13,1057,520,1315,1072
1020,1,1057,520,1315,828
1020,18,431,457,755,821
1020,0,429,455,757,1074
1021,13,1056,520,1315,1072
1021,1,1057,520,1315,827
1021,0,427,455,756,1074
1021,18,430,457,756,820
1022,13,1056,520,1315,1072
1022,1,1057,520,1315,827
1022,0,426,454,754,1073
1022,18,429,455,755,818
1023,13,1056,520,1315,1072
1023,18,429,455,755,819
1023,1,1057,520,1315,831
1023,0,427,454,751,1071
1024,1,1057,520,1315,831
1024,13,1056,520,1315,1071
1024,0,425,451,728,1070
1024,18,428,455,728,823
1025,13,1056,520,1315,1071
1025,1,1057,520,1315,832
1025,18,426,451,727,826
1026,13,1056,521,1315,1071
1026,1,1057,520,1315,828
1026,18,426,449,738,827
1027,13,1056,521,1316,1071
1027,1,1057,520,1315,831
1027,18,426,444,754,826
1028,13,1057,521,1316,1071
1028,1,1058,521,1315,828
1028,18,427,454,752,827
1029,13,1057,521,1316,1071
1029,1,1058,521,1315,831
1029,18,427,451,754,833
1030,13,1057,521,1316,1071
1030,1,1058,521,1315,832
1030,18,426,450,758,840
1031,13,1058,521,1315,1073
1031,1,1058,521,1315,834
1031,18,426,449,759,853
1032,13,1058,521,1316,1072
1032,1,1058,521,1315,831
1032,18,428,459,755,856
1033,13,1057,521,1316,1072
1033,1,1057,521,1315,829
1033,18,427,471,752,870
1034,13,1056,521,1316,1072
1034,1,1057,521,1315,831
1034,18,428,470,748,872
1035,1,1057,521,1314,829
1035,13,1056,521,1314,1073
1035,18,431,471,757,870
1036,13,1056,522,1314,1074
1036,1,1057,521,1314,833
1036,18,432,466,758,871
1037,13,1055,522,1314,1074
1037,1,1056,521,1314,832
1037,18,433,466,755,870
1038,13,1055,522,1315,1073
1038,1,1056,521,1314,828
1038,18,436,463,757,871
1039,13,1055,522,1315,1072
1039,1,1055,521,1314,827
1039,18,436,462,755,871
1039,23,642,409,761,670
1040,13,1055,521,1315,1073
1040,1,1056,521,1314,828
1040,18,437,464,756,871
1040,23,639,404,752,600
1040,0,529,407,755,588
1041,13,1054,521,1314,1073
1041,1,1055,521,1314,824
1041,18,438,462,749,871
1041,0,525,402,750,593
1041,23,630,401,750,599
1042,13,1053,523,1313,1074
1042,1,1054,521,1314,818
1042,0,518,400,746,595
1042,18,438,471,721,871
1043,13,1053,522,1313,1073
1043,1,1054,521,1312,827
1043,0,518,397,744,599
1043,18,435,470,706,872
1044,13,1053,522,1313,1072
1044,1,1054,521,1313,823
1044,18,433,472,705,872
1044,0,514,394,745,596
1044,24,431,472,704,1075
1045,1,1054,521,1313,824
1045,13,1053,522,1312,1074
1045,0,511,387,744,598
1045,18,431,471,731,873
1045,24,429,472,738,1075
1046,13,1053,522,1312,1075
1046,1,1054,521,1312,826
1046,18,428,474,708,874
1046,24,425,474,707,1075
1046,0,505,382,741,646
1047,13,1053,522,1312,1073
1047,1,1054,521,1312,827
1047,18,425,473,709,872
1047,0,515,379,740,606
1048,13,1051,522,1312,1072
1048,1,1053,521,1312,825
1048,18,420,476,719,871
1048,0,544,376,740,615
1049,13,1052,522,1312,1072
1049,1,1053,521,1312,821
1049,18,416,475,701,872
1049,0,549,373,740,656
1050,13,1052,521,1312,1072
1050,1,1053,521,1312,821
1050,18,410,473,689,872
1050,0,552,371,740,679
1051,13,1051,522,1312,1073
1051,1,1052,522,1311,817
1051,18,407,473,684,871
1051,0,551,369,741,653
1052,13,1051,522,1311,1073
1052,1,1052,522,1310,820
1052,18,401,477,677,871
1052,0,549,368,739,637
1053,13,1050,522,1310,1074
1053,1,1051,521,1309,820
1053,18,398,479,671,873
1053,0,547,369,736,628
1054,13,1050,522,1310,1073
1054,1,1051,521,1309,820
1054,18,395,480,664,872
1054,0,544,369,736,637
1055,13,1050,522,1310,1073
1055,1,1051,521,1309,822
1055,18,393,479,662,874
1055,0,544,370,732,641
1055,24,542,368,738,823
1056,13,1049,522,1310,1074
1056,1,1050,522,1309,821
1056,18,391,478,663,876
1056,24,540,370,736,822
1056,0,543,372,732,648
1057,13,1049,522,1310,1074
1057,1,1050,522,1310,822
1057,18,389,478,662,876
1057,24,539,372,735,824
1057,0,541,373,729,635
1058,13,1049,522,1310,1073
1058,1,1050,522,1309,826
1058,18,386,477,664,875
1058,24,539,373,732,824
1058,0,539,374,727,634
1059,13,1050,522,1310,1073
1059,1,1051,521,1309,825
1059,0,540,374,726,633
1059,18,386,476,667,874
1060,13,1050,522,1310,1074
1060,1,1051,521,1309,825
1060,18,386,476,669,872
1060,0,538,374,727,626
1061,13,1050,522,1310,1074
1061,1,1051,521,1309,820
1061,18,385,476,677,870
1061,24,535,373,732,815
1061,0,536,375,728,635
1062,13,1050,522,1310,1075
1062,1,1051,521,1310,819
1062,18,386,477,683,871
1062,0,532,375,729,644
1063,1,1051,521,1312,819
1063,18,386,476,684,871
1063,0,532,376,730,645
1063,13,1051,522,1312,1073
1064,13,1051,522,1312,1073
1064,1,1052,522,1311,818
1064,18,385,476,679,870
1064,0,531,377,732,652
1065,13,1051,522,1312,1072
1065,1,1052,522,1311,815
1065,0,531,377,732,650
1065,18,386,474,670,870
1066,13,1051,522,1312,1073
1066,1,1052,522,1311,817
1066,0,530,377,731,649
1066,18,386,474,666,867
1067,13,1050,522,1311,1075
1067,18,386,473,663,867
1067,0,529,378,729,649
1067,1,1051,522,1311,822
1068,13,1050,522,1310,1073
1068,1,1051,521,1309,823
1068,18,386,472,659,866
1068,0,529,378,727,647
1069,13,1049,521,1310,1073
1069,0,529,379,727,647
1069,1,1051,521,1309,826
1069,18,387,472,657,864
1070,13,1049,521,1310,1073
1070,1,1051,521,1309,824
1070,18,387,471,655,864
1070,0,531,379,728,650
1071,1,1051,521,1309,824
1071,13,1050,521,1310,1073
1071,0,531,379,727,650
1071,18,387,469,652,864
1072,1,1051,521,1309,823
1072,13,1049,522,1309,1074
1072,0,531,381,726,650
1072,18,387,469,650,868
1073,13,1050,522,1309,1075
1073,1,1051,521,1309,825
1073,0,530,382,726,644
1073,18,387,469,650,879
1074,13,1050,522,1310,1074
1074,0,530,383,726,644
1074,18,386,469,649,876
1074,1,1051,521,1310,821
1075,13,1049,522,1310,1074
1075,1,1050,521,1310,822
1075,18,386,469,649,871
1075,0,530,382,725,639
1076,18,385,470,649,872
1076,13,1049,521,1311,1073
1076,1,1051,521,1310,819
1076,0,530,382,723,636
1077,13,1049,522,1310,1073
1077,18,385,470,649,870
1077,1,1051,521,1309,816
1077,0,528,382,724,644
1078,13,1050,522,1310,1073
1078,18,385,471,648,871
1078,1,1051,521,1309,819
1078,0,528,382,725,649
1079,13,1049,522,1311,1072
1079,1,1051,521,1309,820
1079,18,385,472,648,872
1079,0,528,382,726,653
1080,13,1049,522,1310,1072
1080,18,385,472,648,870
1080,1,1051,521,1309,821
1080,0,528,383,726,650
1081,18,384,472,649,870
1081,13,1050,521,1309,1073
1081,1,1051,521,1309,818
1081,0,528,383,725,643
1082,1,1051,521,1308,818
1082,13,1049,521,1309,1073
1082,18,384,471,650,870
1082,0,527,383,724,637
1083,13,1049,521,1309,1073
1083,0,528,383,724,638
1083,1,1051,521,1308,820
1083,18,384,471,651,867
1084,13,1050,521,1310,1072
1084,1,1051,521,1309,819
1084,18,385,471,651,863
1084,0,528,383,723,634
1085,13,1051,521,1310,1073
1085,18,386,470,651,865
1085,1,1052,521,1309,821
1085,0,529,382,723,622
1086,13,1051,521,1310,1072
1086,18,387,470,651,866
1086,1,1052,521,1309,818
1086,0,528,383,723,630
1087,13,1051,521,1310,1073
1087,1,1052,521,1309,819
1087,18,388,470,650,864
1087,0,529,383,723,635
1088,18,389,470,650,863
1088,1,1053,521,1309,818
1088,13,1052,522,1309,1074
1088,0,531,382,724,640
1089,13,1052,522,1310,1074
1089,18,390,470,650,863
1089,1,1053,521,1310,820
1089,0,532,381,725,645
1090,1,1053,521,1309,820
1090,18,390,470,650,863
1090,13,1052,521,1310,1073
1090,0,531,381,726,644
1091,13,1052,521,1310,1072
1091,18,390,470,651,862
1091,0,531,380,728,645
1091,1,1054,520,1310,817
1092,18,390,470,651,862
1092,13,1053,521,1312,1072
1092,0,531,380,730,646
1092,1,1054,520,1311,825
1093,18,390,470,651,862
1093,13,1053,521,1312,1071
1093,1,1054,520,1312,823
1093,0,532,381,730,646
1094,18,390,470,651,862
1094,13,1052,521,1312,1072
1094,0,533,381,730,646
1094,1,1054,521,1312,820
1095,1,1054,521,1312,820
1095,13,1052,521,1313,1072
1095,0,533,381,730,645
1095,18,390,469,652,862
1096,13,1053,520,1313,1073
1096,1,1054,520,1312,821
1096,18,390,468,652,861
1096,0,535,380,729,639
1097,18,390,468,652,861
1097,13,1053,520,1313,1073
1097,1,1054,520,1313,822
1097,0,536,380,730,643
1098,13,1053,520,1313,1072
1098,0,537,380,730,643
1098,1,1054,520,1313,820
1098,18,390,467,654,861
1099,13,1054,520,1315,1072
1099,18,391,464,655,860
1099,1,1055,519,1314,818
1099,0,539,379,731,640
1100,13,1054,520,1316,1071
1100,1,1055,519,1314,817
1100,18,391,463,656,860
1100,0,540,379,732,642
1101,13,1055,520,1315,1071
1101,0,540,379,732,641
1101,1,1055,519,1314,818
1101,18,392,463,657,862
1102,13,1055,519,1316,1071
1102,18,392,462,657,862
1102,1,1055,519,1314,820
1102,0,540,378,732,643
1103,18,392,462,657,863
1103,13,1055,519,1315,1072
1103,1,1056,519,1314,821
1103,0,540,379,732,645
1104,1,1056,519,1314,822
1104,18,392,462,658,863
1104,13,1055,520,1316,1071
1104,0,541,379,732,644
1105,18,392,462,659,862
1105,13,1055,519,1315,1073
1105,0,541,379,732,645
1105,1,1056,519,1314,826
1106,1,1056,519,1314,826
1106,18,392,461,658,861
1106,13,1056,519,1316,1071
1106,0,540,378,732,648
1107,13,1055,520,1316,1071
1107,0,539,378,732,647
1107,18,392,461,658,859
1107,1,1056,519,1314,822
1108,1,1055,519,1314,822
1108,13,1055,520,1315,1072
1108,0,540,378,732,647
1108,18,391,462,659,859
1109,13,1056,520,1315,1072
1109,0,539,378,732,647
1109,18,392,462,660,859
1109,1,1056,519,1314,819
1110,13,1056,519,1315,1072
1110,18,392,463,660,859
1110,0,539,378,732,648
1110,1,1056,519,1314,821
1111,18,392,463,661,859
1111,13,1056,520,1315,1073
1111,0,539,378,733,646
1111,1,1056,519,1315,816
1112,18,392,463,661,859
1112,0,539,378,733,647
1112,13,1055,519,1315,1073
1112,1,1056,519,1314,819
1113,13,1056,519,1315,1073
1113,18,392,463,661,859
1113,0,539,378,733,647
1113,1,1056,519,1314,819
1114,18,392,463,661,860
1114,13,1056,519,1315,1072
1114,0,538,378,733,647
1114,1,1057,519,1315,821
1115,18,392,463,661,860
1115,1,1057,519,1314,822
1115,13,1056,519,1314,1073
1115,0,538,378,733,647
1116,18,392,464,661,860
1116,13,1055,519,1314,1074
1116,1,1056,519,1314,821
1116,0,537,379,733,647
1117,0,537,379,733,646
1117,13,1055,520,1314,1074
1117,18,392,464,660,860
1117,1,1055,519,1314,824
1118,13,1055,520,1314,1073
1118,18,392,463,660,859
1118,1,1056,519,1314,822
1118,0,539,379,733,646
1119,13,1055,519,1314,1074
1119,18,392,463,660,859
1119,1,1056,519,1314,820
1119,0,541,379,732,647
1120,18,392,463,660,858
1120,0,541,378,733,647
1120,13,1057,519,1314,1073
1120,1,1057,519,1314,816
1121,13,1057,519,1314,1073
1121,18,392,463,659,858
1121,1,1057,519,1314,814
1121,0,541,379,733,644
1122,0,541,379,733,644
1122,18,392,463,659,857
1122,13,1056,519,1314,1072
1122,1,1057,519,1314,816
1123,13,1056,519,1314,1071
1123,0,541,379,732,644
1123,1,1056,519,1314,814
1123,18,392,463,660,859
1124,0,541,379,732,645
1124,13,1056,520,1314,1073
1124,18,391,463,658,857
1124,1,1056,519,1314,820
1125,13,1056,520,1314,1073
1125,1,1056,519,1314,819
1125,18,391,463,659,858
1125,0,541,379,731,644
1126,0,541,379,732,643
1126,13,1055,520,1315,1072
1126,1,1056,520,1314,821
1126,18,392,463,661,861
1127,18,392,463,661,859
1127,13,1056,521,1314,1074
1127,1,1056,520,1314,825
1127,0,539,378,732,646
1128,13,1056,521,1314,1074
1128,18,392,462,662,863
1128,1,1056,520,1314,820
1128,0,541,379,733,645
1129,18,392,462,662,863
1129,13,1056,521,1314,1074
1129,0,541,379,732,646
1129,1,1056,520,1314,824
1130,13,1056,521,1314,1074
1130,0,541,379,732,646
1130,1,1056,520,1314,825
1130,18,392,462,661,864
1131,13,1057,521,1314,1074
1131,18,392,462,661,866
1131,1,1057,520,1314,826
1131,0,540,379,733,645
1132,18,392,462,661,866
1132,13,1056,520,1315,1073
1132,1,1057,520,1314,829
1132,0,540,378,733,646
1133,18,392,462,661,866
1133,0,539,378,734,645
1133,13,1057,519,1316,1071
1133,1,1058,519,1315,826
1134,18,392,462,661,866
1134,13,1057,519,1317,1071
1134,1,1057,519,1316,828
1134,0,540,377,734,646
1135,18,392,463,661,865
1135,0,540,377,734,648
1135,13,1058,519,1317,1069
1135,1,1058,519,1316,825
1136,13,1058,519,1317,1070
1136,0,540,377,734,648
1136,1,1058,519,1316,826
1136,18,392,463,661,866
1137,13,1058,519,1317,1069
1137,18,392,463,661,867
1137,1,1058,519,1316,824
1137,0,542,377,735,646
1138,13,1058,519,1317,1070
1138,18,392,463,661,867
1138,1,1058,519,1316,824
1138,0,542,378,735,645
1139,18,392,463,661,867
1139,13,1057,519,1317,1071
1139,1,1057,519,1316,825
1139,0,542,375,734,646
1140,13,1057,519,1317,1070
1140,1,1057,519,1316,826
1140,18,392,464,660,866
1140,0,541,377,735,646
1141,18,392,466,662,866
1141,0,540,376,734,646
1141,13,1060,519,1317,1072
1141,1,1060,519,1316,824
1142,0,540,377,735,645
1142,13,1061,519,1318,1072
1142,18,392,466,662,870
1142,1,1061,519,1317,826
1143,13,1061,519,1319,1071
1143,1,1061,519,1318,825
1143,18,393,465,664,866
1143,0,541,375,737,643
1144,18,393,465,664,866
1144,13,1061,519,1319,1071
1144,1,1061,519,1318,823
1144,0,542,376,737,643
1145,13,1061,519,1318,1072
1145,18,392,465,663,866
1145,1,1061,519,1317,826
1145,0,541,376,735,645
1146,13,1061,520,1317,1072
1146,18,392,467,662,866
1146,1,1060,519,1316,828
1146,0,539,376,734,645
1147,13,1060,520,1317,1071
1147,1,1060,519,1316,827
1147,18,392,468,662,867
1147,0,539,376,734,645
1148,0,538,376,734,645
1148,18,392,469,661,866
1148,1,1059,519,1316,828
1148,13,1059,520,1317,1070
1149,13,1058,520,1317,1070
1149,18,392,468,661,866
1149,1,1059,520,1316,828
1149,0,538,376,735,644
1150,13,1059,520,1317,1070
1150,1,1059,520,1316,828
1150,18,392,468,661,867
1150,0,539,376,735,642
1151,13,1059,519,1317,1071
1151,18,392,468,662,867
1151,0,539,376,734,643
1151,1,1059,519,1316,825
1152,0,539,376,734,643
1152,18,392,468,662,868
1152,13,1060,520,1317,1070
1152,1,1060,520,1316,817
1153,18,392,469,662,868
1153,13,1057,520,1317,1070
1153,1,1058,520,1316,819
1153,0,539,378,735,638
1154,18,391,469,661,868
1154,13,1057,521,1316,1072
1154,0,539,378,734,638
1154,1,1057,520,1315,822
1155,18,391,469,661,868
1155,13,1057,522,1316,1073
1155,1,1058,520,1316,824
1155,0,540,378,734,639
1156,18,391,469,661,868
1156,13,1058,521,1316,1073
1156,1,1058,520,1316,825
1156,0,541,377,733,640
1157,18,391,469,662,868
1157,0,540,377,734,639
1157,13,1058,521,1317,1070
1157,1,1058,520,1316,827
1158,18,392,468,662,868
1158,13,1059,520,1317,1070
1158,0,541,376,733,640
1158,1,1059,520,1316,825
1159,18,391,468,661,868
1159,0,542,376,733,640
1159,13,1058,520,1317,1071
1159,1,1059,520,1316,823
1160,13,1058,520,1317,1071
1160,18,391,469,661,867
1160,0,541,377,732,641
1160,1,1058,520,1316,818
1161,18,391,469,661,868
1161,0,541,377,732,642
1161,13,1058,522,1316,1071
1161,1,1058,520,1316,810
1162,0,541,377,732,642
1162,18,391,469,661,867
1162,1,1058,521,1316,812
1162,13,1057,521,1317,1069
1163,13,1057,521,1317,1069
1163,18,391,469,661,869
1163,0,541,377,732,641
1163,1,1058,520,1316,818
1164,13,1057,521,1317,1070
1164,18,391,469,661,868
1164,0,541,377,732,641
1164,1,1058,520,1316,820
1165,18,391,469,661,868
1165,13,1058,520,1317,1070
1165,0,541,377,732,642
1165,1,1058,520,1316,825
1166,18,391,469,661,868
1166,1,1057,520,1316,824
1166,0,542,377,732,641
1166,13,1057,520,1317,1070
1167,18,391,469,661,868
1167,13,1056,520,1317,1070
1167,1,1057,520,1316,828
1167,0,541,375,731,644
1168,18,391,469,661,868
1168,13,1055,520,1317,1069
1168,1,1056,520,1316,826
1168,0,541,376,732,642
1169,13,1055,521,1317,1070
1169,18,391,470,660,869
1169,1,1056,520,1316,826
1169,0,540,376,732,642
1170,13,1055,521,1317,1071
1170,18,390,470,660,869
1170,1,1056,520,1316,822
1170,0,539,375,732,643
1171,18,390,470,660,869
1171,13,1056,520,1317,1070
1171,0,538,373,733,644
1171,1,1057,520,1315,814
1172,18,390,470,660,870
1172,13,1056,519,1317,1070
1172,1,1057,519,1315,813
1172,0,537,370,732,644
1173,18,390,469,660,869
1173,13,1057,519,1317,1070
1173,1,1058,519,1315,814
1173,0,538,368,732,644
1174,18,390,469,660,869
1174,13,1057,518,1318,1071
1174,0,539,366,732,646
1174,1,1057,519,1317,822
1175,18,390,469,660,868
1175,13,1058,518,1319,1072
1175,1,1058,518,1318,825
1175,0,537,365,733,644
1176,18,390,469,660,869
1176,13,1058,515,1320,1071
1176,0,538,364,732,646
1176,1,1058,516,1319,823
1177,18,389,469,660,870
1177,13,1060,515,1323,1071
1177,0,538,364,733,644
1177,1,1060,514,1323,823
1178,18,390,469,660,869
1178,0,539,364,732,644
1178,13,1061,513,1322,1071
1178,1,1060,512,1322,811
1179,18,389,469,660,871
1179,0,539,365,734,643
1179,13,1064,513,1325,1070
1179,1,1063,512,1326,804
1180,18,389,469,660,872
1180,0,538,365,733,648
1180,13,1067,511,1328,1070
1180,1,1066,510,1330,804
1181,18,389,469,660,874
1181,0,539,366,734,649
1181,13,1068,509,1332,1070
1181,1,1066,509,1335,806
1182,18,389,469,660,873
1182,0,540,367,734,648
1182,13,1074,508,1336,1071
1182,1,1072,507,1338,805
1183,18,390,469,660,870
1183,0,540,367,733,645
1183,1,1080,505,1344,806
1183,13,1082,506,1343,1071
1184,18,390,469,660,875
1184,0,539,368,731,643
1184,13,1087,503,1344,1073
1184,1,1088,502,1344,805
1185,0,540,368,731,645
1185,13,1091,501,1344,1072
1185,1,1092,499,1344,805
1185,18,389,469,659,886
1186,0,539,369,732,645
1186,13,1093,499,1346,1071
1186,18,390,468,658,894
1186,1,1094,497,1346,808
1187,18,390,468,658,900
1187,1,1097,496,1345,809
1187,13,1096,498,1345,1070
1187,0,539,369,732,652
1188,13,1096,497,1345,1070
1188,0,538,369,732,652
1188,1,1098,495,1345,810
1188,18,389,469,659,897
1189,18,389,469,659,895
1189,0,539,370,732,650
1189,13,1097,496,1342,1070
1189,1,1099,493,1343,810
1190,0,539,370,732,652
1190,1,1100,493,1340,809
1190,13,1096,495,1339,1066
1190,18,389,470,659,874
1191,0,539,372,731,652
1191,13,1096,493,1336,1068
1191,1,1100,492,1338,811
1191,18,389,470,659,868
1192,0,540,373,731,652
1192,18,390,469,657,868
1192,1,1099,491,1335,810
1192,13,1096,492,1333,1070
1193,18,389,469,659,873
1193,0,538,373,731,648
1193,1,1097,491,1328,810
1193,13,1092,492,1328,1067
1194,18,390,469,658,873
1194,0,537,374,731,650
1194,13,1087,491,1321,1067
1194,1,1095,490,1318,811
1195,0,537,376,731,651
1195,1,1092,488,1313,808
1195,13,1078,489,1315,1069
1195,18,389,469,658,904
1196,0,537,376,731,649
1196,18,389,469,658,913
1196,13,1077,489,1308,1068
1196,1,1087,488,1306,809
1197,18,389,469,658,913
1197,0,536,376,731,648
1197,13,1070,487,1300,1068
1197,1,1075,486,1300,808
1198,0,536,376,731,645
1198,18,389,469,659,904
1198,13,1066,487,1295,1067
1198,1,1069,485,1296,806
1199,0,538,376,731,641
1199,18,389,469,658,914
1199,13,1061,487,1288,1068
1199,1,1066,486,1289,802
1200,18,389,468,658,912
1200,0,537,376,732,637
1200,13,1051,485,1283,1067
1200,1,1055,483,1281,802
1201,18,390,468,658,906
1201,0,536,376,733,645
1201,13,1045,484,1277,1068
1201,1,1048,482,1274,800
1202,0,535,376,733,642
1202,13,1044,482,1275,1069
1202,18,390,468,658,895
1202,1,1047,481,1269,798
1203,18,390,468,658,891
1203,13,1040,481,1278,1068
1203,0,535,376,733,634
1203,1,1041,481,1265,800
1204,0,536,376,732,636
1204,13,1035,481,1281,1069
1204,18,390,468,658,876
1204,1,1035,480,1264,796
1205,0,536,376,732,639
1205,18,390,467,657,868
1205,13,1027,481,1282,1069
1205,1,1025,480,1259,794
1206,18,390,467,657,867
1206,0,536,375,732,641
1206,13,1020,480,1286,1070
1206,1,1018,479,1255,791
1207,18,390,467,657,866
1207,0,536,375,732,641
1207,1,1012,478,1252,788
1207,13,1015,480,1294,1068
1208,18,390,467,657,866
1208,0,537,374,732,639
1208,1,1008,479,1249,784
1208,13,1007,480,1305,1069
1209,18,390,466,657,866
1209,0,536,374,731,646
1209,1,1002,480,1245,784
1209,13,1001,480,1310,1070
1210,18,390,466,657,865
1210,0,537,374,731,646
1210,1,1000,480,1245,783
1210,13,998,481,1315,1066
1211,18,390,467,657,862
1211,0,536,373,730,649
1211,1,993,481,1246,782
1211,13,994,483,1325,1068
1212,18,390,467,657,861
1212,0,536,371,729,642
1212,13,986,481,1331,1068
1212,1,984,482,1242,785
1213,18,390,467,657,862
1213,0,535,370,728,645
1213,13,975,483,1337,1068
1213,1,974,484,1240,785
1214,18,390,467,656,860
1214,0,534,370,729,652
1214,1,964,485,1237,786
1215,18,390,467,656,860
1215,0,533,368,733,652
1215,1,957,485,1233,790
1216,18,390,467,657,859
1216,0,534,368,732,647
1216,1,946,488,1233,793
1217,18,391,467,657,859
1217,1,942,489,1230,795
1217,0,534,366,745,658
1217,13,944,488,1359,1067
1218,18,391,467,657,860
1218,13,936,490,1360,1066
1218,1,934,490,1228,797
1218,0,535,366,729,611
1219,18,391,468,658,860
1219,0,534,365,728,609
1219,1,928,492,1223,796
1220,18,391,468,658,859
1220,1,925,493,1224,796
1220,0,535,366,727,614
1220,13,918,495,1362,1067
1221,18,392,468,657,857
1221,0,535,366,725,609
1221,1,918,495,1224,795
1222,18,392,468,656,858
1222,0,536,366,725,608
1222,1,913,495,1226,795
1223,18,391,467,656,857
1223,1,909,495,1224,796
1223,0,537,366,730,627
1224,18,391,467,656,856
1224,1,900,496,1225,796
1224,0,539,366,728,622
1225,18,391,468,656,859
1225,1,890,495,1232,797
1225,0,538,365,737,627
1225,25,538,364,792,659
1226,18,390,469,657,865
1226,1,886,496,1239,797
1226,25,539,365,783,648
1226,0,539,366,726,614
1227,18,391,469,658,859
1227,25,540,364,777,644
1227,1,876,495,1245,796
1228,18,390,469,658,858
1228,1,869,496,1246,794
1228,25,543,363,785,634
1229,18,390,469,659,856
1229,1,862,497,1244,795
1229,0,544,365,728,624
1229,13,863,498,1403,1065
1230,18,389,469,659,857
1230,13,852,498,1407,1065
1230,1,854,498,1239,796
1230,0,545,364,730,618
1230,25,545,364,797,639
1231,18,388,469,660,859
1231,13,842,499,1404,1065
1231,0,548,365,731,621
1231,1,846,498,1250,792
1232,18,388,469,659,860
1232,0,548,366,731,620
1232,13,838,499,1411,1066
1233,13,836,499,1415,1066
1233,18,389,469,657,859
1233,0,549,366,736,642
1234,18,389,469,657,859
1234,13,838,499,1417,1066
1234,0,550,366,743,656
1235,13,835,500,1417,1066
1235,18,388,469,657,859
1235,25,554,365,819,658
1236,18,388,469,657,859
1236,13,835,500,1419,1066
1236,25,559,365,817,667
1237,18,388,469,657,859
1237,13,833,499,1418,1066
1237,25,562,366,819,670
1237,0,560,367,740,668
1238,18,388,469,657,860
1238,13,832,500,1414,1066
1238,25,565,367,825,671
1238,0,563,368,745,672
1239,18,388,470,657,860
1239,13,824,500,1412,1066
1239,25,568,369,823,671
1239,0,566,370,748,673
1239,1,829,499,1237,788
1240,18,388,469,657,860
1240,1,822,501,1235,789
1240,25,571,370,830,674
1241,18,388,470,657,860
1241,1,816,502,1238,790
1241,25,570,374,835,676
1241,0,572,373,751,677
1242,18,389,470,658,861
1242,1,808,501,1239,790
1242,0,574,375,752,681
1243,1,808,501,1240,789
1243,18,389,470,659,860
1243,0,578,379,756,684
1243,25,578,380,753,823
1244,18,389,470,659,860
1244,1,805,501,1238,790
1244,0,578,384,782,689
1245,18,389,470,658,859
1245,1,802,502,1234,789
1245,0,583,386,834,687
1245,25,586,387,830,822
1246,18,389,470,659,860
1246,1,802,502,1233,789
1246,0,584,389,827,686
1246,25,587,390,796,822
1247,18,389,470,659,861
1247,1,803,501,1231,789
1247,0,587,393,837,682
1247,25,589,393,837,821
1248,18,389,470,658,861
1248,1,805,501,1231,789
1248,25,592,397,839,822
1248,0,590,397,838,683
1249,18,389,470,658,860
1249,1,808,502,1229,788
1249,0,594,400,844,686
1250,18,389,470,658,861
1250,1,809,502,1231,790
1250,25,594,402,781,808
1250,0,593,402,779,690
1251,18,389,470,658,862
1251,1,804,503,1231,790
1251,25,595,404,778,814
1251,0,595,405,773,689
1252,18,389,471,657,861
1252,1,811,504,1231,789
1252,0,596,408,773,686
1252,25,596,406,779,821
1253,18,389,471,656,861
1253,25,595,409,777,821
1253,0,595,411,773,688
1253,1,817,504,1234,788
1254,18,389,470,656,861
1254,1,817,505,1234,788
1254,25,595,411,780,821
1254,0,594,413,775,687
1255,18,388,470,657,862
1255,1,816,506,1231,788
1255,0,593,416,779,695
1256,18,388,470,656,861
1256,1,815,506,1230,789
1256,0,593,418,782,694
1257,18,388,471,656,861
1257,1,813,506,1230,790
1257,25,594,420,781,819
1257,0,593,421,778,690
1258,18,388,471,657,861
1258,1,810,506,1231,790
1258,0,593,422,776,688
1259,18,388,471,657,860
1259,0,593,422,776,687
1259,1,803,507,1230,791
1260,18,388,471,657,860
1260,0,593,423,774,687
1260,25,594,422,776,819
1260,1,818,507,1232,790
1261,18,388,471,656,860
1261,1,814,506,1234,789
1261,0,592,423,777,691
1262,18,388,472,656,859
1262,1,809,506,1232,790
1262,0,593,423,776,687
1263,18,388,472,656,860
1263,0,593,423,777,691
1263,1,817,506,1231,790
1263,25,594,424,778,808
1264,18,388,472,656,860
1264,1,818,506,1231,790
1264,0,594,423,777,693
1264,25,595,424,778,816
1265,1,818,506,1232,790
1265,18,388,472,656,862
1265,0,595,424,776,696
1266,18,388,472,656,863
1266,1,818,506,1233,791
1266,0,594,424,777,696
1267,18,388,472,656,862
1267,1,818,505,1234,790
1267,0,593,425,777,697
1268,1,819,505,1234,790
1268,18,388,471,656,861
1268,0,592,425,776,696
1269,18,388,471,656,860
1269,1,818,505,1233,790
1269,0,595,425,776,696
1270,18,388,471,656,860
1270,1,819,504,1233,789
1270,0,596,426,775,696
1271,18,388,471,656,860
1271,1,820,504,1232,789
1271,0,595,427,775,697
1272,18,388,471,657,859
1272,1,821,505,1232,789
1272,0,594,426,775,697
1273,18,389,471,657,860
1273,0,595,427,775,697
1273,1,822,505,1232,787
1274,18,389,471,657,859
1274,1,821,505,1232,788
1274,0,596,427,774,697
1275,18,389,471,657,859
1275,1,822,505,1233,788
1275,0,594,427,773,697
1276,18,389,472,657,859
1276,0,594,427,773,697
1276,1,821,505,1232,789
1277,18,389,471,657,859
1277,1,820,505,1231,789
1277,0,596,427,772,697
1278,18,389,471,657,859
1278,0,596,427,773,696
1278,1,819,505,1230,789
1279,18,389,471,656,859
1279,1,818,505,1232,789
1279,0,597,427,773,696
1280,18,389,471,657,859
1280,1,819,506,1231,788
1280,0,597,426,774,697
1281,1,819,506,1231,788
1281,18,389,471,657,860
1281,0,597,426,774,696
1282,18,389,471,657,859
1282,1,819,506,1231,789
1282,0,595,427,775,698
1283,18,389,471,657,859
1283,1,820,506,1231,789
1283,0,595,427,776,697
1284,18,389,472,657,859
1284,1,820,506,1231,789
1284,0,597,428,777,697
1285,18,389,472,657,859
1285,1,820,506,1233,789
1285,0,598,429,778,697
1286,18,389,471,657,859
1286,0,598,430,778,697
1286,1,820,506,1232,789
1287,18,389,471,656,859
1287,1,820,506,1230,790
1287,0,598,430,779,698
1288,18,389,471,657,859
1288,1,820,506,1233,789
1288,0,599,430,781,698
1289,18,390,472,656,859
1289,1,820,506,1234,789
1289,0,599,430,782,698
1290,18,389,472,656,859
1290,0,599,430,782,698
1290,1,820,506,1233,789
1291,18,390,472,658,859
1291,1,819,507,1234,790
1291,0,603,431,781,699
1292,18,390,472,658,859
1292,0,604,430,782,699
1292,1,818,506,1231,789
1293,18,390,472,658,859
1293,1,818,507,1231,789
1293,0,602,430,782,699
1294,18,390,473,658,859
1294,1,818,507,1230,789
1294,0,602,430,782,699
1295,18,390,472,658,859
1295,0,602,430,783,699
1295,1,819,507,1229,789
1296,18,391,472,658,859
1296,1,820,506,1230,790
1296,0,601,429,783,699
1297,18,391,472,658,859
1297,0,601,428,782,699
1297,1,821,507,1232,791
1298,18,391,472,659,859
1298,1,821,507,1232,792
1298,0,602,428,782,698
1299,18,391,472,659,859
1299,1,821,507,1233,791
1299,0,601,428,782,698
1300,18,391,472,659,860
1300,1,821,508,1232,791
1300,0,602,428,783,698
1301,18,391,472,660,860
1301,0,602,429,783,698
1301,1,823,508,1231,790
1302,1,823,508,1231,791
1302,18,391,471,660,861
1302,0,603,429,783,698
1303,18,391,471,660,860
1303,1,822,508,1231,792
1303,0,604,429,784,698
1304,18,391,470,660,860
1304,1,824,508,1229,792
1304,0,602,429,785,697
1305,18,391,470,660,860
1305,1,823,508,1228,791
1305,0,601,429,785,697
1306,18,391,470,660,860
1306,0,602,429,786,697
1306,1,821,508,1230,790
1307,18,392,470,660,860
1307,1,821,508,1232,789
1307,0,603,429,786,698
1308,18,391,470,660,861
1308,0,602,429,787,698
1308,1,823,508,1233,789
1309,1,823,508,1233,789
1309,18,392,470,661,862
1309,0,603,428,787,698
1310,1,823,508,1233,789
1310,18,392,470,661,861
1310,0,603,429,787,699
1311,1,823,508,1233,789
1311,0,603,429,787,698
1311,18,392,470,661,865
1312,0,602,428,787,698
1312,1,822,508,1231,788
1312,18,391,469,663,868
1313,0,602,428,787,699
1313,1,821,509,1231,789
1313,18,391,469,664,877
1314,1,821,508,1230,788
1314,0,603,429,787,699
1314,18,392,469,663,881
1315,1,822,509,1231,789
1315,0,603,429,787,698
1315,18,392,469,664,867
1316,0,603,429,787,698
1316,1,819,509,1231,789
1316,18,392,470,661,863
1317,1,820,509,1232,788
1317,0,604,429,788,697
1317,18,392,469,664,868
1318,18,392,468,664,869
1318,0,605,429,788,697
1318,1,822,509,1231,788
1319,18,392,468,664,870
1319,1,823,509,1232,788
1319,0,604,430,789,698
1320,18,392,468,664,869
1320,1,822,509,1232,788
1320,0,605,430,789,698
1321,0,606,430,789,697
1321,18,393,468,663,868
1321,1,818,509,1231,789
1322,0,606,430,788,696
1322,1,820,509,1233,789
1322,18,393,468,663,872
1323,1,820,509,1232,789
1323,0,606,429,789,698
1323,18,393,468,663,879
1324,1,820,509,1231,789
1324,0,605,428,788,697
1324,18,393,468,663,874
1325,0,606,427,788,697
1325,1,822,509,1233,789
1325,18,393,467,665,890
1326,18,392,466,665,890
1326,1,822,509,1233,790
1326,0,606,426,788,698
1327,1,822,509,1235,789
1327,0,605,425,789,698
1327,18,392,467,665,892
1328,18,392,467,665,897
1328,1,820,509,1232,789
1328,0,604,425,790,699
1329,1,820,509,1232,788
1329,0,604,424,786,700
1329,18,392,467,665,882
1330,18,392,467,665,885
1330,1,816,509,1234,788
1330,0,602,423,785,700
1331,1,819,508,1233,788
1331,18,392,467,664,896
1331,0,602,422,785,678
1332,1,818,508,1234,788
1332,18,392,467,664,905
1332,0,599,420,786,672
1333,1,819,507,1233,790
1333,18,392,467,665,890
1333,0,593,419,785,653
1334,1,820,507,1233,791
1334,18,392,466,664,870
1334,0,597,418,786,631
1335,18,392,467,664,870
1335,1,820,506,1233,790
1335,0,598,418,785,624
1336,1,821,506,1233,790
1336,18,392,467,664,881
1336,0,598,416,783,632
1337,1,821,506,1235,789
1337,18,392,467,664,904
1337,0,601,416,784,621
1338,1,821,507,1234,790
1338,18,392,467,664,888
1338,0,602,415,782,632
1339,1,822,507,1233,790
1339,18,392,467,664,892
1339,0,605,415,781,637
1340,18,393,467,664,887
1340,1,823,506,1231,789
1340,0,605,413,780,624
1341,1,823,506,1231,789
1341,18,393,467,664,883
1341,0,602,411,779,628
1342,18,393,467,665,883
1342,1,824,506,1232,790
1342,0,605,410,780,641
1343,1,823,506,1233,790
1343,18,393,468,664,876
1343,0,605,407,780,632
1344,1,824,506,1232,790
1344,18,393,468,664,870
1344,0,604,407,780,630
1345,1,823,506,1233,790
1345,18,393,468,664,867
1345,0,605,406,779,631
1346,18,393,468,665,866
1346,1,823,506,1233,791
1346,0,604,406,780,634
1347,18,393,468,665,864
1347,1,822,506,1232,792
1347,0,606,406,780,645
1348,18,393,468,665,864
1348,1,823,506,1232,790
1348,0,605,406,778,637
1349,18,393,469,664,865
1349,1,821,506,1232,792
1349,0,606,408,778,634
1350,1,822,506,1232,792
1350,18,393,469,664,864
1350,0,605,409,778,629
1351,18,393,470,663,865
1351,1,820,505,1233,792
1351,0,606,410,780,631
1352,18,393,470,664,865
1352,1,820,506,1233,793
1352,0,605,412,778,624
1353,18,393,470,664,864
1353,1,820,506,1234,793
1353,0,605,412,780,622
1354,18,393,470,664,863
1354,1,820,506,1233,794
1354,0,603,413,778,621
1355,1,819,507,1234,793
1355,18,394,470,663,866
1355,0,604,415,779,623
1356,18,394,470,663,865
1356,1,819,507,1235,794
1356,0,605,414,780,626
1357,1,819,507,1236,794
1357,18,394,470,663,863
1357,0,606,415,780,619
1358,18,394,470,663,863
1358,1,818,507,1236,795
1358,0,606,415,779,628
1359,18,394,470,663,864
1359,1,817,508,1236,795
1359,0,605,416,780,624
1360,1,817,508,1237,795
1360,18,394,469,665,869
1360,0,607,416,780,632
1361,18,394,469,665,869
1361,1,818,508,1236,794
1361,0,607,416,779,628
1362,1,819,508,1235,795
1362,18,394,470,663,864
1362,0,607,417,780,620
1363,1,819,508,1235,795
1363,18,394,470,663,866
1363,0,608,417,781,618
1364,1,821,509,1235,794
1364,18,394,469,665,866
1364,0,608,418,781,624
1365,1,820,508,1234,793
1365,18,394,470,663,864
1365,0,608,419,781,617
1366,1,822,508,1234,793
1366,18,394,469,665,866
1366,0,608,420,780,622
1367,18,394,469,665,866
1367,1,823,509,1233,794
1367,0,608,419,780,622
1368,18,395,469,665,866
1368,1,823,509,1235,792
1368,0,608,419,780,620
1369,18,394,469,665,867
1369,1,823,509,1234,793
1369,0,609,420,780,617
1370,18,394,469,665,868
1370,0,609,420,780,617
1370,1,820,510,1233,793
1371,1,822,510,1233,793
1371,0,609,421,780,617
1371,18,394,469,664,877
1372,1,823,510,1233,793
1372,18,394,469,665,868
1372,0,610,421,780,620
1373,18,394,469,665,869
1373,0,610,420,780,620
1373,1,822,510,1234,793
1374,1,821,510,1234,793
1374,0,610,420,780,622
1374,18,394,469,665,866
1375,0,610,420,780,622
1375,1,821,511,1234,791
1375,18,394,469,665,885
1376,1,822,511,1234,791
1376,0,611,420,780,621
1376,18,394,468,665,894
1377,1,822,511,1233,791
1377,0,611,420,780,621
1377,18,394,469,665,876
1378,1,823,511,1233,791
1378,0,611,421,780,620
1378,18,394,469,665,865
1379,1,823,511,1234,792
1379,0,611,422,782,619
1379,18,394,469,665,889
1380,1,822,511,1235,791
1380,0,611,422,781,620
1380,18,395,469,665,883
1381,1,820,511,1235,792
1381,0,610,423,782,624
1381,18,395,469,665,860
1382,1,818,511,1235,791
1382,18,395,469,666,865
1382,0,608,423,783,621
1383,18,395,469,666,862
1383,1,816,511,1234,791
1383,0,609,422,782,621
1384,18,395,469,666,862
1384,1,814,511,1233,790
1384,0,609,422,782,615
1385,18,395,469,666,862
1385,0,609,422,782,616
1385,1,815,511,1233,790
1386,18,395,469,665,863
1386,0,608,422,782,616
1386,1,816,511,1233,790
1387,18,395,468,665,863
1387,1,818,511,1233,790
1387,0,608,422,782,617
1388,1,821,511,1233,790
1388,18,395,469,664,862
1388,0,608,423,783,620
1389,18,396,469,664,863
1389,1,822,512,1233,791
1389,0,608,423,783,619
1390,1,822,512,1233,791
1390,18,396,469,664,860
1390,0,608,424,783,618
1391,18,396,469,664,860
1391,1,819,512,1233,790
1391,0,609,423,783,619
1392,1,818,512,1233,790
1392,0,609,424,783,619
1392,18,396,469,665,857
1393,18,396,469,665,856
1393,1,821,512,1234,793
1393,0,608,424,785,622
1394,18,396,469,665,856
1394,1,822,512,1233,791
1394,0,608,424,784,624
1395,18,397,469,665,856
1395,1,821,512,1233,791
1395,0,608,424,784,623
1396,1,822,512,1234,792
1396,18,396,469,665,857
1396,0,608,424,784,622
1397,1,822,512,1234,791
1397,18,397,469,665,857
1397,0,608,424,783,622
1398,18,397,468,665,857
1398,1,823,511,1234,792
1398,0,607,423,783,620
1399,18,397,468,666,857
1399,1,823,512,1236,792
1399,0,607,424,783,621
1400,18,398,468,665,857
1400,1,823,512,1235,793
1400,0,608,424,783,621
1401,18,398,468,666,857
1401,1,820,512,1236,792
1401,0,608,424,784,620
1402,1,820,512,1236,792
1402,0,609,424,784,620
1402,18,397,468,666,859
1403,1,821,513,1236,792
1403,18,398,469,666,857
1403,0,609,424,784,617
1404,18,397,468,666,856
1404,1,823,513,1236,792
1404,0,609,424,784,617
1405,18,397,468,666,855
1405,1,823,512,1235,792
1405,0,611,426,784,615
1406,18,397,468,666,856
1406,1,824,512,1235,792
1406,0,610,424,782,616
1407,18,398,468,666,856
1407,1,826,513,1233,791
1407,0,609,427,784,617
1408,1,826,513,1232,791
1408,18,398,469,665,856
1408,0,609,427,784,617
1409,18,397,469,666,857
1409,1,825,513,1233,791
1409,0,609,425,784,617
1410,1,825,513,1233,791
1410,18,397,469,666,857
1410,0,610,425,784,618
1411,18,398,469,666,858
1411,0,612,426,784,618
1411,1,821,514,1235,793
1412,18,398,469,666,858
1412,1,822,513,1236,795
1412,0,612,425,782,618
1413,18,398,468,666,857
1413,0,611,425,782,619
1413,1,831,513,1237,794
1414,18,398,468,666,857
1414,1,825,513,1237,795
1414,0,611,427,784,618
1415,18,398,468,666,857
1415,1,832,513,1235,797
1415,0,610,424,785,619
1416,18,398,468,666,856
1416,1,834,513,1235,797
1416,0,610,424,783,619
1417,18,398,468,666,856
1417,0,609,424,784,620
1417,1,832,513,1235,796
1418,18,398,468,666,856
1418,0,609,424,784,620
1418,1,834,513,1236,795
1419,18,398,469,666,856
1419,1,833,513,1236,795
1419,0,609,424,786,620
1420,18,398,469,666,856
1420,0,610,424,787,620
1420,1,834,512,1235,794
1421,18,398,469,666,856
1421,1,834,512,1235,794
1421,0,609,424,785,619
1422,18,398,469,666,856
1422,1,834,512,1235,795
1422,0,610,426,786,616
1423,0,610,426,786,616
1423,18,397,469,667,856
1423,1,831,511,1235,794
1424,18,397,469,667,857
1424,1,829,511,1236,794
1424,0,609,426,786,613
1425,18,397,469,667,857
1425,1,829,511,1236,793
1425,0,609,426,785,615
1426,18,397,469,668,856
1426,1,828,511,1236,794
1426,0,608,425,785,614
1427,18,397,469,668,856
1427,1,830,511,1237,795
1427,0,608,425,786,615
1428,18,397,469,668,856
1428,1,828,511,1238,794
1428,0,607,424,786,618
1429,18,397,469,668,857
1429,1,826,511,1238,794
1429,0,608,425,786,614
1430,18,397,469,668,857
1430,1,827,511,1237,794
1430,0,609,425,785,615
1431,18,397,469,668,857
1431,1,825,511,1238,793
1431,0,608,424,785,621
1432,18,397,469,667,857
1432,1,822,511,1237,794
1432,0,609,424,785,620
1433,18,397,469,668,858
1433,0,609,424,785,619
1433,1,822,511,1236,794
1434,18,397,469,668,857
1434,1,822,511,1237,794
1434,0,609,423,785,620
1435,18,397,469,668,857
1435,1,821,511,1236,794
1435,0,609,423,785,619
1436,1,821,511,1237,794
1436,18,397,468,668,857
1436,0,610,425,784,616
1437,18,397,468,668,857
1437,1,822,511,1236,794
1437,0,610,425,784,615
1438,18,397,468,668,857
1438,1,821,511,1235,793
1438,0,609,425,784,616
1439,18,398,468,668,858
1439,0,609,425,784,617
1439,1,822,512,1235,793
1440,18,398,468,668,857
1440,1,822,513,1235,794
1440,0,607,423,784,620
1441,18,398,469,668,857
1441,1,820,514,1234,793
1441,0,609,423,784,625
1442,18,398,469,668,857
1442,0,609,423,784,626
1442,1,816,514,1234,791
1443,18,399,469,668,857
1443,0,608,422,784,625
1443,1,822,514,1234,794
1444,1,822,514,1234,794
1444,18,398,468,668,857
1444,0,608,422,783,622
1445,18,399,468,668,857
1445,0,608,422,783,621
1445,1,821,514,1235,794
1446,18,399,468,668,858
1446,1,821,514,1235,794
1446,0,609,422,784,624
1447,18,399,468,668,858
1447,1,821,514,1237,794
1447,0,609,422,784,629
1448,18,399,468,668,859
1448,1,822,514,1237,793
1448,0,608,422,784,625
1449,0,608,422,784,625
1449,18,399,468,668,860
1449,1,821,515,1236,793
1450,18,399,468,668,860
1450,1,821,515,1235,793
1450,0,608,422,784,621
1451,18,398,468,668,860
1451,1,825,515,1235,793
1451,0,607,422,784,622
1452,1,825,516,1235,793
1452,0,608,422,784,622
1452,18,398,468,668,860
1453,18,398,468,668,859
1453,1,826,515,1235,793
1453,0,607,423,784,625
1454,18,399,468,668,859
1454,1,825,515,1234,792
1454,0,607,422,784,622
1455,18,399,468,668,859
1455,0,607,422,784,624
1455,1,824,515,1234,794
1456,18,399,468,668,859
1456,0,607,422,783,623
1456,1,824,516,1233,792
1457,18,399,468,668,859
1457,1,822,515,1233,792
1457,0,607,422,783,626
1458,18,399,468,668,859
1458,1,820,516,1233,792
1458,0,607,422,783,625
1459,18,399,468,668,858
1459,1,818,516,1233,792
1459,0,608,422,783,627
1460,18,399,468,668,858
1460,1,821,516,1233,791
1460,0,608,422,784,629
1461,18,399,468,668,858
1461,0,607,422,783,629
1461,1,822,516,1234,793
1462,18,399,468,668,858
1462,1,821,517,1233,793
1462,0,607,422,783,627
1463,18,399,468,667,858
1463,1,820,517,1234,792
1463,0,607,422,784,625
1464,1,820,517,1234,792
1464,18,399,468,667,858
1464,0,607,422,784,625
1465,18,399,468,667,859
1465,1,821,517,1234,792
1465,0,607,422,784,624
1466,18,399,469,667,859
1466,1,820,517,1234,792
1466,0,607,423,784,629
1467,18,399,469,667,860
1467,1,817,517,1235,791
1467,0,608,422,783,631
1468,18,399,469,667,860
1468,1,818,517,1235,792
1468,0,607,422,783,630
1469,18,399,469,667,860
1469,1,817,517,1235,791
1469,0,608,422,783,629
1470,18,399,469,667,860
1470,1,818,517,1235,791
1470,0,608,422,783,630
1471,18,398,469,667,859
1471,1,820,517,1234,791
1471,0,609,422,783,638
1472,18,398,469,667,860
1472,1,823,517,1234,791
1472,0,610,422,781,642
1473,18,398,469,666,859
1473,1,823,517,1234,791
1473,0,610,422,780,642
1474,18,398,469,666,859
1474,1,821,517,1235,792
1474,0,610,422,781,634
1475,18,398,469,666,860
1475,1,820,517,1236,792
1475,0,610,422,781,638
1476,18,398,469,666,859
1476,1,821,517,1237,792
1476,0,610,422,781,637
1477,18,398,469,666,859
1477,1,821,517,1236,792
1477,0,609,422,782,632
1478,18,398,469,666,859
1478,0,608,422,782,631
1478,1,820,518,1233,792
1479,1,822,517,1235,792
1479,18,397,469,668,861
1479,0,609,422,783,624
1480,18,397,469,667,861
1480,1,822,517,1236,792
1480,0,609,422,782,621
1481,18,397,469,667,861
1481,1,820,517,1235,793
1481,0,610,422,783,631
1482,18,397,469,667,861
1482,1,820,517,1234,792
1482,0,610,422,784,628
1483,18,397,469,667,860
1483,1,819,517,1234,792
1483,0,609,422,784,639
1484,18,397,469,667,860
1484,1,819,517,1235,793
1484,0,610,421,784,629
1485,18,397,468,667,860
1485,1,819,517,1233,793
1485,0,608,421,790,634
1486,18,398,469,667,861
1486,1,819,517,1232,793
1486,0,611,421,806,627
1487,1,820,517,1234,793
1487,18,398,469,667,857
1487,0,615,422,812,633
1488,18,398,469,667,857
1488,1,823,518,1233,793
1488,0,615,422,798,644
1489,18,397,468,667,860
1489,1,835,518,1235,793
1489,0,616,422,800,638
1490,18,398,469,666,858
1490,1,841,519,1235,793
1490,0,617,423,786,639
1491,18,398,469,666,857
1491,1,846,520,1234,793
1491,0,614,423,781,643
1492,18,397,469,666,857
1492,1,849,520,1236,795
1492,0,610,423,777,648
1493,18,397,468,666,860
1493,0,611,424,776,648
1493,1,856,520,1231,795
1494,18,397,469,665,857
1494,1,854,520,1232,798
1494,0,609,424,776,643
1495,18,397,469,666,857
1495,1,852,520,1232,798
1495,0,609,424,780,634
1496,18,397,468,666,859
1496,1,855,520,1231,795
1496,0,608,424,777,635
1497,1,855,520,1230,795
1497,18,397,469,666,857
1497,0,608,424,776,639
1498,18,397,469,666,857
1498,1,855,520,1230,795
1498,0,608,423,779,637
1499,18,397,469,666,857
1499,1,853,520,1230,796
1499,0,607,423,778,636
1500,18,396,469,666,857
1500,1,854,520,1230,798
1500,0,607,423,776,635
1501,18,396,470,666,857
1501,0,608,423,776,636
1501,1,855,520,1231,794
1502,18,396,470,666,857
1502,1,855,520,1230,797
1502,0,608,423,776,634
1503,18,396,470,666,857
1503,1,856,520,1230,797
1503,0,608,423,777,634
1504,18,396,470,666,857
1504,1,857,520,1231,797
1504,0,608,423,777,636
1505,18,396,470,666,857
1505,1,859,520,1230,796
1505,0,608,423,777,639
1506,18,396,470,666,857
1506,1,858,520,1231,796
1506,0,608,423,777,641
1507,18,396,470,666,857
1507,1,857,520,1230,795
1507,0,608,423,777,642
1508,18,396,470,666,857
1508,0,609,423,776,642
1508,1,860,520,1231,796
1509,18,396,470,665,857
1509,1,860,520,1231,795
1509,0,609,423,776,643
1510,18,396,470,665,857
1510,1,861,520,1231,795
1510,0,609,423,776,643
1511,18,395,470,665,857
1511,0,609,423,776,643
1511,1,862,520,1232,795
1512,18,395,470,665,857
1512,0,609,423,776,643
1512,1,863,520,1232,795
1513,18,395,470,665,857
1513,0,609,423,777,644
1513,1,863,521,1231,794
1514,18,395,470,665,857
1514,0,609,423,778,644
1514,1,862,520,1230,793
1515,18,395,470,665,857
1515,1,861,520,1230,794
1515,0,610,423,777,642
1516,18,395,470,665,857
1516,1,862,520,1231,794
1516,0,610,423,777,645
1517,18,395,470,665,857
1517,1,862,520,1230,794
1517,0,609,423,776,647
1518,18,395,469,665,857
1518,1,862,520,1230,793
1518,0,610,423,777,647
1519,18,395,469,665,857
1519,1,862,520,1230,793
1519,0,610,423,780,645
1520,1,862,520,1229,793
1520,18,394,468,665,859
1520,0,610,423,782,647
1521,18,394,468,665,859
1521,1,860,520,1230,793
1521,0,610,422,780,648
1522,1,862,520,1230,793
1522,18,393,469,664,859
1522,0,607,421,777,648
1523,18,392,469,664,859
1523,1,860,521,1230,793
1523,0,606,422,777,658
1524,18,392,471,662,857
1524,1,852,520,1230,793
1524,0,604,421,865,667
1525,1,850,521,1229,793
1525,18,390,470,663,859
1525,0,603,421,778,673
1526,1,849,521,1230,793
1526,18,390,471,661,857
1526,0,603,421,781,691
1527,1,845,521,1230,793
1527,18,387,471,662,859
1527,0,603,420,784,694
1528,18,388,472,660,857
1528,1,837,521,1230,793
1528,0,599,420,779,703
1529,18,387,472,659,858
1529,0,599,420,779,704
1529,1,829,521,1231,793
1530,1,831,520,1231,792
1530,18,386,472,658,858
1530,0,598,420,780,706
1531,0,598,420,779,706
1531,18,385,472,657,858
1531,1,827,523,1231,792
1532,18,385,472,657,858
1532,0,597,420,780,707
1532,1,816,522,1233,792
1533,18,385,472,657,859
1533,1,824,523,1233,792
1533,0,596,419,779,712
1534,18,385,472,657,860
1534,0,597,419,779,717
1534,1,812,523,1233,792
1535,18,385,472,657,860
1535,0,596,419,780,717
1535,1,807,522,1233,792
1536,18,386,472,658,859
1536,0,597,419,780,716
1536,1,812,523,1230,793
1537,18,387,472,657,859
1537,0,598,419,780,715
1537,1,810,522,1232,793
1538,18,387,472,657,859
1538,1,810,522,1232,793
1538,0,599,419,780,718
1539,18,387,472,658,859
1539,0,599,419,780,718
1539,1,808,522,1231,792
1540,18,387,472,658,859
1540,1,808,522,1230,792
1540,0,598,419,780,717
1541,18,387,472,658,860
1541,0,599,419,779,717
1541,1,815,522,1231,792
1542,18,387,472,658,860
1542,1,816,522,1232,792
1542,0,600,419,779,718
1543,18,386,472,657,860
1543,1,813,521,1230,792
1543,0,602,419,780,719
1544,18,386,472,657,861
1544,1,814,522,1230,792
1544,0,602,419,780,719
1545,18,386,473,657,861
1545,1,816,522,1229,791
1545,0,604,419,782,720
1546,18,385,473,657,861
1546,1,816,522,1230,792
1546,0,604,418,779,718
1547,18,385,473,658,861
1547,0,605,418,780,718
1547,1,812,522,1232,793
1548,18,385,473,658,860
1548,0,605,418,780,719
1548,1,818,522,1232,793
1549,18,385,473,657,861
1549,0,605,418,781,718
1549,1,819,522,1232,791
1550,18,386,473,658,860
1550,1,819,522,1235,791
1550,0,605,418,778,712
1551,18,386,474,658,860
1551,1,821,522,1234,793
1551,0,606,418,777,704
1552,18,386,474,658,861
1552,1,825,522,1235,793
1552,0,606,418,777,699
1553,18,386,474,658,861
1553,0,606,418,777,700
1553,1,818,522,1233,792
1554,18,385,474,658,861
1554,0,606,418,777,699
1554,1,822,522,1233,791
1555,18,385,474,658,861
1555,1,823,522,1232,792
1555,0,607,418,777,694
1556,18,385,474,658,861
1556,0,607,418,777,695
1556,1,828,522,1233,792
1557,1,827,522,1233,792
1557,18,385,474,658,859
1557,0,607,418,777,694
1558,18,385,474,657,859
1558,0,607,418,777,694
1558,1,831,522,1233,792
1559,18,385,474,658,860
1559,1,832,522,1233,792
1559,0,607,418,777,692
1560,18,385,474,657,859
1560,0,606,418,777,690
1560,1,835,522,1232,792
1561,18,385,475,657,859
1561,1,834,520,1235,792
1561,0,603,418,777,689
1562,18,385,475,657,858
1562,0,603,418,777,690
1562,1,834,520,1234,792
1563,18,385,475,657,858
1563,0,603,418,777,689
1563,1,835,520,1234,793
1564,18,385,474,657,858
1564,1,836,520,1234,792
1564,0,602,418,777,690
1565,0,602,418,777,690
1565,18,385,474,656,858
1565,1,837,521,1235,793
1566,18,385,474,656,858
1566,0,602,418,777,689
1566,1,840,521,1232,792
1567,18,385,474,656,858
1567,0,602,418,777,690
1567,1,840,521,1233,793
1568,18,384,474,656,858
1568,1,840,521,1233,792
1568,0,601,418,777,689
1569,18,384,474,657,857
1569,1,840,521,1235,792
1569,0,600,418,776,687
1570,18,384,474,656,857
1570,0,600,418,777,685
1570,1,840,521,1232,792
1571,18,383,474,656,858
1571,1,839,521,1233,792
1571,0,599,417,777,682
1572,18,384,474,656,857
1572,1,839,521,1233,792
1572,0,597,418,777,679
1573,18,384,475,655,858
1573,1,839,522,1232,793
1573,0,596,418,777,678
1574,18,384,474,655,858
1574,1,835,521,1230,794
1574,0,591,418,777,674
1575,18,384,475,655,858
1575,1,834,521,1230,794
1575,0,592,418,776,675
1576,18,385,475,655,858
1576,0,592,418,775,670
1576,1,821,521,1233,793
1577,18,386,475,655,858
1577,1,824,521,1232,793
1577,0,593,418,775,672
1578,18,387,475,656,858
1578,1,822,521,1232,793
1578,0,596,418,776,670
1579,1,822,520,1233,792
1579,18,389,475,657,858
1579,0,595,419,776,668
1580,18,390,475,657,858
1580,0,595,419,776,669
1580,1,813,520,1232,792
1581,18,390,476,658,858
1581,1,818,520,1232,792
1581,0,597,418,777,666
1582,18,390,476,658,858
1582,1,810,520,1233,793
1582,0,592,419,777,664
1583,18,391,475,659,858
1583,0,593,418,776,664
1583,1,815,520,1232,793
1584,18,391,476,660,858
1584,0,592,418,776,665
1584,1,812,521,1231,792
1585,18,391,475,660,858
1585,0,593,418,776,664
1585,1,814,520,1232,793
1586,18,391,475,660,857
1586,0,592,418,775,664
1586,1,811,521,1231,791
1587,18,392,475,660,858
1587,0,592,418,775,664
1587,1,816,521,1232,791
1587,26,809,522,1364,1067
1588,0,592,418,775,664
1588,18,392,474,660,858
1588,1,822,521,1232,791
1589,18,392,473,660,858
1589,0,591,418,775,665
1589,1,814,521,1232,791
1590,18,392,473,660,858
1590,1,816,521,1230,791
1590,0,592,418,775,664
1591,18,392,472,660,858
1591,0,593,418,775,664
1591,1,821,521,1235,793
1592,18,392,472,660,858
1592,0,593,418,775,665
1592,1,821,521,1235,793
1593,18,392,472,660,858
1593,0,593,419,775,665
1593,1,817,521,1234,794
1594,18,392,471,660,858
1594,0,593,419,775,664
1594,1,819,520,1236,794
1595,18,392,471,660,858
1595,1,819,520,1234,793
1595,0,594,419,775,663
1596,18,392,471,660,858
1596,0,594,419,774,661
1596,1,819,521,1232,791
1597,18,392,471,661,858
1597,1,817,521,1232,791
1597,0,592,419,774,661
1598,18,393,471,661,858
1598,0,592,420,774,662
1598,1,821,520,1233,792
1599,1,820,520,1234,793
1599,18,393,470,661,858
1599,0,592,420,774,662
1600,18,394,470,662,858
1600,0,592,420,775,661
1600,1,822,521,1231,792
1601,0,592,420,774,661
1601,1,821,521,1231,793
1601,18,395,470,662,858
1602,18,395,470,663,858
1602,1,821,521,1231,792
1602,0,592,420,774,659
1603,18,395,470,663,858
1603,1,820,521,1232,792
1603,0,592,420,775,659
1604,0,592,420,775,659
1604,18,395,469,663,857
1604,1,820,521,1232,792
1605,18,395,469,663,857
1605,1,820,520,1233,794
1605,0,593,419,775,658
1606,18,396,469,664,857
1606,1,818,521,1232,794
1606,0,590,418,776,659
1607,18,396,469,664,857
1607,1,816,521,1231,793
1607,0,592,418,776,655
1608,18,396,468,664,857
1608,0,593,418,776,653
1608,1,820,521,1232,793
1609,18,396,468,664,857
1609,1,820,521,1232,793
1609,0,593,418,776,649
1610,18,396,468,664,857
1610,1,821,521,1232,793
1610,0,593,418,776,645
1611,18,396,468,664,857
1611,1,818,521,1232,793
1611,0,593,418,776,643
1612,18,395,467,664,857
1612,1,822,521,1232,793
1612,0,592,418,776,644
1613,18,395,468,664,857
1613,1,819,521,1232,792
1613,0,592,418,777,642
1614,18,395,468,664,857
1614,1,818,521,1232,792
1614,0,592,418,786,637
1615,18,396,468,664,857
1615,1,818,521,1232,792
1615,0,592,418,791,642
1616,18,396,468,664,857
1616,1,818,521,1232,792
1616,0,593,418,789,640
1617,18,395,468,664,857
1617,1,817,521,1233,793
1617,0,593,418,801,646
1618,18,396,468,663,857
1618,1,818,521,1232,792
1618,0,593,418,805,647
1619,18,396,468,664,857
1619,1,820,521,1230,792
1619,0,592,418,801,639
1620,18,395,468,664,857
1620,1,818,521,1231,792
1620,0,592,418,804,643
1621,18,395,468,664,857
1621,1,825,522,1232,792
1621,0,593,418,801,632
1622,18,395,468,664,857
1622,1,824,522,1232,791
1622,0,592,418,799,637
1623,18,395,468,664,857
1623,1,824,522,1231,793
1623,0,593,418,799,632
1624,18,395,468,664,857
1624,1,823,522,1230,793
1624,0,592,418,795,639
1625,18,396,468,664,857
1625,1,824,522,1231,793
1625,0,594,417,800,644
1626,18,396,467,664,857
1626,1,825,522,1231,793
1626,0,594,418,804,644
1627,18,396,467,664,857
1627,1,824,522,1231,792
1627,0,595,418,799,645
1628,18,397,467,665,857
1628,1,825,522,1231,795
1628,0,595,418,794,647
1629,18,397,467,665,857
1629,1,824,522,1231,793
1629,0,595,418,781,648
1630,18,397,467,665,857
1630,1,822,522,1232,795
1630,0,595,419,781,652
1631,18,397,467,665,857
1631,1,823,522,1232,795
1631,0,595,419,781,659
1632,18,397,467,665,858
1632,1,825,522,1233,794
1632,0,595,418,784,704
1633,18,397,467,665,858
1633,1,826,522,1234,794
1633,0,592,418,780,711
1634,18,397,468,665,859
1634,1,826,521,1234,794
1634,0,594,419,780,715
1635,18,397,467,664,860
1635,1,827,521,1235,794
1635,0,594,420,780,716
1636,18,397,467,664,860
1636,1,826,521,1235,794
1636,0,595,422,780,717
1637,18,397,467,663,861
1637,1,825,521,1234,793
1637,0,594,421,779,718
1638,1,825,521,1234,794
1638,0,594,421,779,719
1638,18,397,467,663,862
1639,0,594,421,779,719
1639,18,397,467,663,862
1639,1,823,521,1234,794
1640,18,396,467,662,863
1640,0,594,421,779,718
1640,1,827,521,1233,794
1641,0,594,422,779,717
1641,18,396,466,663,862
1641,1,829,522,1233,794
1642,18,396,466,663,862
1642,0,594,422,779,717
1642,1,830,522,1233,794
1643,18,396,466,663,861
1643,0,594,422,778,717
1643,1,830,522,1232,792
1644,18,396,466,663,861
1644,0,594,422,778,716
1644,1,834,522,1232,793
1645,0,594,422,778,716
1645,18,396,466,662,862
1645,1,835,522,1230,793
1646,0,594,422,778,716
1646,1,836,522,1230,793
1646,18,396,465,662,862
1647,0,595,422,778,716
1647,18,396,465,661,863
1647,1,835,522,1229,795
1648,18,396,465,661,863
1648,0,594,422,778,717
1648,1,832,523,1228,794
1649,18,396,464,661,862
1649,1,834,523,1229,794
1649,0,594,423,778,715
1650,18,396,464,660,863
1650,0,593,423,778,714
1650,1,837,523,1229,794
1651,18,396,465,661,862
1651,1,835,522,1227,795
1651,0,592,423,778,708
1652,18,396,465,661,861
1652,0,592,423,778,705
1652,1,841,522,1226,794
1653,18,395,465,661,860
1653,0,592,423,778,707
1653,1,846,522,1226,793
1654,18,395,465,661,860
1654,0,593,423,778,705
1654,1,844,522,1225,794
1655,18,395,465,662,860
1655,0,593,422,778,703
1655,1,852,521,1226,794
1655,27,847,523,1365,1068
1656,18,396,465,662,860
1656,1,852,521,1226,793
1656,0,593,422,777,703
1657,18,395,464,662,860
1657,0,593,423,777,703
1657,1,858,522,1228,793
1658,1,858,522,1227,793
1658,18,395,464,661,859
1658,0,592,422,778,704
1659,18,395,464,661,860
1659,0,592,422,778,703
1659,1,858,521,1230,791
1660,18,395,464,661,860
1660,1,859,521,1230,790
1660,0,594,422,779,700
1661,0,594,421,779,700
1661,1,857,521,1230,790
1661,18,395,463,662,859
1662,18,395,462,662,859
1662,1,857,521,1230,790
1662,0,594,421,779,700
1663,0,593,421,778,700
1663,18,395,461,662,859
1663,1,856,521,1231,791
1664,18,395,460,662,859
1664,1,855,521,1232,791
1664,0,593,421,778,699
1665,18,395,460,662,859
1665,1,855,521,1233,792
1665,0,594,420,778,698
1666,18,395,460,662,859
1666,0,594,420,778,698
1666,1,855,521,1230,794
1667,18,395,460,662,858
1667,0,593,419,778,698
1667,1,856,521,1234,792
1668,18,395,460,662,858
1668,0,593,419,777,698
1668,1,856,521,1233,794
1669,18,395,459,661,859
1669,0,592,420,777,698
1669,1,863,521,1233,791
1670,18,395,459,661,858
1670,0,591,420,777,698
1670,1,867,521,1235,790
1671,18,395,459,662,858
1671,0,591,420,777,699
1671,1,869,521,1236,789
1672,18,395,459,662,858
1672,0,592,420,777,699
1672,1,883,521,1236,789
1673,0,592,420,777,699
1673,18,395,458,663,858
1673,1,889,521,1234,788
1674,18,395,458,664,859
1674,0,592,420,777,699
1674,1,903,521,1231,790
1675,18,395,458,664,858
1675,0,592,420,778,699
1675,1,916,521,1231,792
1676,0,592,420,778,699
1676,18,395,458,664,859
1676,1,933,521,1230,799
1677,18,395,458,664,859
1677,0,592,420,777,699
1677,1,941,521,1231,807
1678,18,395,458,664,859
1678,0,592,420,777,700
1678,1,942,521,1229,813
1678,28,594,419,777,817
1679,18,395,458,663,859
1679,0,592,420,777,699
1679,1,941,520,1231,823
1680,18,395,458,663,859
1680,0,592,420,777,699
1680,1,941,520,1233,824
1681,18,395,457,664,859
1681,0,592,420,777,702
1681,1,940,520,1233,826
1682,0,592,420,777,702
1682,18,395,457,664,860
1682,1,941,521,1229,799
1683,18,395,456,664,860
1683,0,592,420,777,702
1683,1,941,520,1229,785
1684,18,395,456,664,860
1684,0,592,419,777,703
1684,1,942,520,1229,786
1685,18,395,455,664,860
1685,0,593,420,777,703
1685,1,943,520,1229,789
1686,18,395,455,663,860
1686,1,943,520,1228,788
1686,0,593,419,778,703
1687,1,943,520,1229,788
1687,18,396,456,663,859
1687,0,593,419,777,704
1688,1,943,520,1229,788
1688,18,396,456,663,859
1688,0,593,419,777,704
1689,18,396,455,662,859
1689,1,944,520,1230,788
1689,0,592,420,778,704
1690,18,396,455,662,859
1690,1,944,520,1229,788
1690,0,593,420,778,706
1691,18,396,455,662,859
1691,0,593,420,778,705
1691,1,945,520,1230,787
1692,18,396,454,663,859
1692,1,946,520,1230,788
1692,0,593,419,778,704
1693,18,396,454,663,858
1693,1,946,520,1230,789
1693,0,594,419,778,706
1693,28,595,419,780,824
1694,18,396,454,664,858
1694,28,595,419,780,824
1694,0,594,419,778,705
1694,1,948,520,1230,792
1695,18,396,454,665,858
1695,28,596,419,780,824
1695,0,595,419,778,706
1695,1,949,520,1230,790
1696,18,396,454,665,858
1696,28,596,419,780,823
1696,0,595,420,778,706
1696,1,949,520,1229,790
1697,18,396,454,665,858
1697,1,949,520,1230,790
1697,28,596,420,781,825
1697,0,594,419,779,708
1698,18,395,454,665,858
1698,28,596,420,781,825
1698,0,594,419,779,707
1698,1,949,520,1232,790
1699,18,395,455,665,858
1699,28,596,420,781,824
1699,0,595,419,779,706
1699,1,949,520,1232,789
1700,18,395,455,664,858
1700,0,594,419,779,706
1700,1,948,520,1233,788
1700,28,596,420,778,824
1701,18,395,455,664,858
1701,0,594,418,779,707
1701,1,948,520,1234,787
1702,18,395,455,663,858
1702,0,594,419,780,709
1702,1,947,520,1233,849
1703,18,396,455,664,858
1703,1,948,520,1232,846
1703,0,596,418,780,710
1704,18,396,455,665,858
1704,0,596,417,780,704
1704,1,947,520,1231,834
1705,18,396,455,665,858
1705,0,596,416,779,707
1705,1,940,522,1233,823
1706,18,396,455,666,858
1706,0,596,416,780,712
1706,1,916,520,1233,808
1707,18,396,455,665,859
1707,28,596,416,777,825
1707,0,595,415,780,706
1707,1,898,521,1233,800
1708,18,396,455,665,859
1708,0,594,414,781,699
1708,1,880,520,1231,796
1709,18,395,455,666,858
1709,0,594,414,782,697
1709,1,868,520,1231,796
1710,18,395,454,668,860
1710,0,597,414,782,700
1710,1,860,520,1231,795
1711,18,395,455,668,860
1711,1,858,519,1232,794
1711,0,599,414,782,701
1712,1,858,519,1232,794
1712,0,598,413,783,701
1712,18,395,457,667,858
1713,18,394,458,666,858
1713,1,861,519,1231,793
1713,0,598,413,782,696
1714,18,395,459,666,858
1714,1,859,519,1232,792
1714,0,597,412,782,693
1715,18,394,459,667,858
1715,0,597,413,784,694
1715,1,856,518,1233,793
1716,18,394,459,668,858
1716,0,597,412,784,692
1716,1,861,519,1234,792
1717,18,394,459,667,858
1717,1,854,518,1234,792
1717,0,598,411,785,686
1718,18,394,459,666,858
1718,0,598,410,785,686
1718,1,852,517,1234,790
1719,0,599,408,785,685
1719,1,849,517,1235,789
1719,18,394,459,668,860
1720,18,394,459,669,861
1720,0,599,408,786,685
1720,1,846,516,1235,789
1721,1,846,515,1233,791
1721,0,598,406,786,686
1721,18,394,460,667,858
1721,28,598,406,784,819
1722,18,394,460,666,858
1722,1,848,515,1233,791
1722,0,596,405,785,687
1722,28,595,405,783,823
1723,18,394,461,667,858
1723,0,595,404,786,684
1723,1,846,513,1235,789
1724,18,393,460,667,858
1724,1,846,511,1236,787
1724,0,596,403,786,681
1725,18,393,460,666,858
1725,1,846,509,1238,787
1725,0,598,402,785,682
1725,28,598,402,785,820
1726,18,393,459,667,860
1726,1,847,507,1240,785
1726,28,595,401,785,818
1726,0,595,401,784,676
1727,18,392,460,668,860
1727,1,846,506,1241,784
1727,0,590,399,783,666
1728,18,392,460,667,860
1728,1,846,505,1243,785
1728,0,591,399,783,661
1728,28,591,401,783,825
1729,18,392,460,666,860
1729,1,851,501,1246,786
1729,28,586,400,782,825
1729,0,584,399,781,659
1730,28,586,397,780,825
1730,18,392,462,664,858
1730,0,584,397,779,655
1730,1,860,499,1250,784
1731,18,392,463,665,858
1731,0,582,396,778,655
1731,28,584,398,777,825
1731,1,860,495,1245,781
1731,29,867,495,1254,1068
1732,18,392,463,666,858
1732,0,583,394,777,655
1732,28,583,394,776,822
1732,29,876,495,1259,1068
1732,1,877,493,1248,777
1733,18,392,464,667,858
1733,0,582,391,778,651
1733,28,587,397,776,825
1733,29,887,491,1257,1068
1733,1,890,490,1249,781
1734,18,392,464,668,858
1734,1,899,487,1249,778
1734,0,581,388,773,644
1734,29,893,487,1361,1068
1734,28,581,389,850,821
1735,18,391,464,669,858
1735,1,907,485,1250,778
1735,29,905,484,1365,1067
1735,0,579,383,775,636
1736,18,392,464,669,858
1736,29,915,481,1363,1067
1736,1,919,482,1249,779
1736,0,574,379,776,631
1737,18,392,464,669,857
1737,0,571,374,775,631
1737,1,926,481,1254,777
1738,18,392,464,670,857
1738,0,567,370,774,628
1738,1,942,479,1254,772
1739,18,392,463,670,857
1739,1,957,480,1256,769
1739,0,560,367,779,632
1740,18,392,463,671,859
1740,1,973,480,1261,767
1740,0,563,363,772,627
1741,18,392,464,669,858
1741,0,562,356,772,619
1741,1,985,478,1268,767
1741,28,564,358,775,828
1742,18,392,464,667,858
1742,28,563,352,774,830
1742,0,560,351,770,621
1742,1,998,478,1281,764
1743,18,392,463,669,861
1743,0,559,347,768,629
1743,1,1017,479,1287,764
1744,18,392,464,667,858
1744,28,562,343,772,829
1744,1,1026,480,1295,765
1744,0,559,343,770,650
1745,18,392,464,669,859
1745,0,558,340,766,652
1745,1,1042,480,1303,765
1746,18,391,464,668,860
1746,0,559,336,765,654
1746,28,562,336,767,829
1746,1,1056,482,1310,767
1747,18,392,464,668,859
1747,28,563,332,765,830
1747,0,560,332,763,653
1747,1,1069,483,1320,769
1748,18,392,464,666,857
1748,28,562,330,763,828
1748,0,559,329,762,658
1748,1,1075,482,1329,772
1749,18,391,463,668,859
1749,0,561,329,760,657
1749,28,563,329,761,826
1749,1,1088,481,1334,775
1750,18,391,463,668,860
1750,28,563,328,757,828
1750,0,560,328,757,641
1750,1,1098,481,1341,780
1750,29,1092,479,1343,1058
1751,18,392,463,668,858
1751,28,562,327,754,828
1751,0,559,325,755,639
1751,29,1097,481,1348,1060
1751,1,1101,482,1346,781
1752,18,392,462,668,858
1752,28,562,327,755,825
1752,0,558,325,753,640
1752,29,1102,480,1351,1066
1752,1,1105,482,1351,790
1753,18,391,462,668,859
1753,0,557,325,754,636
1753,29,1098,482,1353,1071
1753,1,1100,483,1353,800
1754,18,392,461,668,859
1754,29,1101,484,1353,1071
1754,0,558,326,750,633
1754,1,1102,485,1354,815
1755,18,392,461,666,857
1755,29,1105,485,1351,1071
1755,1,1107,486,1355,816
1755,0,554,327,747,630
1756,18,392,460,666,857
1756,0,551,327,747,629
1756,29,1114,487,1352,1072
1756,1,1115,487,1355,814
1757,18,392,461,666,857
1757,29,1117,487,1351,1072
1757,1,1117,488,1354,816
1757,0,550,326,744,627
1758,18,392,460,666,857
1758,29,1120,488,1352,1073
1758,1,1119,489,1354,818
1758,0,547,328,745,627
1759,18,392,460,666,857
1759,29,1120,489,1352,1073
1759,1,1119,490,1352,820
1759,0,546,331,745,626
1760,18,392,461,666,857
1760,29,1119,490,1352,1073
1760,1,1117,491,1351,824
1760,0,542,333,741,629
1761,18,393,461,666,857
1761,0,540,336,741,629
1761,29,1115,492,1350,1074
1761,1,1114,492,1349,829
1762,18,393,461,666,857
1762,0,538,339,743,630
1762,1,1107,493,1350,829
1762,29,1107,493,1351,1074
1763,18,393,460,666,857
1763,29,1102,493,1350,1074
1763,1,1102,493,1349,828
1763,0,535,341,746,629
1764,29,1101,493,1348,1074
1764,18,393,458,667,858
1764,1,1101,493,1347,827
1764,0,535,344,748,628
1765,18,393,460,665,857
1765,0,535,347,750,629
1765,29,1096,495,1345,1074
1765,1,1097,494,1344,833
1766,18,393,460,665,857
1766,29,1092,494,1344,1074
1766,1,1093,494,1343,829
1766,0,538,348,753,627
1767,18,394,460,665,857
1767,29,1091,495,1341,1074
1767,1,1092,494,1338,830
1767,0,535,351,754,625
1768,18,394,460,665,857
1768,0,535,352,754,626
1768,1,1087,495,1336,830
1768,29,1086,495,1337,1074
1769,18,394,458,665,857
1769,29,1081,496,1334,1074
1769,0,534,355,758,625
1769,1,1082,496,1335,835
1770,18,394,459,664,857
1770,29,1079,498,1332,1074
1770,0,534,358,758,626
1770,1,1079,498,1333,840
1771,18,394,460,665,857
1771,29,1077,501,1331,1074
1771,1,1078,501,1333,847
1771,0,537,363,757,626
1771,30,537,361,760,825
1772,18,394,459,665,857
1772,29,1076,502,1332,1074
1772,1,1075,502,1332,844
1772,0,540,365,761,627
1773,18,394,458,664,857
1773,0,541,366,760,627
1773,29,1073,504,1331,1074
1773,1,1073,504,1331,846
1774,18,394,459,664,857
1774,29,1073,506,1330,1073
1774,1,1073,506,1330,848
1774,0,540,369,761,626
1775,18,394,459,664,857
1775,29,1073,509,1330,1073
1775,1,1073,509,1330,843
1775,0,546,371,762,625
1776,18,394,459,664,857
1776,29,1073,510,1329,1073
1776,1,1073,510,1329,841
1776,0,551,372,764,626
1777,18,394,459,664,857
1777,29,1072,512,1328,1073
1777,1,1072,512,1329,838
1777,0,552,374,766,626
1778,29,1072,513,1328,1073
1778,18,394,459,664,857
1778,1,1072,513,1330,836
1778,0,554,376,767,625
1779,18,394,459,664,858
1779,29,1071,514,1327,1072
1779,1,1071,515,1328,836
1779,0,551,378,767,629
1780,18,394,459,664,857
1780,29,1071,515,1325,1072
1780,0,549,379,767,629
1780,1,1070,516,1325,831
1781,18,394,459,664,858
1781,29,1070,515,1323,1072
1781,0,547,379,768,628
1781,1,1070,516,1322,832
1782,18,393,459,663,858
1782,29,1070,517,1322,1072
1782,1,1070,517,1320,831
1782,0,550,381,769,628
1783,29,1070,517,1322,1073
1783,18,393,458,664,858
1783,1,1069,517,1320,830
1783,0,552,383,769,629
1784,18,393,458,664,857
1784,29,1070,517,1322,1072
1784,1,1070,518,1320,831
1784,0,557,384,768,628
1785,18,393,458,664,857
1785,29,1069,518,1323,1072
1785,1,1069,518,1321,833
1785,0,555,385,768,629
1786,18,393,458,665,857
1786,29,1070,518,1324,1072
1786,0,555,386,768,629
1786,1,1069,518,1323,829
1787,18,393,457,665,858
1787,29,1070,518,1325,1071
1787,0,555,386,768,629
1787,1,1069,518,1324,827
1788,29,1070,518,1325,1072
1788,18,393,456,665,858
1788,0,557,387,768,629
1788,1,1069,519,1325,830
1789,18,393,456,665,857
1789,29,1070,519,1327,1072
1789,1,1069,519,1328,828
1789,0,556,386,766,630
1789,31,558,384,769,822
1790,18,393,456,664,858
1790,0,556,385,766,629
1790,31,558,385,769,822
1790,29,1070,519,1329,1073
1790,1,1070,519,1329,832
1791,18,393,456,665,858
1791,29,1070,519,1329,1073
1791,1,1070,519,1329,831
1791,31,556,385,768,822
1792,18,393,456,665,857
1792,31,557,385,768,822
1792,29,1070,520,1330,1073
1792,1,1070,520,1331,834
1793,31,557,385,769,822
1793,18,393,455,665,858
1793,29,1071,520,1330,1072
1793,0,555,385,766,630
1793,1,1071,520,1331,830
1794,29,1071,521,1330,1072
1794,18,393,454,665,859
1794,31,558,385,769,822
1794,1,1071,521,1331,832
1795,29,1071,521,1330,1071
1795,1,1071,520,1331,834
1795,0,555,385,767,631
1795,18,393,454,666,861
1795,31,557,385,769,818
1796,29,1071,521,1330,1072
1796,1,1071,520,1331,833
1796,18,393,454,667,859
1796,0,558,387,768,632
1797,29,1071,521,1330,1072
1797,1,1071,521,1331,832
1797,18,393,453,667,860
1797,0,559,387,767,630
1798,1,1071,521,1331,832
1798,29,1071,521,1330,1072
1798,18,393,452,667,860
1798,0,558,387,768,629
1799,18,393,452,667,860
1799,29,1072,522,1329,1072
1799,1,1071,521,1330,836
1799,0,556,386,768,628
1800,29,1072,522,1329,1072
1800,18,393,452,666,860
1800,0,556,386,767,628
1800,1,1072,521,1330,835
1800,31,558,387,769,821
1801,29,1072,522,1329,1073
1801,18,393,452,666,865
1801,0,558,387,767,626
1801,31,561,387,770,824
1801,1,1072,522,1329,844
1802,29,1071,522,1328,1073
1802,0,558,387,767,627
1802,31,560,387,770,824
1802,18,392,452,666,864
1802,1,1071,522,1329,842
1803,29,1071,522,1329,1073
1803,31,560,387,770,824
1803,1,1071,521,1329,844
1803,18,393,452,666,867
1803,0,557,387,766,627
1804,29,1071,522,1329,1073
1804,0,557,387,766,627
1804,1,1071,522,1329,842
1804,18,393,452,667,876
1805,29,1071,522,1329,1073
1805,1,1071,522,1329,840
1805,0,556,386,767,627
1805,18,393,453,667,864
1805,31,558,387,768,735
1806,29,1071,523,1329,1073
1806,1,1071,522,1329,842
1806,18,393,453,668,863
1806,0,557,388,769,629
1807,29,1071,523,1329,1073
1807,18,393,453,669,861
1807,1,1071,522,1329,839
1807,0,559,387,768,627
1808,1,1071,522,1329,839
1808,29,1071,522,1329,1073
1808,18,393,454,669,862
1808,0,560,387,768,627
1809,29,1071,522,1329,1073
1809,18,393,453,669,861
1809,1,1071,521,1330,840
1809,0,559,387,768,627
1810,29,1071,522,1329,1073
1810,1,1071,521,1329,839
1810,0,558,387,767,626
1810,18,393,453,669,867
1811,29,1071,523,1329,1073
1811,1,1071,522,1329,838
1811,18,393,453,668,866
1811,0,556,386,767,627
1811,31,558,387,767,748
1812,29,1071,523,1329,1073
1812,18,394,452,667,861
1812,1,1071,522,1329,830
1812,0,559,388,767,626
1813,29,1071,523,1329,1073
1813,1,1071,522,1330,830
1813,18,394,451,667,860
1813,0,558,388,768,628
1814,29,1071,523,1329,1073
1814,18,394,451,666,859
1814,0,558,387,769,627
1814,1,1071,522,1329,833
1815,29,1071,524,1329,1073
1815,0,559,387,769,627
1815,18,395,451,667,859
1815,1,1071,522,1330,831
1816,29,1070,524,1329,1073
1816,18,395,450,667,859
1816,0,559,387,768,628
1816,1,1070,523,1330,833
1817,29,1070,524,1329,1073
1817,18,395,450,667,859
1817,1,1070,523,1330,836
1817,0,560,386,767,626
1818,18,395,450,667,859
1818,0,559,386,767,626
1818,29,1070,525,1329,1073
1818,1,1070,523,1330,840
1819,1,1070,523,1330,841
1819,29,1070,525,1329,1073
1819,0,559,387,767,626
1819,18,395,451,667,860
1820,29,1070,525,1329,1074
1820,18,394,452,667,859
1820,0,560,387,767,627
1820,1,1070,523,1330,846
1821,29,1070,524,1329,1073
1821,18,394,452,667,859
1821,1,1070,523,1330,841
1821,0,559,387,767,629
1822,18,394,453,667,859
1822,29,1070,524,1329,1073
1822,1,1070,523,1330,841
1822,0,558,387,767,628
1823,18,394,452,667,859
1823,29,1071,524,1329,1073
1823,0,558,387,767,628
1823,1,1070,523,1330,834
1824,29,1071,524,1329,1073
1824,18,394,453,667,859
1824,1,1071,523,1330,833
1824,0,557,387,768,627
1825,29,1071,524,1329,1073
1825,18,395,453,667,859
1825,0,557,387,767,628
1825,1,1070,523,1330,837
1826,29,1070,524,1329,1073
1826,0,557,387,768,628
1826,18,394,454,667,859
1826,1,1070,523,1330,840
1827,29,1070,525,1329,1073
1827,18,394,455,668,860
1827,0,559,386,767,627
1827,1,1071,523,1330,845
1828,29,1070,525,1329,1073
1828,18,394,455,668,860
1828,1,1070,523,1330,844
1828,0,558,387,767,628
1829,29,1070,525,1329,1072
1829,18,395,454,668,860
1829,0,555,388,767,628
1829,1,1070,523,1330,838
1830,29,1071,525,1329,1072
1830,18,394,455,668,861
1830,0,555,388,767,628
1830,1,1071,523,1329,839
1831,29,1071,525,1329,1073
1831,18,394,457,668,862
1831,1,1071,523,1329,842
1831,0,553,389,767,628
1832,29,1071,524,1329,1072
1832,1,1071,523,1329,842
1832,18,394,457,667,866
1832,0,551,390,768,628
1833,29,1071,524,1329,1073
1833,18,394,457,667,864
1833,1,1071,523,1330,844
1833,0,549,390,768,627
1834,29,1071,524,1330,1073
1834,0,549,391,768,627
1834,18,394,457,667,863
1834,1,1071,523,1330,843
1835,29,1071,524,1330,1073
1835,18,394,458,667,863
1835,1,1071,522,1330,845
1835,0,549,391,768,628
1836,29,1071,523,1330,1074
1836,0,549,391,768,629
1836,1,1071,522,1331,846
1836,18,393,458,667,869
1837,29,1071,523,1330,1073
1837,1,1071,522,1331,845
1837,0,549,391,768,629
1837,18,394,458,666,860
1838,0,549,391,768,629
1838,29,1071,523,1330,1074
1838,18,394,458,668,859
1838,1,1071,522,1331,840
1839,29,1070,523,1330,1074
1839,0,550,390,768,628
1839,18,393,459,672,859
1839,1,1071,522,1331,846
1840,1,1071,522,1331,846
1840,29,1071,523,1330,1075
1840,0,550,391,768,629
1840,18,394,458,673,860
1841,29,1072,523,1330,1074
1841,18,394,459,674,860
1841,0,549,391,767,628
1841,1,1072,522,1331,843
1842,29,1072,523,1330,1074
1842,0,550,391,767,628
1842,18,394,459,676,861
1842,1,1072,522,1331,840
1843,29,1072,523,1330,1074
1843,18,394,459,676,861
1843,1,1072,522,1331,838
1843,0,553,391,768,628
1844,29,1072,523,1330,1075
1844,18,394,458,674,860
1844,0,553,391,767,629
1844,1,1072,522,1331,846
1845,29,1071,523,1330,1075
1845,1,1071,522,1331,844
1845,18,394,459,672,859
1845,0,551,390,767,630
1845,32,553,391,769,820
1846,29,1071,523,1330,1074
1846,0,550,390,766,630
1846,1,1071,522,1330,841
1846,18,394,459,668,859
1846,32,551,391,768,823
1847,29,1071,522,1330,1074
1847,1,1071,521,1331,838
1847,32,551,391,768,826
1847,0,550,390,766,628
1847,18,394,459,665,858
1848,29,1071,522,1330,1074
1848,32,551,391,768,826
1848,1,1071,521,1331,838
1848,0,549,390,766,627
1848,18,394,460,661,858
1849,1,1071,522,1331,838
1849,29,1071,523,1329,1075
1849,18,394,461,658,858
1849,0,548,391,767,625
1850,18,394,461,658,858
1850,29,1072,523,1329,1075
1850,1,1072,522,1331,839
1850,0,548,392,768,626
1851,1,1072,522,1331,839
1851,18,394,461,658,858
1851,29,1072,523,1330,1075
1851,0,547,392,768,625
1852,29,1072,523,1330,1075
1852,1,1071,522,1331,838
1852,0,547,392,768,626
1852,18,394,463,657,858
1853,29,1072,523,1330,1075
1853,1,1071,522,1331,838
1853,18,393,462,657,858
1853,0,547,392,768,626
1854,29,1072,523,1330,1075
1854,0,547,392,768,627
1854,1,1072,522,1331,840
1854,18,393,462,659,858
1855,29,1072,523,1330,1074
1855,1,1072,522,1331,840
1855,0,547,392,769,626
1855,18,393,463,662,858
1856,29,1072,523,1330,1074
1856,0,547,392,769,626
1856,18,393,463,663,857
1856,1,1072,522,1331,837
1857,29,1072,523,1330,1074
1857,0,547,391,769,625
1857,1,1072,522,1331,839
1857,18,393,463,665,857
1858,29,1072,523,1330,1074
1858,1,1072,522,1331,840
1858,0,547,391,768,625
1858,18,393,463,668,857
1859,29,1072,523,1331,1074
1859,1,1072,522,1331,842
1859,0,546,390,769,625
1859,18,394,464,669,856
1860,1,1072,522,1331,842
1860,29,1072,523,1331,1074
1860,0,546,390,768,626
1860,18,394,464,671,857
1861,29,1073,524,1331,1073
1861,0,546,389,768,625
1861,18,394,464,672,857
1861,1,1073,522,1332,837
1862,18,394,465,672,857
1862,29,1073,524,1331,1074
1862,1,1073,522,1333,838
1862,0,546,389,769,625
1863,29,1073,524,1331,1073
1863,18,395,465,672,858
1863,0,546,389,770,625
1863,1,1073,522,1333,837
1864,18,395,465,672,857
1864,29,1073,524,1331,1073
1864,0,546,389,770,626
1864,1,1073,522,1332,836
1865,29,1073,523,1331,1073
1865,0,547,389,770,625
1865,18,395,465,671,858
1865,1,1073,522,1332,830
1866,0,547,390,770,626
1866,29,1073,523,1332,1073
1866,18,395,465,670,858
1866,1,1073,522,1333,834
1867,29,1074,523,1332,1074
1867,0,546,390,770,626
1867,18,395,465,668,858
1867,1,1073,522,1333,838
1868,29,1074,523,1332,1074
1868,18,395,465,668,858
1868,1,1073,522,1333,840
1868,0,547,389,770,626
1869,29,1074,523,1332,1074
1869,18,395,465,666,858
1869,0,546,389,770,626
1869,1,1073,522,1333,843
1870,29,1073,523,1332,1074
1870,18,395,465,665,858
1870,1,1073,522,1333,841
1870,0,546,389,770,627
1871,29,1073,523,1332,1073
1871,18,394,465,664,858
1871,1,1073,522,1333,839
1871,0,545,388,770,627
1871,33,549,388,771,821
1872,29,1074,523,1332,1073
1872,1,1073,522,1332,839
1872,18,395,465,664,858
1872,0,546,388,770,627
1873,29,1074,523,1331,1074
1873,18,395,465,664,860
1873,0,545,388,770,630
1873,1,1073,522,1332,847
1874,29,1073,523,1332,1073
1874,18,395,466,664,861
1874,0,546,388,770,630
1874,1,1073,522,1332,836
1875,29,1073,523,1332,1073
1875,1,1073,522,1333,836
1875,0,545,388,771,630
1875,18,395,466,664,859
1876,29,1073,523,1332,1073
1876,18,395,466,664,859
1876,1,1073,522,1333,837
1876,0,545,388,771,630
1877,18,395,466,664,859
1877,29,1073,523,1332,1072
1877,0,545,388,771,630
1877,1,1073,522,1333,834
1878,29,1074,523,1332,1072
1878,18,395,466,664,858
1878,1,1073,521,1333,836
1878,33,547,388,772,820
1878,0,545,388,769,632
1879,29,1074,523,1332,1073
1879,18,395,467,665,858
1879,33,546,388,772,822
1879,0,545,388,769,635
1879,1,1073,521,1333,840
1880,18,395,467,665,858
1880,29,1074,523,1332,1074
1880,33,546,388,771,823
1880,1,1073,521,1333,847
1880,0,545,388,769,643
1881,33,546,389,771,823
1881,18,395,467,665,859
1881,29,1073,523,1333,1074
1881,0,545,388,769,645
1881,1,1073,521,1333,835
1882,18,395,467,666,859
1882,29,1073,523,1332,1073
1882,0,545,388,769,647
1882,33,546,388,771,819
1882,1,1073,521,1333,829
1883,18,395,467,666,859
1883,29,1073,522,1332,1074
1883,1,1073,521,1334,831
1883,0,545,388,770,655
1883,33,546,388,772,801
1884,29,1073,522,1332,1074
1884,18,396,467,666,858
1884,1,1073,521,1334,827
1884,0,545,388,770,664
1885,29,1074,522,1332,1073
1885,18,396,467,667,859
1885,1,1073,521,1334,823
1885,0,545,388,770,652
1885,33,547,388,772,776
1886,29,1074,522,1332,1073
1886,18,395,467,667,860
1886,1,1074,521,1334,824
1886,0,545,388,770,644
1887,29,1074,522,1332,1073
1887,18,396,467,667,859
1887,1,1074,521,1334,831
1887,0,546,388,770,652
1887,33,547,388,772,805
1888,29,1074,522,1332,1073
1888,18,396,467,666,859
1888,1,1074,521,1334,832
1888,0,545,388,770,650
1888,33,547,388,772,794
1889,29,1074,522,1332,1074
1889,0,545,388,770,649
1889,1,1074,521,1334,831
1889,18,396,467,665,857
1889,33,546,388,772,818
1890,29,1075,522,1332,1074
1890,18,396,467,665,859
1890,1,1074,521,1334,833
1890,33,546,388,772,821
1890,0,545,388,770,645
1891,29,1075,522,1332,1074
1891,18,396,468,664,858
1891,33,546,389,771,823
1891,1,1074,521,1333,836
1892,29,1075,522,1332,1073
1892,18,396,467,664,857
1892,33,547,388,771,824
1892,1,1074,521,1333,827
1893,18,396,467,664,857
1893,29,1075,522,1333,1073
1893,33,546,387,771,824
1893,1,1074,521,1334,829
1894,18,396,467,664,857
1894,29,1075,522,1332,1073
1894,33,547,386,771,824
1894,1,1074,521,1334,825
1894,0,545,386,768,635
1895,29,1075,522,1332,1073
1895,18,396,467,664,858
1895,33,547,386,771,824
1895,1,1074,521,1334,824
1895,0,546,386,768,637
1896,18,396,467,664,858
1896,29,1074,522,1333,1074
1896,33,547,386,771,823
1896,0,545,386,769,639
1896,1,1074,521,1334,828
1897,29,1075,522,1332,1074
1897,1,1074,521,1334,828
1897,18,397,467,664,859
1897,33,547,387,772,820
1897,0,546,386,769,642
1898,29,1075,522,1332,1074
1898,18,397,467,665,858
1898,33,548,386,772,822
1898,1,1075,521,1334,830
1898,0,547,386,769,644
1899,29,1075,522,1332,1074
1899,1,1075,521,1334,830
1899,18,397,467,665,859
1899,33,547,387,771,822
1899,0,546,387,769,654
1900,29,1075,522,1332,1074
1900,18,397,466,664,859
1900,33,548,388,772,822
1900,1,1075,521,1334,834
1900,0,546,387,769,649
1901,29,1075,522,1332,1074
1901,18,397,466,664,860
1901,1,1075,521,1334,833
1901,33,548,387,772,818
1901,0,547,387,770,658
1902,18,397,466,664,859
1902,29,1075,522,1333,1074
1902,1,1075,521,1334,831
1902,33,548,387,771,823
1902,0,547,387,769,651
1903,33,549,387,771,823
1903,29,1075,521,1332,1074
1903,18,397,466,664,860
1903,0,547,387,769,650
1903,1,1075,521,1334,831
1904,29,1075,521,1332,1074
1904,18,397,466,664,860
1904,33,549,386,771,823
1904,1,1075,521,1334,829
1904,0,547,387,769,654
1905,29,1076,521,1333,1074
1905,0,547,387,770,654
1905,18,397,466,664,858
1905,1,1075,521,1334,826
1905,33,549,386,772,816
1906,29,1076,522,1333,1073
1906,1,1075,521,1334,825
1906,18,398,465,665,858
1906,0,547,386,769,658
1907,1,1075,520,1334,825
1907,18,398,465,664,857
1907,29,1076,523,1333,1072
1907,0,547,386,770,665
1908,18,397,465,665,857
1908,0,547,386,771,665
1908,29,1075,521,1333,1074
1908,1,1075,520,1335,829
1909,29,1075,521,1333,1074
1909,18,398,465,665,857
1909,0,547,386,770,664
1909,1,1075,520,1334,830
1910,1,1075,519,1335,830
1910,18,398,465,665,857
1910,29,1075,520,1334,1074
1910,0,547,386,770,655
1911,18,398,464,666,857
1911,29,1075,519,1333,1072
1911,1,1075,519,1335,824
1911,0,547,386,770,647
1911,33,546,388,772,751
1912,18,398,464,666,857
1912,29,1076,518,1334,1072
1912,0,547,386,769,651
1912,1,1076,518,1336,821
1912,33,549,386,772,823
1913,18,398,463,666,857
1913,33,549,386,772,824
1913,29,1076,518,1334,1071
1913,0,548,386,769,654
1913,1,1076,517,1336,817
1914,29,1076,517,1334,1071
1914,33,549,386,772,825
1914,18,398,463,666,857
1914,0,548,386,769,655
1914,1,1076,518,1335,814
1915,29,1076,518,1335,1072
1915,18,399,462,666,857
1915,33,550,386,771,824
1915,1,1076,517,1337,816
1915,0,548,386,769,652
1916,18,398,462,666,857
1916,33,550,386,772,825
1916,29,1076,517,1335,1072
1916,1,1076,518,1336,815
1916,0,548,386,769,649
1917,18,399,462,666,856
1917,29,1076,517,1336,1071
1917,1,1075,517,1337,817
1917,33,551,386,772,821
1917,0,549,386,769,670
1918,18,399,462,666,857
1918,29,1075,517,1336,1072
1918,33,551,386,772,819
1918,1,1076,517,1338,817
1918,0,549,386,769,660
1919,18,399,462,666,856
1919,29,1075,516,1336,1072
1919,1,1076,516,1337,815
1919,0,549,386,770,667
1919,33,552,386,772,791
1920,18,399,462,666,856
1920,29,1075,515,1336,1073
1920,1,1075,515,1337,818
1920,33,552,386,772,808
1920,0,549,386,769,655
1921,18,399,461,666,856
1921,29,1076,515,1337,1073
1921,1,1076,515,1338,826
1921,0,552,386,770,661
