frame,person_id,x1,y1,x2,y2
1,0,923,598,1208,968
1,1,1600,651,1881,967
1,2,865,481,1050,826
2,1,1600,651,1882,966
2,0,923,596,1207,966
2,2,865,481,1050,822
3,0,923,594,1207,967
3,1,1599,651,1882,967
3,2,864,481,1048,824
4,1,1600,651,1882,968
4,0,923,593,1207,966
4,2,864,482,1048,823
5,1,1600,651,1882,968
5,0,922,592,1206,966
5,2,863,482,1046,817
6,1,1600,651,1882,969
6,0,922,591,1206,966
6,2,863,483,1046,815
7,1,1600,651,1882,970
7,2,863,483,1045,814
7,0,922,589,1204,966
8,1,1600,651,1882,970
8,0,921,588,1203,966
8,2,863,483,1045,819
9,1,1599,651,1882,971
9,0,921,587,1203,967
9,2,862,484,1045,818
10,1,1599,651,1882,971
10,2,862,484,1045,818
10,0,921,585,1202,966
11,1,1599,651,1882,970
11,0,921,584,1202,965
11,2,861,484,1045,816
12,1,1599,650,1882,969
12,2,861,484,1045,818
12,0,920,580,1203,965
13,1,1599,650,1882,969
13,0,920,579,1202,965
13,2,861,484,1043,816
14,1,1599,651,1882,971
14,0,920,579,1201,965
14,2,861,484,1043,814
15,2,861,484,1043,814
15,0,920,578,1200,965
15,1,1599,651,1882,973
16,0,920,578,1199,965
16,1,1599,650,1882,974
16,2,860,484,1043,812
17,1,1599,650,1882,973
17,0,919,578,1200,965
17,2,859,484,1043,815
18,1,1599,650,1882,973
18,0,919,578,1200,965
18,2,858,484,1043,824
19,1,1599,650,1882,974
19,0,919,577,1199,965
19,2,858,484,1043,822
20,1,1598,650,1882,972
20,0,919,577,1197,965
20,2,859,484,1041,817
21,1,1598,650,1882,970
21,2,858,484,1040,818
21,0,919,576,1192,966
22,1,1598,650,1882,970
22,2,858,484,1039,817
22,0,919,576,1188,967
23,1,1598,650,1882,970
23,0,919,574,1181,967
23,2,858,484,1032,815
24,1,1599,650,1881,972
24,2,858,484,1031,816
24,0,918,573,1176,967
25,1,1599,650,1881,973
25,0,918,572,1173,967
25,2,858,486,1028,805
26,1,1599,650,1881,973
26,0,918,569,1170,967
26,2,858,485,1024,806
27,1,1599,650,1881,972
27,2,858,485,1023,805
27,0,917,568,1167,967
28,1,1599,650,1882,973
28,0,917,567,1165,967
28,2,857,485,1022,803
29,1,1599,650,1882,972
29,0,918,566,1164,968
29,2,857,484,1021,810
30,1,1598,650,1882,972
30,0,918,566,1163,969
30,2,857,486,1021,807
31,0,918,566,1162,968
31,1,1599,650,1882,970
31,2,858,486,1025,806
32,0,918,566,1161,970
32,2,858,486,1024,808
32,1,1598,651,1883,975
33,1,1599,651,1883,974
33,0,918,565,1160,970
33,2,858,486,1024,806
34,0,919,565,1160,970
34,1,1599,651,1882,974
34,2,857,485,1029,807
35,1,1599,650,1882,974
35,0,919,565,1160,969
35,2,858,485,1027,803
36,0,920,565,1160,969
36,1,1599,650,1882,975
36,2,859,485,1028,803
37,1,1600,650,1883,975
37,0,921,565,1159,969
37,2,859,485,1027,800
38,1,1600,651,1883,974
38,0,921,565,1159,970
38,2,859,486,1028,804
39,0,921,565,1159,970
39,1,1600,650,1883,973
39,2,859,486,1026,802
40,0,922,564,1159,971
40,1,1600,651,1884,974
40,2,858,486,1027,804
41,0,922,565,1160,971
41,1,1600,651,1884,973
41,2,858,486,1027,807
42,1,1600,651,1884,973
42,0,922,565,1160,970
42,2,859,486,1025,811
43,1,1600,651,1884,973
43,0,922,564,1160,970
43,2,858,486,1026,811
44,0,922,564,1160,970
44,2,858,486,1026,812
44,1,1600,650,1883,972
45,0,922,563,1161,970
45,1,1601,650,1883,974
45,2,858,487,1028,811
46,1,1601,650,1883,974
46,0,922,563,1161,970
46,2,858,488,1029,808
47,1,1601,650,1883,973
47,2,858,488,1029,808
47,0,923,563,1162,971
48,0,924,561,1162,971
48,2,858,488,1028,809
48,1,1601,651,1884,976
49,1,1601,651,1884,978
49,0,925,561,1162,971
49,2,858,490,1027,806
50,1,1601,651,1884,976
50,0,925,561,1163,972
50,2,858,490,1027,809
51,0,925,562,1164,972
51,1,1600,651,1884,975
51,2,858,491,1026,809
52,1,1600,651,1884,977
52,0,926,561,1164,972
52,2,858,491,1026,813
53,0,926,561,1164,972
53,2,858,491,1026,813
53,1,1601,651,1884,977
54,1,1601,651,1884,977
54,2,858,491,1026,812
54,0,925,562,1165,971
55,1,1601,652,1884,977
55,0,925,562,1166,970
55,2,858,491,1026,811
56,1,1601,652,1884,979
56,0,926,563,1165,970
56,2,858,492,1025,813
57,1,1600,651,1884,977
57,2,858,492,1026,814
57,0,926,564,1164,971
58,1,1600,651,1884,979
58,0,926,564,1162,971
58,2,858,492,1025,811
59,1,1601,651,1885,980
59,0,926,564,1161,971
59,2,857,493,1024,810
60,1,1600,651,1885,978
60,2,857,493,1025,809
60,0,926,564,1160,971
61,0,926,564,1159,971
61,1,1601,650,1884,972
61,2,857,493,1022,815
62,0,926,563,1159,970
62,1,1601,650,1884,972
62,2,858,495,1022,821
63,1,1601,651,1884,973
63,2,858,495,1023,821
63,0,926,564,1160,970
64,1,1600,651,1884,975
64,0,927,563,1164,968
64,2,858,495,1023,812
65,1,1601,651,1884,976
65,2,858,495,1023,815
65,0,926,563,1171,968
66,1,1601,651,1884,976
66,2,858,494,1023,812
66,0,926,563,1177,967
67,1,1601,651,1884,976
67,0,925,563,1177,967
67,2,858,494,1023,811
68,1,1601,650,1884,976
68,0,925,563,1177,967
68,2,858,494,1023,809
69,2,858,494,1022,808
69,1,1602,650,1884,977
69,0,925,563,1173,967
70,1,1602,650,1884,975
70,2,858,494,1021,806
70,0,925,564,1166,968
71,1,1602,650,1885,975
71,2,858,495,1020,804
71,0,925,565,1162,969
72,1,1602,650,1885,976
72,2,858,495,1021,805
72,0,925,566,1159,969
73,1,1602,650,1885,975
73,0,924,566,1158,969
73,2,857,496,1019,805
74,1,1602,650,1885,976
74,0,923,567,1158,970
74,2,857,496,1017,809
75,1,1602,650,1885,976
75,0,923,568,1158,970
75,2,857,496,1018,806
76,0,923,568,1158,970
76,1,1602,649,1885,977
76,2,857,496,1018,804
77,0,923,569,1158,971
77,1,1602,650,1886,977
77,2,857,496,1018,806
78,1,1603,650,1887,977
78,0,923,569,1158,972
78,2,857,496,1020,807
79,0,923,570,1158,971
79,1,1603,650,1887,977
79,2,857,495,1023,811
80,1,1603,650,1887,977
80,0,923,570,1158,971
80,2,857,496,1021,813
81,0,922,571,1158,972
81,1,1603,650,1888,976
81,2,857,496,1020,809
82,0,922,571,1158,972
82,1,1603,650,1888,975
82,2,857,496,1019,806
83,1,1604,650,1889,975
83,0,922,571,1159,972
83,2,857,496,1020,805
84,1,1604,650,1889,975
84,0,922,571,1159,973
84,2,857,496,1021,806
85,2,857,497,1021,807
85,0,922,573,1159,972
85,1,1604,648,1888,970
86,1,1604,648,1888,971
86,0,922,573,1161,971
86,2,857,497,1019,812
87,1,1605,648,1889,971
87,0,923,573,1163,972
87,2,857,496,1020,810
88,1,1605,648,1889,972
88,0,922,572,1164,972
88,2,857,496,1021,811
89,1,1605,648,1889,972
89,2,857,496,1022,813
89,0,922,572,1168,972
90,0,922,573,1168,971
90,1,1607,649,1889,976
90,2,857,496,1026,812
91,1,1608,649,1889,977
91,0,922,575,1169,973
91,2,858,496,1030,812
92,0,922,575,1168,974
92,2,858,496,1031,811
92,1,1605,649,1889,971
93,0,922,575,1167,972
93,2,858,496,1031,812
93,1,1607,650,1889,977
94,1,1608,650,1889,976
94,0,922,575,1164,973
94,2,858,496,1034,812
95,0,922,576,1164,973
95,2,858,497,1033,815
95,1,1606,649,1889,970
96,0,923,576,1162,975
96,2,858,497,1032,811
96,1,1608,650,1890,976
97,0,923,576,1162,974
97,1,1608,650,1890,977
97,2,858,497,1032,815
98,2,858,497,1033,816
98,0,923,576,1161,974
98,1,1606,648,1889,972
99,1,1606,648,1889,972
99,0,923,576,1161,974
99,2,858,497,1034,819
100,1,1606,648,1889,972
100,0,922,576,1160,975
100,2,858,498,1036,816
101,0,923,577,1160,974
101,2,858,497,1038,816
101,1,1608,650,1890,979
102,0,923,577,1160,975
102,1,1608,650,1890,977
102,2,858,497,1037,809
103,1,1608,650,1890,977
103,0,923,577,1160,973
103,2,858,498,1038,813
104,0,923,578,1160,974
104,2,858,498,1040,815
104,1,1606,648,1889,970
105,1,1606,648,1889,970
105,0,922,578,1160,973
105,2,858,498,1038,816
106,0,922,578,1160,972
106,1,1606,648,1889,971
106,2,859,498,1040,814
107,0,922,578,1161,972
107,2,858,498,1038,811
107,1,1608,650,1890,977
108,0,922,578,1161,972
108,1,1606,648,1889,973
108,2,858,499,1033,805
109,1,1606,648,1889,974
109,0,922,579,1161,971
109,2,858,498,1030,808
110,1,1606,648,1889,973
110,0,922,579,1161,967
110,2,858,499,1031,812
111,0,922,579,1161,967
111,2,858,498,1027,813
111,1,1608,650,1890,978
112,0,923,578,1161,967
112,2,858,498,1028,815
112,1,1606,648,1889,972
113,1,1606,648,1889,972
113,0,922,579,1160,967
113,2,858,498,1030,816
114,1,1606,648,1889,972
114,0,922,579,1159,967
114,2,858,498,1029,815
115,1,1605,648,1889,972
115,0,922,579,1159,967
115,2,858,498,1030,813
116,1,1605,649,1889,973
116,0,921,579,1158,967
116,2,858,498,1031,809
117,1,1605,649,1890,973
117,0,921,579,1158,967
117,2,858,498,1029,813
118,0,920,579,1158,968
118,2,857,498,1029,814
118,1,1605,649,1890,976
119,1,1605,649,1890,976
119,0,920,579,1158,967
119,2,857,497,1029,816
120,1,1605,649,1890,976
120,0,920,579,1159,966
120,2,857,497,1030,817
121,1,1606,648,1890,975
121,0,919,580,1159,965
121,2,857,497,1037,819
122,0,919,580,1160,966
122,1,1606,649,1890,972
122,2,857,498,1039,824
123,1,1605,648,1891,972
123,0,919,580,1162,963
123,2,857,497,1037,820
124,1,1605,648,1892,969
124,0,919,580,1166,964
124,2,858,498,1038,825
125,1,1603,649,1892,969
125,2,858,497,1037,820
125,0,920,578,1177,964
126,2,858,497,1037,820
126,1,1599,649,1892,967
126,0,920,579,1184,962
127,2,858,498,1036,821
127,1,1600,649,1890,971
127,0,921,578,1197,963
128,1,1598,649,1889,971
128,2,858,498,1038,821
128,0,921,578,1202,962
129,2,858,498,1038,820
129,1,1594,648,1887,969
129,0,920,578,1211,963
130,2,858,499,1040,817
130,0,920,579,1217,962
130,1,1588,647,1888,967
131,2,858,499,1039,818
131,0,919,580,1211,958
131,1,1579,647,1885,964
132,2,858,499,1043,819
132,1,1570,646,1883,960
132,0,921,581,1224,959
133,2,858,499,1046,819
133,0,923,582,1233,959
133,1,1561,647,1878,957
134,2,858,500,1048,824
134,0,924,584,1241,960
134,1,1553,646,1872,955
135,2,858,500,1049,818
135,1,1547,647,1864,952
135,0,933,584,1252,960
136,0,940,584,1256,961
136,2,858,499,1051,807
136,1,1540,646,1851,950
137,0,949,585,1261,960
137,1,1531,647,1842,940
137,2,858,499,1056,829
138,0,954,587,1270,960
138,1,1529,647,1832,947
138,2,858,499,1060,898
139,2,858,499,1058,899
139,0,957,588,1279,961
139,1,1524,647,1819,936
140,0,958,589,1284,958
140,1,1514,649,1806,932
140,2,858,499,1059,807
141,0,958,589,1302,959
141,2,858,499,1065,794
141,1,1503,651,1797,932
142,2,858,499,1067,796
142,0,961,591,1309,961
142,1,1489,653,1787,934
143,2,858,499,1068,794
143,0,960,592,1325,962
143,1,1480,653,1783,935
144,2,857,499,1069,794
144,0,964,593,1327,960
144,1,1469,654,1772,937
145,0,964,594,1333,960
145,1,1456,656,1765,938
145,2,858,499,1067,896
146,2,858,499,1068,897
146,1,1446,659,1761,943
146,0,966,597,1372,963
147,2,859,499,1066,896
147,1,1438,664,1759,944
147,0,967,599,1357,957
148,2,858,499,1066,898
148,0,971,601,1351,958
148,1,1435,668,1758,946
149,2,858,499,1066,897
149,1,1435,672,1754,954
149,0,971,602,1376,963
150,2,858,499,1069,897
150,0,970,603,1375,958
150,1,1436,679,1751,958
151,2,858,499,1074,895
151,0,970,604,1364,956
151,1,1433,684,1749,964
152,2,858,499,1074,895
152,0,970,604,1357,954
152,1,1430,687,1745,960
153,2,859,499,1074,896
153,1,1426,689,1742,962
153,0,971,605,1414,968
154,1,1424,691,1743,961
154,2,859,499,1077,894
154,0,972,606,1367,959
155,1,1423,693,1742,961
155,0,972,607,1359,957
155,2,858,498,1076,802
156,1,1420,695,1741,961
156,2,858,498,1081,802
156,0,972,607,1329,949
157,2,858,498,1078,803
157,1,1420,697,1739,959
157,0,973,607,1325,947
158,0,973,608,1325,948
158,1,1418,697,1735,960
158,2,858,498,1082,800
159,0,973,608,1325,943
159,1,1418,699,1733,959
159,2,859,499,1091,777
159,3,858,499,1091,894
160,3,858,498,1092,894
160,0,973,609,1326,944
160,1,1418,701,1729,959
161,0,973,609,1326,944
161,2,859,499,1091,783
161,1,1418,703,1723,958
162,1,1418,703,1719,958
162,0,972,609,1325,949
162,2,857,498,1088,795
163,0,973,610,1325,949
163,2,857,498,1085,794
163,1,1418,704,1716,957
164,0,973,611,1327,950
164,1,1420,703,1708,956
164,3,858,498,1083,895
165,0,973,611,1329,947
165,1,1421,703,1715,956
165,2,857,498,1084,800
166,0,973,611,1330,949
166,2,858,498,1082,801
166,1,1421,703,1710,955
167,1,1421,703,1710,955
167,0,973,612,1331,952
167,2,859,498,1079,798
168,0,974,613,1329,951
168,1,1423,704,1711,954
168,2,861,498,1081,770
169,1,1423,705,1711,954
169,0,974,614,1331,952
169,2,861,498,1081,756
170,0,974,614,1335,952
170,1,1424,706,1707,954
170,2,860,498,1074,782
171,0,974,615,1340,952
171,1,1425,707,1711,954
171,2,860,498,1079,749
172,0,974,615,1338,952
172,2,859,498,1079,748
172,1,1426,707,1718,955
173,2,858,498,1080,747
173,1,1425,707,1723,957
173,3,857,497,1080,893
173,0,974,616,1349,957
174,1,1425,707,1725,956
174,3,854,497,1080,893
174,0,974,617,1352,955
174,2,855,498,1081,747
175,1,1425,708,1727,955
175,0,974,618,1349,956
175,2,855,498,1082,744
176,1,1425,707,1728,955
176,2,855,497,1082,746
176,0,975,619,1346,958
177,1,1425,707,1727,954
177,0,976,619,1337,960
177,2,853,497,1082,755
178,1,1425,707,1727,955
178,2,852,497,1082,759
178,0,976,620,1331,962
179,1,1426,707,1727,955
179,0,977,622,1330,962
179,2,850,497,1079,789
180,1,1425,708,1728,955
180,0,976,622,1331,963
180,2,850,497,1079,791
181,1,1425,708,1727,955
181,0,975,623,1330,965
181,2,852,497,1083,759
182,0,974,623,1329,964
182,1,1424,709,1724,955
182,2,848,497,1078,790
183,0,973,623,1329,964
183,1,1423,709,1723,957
183,2,850,497,1081,752
184,0,973,622,1328,965
184,1,1423,709,1722,958
184,2,850,497,1081,749
185,0,974,622,1327,966
185,2,849,497,1080,750
185,1,1424,710,1721,957
186,1,1423,710,1720,956
186,0,974,621,1326,967
186,2,849,497,1078,781
187,0,973,621,1326,968
187,1,1420,711,1720,958
187,2,849,498,1081,780
188,0,974,620,1326,967
188,1,1411,712,1720,958
188,2,850,498,1084,792
189,0,973,619,1326,963
189,2,850,498,1078,790
189,1,1399,712,1719,958
190,0,973,619,1328,965
190,2,850,498,1081,791
190,1,1389,713,1719,955
191,1,1388,714,1720,955
191,2,850,498,1082,788
191,0,973,618,1330,969
192,1,1383,714,1719,956
192,0,972,617,1339,970
192,2,851,498,1089,787
193,0,973,616,1338,969
193,1,1382,715,1720,957
193,2,852,498,1087,783
194,0,972,616,1339,969
194,2,852,498,1083,780
194,1,1376,714,1721,960
195,1,1377,714,1722,960
195,0,973,616,1340,972
195,2,852,498,1080,783
196,2,852,497,1081,783
196,1,1375,713,1722,960
196,0,972,615,1341,971
197,0,972,614,1342,970
197,1,1365,714,1722,959
197,2,851,497,1078,787
198,0,972,614,1340,971
198,2,851,497,1076,793
198,1,1354,714,1722,959
199,0,971,613,1343,969
199,2,851,497,1069,793
199,1,1389,715,1722,961
200,0,971,612,1339,970
200,2,850,497,1075,793
200,1,1382,717,1721,957
201,0,971,611,1335,969
201,2,850,497,1079,794
201,1,1359,715,1720,959
202,2,850,497,1079,793
202,0,971,610,1333,968
202,1,1364,715,1721,960
203,2,850,497,1077,793
203,1,1366,716,1720,960
203,0,972,609,1327,964
204,0,972,609,1326,966
204,1,1367,716,1718,959
204,2,850,497,1083,795
205,2,851,497,1084,798
205,0,972,609,1323,963
205,1,1362,717,1718,958
206,1,1362,717,1717,958
206,2,851,497,1084,795
206,0,972,609,1325,965
207,1,1362,718,1717,958
207,2,851,497,1084,792
207,0,973,609,1321,964
208,1,1362,718,1717,958
208,2,851,497,1083,792
208,0,972,609,1320,963
209,1,1363,718,1717,958
209,0,972,609,1319,961
209,2,851,497,1085,790
210,0,972,609,1319,963
210,2,851,497,1086,791
210,1,1363,719,1718,958
211,0,972,609,1319,961
211,1,1364,720,1717,958
211,2,850,498,1085,798
212,0,972,609,1319,960
212,1,1363,722,1718,959
212,2,851,498,1080,798
213,2,851,498,1080,798
213,0,972,609,1320,961
213,1,1364,723,1717,958
214,0,971,609,1321,961
214,2,851,498,1079,799
214,1,1364,723,1718,958
215,0,972,609,1322,962
215,1,1366,725,1717,958
215,2,853,498,1083,798
216,0,972,609,1321,961
216,1,1367,725,1717,958
216,2,853,498,1086,797
217,0,972,610,1320,961
217,1,1368,726,1717,958
217,2,853,499,1077,791
218,0,972,610,1320,960
218,1,1366,726,1717,958
218,2,852,499,1079,794
219,1,1366,726,1717,958
219,0,972,610,1321,961
219,2,852,499,1073,793
220,1,1366,726,1717,959
220,0,972,610,1322,961
220,2,852,499,1079,792
221,0,972,610,1321,961
221,1,1366,726,1717,958
221,2,852,499,1083,791
222,1,1367,725,1717,958
222,0,972,609,1322,960
222,2,852,499,1085,793
223,1,1368,725,1717,958
223,0,974,610,1322,961
223,2,853,499,1082,792
224,0,974,610,1321,961
224,2,853,499,1081,792
224,1,1370,725,1717,958
225,0,974,610,1322,960
225,1,1372,725,1716,958
225,2,854,499,1081,794
226,0,974,610,1322,960
226,1,1372,725,1716,958
226,2,854,499,1082,796
227,1,1371,724,1716,958
227,0,974,610,1323,962
227,2,854,499,1078,795
228,0,974,610,1324,962
228,1,1373,724,1717,958
228,2,854,499,1078,790
228,4,855,503,1086,894
229,1,1373,724,1717,958
229,0,974,611,1324,962
229,4,855,502,1086,893
229,2,854,499,1078,789
230,0,974,611,1324,961
230,4,855,502,1087,893
230,1,1372,724,1716,958
230,2,854,500,1086,767
231,4,855,502,1088,893
231,1,1373,725,1716,958
231,2,854,500,1086,770
231,0,975,613,1324,964
232,1,1373,725,1716,957
232,0,975,613,1324,964
232,2,854,500,1076,791
233,1,1374,725,1718,957
233,0,975,612,1324,962
233,2,855,499,1080,790
234,0,975,612,1324,962
234,2,855,499,1079,791
234,1,1372,725,1717,957
235,1,1372,724,1718,957
235,2,854,499,1079,791
235,0,975,613,1323,960
236,0,974,613,1323,960
236,1,1372,724,1718,957
236,2,854,499,1078,795
237,0,974,612,1323,960
237,1,1371,724,1717,957
237,2,855,499,1076,794
238,1,1371,724,1717,957
238,0,974,613,1324,960
238,2,855,499,1073,792
239,0,974,613,1324,960
239,1,1371,724,1718,957
239,2,854,499,1076,793
240,0,974,612,1324,960
240,2,854,499,1076,792
240,1,1372,724,1719,957
241,0,975,613,1325,961
241,1,1373,724,1721,958
241,2,855,499,1077,793
242,1,1373,724,1720,958
242,2,855,499,1078,794
242,0,974,612,1327,960
243,2,855,499,1078,794
243,1,1375,724,1720,958
243,0,974,613,1336,955
244,1,1377,724,1720,959
244,2,855,499,1078,798
244,0,974,613,1349,947
245,2,855,499,1079,798
245,1,1376,724,1721,959
245,0,974,612,1362,948
246,1,1376,723,1721,958
246,2,855,499,1081,798
246,0,975,611,1377,950
247,1,1379,723,1721,959
247,2,855,499,1079,797
247,0,975,609,1372,950
248,1,1378,722,1721,959
248,2,855,499,1076,796
248,0,976,609,1377,950
249,1,1378,722,1721,959
249,0,978,609,1370,950
249,2,856,499,1081,799
250,1,1378,722,1720,959
250,2,856,499,1082,800
250,0,978,609,1374,950
251,1,1378,721,1720,959
251,2,856,499,1081,799
251,0,979,609,1377,951
252,1,1377,721,1720,959
252,2,856,499,1082,800
252,0,979,609,1375,953
253,0,979,609,1374,951
253,1,1377,721,1719,958
253,2,856,499,1081,798
254,1,1377,721,1719,958
254,0,978,609,1376,953
254,2,856,499,1083,794
255,0,978,609,1376,953
255,1,1378,720,1720,958
255,2,856,500,1084,795
256,2,857,500,1086,795
256,1,1380,720,1721,958
256,0,979,609,1378,957
257,2,856,500,1086,796
257,0,978,609,1377,958
257,1,1380,719,1720,958
258,1,1380,719,1721,958
258,0,978,609,1375,958
258,2,856,500,1084,794
259,1,1381,719,1721,959
259,2,857,500,1084,791
259,0,978,609,1378,953
260,0,978,609,1378,951
260,1,1380,719,1722,958
260,2,856,500,1080,789
261,1,1380,719,1722,959
261,0,978,609,1382,951
261,2,856,500,1080,795
262,1,1380,719,1722,959
262,2,856,500,1081,796
262,0,978,609,1365,950
263,1,1381,718,1722,959
263,2,856,500,1081,794
263,0,978,609,1369,951
264,1,1380,718,1722,959
264,2,856,500,1080,795
264,0,978,609,1353,950
265,1,1380,718,1722,960
265,0,979,609,1357,948
265,2,857,500,1083,792
266,1,1380,717,1722,959
266,2,857,499,1079,796
266,0,978,609,1369,953
267,1,1379,716,1722,959
267,0,978,609,1367,952
267,2,857,499,1077,796
268,1,1378,717,1723,959
268,2,858,499,1076,796
268,0,977,609,1365,951
269,1,1379,717,1723,958
269,2,858,499,1074,797
269,0,977,609,1355,950
270,1,1379,717,1723,958
270,0,977,609,1351,951
270,2,858,499,1072,798
271,1,1380,717,1724,959
271,0,977,609,1341,953
271,2,858,499,1069,793
272,1,1379,717,1723,959
272,2,858,499,1069,795
272,0,978,609,1336,946
273,1,1379,716,1723,959
273,0,978,609,1334,948
273,2,858,499,1073,797
274,1,1378,716,1723,959
274,2,858,499,1073,796
274,0,978,609,1328,947
275,1,1379,716,1723,958
275,0,977,609,1327,954
275,2,858,499,1082,793
276,1,1379,717,1723,958
276,2,858,499,1082,797
276,0,978,609,1322,958
277,1,1379,716,1724,958
277,0,977,609,1320,961
277,2,858,499,1080,802
278,1,1379,716,1724,958
278,2,858,499,1079,798
278,0,976,608,1316,958
279,1,1379,716,1724,958
279,0,976,609,1311,957
279,2,858,499,1080,793
280,1,1379,716,1724,958
280,0,975,609,1309,957
280,2,858,499,1077,792
281,0,974,609,1309,957
281,1,1379,717,1723,958
281,2,858,499,1077,794
282,1,1379,717,1723,958
282,0,974,609,1308,956
282,2,858,499,1077,799
283,1,1379,717,1723,958
283,0,974,609,1307,956
283,2,858,499,1081,792
284,1,1379,717,1723,958
284,0,974,609,1306,956
284,2,859,500,1082,767
284,5,859,500,1084,894
285,0,974,609,1306,957
285,1,1379,718,1723,958
285,5,859,499,1082,895
285,2,861,500,1082,759
286,1,1378,718,1723,958
286,0,974,610,1306,958
286,2,861,500,1082,758
287,1,1378,718,1723,958
287,0,973,610,1305,957
287,2,862,500,1081,760
288,1,1378,719,1723,958
288,0,972,610,1305,957
288,2,859,499,1078,791
289,1,1378,719,1723,958
289,0,971,611,1306,958
289,2,859,499,1079,792
290,1,1377,719,1722,958
290,0,971,611,1306,956
290,2,860,499,1078,787
291,1,1378,719,1723,959
291,0,972,611,1305,956
291,2,860,499,1080,758
292,1,1378,719,1723,958
292,0,971,612,1305,957
292,2,860,499,1080,751
293,1,1377,719,1722,958
293,0,971,612,1305,957
293,2,859,499,1079,742
294,0,971,612,1305,958
294,1,1377,719,1722,958
294,2,857,499,1080,745
295,1,1377,719,1721,958
295,0,970,612,1305,960
295,2,856,499,1078,740
296,1,1376,719,1721,958
296,0,970,612,1305,960
296,2,851,498,1075,729
297,1,1376,718,1721,957
297,0,970,612,1304,961
297,2,851,499,1078,739
298,0,969,612,1304,961
298,1,1377,719,1721,958
298,2,851,499,1078,740
299,0,970,612,1305,961
299,1,1377,719,1722,958
299,2,849,499,1079,740
300,0,970,612,1305,961
300,1,1377,719,1721,958
300,2,849,499,1078,738
301,0,970,612,1304,961
301,1,1377,718,1721,959
301,2,851,498,1079,739
302,0,971,612,1304,961
302,1,1376,718,1721,959
302,2,850,498,1078,739
303,1,1375,717,1721,959
303,0,971,613,1304,962
303,2,849,498,1078,737
304,0,971,613,1303,961
304,1,1375,717,1721,959
304,2,848,498,1080,739
305,0,971,614,1304,961
305,1,1375,717,1722,959
305,2,848,498,1080,742
306,0,971,614,1303,960
306,1,1376,718,1722,959
306,2,849,498,1081,745
307,1,1375,718,1722,959
307,0,971,616,1303,962
307,2,850,498,1079,742
308,0,971,616,1303,962
308,1,1376,718,1721,959
308,2,851,498,1078,741
309,0,971,617,1303,962
309,1,1376,717,1721,958
309,2,850,499,1080,739
310,1,1376,717,1722,958
310,0,971,618,1303,963
310,2,850,499,1082,740
311,0,972,619,1303,963
311,1,1377,717,1721,959
311,2,850,499,1083,740
312,1,1377,717,1721,959
312,0,972,620,1304,963
312,2,850,499,1083,740
313,1,1376,717,1721,959
313,0,972,620,1304,961
313,2,850,499,1083,739
314,1,1376,718,1721,959
314,0,970,621,1304,962
314,2,850,499,1083,740
315,1,1376,718,1721,959
315,0,970,621,1304,961
315,2,851,499,1082,742
316,1,1376,717,1721,958
316,0,970,622,1304,961
316,2,851,499,1082,744
317,1,1376,717,1721,958
317,0,969,623,1304,960
317,2,851,500,1083,747
318,0,969,623,1304,960
318,1,1376,718,1720,959
318,2,853,499,1082,751
319,1,1376,718,1720,959
319,0,968,625,1303,961
319,2,856,499,1083,753
320,1,1376,718,1720,959
320,0,968,626,1304,961
320,2,860,499,1082,763
321,0,968,627,1304,960
321,1,1376,717,1721,960
321,2,856,498,1080,793
322,1,1376,717,1721,960
322,0,968,628,1304,962
322,2,858,498,1080,793
323,1,1376,718,1721,960
323,0,968,630,1304,965
323,2,858,498,1079,796
324,1,1376,717,1721,960
324,2,858,498,1078,795
324,0,967,629,1305,964
325,0,966,630,1305,963
325,1,1375,717,1721,961
325,2,858,498,1080,800
326,0,966,630,1305,964
326,1,1375,718,1721,961
326,2,857,499,1080,804
327,0,965,630,1304,964
327,1,1374,719,1721,961
327,2,856,499,1078,807
328,0,965,630,1304,965
328,1,1374,720,1721,961
328,2,856,500,1079,805
329,0,964,631,1304,965
329,1,1374,720,1721,962
329,2,856,500,1078,803
330,1,1375,720,1721,962
330,0,965,630,1304,966
330,2,856,500,1080,802
331,1,1375,720,1720,962
331,0,965,630,1303,968
331,2,856,501,1081,800
332,1,1375,720,1719,961
332,0,965,630,1301,968
332,2,856,501,1081,798
333,1,1374,721,1720,961
333,0,966,629,1299,969
333,2,857,502,1083,797
334,2,857,502,1083,797
334,1,1374,720,1719,961
334,0,965,629,1298,970
335,1,1376,721,1719,962
335,0,965,629,1296,969
335,2,856,502,1084,795
336,0,965,629,1296,970
336,2,856,502,1083,794
336,1,1378,721,1719,961
337,1,1378,721,1720,962
337,0,965,628,1295,970
337,2,857,502,1080,804
338,1,1379,722,1721,962
338,0,966,626,1295,970
338,2,856,502,1084,802
339,0,967,625,1295,969
339,1,1380,723,1722,961
339,2,856,503,1081,803
340,1,1380,724,1722,961
340,0,967,624,1295,968
340,2,856,503,1079,805
341,0,967,623,1295,968
341,1,1380,725,1723,962
341,2,857,503,1077,803
342,1,1381,725,1723,962
342,0,968,620,1296,967
342,2,857,503,1074,803
343,0,967,619,1297,967
343,1,1381,726,1722,961
343,2,857,504,1075,804
344,1,1381,727,1722,962
344,2,857,504,1075,807
344,0,967,617,1298,967
345,1,1381,728,1723,961
345,0,967,615,1298,966
345,2,857,504,1073,802
346,1,1381,728,1724,962
346,0,967,614,1300,967
346,2,857,504,1073,804
347,1,1381,729,1724,961
347,2,857,504,1071,807
347,0,968,612,1301,969
348,1,1382,729,1724,962
348,2,857,504,1071,808
348,0,968,609,1302,970
349,1,1382,729,1724,962
349,0,969,608,1302,970
349,2,857,504,1070,807
350,1,1383,729,1724,962
350,0,969,607,1301,971
350,2,857,504,1068,809
351,1,1382,729,1724,962
351,0,968,606,1301,968
351,2,858,504,1069,898
352,1,1383,729,1724,962
352,0,969,605,1301,966
352,2,857,503,1067,810
353,1,1382,729,1724,961
353,0,969,604,1302,965
353,2,858,503,1068,897
354,1,1383,729,1725,961
354,0,969,604,1303,966
354,2,857,502,1070,805
355,1,1384,728,1724,960
355,0,969,604,1306,963
355,2,858,502,1070,810
356,1,1386,728,1726,960
356,2,858,501,1072,808
356,0,969,603,1314,966
357,1,1388,728,1727,960
357,0,969,602,1322,967
357,2,858,501,1073,872
358,1,1391,728,1727,959
358,0,970,600,1328,968
358,2,857,501,1071,806
359,1,1391,728,1729,959
359,2,857,500,1072,802
359,0,969,600,1335,967
360,1,1391,728,1729,958
360,2,857,499,1072,800
360,0,969,596,1340,965
361,1,1393,728,1729,959
361,0,969,594,1345,963
361,2,857,499,1072,791
362,2,857,499,1073,791
362,1,1392,728,1730,958
362,0,968,593,1350,961
363,2,857,499,1074,790
363,1,1392,727,1729,957
363,0,968,592,1353,959
364,0,968,592,1354,959
364,1,1392,727,1728,957
364,2,858,498,1072,788
365,0,968,591,1353,958
365,1,1393,727,1727,957
365,2,858,497,1072,789
366,1,1393,726,1727,956
366,0,967,591,1352,957
366,2,859,496,1072,895
367,0,968,592,1352,957
367,2,859,496,1071,894
367,1,1393,726,1730,956
368,2,858,496,1071,894
368,1,1394,725,1729,956
368,0,968,591,1353,955
369,1,1394,725,1729,955
369,0,967,591,1353,956
369,2,857,496,1072,891
370,1,1391,725,1729,955
370,0,966,590,1356,953
370,2,858,496,1070,863
371,0,966,590,1357,951
371,1,1386,724,1729,954
371,2,858,496,1070,880
372,0,968,590,1357,949
372,1,1383,724,1728,953
372,2,858,496,1070,793
373,1,1382,724,1729,952
373,0,972,590,1356,947
373,2,858,496,1071,784
374,1,1382,724,1729,952
374,0,974,589,1357,946
374,2,858,495,1069,797
375,1,1383,724,1729,951
375,0,972,589,1357,944
375,2,860,494,1069,800
376,1,1385,723,1730,951
376,0,970,589,1355,944
376,2,860,494,1068,795
377,1,1384,722,1730,951
377,0,968,589,1356,941
377,2,860,494,1069,821
378,0,966,589,1357,941
378,1,1385,722,1730,950
378,2,860,493,1071,796
379,1,1387,721,1730,950
379,0,963,589,1356,939
379,2,859,493,1070,800
380,0,964,589,1355,939
380,1,1392,720,1730,950
380,2,858,492,1072,794
381,0,965,589,1355,939
381,1,1393,720,1729,950
381,2,858,492,1072,781
382,0,965,589,1353,940
382,2,856,492,1072,781
382,1,1396,720,1729,950
383,0,965,588,1351,940
383,1,1398,720,1729,952
383,2,855,492,1072,777
384,0,966,589,1350,939
384,1,1399,720,1728,952
384,2,856,492,1072,773
385,0,966,589,1354,940
385,1,1401,718,1727,951
385,2,856,491,1071,777
386,2,856,491,1072,775
386,0,965,589,1355,938
386,1,1402,717,1727,952
387,0,965,589,1356,939
387,2,856,491,1072,775
387,1,1402,715,1728,953
388,1,1404,715,1727,953
388,0,967,589,1358,939
388,2,856,490,1073,748
389,1,1403,716,1728,953
389,0,966,589,1363,939
389,2,856,490,1073,786
390,1,1404,715,1726,953
390,0,965,589,1370,938
390,2,857,490,1068,793
391,0,965,588,1372,941
391,1,1402,715,1727,952
391,2,857,490,1067,799
392,0,965,588,1375,941
392,1,1400,716,1726,951
392,2,857,491,1068,795
393,0,966,588,1373,940
393,1,1397,717,1723,951
393,2,857,491,1075,789
394,0,966,588,1373,939
394,1,1396,718,1724,951
394,2,857,491,1076,790
395,0,965,588,1372,942
395,1,1392,718,1723,949
395,2,857,491,1075,794
396,2,857,491,1074,789
396,0,965,588,1377,944
396,1,1385,718,1723,950
397,1,1383,718,1723,950
397,0,965,588,1373,943
397,2,858,491,1074,795
398,2,858,491,1073,794
398,1,1385,719,1723,950
398,0,965,589,1372,939
399,1,1385,719,1723,950
399,0,965,589,1369,939
399,2,858,490,1074,796
400,1,1385,719,1724,950
400,0,965,589,1371,939
400,2,858,490,1075,797
401,1,1386,719,1724,950
401,2,858,490,1075,798
401,0,965,589,1369,943
402,1,1386,719,1725,950
402,0,964,589,1373,940
402,2,859,490,1075,803
403,1,1387,719,1724,949
403,0,965,589,1368,939
403,2,859,490,1075,795
404,0,965,589,1367,939
404,1,1387,719,1725,949
404,2,859,490,1074,792
405,2,858,491,1073,792
405,1,1386,719,1725,948
405,0,965,590,1365,939
406,1,1386,719,1725,948
406,0,964,589,1367,939
406,2,858,491,1075,798
407,1,1386,718,1726,948
407,0,964,589,1370,938
407,2,859,491,1072,801
408,1,1386,718,1726,948
408,0,964,589,1373,939
408,2,858,491,1070,805
409,0,964,589,1373,939
409,1,1386,718,1725,947
409,2,858,491,1071,808
410,1,1386,718,1725,947
410,0,964,589,1372,940
410,2,858,491,1066,809
411,0,963,589,1369,940
411,1,1388,718,1725,947
411,2,859,491,1062,805
412,2,859,491,1061,810
412,0,963,589,1364,938
412,1,1394,717,1728,949
413,1,1393,717,1728,949
413,0,961,589,1362,939
413,2,859,491,1062,814
414,1,1394,717,1728,950
414,0,961,589,1363,939
414,2,859,491,1062,811
415,1,1393,717,1728,949
415,0,960,589,1362,940
415,2,859,491,1062,807
416,1,1393,717,1728,949
416,2,859,491,1063,807
416,0,960,588,1360,941
417,1,1392,718,1727,950
417,0,959,587,1359,941
417,2,859,492,1064,805
418,1,1393,718,1727,949
418,0,958,587,1358,942
418,2,859,492,1064,812
419,1,1393,718,1727,950
419,2,859,492,1063,808
419,0,956,587,1353,941
420,1,1393,718,1727,950
420,2,858,492,1064,807
420,0,954,587,1347,940
421,1,1393,718,1727,950
421,2,858,492,1064,804
421,0,952,587,1342,941
422,1,1393,718,1726,950
422,2,858,492,1064,804
422,0,950,587,1337,940
423,2,858,492,1064,805
423,1,1392,718,1726,950
423,0,946,587,1331,944
424,1,1391,718,1727,951
424,2,858,492,1062,806
424,0,944,587,1326,945
425,1,1392,718,1727,951
425,2,858,493,1061,810
425,0,941,587,1321,946
426,1,1391,718,1727,951
426,2,859,493,1060,812
426,0,940,587,1311,946
427,1,1392,718,1727,951
427,2,859,493,1059,813
427,0,937,587,1303,948
428,1,1392,718,1727,951
428,2,859,493,1058,813
428,0,936,587,1296,950
429,1,1392,718,1727,950
429,2,859,493,1058,816
429,0,933,587,1283,952
430,2,859,493,1057,817
430,1,1392,718,1727,948
430,0,931,587,1270,952
431,1,1393,718,1727,948
431,2,859,493,1056,818
431,0,928,588,1259,954
432,2,859,493,1055,817
432,1,1392,718,1727,950
432,0,926,588,1243,955
433,2,859,493,1055,820
433,1,1389,718,1727,949
433,0,925,590,1227,954
434,2,859,493,1055,819
434,1,1389,716,1728,949
434,0,925,591,1213,956
435,2,859,493,1055,819
435,1,1388,715,1728,950
435,0,922,591,1204,958
436,2,859,493,1054,820
436,1,1387,712,1729,950
436,0,921,591,1196,958
437,2,859,494,1054,816
437,1,1385,710,1729,949
437,0,918,593,1193,957
438,2,859,494,1054,814
438,0,918,593,1189,958
438,1,1385,706,1731,949
439,0,917,592,1189,960
439,2,858,493,1054,809
439,1,1385,700,1730,947
440,2,858,494,1053,807
440,0,916,593,1191,961
440,1,1384,698,1732,946
441,2,858,493,1053,806
441,0,914,591,1193,962
441,1,1385,692,1732,943
442,2,858,493,1054,807
442,0,914,592,1195,963
442,1,1384,688,1734,939
443,0,914,592,1194,963
443,2,858,494,1053,804
443,1,1384,682,1736,936
444,0,913,593,1195,963
444,2,858,493,1054,805
444,1,1384,675,1738,933
445,2,858,493,1054,805
445,0,913,593,1194,963
445,1,1386,670,1741,935
446,2,858,493,1055,803
446,0,912,595,1192,964
446,1,1392,666,1742,936
447,2,858,492,1055,805
447,0,911,594,1189,965
447,1,1397,663,1746,937
448,2,858,492,1055,806
448,0,911,593,1186,965
448,1,1401,659,1749,938
449,2,858,492,1056,806
449,0,911,592,1182,964
449,1,1407,655,1759,931
450,0,911,592,1180,963
450,2,857,491,1055,805
450,1,1419,653,1772,930
451,2,857,491,1055,805
451,0,910,591,1179,961
451,1,1432,650,1791,929
452,0,910,592,1182,961
452,2,858,490,1055,812
452,1,1452,646,1800,931
453,2,858,490,1055,812
453,0,909,592,1185,961
453,1,1474,643,1811,931
454,0,909,592,1187,960
454,2,857,490,1055,817
454,1,1496,642,1825,932
455,0,910,593,1189,959
455,2,857,488,1052,807
455,1,1522,638,1832,933
456,0,910,593,1189,958
456,2,858,488,1054,800
456,1,1535,636,1833,935
457,0,911,593,1190,957
457,2,857,487,1055,801
457,1,1547,636,1835,922
458,0,910,593,1189,957
458,2,857,487,1055,805
458,1,1556,635,1840,922
459,0,910,592,1190,959
459,2,857,487,1054,804
459,1,1570,632,1843,914
460,0,910,591,1190,958
460,2,857,486,1053,804
460,1,1580,632,1850,918
461,0,911,590,1189,956
461,2,858,486,1054,800
461,1,1589,632,1860,920
462,0,911,589,1189,954
462,2,858,485,1054,796
462,1,1600,632,1862,927
463,0,911,588,1189,954
463,2,858,485,1054,796
463,1,1607,632,1865,926
464,0,911,588,1190,954
464,2,858,484,1054,795
464,1,1611,632,1867,924
465,2,858,484,1053,795
465,0,913,589,1188,955
465,1,1621,632,1871,919
466,0,913,589,1188,953
466,1,1620,632,1873,919
466,2,857,483,1053,804
467,2,857,483,1052,805
467,0,913,588,1190,954
467,1,1623,632,1874,950
468,0,913,587,1190,954
468,2,857,483,1052,809
468,1,1623,634,1873,951
469,0,913,587,1190,954
469,1,1622,634,1872,950
469,2,857,482,1053,821
470,0,913,586,1190,954
470,1,1620,635,1871,949
470,2,857,480,1054,820
471,0,913,586,1190,953
471,1,1620,636,1869,950
471,2,857,480,1054,804
472,1,1620,636,1869,950
472,0,912,585,1190,954
472,2,857,479,1053,818
473,0,912,584,1190,953
473,1,1620,637,1869,949
473,2,856,479,1054,840
474,0,913,584,1190,952
474,1,1620,637,1869,948
474,2,855,479,1053,828
475,0,913,584,1190,953
475,1,1620,638,1869,945
475,2,855,479,1053,804
476,0,913,583,1191,950
476,1,1620,639,1869,948
476,2,855,477,1054,796
477,0,913,582,1191,950
477,1,1619,639,1869,946
477,2,855,477,1053,799
478,0,913,581,1191,950
478,1,1619,639,1870,944
478,2,855,477,1052,811
479,1,1619,640,1870,941
479,0,913,580,1191,947
479,2,855,475,1054,818
480,1,1619,640,1870,941
480,0,913,579,1191,946
480,2,856,474,1052,800
481,0,913,578,1192,946
481,1,1618,641,1871,942
481,2,856,474,1053,794
482,0,913,578,1192,945
482,1,1618,641,1872,940
482,2,856,473,1053,798
483,0,913,577,1192,945
483,1,1617,642,1872,938
483,2,855,473,1051,794
484,1,1616,642,1872,938
484,0,913,576,1192,945
484,2,856,472,1051,797
485,0,913,574,1192,944
485,2,856,471,1053,795
485,1,1615,643,1872,934
486,0,913,574,1192,946
486,1,1614,643,1872,931
486,2,856,471,1053,788
487,0,913,573,1191,947
487,2,856,470,1052,789
487,1,1613,644,1872,928
488,1,1612,644,1873,928
488,2,855,470,1053,788
488,0,916,572,1191,944
489,0,915,572,1192,944
489,2,856,469,1053,788
489,1,1612,644,1873,932
490,0,915,572,1191,944
490,2,856,468,1053,788
490,1,1613,644,1873,932
491,0,915,572,1190,944
491,1,1614,644,1873,929
491,2,857,468,1053,797
492,1,1614,644,1873,929
492,0,914,571,1190,944
492,2,856,467,1053,798
493,0,914,570,1190,942
493,1,1614,644,1873,931
493,2,855,467,1052,783
494,0,914,569,1190,942
494,1,1614,644,1873,931
494,2,855,466,1052,785
495,1,1614,643,1872,931
495,2,855,466,1052,787
495,0,914,568,1191,941
496,0,914,568,1191,941
496,1,1614,643,1872,930
496,2,856,466,1051,778
497,2,855,466,1051,778
497,1,1614,642,1872,929
497,0,913,565,1192,941
498,2,855,464,1051,776
498,0,914,564,1191,939
498,1,1613,641,1872,926
499,1,1613,641,1872,927
499,0,914,563,1191,939
499,2,855,464,1050,776
500,1,1612,641,1872,926
500,0,914,564,1190,940
500,2,856,463,1050,777
501,1,1612,641,1872,926
501,0,914,563,1191,940
501,2,856,463,1050,775
502,0,913,563,1191,939
502,1,1612,641,1872,927
502,2,856,463,1050,778
503,1,1612,641,1872,928
503,0,914,564,1191,939
503,2,856,463,1051,773
504,0,914,564,1191,939
504,1,1612,641,1872,928
504,2,856,463,1051,771
505,1,1613,641,1872,928
505,2,856,463,1051,770
505,0,913,563,1191,937
506,1,1613,641,1872,927
506,0,912,564,1191,936
506,2,855,463,1051,768
507,2,855,463,1051,769
507,0,913,564,1190,937
507,1,1612,641,1872,926
508,0,913,564,1190,937
508,1,1612,641,1871,926
508,2,855,464,1051,767
509,1,1612,641,1872,927
509,0,912,564,1190,936
509,2,855,464,1051,771
510,0,912,564,1190,937
510,1,1612,641,1871,927
510,2,855,464,1051,775
511,0,912,564,1190,936
511,1,1611,641,1871,925
511,2,855,461,1048,775
512,0,912,564,1189,936
512,1,1611,641,1872,925
512,2,855,461,1048,769
513,0,912,564,1189,936
513,1,1611,641,1872,926
513,2,854,461,1048,766
514,0,912,564,1189,937
514,2,854,461,1048,765
514,1,1611,641,1872,925
515,0,912,564,1190,936
515,1,1611,641,1872,924
515,2,856,462,1051,763
516,0,912,564,1190,937
516,1,1610,641,1872,924
516,2,855,461,1048,763
517,0,912,564,1190,938
517,1,1610,641,1872,924
517,2,855,461,1049,766
518,0,912,564,1190,937
518,1,1610,641,1871,925
518,2,854,460,1048,763
519,0,912,564,1190,938
519,1,1610,641,1871,926
519,2,854,461,1048,770
520,0,912,564,1190,938
520,1,1610,641,1871,924
520,2,855,462,1051,777
521,0,913,565,1190,937
521,1,1610,641,1871,925
521,2,855,462,1051,776
522,0,912,565,1190,937
522,2,855,462,1051,777
522,1,1610,641,1871,923
523,0,913,565,1190,937
523,1,1610,641,1871,920
523,2,855,462,1051,772
524,0,912,565,1190,937
524,2,855,462,1051,773
524,1,1610,640,1871,917
525,0,912,565,1190,937
525,2,855,462,1051,773
525,1,1610,640,1871,918
526,0,912,565,1190,937
526,2,855,462,1051,773
526,1,1610,640,1871,921
527,0,912,565,1189,937
527,1,1610,640,1871,922
527,2,854,462,1050,773
528,0,912,565,1189,937
528,2,854,462,1050,770
528,1,1610,640,1871,925
529,0,912,565,1189,936
529,1,1610,640,1871,923
529,2,854,461,1049,771
530,0,912,565,1189,936
530,1,1610,640,1871,922
530,2,854,461,1049,774
531,0,912,565,1188,936
531,1,1610,640,1871,921
531,2,853,461,1049,776
532,0,911,565,1188,936
532,2,853,462,1049,777
532,1,1610,640,1871,918
533,0,910,565,1188,936
533,2,853,462,1049,780
533,1,1611,640,1871,915
534,0,910,564,1188,936
534,1,1610,639,1870,915
534,2,853,461,1049,775
535,0,910,565,1188,936
535,2,853,461,1050,772
535,1,1610,639,1870,918
536,0,909,564,1188,935
536,1,1610,638,1870,916
536,2,852,461,1049,774
537,0,909,563,1189,934
537,1,1609,638,1870,914
537,2,853,460,1049,789
538,0,909,563,1188,934
538,1,1609,638,1870,914
538,2,853,459,1049,783
539,2,853,459,1049,782
539,0,909,563,1188,936
539,1,1609,638,1870,917
540,0,909,564,1188,935
540,1,1609,637,1870,915
540,2,853,458,1049,773
541,0,908,564,1187,935
541,2,852,458,1050,774
541,1,1608,636,1870,920
542,1,1608,635,1869,919
542,0,909,563,1186,934
542,2,852,457,1050,771
543,2,852,457,1050,772
543,0,908,562,1187,934
543,1,1608,635,1869,917
544,0,908,561,1187,935
544,1,1609,635,1869,917
544,2,852,457,1051,771
545,0,909,561,1186,933
545,2,853,455,1050,771
545,1,1608,634,1869,920
546,0,908,561,1186,933
546,2,853,454,1050,773
546,1,1608,633,1868,917
547,0,908,561,1186,933
547,1,1608,632,1868,917
547,2,853,454,1050,772
548,0,908,560,1186,933
548,1,1609,632,1868,915
548,2,852,454,1048,769
549,2,851,454,1049,770
549,0,907,559,1186,932
549,1,1609,632,1868,920
550,0,907,558,1186,931
550,2,851,453,1049,772
550,1,1609,631,1867,915
551,0,907,557,1186,931
551,1,1608,631,1867,916
551,2,852,452,1050,772
552,0,908,557,1186,931
552,2,852,451,1049,777
552,1,1608,630,1867,910
553,0,907,557,1186,931
553,2,851,451,1047,775
553,1,1608,628,1868,904
554,1,1608,628,1868,904
554,2,852,451,1048,775
554,0,907,557,1186,930
555,0,907,555,1186,930
555,1,1608,627,1868,906
555,2,852,450,1049,768
556,0,908,554,1187,930
556,2,851,449,1049,764
556,1,1609,627,1867,916
557,1,1609,626,1867,916
557,0,909,554,1187,928
557,2,852,447,1049,762
558,0,908,554,1187,927
558,2,852,447,1050,767
558,1,1608,626,1868,913
559,0,908,553,1187,927
559,1,1608,625,1868,914
559,2,851,448,1051,770
560,2,851,447,1050,770
560,1,1609,625,1868,915
560,0,908,553,1187,923
561,0,908,552,1187,923
561,1,1609,624,1868,911
561,2,852,447,1048,768
562,0,908,552,1187,922
562,2,851,446,1048,769
562,1,1609,624,1867,905
563,0,908,552,1188,921
563,2,851,446,1048,772
563,1,1609,623,1868,900
564,0,908,551,1187,920
564,2,851,446,1048,771
564,1,1609,623,1867,896
565,0,908,551,1187,921
565,2,851,445,1048,770
565,1,1610,623,1868,901
566,0,908,551,1187,921
566,2,852,445,1049,769
566,1,1610,623,1868,908
567,0,908,551,1187,920
567,1,1612,622,1868,909
567,2,851,445,1049,773
568,0,908,550,1188,920
568,2,851,445,1049,772
568,1,1611,622,1868,905
569,0,908,550,1188,919
569,2,852,445,1049,772
569,1,1610,622,1868,909
570,1,1609,622,1868,909
570,0,907,550,1187,920
570,2,852,445,1048,771
571,1,1609,622,1868,908
571,0,906,549,1187,917
571,2,851,445,1048,766
572,0,906,550,1187,917
572,1,1609,622,1868,904
572,2,851,445,1047,762
573,0,906,549,1187,918
573,1,1609,621,1868,910
573,2,851,444,1046,757
574,2,851,444,1046,756
574,0,906,549,1186,917
574,1,1608,621,1868,904
575,2,851,444,1045,756
575,0,906,549,1186,916
575,1,1609,621,1867,901
576,0,906,549,1186,917
576,1,1609,621,1868,903
576,2,851,444,1046,760
577,1,1609,621,1867,903
577,0,906,549,1186,917
577,2,851,444,1045,763
578,0,907,549,1186,917
578,1,1609,621,1867,909
578,2,851,443,1047,769
579,0,906,549,1186,916
579,1,1609,620,1867,910
579,2,852,443,1047,777
580,0,907,549,1186,916
580,1,1609,620,1867,908
580,2,851,443,1047,773
581,0,907,548,1187,916
581,1,1609,619,1867,907
581,2,851,443,1047,772
582,1,1609,619,1867,907
582,0,907,548,1188,917
582,2,850,443,1047,763
583,1,1609,619,1867,907
583,0,907,548,1190,916
583,2,850,443,1047,765
584,0,906,548,1190,916
584,2,851,443,1047,762
584,1,1609,619,1867,899
585,1,1609,619,1867,899
585,0,906,547,1190,916
585,2,851,443,1047,761
586,0,906,547,1190,917
586,1,1609,619,1867,897
586,2,851,443,1047,757
587,2,850,443,1047,758
587,0,906,547,1189,916
587,1,1611,618,1866,900
588,0,906,546,1188,917
588,2,851,442,1047,760
588,1,1611,618,1866,906
589,0,906,547,1188,916
589,1,1611,618,1866,907
589,2,851,442,1047,764
590,0,906,547,1188,915
590,1,1611,618,1866,908
590,2,851,442,1046,766
591,0,905,547,1188,915
591,1,1611,617,1866,908
591,2,851,442,1046,763
592,0,906,547,1188,915
592,1,1610,617,1866,907
592,2,851,441,1046,764
593,0,906,547,1188,915
593,2,852,440,1047,764
593,1,1610,616,1866,902
594,0,907,547,1188,914
594,2,852,440,1048,762
594,1,1611,616,1866,893
595,0,907,547,1188,915
595,1,1611,616,1866,889
595,2,853,440,1048,767
596,0,907,547,1188,915
596,2,853,439,1048,768
596,1,1612,616,1866,893
597,0,907,546,1188,915
597,2,853,437,1049,769
597,1,1611,616,1866,898
598,0,907,546,1188,915
598,2,852,437,1049,766
598,1,1611,616,1866,906
599,0,907,545,1187,916
599,1,1612,616,1866,905
599,2,853,436,1050,763
600,0,907,546,1186,916
600,2,852,436,1050,766
600,1,1611,616,1865,908
601,1,1611,616,1865,907
601,0,905,546,1186,916
601,2,854,435,1048,802
601,6,905,546,1190,1079
602,0,905,546,1186,916
602,2,854,434,1047,807
602,1,1610,616,1864,897
603,0,904,546,1186,916
603,1,1610,615,1864,891
603,2,854,433,1046,815
604,0,905,546,1185,916
604,1,1610,615,1863,887
604,2,853,433,1046,796
605,0,905,546,1185,917
605,1,1611,615,1863,889
605,2,853,433,1046,808
606,0,905,546,1185,917
606,1,1610,615,1862,895
606,2,853,433,1046,819
607,0,904,546,1185,917
607,2,852,432,1045,816
607,1,1610,615,1862,902
608,0,903,546,1185,916
608,1,1609,615,1862,907
608,2,850,432,1045,795
609,0,903,546,1185,916
609,1,1609,616,1860,907
609,2,850,432,1045,820
610,0,903,546,1185,916
610,2,850,432,1045,817
610,1,1609,616,1860,903
611,0,902,546,1185,915
611,1,1608,615,1861,905
611,2,850,431,1046,810
612,0,902,546,1185,915
612,1,1608,615,1861,903
612,2,850,431,1046,796
613,0,903,546,1185,915
613,1,1608,615,1861,900
613,2,850,431,1044,809
614,0,903,546,1185,916
614,1,1608,615,1860,895
614,2,850,431,1047,763
615,0,903,546,1185,916
615,1,1609,614,1860,894
615,2,850,430,1046,815
616,0,903,546,1185,915
616,2,850,430,1046,813
616,1,1609,614,1860,897
617,0,903,546,1185,916
617,2,850,429,1046,809
617,1,1610,613,1862,896
618,0,903,546,1185,915
618,2,850,430,1047,807
618,1,1610,611,1864,904
619,0,903,546,1185,916
619,1,1608,611,1866,905
619,2,851,429,1046,822
620,0,904,546,1185,916
620,2,852,429,1047,816
620,1,1606,609,1868,902
621,0,904,546,1185,916
621,2,852,429,1047,812
621,1,1605,609,1871,897
622,0,904,546,1184,916
622,2,852,428,1047,818
622,1,1604,609,1876,892
623,0,904,546,1184,916
623,2,852,428,1047,818
623,1,1605,608,1877,891
624,0,904,546,1184,915
624,2,852,428,1047,818
624,1,1607,608,1879,887
625,0,904,546,1184,916
625,1,1606,606,1881,884
625,2,851,428,1047,808
626,0,904,546,1183,916
626,2,851,428,1047,801
626,1,1605,605,1874,879
627,0,904,546,1184,915
627,1,1603,603,1875,880
627,2,850,428,1048,818
628,0,904,546,1184,915
628,1,1600,602,1872,876
628,2,850,428,1044,828
629,0,904,545,1184,915
629,2,850,427,1044,829
629,1,1594,599,1870,878
630,0,904,545,1183,915
630,2,852,426,1044,827
630,1,1587,595,1871,874
631,0,905,545,1183,915
631,1,1576,593,1865,876
631,2,851,424,1048,806
631,7,905,545,1186,1079
632,7,905,545,1186,1078
632,0,905,545,1183,915
632,2,852,423,1048,800
632,1,1567,592,1859,876
633,7,905,545,1186,1079
633,0,905,545,1183,917
633,2,851,424,1048,785
633,1,1555,589,1851,873
634,7,904,545,1186,1080
634,0,905,543,1184,915
634,2,850,422,1051,784
634,1,1543,588,1845,870
635,7,905,544,1186,1080
635,0,905,544,1183,913
635,2,852,420,1051,771
635,1,1534,586,1839,866
636,7,904,544,1186,1079
636,0,906,545,1183,914
636,2,850,419,1051,781
636,1,1529,581,1831,863
637,7,904,544,1186,1079
637,0,905,545,1183,914
637,2,852,417,1052,788
637,1,1532,578,1828,858
638,7,905,544,1186,1079
638,0,905,544,1184,914
638,2,853,417,1052,772
638,1,1519,575,1826,857
639,7,904,542,1186,1079
639,0,905,542,1184,914
639,2,854,416,1052,783
639,1,1513,572,1830,852
640,0,905,543,1183,914
640,7,903,543,1187,1078
640,2,855,416,1055,784
640,1,1467,571,1835,852
641,7,904,543,1187,1079
641,0,905,544,1184,915
641,2,858,415,1055,764
641,1,1461,569,1794,851
642,0,904,545,1184,915
642,7,903,544,1187,1079
642,2,859,415,1054,765
642,1,1455,567,1775,850
643,0,904,543,1184,916
643,2,859,415,1056,764
643,1,1437,565,1762,848
644,0,903,544,1183,917
644,2,859,414,1057,776
644,1,1414,563,1753,845
645,0,903,544,1183,916
645,2,859,414,1057,758
645,1,1405,561,1746,847
646,0,903,543,1183,917
646,2,860,414,1058,760
646,1,1391,557,1737,847
647,7,903,544,1186,1079
647,0,903,544,1183,917
647,2,861,413,1059,763
647,1,1369,556,1732,848
648,0,903,545,1183,918
648,7,903,544,1186,1079
648,1,1354,556,1727,848
648,2,863,414,1060,750
649,7,903,544,1186,1079
649,0,904,544,1183,918
649,2,863,415,1059,757
649,1,1341,558,1725,849
650,7,904,545,1187,1078
650,0,904,546,1183,917
650,1,1327,560,1723,849
650,2,865,415,1062,768
651,7,904,544,1187,1079
651,0,904,545,1184,917
651,1,1311,560,1724,850
651,2,869,417,1062,729
652,7,905,546,1187,1078
652,0,905,547,1183,917
652,1,1301,560,1723,850
652,2,877,419,1064,666
653,0,905,545,1183,917
653,2,879,420,1063,661
653,1,1291,561,1721,846
653,7,873,421,1065,758
653,8,1450,558,1722,848
654,0,905,547,1184,917
654,1,1279,558,1720,849
654,2,886,423,1064,660
655,0,904,545,1183,917
655,1,1276,559,1717,848
655,2,891,427,1066,657
656,0,904,543,1183,918
656,1,1274,560,1713,847
656,2,897,433,1066,660
657,0,905,542,1183,917
657,1,1301,560,1706,847
657,2,904,439,1071,658
658,0,905,542,1183,916
658,1,1293,560,1703,848
658,2,895,443,1074,661
659,0,906,542,1183,915
659,1,1298,561,1700,849
659,2,895,447,1077,661
659,7,904,540,1187,1079
660,0,905,542,1182,914
660,7,905,541,1186,1079
660,1,1301,560,1696,847
660,2,895,448,1083,654
661,7,905,543,1187,1079
661,0,906,544,1182,916
661,1,1314,561,1691,848
661,2,894,450,1088,649
662,7,904,541,1187,1079
662,0,905,543,1182,917
662,1,1304,560,1691,849
662,2,894,450,1093,646
663,0,905,544,1182,915
663,1,1301,561,1695,849
663,2,891,450,1104,647
664,0,905,543,1183,915
664,7,904,541,1186,1078
664,1,1306,562,1691,846
664,2,890,451,1114,646
665,7,904,534,1187,1079
665,0,906,539,1182,913
665,1,1319,561,1686,844
665,2,889,451,1128,646
666,0,906,542,1183,913
666,7,905,539,1189,1079
666,2,886,449,1141,646
666,1,1281,560,1683,842
667,0,908,541,1182,913
667,7,907,539,1187,1079
667,2,887,449,1151,646
667,1,1305,559,1682,842
668,7,908,535,1186,1079
668,0,908,536,1182,912
668,1,1314,557,1681,841
668,2,886,446,1170,648
669,7,909,535,1186,1078
669,0,910,538,1182,913
669,1,1303,556,1680,840
669,2,887,450,1155,646
670,7,910,532,1186,1079
670,1,1303,556,1677,839
670,0,911,536,1182,912
670,2,883,454,1193,665
671,0,912,534,1181,911
671,1,1308,555,1678,838
671,2,884,446,1234,663
671,7,1040,446,1236,673
672,1,1309,554,1678,838
672,0,912,531,1181,912
672,2,886,453,1212,669
672,9,911,527,1182,1078
673,9,911,527,1183,1079
673,1,1309,554,1677,837
673,0,912,529,1180,912
673,2,887,453,1209,672
673,7,1043,442,1242,671
674,9,911,525,1184,1079
674,1,1310,553,1677,836
674,0,912,526,1179,911
674,7,1054,440,1245,672
674,2,947,441,1245,667
675,9,911,528,1184,1079
675,1,1309,554,1679,835
675,0,913,531,1180,910
675,7,1059,437,1250,673
675,2,887,447,1215,668
676,9,910,527,1184,1078
676,1,1310,554,1679,835
676,0,912,529,1179,909
676,7,1064,434,1255,674
677,9,910,527,1184,1079
677,0,912,528,1180,908
677,1,1314,554,1679,834
677,7,1067,430,1254,673
678,9,910,526,1185,1079
678,0,912,529,1180,905
678,1,1322,554,1681,833
678,7,1072,426,1253,668
679,9,910,524,1185,1079
679,0,912,526,1181,905
679,1,1330,554,1682,833
679,7,1076,427,1249,667
680,0,911,526,1179,904
680,9,910,526,1183,1079
680,7,1079,426,1246,667
680,1,1339,554,1680,831
681,1,1339,553,1681,830
681,9,909,524,1183,1078
681,0,911,527,1178,904
681,7,1084,427,1249,666
682,9,908,525,1183,1079
682,0,909,528,1178,904
682,1,1338,552,1682,830
682,7,1086,426,1297,664
683,0,908,528,1179,902
683,9,907,525,1184,1079
683,1,1339,552,1682,828
683,7,1091,426,1293,664
684,9,906,526,1183,1079
684,0,908,528,1178,901
684,1,1340,550,1682,827
684,7,1093,428,1300,664
685,0,908,527,1178,901
685,9,906,523,1184,1079
685,1,1337,549,1682,826
685,7,1096,431,1302,665
686,0,907,527,1178,900
686,1,1337,548,1682,827
686,9,906,523,1185,1079
686,7,1098,433,1280,660
687,9,906,522,1185,1079
687,0,907,526,1179,900
687,1,1336,548,1682,826
687,7,1102,434,1287,660
688,9,905,525,1185,1079
688,0,907,527,1178,900
688,1,1335,546,1680,825
688,7,1103,437,1304,663
689,9,905,524,1184,1079
689,0,907,526,1178,899
689,1,1334,545,1680,824
689,7,1103,439,1310,664
690,9,905,523,1185,1079
690,0,907,525,1178,898
690,1,1335,544,1680,824
690,7,1101,440,1311,666
691,9,905,524,1186,1079
691,0,906,524,1178,896
691,7,1103,442,1311,663
691,1,1345,543,1679,821
692,0,906,523,1178,896
692,9,904,522,1185,1078
692,7,1101,443,1310,660
692,1,1358,543,1679,822
693,0,906,523,1178,895
693,9,904,522,1184,1078
693,1,1361,543,1679,820
693,7,1101,445,1276,657
694,0,905,521,1178,895
694,9,904,523,1183,1080
694,1,1363,542,1678,819
694,7,1102,445,1306,657
695,0,905,521,1178,895
695,1,1365,542,1678,819
695,9,903,521,1185,1078
695,7,1101,444,1257,656
696,0,906,521,1177,894
696,9,903,521,1186,1078
696,1,1375,542,1679,819
696,7,1102,442,1309,659
697,0,905,521,1178,894
697,1,1374,542,1679,818
697,9,903,522,1184,1080
697,7,1101,442,1286,656
698,0,905,521,1178,894
698,9,902,519,1184,1078
698,1,1381,541,1679,817
698,7,1101,442,1256,653
699,9,901,520,1185,1078
699,0,904,521,1178,893
699,1,1381,541,1678,816
699,7,1101,440,1258,654
700,0,904,521,1178,892
700,9,901,519,1184,1078
700,7,1100,439,1257,654
700,1,1378,541,1678,815
701,0,904,520,1177,891
701,9,903,521,1182,1080
701,1,1374,541,1678,815
701,7,1100,438,1259,653
702,0,904,520,1177,892
702,9,901,519,1183,1078
702,7,1099,438,1259,650
702,1,1380,540,1678,814
703,1,1381,540,1678,814
703,9,902,520,1182,1080
703,0,904,518,1177,890
703,7,1100,438,1261,650
704,9,902,520,1181,1080
704,0,903,517,1176,889
704,1,1379,540,1679,813
704,7,1099,437,1262,653
705,0,903,517,1176,889
705,9,902,521,1181,1080
705,1,1383,540,1679,813
705,7,1100,437,1262,650
706,9,902,521,1181,1080
706,0,903,518,1176,888
706,1,1383,540,1678,812
706,7,1100,437,1262,649
707,9,902,520,1181,1080
707,0,903,517,1176,889
707,7,1100,437,1263,649
707,1,1381,540,1677,812
708,0,903,515,1176,888
708,9,902,518,1182,1080
708,1,1380,540,1676,811
708,7,1101,437,1262,651
709,9,901,517,1182,1080
709,1,1379,539,1675,810
709,0,902,514,1177,887
709,7,1101,436,1261,650
710,1,1378,539,1675,810
710,9,901,513,1182,1080
710,0,902,510,1176,887
710,7,1100,436,1264,649
711,7,1100,437,1264,649
711,0,902,510,1176,887
711,9,901,512,1182,1080
711,1,1381,539,1675,810
712,0,902,510,1176,887
712,9,901,513,1181,1080
712,1,1380,539,1675,811
712,7,1101,438,1266,647
713,9,901,513,1181,1080
713,0,902,509,1176,886
713,1,1382,539,1675,810
713,7,1100,438,1268,647
714,0,902,509,1176,886
714,9,900,512,1182,1080
714,1,1382,539,1676,810
714,7,1099,438,1268,648
715,0,902,506,1176,886
715,9,901,507,1182,1080
715,1,1380,537,1676,809
715,7,1100,438,1271,647
716,0,902,505,1176,886
716,9,901,505,1182,1080
716,7,1101,439,1271,647
716,1,1376,537,1676,810
717,0,902,504,1176,885
717,9,901,504,1182,1080
717,7,1102,439,1272,647
717,1,1370,537,1675,809
718,9,901,503,1183,1080
718,0,901,503,1176,885
718,1,1372,536,1673,808
718,7,1101,438,1282,647
719,7,1101,438,1282,648
719,0,902,500,1176,885
719,9,901,499,1182,1080
719,1,1367,535,1675,808
720,7,1101,438,1282,647
720,9,901,495,1182,1080
720,0,901,497,1176,885
720,1,1365,535,1673,808
721,9,901,493,1181,1080
721,0,902,495,1176,884
721,1,1377,535,1673,807
721,7,1102,438,1295,648
722,1,1378,534,1674,808
722,9,901,496,1181,1080
722,0,902,497,1176,885
722,7,1102,438,1299,648
723,0,901,497,1176,885
723,9,901,496,1180,1080
723,7,1102,438,1297,648
723,1,1381,535,1675,808
724,9,900,497,1180,1080
724,0,901,498,1176,885
724,7,1102,438,1300,648
724,1,1378,534,1674,808
725,9,901,496,1180,1080
725,0,901,497,1176,885
725,7,1102,438,1302,648
725,1,1320,535,1673,808
726,0,901,499,1176,885
726,9,901,499,1181,1080
726,7,1104,437,1301,647
726,1,1333,534,1673,808
727,9,901,499,1181,1080
727,0,901,499,1176,885
727,7,1103,437,1294,647
727,1,1381,535,1674,808
728,9,900,501,1180,1080
728,0,901,500,1176,885
728,1,1376,536,1674,808
728,7,1104,437,1299,648
729,7,1104,436,1299,648
729,0,901,497,1176,885
729,9,900,497,1181,1080
729,1,1365,535,1674,808
730,0,901,497,1176,885
730,9,900,496,1180,1080
730,1,1358,535,1673,807
730,7,1103,436,1284,647
731,9,900,498,1181,1080
731,0,901,499,1176,884
731,7,1103,436,1282,646
731,1,1344,535,1674,808
731,10,952,437,1271,641
732,9,900,500,1181,1080
732,0,901,500,1176,885
732,7,1104,437,1281,646
732,1,1340,534,1675,808
732,10,906,433,1269,647
733,9,900,500,1181,1080
733,0,901,500,1176,885
733,10,908,433,1269,647
733,1,1334,534,1674,808
733,7,1104,437,1286,646
734,0,901,500,1176,885
734,9,900,501,1180,1080
734,1,1326,534,1674,807
734,7,1109,438,1302,647
735,1,1326,534,1675,807
735,9,900,503,1181,1080
735,0,901,502,1176,885
735,7,1110,439,1307,646
736,0,901,504,1176,885
736,9,900,505,1180,1080
736,1,1331,535,1674,807
736,7,1110,440,1271,643
737,9,900,507,1180,1080
737,0,901,506,1177,885
737,7,1111,440,1274,644
737,10,906,437,1267,646
737,1,1361,535,1674,807
738,9,900,509,1181,1080
738,0,901,507,1177,884
738,7,1113,441,1280,644
738,1,1338,536,1674,807
739,9,901,510,1181,1080
739,0,902,508,1177,885
739,1,1345,538,1674,807
739,7,1113,440,1363,651
740,0,902,509,1177,885
740,9,901,511,1181,1080
740,1,1346,539,1675,807
740,7,1113,441,1302,646
741,9,901,512,1181,1080
741,0,902,509,1177,885
741,1,1349,539,1675,808
741,7,1113,441,1297,645
742,9,901,512,1181,1080
742,0,902,509,1177,884
742,1,1348,540,1676,808
742,10,907,439,1273,645
742,7,1113,441,1288,645
743,9,901,512,1181,1080
743,0,902,510,1177,885
743,10,906,439,1274,645
743,1,1345,540,1675,808
743,7,1112,441,1299,646
744,9,901,513,1182,1080
744,0,902,510,1178,885
744,1,1345,540,1675,808
744,10,906,439,1274,644
744,7,1113,442,1299,645
745,9,901,513,1182,1080
745,0,902,510,1178,885
745,7,1113,442,1297,646
745,1,1350,541,1674,807
746,0,902,511,1178,885
746,9,901,513,1182,1080
746,1,1360,542,1674,808
746,7,1114,442,1287,644
747,9,901,513,1182,1080
747,0,902,511,1178,886
747,1,1365,542,1674,807
747,7,1113,442,1293,645
748,9,900,514,1182,1080
748,0,902,511,1178,885
748,1,1367,542,1674,808
748,7,1114,442,1300,646
749,0,902,512,1178,885
749,9,901,514,1182,1080
749,7,1113,443,1298,646
749,1,1376,542,1674,808
750,9,901,512,1182,1080
750,0,902,510,1178,886
750,7,1111,443,1296,646
750,1,1382,542,1674,809
751,0,903,511,1179,887
751,1,1384,543,1674,808
751,9,900,509,1183,1077
751,7,1111,443,1295,647
752,0,903,511,1179,887
752,9,900,510,1183,1077
752,1,1375,543,1673,808
752,7,1109,442,1299,647
753,9,900,514,1183,1077
753,0,903,515,1179,886
753,1,1381,544,1674,808
753,7,1107,440,1301,648
754,9,900,513,1183,1077
754,0,903,514,1179,887
754,7,1106,438,1300,648
754,1,1376,544,1673,808
755,9,900,516,1183,1078
755,0,903,517,1179,887
755,1,1374,545,1672,808
755,10,905,433,1264,644
755,7,1103,438,1272,647
755,11,1043,439,1260,642
756,0,903,518,1179,887
756,1,1374,545,1672,808
756,9,900,517,1183,1078
756,10,906,433,1257,641
756,7,1102,437,1258,645
757,10,906,432,1256,640
757,0,903,519,1179,887
757,9,900,518,1182,1077
757,1,1376,544,1672,808
757,7,1101,437,1258,644
758,0,903,520,1179,888
758,9,900,518,1183,1077
758,1,1374,544,1672,808
758,10,905,431,1257,642
758,7,1101,437,1260,645
759,0,903,520,1179,888
759,9,900,518,1183,1077
759,1,1374,544,1672,808
759,10,906,433,1260,642
759,7,1102,437,1263,646
760,0,903,519,1179,888
760,9,900,519,1183,1078
760,1,1373,544,1672,807
760,7,1102,438,1263,645
760,10,907,434,1260,642
761,9,900,519,1183,1078
761,1,1372,545,1672,807
761,0,903,520,1179,888
761,7,1106,441,1263,645
761,10,938,442,1261,640
762,0,903,521,1179,888
762,1,1373,545,1671,807
762,9,901,520,1182,1077
762,7,1104,442,1263,643
762,10,907,438,1260,640
763,9,900,519,1182,1078
763,0,903,522,1179,888
763,1,1367,545,1671,807
763,7,1107,442,1266,642
764,9,900,519,1182,1078
764,0,903,522,1178,889
764,1,1365,545,1672,807
764,7,1109,442,1273,643
765,1,1366,545,1671,807
765,9,900,520,1182,1077
765,0,903,523,1178,890
765,7,1111,443,1273,642
766,0,903,523,1178,889
766,9,900,521,1182,1077
766,1,1366,545,1672,807
766,7,1112,443,1272,640
767,9,900,521,1182,1077
767,1,1366,545,1671,807
767,0,903,524,1178,890
767,7,1112,444,1284,646
768,9,900,522,1181,1077
768,0,904,524,1177,890
768,1,1374,545,1671,807
768,7,1112,445,1290,646
769,9,900,522,1181,1077
769,0,903,524,1177,891
769,1,1371,545,1671,807
769,7,1112,445,1285,646
769,11,1037,446,1280,642
770,0,903,524,1177,891
770,9,900,522,1182,1077
770,1,1372,545,1671,807
770,7,1112,445,1295,646
771,9,900,522,1182,1077
771,0,904,524,1177,891
771,1,1372,545,1672,807
771,7,1112,446,1301,647
772,0,904,524,1177,891
772,9,900,522,1183,1077
772,7,1112,446,1302,647
772,1,1369,545,1672,808
773,0,903,524,1177,892
773,1,1369,545,1672,807
773,9,900,522,1181,1077
773,7,1112,447,1299,647
774,0,903,524,1177,892
774,9,900,523,1180,1077
774,1,1373,545,1672,808
774,7,1112,447,1293,647
775,0,903,525,1177,892
775,9,900,523,1182,1077
775,1,1374,545,1673,808
775,7,1112,447,1297,647
776,9,900,522,1182,1077
776,0,903,525,1177,892
776,1,1376,544,1673,808
776,7,1112,447,1300,646
777,9,900,523,1182,1077
777,0,903,526,1177,892
777,1,1376,544,1671,807
777,7,1112,447,1301,647
778,0,903,525,1177,892
778,9,900,522,1182,1078
778,1,1376,544,1671,807
778,7,1112,447,1296,646
779,9,900,522,1182,1077
779,0,903,525,1177,892
779,1,1378,543,1672,807
779,7,1112,447,1297,646
780,9,900,522,1182,1077
780,0,903,525,1177,892
780,1,1380,543,1672,807
780,7,1112,447,1285,646
781,9,901,523,1183,1078
781,0,904,526,1178,893
781,1,1381,543,1673,808
781,7,1112,447,1290,646
782,0,904,526,1178,893
782,9,901,523,1183,1078
782,1,1382,543,1674,808
782,7,1112,447,1291,647
783,0,904,527,1178,892
783,9,901,523,1184,1078
783,1,1381,544,1674,809
783,7,1112,447,1286,647
783,11,945,449,1279,643
784,9,901,523,1184,1078
784,0,904,527,1178,892
784,1,1378,544,1674,808
784,7,1112,447,1291,647
785,9,901,523,1184,1078
785,0,905,527,1178,892
785,1,1379,543,1674,808
785,7,1112,447,1294,647
786,9,901,524,1184,1078
786,1,1379,543,1674,808
786,0,905,527,1178,891
786,7,1113,447,1300,648
787,9,901,524,1184,1078
787,0,905,528,1179,890
787,7,1113,447,1301,648
787,1,1378,543,1675,808
788,0,905,527,1179,890
788,9,901,524,1185,1077
788,1,1376,543,1675,809
788,7,1114,447,1302,649
789,9,901,524,1185,1078
789,0,904,527,1178,889
789,1,1378,542,1675,808
789,7,1114,447,1305,650
790,9,901,524,1185,1077
790,0,904,528,1179,889
790,1,1377,543,1676,809
790,7,1114,447,1304,649
791,0,904,528,1179,889
791,7,1114,447,1304,649
791,9,901,525,1186,1078
791,1,1376,544,1675,809
792,0,904,528,1179,889
792,9,901,524,1186,1077
792,7,1113,447,1303,649
792,1,1374,545,1675,809
793,0,904,528,1179,889
793,9,901,525,1185,1077
793,1,1374,547,1675,809
793,7,1114,447,1302,649
794,1,1375,547,1676,809
794,0,904,529,1179,889
794,9,901,525,1186,1077
794,7,1112,446,1303,649
795,0,904,529,1179,889
795,9,900,525,1186,1077
795,1,1374,547,1676,809
795,7,1113,446,1305,650
796,0,904,529,1179,889
796,9,900,525,1186,1078
796,1,1374,547,1677,808
796,7,1112,445,1305,649
797,9,900,525,1186,1078
797,1,1374,547,1677,808
797,0,904,528,1179,889
797,7,1113,445,1299,648
798,1,1374,547,1676,808
798,0,904,529,1179,890
798,9,900,525,1186,1078
798,7,1114,444,1301,649
799,9,900,526,1187,1078
799,1,1375,548,1677,809
799,0,904,529,1180,891
799,7,1114,444,1301,648
800,9,901,526,1187,1077
800,0,904,530,1180,892
800,1,1376,548,1677,808
800,7,1113,443,1281,647
801,0,904,530,1180,892
801,9,901,526,1186,1078
801,1,1375,548,1677,809
801,7,1111,443,1284,646
802,9,901,526,1188,1078
802,0,904,530,1181,891
802,1,1376,549,1677,808
802,7,1116,444,1279,644
803,9,901,526,1188,1078
803,1,1376,549,1677,809
803,0,905,530,1181,891
803,7,1117,443,1281,642
804,1,1376,549,1677,808
804,9,901,526,1187,1077
804,0,905,531,1181,892
804,7,1118,443,1280,644
805,9,901,526,1187,1078
805,0,905,531,1181,891
805,1,1377,549,1678,809
805,7,1117,442,1293,646
806,0,905,531,1181,891
806,9,901,527,1187,1077
806,1,1376,549,1678,809
806,7,1118,442,1293,647
807,0,905,531,1181,891
807,9,901,527,1187,1077
807,1,1376,549,1677,809
807,7,1117,442,1297,647
808,0,905,531,1181,891
808,9,901,527,1187,1078
808,1,1377,550,1677,809
808,7,1119,442,1300,649
809,9,901,527,1187,1078
809,0,905,532,1181,891
809,1,1376,550,1676,810
809,7,1118,443,1291,649
810,9,901,527,1187,1078
810,1,1377,550,1676,809
810,0,905,532,1181,891
810,7,1119,443,1290,649
811,0,905,533,1181,891
811,9,901,529,1186,1077
811,1,1376,550,1677,809
811,7,1118,444,1299,647
812,9,901,529,1186,1078
812,1,1375,551,1678,809
812,0,905,533,1181,890
812,7,1118,445,1299,648
813,1,1375,550,1678,809
813,9,901,529,1186,1078
813,7,1118,445,1299,647
813,0,905,533,1181,889
814,9,902,529,1186,1078
814,0,905,533,1181,888
814,1,1374,551,1677,809
814,7,1118,445,1301,647
815,0,905,533,1181,888
815,9,901,529,1186,1077
815,1,1375,551,1677,809
815,7,1118,446,1302,648
816,9,901,530,1186,1077
816,0,905,534,1181,888
816,1,1375,551,1678,809
816,7,1118,447,1303,648
817,9,901,530,1186,1077
817,0,905,534,1181,888
817,1,1375,551,1678,809
817,7,1118,446,1302,648
818,9,902,530,1185,1077
818,0,905,533,1181,889
818,1,1375,551,1678,809
818,7,1118,446,1302,648
819,9,902,530,1186,1077
819,1,1375,551,1677,809
819,0,906,533,1182,888
819,7,1120,446,1305,649
820,9,902,530,1186,1077
820,0,905,533,1182,888
820,1,1376,551,1676,809
820,7,1119,446,1303,649
821,0,905,533,1182,888
821,1,1376,551,1676,809
821,9,902,530,1186,1077
821,7,1119,446,1303,649
822,9,902,530,1186,1077
822,0,905,533,1182,888
822,1,1376,551,1677,809
822,7,1119,446,1304,649
823,7,1119,446,1304,649
823,9,902,530,1186,1077
823,0,905,533,1182,888
823,1,1375,551,1676,809
824,0,905,533,1182,889
824,9,901,531,1186,1077
824,1,1375,552,1677,809
824,7,1119,446,1303,650
825,0,905,533,1182,889
825,9,901,530,1187,1077
825,1,1376,552,1678,809
825,7,1119,446,1303,649
826,9,901,530,1187,1077
826,0,905,533,1182,889
826,1,1376,552,1678,809
826,7,1119,446,1303,649
827,0,905,533,1182,888
827,7,1119,446,1303,649
827,1,1376,552,1678,809
827,9,901,530,1186,1077
828,0,905,533,1183,889
828,1,1375,552,1678,809
828,9,902,531,1187,1077
828,7,1119,446,1305,650
829,9,902,531,1187,1078
829,0,905,533,1183,889
829,1,1375,552,1678,809
829,7,1119,446,1304,650
830,0,905,533,1184,889
830,9,902,531,1188,1077
830,1,1375,552,1679,810
830,7,1119,447,1306,650
831,1,1375,552,1679,810
831,0,905,533,1184,888
831,9,902,532,1189,1077
831,7,1120,447,1307,650
832,0,905,533,1184,889
832,9,902,531,1189,1077
832,1,1375,553,1680,810
832,7,1119,447,1306,650
833,9,902,531,1189,1077
833,0,905,533,1184,889
833,1,1375,553,1680,810
833,7,1119,447,1307,650
834,9,902,531,1189,1077
834,1,1376,552,1680,810
834,0,905,533,1184,888
834,7,1119,447,1306,650
835,9,902,531,1189,1077
835,0,905,533,1184,888
835,7,1119,447,1305,649
835,1,1377,552,1680,811
836,9,902,531,1189,1077
836,0,906,533,1184,888
836,7,1120,447,1306,649
836,1,1376,552,1680,811
837,9,902,531,1189,1077
837,7,1120,447,1306,649
837,0,906,533,1184,888
837,1,1375,551,1680,811
838,0,906,533,1184,888
838,1,1376,551,1679,811
838,9,902,531,1189,1077
838,7,1120,448,1305,649
839,9,902,531,1189,1077
839,0,906,533,1184,888
839,1,1376,551,1679,812
839,7,1120,448,1305,649
840,9,902,531,1190,1077
840,0,906,533,1185,887
840,1,1377,550,1680,811
840,7,1120,448,1304,649
841,1,1377,549,1679,811
841,0,907,533,1186,887
841,7,1119,448,1302,649
841,9,904,533,1190,1080
842,1,1377,549,1680,811
842,9,904,533,1191,1080
842,0,907,533,1187,886
842,7,1119,448,1304,649
843,9,904,533,1192,1080
843,1,1377,549,1680,811
843,0,907,532,1189,886
843,7,1119,448,1301,649
844,1,1377,549,1680,812
844,9,904,533,1193,1080
844,0,907,532,1189,886
844,7,1119,448,1298,649
845,9,904,533,1194,1080
845,0,907,532,1190,886
845,1,1378,549,1682,812
845,7,1119,448,1293,649
846,9,904,533,1194,1080
846,1,1379,549,1681,813
846,0,907,532,1191,886
846,7,1119,449,1289,649
847,9,904,533,1194,1080
847,0,907,532,1191,886
847,1,1379,549,1681,812
847,7,1119,449,1289,649
848,9,904,532,1194,1080
848,1,1379,549,1682,812
848,0,906,532,1190,886
848,7,1120,448,1303,650
849,9,904,532,1194,1080
849,0,906,531,1190,887
849,1,1379,549,1682,812
849,7,1120,448,1300,650
850,9,904,532,1194,1080
850,0,906,531,1191,887
850,1,1380,548,1682,812
850,7,1119,449,1289,649
851,9,904,532,1194,1080
851,0,906,531,1191,886
851,1,1380,548,1682,812
851,7,1118,449,1297,649
852,9,904,531,1194,1080
852,0,906,532,1191,885
852,1,1381,548,1682,812
852,7,1118,449,1295,649
853,9,904,531,1194,1080
853,1,1381,547,1681,812
853,0,907,531,1191,886
853,7,1117,449,1290,647
854,0,906,531,1192,887
854,9,904,530,1195,1080
854,1,1382,547,1681,811
854,7,1117,449,1287,648
855,9,904,530,1194,1080
855,1,1382,546,1681,811
855,0,906,531,1192,887
855,7,1117,449,1286,646
856,9,904,530,1194,1080
856,0,906,531,1191,888
856,1,1382,547,1682,811
856,7,1118,449,1298,648
857,1,1380,546,1682,811
857,9,904,530,1192,1080
857,0,906,531,1189,887
857,7,1116,448,1304,652
858,1,1382,546,1682,811
858,0,906,531,1185,888
858,9,903,527,1190,1077
858,7,1117,448,1311,655
859,1,1383,546,1682,811
859,9,903,527,1188,1076
859,0,906,531,1184,887
859,7,1117,448,1307,648
860,9,904,527,1190,1076
860,0,906,532,1185,887
860,1,1386,545,1682,811
860,7,1114,448,1303,649
860,12,918,445,1289,646
861,9,904,528,1189,1077
861,1,1385,545,1682,810
861,0,907,532,1185,888
861,7,1116,447,1300,648
862,9,904,528,1189,1077
862,1,1385,545,1682,811
862,0,907,531,1185,888
862,7,1117,448,1301,648
863,9,904,527,1189,1076
863,1,1384,545,1682,810
863,0,907,531,1185,889
863,7,1117,448,1302,648
864,1,1384,545,1682,811
864,9,904,528,1191,1076
864,0,907,531,1187,890
864,7,1118,448,1301,648
865,0,906,531,1187,890
865,9,903,529,1191,1077
865,1,1385,544,1682,810
865,7,1117,448,1300,648
866,0,906,531,1187,889
866,1,1383,544,1682,810
866,7,1117,448,1299,648
866,9,904,531,1191,1080
867,0,906,530,1187,890
867,1,1385,544,1682,811
867,7,1118,448,1300,649
867,9,903,527,1192,1077
868,9,903,527,1191,1076
868,0,906,530,1187,891
868,1,1385,544,1683,811
868,7,1117,448,1296,647
869,9,903,527,1190,1076
869,0,906,529,1186,891
869,1,1380,544,1683,811
869,7,1118,448,1303,648
870,9,902,526,1190,1076
870,0,906,529,1187,890
870,1,1381,544,1683,811
870,7,1117,449,1292,644
871,9,902,526,1191,1077
871,0,906,529,1186,891
871,1,1378,544,1681,809
871,7,1117,448,1295,644
872,0,906,529,1186,891
872,9,902,526,1191,1078
872,1,1380,543,1681,809
872,7,1115,448,1289,639
873,9,902,526,1191,1077
873,0,906,529,1186,891
873,1,1376,543,1682,809
873,7,1113,448,1296,645
874,0,906,529,1186,891
874,9,902,526,1191,1077
874,1,1377,542,1682,809
874,7,1115,448,1294,647
875,9,902,525,1191,1078
875,0,906,530,1187,891
875,1,1384,541,1682,809
875,7,1111,448,1290,643
876,9,902,525,1191,1077
876,0,906,529,1187,891
876,1,1385,541,1681,809
876,7,1110,448,1289,644
876,12,933,450,1287,638
877,9,901,526,1191,1077
877,0,906,528,1186,891
877,1,1383,541,1682,809
877,7,1111,449,1289,645
878,0,906,529,1186,891
878,9,902,526,1191,1077
878,1,1390,541,1682,809
878,7,1109,449,1287,643
879,0,906,529,1186,890
879,1,1390,541,1683,809
879,9,902,527,1191,1077
879,7,1110,449,1288,645
880,0,905,529,1186,890
880,9,901,526,1192,1077
880,1,1393,541,1683,809
880,7,1110,449,1289,645
881,9,902,526,1191,1077
881,0,906,528,1186,890
881,1,1389,541,1683,809
881,7,1111,449,1287,646
882,0,906,528,1186,890
882,9,902,526,1191,1077
882,1,1390,541,1683,808
882,7,1110,449,1286,645
883,9,902,526,1191,1077
883,0,905,529,1186,890
883,7,1109,450,1286,644
883,1,1388,540,1682,808
884,0,906,529,1186,889
884,7,1108,450,1285,646
884,1,1382,540,1682,808
885,0,905,529,1186,889
885,7,1109,449,1285,646
885,1,1383,540,1683,808
886,0,905,528,1186,889
886,1,1384,539,1683,808
886,7,1109,449,1287,646
887,0,905,528,1186,889
887,9,902,525,1191,1077
887,7,1109,450,1289,645
887,1,1393,540,1684,808
888,0,905,528,1186,889
888,9,901,524,1191,1077
888,1,1390,540,1684,808
888,7,1108,450,1287,644
889,9,901,524,1192,1077
889,0,905,528,1186,889
889,1,1389,540,1683,808
889,7,1109,450,1290,644
890,0,906,528,1186,889
890,9,902,524,1191,1077
890,1,1390,540,1683,808
890,7,1109,450,1290,642
891,9,901,524,1191,1077
891,0,905,528,1186,889
891,1,1392,540,1683,808
891,7,1108,450,1286,643
892,0,905,528,1186,889
892,9,901,525,1191,1077
892,1,1388,540,1683,808
892,7,1109,450,1287,645
893,0,905,528,1186,889
893,1,1389,540,1683,808
893,9,901,526,1190,1077
893,7,1109,450,1288,643
894,0,905,528,1186,890
894,9,901,525,1190,1077
894,7,1110,450,1288,642
894,1,1392,540,1684,809
895,9,901,525,1190,1077
895,0,905,527,1186,889
895,1,1389,540,1683,809
895,7,1110,450,1289,639
896,9,901,525,1190,1077
896,0,905,528,1186,889
896,7,1111,450,1288,640
896,1,1385,540,1682,808
897,9,902,524,1190,1077
897,0,905,526,1186,889
897,7,1112,449,1290,641
897,1,1378,540,1683,808
898,0,905,526,1186,889
898,9,902,524,1190,1077
898,7,1111,449,1288,640
898,1,1385,540,1683,809
899,0,905,526,1185,890
899,9,902,524,1190,1077
899,1,1382,541,1683,809
899,7,1112,449,1289,644
900,9,902,523,1189,1077
900,0,905,526,1185,890
900,1,1380,541,1683,809
900,7,1111,450,1289,642
901,0,905,526,1185,890
901,9,902,525,1189,1077
901,1,1379,542,1680,808
901,7,1113,450,1292,648
902,0,905,526,1185,890
902,9,901,525,1189,1076
902,1,1379,541,1680,808
902,7,1113,449,1291,648
903,9,901,524,1189,1077
903,0,905,525,1184,890
903,1,1382,541,1681,808
903,7,1112,450,1291,649
904,9,901,524,1189,1077
904,0,905,525,1183,890
904,7,1112,450,1291,650
904,1,1380,541,1681,808
905,0,905,525,1184,890
905,9,901,524,1190,1077
905,1,1378,542,1681,809
905,7,1111,450,1295,651
906,0,905,525,1183,890
906,9,901,525,1189,1077
906,1,1379,542,1681,809
906,7,1111,450,1295,650
907,0,905,526,1183,890
907,9,901,525,1189,1077
907,7,1111,450,1299,650
907,1,1384,541,1681,809
908,9,901,525,1189,1077
908,0,905,525,1184,890
908,1,1383,541,1681,809
908,7,1110,450,1292,648
909,0,905,525,1184,890
909,9,901,524,1189,1077
909,1,1390,541,1682,809
909,7,1110,449,1290,650
910,0,905,525,1185,890
910,9,901,524,1190,1077
910,1,1388,541,1682,809
910,7,1110,449,1294,651
911,0,905,526,1185,890
911,9,901,525,1190,1077
911,1,1386,541,1683,809
911,7,1110,449,1288,650
912,9,901,525,1189,1077
912,0,905,526,1184,890
912,1,1390,542,1682,809
912,7,1110,449,1284,649
913,9,901,525,1190,1077
913,0,905,526,1185,890
913,1,1390,542,1682,808
913,7,1112,449,1285,649
914,9,901,526,1189,1077
914,0,905,526,1185,891
914,7,1113,449,1286,649
914,1,1386,542,1682,809
915,0,905,527,1185,891
915,9,901,525,1190,1077
915,1,1388,542,1682,809
915,7,1115,449,1287,647
916,0,905,527,1185,890
916,9,901,525,1190,1077
916,1,1384,542,1682,809
916,7,1117,449,1287,646
917,9,901,526,1189,1077
917,0,905,527,1185,890
917,1,1384,541,1682,809
917,7,1118,449,1287,645
918,0,905,527,1185,890
918,9,901,526,1190,1077
918,1,1381,542,1682,809
918,7,1118,449,1283,648
919,9,901,525,1190,1077
919,0,905,527,1185,890
919,7,1118,449,1282,647
919,1,1388,541,1683,809
920,0,905,527,1185,890
920,9,902,526,1190,1077
920,7,1116,449,1283,646
920,1,1382,542,1683,809
921,0,906,527,1185,889
921,9,902,526,1190,1077
921,1,1378,541,1683,809
921,7,1117,449,1285,645
922,0,906,527,1185,889
922,9,902,525,1190,1078
922,1,1379,541,1683,809
922,7,1117,449,1287,646
923,0,906,528,1185,889
923,9,903,526,1190,1078
923,7,1116,449,1285,646
923,1,1390,541,1683,809
924,0,906,528,1185,889
924,9,903,527,1191,1077
924,1,1392,541,1683,809
924,7,1114,450,1287,646
925,0,906,528,1185,889
925,9,902,527,1191,1078
925,1,1392,541,1682,808
925,7,1115,450,1285,650
926,9,902,527,1190,1078
926,0,906,528,1185,890
926,1,1391,541,1682,808
926,7,1115,450,1286,648
927,9,902,529,1190,1078
927,0,906,529,1185,890
927,1,1390,541,1682,809
927,7,1112,449,1285,645
928,0,906,529,1185,890
928,9,902,528,1190,1078
928,1,1391,541,1682,809
928,7,1111,450,1284,649
929,0,906,530,1185,890
929,9,903,528,1190,1076
929,1,1391,542,1682,809
929,7,1110,450,1281,647
930,0,906,530,1185,890
930,9,902,529,1190,1077
930,1,1391,542,1682,809
930,7,1110,450,1283,646
931,1,1391,541,1681,809
931,0,907,531,1185,890
931,9,904,530,1190,1076
931,7,1111,450,1284,645
932,0,907,531,1185,890
932,1,1391,541,1681,809
932,9,904,530,1190,1077
932,7,1110,452,1283,640
932,13,1112,449,1373,648
933,0,907,532,1185,890
933,9,904,531,1191,1077
933,1,1390,541,1682,809
933,7,1109,452,1281,642
933,13,1111,449,1411,659
934,1,1390,541,1682,810
934,0,907,533,1185,890
934,9,904,533,1191,1076
934,7,1109,453,1282,642
934,13,1111,450,1394,654
935,0,907,534,1185,890
935,1,1390,541,1682,810
935,9,904,534,1190,1075
935,7,1109,453,1283,641
935,13,1110,451,1401,653
936,9,904,534,1190,1077
936,0,907,536,1185,890
936,1,1392,541,1682,809
936,7,1109,451,1286,643
937,0,907,536,1185,890
937,9,904,535,1190,1077
937,1,1392,541,1682,809
937,7,1108,451,1285,644
938,9,904,535,1189,1076
938,0,907,537,1184,890
938,1,1391,541,1682,809
938,7,1108,451,1286,643
939,1,1391,541,1682,809
939,9,904,536,1189,1076
939,0,907,539,1184,890
939,7,1108,450,1285,643
940,1,1391,541,1683,809
940,0,907,540,1185,890
940,7,1108,450,1286,642
941,1,1391,541,1682,809
941,0,908,541,1185,890
941,9,904,539,1190,1077
941,7,1108,450,1286,644
942,1,1391,541,1682,809
942,0,908,541,1185,890
942,9,904,540,1190,1077
942,7,1108,450,1286,643
943,1,1391,540,1683,809
943,0,908,543,1185,890
943,9,905,542,1191,1076
943,13,1109,450,1401,653
943,7,1108,452,1282,643
944,0,908,543,1185,890
944,9,905,542,1191,1077
944,1,1391,540,1683,809
944,7,1107,450,1286,643
945,1,1392,540,1683,809
945,9,905,544,1191,1077
945,0,908,545,1185,890
945,7,1107,451,1286,644
946,9,905,545,1191,1077
946,0,908,545,1185,890
946,1,1390,540,1683,809
946,7,1107,453,1283,643
946,13,1107,451,1371,648
947,9,905,546,1191,1077
947,0,908,547,1185,890
947,1,1391,540,1683,808
947,7,1107,451,1286,645
948,0,908,547,1185,890
948,9,904,546,1191,1077
948,1,1390,540,1683,808
948,7,1108,451,1286,645
949,0,907,547,1185,890
949,1,1390,540,1683,808
949,9,904,546,1190,1076
949,7,1108,451,1285,645
950,1,1390,540,1683,808
950,0,907,548,1185,890
950,9,904,547,1190,1076
950,7,1108,451,1285,644
951,1,1391,540,1683,808
951,0,907,549,1185,890
951,9,904,548,1191,1077
951,7,1106,451,1285,643
952,0,907,549,1185,890
952,1,1391,540,1683,808
952,9,904,548,1191,1077
952,7,1106,450,1285,643
953,0,908,549,1185,890
953,9,905,549,1192,1077
953,7,1106,451,1285,643
953,1,1392,541,1682,808
954,0,907,550,1184,890
954,1,1391,540,1682,809
954,9,904,549,1191,1077
954,7,1105,451,1285,642
955,9,904,549,1191,1077
955,0,907,550,1185,890
955,1,1392,540,1682,809
955,7,1105,453,1283,639
956,0,907,550,1185,890
956,9,904,549,1192,1077
956,1,1390,540,1680,809
956,7,1104,450,1285,641
957,9,904,550,1192,1077
957,0,907,551,1184,889
957,1,1389,540,1681,809
957,7,1105,452,1281,639
957,13,1106,450,1412,652
958,0,907,552,1184,889
958,9,904,551,1190,1076
958,7,1105,452,1282,639
958,1,1390,540,1680,809
958,13,1106,450,1373,647
959,9,904,552,1190,1076
959,0,907,553,1184,889
959,1,1391,541,1681,809
959,7,1105,450,1285,641
960,1,1391,541,1681,809
960,9,904,553,1190,1077
960,0,907,553,1184,890
960,7,1105,450,1285,642
961,9,904,553,1190,1076
961,0,907,554,1184,890
961,1,1392,541,1680,808
961,7,1105,450,1286,642
962,0,907,554,1184,890
962,9,904,554,1190,1077
962,1,1392,540,1680,808
962,7,1104,450,1286,643
963,0,907,555,1184,891
963,9,904,554,1190,1077
963,1,1391,540,1681,809
963,7,1104,451,1283,642
963,13,1106,449,1412,653
964,1,1391,540,1681,809
964,0,908,555,1184,890
964,7,1104,451,1284,640
964,13,1106,449,1390,650
965,0,907,555,1184,890
965,9,904,555,1190,1077
965,1,1392,541,1680,808
965,7,1105,450,1287,644
966,1,1392,541,1680,808
966,0,907,555,1184,890
966,9,904,555,1190,1076
966,7,1105,449,1288,644
967,0,907,555,1184,890
967,9,904,554,1190,1077
967,1,1392,541,1681,808
967,13,1106,449,1393,651
967,7,1105,451,1283,643
968,9,904,555,1190,1076
968,0,907,556,1184,890
968,7,1105,451,1285,642
968,1,1388,541,1681,808
969,9,905,556,1190,1076
969,0,908,556,1184,891
969,1,1389,541,1681,808
969,7,1105,449,1288,645
970,0,908,557,1185,891
970,1,1389,541,1682,808
970,13,1106,450,1399,659
970,7,1105,452,1282,643
971,0,908,557,1185,890
971,1,1389,541,1681,808
971,7,1105,450,1287,644
972,0,908,558,1185,890
972,1,1389,541,1682,808
972,9,905,557,1190,1077
972,7,1106,450,1287,644
973,0,908,558,1185,890
973,7,1106,450,1287,643
973,1,1386,541,1681,808
974,0,908,558,1185,890
974,9,905,558,1191,1077
974,1,1386,541,1682,809
974,7,1106,452,1283,641
974,13,1106,449,1388,661
975,0,908,558,1185,890
975,9,904,558,1191,1077
975,1,1384,541,1682,808
975,7,1106,452,1282,640
975,13,1106,449,1398,667
976,0,907,559,1185,890
976,9,904,558,1192,1077
976,1,1385,541,1681,808
976,7,1107,452,1283,641
977,0,907,560,1184,891
977,9,904,560,1191,1077
977,1,1388,541,1680,808
977,7,1104,450,1286,642
978,1,1388,541,1680,808
978,9,904,560,1190,1077
978,0,907,559,1183,891
978,7,1105,452,1283,640
979,1,1388,541,1680,808
979,9,904,561,1190,1077
979,0,907,560,1183,891
979,13,1107,449,1400,666
979,7,1106,452,1282,642
980,9,904,562,1190,1077
980,0,907,562,1183,891
980,1,1387,541,1680,809
980,7,1109,452,1282,640
980,13,1110,449,1394,665
981,1,1387,541,1679,809
981,9,904,564,1189,1077
981,0,907,564,1183,891
981,13,1110,449,1392,663
981,7,1109,451,1280,641
982,1,1387,541,1679,809
982,0,907,565,1183,891
982,7,1110,452,1281,640
982,13,1112,449,1405,674
983,1,1386,541,1680,809
983,0,907,567,1183,891
983,9,905,567,1189,1077
983,7,1110,452,1279,641
983,13,1112,449,1405,679
984,1,1385,541,1680,809
984,9,905,572,1188,1077
984,0,907,571,1183,891
984,7,1109,452,1279,645
984,13,1111,449,1402,675
985,9,905,575,1188,1077
985,0,907,574,1183,891
985,1,1388,541,1680,809
985,13,1111,449,1399,673
986,1,1387,541,1680,808
986,9,905,579,1189,1077
986,0,907,578,1183,891
986,13,1110,449,1397,670
987,1,1388,541,1680,808
987,9,905,582,1188,1078
987,0,907,581,1183,891
987,13,1111,449,1396,666
988,1,1388,541,1680,808
988,0,907,583,1183,891
988,9,905,584,1189,1077
988,13,1111,449,1403,664
989,0,907,582,1182,891
989,1,1386,542,1680,808
989,13,1110,450,1412,669
990,9,905,586,1189,1077
990,1,1385,542,1680,809
990,0,907,585,1182,891
990,13,1109,449,1409,667
991,0,906,588,1181,890
991,1,1388,542,1679,809
991,13,1109,450,1404,665
992,1,1386,542,1678,809
992,0,905,590,1180,890
992,13,1108,450,1404,670
993,1,1386,541,1678,809
993,13,1108,450,1406,671
993,0,904,596,1180,889
994,0,904,596,1180,889
994,1,1383,542,1678,809
994,13,1108,450,1405,672
995,0,904,598,1180,889
995,1,1379,542,1678,809
995,13,1108,449,1404,670
996,1,1380,542,1678,809
996,0,904,599,1180,889
996,7,1108,451,1277,646
996,13,1108,449,1398,663
997,0,904,598,1179,888
997,1,1385,541,1678,809
997,13,1107,449,1404,669
998,1,1386,541,1678,809
998,0,904,599,1179,890
998,7,1106,451,1276,645
998,13,1106,449,1399,664
999,0,904,599,1179,890
999,1,1386,541,1678,809
999,13,1105,449,1402,670
1000,1,1386,542,1678,809
1000,0,904,598,1179,890
1000,13,1105,449,1403,663
1000,7,1067,451,1279,648
1001,1,1386,542,1678,809
1001,0,903,598,1180,889
1001,13,1104,449,1401,665
1002,1,1385,541,1678,809
1002,0,904,598,1180,890
1002,13,1104,449,1399,669
1003,1,1386,542,1678,810
1003,0,903,598,1179,889
1003,7,1084,450,1282,647
1003,13,1105,448,1369,656
1004,0,903,597,1179,889
1004,1,1385,541,1678,809
1004,7,1107,449,1285,648
1005,0,903,595,1179,889
1005,1,1387,542,1677,809
1005,7,1108,449,1282,646
1006,1,1388,542,1678,809
1006,0,903,592,1179,890
1006,7,1108,449,1279,646
1006,9,901,592,1185,1078
1006,13,1028,450,1279,644
1006,14,920,451,1280,643
1007,0,903,592,1180,891
1007,1,1388,541,1678,809
1007,7,1109,448,1287,646
1007,14,930,450,1290,643
1008,1,1389,542,1678,809
1008,0,903,591,1179,891
1008,7,1111,448,1284,645
1008,13,1016,450,1287,643
1009,0,903,590,1179,891
1009,9,901,590,1184,1078
1009,1,1387,542,1677,809
1009,7,1112,448,1280,644
1010,9,901,590,1184,1078
1010,0,903,590,1179,891
1010,1,1385,542,1677,809
1010,7,1112,448,1279,645
1010,14,913,450,1278,636
1011,9,901,590,1184,1078
1011,0,903,589,1179,891
1011,1,1385,541,1677,809
1011,7,1112,449,1278,644
1011,13,1002,450,1280,643
1012,9,901,590,1184,1078
1012,1,1385,542,1677,809
1012,0,903,589,1179,891
1012,14,915,449,1278,637
1012,7,1111,448,1279,644
1013,1,1385,542,1677,809
1013,9,901,588,1184,1078
1013,0,903,586,1179,891
1013,7,1112,448,1279,644
1013,14,913,449,1277,635
1014,1,1385,541,1677,809
1014,0,903,584,1179,891
1014,7,1112,449,1285,646
1014,14,935,450,1287,644
1015,0,903,584,1179,891
1015,1,1386,541,1677,809
1015,9,900,587,1184,1078
1015,7,1110,449,1285,646
1016,9,900,586,1184,1078
1016,0,903,583,1179,891
1016,1,1387,541,1678,809
1016,7,1110,450,1286,646
1017,9,900,585,1184,1078
1017,1,1388,541,1678,809
1017,0,903,582,1179,890
1017,7,1109,449,1283,649
1017,14,969,450,1286,647
1018,0,903,581,1179,890
1018,9,900,584,1184,1078
1018,1,1390,541,1678,809
1018,7,1109,449,1282,651
1018,14,913,450,1281,639
1019,1,1390,541,1678,809
1019,0,903,580,1179,891
1019,9,900,583,1185,1077
1019,7,1109,449,1279,644
1020,0,903,579,1179,891
1020,9,900,582,1184,1078
1020,1,1389,541,1678,809
1020,7,1105,448,1279,642
1020,14,914,449,1275,632
1021,9,900,581,1184,1078
1021,0,903,579,1179,892
1021,7,1105,447,1279,641
1021,14,913,448,1275,630
1021,1,1381,541,1677,808
1022,9,900,581,1183,1078
1022,0,902,578,1178,892
1022,1,1382,540,1677,808
1022,7,1104,447,1278,644
1022,14,912,447,1273,635
1023,9,900,580,1184,1078
1023,0,902,578,1178,893
1023,1,1387,540,1677,809
1023,14,908,450,1276,634
1023,7,1105,448,1276,638
1024,9,900,580,1184,1078
1024,0,902,578,1178,892
1024,1,1384,540,1677,809
1024,7,1106,448,1277,643
1025,0,902,577,1178,892
1025,9,899,579,1185,1078
1025,1,1385,540,1677,809
1025,7,1106,447,1412,677
1026,0,902,576,1178,892
1026,9,899,579,1184,1078
1026,1,1383,539,1676,808
1026,13,1106,448,1276,642
1027,9,899,578,1184,1078
1027,0,902,576,1178,893
1027,1,1382,538,1677,809
1027,7,1107,447,1416,673
1028,9,899,577,1184,1078
1028,0,902,575,1177,893
1028,1,1382,537,1678,808
1028,7,1108,447,1414,671
1029,9,899,577,1184,1078
1029,0,903,574,1177,893
1029,1,1377,538,1678,809
1029,13,1108,449,1272,640
1029,7,1109,446,1418,682
1029,14,1107,448,1331,660
1030,9,900,577,1184,1079
1030,0,903,574,1177,893
1030,1,1387,537,1679,809
1030,7,1108,448,1410,670
1031,0,903,574,1178,893
1031,9,900,576,1184,1078
1031,1,1381,537,1679,808
1031,7,1109,448,1404,664
1031,13,1109,448,1276,646
1032,9,900,576,1184,1079
1032,0,902,573,1178,893
1032,1,1383,537,1680,808
1032,7,1109,448,1405,666
1033,0,902,573,1178,893
1033,9,900,576,1185,1079
1033,1,1384,536,1679,808
1033,7,1110,448,1408,666
1034,9,900,575,1185,1079
1034,0,902,573,1178,892
1034,1,1382,535,1679,808
1034,7,1110,448,1411,670
1035,0,902,573,1178,891
1035,9,899,576,1184,1079
1035,1,1375,535,1679,808
1035,7,1110,447,1405,668
1035,13,1110,448,1278,631
1036,0,902,573,1178,892
1036,9,899,576,1184,1078
1036,1,1374,535,1679,808
1036,13,1111,448,1280,630
1037,9,899,576,1184,1078
1037,0,902,573,1178,892
1037,1,1374,535,1680,808
1037,13,1111,448,1281,628
1038,1,1374,534,1680,808
1038,0,902,572,1179,893
1038,9,899,575,1186,1078
1038,13,1112,449,1283,640
1039,9,899,575,1185,1078
1039,0,902,572,1179,892
1039,1,1376,533,1680,808
1039,13,1111,448,1284,644
1040,0,902,571,1179,892
1040,9,899,574,1186,1079
1040,1,1377,533,1681,807
1040,13,1111,448,1284,646
1041,0,902,571,1179,893
1041,9,900,573,1187,1078
1041,1,1374,533,1682,808
1041,13,1112,448,1280,646
1041,7,1113,448,1392,662
1042,0,902,571,1180,892
1042,7,1113,447,1385,659
1042,1,1386,532,1682,808
1042,14,1112,448,1308,650
1043,9,900,572,1188,1078
1043,0,903,570,1181,891
1043,1,1381,530,1681,807
1043,13,1110,448,1285,638
1044,0,903,570,1181,891
1044,9,901,571,1188,1078
1044,1,1385,529,1682,807
1044,13,1112,448,1286,640
1045,9,901,571,1188,1078
1045,0,904,569,1181,891
1045,1,1385,528,1683,807
1045,13,1112,448,1285,621
1046,9,902,570,1188,1077
1046,0,905,568,1182,892
1046,1,1383,528,1684,807
1046,13,1111,451,1283,615
1047,0,906,568,1183,891
1047,9,903,569,1188,1076
1047,13,1111,451,1283,613
1047,1,1383,524,1690,805
1047,14,1113,447,1333,649
1047,7,1112,446,1403,688
1048,0,906,568,1183,890
1048,9,903,569,1189,1076
1048,1,1380,524,1690,804
1048,14,1113,447,1320,649
1048,13,1107,450,1285,622
1048,7,1113,447,1396,670
1049,9,903,569,1190,1076
1049,0,906,568,1183,890
1049,1,1381,522,1691,804
1049,7,1114,447,1399,668
1049,13,1113,449,1282,626
1050,0,906,567,1184,890
1050,1,1381,522,1690,804
1050,9,903,568,1190,1077
1050,13,1112,449,1283,624
1050,7,1113,447,1399,662
1051,9,905,568,1190,1078
1051,0,908,568,1184,889
1051,1,1384,524,1688,805
1051,13,1113,448,1286,634
1051,7,1113,447,1382,650
1052,9,905,568,1191,1078
1052,0,908,567,1185,888
1052,1,1385,524,1689,805
1052,13,1112,448,1288,632
1052,14,918,450,1287,627
1053,0,908,567,1186,888
1053,1,1387,524,1690,805
1053,13,1117,447,1288,630
1054,0,908,567,1187,887
1054,1,1388,523,1690,805
1054,13,1119,447,1289,628
1055,0,908,567,1187,887
1055,1,1385,521,1694,802
1055,13,1119,448,1290,641
1056,0,908,566,1188,888
1056,9,905,566,1192,1077
1056,1,1389,521,1694,802
1056,13,1119,448,1292,643
1057,1,1388,520,1693,802
1057,9,907,565,1191,1077
1057,0,910,566,1188,889
1057,13,1119,448,1292,634
1058,0,910,564,1189,888
1058,9,907,563,1192,1078
1058,13,1119,448,1290,639
1058,1,1394,523,1689,804
1058,7,1120,447,1399,650
1059,0,911,564,1189,887
1059,9,908,563,1193,1078
1059,7,1119,446,1411,650
1059,1,1387,520,1692,801
1060,9,908,562,1193,1078
1060,0,911,563,1189,887
1060,1,1385,522,1691,804
1060,13,1118,447,1292,618
1061,9,908,562,1193,1078
1061,0,911,563,1189,886
1061,1,1388,522,1691,803
1061,13,1118,446,1292,612
1062,9,908,561,1193,1078
1062,0,910,563,1189,885
1062,1,1387,521,1691,803
1062,13,1118,446,1292,621
1063,0,910,563,1190,886
1063,1,1385,521,1691,802
1063,13,1119,446,1294,633
1064,0,910,563,1190,886
1064,9,908,561,1193,1078
1064,1,1382,521,1691,802
1064,13,1119,446,1294,634
1065,0,911,563,1190,886
1065,9,909,561,1194,1078
1065,1,1378,521,1691,802
1065,13,1119,446,1295,643
1066,9,909,561,1194,1078
1066,0,911,562,1191,885
1066,13,1119,446,1295,643
1066,1,1382,520,1691,802
1067,9,910,560,1195,1079
1067,1,1383,520,1691,802
1067,0,913,562,1191,885
1067,13,1121,446,1295,643
1068,9,911,560,1195,1078
1068,1,1385,520,1691,802
1068,0,914,562,1192,884
1068,13,1121,446,1296,642
1069,1,1385,520,1692,802
1069,9,912,560,1195,1078
1069,13,1121,446,1296,643
1069,0,914,561,1193,885
1070,0,915,561,1193,885
1070,9,913,560,1196,1078
1070,13,1121,445,1296,641
1070,1,1390,520,1692,802
1071,9,912,559,1196,1078
1071,0,914,561,1194,885
1071,1,1389,519,1693,802
1071,13,1122,445,1296,640
1072,0,915,561,1194,884
1072,9,913,560,1197,1078
1072,1,1387,519,1695,802
1072,13,1125,444,1296,637
1073,0,915,561,1194,884
1073,9,914,560,1197,1078
1073,1,1386,519,1695,801
1073,13,1126,444,1296,637
1074,9,914,560,1197,1078
1074,0,915,562,1194,884
1074,1,1385,519,1695,801
1074,13,1126,444,1297,637
1075,0,916,562,1194,884
1075,9,914,560,1196,1078
1075,1,1381,519,1695,801
1075,13,1129,442,1301,639
1076,9,914,559,1197,1078
1076,0,916,560,1194,884
1076,1,1379,519,1696,802
1076,13,1132,442,1303,638
1077,0,916,561,1194,884
1077,9,915,559,1197,1078
1077,1,1377,519,1697,802
1077,13,1135,439,1300,642
1078,0,916,561,1194,884
1078,9,914,559,1196,1078
1078,1,1375,519,1698,802
1078,13,1136,439,1297,641
1079,9,915,559,1197,1078
1079,0,916,560,1195,884
1079,1,1376,519,1696,802
1079,13,1136,440,1296,638
1079,15,928,440,1291,632
1080,1,1377,519,1696,802
1080,0,916,561,1195,883
1080,9,915,560,1197,1078
1080,13,1137,440,1294,637
1080,15,928,442,1289,631
1081,9,915,562,1196,1078
1081,0,916,563,1194,883
1081,1,1378,521,1694,801
1081,15,929,442,1289,625
1081,13,1128,439,1292,631
1082,9,915,561,1197,1078
1082,0,916,562,1195,883
1082,1,1377,521,1695,801
1082,13,1126,441,1293,638
1083,0,916,562,1195,883
1083,9,915,560,1196,1078
1083,1,1378,521,1695,800
1083,13,1125,441,1293,640
1084,0,916,562,1195,883
1084,9,915,560,1196,1078
1084,13,1125,442,1293,640
1084,1,1375,522,1695,800
1085,0,916,562,1195,884
1085,9,915,560,1197,1078
1085,13,1125,442,1292,641
1085,1,1378,521,1695,801
1086,0,916,561,1194,884
1086,9,915,559,1196,1078
1086,1,1373,521,1695,800
1086,13,1124,440,1293,644
1087,9,915,559,1196,1078
1087,0,916,561,1194,884
1087,13,1124,440,1293,645
1087,1,1376,521,1695,801
1088,9,915,559,1196,1078
1088,0,916,561,1194,884
1088,1,1373,521,1695,801
1088,13,1123,442,1293,641
1089,9,915,559,1196,1078
1089,0,917,561,1194,883
1089,1,1372,521,1695,801
1089,13,1122,441,1294,633
1090,0,916,560,1194,883
1090,9,914,558,1195,1078
1090,1,1374,521,1695,801
1090,13,1121,441,1294,632
1090,15,918,444,1293,622
1091,9,915,559,1195,1078
1091,0,916,561,1193,884
1091,1,1372,521,1695,801
1091,13,1122,442,1293,632
1092,0,916,561,1193,884
1092,9,915,559,1195,1078
1092,1,1371,521,1695,801
1092,15,918,444,1292,625
1092,13,1119,441,1293,638
1093,0,916,561,1193,884
1093,9,915,561,1195,1078
1093,1,1375,521,1695,800
1093,13,1117,441,1293,636
1093,15,918,444,1290,621
1094,9,915,561,1195,1078
1094,0,916,561,1193,884
1094,1,1376,521,1695,801
1094,13,1118,441,1293,629
1094,15,923,442,1290,613
1095,0,917,560,1193,884
1095,9,915,560,1194,1078
1095,13,1118,440,1293,628
1095,15,923,442,1290,609
1095,1,1365,521,1695,800
1096,9,914,560,1194,1078
1096,0,916,561,1192,884
1096,15,924,441,1287,607
1096,1,1349,522,1695,800
1096,13,1116,440,1289,623
1097,0,914,560,1191,884
1097,9,912,559,1193,1078
1097,1,1358,521,1694,800
1097,13,1114,439,1287,635
1097,15,916,441,1287,619
1098,0,913,560,1191,884
1098,9,911,558,1193,1078
1098,1,1363,521,1695,800
1098,13,1111,439,1285,634
1098,15,919,440,1284,614
1099,0,913,561,1191,884
1099,9,912,562,1193,1078
1099,1,1359,522,1694,800
1099,15,917,441,1281,618
1099,13,1105,440,1282,636
1100,9,912,563,1193,1078
1100,0,914,562,1192,884
1100,1,1364,522,1694,800
1100,13,1103,439,1275,629
1100,15,923,440,1269,608
1101,1,1365,522,1694,801
1101,9,911,564,1192,1078
1101,0,913,563,1191,884
1101,13,1101,438,1270,630
1101,15,918,440,1270,616
1101,16,1031,439,1268,620
1102,0,913,563,1191,884
1102,9,911,563,1193,1078
1102,1,1356,522,1694,800
1102,13,1099,437,1268,633
1102,16,1038,441,1267,611
1103,9,911,562,1193,1078
1103,0,913,562,1191,884
1103,1,1360,522,1694,800
1103,13,1097,438,1264,643
1104,1,1360,522,1694,800
1104,0,913,562,1190,884
1104,9,911,561,1193,1078
1104,13,1093,437,1262,643
1105,9,911,561,1193,1078
1105,0,912,561,1190,884
1105,1,1362,522,1693,801
1105,13,1091,436,1257,640
1106,1,1362,522,1693,801
1106,0,912,562,1190,885
1106,9,911,563,1193,1078
1106,13,1089,436,1256,642
1107,0,913,561,1190,885
1107,9,910,562,1193,1078
1107,1,1363,521,1693,801
1107,13,1085,437,1257,641
1108,9,910,563,1193,1078
1108,0,912,563,1190,885
1108,1,1366,521,1693,802
1108,13,1080,437,1259,642
1109,9,910,561,1193,1078
1109,0,912,561,1190,885
1109,1,1373,521,1692,801
1109,13,1078,434,1396,654
1110,9,910,561,1194,1078
1110,0,912,560,1190,885
1110,1,1380,521,1693,801
1110,13,1071,436,1410,653
1110,15,904,437,1274,635
1111,9,911,562,1193,1078
1111,0,912,561,1190,884
1111,1,1376,522,1696,801
1111,13,1064,433,1394,650
1111,15,904,433,1247,630
1111,16,908,432,1385,650
1112,0,912,562,1190,884
1112,9,911,563,1193,1078
1112,1,1375,522,1699,801
1112,15,908,430,1251,637
1113,9,911,565,1193,1077
1113,0,911,564,1190,885
1113,15,909,429,1247,636
1113,1,1321,523,1700,801
1114,0,911,563,1191,884
1114,9,911,564,1193,1077
1114,1,1317,523,1702,801
1114,15,906,432,1261,631
1115,0,912,564,1191,884
1115,9,912,565,1193,1078
1115,1,1315,524,1705,801
1115,15,914,434,1210,631
1116,9,912,564,1194,1078
1116,0,912,563,1191,885
1116,1,1311,525,1709,801
1116,15,914,432,1219,634
1117,9,913,563,1194,1078
1117,0,913,562,1191,885
1117,1,1311,523,1712,801
1117,15,908,432,1220,630
1118,0,913,562,1191,884
1118,9,913,565,1194,1078
1118,1,1310,525,1714,801
1118,15,909,430,1170,626
1119,9,913,565,1194,1078
1119,0,914,563,1192,884
1119,1,1312,525,1718,801
1119,15,911,426,1162,623
1120,0,914,562,1192,884
1120,9,913,563,1194,1078
1120,1,1311,526,1720,802
1120,15,911,421,1192,622
1121,9,914,563,1194,1078
1121,0,914,560,1192,884
1121,1,1313,525,1721,803
1121,15,910,420,1138,622
1122,9,913,560,1194,1078
1122,0,915,557,1192,884
1122,1,1311,526,1725,803
1122,15,909,411,1129,625
1123,9,913,561,1194,1078
1123,0,915,558,1192,884
1123,1,1312,528,1729,805
1123,15,907,404,1155,624
1124,0,915,555,1192,884
1124,9,913,554,1194,1078
1124,1,1314,531,1732,804
1124,15,903,396,1118,613
1125,9,913,555,1194,1078
1125,0,915,557,1192,884
1125,1,1315,530,1735,804
1125,15,904,388,1103,613
1126,9,913,557,1194,1078
1126,0,915,558,1192,884
1126,1,1319,529,1745,806
1126,15,901,380,1096,621
1127,9,913,556,1195,1078
1127,0,915,557,1192,884
1127,1,1328,531,1755,804
1127,15,900,373,1089,623
1128,9,913,559,1195,1078
1128,0,915,560,1192,884
1128,15,899,369,1087,625
1128,1,1335,532,1763,804
1129,0,915,558,1192,884
1129,9,913,557,1194,1078
1129,15,900,366,1081,621
1129,1,1347,537,1777,801
1130,9,912,557,1194,1078
1130,0,915,559,1192,885
1130,15,896,362,1077,621
1130,1,1371,537,1793,801
1131,0,915,559,1192,885
1131,9,913,556,1194,1078
1131,15,895,360,1074,618
1131,1,1380,540,1816,802
1132,9,913,555,1194,1078
1132,0,915,557,1192,885
1132,15,887,358,1068,621
1132,1,1403,539,1833,804
1133,9,913,554,1194,1078
1133,0,916,557,1192,885
1133,15,885,356,1066,624
1133,1,1417,539,1841,802
1134,9,913,554,1194,1078
1134,0,916,556,1192,884
1134,15,882,356,1064,624
1134,1,1448,540,1853,802
1135,9,913,553,1194,1078
1135,0,916,555,1192,884
1135,15,877,355,1063,625
1135,1,1463,543,1860,800
1136,0,916,555,1192,884
1136,9,913,553,1194,1078
1136,15,877,356,1060,630
1136,1,1489,547,1867,807
1137,0,916,555,1192,884
1137,9,913,553,1194,1078
1137,15,875,355,1059,632
1137,1,1525,551,1870,811
1138,0,916,554,1192,884
1138,9,914,552,1194,1078
1138,15,871,356,1059,637
1138,1,1547,553,1877,815
1139,9,914,552,1194,1078
1139,0,916,555,1192,884
1139,1,1557,556,1880,828
1139,15,864,356,1059,682
1140,9,915,552,1194,1078
1140,0,916,555,1192,883
1140,15,863,356,1057,672
1140,1,1575,558,1886,833
1141,0,916,555,1192,883
1141,9,915,552,1195,1078
1141,15,861,356,1055,667
1141,1,1585,560,1887,833
1142,0,916,555,1192,884
1142,9,915,552,1195,1078
1142,1,1597,560,1886,829
1142,15,861,358,1054,647
1143,9,914,552,1195,1078
1143,0,916,554,1192,884
1143,15,859,358,1055,642
1143,1,1608,563,1886,823
1144,9,914,551,1195,1079
1144,0,916,553,1192,884
1144,15,859,358,1055,642
1144,1,1620,563,1886,823
1145,9,914,550,1195,1079
1145,0,915,553,1192,884
1145,15,859,357,1054,643
1145,1,1626,563,1885,825
1146,9,914,549,1195,1079
1146,0,915,552,1192,884
1146,15,859,358,1054,641
1146,1,1633,564,1885,831
1147,9,914,549,1195,1078
1147,0,916,552,1192,884
1147,15,861,358,1054,638
1147,1,1643,565,1884,835
1148,0,915,552,1192,884
1148,9,914,549,1194,1078
1148,15,860,359,1054,639
1148,1,1646,566,1884,838
1149,0,916,552,1192,885
1149,9,914,549,1195,1078
1149,15,860,361,1053,641
1149,1,1646,567,1886,840
1150,0,915,552,1191,885
1150,9,913,550,1194,1079
1150,1,1645,568,1885,844
1150,15,858,362,1053,642
1151,9,913,550,1194,1079
1151,0,915,552,1192,885
1151,15,859,362,1054,643
1151,1,1645,569,1886,847
1152,0,915,551,1192,885
1152,9,913,549,1194,1079
1152,1,1645,570,1886,853
1152,15,859,362,1054,651
1153,9,913,548,1195,1079
1153,0,915,550,1192,884
1153,1,1643,571,1886,852
1153,15,859,364,1054,663
1154,0,914,550,1192,884
1154,9,914,547,1195,1079
1154,1,1642,572,1886,857
1154,15,860,365,1056,678
1155,9,914,548,1195,1078
1155,0,915,550,1192,884
1155,1,1637,572,1887,858
1155,15,861,367,1054,658
1156,0,915,550,1192,884
1156,9,913,548,1194,1079
1156,1,1637,573,1887,860
1156,15,861,368,1054,669
1157,9,913,548,1194,1079
1157,0,915,550,1192,885
1157,1,1633,574,1886,863
1157,15,860,369,1054,684
1158,0,915,550,1192,885
1158,9,913,548,1195,1079
1158,1,1633,575,1885,864
1158,15,860,370,1055,687
1159,9,913,548,1194,1079
1159,0,915,550,1192,885
1159,1,1627,575,1884,865
1159,15,860,373,1057,666
1160,0,915,550,1192,885
1160,9,914,548,1194,1079
1160,15,860,373,1059,665
1160,1,1620,574,1884,865
1161,0,915,550,1191,885
1161,9,913,548,1194,1079
1161,1,1615,573,1884,866
1161,15,858,373,1059,657
1162,9,913,548,1194,1079
1162,0,915,549,1191,885
1162,1,1618,574,1882,866
1162,15,858,375,1062,656
1163,0,915,550,1191,885
1163,9,913,548,1193,1079
1163,1,1616,575,1883,865
1163,15,858,376,1065,656
1164,0,914,549,1191,885
1164,9,912,548,1193,1079
1164,1,1614,574,1883,864
1164,15,860,377,1065,670
1165,0,915,549,1191,885
1165,9,913,547,1193,1079
1165,1,1611,573,1883,863
1165,15,865,379,1068,649
1166,9,913,547,1193,1079
1166,0,915,549,1191,884
1166,1,1611,573,1883,863
1166,15,864,379,1069,651
1167,9,912,547,1193,1078
1167,0,914,549,1191,884
1167,1,1612,573,1883,862
1167,15,863,380,1068,650
1168,9,912,547,1193,1079
1168,0,914,549,1191,884
1168,1,1614,573,1883,862
1168,15,858,380,1069,652
1169,1,1614,573,1883,862
1169,9,911,546,1193,1079
1169,0,914,548,1191,885
1169,15,864,381,1075,648
1170,9,911,545,1193,1079
1170,0,914,547,1191,884
1170,1,1615,573,1883,861
1170,15,864,381,1075,649
1171,9,911,544,1193,1079
1171,0,914,546,1191,885
1171,1,1613,573,1883,858
1171,15,865,381,1077,650
1172,9,911,542,1193,1078
1172,0,914,545,1191,884
1172,1,1613,572,1883,857
1172,15,864,382,1075,653
1173,1,1613,572,1883,857
1173,9,911,541,1194,1078
1173,0,914,543,1191,884
1173,15,864,382,1075,652
1174,9,911,540,1193,1079
1174,0,914,542,1191,884
1174,1,1613,572,1883,858
1174,15,861,381,1077,688
1175,9,911,540,1194,1079
1175,0,914,542,1191,884
1175,1,1614,572,1883,860
1175,15,861,382,1076,699
1176,1,1613,572,1883,860
1176,9,912,539,1194,1079
1176,0,914,542,1191,884
1176,15,861,382,1075,699
1177,9,911,539,1194,1079
1177,1,1614,572,1883,860
1177,0,914,540,1191,884
1177,15,861,382,1074,698
1178,9,911,539,1194,1078
1178,0,914,540,1191,883
1178,1,1614,572,1883,860
1178,15,862,382,1072,698
1179,0,914,540,1191,883
1179,9,911,539,1194,1078
1179,1,1614,572,1883,859
1179,15,862,383,1072,695
1180,0,913,540,1191,883
1180,9,911,538,1193,1078
1180,1,1612,572,1883,858
1180,15,864,383,1073,648
1181,9,911,539,1193,1078
1181,0,914,541,1191,883
1181,1,1611,572,1883,858
1181,15,865,384,1073,648
1182,0,914,541,1191,884
1182,1,1612,573,1883,859
1182,15,862,384,1072,698
1183,0,914,540,1191,884
1183,1,1611,573,1883,860
1183,15,867,384,1071,653
1184,0,914,540,1191,884
1184,1,1611,573,1883,861
1184,15,862,385,1071,696
1185,0,913,541,1191,884
1185,1,1611,573,1883,860
1185,15,862,384,1071,665
1186,1,1611,573,1883,859
1186,0,912,539,1190,877
1186,15,867,385,1072,649
1187,1,1612,573,1883,859
1187,0,913,541,1191,885
1187,15,863,385,1073,654
1188,1,1612,574,1883,859
1188,0,913,542,1191,884
1188,15,867,387,1075,648
1189,0,913,542,1191,884
1189,1,1611,574,1883,858
1189,15,867,388,1075,649
1190,0,913,542,1191,884
1190,1,1611,573,1883,858
1190,15,867,388,1075,648
1191,0,913,542,1191,884
1191,1,1611,573,1883,859
1191,15,868,388,1075,648
1192,0,913,542,1191,884
1192,1,1611,574,1883,859
1192,15,865,388,1075,648
1193,0,912,542,1191,883
1193,1,1612,574,1883,859
1193,9,911,540,1192,1078
1193,15,863,389,1075,647
1194,0,912,542,1191,884
1194,1,1612,575,1883,858
1194,15,863,389,1075,649
1195,0,913,542,1191,885
1195,1,1612,575,1883,859
1195,15,858,389,1074,713
1196,0,913,542,1191,884
1196,1,1612,575,1883,860
1196,15,857,389,1074,712
1197,0,912,542,1191,884
1197,1,1611,574,1883,858
1197,15,857,389,1073,710
1198,0,912,542,1191,884
1198,1,1611,575,1883,857
1198,15,857,389,1073,689
1199,1,1612,575,1883,858
1199,0,911,542,1191,885
1199,15,857,390,1073,714
1200,0,911,543,1191,885
1200,1,1611,575,1883,858
1200,15,857,390,1073,719
1201,0,910,543,1190,884
1201,1,1612,574,1882,859
1201,15,856,391,1074,729
1202,0,910,543,1190,885
1202,1,1612,574,1882,859
1202,15,856,391,1074,722
1203,1,1612,574,1882,859
1203,0,910,543,1190,885
1203,15,856,391,1074,730
1204,1,1612,574,1882,859
1204,0,910,543,1190,885
1204,15,856,391,1074,701
1205,0,909,543,1190,884
1205,1,1612,573,1882,858
1205,15,856,391,1074,698
1206,1,1612,573,1882,858
1206,0,909,543,1190,884
1206,15,857,391,1073,703
1207,0,909,543,1189,884
1207,1,1611,573,1882,858
1207,15,858,391,1072,752
1208,0,908,543,1189,884
1208,1,1612,573,1882,857
1208,15,857,390,1070,776
1208,17,859,390,1073,646
1209,0,908,542,1189,885
1209,17,859,390,1073,647
1209,1,1612,573,1881,858
1209,15,856,389,1069,776
1210,1,1612,573,1881,858
1210,0,908,542,1189,885
1210,17,859,390,1073,646
1210,15,856,389,1069,770
1211,0,908,542,1189,885
1211,1,1612,573,1881,859
1211,17,860,390,1073,643
1211,15,858,389,1067,787
1212,1,1612,573,1881,859
1212,0,908,542,1189,885
1212,15,858,389,1066,785
1212,17,859,390,1072,646
1213,0,908,542,1189,885
1213,1,1611,573,1881,858
1213,17,857,389,1070,691
1213,15,906,540,1191,1079
1214,1,1611,573,1881,858
1214,0,908,542,1189,885
1214,17,857,389,1070,687
1215,0,908,543,1189,885
1215,1,1612,573,1881,858
1215,17,857,390,1069,695
1216,0,908,543,1189,884
1216,1,1612,573,1881,856
1216,17,857,390,1069,680
1217,0,908,543,1189,885
1217,1,1612,573,1881,858
1217,17,857,390,1069,689
