frame,person_id,x1,y1,x2,y2
1,0,708,508,872,791
1,1,1041,565,1224,873
2,1,1041,566,1224,873
2,0,708,508,871,791
2,2,707,508,867,673
3,0,708,509,871,791
3,2,708,507,867,673
3,1,1042,566,1226,871
4,0,708,509,871,791
4,1,1043,566,1226,870
4,2,708,507,867,675
5,0,707,509,872,791
5,1,1043,567,1226,871
5,2,708,507,868,675
6,1,1043,567,1227,870
6,2,708,507,868,674
6,0,708,507,871,790
7,0,709,507,871,790
7,1,1044,567,1227,871
8,0,709,507,872,789
8,1,1044,568,1227,871
8,2,709,506,869,675
9,0,709,507,872,789
9,2,709,506,869,674
9,1,1045,567,1227,872
10,0,710,506,872,790
10,1,1045,568,1229,872
10,2,709,506,870,705
11,0,710,506,873,790
11,1,1045,568,1227,873
11,2,709,506,871,699
12,0,710,507,872,790
12,1,1045,568,1228,872
12,2,709,506,869,675
13,1,1045,569,1228,873
13,0,710,506,873,790
13,2,710,506,869,675
14,0,710,506,873,790
14,1,1046,569,1228,872
14,2,710,506,870,675
15,1,1046,568,1229,870
15,0,710,508,874,790
15,2,710,506,870,676
16,1,1046,567,1228,870
16,0,710,506,874,789
16,2,710,504,871,677
17,1,1046,567,1228,869
17,0,711,506,874,788
17,2,710,504,871,674
18,1,1047,566,1228,868
18,0,711,504,875,788
19,0,711,503,875,788
19,1,1047,566,1229,867
20,1,1046,565,1229,867
20,0,711,503,876,787
21,1,1046,564,1229,866
21,0,712,501,876,785
22,1,1047,562,1230,866
22,0,712,501,875,781
22,2,711,499,872,670
23,0,712,500,875,781
23,1,1047,560,1231,865
23,2,712,498,872,667
24,0,712,499,875,781
24,1,1047,560,1230,863
24,2,711,497,873,666
25,2,711,497,872,666
25,0,711,498,875,780
25,1,1047,558,1230,862
26,0,712,497,875,779
26,1,1047,557,1231,860
26,2,711,496,872,665
27,0,711,497,874,779
27,1,1047,556,1232,859
27,2,711,496,872,663
28,0,711,496,875,779
28,1,1047,556,1231,858
29,2,711,495,872,662
29,1,1047,556,1230,857
29,0,711,496,874,778
30,0,711,496,874,777
30,2,711,495,871,661
30,1,1047,555,1231,857
31,0,711,496,875,777
31,2,711,495,872,661
31,1,1047,556,1230,855
32,1,1047,556,1229,856
32,0,711,495,875,777
32,2,710,494,872,661
33,1,1047,556,1229,856
33,2,710,493,872,661
33,0,710,494,875,776
34,0,710,494,876,775
34,1,1047,554,1230,856
34,2,710,493,873,663
35,0,710,494,876,774
35,1,1047,553,1230,854
35,2,710,493,873,661
36,0,710,493,876,774
36,2,710,493,873,659
36,1,1048,553,1231,853
37,0,711,493,876,773
37,1,1048,552,1232,853
37,2,710,492,873,659
38,1,1048,552,1233,853
38,0,711,492,876,772
38,2,711,491,874,662
39,0,711,493,877,772
39,2,711,492,874,663
39,1,1048,551,1233,852
40,1,1048,551,1233,851
40,0,711,493,877,771
40,2,711,492,875,666
41,1,1048,551,1233,851
41,0,712,493,878,770
41,2,711,492,876,670
42,0,712,493,877,770
42,1,1048,551,1233,851
42,2,711,492,876,672
43,1,1048,552,1233,852
43,0,711,493,877,771
43,2,711,492,875,668
44,1,1048,552,1234,852
44,0,712,492,879,768
44,2,711,492,877,684
45,1,1049,551,1235,852
45,0,713,492,879,770
46,1,1049,551,1235,852
46,0,713,492,880,770
47,1,1049,550,1235,851
47,0,713,492,880,769
48,1,1049,550,1235,851
48,0,712,491,880,769
49,1,1049,550,1235,851
49,0,712,491,880,769
50,1,1049,550,1235,851
50,0,712,491,880,769
51,1,1049,550,1235,851
51,0,713,492,880,769
52,0,713,492,881,769
52,1,1049,550,1236,852
53,0,713,492,881,769
53,1,1049,550,1236,852
54,0,713,491,881,769
54,1,1049,550,1236,852
55,1,1049,550,1236,852
55,0,714,491,881,769
56,1,1050,550,1236,852
56,0,714,492,881,770
56,2,713,491,878,657
57,1,1050,549,1236,852
57,0,714,492,880,770
57,2,713,491,878,656
58,1,1050,549,1236,852
58,0,714,492,881,769
58,2,713,491,878,659
59,0,714,492,881,769
59,1,1050,549,1236,851
59,2,713,492,878,659
60,1,1050,549,1237,852
60,0,715,492,881,768
61,1,1050,549,1237,852
61,0,716,493,880,769
61,2,715,492,878,655
62,0,716,492,880,769
62,1,1051,548,1237,851
62,2,719,492,879,660
63,1,1051,548,1237,850
63,0,717,492,881,769
63,2,719,492,879,659
64,1,1051,548,1237,850
64,0,717,492,882,769
64,2,719,492,880,660
65,1,1051,548,1237,849
65,0,718,491,882,769
65,2,720,491,881,660
66,1,1052,547,1238,849
66,2,720,491,881,661
66,0,718,491,884,770
67,1,1051,546,1237,848
67,2,719,491,881,661
67,0,718,491,883,768
68,2,719,491,881,660
68,0,718,491,883,768
68,1,1052,546,1237,848
69,1,1052,545,1238,848
69,0,719,491,883,767
69,2,720,491,882,660
70,0,720,490,884,767
70,1,1052,544,1238,847
70,2,721,491,883,659
71,1,1053,544,1238,847
71,0,721,489,885,767
71,2,720,490,884,653
72,1,1054,543,1238,846
72,0,721,489,886,766
72,2,721,489,885,652
73,1,1054,543,1238,846
73,0,722,489,886,766
73,2,721,489,886,650
74,1,1054,542,1239,845
74,0,723,490,887,765
74,2,723,490,886,653
75,1,1055,542,1239,844
75,0,724,489,887,765
75,2,724,489,886,654
76,0,724,489,888,764
76,1,1056,540,1240,844
76,2,725,490,888,653
77,0,726,489,888,764
77,1,1057,539,1239,844
77,2,726,489,887,656
78,0,727,489,888,764
78,2,727,489,888,654
78,1,1059,538,1240,842
79,1,1059,537,1240,842
79,0,729,490,888,764
79,2,728,489,888,655
80,0,730,490,889,764
80,1,1060,535,1242,842
80,2,729,490,889,658
81,1,1061,536,1242,842
81,0,731,490,889,763
81,2,731,491,892,657
82,2,733,491,892,656
82,1,1063,534,1243,843
82,0,735,490,888,764
83,0,736,490,888,764
83,2,734,491,892,655
83,1,1063,534,1243,841
84,0,738,489,889,763
84,1,1065,533,1245,838
84,2,737,490,893,654
85,0,738,489,889,763
85,1,1066,532,1243,834
85,2,738,489,890,660
86,0,740,489,889,765
86,1,1066,531,1242,830
86,2,740,490,893,648
87,0,741,489,889,765
87,1,1066,530,1242,826
87,2,741,490,892,646
88,1,1065,529,1241,826
88,0,743,489,889,764
88,2,743,489,891,647
89,0,744,489,889,764
89,1,1065,529,1240,824
89,2,743,490,891,646
90,0,745,489,889,764
90,1,1065,528,1240,822
90,2,745,488,889,657
91,1,1064,528,1240,819
91,0,747,489,889,765
91,2,747,488,889,655
92,2,746,488,888,655
92,0,746,489,888,764
92,1,1064,528,1241,814
93,1,1064,526,1240,815
93,0,748,488,887,763
93,2,748,487,888,654
94,0,748,488,887,762
94,2,749,487,888,655
94,1,1062,525,1239,817
95,1,1061,524,1239,817
95,0,748,488,886,759
95,2,746,489,887,650
96,0,747,487,886,760
96,2,746,489,888,652
96,1,1060,523,1236,815
97,0,744,487,887,760
97,2,745,489,887,654
97,1,1057,523,1235,810
98,2,742,489,887,656
98,0,740,487,887,759
98,1,1054,523,1233,804
99,0,738,487,886,759
99,1,1050,524,1232,803
99,2,739,488,886,653
100,0,737,487,885,759
100,2,737,488,886,652
100,1,1047,523,1229,781
101,0,733,487,885,759
101,2,734,488,886,656
101,1,1043,521,1226,770
102,0,729,487,885,759
102,2,729,486,884,655
102,1,1037,520,1222,766
103,0,727,487,884,759
103,2,727,488,886,657
103,1,1032,520,1218,764
104,0,726,486,884,758
104,2,726,487,885,657
104,1,1028,519,1211,756
105,0,726,486,883,758
105,2,727,486,884,656
105,1,1024,518,1209,756
106,2,728,486,883,656
106,0,726,486,882,760
106,1,1020,517,1205,755
107,0,726,485,882,760
107,2,728,486,883,656
107,1,1015,516,1203,754
108,0,727,485,881,759
108,2,729,486,882,656
108,1,1012,514,1201,755
108,3,1013,515,1200,934
109,0,729,485,881,759
109,2,731,486,882,656
109,1,1009,512,1200,754
110,0,730,485,881,759
110,2,732,485,882,655
110,1,1007,511,1199,754
111,0,730,485,881,759
111,2,733,485,881,655
111,1,1003,508,1198,754
112,0,731,485,882,760
112,2,732,484,883,654
112,1,994,507,1195,754
113,0,731,484,882,760
113,2,732,484,883,654
113,1,992,506,1194,754
114,0,730,484,882,760
114,2,731,484,884,654
114,1,983,507,1195,755
115,0,730,484,882,760
115,2,731,484,883,654
115,1,977,507,1194,755
116,0,730,483,882,761
116,2,730,483,885,654
116,1,968,507,1193,754
117,0,730,483,882,760
117,2,731,482,885,657
117,1,960,506,1193,753
118,0,730,483,882,759
118,2,731,482,884,655
118,1,954,505,1191,751
119,0,730,483,881,757
119,2,730,482,882,655
119,1,943,504,1189,750
120,0,730,483,881,758
120,1,940,503,1189,750
120,2,730,482,880,652
121,0,730,482,881,757
121,1,939,503,1188,750
121,2,730,481,877,649
122,0,730,482,880,757
122,1,936,502,1188,750
122,2,731,481,872,647
122,3,935,503,1187,932
123,0,729,481,881,756
123,1,931,502,1187,750
123,2,731,480,869,646
123,3,929,504,1187,932
124,0,729,481,880,756
124,2,731,480,868,645
124,3,922,504,1187,933
124,1,924,503,1186,749
125,2,731,480,868,645
125,1,922,503,1186,749
125,3,921,505,1189,932
125,0,730,482,879,757
126,1,925,503,1187,749
126,2,731,480,867,644
126,0,729,481,880,756
127,0,730,481,880,755
127,2,731,480,867,645
127,1,930,503,1185,749
128,0,730,481,879,755
128,2,731,480,867,644
128,1,926,503,1185,749
129,2,732,480,867,645
129,0,730,480,878,755
129,1,939,504,1184,749
130,2,732,480,867,645
130,0,731,480,877,755
130,1,927,504,1184,749
131,0,731,480,877,754
131,1,934,504,1185,749
131,2,731,480,870,646
132,1,935,504,1185,749
132,0,732,480,876,754
132,2,733,480,872,654
133,0,732,480,877,754
133,1,943,504,1184,749
133,2,733,481,864,644
134,0,732,479,877,754
134,2,734,480,864,644
134,1,946,504,1184,749
135,2,734,480,865,644
135,0,732,479,878,754
135,1,942,504,1184,749
136,0,732,478,878,754
136,2,734,479,864,644
136,1,945,504,1182,749
137,2,733,479,864,643
137,0,733,478,877,755
137,1,940,503,1182,748
138,2,733,478,864,643
138,1,936,503,1181,748
138,0,732,477,880,753
139,1,935,503,1180,748
139,0,732,477,879,754
139,2,733,478,865,643
140,1,934,503,1179,748
140,0,732,476,877,754
140,2,733,476,871,652
141,1,934,502,1178,748
141,2,732,476,871,651
141,0,731,476,875,753
142,1,935,502,1177,747
142,0,731,475,878,752
142,2,732,475,874,667
143,0,731,475,876,752
143,1,933,502,1177,746
143,2,731,475,867,640
144,0,731,474,878,752
144,2,731,474,867,643
144,1,928,502,1175,746
145,0,730,473,878,751
145,2,731,474,868,643
145,1,919,502,1174,746
146,2,731,473,868,642
146,0,730,473,878,749
146,1,917,501,1174,746
147,2,731,472,868,642
147,0,730,472,877,749
147,1,914,500,1174,746
148,2,731,472,866,641
148,0,730,472,875,749
148,1,918,500,1173,745
149,1,917,501,1172,745
149,2,731,472,865,640
149,0,729,472,874,746
150,0,729,472,874,746
150,2,731,472,864,640
150,1,921,501,1172,745
151,0,728,472,874,747
151,2,730,471,865,640
151,1,927,500,1171,746
152,2,732,470,865,638
152,1,920,499,1170,745
152,0,731,471,876,746
153,1,919,499,1170,744
153,0,730,470,876,748
153,2,731,470,870,639
154,1,918,499,1169,744
154,0,730,470,877,746
154,2,731,469,867,637
155,1,919,498,1168,744
155,0,730,470,875,745
155,2,731,468,865,636
156,1,917,498,1168,743
156,0,729,469,873,745
156,2,730,468,864,634
157,0,729,469,872,744
157,2,730,468,864,634
157,1,911,498,1167,743
158,0,728,469,873,744
158,1,911,499,1167,742
158,2,729,467,864,633
159,0,727,468,872,744
159,1,909,498,1167,742
159,2,729,467,863,633
160,2,729,467,863,632
160,0,728,468,872,743
160,1,910,498,1166,742
161,1,910,498,1166,741
161,2,729,467,863,632
161,0,728,468,870,743
162,0,727,468,870,743
162,2,728,467,863,630
162,1,912,497,1165,741
163,1,912,498,1164,740
163,0,727,467,869,743
163,2,728,466,862,630
164,2,728,466,862,631
164,0,726,467,870,743
164,1,911,497,1164,740
165,1,909,497,1163,740
165,2,728,466,864,631
165,0,727,468,872,743
166,2,728,466,866,630
166,1,905,497,1162,741
166,0,726,467,874,742
167,0,726,467,875,742
167,1,906,497,1162,741
167,2,728,466,867,630
168,2,728,466,867,631
168,0,726,467,875,743
168,1,906,497,1162,741
169,1,907,497,1162,741
169,0,726,467,874,743
169,2,727,466,866,630
170,0,726,467,873,742
170,1,906,497,1162,741
170,2,727,466,863,629
171,2,727,466,863,629
171,1,906,497,1161,740
171,0,726,467,873,743
172,1,908,497,1161,740
172,0,726,467,874,742
172,2,727,466,864,630
173,1,907,497,1160,741
173,2,727,466,865,630
173,0,725,467,875,743
174,1,907,497,1160,741
174,0,725,467,877,743
174,2,727,466,868,631
175,0,725,467,878,743
175,1,912,497,1160,741
175,2,727,466,870,633
176,1,913,497,1160,741
176,0,725,467,878,742
176,2,726,466,871,634
177,0,725,467,877,744
177,1,916,497,1160,742
177,2,727,466,869,632
178,0,725,467,875,744
178,1,919,497,1159,742
179,1,919,497,1159,742
179,0,725,467,875,744
180,0,724,467,874,744
180,1,920,498,1159,742
180,2,726,466,864,628
181,0,724,467,875,744
181,1,921,498,1159,742
182,0,724,467,875,743
182,1,920,498,1158,743
182,2,724,467,866,638
183,0,724,467,874,744
183,2,725,467,865,638
183,1,916,498,1158,744
184,0,724,467,874,744
184,2,725,467,865,636
184,1,911,498,1158,745
185,0,724,468,875,745
185,1,909,498,1158,751
186,0,724,469,875,745
186,1,909,499,1158,751
186,2,725,468,866,633
187,0,724,470,875,745
187,1,911,499,1158,755
187,2,725,469,868,638
188,1,913,500,1158,754
188,0,724,470,873,747
188,2,725,470,864,633
189,0,724,471,873,747
189,1,913,500,1158,750
189,2,725,470,866,636
190,0,723,471,873,747
190,2,724,470,866,635
190,1,913,500,1158,755
191,0,723,471,871,747
191,2,724,470,864,634
191,1,909,501,1158,761
192,0,723,471,870,747
192,1,906,501,1157,761
192,2,724,470,863,633
193,0,723,471,871,748
193,1,906,501,1157,758
193,2,725,470,864,636
194,0,723,471,871,748
194,2,724,470,864,634
194,1,904,501,1157,753
195,0,723,471,872,748
195,1,907,501,1157,749
195,2,724,471,867,637
196,2,724,471,867,637
196,0,723,472,872,748
196,1,908,502,1157,750
197,1,909,502,1157,750
197,0,723,472,872,749
197,2,724,472,867,635
198,0,723,472,873,748
198,1,911,502,1157,748
198,2,724,472,868,636
199,0,723,472,872,749
199,2,724,472,867,637
199,1,910,503,1156,748
200,0,723,472,871,749
200,2,724,472,866,637
200,1,912,503,1156,748
201,0,723,472,872,748
201,2,724,473,867,637
201,1,911,503,1156,748
202,1,908,503,1156,748
202,0,723,472,870,748
202,2,724,472,864,636
203,1,908,503,1156,749
203,0,723,472,870,749
203,2,724,473,865,636
204,0,723,472,870,749
204,1,909,503,1156,749
204,2,724,473,865,635
205,0,723,473,870,749
205,1,910,503,1156,750
205,2,724,473,864,634
206,0,723,473,870,749
206,1,911,503,1156,751
206,2,724,473,865,635
207,1,912,503,1156,750
207,2,724,473,865,635
207,0,723,473,870,748
208,0,724,473,869,748
208,1,913,503,1156,752
208,2,724,473,864,635
209,1,912,502,1156,751
209,0,723,473,870,748
209,2,724,473,865,636
210,0,723,473,871,749
210,1,912,502,1156,751
210,2,724,473,865,636
211,0,723,473,870,749
211,2,723,473,865,636
211,1,911,503,1156,749
212,0,722,473,869,749
212,1,914,503,1156,749
212,2,723,473,862,633
213,1,914,503,1156,748
213,0,722,472,866,749
213,2,723,472,860,632
214,2,723,472,860,632
214,0,723,472,865,748
214,1,916,502,1156,748
215,1,916,502,1156,748
215,0,722,472,866,748
215,2,723,472,860,632
216,1,915,502,1156,748
216,0,722,472,865,748
216,2,722,472,860,631
217,1,914,503,1156,748
217,2,722,472,859,632
217,0,722,472,864,747
218,0,722,472,864,747
218,1,914,503,1155,748
218,2,722,472,859,630
219,0,721,473,864,748
219,1,914,503,1156,750
219,2,722,473,860,633
220,0,721,473,864,748
220,1,913,503,1155,752
220,2,722,473,859,632
221,2,722,473,859,631
221,0,721,473,864,747
221,1,913,503,1155,749
222,0,721,473,864,747
222,2,722,473,859,632
222,1,913,503,1155,750
223,0,721,472,865,748
223,1,912,503,1155,749
223,2,722,472,860,634
224,0,721,472,865,747
224,1,913,503,1155,751
224,2,722,472,860,633
225,0,721,473,865,747
225,2,722,473,860,632
225,1,914,503,1155,750
226,1,915,503,1155,752
226,0,721,473,864,747
226,2,722,473,859,630
227,2,722,473,859,631
227,0,721,473,863,748
227,1,914,503,1155,757
228,2,722,473,859,631
228,0,721,473,864,748
228,1,914,503,1155,762
229,0,721,473,863,749
229,2,722,472,858,629
229,1,915,503,1155,768
230,0,721,473,863,748
230,2,722,473,859,630
230,1,915,503,1155,780
231,2,722,473,859,630
231,0,721,473,864,748
231,1,912,503,1155,785
232,0,721,473,864,748
232,2,722,473,859,630
232,1,911,503,1154,791
233,2,721,473,859,630
233,0,720,473,864,748
233,1,912,503,1154,783
234,0,720,473,864,748
234,2,721,473,859,630
234,1,911,503,1154,795
235,2,721,473,859,631
235,1,910,503,1154,806
236,2,721,473,858,630
236,1,911,503,1154,784
237,2,721,473,859,630
237,1,913,503,1154,775
238,2,721,472,858,629
238,1,914,502,1154,768
239,2,720,472,858,629
239,1,914,502,1154,762
240,1,914,502,1154,763
240,2,720,471,858,629
241,2,720,471,857,630
241,1,912,501,1154,759
241,0,719,471,861,748
242,1,913,501,1154,759
242,2,720,470,856,629
242,0,719,471,859,747
243,0,719,471,859,747
243,2,720,470,856,629
243,1,914,501,1154,755
244,1,915,500,1154,755
244,2,720,470,855,628
244,0,718,471,858,747
245,2,719,470,855,628
245,0,718,471,858,747
245,1,915,500,1154,753
246,2,719,470,855,628
246,0,718,471,858,747
246,1,915,500,1153,750
247,2,719,470,855,628
247,0,718,471,857,746
247,1,915,500,1153,751
248,2,719,469,854,628
248,1,915,499,1153,748
249,2,719,469,854,628
249,0,718,470,856,746
249,1,914,500,1152,751
250,0,718,470,856,746
250,1,914,500,1152,750
250,2,719,469,853,628
251,1,915,500,1152,749
251,0,718,470,855,746
251,2,719,469,852,627
252,1,915,500,1152,748
252,2,720,469,852,627
252,0,719,469,853,744
253,2,720,469,851,626
253,1,914,499,1151,747
253,0,718,469,852,744
254,0,719,469,852,743
254,2,720,468,851,625
254,1,914,499,1151,751
255,0,719,468,853,744
255,2,721,468,852,624
255,1,914,499,1151,758
256,0,719,468,853,743
256,1,914,499,1151,759
256,2,720,468,852,625
257,0,719,468,853,743
257,2,721,468,852,625
257,1,913,498,1151,777
258,0,719,469,852,743
258,2,721,468,851,623
258,1,911,499,1151,781
259,2,721,468,850,624
259,0,719,469,850,743
259,1,909,498,1150,796
260,0,719,469,850,742
260,2,721,468,849,624
260,1,911,499,1150,837
261,1,912,499,1150,836
261,0,719,469,850,742
261,2,721,468,850,624
262,1,912,500,1150,836
262,0,719,468,851,742
262,2,720,468,850,624
263,0,718,468,851,742
263,2,720,468,850,625
263,1,915,500,1150,835
264,0,718,468,851,742
264,1,916,500,1150,837
264,2,719,468,850,624
265,2,719,468,850,625
265,0,718,468,852,741
265,1,915,499,1150,835
266,2,719,468,850,625
266,0,718,468,851,741
266,1,914,498,1150,836
267,0,718,468,852,742
267,2,719,468,850,626
267,1,913,498,1150,836
268,0,718,468,850,741
268,2,719,468,849,625
268,1,912,498,1149,831
269,1,912,498,1149,830
269,0,717,469,851,741
269,2,719,468,849,626
270,0,717,469,851,741
270,2,718,469,849,625
270,1,912,498,1149,832
271,0,717,468,851,741
271,2,718,468,850,625
271,1,911,498,1149,827
272,2,718,469,850,625
272,0,717,469,851,741
272,1,910,498,1149,828
273,2,718,469,851,625
273,0,717,468,853,741
273,1,908,498,1149,824
274,0,717,468,852,741
274,2,718,468,851,626
274,1,910,498,1150,827
275,0,717,468,852,741
275,2,718,468,851,626
275,1,911,498,1150,825
276,2,718,468,851,625
276,0,719,470,855,740
276,1,911,497,1149,800
277,0,719,469,856,741
277,2,719,468,852,624
277,1,910,498,1149,825
278,2,718,467,852,625
278,0,718,468,857,742
278,1,912,497,1149,813
279,2,719,467,852,626
279,0,719,469,855,741
279,1,913,497,1149,826
280,1,912,497,1149,828
280,0,718,468,857,741
280,2,718,467,854,627
281,0,718,469,856,741
281,1,914,497,1148,827
281,2,718,467,852,626
282,0,718,469,857,740
282,2,718,467,854,628
282,1,912,497,1148,823
283,2,718,467,853,628
283,0,718,469,856,738
283,1,913,496,1148,833
284,0,717,468,857,737
284,2,717,467,853,629
284,1,913,496,1147,829
285,1,913,496,1147,828
285,2,717,467,854,630
285,0,717,468,859,740
286,0,717,467,858,738
286,2,717,466,854,629
286,1,909,497,1146,823
287,1,910,497,1146,823
287,0,716,467,857,739
287,2,716,466,852,628
288,0,716,467,856,739
288,2,716,466,851,628
288,1,909,495,1147,850
288,4,908,498,1145,739
289,0,716,467,854,739
289,2,716,466,849,626
289,1,912,497,1146,821
290,1,913,496,1146,822
290,2,716,466,847,625
290,0,716,467,851,740
291,1,913,497,1146,828
291,0,716,467,856,740
291,2,716,466,850,628
292,1,913,496,1146,828
292,0,716,467,855,739
292,2,716,466,849,629
293,2,715,466,849,629
293,0,715,467,854,741
293,1,911,496,1145,830
294,0,715,467,856,740
294,2,715,466,850,630
294,1,909,496,1145,821
295,2,715,466,849,630
295,1,905,496,1145,824
295,0,715,466,853,739
296,2,715,466,850,629
296,4,908,497,1145,736
296,0,715,467,855,741
296,1,906,496,1145,835
297,1,906,495,1145,833
297,0,715,467,854,741
297,2,715,466,848,629
298,0,715,467,854,741
298,4,905,497,1144,737
298,1,903,495,1144,840
299,4,905,496,1144,737
299,1,903,495,1144,841
299,0,714,467,852,741
299,2,714,466,846,628
300,1,905,495,1143,842
300,2,714,465,845,627
300,0,714,466,847,739
301,0,714,466,844,740
301,1,898,494,1143,837
301,2,714,466,843,631
302,0,714,466,843,740
302,2,714,467,843,632
302,1,901,494,1143,839
303,0,714,467,843,740
303,2,714,467,843,632
303,4,905,496,1143,737
303,1,903,494,1143,838
304,2,713,467,843,632
304,0,713,467,843,740
304,1,907,494,1143,838
305,0,713,467,843,740
305,1,905,494,1143,838
305,2,713,467,842,632
305,4,907,496,1143,738
306,0,712,467,843,740
306,1,905,493,1143,840
306,2,712,466,841,624
307,0,712,466,842,740
307,1,903,493,1143,840
307,2,712,466,841,626
308,0,712,466,842,739
308,1,905,494,1143,841
308,2,712,466,841,624
309,1,905,494,1143,841
309,0,712,466,841,740
309,2,712,466,840,628
310,0,712,466,841,741
310,2,712,465,841,628
310,1,905,493,1143,842
311,0,712,465,841,741
311,2,712,465,841,628
311,1,905,493,1142,840
311,4,907,495,1142,738
312,4,907,495,1142,738
312,0,712,465,841,740
312,1,905,493,1142,838
312,2,712,465,841,625
313,4,906,495,1142,738
313,2,712,465,841,625
313,0,712,465,841,740
313,1,904,493,1142,839
314,4,906,495,1142,738
314,1,904,493,1142,839
314,0,712,465,842,740
314,2,712,465,841,624
315,0,712,465,842,740
315,4,907,495,1142,738
315,1,905,493,1142,838
315,2,712,465,841,625
316,0,712,465,842,740
316,1,904,493,1142,839
316,2,712,464,841,624
317,0,712,464,842,740
317,2,712,464,841,623
317,1,906,493,1141,839
318,0,712,464,842,739
318,1,907,493,1142,841
318,2,712,464,841,620
319,0,712,464,841,739
319,1,905,493,1141,843
319,2,713,464,840,629
320,0,712,464,842,739
320,2,713,464,841,630
320,1,903,493,1141,842
321,0,712,464,842,738
321,1,901,493,1141,841
321,2,713,463,841,631
322,1,901,493,1141,841
322,0,712,464,842,738
322,2,712,463,841,631
323,0,712,464,842,738
323,1,902,493,1141,840
323,2,712,464,841,631
324,0,712,464,841,737
324,1,898,493,1141,842
324,2,712,464,840,625
325,0,712,464,841,737
325,2,712,463,840,625
325,1,899,493,1141,840
326,0,712,464,841,737
326,2,711,463,840,625
326,1,900,493,1141,834
327,0,711,464,842,737
327,2,711,463,840,626
327,1,903,493,1141,829
328,0,711,464,843,737
328,1,908,493,1141,830
328,2,711,463,841,622
329,0,711,464,843,737
329,2,711,463,840,621
329,1,912,493,1141,836
330,0,711,464,843,736
330,2,711,463,841,622
330,1,915,493,1141,842
331,0,711,463,842,737
331,1,917,493,1140,848
331,2,711,463,840,628
332,0,711,463,842,737
332,1,917,493,1141,848
332,2,711,463,840,626
333,1,917,493,1140,848
333,0,711,463,842,737
333,2,711,463,840,624
334,1,916,493,1140,848
334,0,711,464,842,736
334,2,710,463,841,625
335,0,710,464,842,736
335,2,710,463,841,626
335,1,915,494,1140,850
336,0,710,464,842,736
336,1,916,494,1140,852
336,2,710,463,840,623
337,1,917,494,1140,850
337,0,710,463,843,736
337,2,710,463,841,620
338,2,710,463,840,620
338,0,710,463,843,735
338,1,917,494,1140,843
339,1,918,494,1140,843
339,0,710,463,843,735
339,2,710,463,840,622
340,0,710,463,843,736
340,2,710,463,841,623
340,1,918,494,1140,839
341,0,710,463,843,736
341,2,710,462,841,623
341,1,918,494,1140,844
342,0,709,463,842,736
342,1,917,494,1140,841
342,2,710,462,840,629
343,0,710,462,842,736
343,2,710,462,840,628
343,1,917,494,1139,840
344,0,709,462,841,736
344,1,917,494,1139,840
344,2,710,462,840,626
345,0,710,462,842,736
345,1,917,493,1139,842
345,2,710,462,840,622
346,2,710,462,840,622
346,1,916,493,1139,844
346,0,709,462,843,735
347,1,915,493,1140,844
347,0,710,462,844,735
347,2,710,462,841,621
348,1,916,493,1140,844
348,0,710,462,845,734
348,2,710,462,842,622
349,0,709,462,845,734
349,1,916,493,1140,842
349,2,709,462,842,621
350,0,709,462,846,734
350,2,710,462,843,622
350,1,914,493,1140,839
351,2,710,462,844,622
351,0,710,462,847,734
351,1,914,493,1139,844
352,0,709,462,846,734
352,2,710,462,843,620
352,1,912,493,1139,848
353,1,912,493,1139,846
353,0,709,462,845,734
353,2,710,461,843,621
354,1,912,493,1139,847
354,0,709,462,845,735
354,2,709,461,842,623
355,0,708,462,845,735
355,2,709,461,843,623
355,1,913,492,1139,844
356,0,708,461,845,735
356,1,915,492,1138,845
356,2,709,461,843,626
357,1,916,492,1139,846
357,0,708,461,845,735
357,2,709,461,843,622
358,0,708,461,845,734
358,1,916,491,1139,845
358,2,709,461,843,618
359,0,708,461,844,733
359,1,917,491,1139,842
359,2,709,460,842,615
360,0,708,461,844,733
360,1,918,491,1139,840
360,2,709,460,842,617
361,0,708,461,844,733
361,1,918,491,1139,842
361,2,708,460,842,619
362,0,708,461,845,732
362,1,917,491,1139,838
362,2,708,460,842,614
363,1,918,490,1138,838
363,0,708,461,843,732
363,2,708,460,841,613
364,2,708,460,841,612
364,0,708,460,843,732
364,1,919,489,1138,838
365,1,920,490,1138,838
365,2,708,460,842,612
365,0,708,460,843,731
366,1,920,490,1138,838
366,2,708,460,841,612
366,0,707,460,843,731
367,1,918,489,1138,837
367,0,708,459,842,730
367,2,709,459,841,611
368,0,708,459,842,731
368,2,709,458,840,611
368,1,918,489,1138,833
369,1,919,488,1138,834
369,0,708,458,840,730
369,2,709,458,840,614
370,0,708,458,840,731
370,1,919,488,1138,833
370,2,709,457,840,608
371,0,708,458,840,730
371,1,919,488,1138,831
371,2,709,457,840,608
372,0,708,457,840,730
372,1,919,487,1138,830
372,2,709,457,840,607
373,1,919,487,1138,829
373,0,708,458,841,729
373,2,709,458,840,610
374,1,919,487,1138,830
374,0,709,457,841,729
374,2,709,457,841,609
375,1,919,487,1139,831
375,0,709,456,841,729
375,2,710,456,841,608
376,1,919,486,1139,832
376,0,710,456,842,729
376,2,710,455,842,608
377,0,710,455,842,729
377,2,710,455,842,607
377,1,919,486,1139,827
378,0,710,455,842,728
378,2,710,455,842,609
378,1,919,484,1139,824
379,2,710,454,842,610
379,0,710,455,842,727
379,1,921,484,1139,823
380,0,710,454,842,727
380,1,921,484,1139,822
380,2,710,454,842,611
381,2,710,453,842,610
381,1,920,483,1139,821
381,0,710,454,842,726
382,0,710,454,842,725
382,1,920,483,1139,821
382,2,710,453,843,610
383,0,711,454,842,725
383,1,918,483,1139,822
383,2,710,453,842,608
384,1,919,483,1139,822
384,2,710,453,843,609
384,0,710,454,842,724
385,1,918,483,1139,823
385,0,710,453,843,724
385,2,710,453,843,610
386,0,710,453,843,724
386,1,919,482,1139,824
386,2,710,453,844,611
387,2,710,453,843,611
387,1,918,482,1139,823
387,0,710,453,843,724
388,0,710,453,843,724
388,2,710,453,843,610
388,1,919,481,1139,822
389,1,919,481,1139,822
389,0,710,453,842,724
389,2,710,453,843,609
390,1,919,480,1140,821
390,0,710,452,842,723
390,2,709,452,843,611
391,1,918,480,1140,821
391,0,710,451,842,723
391,2,709,451,843,609
392,0,710,451,842,722
392,1,916,480,1140,824
392,2,710,452,843,614
393,0,711,450,843,722
393,1,913,480,1141,824
393,2,710,450,843,628
394,0,711,450,844,721
394,1,913,479,1140,824
395,0,711,450,845,720
395,1,917,478,1140,821
395,2,710,450,845,630
396,0,711,449,845,720
396,1,910,479,1141,825
396,2,710,449,845,639
397,0,711,449,846,720
397,2,710,449,845,638
397,1,912,478,1141,819
398,0,711,449,847,719
398,1,907,478,1141,818
399,0,711,449,847,719
399,1,908,478,1141,819
400,0,710,449,846,719
400,1,911,478,1140,820
401,0,710,448,847,719
401,1,909,477,1139,820
402,0,710,448,846,719
402,1,908,477,1138,821
403,1,907,477,1138,821
403,0,710,447,847,719
404,0,710,447,848,719
404,1,909,477,1138,822
405,1,909,477,1138,822
405,0,710,447,846,719
406,0,710,447,846,718
406,1,909,477,1138,824
407,1,910,477,1138,824
407,0,710,447,845,718
408,1,910,477,1138,823
408,0,710,447,845,719
409,1,910,477,1138,826
409,0,710,447,846,719
410,1,910,477,1138,827
410,0,710,447,845,719
411,1,910,477,1138,826
411,0,710,447,845,719
412,1,910,477,1138,826
412,0,710,447,846,719
413,0,709,447,846,718
413,1,910,477,1138,823
414,0,709,447,846,719
414,1,909,477,1137,823
415,0,709,447,846,718
415,1,909,477,1137,826
416,0,708,447,846,719
416,1,909,477,1137,830
417,0,708,447,846,719
417,1,909,477,1137,827
418,0,708,447,846,719
418,1,909,477,1137,825
419,0,708,447,846,719
419,1,909,477,1137,824
420,1,909,477,1137,824
420,0,708,447,849,718
421,1,911,477,1136,824
421,0,707,448,850,716
421,5,707,448,847,620
422,1,910,477,1136,827
422,0,707,448,851,717
422,5,707,448,848,624
423,0,707,448,851,719
423,1,910,477,1136,831
424,1,910,477,1136,831
424,0,707,449,851,719
425,1,910,477,1136,833
425,0,707,449,849,720
426,1,909,477,1136,834
426,0,707,449,851,719
427,0,707,449,851,719
427,1,909,478,1137,837
428,0,707,449,852,719
428,1,908,478,1137,841
429,0,707,449,852,719
429,1,908,478,1137,838
430,0,707,449,851,719
430,1,908,477,1136,837
431,0,707,449,851,719
431,1,907,477,1137,839
432,0,707,448,851,719
432,1,906,478,1137,837
433,0,706,448,851,719
433,1,907,477,1136,831
434,1,907,477,1136,831
434,0,706,449,848,720
435,0,706,449,848,720
435,1,907,477,1136,831
436,1,908,477,1136,833
436,0,707,448,847,719
437,0,707,448,847,719
437,1,908,476,1136,831
438,1,908,476,1136,828
438,0,707,448,846,719
439,1,908,476,1137,829
439,0,707,447,847,719
440,0,707,447,847,719
440,1,909,476,1136,829
441,0,707,447,847,719
441,1,909,475,1136,825
442,0,707,447,847,719
442,1,909,475,1136,828
443,1,909,475,1136,828
443,0,707,447,846,718
444,1,908,475,1136,828
444,0,707,447,847,719
445,0,707,447,847,719
445,1,908,475,1136,826
446,0,707,448,847,718
446,1,908,475,1136,829
447,0,707,447,846,718
447,1,909,475,1136,830
448,0,707,447,846,719
448,1,909,476,1136,836
449,1,909,476,1136,836
449,0,707,447,845,719
450,0,707,447,844,718
450,1,907,476,1136,838
451,0,707,447,845,719
451,1,908,475,1136,826
452,1,908,475,1136,823
452,0,707,446,844,718
453,1,908,475,1136,823
453,0,707,446,844,717
454,1,908,475,1136,822
454,0,707,446,843,718
455,0,708,446,843,718
455,1,907,475,1137,824
456,1,908,475,1137,823
456,0,708,446,843,718
457,1,907,475,1137,823
457,0,708,446,842,718
458,0,708,445,843,718
458,1,908,474,1137,820
459,1,908,474,1137,819
459,0,708,444,844,717
460,0,708,444,844,717
460,1,908,473,1137,819
461,0,708,444,844,717
461,1,908,473,1137,818
462,1,907,473,1137,817
462,0,708,445,844,717
463,1,908,473,1137,817
463,0,709,444,843,716
464,0,709,444,843,716
464,1,908,473,1137,817
465,0,709,444,843,716
465,1,908,473,1137,816
466,1,908,473,1138,816
466,0,710,444,843,716
467,1,910,473,1138,815
467,0,710,444,844,716
468,1,910,473,1137,815
468,0,709,444,845,716
469,1,910,472,1137,816
469,0,708,443,844,716
470,0,708,443,844,716
470,1,909,472,1137,821
471,0,707,443,844,716
471,1,908,472,1137,822
472,1,908,471,1137,821
472,0,707,444,845,716
473,1,908,471,1137,821
473,0,707,444,845,716
474,1,908,471,1137,821
474,0,707,444,845,716
475,0,707,444,845,716
475,1,908,471,1137,822
476,0,707,444,845,716
476,1,908,471,1137,823
477,0,707,444,845,716
477,1,908,471,1137,825
478,1,907,471,1136,825
478,0,706,444,844,715
479,1,908,471,1136,825
479,0,706,444,844,715
480,1,908,470,1136,825
480,0,706,444,844,715
481,0,706,444,844,715
481,1,909,470,1136,827
482,0,706,444,844,715
482,1,909,470,1136,830
483,0,706,444,844,715
483,1,908,470,1136,832
484,0,705,444,845,715
484,1,908,470,1136,828
485,1,908,470,1136,828
485,0,705,444,845,716
486,1,907,470,1136,829
486,0,704,444,845,716
487,1,907,470,1137,828
487,0,704,443,844,716
488,1,907,470,1136,829
488,0,704,444,844,716
489,0,704,444,843,716
489,1,907,470,1136,832
490,0,704,444,844,716
490,1,906,470,1136,830
491,1,906,470,1136,828
491,0,704,444,843,716
492,1,906,470,1136,828
492,0,703,444,843,716
493,0,703,444,843,716
493,1,905,470,1136,827
494,1,905,470,1136,829
494,0,703,444,841,715
495,1,905,470,1135,830
495,0,703,444,842,715
496,0,703,444,842,715
496,1,904,470,1135,830
497,0,703,444,843,715
497,1,905,470,1135,829
498,1,905,470,1135,828
498,0,703,444,842,715
499,1,904,470,1135,828
499,0,703,444,842,715
500,1,904,470,1135,829
500,0,703,444,843,715
501,0,702,444,843,716
501,1,904,470,1135,832
502,1,904,470,1135,831
502,0,702,444,843,716
503,1,904,470,1135,832
503,0,703,444,841,715
504,1,905,470,1134,832
504,0,702,444,842,715
505,0,703,444,842,716
505,1,902,470,1134,832
506,1,903,471,1134,832
506,0,702,444,843,716
507,1,902,471,1133,833
507,0,703,443,844,717
508,1,903,471,1133,834
508,0,702,444,845,716
509,0,702,444,846,716
509,1,907,471,1132,839
510,1,907,471,1132,838
510,0,702,444,846,716
511,1,908,471,1132,839
511,0,702,444,845,716
512,0,703,443,845,717
512,1,911,471,1132,839
513,0,703,443,844,717
513,1,912,471,1132,839
514,0,703,443,844,717
514,1,913,471,1132,839
515,0,703,443,844,717
515,1,912,471,1132,839
516,1,912,471,1132,840
516,0,702,443,844,717
517,1,913,471,1132,840
517,0,703,443,844,717
518,1,913,470,1133,837
518,0,702,444,845,715
519,0,702,444,844,715
519,1,912,471,1132,841
520,1,911,471,1132,839
520,0,702,443,844,716
521,1,911,470,1132,837
521,0,702,443,845,717
522,1,912,470,1132,834
522,0,702,444,846,715
523,1,913,470,1132,834
523,0,702,443,845,717
524,1,913,470,1132,834
524,0,702,444,845,715
525,1,914,470,1132,833
525,0,702,443,845,717
526,1,915,470,1132,831
526,0,702,443,843,717
527,1,914,470,1132,831
527,0,702,444,844,716
528,0,701,444,844,716
528,1,914,470,1132,831
529,1,914,470,1131,831
529,0,702,444,845,716
530,1,914,470,1132,832
530,0,702,443,844,717
531,1,915,470,1132,833
531,0,702,444,844,716
532,1,915,470,1132,834
532,0,702,443,845,716
533,1,915,469,1132,834
533,0,702,443,844,715
534,0,703,443,844,715
534,1,914,469,1132,834
535,0,702,443,843,715
535,1,915,468,1131,832
536,1,914,468,1132,830
536,0,702,443,842,714
537,1,914,468,1131,829
537,0,702,443,843,714
538,1,914,468,1131,828
538,0,702,442,842,714
538,6,916,469,1131,720
539,1,913,468,1131,827
539,0,701,442,840,714
540,0,701,442,841,713
540,1,912,468,1131,826
541,1,910,468,1131,827
541,0,701,442,839,713
541,7,701,442,832,602
542,1,909,468,1131,827
542,0,701,442,837,713
542,7,701,442,832,605
543,0,701,442,838,713
543,1,907,468,1131,823
543,7,701,442,832,601
544,0,701,442,838,713
544,7,701,442,832,602
544,1,907,467,1130,821
545,0,700,442,838,712
545,1,909,468,1130,822
545,7,700,442,832,601
546,0,700,442,838,712
546,1,910,468,1130,821
546,7,700,442,832,597
547,0,700,442,836,712
547,1,909,468,1130,824
547,7,700,442,831,595
548,7,700,442,831,595
548,0,700,442,837,712
548,1,909,468,1130,822
549,0,700,442,836,712
549,7,700,442,831,595
549,1,910,468,1130,821
550,1,910,468,1130,818
550,7,700,442,832,593
550,0,700,442,839,712
551,7,700,442,832,593
551,1,911,468,1129,819
551,0,700,442,840,712
552,1,911,468,1129,819
552,7,700,442,832,594
552,0,700,442,839,712
553,1,912,468,1129,819
553,7,700,442,832,594
553,0,700,442,838,712
554,1,912,468,1129,818
554,0,700,442,837,712
554,7,700,443,831,595
555,1,912,468,1129,818
555,0,700,443,836,712
555,7,700,443,831,594
556,1,911,468,1129,817
556,7,700,443,832,593
556,0,700,442,838,712
557,0,700,442,838,712
557,7,700,443,832,594
557,1,912,467,1129,820
558,7,700,442,832,594
558,1,912,467,1129,819
558,0,700,442,838,712
559,0,700,442,837,712
559,1,911,466,1129,821
559,7,700,442,832,595
560,1,912,466,1129,818
560,0,700,442,838,712
560,7,700,442,832,596
561,1,911,466,1129,816
561,7,700,442,831,596
561,0,700,442,836,712
562,1,911,467,1129,816
562,7,700,442,831,596
562,0,700,442,836,712
563,0,700,442,835,712
563,1,911,467,1129,819
563,7,700,442,831,594
564,1,911,467,1129,819
564,0,700,441,836,712
564,7,700,442,831,593
565,0,700,442,836,711
565,1,911,466,1129,818
565,7,700,442,831,592
566,1,911,466,1129,818
566,7,700,442,830,593
566,0,700,442,834,711
567,1,911,466,1129,819
567,7,700,442,829,593
567,0,700,442,831,711
568,1,911,466,1129,817
568,0,700,441,832,711
568,7,700,442,829,591
569,1,911,467,1129,818
569,0,700,441,832,712
569,7,700,441,829,590
570,7,700,442,829,590
570,1,912,467,1129,819
570,0,700,441,832,712
571,1,912,466,1129,819
571,0,700,441,832,711
571,7,700,442,829,590
572,0,700,441,832,712
572,1,912,467,1129,817
572,7,700,442,829,589
573,1,912,467,1129,818
573,7,700,442,829,589
573,0,700,441,831,712
574,1,912,467,1129,818
574,0,700,441,831,712
574,7,700,442,829,589
575,7,700,442,829,588
575,0,700,441,832,712
575,1,912,467,1128,815
576,1,912,467,1128,816
576,0,700,441,831,712
576,7,700,441,829,588
577,0,700,440,831,712
577,7,700,441,829,589
577,1,911,467,1128,819
578,1,912,468,1128,817
578,7,700,441,829,587
578,0,701,439,830,710
579,1,912,468,1128,818
579,0,701,439,830,711
579,7,700,440,828,587
580,0,701,438,830,711
580,1,911,468,1128,817
580,7,699,439,830,588
581,1,911,469,1128,819
581,0,700,438,832,711
581,7,699,440,830,590
582,1,911,469,1128,820
582,7,699,440,831,591
582,0,700,439,832,712
583,1,910,469,1128,820
583,0,700,439,832,712
583,7,699,439,830,588
584,1,910,469,1128,821
584,7,699,439,830,587
584,0,700,438,832,710
585,7,698,439,830,587
585,0,700,438,832,711
585,1,909,469,1128,821
586,7,699,439,830,587
586,0,700,438,831,710
586,1,907,469,1127,821
587,0,700,438,831,711
587,1,907,469,1127,822
587,7,699,439,830,588
588,1,907,469,1127,823
588,0,700,438,832,710
588,7,698,439,830,589
589,1,907,469,1128,821
589,7,698,439,830,590
589,0,699,439,832,712
590,1,906,469,1128,823
590,0,699,439,834,712
590,7,698,440,831,591
591,1,906,469,1128,823
591,0,699,439,835,711
591,7,698,440,830,590
592,1,905,469,1128,823
592,0,699,439,836,711
592,7,698,440,832,592
593,1,906,469,1128,823
593,0,698,439,835,711
593,7,697,440,833,591
594,0,698,439,835,711
594,1,907,469,1128,821
594,7,697,440,833,592
595,1,906,469,1128,823
595,0,698,438,834,711
595,7,696,440,833,592
596,0,697,438,835,711
596,1,906,469,1128,825
596,7,696,440,833,590
597,0,697,438,835,712
597,1,905,469,1128,824
597,7,696,440,834,591
598,1,905,468,1128,824
598,0,696,438,835,711
598,7,696,440,834,597
599,0,697,438,835,711
599,1,906,468,1128,825
599,7,698,438,832,593
600,1,905,468,1127,825
600,0,697,438,837,711
600,7,696,439,835,598
601,0,697,437,837,711
601,1,906,468,1127,824
601,7,698,437,833,598
602,0,697,437,839,711
602,1,907,468,1127,820
602,7,696,438,835,599
603,1,906,468,1127,819
603,7,696,438,835,597
603,0,697,437,840,711
604,7,696,439,835,597
604,1,905,468,1127,820
604,0,698,437,841,711
605,1,904,468,1127,820
605,0,697,437,840,711
605,7,695,439,835,596
606,1,904,469,1127,820
606,7,695,439,835,599
606,0,696,436,835,712
607,1,904,469,1127,819
607,7,695,439,836,601
607,0,697,438,837,711
608,0,697,437,837,711
608,1,905,469,1127,819
608,7,695,439,836,600
609,1,905,469,1127,820
609,7,695,439,836,601
609,0,697,438,836,711
610,1,904,469,1127,820
610,0,697,438,837,711
610,7,695,439,836,599
611,1,904,469,1126,819
611,0,697,438,839,711
611,7,695,439,835,598
612,7,694,439,835,599
612,1,900,469,1127,819
612,0,696,437,838,711
613,7,694,440,835,600
613,0,697,438,838,711
613,1,901,469,1127,820
614,0,696,438,837,712
614,7,694,440,834,598
614,1,897,469,1126,822
615,0,696,438,837,711
615,7,694,440,833,599
615,1,886,469,1127,823
616,7,693,440,834,598
616,0,696,438,837,711
616,1,884,469,1127,822
617,0,695,438,837,711
617,7,693,440,833,599
617,1,890,469,1126,823
618,7,692,439,832,599
618,1,893,469,1126,826
618,0,694,438,835,711
619,0,693,438,835,711
619,7,692,439,832,598
619,1,897,469,1126,822
619,8,898,470,1125,717
620,7,691,440,832,598
620,0,692,438,834,711
620,1,896,468,1126,827
621,0,692,438,834,711
621,7,691,439,832,599
621,1,900,467,1125,822
622,0,692,438,834,711
622,7,691,439,832,602
622,1,903,468,1125,827
623,7,691,439,832,602
623,0,691,438,835,712
623,1,903,468,1125,820
624,1,903,467,1124,820
624,7,690,439,831,603
624,0,689,437,833,712
625,1,902,467,1124,821
625,0,688,437,832,712
625,7,689,438,831,604
626,1,902,466,1124,820
626,7,688,438,831,605
626,0,687,437,833,712
627,0,687,437,833,712
627,1,901,466,1124,821
627,7,687,438,831,605
628,7,687,438,830,606
628,1,897,465,1124,822
628,0,686,437,835,712
629,0,687,436,836,710
629,1,893,465,1124,821
629,7,686,437,830,601
630,0,687,436,834,710
630,1,896,465,1124,822
631,1,898,465,1124,824
631,0,686,437,833,710
631,7,686,436,828,585
632,0,685,437,835,710
632,1,892,464,1124,821
632,7,686,435,827,572
633,0,685,437,836,710
633,1,901,464,1124,821
633,7,685,435,829,579
634,0,685,437,837,710
634,1,906,463,1125,822
634,7,685,437,827,573
635,0,685,437,837,710
635,1,907,463,1125,821
635,7,685,437,827,574
636,7,685,436,827,573
636,0,685,436,837,710
636,1,905,463,1124,822
637,1,905,463,1124,823
637,0,684,436,836,709
637,7,684,436,827,573
638,0,684,436,836,710
638,7,684,437,827,574
638,1,901,463,1124,825
639,0,684,436,836,710
639,7,684,437,826,572
639,1,900,463,1124,823
640,0,684,436,835,710
640,1,899,463,1124,822
640,7,684,436,826,571
641,1,899,463,1124,822
641,0,684,436,834,710
641,7,684,436,827,572
642,0,684,436,834,710
642,7,685,436,826,573
642,1,903,463,1124,822
643,1,903,463,1124,823
643,7,685,436,827,573
643,0,685,436,835,709
644,1,903,462,1124,823
644,7,686,436,826,573
644,0,685,435,836,709
645,7,686,436,827,572
645,0,686,436,835,709
645,1,901,462,1124,824
646,0,685,436,834,709
646,1,899,461,1124,824
646,7,686,436,826,574
647,0,685,435,835,710
647,7,686,436,826,573
647,1,903,461,1124,825
648,7,685,436,826,572
648,0,685,436,837,709
648,1,901,461,1124,822
649,1,901,461,1124,822
649,7,685,436,826,572
649,0,685,436,838,709
650,1,901,461,1124,821
650,7,685,436,826,571
650,0,685,436,840,708
650,9,901,461,1122,715
651,0,684,435,840,708
651,7,684,436,826,571
651,1,899,462,1122,801
652,7,684,436,826,571
652,0,684,436,839,709
652,1,902,462,1123,801
653,7,684,436,826,571
653,0,683,435,840,708
653,1,903,462,1122,799
654,0,684,435,840,708
654,7,684,436,826,572
654,1,899,462,1122,804
655,7,684,436,826,573
655,0,683,436,839,709
655,1,896,463,1122,826
656,7,684,436,826,573
656,0,683,436,838,709
656,1,901,462,1123,825
657,1,901,462,1123,824
657,7,684,436,826,572
657,0,683,436,836,710
657,9,902,462,1122,718
658,0,684,436,836,709
658,7,684,436,826,572
658,1,904,462,1123,823
659,7,684,436,826,571
659,0,684,435,835,709
659,1,906,462,1123,823
660,7,684,436,826,571
660,0,683,435,836,709
660,1,906,463,1122,815
661,7,684,436,826,570
661,0,683,435,838,709
661,1,905,463,1121,800
662,0,683,436,838,709
662,7,684,436,826,569
662,1,905,463,1121,788
663,0,683,435,838,709
663,7,684,436,826,570
663,1,906,463,1121,777
664,0,684,436,838,709
664,7,684,436,826,570
664,1,905,463,1122,791
665,7,684,436,826,570
665,0,683,435,838,708
665,1,904,463,1122,789
666,7,684,436,826,570
666,0,683,435,838,709
666,1,905,463,1122,793
667,7,684,436,826,570
667,0,683,435,838,709
667,1,905,462,1123,814
668,7,684,436,827,570
668,1,904,462,1123,814
668,0,683,435,836,709
669,7,684,436,827,570
669,0,683,435,838,709
669,1,904,463,1121,794
670,0,683,435,837,709
670,1,904,464,1122,795
670,7,684,436,826,570
671,7,684,436,826,570
671,1,905,464,1122,795
671,0,684,435,837,709
672,0,684,435,837,709
672,7,684,436,826,570
672,1,904,463,1123,812
673,0,684,435,838,709
673,1,905,463,1123,786
673,7,684,433,828,584
674,0,684,436,839,709
674,7,684,433,828,586
674,1,903,464,1123,793
675,7,684,433,829,586
675,0,684,436,840,709
675,1,902,464,1123,802
676,0,684,436,840,709
676,7,684,433,829,587
676,1,903,464,1123,807
677,7,684,433,828,587
677,0,683,435,839,709
677,1,904,464,1123,799
678,0,683,435,839,709
678,7,684,433,829,585
678,1,903,464,1123,806
679,0,683,435,839,709
679,7,683,433,828,585
679,1,903,464,1122,802
680,0,683,435,840,709
680,7,683,434,829,585
680,1,903,464,1122,795
681,0,683,435,840,709
681,1,903,464,1122,773
681,7,683,436,826,571
682,7,683,436,826,572
682,0,683,435,840,708
682,1,902,464,1122,764
683,0,683,435,841,708
683,1,903,464,1122,779
683,7,683,434,829,586
684,7,683,434,828,585
684,0,683,436,839,709
684,1,904,464,1122,797
685,0,683,436,839,708
685,7,683,434,828,587
685,1,903,463,1123,820
686,0,683,436,839,708
686,1,904,463,1123,820
686,7,683,434,828,586
687,1,904,464,1123,821
687,0,683,436,839,709
687,7,683,434,828,584
688,1,903,464,1123,821
688,7,683,434,828,586
688,0,683,436,837,710
689,1,902,464,1124,820
689,7,684,434,827,585
689,0,683,436,835,710
690,1,902,464,1124,817
690,7,684,435,827,586
690,0,684,436,831,713
691,0,684,437,831,713
691,1,902,464,1125,816
691,7,685,436,828,585
692,1,903,464,1125,816
692,0,685,437,832,711
693,1,903,465,1125,818
693,0,684,437,830,713
694,1,902,465,1125,819
694,0,685,437,831,711
695,1,902,465,1124,820
695,0,684,437,829,714
695,7,685,436,827,589
696,7,685,436,827,590
696,1,899,465,1124,820
696,0,684,437,831,712
697,7,685,436,827,591
697,1,896,465,1124,821
697,0,684,437,829,714
698,0,684,437,829,714
698,7,685,437,827,591
698,1,895,465,1124,821
699,7,684,436,827,589
699,0,684,438,831,712
699,1,884,465,1124,823
700,1,881,465,1124,822
700,0,684,437,829,714
701,1,881,465,1124,823
701,0,685,438,833,714
702,0,686,438,832,713
702,7,685,437,826,588
702,1,888,466,1124,820
703,0,685,438,831,714
703,1,890,465,1124,823
704,0,685,438,831,714
704,1,894,466,1124,823
705,1,895,466,1124,823
705,7,685,437,826,590
705,0,684,437,828,714
706,0,685,437,829,714
706,7,685,437,827,590
706,1,898,466,1124,822
707,1,898,466,1124,822
707,0,684,437,829,714
707,7,685,437,826,590
708,7,685,437,826,590
708,0,685,437,829,714
708,1,900,465,1124,818
709,7,685,437,826,588
709,1,898,465,1124,820
709,0,686,437,830,712
710,1,899,465,1124,821
710,0,685,437,829,714
711,1,899,465,1124,822
711,0,686,437,830,711
712,1,898,465,1124,820
712,0,686,437,831,711
712,7,685,436,827,590
713,1,897,465,1124,821
713,0,686,437,831,711
713,7,685,436,827,589
714,0,686,437,831,711
714,1,896,465,1124,821
715,0,686,437,831,711
715,1,897,465,1124,820
715,7,685,435,827,586
716,1,897,465,1124,822
716,0,687,438,833,713
717,1,898,464,1124,823
717,0,686,437,831,711
718,0,686,437,832,711
718,7,685,435,827,587
718,1,900,464,1124,824
719,1,900,463,1124,822
719,0,685,436,833,710
719,7,685,435,827,585
720,0,685,436,833,710
720,7,685,434,827,586
720,1,902,463,1125,825
721,7,685,434,828,586
721,1,905,463,1125,824
721,0,686,436,836,710
722,0,686,436,835,710
722,1,904,463,1125,825
722,7,685,434,828,584
723,0,686,436,834,710
723,7,685,434,828,582
723,1,903,465,1134,871
724,7,685,434,828,583
724,0,686,436,835,710
724,1,903,463,1128,835
725,7,685,434,828,583
725,0,686,435,837,710
725,1,903,465,1133,870
726,0,686,435,835,709
726,7,686,436,827,574
726,1,902,463,1125,821
727,7,686,436,826,574
727,1,903,464,1125,824
727,0,686,435,837,710
728,0,686,435,837,710
728,1,904,463,1125,823
728,7,685,433,828,581
729,1,904,463,1125,821
729,0,685,435,836,709
729,7,685,436,826,573
730,0,685,435,836,709
730,7,685,436,826,573
730,1,903,463,1125,821
731,0,685,435,836,710
731,7,685,436,826,572
731,1,902,464,1124,821
732,0,685,435,836,709
732,1,903,464,1124,822
732,7,685,436,826,571
733,7,685,436,826,571
733,0,685,435,836,710
733,1,903,464,1123,820
734,0,685,435,836,710
734,7,685,436,826,571
734,1,903,465,1121,792
735,7,684,436,826,571
735,0,684,435,836,710
735,1,903,464,1123,821
736,7,684,436,826,571
736,1,903,464,1122,821
736,0,684,435,836,710
737,7,684,436,826,572
737,1,902,464,1122,822
737,0,684,435,834,710
738,0,683,435,834,710
738,1,902,465,1122,821
738,7,684,436,826,572
739,0,683,435,835,710
739,7,684,436,826,572
739,1,901,465,1122,823
740,7,684,436,826,572
740,0,683,436,835,711
740,1,902,465,1122,825
741,0,683,436,835,711
741,7,683,436,826,572
741,1,902,465,1122,824
742,0,682,435,836,711
742,1,900,465,1122,824
742,7,683,436,826,574
743,0,682,435,836,710
743,1,899,465,1122,822
743,7,682,434,827,581
744,1,899,465,1122,821
744,0,682,435,837,711
744,7,682,434,827,580
745,0,682,435,836,710
745,1,898,465,1122,823
745,7,684,436,826,574
746,0,683,435,836,711
746,7,684,436,826,574
746,1,897,465,1122,823
747,0,683,435,835,711
747,1,899,465,1123,822
747,7,683,434,827,582
748,0,684,435,835,710
748,1,900,465,1123,824
748,7,684,434,827,584
749,1,899,465,1123,822
749,7,683,434,827,587
749,0,684,435,832,713
750,1,899,465,1123,821
750,7,683,434,828,592
750,0,684,435,838,711
751,7,682,435,828,592
751,1,899,465,1122,823
751,0,683,436,837,710
752,1,904,469,1123,825
752,0,683,435,829,713
752,7,684,436,826,571
753,0,683,436,829,713
753,7,684,436,826,571
753,1,902,469,1123,824
754,0,683,436,829,712
754,1,901,469,1123,824
754,7,684,436,826,572
755,0,683,436,828,713
755,1,903,470,1123,821
755,7,684,437,826,570
756,1,902,470,1122,822
756,7,683,437,826,569
756,0,682,436,829,710
757,0,682,436,830,711
757,1,902,470,1122,819
757,7,682,436,826,586
758,0,682,436,830,711
758,1,903,470,1122,821
758,7,683,437,826,568
759,0,682,436,830,710
759,1,904,470,1122,819
759,7,683,437,825,569
759,10,905,471,1119,719
760,0,682,436,832,710
760,7,682,437,825,571
760,10,906,470,1118,760
760,11,684,436,829,624
761,0,683,436,832,710
761,7,683,437,826,573
761,10,906,470,1118,748
762,0,684,436,832,711
762,10,905,470,1118,752
762,7,684,436,827,592
763,0,685,436,833,711
763,10,904,470,1118,753
763,7,684,437,827,599
764,0,685,436,832,712
764,7,684,437,828,606
764,10,902,471,1118,735
765,0,685,436,834,711
765,7,685,438,827,604
765,10,901,471,1118,747
766,0,686,436,833,712
766,10,903,471,1118,744
766,7,686,438,826,601
767,0,686,436,832,712
767,7,686,438,826,599
767,10,905,471,1117,750
768,0,686,437,832,711
768,10,904,471,1117,752
768,7,686,438,826,601
769,0,686,436,831,712
769,7,686,438,826,602
769,10,905,471,1117,762
770,0,685,436,831,712
770,7,686,438,826,604
770,10,907,471,1117,750
771,0,685,437,832,711
771,10,908,471,1117,756
771,7,686,438,826,598
772,0,685,437,832,711
772,7,686,438,826,601
772,10,909,471,1117,751
773,0,685,437,833,711
773,7,685,439,826,603
773,10,910,471,1117,762
774,0,685,437,832,711
774,7,686,438,826,602
774,10,910,471,1117,775
775,0,685,437,833,711
775,7,686,438,826,604
775,10,909,471,1117,786
776,7,686,438,826,603
776,0,686,437,834,712
776,10,909,470,1117,775
777,0,685,437,834,711
777,7,685,438,826,605
777,10,909,470,1120,811
778,10,909,470,1120,811
778,0,686,437,833,711
778,7,686,438,827,603
779,10,909,470,1120,811
779,0,685,437,833,711
779,7,685,438,826,604
780,10,909,470,1120,810
780,0,686,437,834,711
780,7,685,438,826,604
781,10,909,470,1119,810
781,0,686,437,833,711
781,7,686,438,826,603
782,0,686,437,833,710
782,7,686,438,826,602
782,10,908,470,1119,810
783,0,686,437,833,710
783,7,686,438,826,603
783,10,905,470,1119,810
784,0,686,437,833,711
784,7,686,438,826,602
784,10,899,470,1120,812
785,0,686,437,834,711
785,10,897,471,1120,812
785,7,686,438,826,604
786,0,686,437,834,710
786,7,686,438,827,604
786,10,892,471,1120,812
787,7,686,438,826,603
787,0,687,437,835,711
787,10,887,471,1120,812
788,0,687,437,835,711
788,10,888,471,1121,812
788,7,686,438,826,604
789,0,686,437,835,711
789,10,888,471,1120,813
789,7,686,437,827,605
790,7,686,438,827,605
790,10,892,471,1120,812
790,0,685,437,833,711
791,0,686,437,833,711
791,7,686,438,827,604
791,10,890,471,1120,814
792,7,687,438,827,603
792,0,686,437,832,711
792,10,889,471,1121,815
793,0,686,437,833,711
793,7,687,438,827,604
793,10,887,471,1121,815
794,7,687,438,828,604
794,0,686,437,834,711
794,10,893,471,1120,815
795,0,686,437,834,711
795,7,687,438,828,605
795,10,895,471,1120,816
796,0,686,437,834,711
796,7,687,437,828,605
796,10,898,471,1121,815
797,0,686,436,835,711
797,7,687,437,828,604
797,10,903,470,1121,817
798,0,686,436,834,711
798,10,904,469,1121,818
798,7,687,436,828,602
799,0,686,436,834,710
799,7,687,436,828,602
799,10,908,467,1121,820
800,7,687,436,828,602
800,0,686,435,834,710
800,10,909,467,1121,821
801,0,686,435,834,710
801,7,687,436,827,602
801,10,910,466,1122,823
802,0,686,435,834,710
802,10,910,465,1122,824
802,7,686,436,827,601
803,7,687,436,827,601
803,10,910,465,1122,825
803,0,687,436,836,710
804,10,911,464,1122,824
804,0,687,436,836,710
804,7,687,436,828,601
805,7,687,436,828,601
805,10,910,462,1122,823
805,0,686,435,836,710
806,7,687,436,828,601
806,10,909,461,1122,823
806,0,687,435,837,710
807,7,687,436,827,600
807,0,687,435,835,710
807,10,911,460,1122,822
807,12,910,460,1118,713
808,0,687,435,836,710
808,7,687,436,827,599
808,12,909,460,1119,737
808,10,908,461,1130,845
809,0,687,435,835,710
809,7,687,435,827,600
809,12,910,461,1120,714
809,10,910,459,1123,818
810,12,910,460,1121,714
810,0,687,435,835,710
810,10,910,459,1123,819
810,7,688,436,827,598
811,0,687,435,834,710
811,7,687,435,827,597
811,10,911,459,1123,823
811,12,912,459,1122,714
812,0,687,435,834,710
812,7,687,435,826,597
812,12,916,460,1122,712
813,7,687,436,826,597
813,0,687,436,835,710
813,12,918,461,1122,712
814,7,687,436,826,597
814,0,687,436,836,710
814,12,925,463,1124,712
814,10,925,461,1141,882
815,0,687,436,836,711
815,7,687,436,827,598
815,12,929,463,1125,712
816,0,687,436,836,711
816,7,687,435,827,598
816,12,931,466,1125,713
817,0,687,436,836,711
817,7,686,435,827,600
817,12,940,470,1126,713
818,0,687,436,836,711
818,7,687,436,828,600
818,12,937,470,1126,713
819,0,687,436,835,710
819,7,687,435,828,602
819,12,935,469,1129,712
820,0,687,436,834,711
820,7,687,435,827,600
820,12,935,470,1131,712
821,7,687,435,828,601
821,0,687,435,833,710
821,12,936,471,1133,713
822,7,686,435,828,602
822,0,686,435,832,709
822,12,942,471,1135,716
823,0,686,434,831,709
823,7,686,434,827,601
823,12,948,470,1140,715
824,7,686,434,826,599
824,0,686,434,829,711
824,12,950,471,1146,716
825,7,686,434,826,599
825,0,686,434,830,711
825,12,952,470,1152,712
826,0,685,434,829,711
826,7,686,435,826,598
826,12,958,470,1155,712
827,0,685,434,829,710
827,7,686,435,826,600
827,12,965,472,1160,716
828,7,686,435,826,600
828,0,685,434,829,710
828,12,970,472,1163,717
829,7,685,434,825,600
829,0,685,434,829,710
829,12,974,473,1169,721
830,0,685,434,829,710
830,7,685,435,826,601
830,12,977,474,1174,723
831,0,684,434,828,710
831,7,685,435,825,600
831,12,985,477,1177,724
832,7,685,434,825,601
832,0,684,434,828,710
832,12,990,477,1182,723
833,0,684,434,828,710
833,7,685,435,825,601
833,12,996,477,1186,728
834,0,684,434,829,710
834,7,685,434,825,599
834,12,998,479,1189,734
835,0,684,434,829,710
835,7,684,434,825,599
835,12,1002,481,1192,740
836,0,684,433,828,710
836,7,684,434,825,597
836,12,1008,482,1196,743
837,7,684,434,825,598
837,0,683,433,828,710
837,12,1011,483,1196,749
838,0,683,433,827,709
838,7,684,434,824,599
838,12,1013,484,1197,751
839,0,683,433,826,710
839,7,683,434,825,599
839,12,1016,487,1198,754
840,7,683,433,825,599
840,0,683,433,826,710
840,12,1016,488,1197,759
841,7,683,433,824,599
841,0,682,433,824,711
841,12,1017,490,1198,765
842,0,682,432,823,710
842,7,683,433,823,601
842,12,1017,491,1197,759
843,0,683,432,823,710
843,7,683,432,823,599
843,12,1018,492,1197,763
844,0,682,432,823,711
844,7,683,431,824,597
844,12,1016,493,1197,772
845,0,682,432,823,711
845,7,683,431,824,599
845,12,1018,494,1197,766
846,0,682,432,823,712
846,12,1018,495,1198,764
846,7,683,431,823,596
847,0,682,432,823,712
847,7,683,431,824,597
847,12,1017,497,1198,768
848,0,681,432,823,712
848,7,683,431,824,596
848,12,1015,499,1197,775
849,0,681,432,823,712
849,7,682,430,824,597
849,12,1015,500,1197,771
850,12,1013,503,1197,770
850,0,680,431,826,712
850,7,683,431,824,592
851,7,683,430,825,593
851,0,681,430,828,712
851,12,1013,505,1197,768
852,0,681,431,830,712
852,12,1013,505,1195,763
852,7,683,430,825,590
853,0,680,430,830,708
853,7,682,430,827,589
853,12,1012,510,1195,762
854,7,683,430,827,588
854,12,1012,513,1194,760
855,12,1011,516,1193,763
855,0,681,429,832,707
855,7,683,428,828,598
856,0,681,428,831,707
856,7,683,429,828,600
856,12,1009,519,1193,764
857,0,682,428,831,707
857,12,1007,521,1193,765
857,7,684,427,828,601
858,7,685,427,828,601
858,0,683,428,830,707
858,12,1006,522,1192,767
859,0,684,427,830,707
859,12,1007,524,1192,766
859,7,686,427,829,600
860,0,685,427,830,706
860,7,687,426,829,600
860,12,1007,526,1191,765
861,0,685,426,831,706
861,7,687,425,830,600
861,12,1007,527,1191,761
862,12,1007,528,1191,761
862,0,686,425,831,706
862,7,687,424,830,601
863,7,687,424,830,600
863,12,1007,528,1191,762
863,0,685,425,832,706
864,12,1007,528,1191,762
864,7,687,423,830,601
864,0,686,424,833,705
865,12,1007,528,1190,761
865,7,687,424,830,600
865,0,686,424,831,705
866,0,686,424,832,705
866,7,687,423,830,599
866,12,1008,528,1191,762
867,12,1008,528,1191,762
867,0,686,425,833,705
867,7,687,426,831,601
868,12,1008,529,1191,762
868,0,687,425,833,705
868,7,688,424,830,598
869,7,688,424,831,597
869,0,687,426,834,706
869,12,1009,529,1192,759
870,12,1009,528,1193,759
870,7,689,424,830,596
870,0,688,425,833,706
871,12,1010,527,1193,759
871,7,689,424,830,597
871,0,688,425,834,706
872,0,689,425,835,706
872,12,1010,527,1193,759
872,7,689,425,833,598
873,0,688,425,834,705
873,12,1010,526,1193,760
873,7,689,424,830,597
874,0,689,425,834,705
874,12,1010,525,1194,760
874,7,689,424,830,599
875,12,1010,525,1194,760
875,7,689,424,830,599
875,0,689,424,835,705
876,0,689,424,834,705
876,7,690,424,830,599
876,12,1011,525,1195,760
877,12,1011,524,1195,760
877,7,690,424,830,599
877,0,689,424,836,704
878,12,1011,524,1195,761
878,7,690,424,830,599
878,0,689,425,837,704
879,0,689,425,837,704
879,12,1011,524,1195,760
879,7,691,424,830,599
880,12,1012,523,1195,761
880,7,692,424,831,599
880,0,690,425,839,704
881,12,1012,523,1195,760
881,0,690,425,839,704
881,7,692,424,831,598
882,7,692,424,832,598
882,12,1012,522,1195,759
882,0,690,425,840,704
883,7,691,424,832,599
883,12,1012,522,1195,762
883,0,690,425,841,704
884,7,691,424,832,599
884,0,690,424,842,703
884,12,1011,521,1195,761
885,12,1011,521,1196,761
885,0,690,424,841,703
885,7,691,423,831,598
886,0,689,423,841,702
886,7,690,423,831,598
886,12,1012,520,1196,758
887,12,1012,520,1196,757
887,7,691,423,832,598
887,0,690,423,842,702
888,0,690,423,842,702
888,12,1012,520,1196,755
888,7,692,423,832,600
889,0,690,423,841,702
889,12,1012,519,1196,758
889,7,691,423,832,598
890,0,690,424,842,702
890,12,1012,519,1196,756
890,7,691,423,832,597
891,12,1012,519,1196,757
891,0,690,423,843,702
891,7,691,423,833,596
892,12,1013,519,1195,757
892,0,690,423,843,702
892,7,692,423,834,594
893,12,1013,518,1196,757
893,7,692,423,834,594
893,0,691,423,844,701
894,7,693,422,835,593
894,12,1013,519,1196,756
894,0,692,424,844,702
895,0,692,423,844,702
895,12,1013,518,1196,757
895,7,693,422,836,593
896,12,1013,518,1196,757
896,7,693,422,836,591
896,0,693,423,846,703
897,7,693,422,837,590
897,12,1013,517,1197,758
897,0,693,422,845,702
898,0,694,422,845,703
898,12,1014,516,1197,760
898,7,693,422,837,588
899,7,693,422,838,586
899,12,1015,515,1197,757
899,0,693,423,843,701
900,12,1015,515,1198,758
900,0,693,422,844,701
900,7,693,421,839,584
901,0,694,422,843,701
901,12,1016,514,1199,759
901,7,694,422,834,587
902,12,1016,514,1199,759
902,0,694,422,844,701
902,7,695,422,834,584
903,12,1016,514,1199,760
903,0,694,422,844,702
903,7,694,422,834,578
904,7,695,422,835,578
904,12,1016,515,1199,758
904,0,694,422,843,702
905,0,694,422,843,702
905,12,1016,516,1199,757
905,7,695,422,836,578
906,0,694,422,843,703
906,12,1016,516,1199,756
906,7,696,422,837,577
907,12,1016,516,1199,758
907,0,696,422,842,702
907,7,695,422,837,579
908,12,1016,517,1199,757
908,0,694,423,842,703
908,7,695,422,837,575
909,0,693,423,842,703
909,12,1016,517,1199,758
909,7,694,422,837,576
910,12,1016,516,1199,760
910,0,695,423,841,702
910,7,694,422,837,574
911,12,1016,516,1199,755
911,0,695,423,843,701
911,7,695,423,837,571
912,12,1016,516,1200,755
912,0,695,423,842,701
912,7,695,423,837,573
913,7,695,422,838,573
913,12,1016,516,1200,757
913,0,694,423,842,702
914,12,1017,515,1200,756
914,0,694,423,843,702
914,7,695,422,838,570
915,12,1017,515,1201,754
915,0,695,423,845,701
915,7,696,422,839,567
916,12,1017,515,1201,754
916,7,696,422,838,567
916,0,695,423,843,701
917,12,1017,515,1201,754
917,0,695,423,843,701
917,7,696,422,838,566
918,12,1017,514,1201,754
918,0,695,422,843,701
918,7,697,422,838,566
919,7,697,422,838,567
919,0,695,422,842,701
919,12,1017,514,1201,757
920,12,1017,514,1201,757
920,7,697,422,837,567
920,0,695,422,842,701
921,7,696,422,837,567
921,0,695,422,841,701
921,12,1017,514,1201,760
922,0,695,422,841,701
922,12,1017,514,1201,758
922,7,697,422,837,568
923,7,697,422,838,568
923,0,695,423,842,701
923,12,1017,514,1201,756
924,12,1017,514,1201,757
924,0,695,422,841,701
924,7,696,422,838,569
925,12,1017,514,1201,757
925,7,697,422,838,570
925,0,695,422,842,701
926,0,695,422,841,701
926,12,1018,514,1201,758
926,7,697,422,837,569
927,12,1017,514,1201,757
927,7,696,422,837,570
927,0,697,422,843,700
928,12,1018,513,1201,757
928,0,697,423,844,700
928,7,696,422,838,569
929,7,696,422,838,570
929,0,697,423,845,700
929,12,1018,513,1201,755
930,0,697,423,844,700
930,7,697,422,838,568
930,12,1018,514,1201,763
931,0,696,423,844,699
931,7,697,423,838,568
931,12,1018,513,1201,759
932,0,697,423,845,698
932,7,697,423,838,567
932,12,1019,513,1201,762
933,0,696,423,845,699
933,12,1019,513,1201,764
933,7,697,422,838,569
934,0,696,423,845,699
934,12,1019,513,1201,763
934,7,697,422,839,570
935,12,1019,513,1201,763
935,0,696,423,846,699
935,7,696,422,839,569
936,0,696,423,845,699
936,7,696,422,839,571
936,12,1019,513,1201,761
937,0,696,423,846,699
937,12,1019,513,1201,763
937,7,696,422,839,569
938,0,696,423,845,699
938,12,1019,513,1201,763
938,7,696,422,839,568
939,12,1019,513,1201,764
939,0,696,423,846,699
939,7,696,423,839,569
940,12,1018,513,1201,766
940,7,696,423,838,570
940,0,697,424,847,699
941,12,1019,513,1201,767
941,0,697,424,847,699
941,7,697,424,838,569
942,7,697,424,838,569
942,0,697,424,846,699
942,12,1018,513,1202,766
943,12,1018,513,1202,766
943,0,697,425,847,700
943,7,697,424,838,572
944,0,697,425,847,700
944,12,1018,513,1201,767
944,7,697,424,838,571
945,12,1018,513,1201,768
945,7,696,425,838,572
945,0,697,425,848,700
946,0,697,425,848,700
946,7,696,425,839,573
946,12,1018,513,1202,766
947,7,697,425,839,573
947,12,1018,513,1202,763
947,0,696,425,846,701
948,0,696,425,847,701
948,7,697,425,840,573
948,12,1018,513,1201,761
949,0,697,426,847,701
949,12,1018,513,1201,762
949,7,697,425,839,572
950,12,1018,513,1201,762
950,7,697,425,840,573
950,0,698,426,849,702
951,12,1018,513,1201,763
951,7,697,425,840,575
951,0,696,426,847,700
952,7,697,425,840,576
952,0,697,425,847,699
952,12,1018,512,1202,768
953,0,697,425,847,699
953,7,697,425,839,576
953,12,1018,512,1201,769
954,12,1018,511,1202,770
954,0,696,425,846,701
954,7,697,425,839,574
955,12,1018,511,1202,770
955,0,695,425,846,700
955,7,696,424,838,573
956,12,1018,511,1202,770
956,0,695,425,845,701
956,7,696,424,838,573
957,12,1018,512,1201,770
957,7,696,424,837,572
957,0,696,424,846,700
958,12,1018,511,1202,771
958,0,696,424,847,700
958,7,695,423,837,572
959,7,695,424,837,572
959,0,696,424,845,700
959,12,1017,511,1201,768
960,0,695,424,845,700
960,12,1017,511,1201,768
960,7,694,423,837,572
961,12,1017,511,1201,769
961,7,694,423,837,574
961,0,694,424,843,702
962,7,694,423,837,573
962,0,694,424,843,701
962,12,1017,510,1201,771
963,7,694,423,837,573
963,0,693,424,843,700
963,12,1017,510,1201,769
964,12,1016,510,1200,768
964,7,693,423,838,574
964,0,693,424,845,701
965,12,1016,509,1199,770
965,7,693,423,838,575
965,0,693,423,847,698
966,0,693,423,847,698
966,12,1016,509,1199,770
966,7,693,423,838,575
967,12,1016,510,1200,769
967,0,693,423,846,698
967,7,693,423,838,577
968,12,1017,510,1199,769
968,0,693,423,847,698
968,7,692,423,838,576
969,0,693,423,847,698
969,12,1016,510,1200,769
969,7,693,423,839,576
970,12,1016,510,1200,769
970,7,692,423,838,575
970,0,693,423,846,698
971,12,1016,510,1200,769
971,7,693,423,838,576
971,0,692,424,845,700
972,0,692,423,845,700
972,12,1016,511,1200,771
972,7,693,423,838,577
973,12,1016,511,1199,773
973,0,692,423,844,700
973,7,693,423,838,576
974,7,693,422,838,575
974,12,1016,511,1199,771
974,0,693,422,845,699
975,12,1016,512,1199,771
975,0,693,422,845,698
975,7,693,422,838,575
976,7,693,422,839,575
976,0,693,422,845,698
976,12,1016,512,1200,771
977,0,693,422,845,698
977,12,1016,512,1200,772
977,7,693,422,838,576
978,12,1016,512,1200,772
978,0,693,422,847,697
978,7,693,422,839,577
979,0,693,422,847,697
979,12,1016,512,1200,771
979,7,693,422,839,578
980,12,1016,511,1200,771
980,7,693,422,839,579
980,0,693,422,849,696
981,7,693,422,840,579
981,12,1016,510,1201,770
981,0,694,421,851,696
982,7,693,421,840,579
982,12,1016,509,1201,770
982,0,693,421,848,696
983,12,1016,509,1200,770
983,7,693,421,840,579
983,0,693,421,847,695
984,12,1016,509,1200,770
984,0,692,420,846,696
984,7,693,420,839,579
985,7,693,420,839,580
985,12,1015,508,1200,771
985,0,693,420,845,695
986,0,693,419,845,695
986,12,1015,508,1200,772
986,7,693,420,839,581
987,7,693,420,840,580
987,0,692,420,845,695
987,12,1016,509,1200,772
988,7,693,420,839,581
988,0,693,420,846,695
988,12,1016,508,1200,773
989,7,693,420,840,581
989,0,693,419,847,695
989,12,1016,508,1201,774
990,0,693,419,847,695
990,12,1016,508,1201,773
990,7,693,420,840,582
991,12,1016,508,1202,773
991,0,693,419,845,695
991,7,693,420,840,581
992,12,1016,508,1201,773
992,7,693,420,840,582
992,0,693,419,846,695
993,12,1016,508,1201,774
993,0,693,418,847,695
993,7,693,419,840,581
994,0,693,418,847,695
994,12,1016,508,1201,773
994,7,693,419,840,580
995,7,693,419,840,580
995,12,1016,508,1201,774
995,0,693,418,846,694
996,7,693,419,840,580
996,12,1016,508,1201,776
996,0,693,418,847,694
997,0,693,417,846,695
997,12,1015,508,1201,773
997,7,693,419,840,578
998,12,1015,508,1201,773
998,0,693,418,844,695
998,7,693,419,840,576
999,12,1015,508,1201,773
999,7,693,419,839,576
999,0,693,417,843,694
1000,0,693,417,843,695
1000,7,693,419,840,575
1000,12,1016,508,1202,775
1001,0,694,417,845,695
1001,12,1017,509,1201,773
1001,7,694,419,842,579
1002,7,693,419,842,580
1002,12,1017,509,1202,773
1002,0,694,417,846,695
1003,12,1017,509,1202,773
1003,7,693,418,842,579
1003,0,694,417,845,694
1004,0,693,417,846,695
1004,12,1017,508,1201,773
1004,7,694,419,843,578
1005,0,694,417,846,695
1005,7,694,418,842,576
1005,12,1017,507,1202,776
1006,0,693,417,847,695
1006,12,1018,507,1201,775
1006,7,694,418,843,579
1007,0,694,417,847,695
1007,12,1018,505,1201,776
1007,7,693,418,842,576
1008,0,694,417,847,694
1008,7,694,418,842,576
1008,12,1018,503,1201,776
1009,0,694,417,847,694
1009,7,694,418,843,576
1009,12,1018,503,1201,779
1010,0,694,417,846,694
1010,7,694,418,843,576
1010,12,1016,502,1200,777
1011,0,694,417,847,694
1011,7,694,418,843,577
1011,12,1014,501,1199,773
1012,0,695,417,847,694
1012,7,695,418,843,575
1012,12,1013,500,1199,768
1013,0,695,417,847,694
1013,7,696,418,845,575
1013,12,1010,497,1197,756
1014,0,696,417,848,694
1014,7,697,418,845,576
1014,12,1008,495,1196,752
1015,0,697,417,848,695
1015,7,698,417,847,578
1015,12,1003,492,1193,753
1016,0,698,417,848,695
1016,7,699,417,847,582
1016,12,1000,489,1192,752
1017,0,699,417,848,694
1017,12,994,487,1190,750
1017,7,696,417,845,589
1018,7,697,416,846,591
1018,0,700,417,849,698
1018,12,985,484,1189,751
1019,0,700,417,850,697
1019,12,977,480,1187,755
1019,7,701,416,848,583
1020,0,701,417,850,696
1020,7,702,416,849,584
1020,12,966,478,1185,756
1021,0,701,417,851,695
1021,7,702,416,851,589
1021,12,952,476,1183,747
1022,0,701,417,852,695
1022,7,702,416,851,585
1022,12,946,473,1179,745
1023,0,702,417,852,695
1023,12,934,471,1177,740
1024,0,702,417,852,694
1024,7,703,416,852,586
1024,12,931,469,1174,735
1025,0,703,417,852,694
1025,7,704,416,851,586
1025,12,923,469,1173,730
1026,0,703,417,851,694
1026,12,923,466,1170,728
1026,7,704,416,850,608
1027,0,704,417,850,694
1027,12,921,465,1166,727
1028,0,704,416,849,694
1028,12,914,463,1165,729
1029,0,704,417,848,693
1029,12,916,462,1163,726
1030,0,703,416,848,693
1030,12,916,461,1162,726
1031,0,703,416,847,693
1031,12,915,460,1160,726
1032,12,915,460,1159,726
1032,0,703,416,847,693
1032,7,703,417,841,580
1033,0,703,415,847,693
1033,7,703,416,842,580
1033,12,914,458,1158,725
1034,0,702,415,846,693
1034,12,915,457,1158,728
1034,7,703,416,840,580
1035,12,914,457,1157,729
1035,7,702,415,839,579
1035,0,702,415,843,692
1036,7,702,415,838,579
1036,12,914,456,1154,728
1036,0,702,415,841,693
1037,12,915,456,1154,729
1037,7,702,415,837,580
1037,0,702,415,843,693
1038,12,914,456,1154,728
1038,0,702,414,843,693
1038,7,703,414,838,580
1039,7,703,414,838,580
1039,12,914,456,1154,727
1039,0,703,414,844,693
1040,12,914,456,1154,727
1040,0,703,414,844,693
1040,7,703,414,839,580
1041,0,703,413,845,693
1041,7,703,414,838,580
1041,12,912,456,1153,728
1042,0,702,414,844,692
1042,7,702,414,838,579
1042,12,911,456,1152,727
1043,7,701,414,837,579
1043,0,702,414,843,692
1043,12,908,456,1150,727
1044,12,908,456,1150,726
1044,7,702,414,838,579
1044,0,702,414,840,692
1045,7,702,414,838,579
1045,0,702,414,841,692
1045,12,907,456,1150,727
1046,12,906,456,1150,727
1046,7,702,414,838,579
1046,0,703,414,842,693
1047,12,906,456,1150,727
1047,0,703,414,843,693
1047,7,702,414,839,579
1048,12,906,456,1150,727
1048,7,702,414,839,579
1048,0,703,414,845,692
1049,0,703,414,845,692
1049,12,904,457,1150,727
1049,7,703,414,840,579
1050,12,904,457,1151,726
1050,0,703,414,845,692
1050,7,704,414,841,579
1051,12,904,457,1151,728
1051,7,704,414,841,579
1051,0,704,414,842,692
1052,0,704,413,843,691
1052,12,907,457,1151,729
1052,7,706,413,839,578
1053,7,705,412,839,578
1053,0,704,412,844,692
1053,12,907,458,1151,728
1054,12,908,457,1150,728
1054,0,704,413,844,692
1054,7,705,413,839,578
1055,7,705,413,839,578
1055,12,908,458,1151,727
1055,0,703,413,843,692
1056,12,908,458,1151,727
1056,7,705,413,839,578
1056,0,703,413,841,692
1057,0,703,413,841,693
1057,7,705,412,838,578
1057,12,907,458,1151,727
1058,7,705,412,838,578
1058,12,907,459,1151,727
1058,0,703,413,842,692
1059,12,907,460,1150,727
1059,7,705,413,838,578
1059,0,703,413,840,692
1060,12,907,460,1150,727
1060,7,704,413,838,579
1060,0,703,413,838,692
1061,12,906,460,1150,727
1061,0,702,413,839,692
1061,7,704,413,838,579
1062,12,906,461,1149,727
1062,0,702,414,838,692
1062,7,704,414,838,580
1063,12,906,461,1149,726
1063,7,704,414,838,579
1063,0,702,413,838,692
1064,0,702,413,837,692
1064,12,906,461,1149,727
1064,7,704,414,837,579
1065,0,702,414,837,693
1065,12,906,461,1149,728
1065,7,703,414,837,579
1066,12,905,462,1149,727
1066,0,701,414,837,693
1066,7,702,414,837,579
1067,7,702,414,837,579
1067,12,905,462,1149,727
1067,0,701,414,838,693
1068,7,702,413,837,579
1068,12,905,462,1149,728
1068,0,701,414,837,692
1069,0,701,414,837,692
1069,7,703,414,837,579
1069,12,903,461,1149,730
1070,0,701,414,837,692
1070,7,702,414,837,579
1070,12,905,462,1150,732
1071,7,702,414,837,579
1071,0,701,414,838,692
1071,12,905,462,1150,739
1072,7,702,414,837,580
1072,0,700,414,839,692
1072,12,905,461,1149,735
1073,12,904,461,1150,735
1073,7,702,414,837,579
1073,0,701,414,838,693
1074,7,702,414,837,580
1074,12,904,462,1150,734
1074,0,701,414,841,693
1075,0,701,414,841,694
1075,7,702,414,837,580
1075,12,904,462,1150,737
1076,0,701,414,841,694
1076,12,904,462,1150,738
1076,7,702,414,837,579
1077,7,702,414,837,579
1077,0,701,414,840,694
1077,12,904,461,1150,735
1078,7,702,414,837,580
1078,0,701,414,841,694
1078,12,904,461,1149,740
1079,7,702,414,837,580
1079,0,701,414,841,694
1079,12,903,461,1150,738
1080,0,701,414,841,694
1080,7,702,414,837,580
1080,12,901,461,1150,742
1081,7,702,414,837,580
1081,0,701,414,842,693
1081,12,901,461,1150,757
1082,7,702,414,838,580
1082,12,901,461,1151,755
1082,0,701,414,843,694
1083,0,701,414,843,694
1083,7,702,414,837,579
1083,12,901,461,1149,744
1084,7,702,414,837,579
1084,0,701,414,843,693
1084,12,901,461,1148,737
1085,0,701,414,843,693
1085,7,702,414,837,579
1085,12,901,461,1149,747
1086,7,702,414,837,579
1086,0,700,414,842,693
1086,12,901,461,1149,742
1087,7,702,414,837,579
1087,0,701,414,843,693
1087,12,901,461,1148,738
1088,0,701,414,843,693
1088,7,702,414,837,579
1088,12,901,461,1148,730
1089,7,702,414,836,579
1089,0,700,414,840,693
1089,12,902,460,1148,738
1090,7,702,414,836,579
1090,0,700,414,841,693
1090,12,901,460,1148,752
1091,7,702,414,836,578
1091,0,700,414,842,693
1091,12,901,459,1149,764
1092,0,700,414,841,693
1092,7,702,414,836,579
1092,12,901,459,1149,762
1093,0,700,414,841,693
1093,7,702,414,836,578
1093,12,901,459,1149,759
1094,0,700,414,841,694
1094,7,701,414,836,579
1094,12,901,459,1149,758
1095,12,901,459,1150,758
1095,7,701,414,836,579
1095,0,700,414,840,693
1096,0,700,414,840,693
1096,7,701,415,836,579
1096,12,901,459,1149,753
1097,7,701,414,836,579
1097,12,901,459,1149,752
1097,0,700,414,839,693
1098,0,700,414,839,693
1098,7,701,414,836,579
1098,12,901,460,1149,750
1099,0,700,414,839,694
1099,7,701,414,836,579
1099,12,901,459,1149,752
1100,0,700,415,839,694
1100,12,901,459,1149,753
1100,7,701,415,836,579
1101,12,901,459,1149,753
1101,0,700,415,839,693
1101,7,701,415,836,579
1102,0,700,415,839,693
1102,12,901,459,1148,753
1102,7,701,415,835,579
1103,12,901,459,1148,753
1103,7,701,415,835,579
1103,0,700,415,838,693
1104,12,901,459,1148,753
1104,7,701,415,835,579
1104,0,700,415,836,693
1105,12,901,459,1148,754
1105,0,699,415,836,693
1105,7,700,415,835,578
1106,12,901,459,1149,754
1106,7,700,415,835,579
1106,0,699,415,837,693
1107,0,699,415,837,693
1107,12,901,459,1148,753
1107,7,700,415,835,579
1108,12,902,459,1148,753
1108,7,700,415,836,579
1108,0,699,415,836,693
1109,12,902,459,1148,753
1109,7,700,415,836,579
1109,0,698,415,837,693
1110,7,700,416,836,579
1110,0,699,415,837,694
1110,12,901,458,1148,750
1111,7,700,416,836,579
1111,0,699,416,836,694
1111,12,900,458,1149,753
1112,0,699,416,838,694
1112,12,900,458,1148,749
1112,7,700,415,835,579
1113,0,699,416,838,694
1113,12,901,459,1148,752
1113,7,700,416,836,581
1114,7,700,416,835,580
1114,0,698,416,838,694
1114,12,900,459,1148,754
1115,12,900,459,1148,753
1115,7,699,416,836,581
1115,0,698,416,839,694
1116,0,698,416,839,694
1116,7,699,416,835,581
1116,12,899,459,1147,752
1117,0,698,416,839,694
1117,12,899,459,1147,752
1117,7,699,416,835,580
1118,12,900,459,1147,753
1118,7,699,416,836,580
1118,0,698,416,839,693
1119,7,699,416,836,580
1119,0,698,416,839,693
1119,12,900,460,1147,752
1120,12,900,460,1147,752
1120,0,698,416,839,693
1120,7,699,416,836,581
1121,7,699,417,836,581
1121,0,698,416,840,693
1121,12,901,460,1147,750
1122,0,698,416,840,693
1122,7,699,417,837,582
1122,12,903,460,1146,750
1123,7,698,417,836,582
1123,0,698,416,841,694
1123,12,905,460,1146,754
1124,7,698,417,837,582
1124,12,906,461,1146,750
1124,0,698,417,844,694
1125,0,698,417,843,695
1125,7,698,417,836,582
1125,12,910,461,1146,750
1126,0,698,417,842,695
1126,12,909,461,1145,752
1126,7,698,417,835,583
1127,12,909,461,1145,752
1127,0,697,417,842,695
1127,7,697,417,835,583
1128,0,697,417,841,695
1128,12,909,461,1145,753
1128,7,697,417,834,583
1129,7,697,417,834,583
1129,12,908,461,1145,753
1129,0,697,417,841,696
1130,12,907,461,1145,752
1130,7,696,417,833,583
1130,0,697,417,839,696
1131,12,908,462,1145,752
1131,0,697,417,839,696
1131,7,696,417,833,582
1132,12,907,462,1145,753
1132,0,696,417,837,696
1132,7,697,416,832,579
1133,12,907,462,1144,753
1133,7,697,416,832,578
1133,0,696,416,836,695
1134,7,697,415,832,578
1134,12,907,462,1144,753
1134,0,696,415,835,695
1135,12,907,461,1143,753
1135,0,696,415,836,696
1135,7,697,415,832,577
1136,12,907,461,1143,754
1136,0,696,414,835,695
1136,7,696,413,831,578
1137,0,696,413,835,695
1137,12,907,462,1143,754
1137,7,697,413,832,579
1138,12,907,462,1143,754
1138,0,696,412,835,694
1138,7,697,412,832,580
1139,12,907,462,1143,754
1139,7,696,412,832,580
1139,0,696,412,834,694
1140,12,906,462,1143,754
1140,0,696,411,833,695
1140,7,696,412,831,580
1141,7,697,411,831,580
1141,12,906,462,1143,753
1141,0,696,411,834,696
1142,12,908,463,1143,753
1142,0,696,411,833,695
1142,7,697,411,831,579
1143,7,697,411,831,579
1143,0,696,410,833,696
1143,12,906,463,1143,754
1144,7,697,411,831,579
1144,0,696,410,833,696
1144,12,907,463,1143,753
1145,7,697,411,831,579
1145,12,906,463,1143,753
1145,0,696,411,833,695
1146,7,697,411,831,578
1146,12,906,463,1143,753
1146,0,696,410,834,696
1147,7,697,411,831,579
1147,0,696,410,833,695
1147,12,907,463,1142,752
1148,12,908,463,1142,751
1148,7,698,411,831,578
1148,0,697,410,833,695
1149,7,697,411,831,579
1149,0,697,410,833,695
1149,12,909,463,1142,750
1150,7,697,411,831,579
1150,12,909,463,1142,751
1150,0,697,410,834,695
1151,7,697,411,831,579
1151,12,909,463,1142,752
1151,0,697,410,835,695
1152,7,698,411,831,579
1152,0,697,411,835,694
1152,12,909,463,1143,753
1153,7,698,411,832,579
1153,12,909,463,1143,751
1153,0,697,411,835,694
1154,12,910,464,1143,752
1154,7,699,412,831,579
1154,0,698,411,836,694
1155,7,699,412,831,578
1155,12,910,464,1144,752
1155,0,698,412,836,694
1156,7,699,412,831,579
1156,12,911,464,1143,750
1156,0,699,412,836,693
1157,7,699,412,831,579
1157,12,911,464,1143,748
1157,0,699,412,837,693
1158,12,912,464,1143,748
1158,0,699,413,840,693
1158,7,699,413,834,578
1159,12,913,464,1144,748
1159,7,699,413,835,579
1159,0,700,412,844,694
1160,12,911,464,1144,747
1160,7,699,413,834,578
1160,0,699,413,841,692
1161,0,699,413,843,693
1161,12,913,463,1145,749
1161,7,700,413,833,578
1162,7,701,413,833,579
1162,12,915,463,1146,748
1162,0,700,413,845,694
1163,12,915,463,1146,752
1163,0,700,411,842,694
1163,7,700,412,839,601
1164,12,916,462,1147,750
1164,0,700,411,844,695
1164,7,701,412,843,612
1165,0,701,412,844,695
1165,12,915,462,1148,748
1165,7,701,412,842,607
1166,0,701,412,845,695
1166,12,915,462,1148,747
1166,7,702,412,842,595
1167,0,701,412,845,695
1167,12,915,463,1149,745
1168,0,702,411,844,695
1168,12,914,463,1148,747
1168,7,703,411,835,581
1169,12,914,463,1149,747
1169,7,703,411,836,581
1169,0,702,412,844,694
1170,12,914,464,1148,748
1170,0,702,412,845,694
1170,7,704,411,837,581
1171,12,914,464,1148,747
1171,0,703,412,846,694
1171,7,704,412,838,581
1172,7,705,412,838,580
1172,12,915,465,1148,751
1172,0,704,413,847,695
1173,12,915,465,1149,750
1173,0,704,412,848,696
1173,7,705,413,844,581
1174,0,704,413,847,696
1174,7,705,413,843,581
1174,12,913,466,1149,754
1175,0,704,413,847,695
1175,7,705,414,843,581
1175,12,911,466,1150,755
1176,0,704,413,847,695
1176,12,911,466,1151,754
1176,7,706,414,844,581
1177,0,704,413,848,695
1177,7,706,414,844,583
1177,12,905,466,1151,755
1178,0,705,414,848,694
1178,7,707,414,845,581
1178,12,896,466,1152,757
1179,0,705,414,847,694
1179,12,893,466,1152,757
1179,7,708,414,844,579
1180,0,705,414,848,694
1180,7,708,414,845,579
1180,12,885,467,1152,758
1181,0,706,414,849,694
1181,7,709,414,846,579
1181,12,877,467,1153,759
1182,12,875,467,1153,760
1182,0,706,414,851,695
1182,7,708,414,848,580
1183,0,706,414,850,695
1183,12,876,467,1153,759
1184,12,874,467,1153,759
1184,0,706,414,848,695
1184,7,708,415,845,581
1185,0,706,415,850,695
1185,7,708,416,848,581
1185,12,867,466,1154,760
1186,0,706,415,851,695
1186,7,708,416,849,581
1186,12,861,466,1153,760
1187,7,708,416,849,581
1187,0,706,415,850,695
1187,12,833,467,1153,760
1188,12,834,467,1153,759
1188,0,706,415,853,695
1188,7,708,416,852,583
1189,12,829,467,1153,761
1189,7,707,416,850,583
1189,0,705,415,850,695
1190,12,828,468,1153,762
1190,0,705,415,850,695
1190,7,708,415,848,581
1191,0,705,415,852,695
1191,12,834,469,1153,763
1191,7,708,416,851,584
1192,7,708,416,850,584
1192,0,706,415,851,696
1192,12,832,470,1153,764
1193,0,706,416,851,696
1193,12,830,471,1152,762
1193,7,708,415,848,581
1194,0,706,416,850,696
1194,12,827,471,1152,764
1194,7,708,415,847,580
1195,0,705,415,849,696
1195,7,708,415,846,579
1195,12,825,471,1151,764
1196,0,706,415,848,696
1196,12,823,471,1151,766
1196,7,708,416,848,583
1197,7,708,416,848,582
1197,0,705,415,849,695
1197,12,827,471,1151,764
1198,0,705,415,849,696
1198,12,827,471,1151,766
1198,7,708,415,847,578
1199,12,828,471,1151,767
1199,0,705,415,849,696
1199,7,708,415,850,582
1200,12,826,471,1151,766
1200,7,708,416,847,582
1200,0,706,415,847,696
1201,12,823,474,1149,767
1201,0,706,416,843,694
1201,7,709,416,841,577
1202,0,707,416,843,693
1202,7,709,416,841,577
1202,12,823,473,1149,764
1203,12,822,473,1149,763
1203,7,709,416,841,577
1203,0,706,416,843,693
1204,12,823,473,1148,762
1204,0,707,415,842,693
1204,7,709,416,840,578
1205,0,706,415,843,693
1205,12,822,473,1148,763
1205,7,709,415,841,577
1206,0,706,415,843,692
1206,12,823,474,1148,763
1206,7,709,416,842,578
1207,7,709,415,841,578
1207,12,821,474,1148,763
1207,0,706,415,842,693
1208,12,820,474,1148,763
1208,0,706,415,842,692
1208,7,708,415,842,579
1209,12,820,474,1148,764
1209,0,706,415,842,693
1209,7,708,415,841,578
1210,7,708,415,841,578
1210,12,819,474,1148,763
1210,0,707,415,842,692
1211,0,707,415,842,692
1211,7,708,415,841,578
1211,12,820,474,1148,763
1212,12,821,474,1148,763
1212,0,707,415,842,692
1212,7,709,415,841,578
1213,0,707,415,841,692
1213,12,820,475,1147,762
1213,7,708,415,840,577
1214,7,708,415,840,577
1214,0,707,415,842,692
1214,12,821,475,1147,763
1215,12,821,476,1147,763
1215,0,707,416,843,692
1215,7,708,415,841,578
1216,12,821,476,1147,763
1216,0,707,415,843,692
1216,7,708,415,842,578
1217,0,707,415,843,692
1217,12,821,476,1147,762
1217,7,708,415,842,579
1218,12,822,476,1146,762
1218,0,707,415,844,692
1218,7,708,415,843,579
1219,7,708,415,843,579
1219,12,822,476,1147,763
1219,0,707,415,844,692
1220,0,707,415,844,692
1220,12,821,476,1147,762
1220,7,708,415,843,580
1221,12,822,476,1147,763
1221,0,706,415,844,692
1221,7,707,414,843,580
1222,12,822,476,1146,762
1222,0,706,415,845,692
1222,7,707,415,844,580
1223,12,821,476,1146,761
1223,0,706,415,846,692
1223,7,708,415,843,576
1224,12,821,477,1146,763
1224,0,705,415,845,692
1224,7,707,415,845,580
1225,7,707,415,844,581
1225,0,705,415,846,692
1225,12,823,477,1146,763
1226,12,824,477,1146,763
1226,0,705,415,846,692
1226,7,707,415,845,581
1227,7,707,415,844,581
1227,0,706,415,845,692
1227,12,827,477,1146,763
1228,0,706,415,846,692
1228,7,707,415,845,580
1228,12,828,477,1146,763
1229,7,708,416,845,580
1229,0,706,415,846,692
1229,12,830,478,1146,762
1230,7,707,416,845,581
1230,0,705,415,847,692
1230,12,832,479,1146,763
1231,12,831,476,1146,762
1231,7,707,416,847,581
1231,0,704,415,849,692
1232,7,707,415,846,581
1232,0,704,415,848,692
1232,12,833,476,1146,762
1233,0,705,415,848,692
1233,7,707,416,846,581
1233,12,835,476,1145,762
1234,0,704,416,849,692
1234,7,706,416,848,581
1234,12,830,477,1145,762
1235,12,829,476,1145,763
1235,0,704,416,850,693
1235,7,707,416,847,576
1236,12,829,476,1145,764
1236,0,704,416,850,693
1236,7,708,416,847,576
1237,0,704,416,849,693
1237,7,708,416,845,575
1237,12,825,477,1146,764
1238,0,704,416,849,693
1238,7,708,416,845,575
1238,12,822,477,1145,765
1239,12,823,477,1146,764
1239,0,704,416,847,693
1239,7,707,416,845,581
1240,12,824,478,1146,765
1240,0,704,416,848,693
1240,7,708,416,844,575
1241,0,705,416,849,693
1241,7,708,416,844,577
1241,12,826,478,1145,763
1242,12,825,479,1145,763
1242,0,705,416,848,693
1242,7,707,417,846,581
1243,7,708,417,844,582
1243,0,706,416,846,693
1243,12,825,481,1146,764
1244,12,825,480,1146,763
1244,0,706,417,845,693
1244,7,708,417,843,581
1245,7,708,418,843,582
1245,0,706,417,846,693
1245,12,824,481,1146,762
1246,7,708,418,844,582
1246,12,824,480,1147,764
1246,0,705,417,846,693
1247,7,708,418,845,582
1247,12,826,481,1146,763
1247,0,705,417,848,694
1248,0,705,417,848,694
1248,7,707,418,846,582
1248,12,823,481,1145,764
1249,12,822,481,1145,765
1249,0,703,417,848,694
1249,7,707,418,845,582
1250,0,703,417,848,694
1250,7,706,418,846,583
1250,12,820,481,1145,768
1251,0,702,417,848,694
1251,12,820,481,1145,769
1251,7,706,418,847,583
1252,12,819,481,1145,768
1252,7,706,418,847,583
1252,0,702,417,849,694
1253,0,702,417,848,694
1253,12,820,481,1145,770
1253,7,705,418,846,582
1254,7,705,417,847,582
1254,12,819,481,1144,773
1254,0,701,417,850,694
1255,12,820,480,1144,771
1255,0,701,417,849,694
1255,7,706,417,843,582
1256,0,701,417,850,694
1256,12,823,480,1144,774
1256,7,705,417,846,577
1257,0,701,416,850,694
1257,7,706,416,847,578
1257,12,824,481,1144,770
1258,0,702,416,850,694
1258,12,821,480,1143,770
1258,7,705,416,847,583
1259,12,820,480,1143,767
1259,0,702,416,848,694
1259,7,705,416,845,582
1260,0,702,416,848,694
1260,7,705,416,846,583
1260,12,819,481,1143,766
1261,12,816,481,1143,765
1261,0,702,416,846,694
1261,7,706,416,840,581
1262,7,707,416,840,581
1262,0,702,416,846,694
1262,12,816,480,1142,766
1263,7,707,416,840,581
1263,0,702,416,846,694
1263,12,817,480,1142,766
1264,7,707,416,841,582
1264,0,702,416,847,694
1264,12,817,481,1142,764
1265,12,817,481,1142,764
1265,0,703,416,845,693
1265,7,706,417,843,581
1266,0,703,416,844,693
1266,7,707,417,842,581
1266,12,817,481,1143,767
1267,12,816,481,1143,767
1267,7,707,417,842,581
1267,0,704,416,844,694
1268,12,815,481,1143,767
1268,0,704,416,843,693
1268,7,707,416,842,580
1269,0,705,416,843,693
1269,12,816,481,1143,768
1269,7,707,416,842,580
1270,7,707,416,842,580
1270,0,704,416,844,694
1270,12,815,481,1142,770
1271,0,704,416,844,694
1271,12,814,481,1143,771
1271,7,707,417,842,580
1272,12,814,481,1143,771
1272,0,704,416,844,694
1272,7,707,417,843,581
1273,12,815,481,1143,770
1273,0,704,416,846,694
1273,7,708,417,846,581
1274,0,704,416,846,694
1274,7,708,417,845,581
1274,12,815,482,1143,772
1275,0,705,416,846,694
1275,12,814,483,1143,770
1275,7,707,417,845,582
1276,12,813,483,1142,771
1276,0,704,416,844,694
1276,7,707,417,843,581
1277,0,704,416,845,694
1277,12,813,483,1142,771
1277,7,707,417,843,581
1278,0,704,416,848,694
1278,12,816,483,1141,766
1278,7,708,416,844,576
1279,12,816,484,1142,768
1279,0,704,416,846,694
1279,7,707,417,844,581
1280,7,707,417,844,581
1280,0,704,416,846,694
1280,12,816,484,1142,768
1281,12,814,484,1142,768
1281,7,707,417,842,581
1281,0,704,416,845,694
1282,7,707,417,842,581
1282,0,704,416,845,694
1282,12,814,485,1141,770
1283,7,707,417,842,581
1283,0,705,416,845,694
1283,12,814,485,1141,769
1284,0,705,416,845,694
1284,7,707,417,841,581
1284,12,816,484,1142,771
1285,7,707,417,841,580
1285,0,704,416,845,694
1285,12,812,483,1142,773
1286,0,704,416,844,694
1286,7,707,417,841,581
1286,12,816,485,1141,772
1287,12,815,485,1142,772
1287,0,704,416,844,694
1287,7,706,416,841,581
1288,12,816,485,1142,772
1288,0,704,416,844,694
1288,7,707,416,840,582
1289,12,816,485,1142,772
1289,7,707,416,840,582
1289,0,703,416,844,695
1290,0,703,416,844,694
1290,7,707,416,839,582
1290,12,817,486,1142,776
1291,12,817,486,1142,775
1291,7,707,417,838,582
1291,0,703,417,842,694
1292,7,706,417,838,582
1292,12,818,486,1142,773
1292,0,703,417,842,695
1293,7,706,417,838,582
1293,0,702,417,842,695
1293,12,819,487,1142,772
1294,7,706,417,838,582
1294,12,818,487,1141,772
1294,0,702,417,841,695
1295,0,701,417,841,695
1295,7,706,417,838,582
1295,12,817,487,1140,767
1296,12,816,487,1140,766
1296,7,706,418,840,583
1296,0,701,417,845,695
1297,7,706,418,840,583
1297,0,702,417,845,695
1297,12,815,488,1140,764
1298,12,816,488,1139,764
1298,7,706,418,840,582
1298,0,701,418,844,694
1299,12,816,488,1139,764
1299,7,706,418,841,582
1299,0,702,418,845,694
1300,0,702,418,846,694
1300,12,816,488,1140,766
1300,7,705,418,843,579
1301,0,701,418,846,694
1301,12,818,488,1139,765
1301,7,706,418,841,583
1302,12,821,487,1139,766
1302,0,700,418,848,694
1302,7,704,419,850,595
1303,0,699,418,847,695
1303,7,704,419,851,593
1303,12,809,486,1140,768
1304,12,810,486,1140,769
1304,0,700,418,849,695
1304,7,704,418,842,583
1305,0,700,418,850,695
1305,12,812,486,1140,768
1305,7,704,418,848,583
1306,0,700,418,850,695
1306,7,704,418,848,584
1306,12,815,486,1140,768
1307,0,700,418,849,694
1307,7,703,418,848,588
1307,12,825,486,1140,768
1308,12,825,486,1140,769
1308,0,699,417,850,695
1309,0,700,417,849,695
1309,12,823,485,1140,769
1310,0,700,417,848,695
1310,12,813,485,1140,770
1310,7,703,417,845,583
1311,0,700,418,847,695
1311,12,815,485,1140,772
1311,7,702,417,839,582
1312,7,702,417,839,582
1312,12,814,485,1140,772
1312,0,700,418,847,695
1313,7,702,417,839,581
1313,12,814,485,1140,771
1313,0,700,418,848,695
1314,7,702,417,839,582
1314,0,701,417,848,694
1314,12,822,486,1139,770
1315,12,820,486,1140,770
1315,7,702,418,838,581
1315,0,700,418,847,695
1316,7,702,418,839,582
1316,12,820,486,1138,767
1316,0,700,417,848,694
1317,12,821,486,1138,767
1317,7,702,418,839,582
1317,0,699,418,848,694
1318,12,821,486,1138,766
1318,0,700,418,848,694
1318,7,702,419,838,583
1319,0,701,418,849,694
1319,12,817,486,1139,770
1319,7,702,419,847,587
1320,0,702,418,849,694
1320,7,702,419,846,586
1320,12,818,487,1137,764
1321,12,819,487,1137,764
1321,0,701,419,851,695
1321,7,702,419,848,588
1322,0,702,418,851,695
1322,12,819,486,1137,765
1322,7,702,419,849,589
1323,0,702,418,850,695
1323,7,702,419,848,588
1323,12,817,485,1139,769
1324,0,701,418,850,694
1324,7,702,419,847,587
1324,12,819,485,1139,769
1325,0,701,418,850,694
1325,7,702,418,847,586
1325,12,821,485,1139,768
1326,0,701,418,849,694
1326,7,702,419,846,586
1326,12,821,485,1138,762
1327,0,701,418,849,694
1327,7,702,419,846,586
1327,12,817,485,1139,762
1328,0,701,418,849,694
1328,7,702,419,846,586
1328,12,818,485,1140,764
1329,0,701,418,850,694
1329,12,821,484,1140,763
1329,7,702,419,847,590
1330,0,701,418,850,693
1330,12,822,484,1141,764
1330,7,702,418,848,591
1331,0,701,417,850,693
1331,7,702,418,848,590
1331,12,820,484,1141,763
1332,12,820,483,1141,764
1332,7,702,418,847,591
1332,0,701,418,849,693
1333,7,702,418,847,591
1333,0,701,417,849,693
1333,12,820,484,1143,764
1334,0,701,417,849,693
1334,7,702,418,846,590
1334,12,818,483,1144,766
1335,0,701,417,848,693
1335,12,819,484,1144,763
1335,7,702,418,846,589
1336,7,702,418,846,589
1336,12,820,483,1144,764
1337,12,822,483,1144,763
1337,7,702,418,845,589
1338,7,702,418,845,588
1338,12,827,484,1144,764
1339,12,827,484,1144,764
1339,7,702,418,846,589
1340,7,702,418,846,589
1340,0,701,417,849,693
1340,12,824,484,1144,765
1341,7,701,418,847,590
1341,12,828,483,1145,767
1342,0,700,417,848,694
1342,7,701,418,846,591
1342,12,846,483,1146,765
1343,0,700,417,847,694
1343,12,840,483,1145,763
1343,7,701,418,843,588
1344,0,700,417,847,695
1344,7,701,418,844,589
1344,12,848,483,1147,766
1345,0,700,417,847,695
1345,7,701,418,844,588
1345,12,852,483,1147,766
1346,0,701,417,848,695
1346,7,701,418,845,589
1346,12,857,483,1148,762
1347,0,700,417,847,696
1347,7,700,418,844,588
1347,12,862,483,1148,763
1348,0,699,417,844,696
1348,7,700,418,838,589
1348,12,830,483,1149,764
1349,0,699,417,844,696
1349,7,701,419,837,587
1349,12,868,482,1150,766
1350,7,700,418,837,587
1350,0,699,417,842,696
1350,12,860,482,1151,765
1351,7,700,419,836,586
1351,0,697,417,844,696
1351,12,850,481,1154,765
1352,0,698,416,844,697
1352,7,699,417,837,586
1352,12,881,482,1151,764
1353,0,698,417,844,696
1353,7,698,418,838,586
1353,12,868,482,1153,767
1354,0,697,417,843,697
1354,7,697,417,838,585
1354,12,873,481,1154,766
1355,0,696,417,843,697
1355,7,696,417,839,585
1355,12,883,481,1156,762
1356,0,696,417,844,697
1356,7,697,417,841,584
1356,12,885,480,1159,760
1357,0,696,417,845,696
1357,12,887,481,1161,765
1357,7,698,416,844,584
1358,7,697,416,845,586
1358,0,694,417,845,697
1358,12,896,481,1163,759
1359,0,694,416,847,696
1359,12,898,482,1165,765
1359,7,697,416,846,592
1360,0,694,416,848,696
1360,7,697,416,846,597
1360,12,905,483,1168,768
1361,7,697,416,847,598
1361,0,695,416,848,696
1361,12,906,483,1171,774
1362,0,694,414,846,697
1362,7,697,415,845,595
1362,12,907,483,1174,781
1363,0,694,415,845,697
1363,7,696,415,844,591
1363,12,909,484,1176,788
1364,12,1009,505,1197,787
1364,13,991,398,1149,558
1365,12,1010,503,1196,801
1365,13,994,397,1146,545
1366,12,1010,501,1196,800
1366,13,995,395,1141,540
1367,12,1009,501,1195,803
1367,13,997,394,1141,539
1368,12,1008,503,1195,803
1368,13,999,393,1141,542
1369,12,1008,503,1195,805
1369,13,1001,392,1132,545
1370,12,1008,505,1196,802
1370,13,1002,391,1131,547
1371,12,1007,505,1196,801
1371,13,1005,390,1130,549
1372,12,1006,506,1196,801
1372,13,1007,389,1129,552
1373,12,1005,507,1197,801
1373,13,1008,388,1127,556
1374,12,1004,507,1196,802
1374,13,1010,388,1127,556
1375,12,1004,510,1197,803
1375,13,1010,388,1127,561
1376,12,1005,508,1197,805
1376,13,1010,388,1127,563
1377,12,1006,508,1197,806
1377,13,1010,388,1128,561
1378,13,1010,388,1128,562
1378,12,1004,509,1197,809
1379,12,1005,509,1197,811
1379,13,1011,388,1128,564
1380,13,1011,388,1127,563
1380,12,1004,509,1192,808
1381,13,1010,388,1129,562
1381,12,1004,510,1188,809
1382,13,1011,388,1129,561
1382,12,1005,511,1185,792
1383,13,1010,389,1129,562
1383,12,1005,513,1185,802
1384,13,1010,389,1130,561
1384,12,1006,510,1187,803
1385,13,1010,389,1131,561
1385,12,1004,510,1187,802
1386,12,1003,510,1186,798
1386,13,1010,389,1132,558
1387,13,1010,388,1133,557
1387,12,1003,512,1185,809
1388,13,1011,388,1133,558
1388,12,1003,513,1184,808
1389,12,1004,512,1183,807
1389,13,1010,387,1134,557
1390,13,1010,387,1133,556
1390,12,1005,514,1183,808
1391,12,1005,513,1182,808
1391,13,1011,387,1133,557
1392,12,1006,513,1182,808
1392,13,1011,386,1132,558
1393,12,1005,513,1182,809
1393,13,1012,387,1132,556
1394,12,1005,512,1181,809
1394,13,1013,387,1131,554
1395,12,1005,512,1180,809
1395,13,1013,387,1131,555
1396,12,1005,511,1180,810
1396,13,1014,387,1131,556
1397,12,1005,511,1180,809
1397,13,1014,387,1132,557
1398,12,1004,512,1180,809
1398,13,1014,387,1133,555
1399,12,1005,512,1180,809
1399,13,1014,387,1134,554
1400,12,1005,512,1180,809
1400,13,1014,388,1135,554
1401,12,1005,513,1181,810
1401,13,1014,389,1138,550
1402,12,1005,511,1181,809
1402,13,1014,391,1141,546
1403,12,1005,512,1181,809
1403,13,1014,393,1146,546
1404,12,1005,513,1182,809
1404,13,1014,395,1148,547
1405,12,1006,512,1182,810
1405,13,1014,397,1150,546
1406,12,1006,512,1182,810
1406,13,1013,400,1151,544
1407,12,1005,512,1182,810
1407,13,1013,404,1153,543
1408,12,1005,513,1182,808
1408,13,1014,407,1153,540
1409,12,1007,514,1184,808
1409,13,1014,408,1154,541
1410,12,1008,515,1184,807
1410,13,1016,409,1155,542
1411,12,1007,516,1184,807
1411,13,1019,410,1156,539
1412,12,1006,516,1185,806
1412,13,1020,411,1155,540
1413,12,1006,516,1185,807
1413,13,1020,411,1155,540
1414,12,1006,516,1185,806
1414,13,1021,411,1155,540
1415,12,1004,516,1185,807
1415,13,1021,410,1155,537
1416,12,1004,516,1184,807
1416,13,1021,410,1156,536
1417,12,1004,517,1184,808
1417,13,1021,409,1155,536
1418,12,1003,518,1183,808
1418,13,1022,408,1154,536
1419,12,1002,520,1183,808
1419,13,1022,408,1153,536
1420,12,1002,521,1182,807
1420,13,1023,408,1153,536
1421,12,1001,521,1182,807
1421,13,1021,408,1150,537
1422,12,999,522,1180,806
1422,13,1016,410,1149,536
1423,12,997,524,1179,806
1423,13,1013,411,1147,537
1424,12,996,523,1178,807
1424,13,1012,412,1145,537
1425,12,996,523,1178,806
1425,13,1011,415,1143,536
1426,12,995,524,1177,806
1426,13,1010,420,1141,536
1427,12,995,524,1176,806
1427,13,1006,421,1141,535
1428,12,994,525,1177,806
1429,12,994,524,1177,806
1429,13,1001,424,1140,537
1430,12,994,523,1177,806
1430,13,999,426,1141,536
1431,12,993,523,1177,807
1431,13,998,429,1142,536
1432,12,994,521,1177,807
1432,13,996,431,1141,536
1433,12,994,520,1177,807
1433,13,995,434,1140,538
1434,12,993,520,1177,806
1434,13,995,436,1140,536
1435,12,994,520,1178,806
1435,13,993,436,1138,534
1436,12,994,520,1177,806
1436,13,991,436,1138,535
1437,12,994,519,1177,805
1437,13,987,437,1137,536
1438,12,993,520,1178,806
1439,12,993,520,1178,808
1440,12,992,520,1177,806
1441,12,992,521,1178,805
1441,14,992,519,1178,926
1442,12,992,522,1178,805
1442,14,992,520,1178,939
1443,14,991,520,1178,938
1444,12,991,520,1178,806
1444,14,991,515,1179,928
1445,12,991,519,1178,806
1445,14,991,518,1178,930
1446,14,991,516,1178,950
1447,14,990,514,1178,956
1448,14,990,507,1178,961
1449,14,990,506,1178,966
1450,14,990,502,1178,966
1451,14,990,509,1177,967
1452,14,990,506,1178,966
1453,14,990,508,1177,969
1454,14,990,508,1177,971
1455,14,990,508,1177,972
1456,14,991,509,1177,971
1457,14,991,508,1178,971
1458,14,992,509,1179,972
1459,14,992,508,1179,972
1460,14,992,509,1179,972
1461,14,992,507,1179,973
1462,14,991,505,1179,972
1463,14,992,505,1179,972
1464,14,993,504,1180,971
1465,14,992,504,1179,971
1466,14,991,504,1179,971
1467,14,990,503,1179,969
1468,14,990,502,1179,969
1469,14,991,503,1180,968
1470,14,991,501,1182,972
1471,14,991,497,1185,972
1472,14,991,499,1188,973
1473,14,991,500,1191,975
1474,14,991,499,1194,978
1475,14,990,496,1194,977
1476,14,990,503,1194,977
1477,14,990,502,1194,981
1478,14,989,506,1193,978
1479,14,989,508,1193,979
1480,14,989,512,1193,979
1481,14,988,516,1193,979
1482,14,988,517,1193,979
1483,14,988,517,1193,980
1484,14,988,518,1193,980
1485,14,988,518,1194,981
1486,14,988,520,1194,982
1487,14,988,520,1194,983
1488,14,988,519,1194,982
1489,14,987,519,1194,985
1490,14,987,520,1194,985
1491,14,987,521,1195,984
1492,14,987,522,1195,982
1493,14,987,523,1195,985
1494,14,987,524,1196,985
1495,14,988,524,1196,984
1496,14,988,525,1196,984
1497,14,987,525,1196,986
1498,14,987,525,1196,986
1499,14,987,525,1196,987
1500,14,987,525,1196,987
1501,14,987,525,1195,986
1502,14,987,525,1195,986
1503,14,987,524,1195,986
1504,14,987,525,1195,985
1505,14,987,524,1195,985
1506,14,987,524,1195,985
1507,14,987,524,1195,985
1508,14,987,524,1195,983
1509,14,987,524,1195,981
1510,14,987,524,1195,981
1511,14,987,523,1195,980
1512,14,987,523,1195,979
1513,14,987,522,1195,978
1514,14,987,521,1195,978
1515,14,987,522,1195,978
1516,14,986,522,1195,978
1517,14,986,521,1195,978
1518,14,986,521,1195,979
1519,14,986,521,1194,979
1520,14,986,521,1195,979
1521,14,986,519,1194,979
1522,14,986,520,1194,978
1523,14,985,520,1194,978
1524,14,985,521,1193,978
1525,14,985,521,1194,978
1526,14,986,521,1194,979
1527,14,986,521,1194,979
1528,14,986,521,1194,978
1529,14,986,521,1194,978
1530,14,986,521,1194,978
1531,14,986,521,1194,978
1532,14,986,521,1194,978
1533,14,986,521,1194,978
1534,14,986,519,1194,977
1535,14,986,520,1194,978
1536,14,986,519,1194,977
1537,14,986,519,1195,978
1538,14,986,518,1195,976
1539,14,987,518,1195,976
1540,14,987,518,1195,976
1541,14,987,518,1195,977
1542,14,987,520,1195,977
1543,14,987,521,1195,978
1544,14,988,516,1196,982
1545,14,988,518,1196,983
1546,14,988,519,1197,983
1547,14,987,526,1196,981
1548,14,988,527,1197,982
1549,14,990,528,1198,983
1550,14,991,528,1200,983
1551,14,992,528,1201,981
1552,14,993,529,1202,980
1553,14,993,529,1203,981
1554,14,994,529,1204,981
1555,14,995,528,1203,983
1556,14,995,529,1203,983
1557,14,995,529,1203,984
1558,14,996,530,1204,986
1559,14,996,530,1205,986
1560,14,996,530,1206,989
1561,14,996,530,1205,989
1562,14,996,531,1205,989
1563,14,997,530,1206,990
1564,14,997,531,1206,991
1565,14,998,531,1207,991
1566,14,998,532,1208,991
1567,14,999,533,1208,991
1568,14,999,533,1209,991
1569,14,999,533,1209,991
1570,14,999,534,1209,991
1571,14,1000,534,1210,992
1572,14,1001,534,1211,992
1573,14,1001,534,1211,992
1574,14,1001,535,1211,992
1575,14,1002,535,1212,992
1576,14,1002,536,1212,993
1577,14,1002,536,1212,994
1578,14,1003,537,1212,994
1579,14,1004,537,1213,994
1580,14,1005,538,1214,994
1581,14,1005,537,1215,995
1582,14,1006,538,1216,995
1583,14,1006,538,1217,995
1584,14,1007,538,1217,995
1585,14,1007,539,1217,995
1586,14,1007,538,1217,996
1587,14,1007,539,1217,996
1588,14,1008,540,1215,997
1589,14,1007,540,1217,997
1590,14,1007,541,1217,997
1591,14,1008,541,1217,997
1592,14,1009,542,1217,997
1593,14,1010,542,1218,997
1594,14,1010,542,1218,997
1595,14,1011,542,1218,997
1596,14,1012,542,1220,998
1597,14,1013,543,1220,999
1598,14,1014,543,1220,998
1599,14,1014,544,1221,1000
1600,14,1014,546,1221,1001
1601,14,1015,544,1222,1002
1602,14,1016,544,1224,1002
1603,14,1017,543,1225,1004
1604,14,1018,545,1225,1005
1605,14,1018,547,1225,1006
1606,14,1019,546,1227,1006
1607,14,1020,546,1227,1006
1608,14,1020,546,1227,1006
1609,14,1019,547,1226,1007
1610,14,1019,547,1226,1007
1611,14,1020,548,1226,1007
1612,14,1020,547,1227,1008
1613,14,1020,547,1228,1008
1614,14,1021,547,1228,1007
1615,14,1021,548,1228,1007
1616,14,1021,547,1228,1007
1617,14,1022,547,1229,1006
1618,14,1021,548,1230,1007
1619,14,1022,548,1230,1007
1620,14,1022,547,1230,1007
1621,14,1023,546,1230,1007
1622,14,1023,546,1231,1007
1623,14,1023,547,1231,1008
1624,14,1023,547,1231,1010
1625,14,1023,548,1230,1011
1626,14,1022,549,1230,1011
1627,14,1022,550,1230,1010
1628,14,1022,549,1230,1010
1629,14,1021,549,1230,1010
1630,14,1021,547,1230,1010
1631,14,1021,548,1230,1010
1632,14,1020,548,1229,1010
1633,14,1020,547,1229,1010
1634,14,1019,547,1229,1010
1635,14,1019,547,1228,1010
1636,14,1019,547,1228,1011
1637,14,1019,548,1228,1011
1638,14,1019,546,1228,1011
1639,14,1019,546,1228,1011
1640,14,1019,546,1227,1011
1641,14,1019,545,1228,1010
1642,14,1019,545,1228,1010
1643,14,1019,546,1228,1011
1644,14,1019,545,1227,1010
1645,14,1019,545,1228,1011
1646,14,1019,545,1227,1011
1647,14,1019,545,1227,1011
1648,14,1018,545,1227,1011
1649,14,1019,545,1227,1011
1650,14,1019,545,1228,1011
1651,14,1019,546,1228,1011
1652,14,1019,546,1228,1011
1653,14,1019,547,1228,1011
1654,14,1019,547,1228,1011
1655,14,1019,547,1227,1013
1656,14,1020,547,1228,1013
1657,14,1020,546,1228,1012
1658,14,1019,546,1228,1011
1659,14,1020,546,1228,1012
1660,14,1019,546,1228,1011
1661,14,1019,547,1227,1011
1662,14,1018,547,1227,1011
1663,14,1018,547,1227,1012
1664,14,1018,547,1227,1011
1665,14,1018,547,1227,1011
1666,14,1018,548,1227,1011
1667,14,1018,548,1227,1012
1668,14,1018,547,1227,1012
1669,14,1018,548,1226,1012
1670,14,1018,547,1226,1012
1671,14,1017,546,1226,1012
1672,14,1017,543,1226,1014
1673,14,1017,543,1226,1014
1674,14,1016,543,1226,1014
1675,14,1017,542,1226,1014
1676,14,1017,542,1226,1015
1677,14,1016,545,1226,1013
1678,14,1016,545,1225,1013
1679,14,1016,544,1225,1013
1680,14,1015,547,1224,1012
1681,14,1016,548,1224,1012
1682,14,1015,549,1224,1013
1683,14,1015,549,1224,1013
1684,14,1015,547,1224,1013
1685,14,1015,546,1223,1013
1686,14,1015,545,1224,1013
1687,14,1015,542,1224,1013
1688,14,1016,542,1224,1013
1689,14,1016,542,1224,1013
1690,14,1016,535,1224,1013
1691,14,1016,534,1224,1014
1692,14,1016,537,1224,1014
1693,14,1016,541,1224,1013
1694,14,1016,541,1224,1014
1695,14,1016,544,1224,1012
1696,14,1016,546,1225,1012
1697,14,1017,546,1224,1013
1698,14,1016,546,1224,1016
1699,14,1016,545,1223,1016
1700,14,1015,546,1223,1016
1701,14,1015,547,1223,1016
1702,14,1015,547,1223,1016
1703,14,1015,549,1222,1016
1704,14,1014,550,1222,1016
1705,14,1014,550,1222,1016
1706,14,1014,551,1222,1017
1707,14,1013,551,1222,1017
1708,14,1013,551,1222,1017
1709,14,1013,551,1222,1017
1710,14,1013,552,1222,1017
1711,14,1013,552,1222,1017
1712,14,1012,552,1222,1017
1713,14,1012,553,1221,1017
1714,14,1012,553,1221,1017
1715,14,1012,552,1221,1017
1716,14,1012,554,1222,1017
1717,14,1012,553,1221,1017
1718,14,1012,553,1221,1018
1719,14,1012,553,1221,1018
1720,14,1011,553,1220,1018
1721,14,1011,553,1220,1018
1722,14,1011,553,1220,1018
1723,14,1011,553,1220,1018
1724,14,1011,553,1220,1018
1725,14,1011,553,1220,1018
1726,14,1011,554,1220,1018
1727,14,1011,554,1220,1018
1728,14,1011,554,1220,1018
1729,14,1011,553,1221,1018
1730,14,1011,553,1221,1018
1731,14,1011,552,1221,1018
1732,14,1011,552,1221,1018
1733,14,1010,554,1221,1016
1734,14,1010,553,1220,1016
1735,14,1010,554,1220,1017
1736,14,1010,555,1220,1017
1737,14,1010,557,1221,1016
1738,14,1010,557,1221,1016
1739,14,1010,559,1221,1017
1740,14,1010,559,1220,1016
1741,14,1010,559,1220,1016
1742,14,1010,559,1220,1017
1743,14,1010,559,1220,1016
1744,14,1010,559,1220,1017
1745,14,1009,559,1220,1017
1746,14,1009,558,1220,1017
1747,14,1009,557,1219,1017
1748,14,1009,556,1219,1017
1749,14,1009,553,1219,1018
1750,14,1009,553,1219,1018
1751,14,1009,553,1219,1017
1752,14,1009,554,1218,1017
1753,14,1009,554,1218,1017
1754,14,1009,554,1218,1018
1755,14,1008,555,1218,1018
1756,14,1009,555,1218,1018
1757,14,1008,555,1218,1018
1758,14,1008,557,1218,1019
1759,14,1008,558,1217,1019
1760,14,1008,561,1217,1019
1761,14,1008,561,1217,1019
1762,14,1008,560,1218,1019
1763,14,1008,561,1218,1019
1764,14,1008,561,1217,1019
1765,14,1007,562,1217,1020
1766,14,1007,562,1217,1020
1767,14,1007,563,1217,1019
1768,14,1007,563,1216,1019
1769,14,1007,563,1216,1020
1770,14,1007,563,1216,1020
1771,14,1006,563,1216,1019
1772,14,1006,563,1216,1018
1773,14,1006,564,1216,1018
1774,14,1006,564,1216,1018
1775,14,1006,564,1216,1018
1776,14,1006,563,1217,1020
1777,14,1006,564,1215,1018
1778,14,1006,564,1215,1018
1779,14,1006,566,1215,1018
1780,14,1005,565,1215,1018
1780,15,1020,463,1171,564
1781,14,1005,565,1214,1018
1782,14,1004,563,1214,1018
1783,14,1004,563,1214,1018
1783,15,1021,451,1177,565
1784,14,1004,562,1214,1018
1784,15,1020,447,1177,566
1785,14,1004,561,1214,1017
1785,15,1017,441,1177,566
1786,14,1003,562,1213,1017
1786,15,1016,438,1175,565
1787,14,1002,561,1214,1017
1787,15,1015,432,1175,563
1788,14,1002,560,1213,1017
1788,15,1016,432,1173,564
1789,14,1000,561,1213,1016
1789,15,1014,430,1173,563
1790,14,1000,561,1212,1015
1790,15,1013,428,1171,563
1791,14,999,560,1211,1015
1791,15,1012,425,1169,562
1792,14,1000,560,1211,1014
1792,15,1012,424,1168,561
1793,14,999,561,1211,1014
1793,15,1011,423,1167,561
1794,14,999,561,1211,1014
1794,15,1011,423,1167,560
1795,14,1000,561,1212,1017
1795,15,1011,422,1164,560
1796,14,1000,560,1211,1017
1796,15,1012,423,1161,560
1797,14,1000,560,1211,1016
1797,15,1013,424,1157,563
1798,14,1000,559,1211,1016
1798,15,1012,427,1154,567
1799,14,1000,559,1211,1016
1799,15,1009,429,1152,572
1800,14,1000,560,1211,1016
1800,15,1004,432,1150,573
1801,14,1000,560,1210,1014
1801,15,1001,435,1150,589
1802,14,1000,561,1210,1014
1802,15,998,437,1149,603
1803,14,1001,561,1210,1016
1803,15,996,441,1149,597
1804,14,1001,561,1210,1016
1804,15,994,446,1149,609
1805,14,1000,562,1210,1014
1805,15,991,449,1151,620
1806,14,1001,563,1209,1014
1806,15,991,454,1150,626
1807,14,1001,564,1209,1014
1807,15,984,459,1150,625
1808,14,1001,563,1209,1014
1808,15,983,464,1149,623
1809,14,1000,563,1209,1014
1809,15,982,468,1148,619
1810,14,1000,562,1210,1017
1811,14,1000,562,1210,1014
1812,14,1000,561,1210,1014
1813,14,1000,561,1210,1014
1814,14,1000,562,1210,1014
1815,14,1000,562,1210,1014
1816,14,1001,562,1211,1017
1817,14,1001,563,1211,1017
1818,14,1001,563,1211,1017
1819,14,1000,563,1210,1014
1820,14,1001,563,1210,1014
1821,14,1001,564,1210,1014
1822,14,1001,564,1211,1014
1823,14,1000,564,1211,1015
1824,14,1000,565,1211,1016
1825,14,1001,565,1212,1016
1826,14,1002,566,1214,1018
1827,14,1003,566,1215,1018
1827,16,962,481,1154,621
1828,14,1004,566,1215,1019
1829,14,1004,566,1216,1019
1829,16,968,481,1158,615
1830,14,1005,565,1216,1019
1830,16,970,480,1159,617
1831,14,1005,566,1216,1019
1831,16,973,478,1159,620
1832,14,1004,566,1216,1019
1832,16,973,477,1159,620
1833,14,1004,565,1215,1019
1833,16,974,477,1158,620
1834,14,1003,565,1215,1018
1834,16,976,473,1158,617
1835,14,1004,566,1214,1017
1835,16,979,470,1157,618
1836,14,1004,566,1215,1017
1836,16,982,466,1158,616
1837,14,1004,566,1216,1019
1837,16,983,462,1157,609
1838,14,1004,566,1216,1019
1838,16,987,457,1157,620
1839,14,1004,566,1217,1019
1839,16,988,450,1155,620
1840,14,1005,566,1217,1019
1840,16,992,448,1156,614
1841,14,1006,565,1218,1019
1841,16,999,443,1156,604
1842,14,1007,565,1217,1020
1842,16,1000,438,1152,611
1843,14,1006,566,1219,1019
1843,16,1004,433,1151,607
1844,14,1006,566,1219,1019
1844,16,1008,431,1151,603
1845,14,1007,565,1219,1019
1845,16,1011,426,1150,595
1846,14,1009,563,1218,1018
1846,16,1012,422,1147,591
1847,14,1009,562,1218,1018
1847,16,1014,417,1147,586
1848,14,1009,562,1218,1018
1848,16,1019,413,1146,585
1849,14,1009,561,1218,1018
1849,16,1020,411,1147,587
1850,14,1008,562,1218,1016
1850,16,1021,409,1146,586
1851,14,1008,561,1218,1019
1851,16,1022,406,1145,589
1852,14,1007,562,1218,1017
1852,16,1022,404,1144,581
1853,14,1007,563,1218,1017
1853,16,1022,403,1143,576
1854,14,1006,564,1217,1018
1854,16,1019,401,1142,574
1855,14,1005,565,1216,1018
1855,16,1019,400,1141,575
1856,14,1005,565,1216,1019
1856,16,1021,400,1140,575
1857,16,1022,401,1141,576
1857,14,1006,566,1217,1020
1858,14,1007,567,1218,1022
1858,16,1023,401,1140,576
1859,14,1008,568,1218,1022
1859,16,1025,402,1142,577
1860,14,1008,566,1219,1023
1860,16,1026,403,1142,582
1861,14,1008,566,1219,1023
1861,16,1026,403,1142,594
1862,14,1009,566,1219,1023
1862,16,1025,404,1142,597
1863,14,1009,566,1219,1023
1863,16,1026,403,1143,603
1864,14,1009,566,1219,1024
1864,16,1024,403,1142,603
1865,14,1009,565,1219,1024
1865,16,1025,402,1142,600
1866,14,1008,565,1219,1024
1866,16,1025,401,1142,596
1867,14,1008,566,1219,1024
1867,16,1024,401,1142,597
1868,14,1008,565,1219,1024
1868,16,1024,401,1142,595
1869,14,1008,565,1219,1024
1869,16,1023,402,1142,596
1870,14,1008,566,1218,1025
1870,16,1023,403,1142,588
1871,14,1007,567,1218,1025
1871,16,1023,404,1141,588
1872,14,1007,567,1218,1025
1872,16,1023,404,1140,586
1873,14,1007,568,1218,1025
1873,16,1023,404,1139,582
1874,14,1007,568,1218,1025
1874,16,1023,404,1139,581
1875,14,1007,568,1218,1025
1875,16,1023,404,1139,582
1876,14,1006,568,1218,1025
1876,16,1023,403,1139,583
1877,14,1006,568,1217,1025
1877,16,1023,403,1138,586
1878,14,1006,568,1217,1025
1878,16,1024,403,1138,588
1879,14,1007,568,1218,1024
1879,16,1024,403,1140,590
1880,14,1008,568,1218,1024
1880,16,1024,403,1141,588
1881,14,1009,568,1219,1024
1881,16,1027,405,1142,587
1882,14,1010,567,1219,1025
1882,16,1027,406,1144,588
1883,14,1011,567,1219,1024
1883,16,1027,407,1144,588
1884,14,1011,566,1220,1023
1884,16,1028,408,1146,590
1885,14,1012,567,1221,1022
1885,16,1029,408,1147,592
1886,14,1012,566,1221,1022
1886,16,1030,409,1149,595
1887,14,1012,566,1221,1022
1887,16,1031,408,1149,597
1888,14,1012,567,1221,1020
1888,16,1031,407,1149,594
1889,14,1011,567,1220,1019
1889,16,1030,407,1149,593
1890,14,1010,567,1220,1019
1890,16,1030,408,1149,590
1891,14,1010,565,1220,1021
1891,16,1030,408,1149,595
1892,14,1009,565,1220,1021
1892,16,1029,409,1149,597
1893,14,1010,565,1219,1021
1893,16,1029,409,1150,598
1894,14,1010,565,1219,1020
1894,16,1029,409,1150,596
1895,14,1009,565,1219,1020
1895,16,1029,409,1150,596
1896,14,1009,565,1219,1020
1896,16,1029,409,1150,593
1897,14,1009,565,1219,1020
1897,16,1029,409,1149,592
1898,14,1010,564,1219,1019
1898,16,1029,409,1149,592
1899,14,1010,564,1219,1019
1899,16,1028,409,1149,592
1900,14,1009,563,1219,1018
1900,16,1028,408,1149,590
1901,14,1009,563,1218,1017
1901,16,1027,408,1150,590
1902,14,1009,561,1219,1017
1902,16,1027,409,1150,594
1903,14,1009,560,1218,1016
1903,16,1027,409,1150,594
1904,14,1009,560,1218,1016
1904,16,1027,409,1150,591
1905,14,1009,558,1218,1016
1905,16,1027,409,1150,589
1906,14,1009,558,1218,1015
1906,16,1027,408,1149,589
1907,14,1009,558,1218,1015
1907,16,1026,408,1149,586
1908,14,1009,558,1218,1017
1908,16,1026,408,1148,588
1909,14,1009,557,1218,1015
1909,16,1027,408,1149,587
1910,14,1010,557,1218,1016
1910,16,1027,407,1149,588
1911,14,1010,557,1218,1017
1911,16,1027,407,1148,590
1912,14,1010,558,1218,1016
1912,16,1027,407,1148,588
1913,14,1010,557,1218,1017
1913,16,1027,406,1148,589
1914,14,1010,556,1218,1016
1914,16,1027,406,1149,590
1915,14,1010,556,1218,1017
1915,16,1027,406,1149,591
1916,14,1009,556,1218,1014
1916,16,1028,405,1151,587
1917,14,1010,555,1218,1013
1917,16,1028,405,1152,584
1918,14,1010,555,1219,1013
1918,16,1029,404,1152,578
1919,14,1010,554,1219,1013
1919,16,1029,404,1153,576
1920,14,1010,554,1219,1013
1920,16,1030,404,1153,581
1921,14,1010,555,1219,1013
1921,16,1030,403,1154,578
1922,14,1010,554,1219,1013
1922,16,1030,403,1154,578
1923,14,1010,554,1220,1013
1923,16,1031,403,1155,575
1924,14,1010,554,1220,1013
1924,16,1031,402,1156,573
1925,14,1011,553,1220,1015
1925,16,1032,403,1156,571
1926,14,1011,553,1221,1015
1926,16,1033,403,1157,569
1927,14,1011,553,1221,1014
1927,16,1034,404,1158,570
1928,14,1011,553,1221,1014
1928,16,1034,404,1159,571
1929,14,1011,552,1221,1014
1929,16,1035,404,1160,576
1930,14,1011,552,1221,1012
1930,16,1035,405,1161,574
1931,14,1011,551,1220,1011
1931,16,1036,405,1161,574
1932,14,1011,551,1220,1011
1932,16,1035,404,1160,576
1933,14,1011,549,1220,1011
1933,16,1035,404,1161,574
1934,14,1011,549,1220,1010
1934,16,1035,404,1160,570
1935,14,1011,548,1220,1010
1935,16,1035,404,1160,572
1936,14,1011,548,1220,1010
1936,16,1035,404,1160,571
1937,16,1035,404,1160,570
1937,14,1012,549,1221,1013
1938,14,1011,550,1220,1011
1938,16,1035,404,1159,572
1939,14,1011,550,1220,1011
1939,16,1035,404,1159,575
1940,14,1011,550,1220,1013
1940,16,1035,404,1159,573
1941,16,1035,405,1159,573
1941,14,1011,551,1220,1010
1942,14,1011,551,1220,1010
1942,16,1034,405,1159,579
1943,14,1011,550,1219,1010
1943,16,1034,405,1159,579
1944,14,1011,550,1219,1009
1944,16,1034,406,1158,573
1945,14,1011,550,1219,1009
1945,16,1035,407,1159,582
1946,14,1011,550,1219,1009
1946,16,1036,408,1159,570
1947,14,1011,550,1220,1009
1947,16,1035,411,1159,566
1948,14,1011,549,1220,1009
1948,16,1035,414,1159,562
1949,14,1011,549,1219,1008
1949,16,1033,418,1159,562
1950,14,1011,548,1220,1010
1950,16,1024,424,1159,562
1951,14,1011,548,1220,1011
1951,16,1018,427,1160,557
1952,14,1011,549,1219,1010
1952,16,1013,434,1158,558
1953,14,1010,548,1219,1008
1953,16,1011,441,1158,562
1954,14,1011,549,1219,1010
1955,14,1011,549,1219,1010
1956,14,1011,550,1219,1010
1957,14,1010,549,1219,1010
1958,14,1010,549,1219,1010
1959,14,1010,549,1218,1010
1960,14,1010,548,1218,1009
1961,14,1009,548,1218,1009
1962,14,1009,548,1218,1009
1963,14,1008,546,1218,1006
1964,14,1008,546,1218,1007
1965,14,1008,546,1218,1008
1966,14,1009,547,1218,1010
1967,14,1009,546,1218,1007
1968,14,1009,546,1218,1007
1969,14,1010,546,1218,1009
1970,14,1010,546,1218,1008
1971,14,1010,547,1219,1008
1972,14,1011,547,1219,1008
1973,14,1011,547,1219,1008
1974,14,1011,547,1219,1008
1975,14,1011,547,1220,1008
1976,14,1011,546,1220,1008
1977,14,1011,547,1220,1008
1978,14,1011,546,1219,1008
1979,14,1011,546,1219,1008
1980,14,1011,546,1219,1008
1981,14,1010,546,1219,1008
1982,14,1010,547,1219,1009
1983,14,1010,547,1219,1009
1984,14,1010,547,1219,1009
1985,14,1011,547,1219,1009
1986,14,1011,547,1219,1009
1987,14,1010,547,1218,1009
1988,14,1010,548,1218,1011
1989,14,1010,548,1218,1010
1990,14,1010,548,1219,1008
1991,14,1010,549,1218,1010
1992,14,1010,549,1218,1011
1993,14,1010,549,1218,1011
1994,14,1010,549,1218,1011
1995,14,1010,549,1218,1009
1996,14,1010,549,1218,1009
1997,14,1010,549,1218,1009
1998,14,1010,550,1218,1009
1999,14,1009,551,1218,1009
2000,14,1010,551,1218,1010
2001,14,1010,552,1218,1010
2002,14,1010,552,1218,1011
2003,14,1010,552,1218,1011
2004,14,1009,552,1218,1011
2005,14,1010,552,1218,1011
2006,14,1010,551,1218,1010
2007,14,1010,551,1218,1009
2008,14,1010,551,1218,1009
2009,14,1010,551,1218,1011
2010,14,1010,551,1218,1011
2011,14,1010,551,1218,1011
2012,14,1010,552,1218,1011
2013,14,1010,552,1218,1011
2014,14,1010,551,1219,1010
2015,14,1010,552,1219,1010
2016,14,1009,552,1219,1009
2017,14,1010,552,1218,1011
2018,14,1010,551,1219,1008
2019,14,1010,552,1219,1009
2020,14,1010,551,1219,1008
2021,14,1010,552,1219,1011
2022,14,1010,552,1219,1011
2023,14,1010,552,1219,1011
2024,14,1010,553,1219,1011
2025,14,1010,552,1219,1010
2026,14,1010,552,1218,1010
2027,14,1010,552,1218,1010
2028,14,1010,552,1218,1010
2029,14,1008,554,1218,1007
2030,14,1008,554,1218,1007
2031,14,1009,556,1218,1009
2032,14,1009,556,1219,1009
2033,14,1009,556,1218,1009
2034,14,1008,557,1218,1008
2035,14,1008,557,1217,1008
2036,14,1008,556,1217,1008
2037,14,1008,556,1217,1008
2038,14,1009,556,1218,1008
2039,14,1009,555,1218,1008
2040,14,1009,555,1218,1009
2041,14,1009,555,1219,1008
2042,14,1009,556,1219,1008
2043,14,1009,556,1219,1008
2044,14,1009,556,1218,1008
2045,14,1009,556,1218,1009
2046,14,1010,555,1218,1009
2047,14,1010,555,1219,1009
2048,14,1011,555,1219,1009
2049,14,1011,554,1220,1009
2050,14,1011,554,1220,1009
2051,14,1011,554,1220,1009
2052,14,1011,554,1220,1009
2053,14,1012,553,1221,1009
2054,14,1012,554,1221,1010
2055,14,1012,554,1220,1008
2056,14,1012,553,1221,1011
2057,14,1012,553,1221,1011
2058,14,1012,553,1220,1010
2059,14,1011,552,1221,1008
2060,14,1012,553,1221,1010
2061,14,1012,554,1221,1010
2062,14,1012,553,1221,1010
2063,14,1012,554,1221,1010
2064,14,1012,554,1222,1010
2065,14,1012,554,1222,1011
2066,14,1012,554,1222,1011
2067,14,1013,554,1222,1009
2068,14,1013,553,1222,1011
2069,14,1013,553,1222,1011
2070,14,1013,553,1222,1010
2071,14,1012,554,1222,1010
2072,14,1012,555,1222,1010
2073,14,1013,556,1222,1010
2074,14,1012,556,1222,1013
2075,14,1013,555,1222,1014
2076,14,1014,556,1223,1012
2077,14,1014,556,1224,1013
2078,14,1015,557,1226,1016
2079,14,1017,559,1227,1014
2080,14,1018,559,1227,1018
2081,14,1018,559,1228,1019
2082,14,1018,559,1227,1018
2083,14,1018,560,1227,1019
2084,14,1017,561,1227,1019
2085,14,1017,561,1226,1019
2086,14,1017,561,1226,1019
2087,14,1017,562,1225,1019
2088,14,1016,562,1224,1020
2089,14,1016,562,1225,1020
2090,14,1016,562,1224,1020
2091,14,1016,562,1225,1021
2091,17,1004,464,1152,568
2092,14,1017,563,1225,1022
2093,14,1017,564,1225,1023
2094,14,1017,565,1226,1023
2095,14,1019,565,1227,1025
2095,17,1008,456,1155,569
2096,14,1019,565,1227,1025
2096,17,1005,454,1156,570
2097,14,1018,565,1226,1024
2097,17,1004,449,1158,572
2098,14,1019,565,1226,1023
2098,17,1004,444,1157,572
2099,14,1018,566,1226,1022
2099,17,1003,438,1157,571
2100,14,1019,568,1227,1024
2100,17,1002,436,1159,573
2101,14,1019,567,1228,1026
2101,17,1004,434,1158,572
2102,14,1020,568,1229,1027
2102,17,1003,430,1162,572
2103,14,1020,569,1229,1026
2103,17,1003,427,1161,572
2104,14,1020,570,1229,1027
2104,17,1007,426,1161,571
2105,14,1020,570,1229,1026
2105,17,1012,423,1161,573
2106,14,1021,571,1229,1026
2106,17,1018,424,1163,575
2107,14,1022,571,1230,1027
2107,17,1023,424,1164,575
2108,14,1022,573,1230,1028
2108,17,1028,424,1165,575
2109,14,1023,574,1231,1029
2109,17,1034,426,1166,577
2110,14,1023,574,1232,1029
2110,17,1035,427,1167,576
2111,14,1023,575,1232,1032
2111,17,1033,429,1167,578
2112,14,1023,577,1231,1033
2112,17,1026,430,1167,579
2113,14,1021,578,1231,1035
2113,17,1020,431,1167,581
2114,14,1021,579,1231,1036
2114,17,1025,433,1168,580
2115,14,1022,579,1230,1037
2115,17,1023,436,1170,581
2116,14,1022,581,1230,1039
2116,17,1024,438,1174,583
2117,14,1022,581,1231,1040
2117,17,1019,441,1176,585
2118,14,1023,582,1232,1041
2118,17,1023,441,1176,586
2119,14,1023,583,1232,1043
2119,17,1023,442,1177,624
2120,14,1024,585,1234,1045
2120,17,1023,443,1178,606
2121,14,1024,585,1234,1046
2121,17,1022,445,1178,638
2122,14,1025,587,1235,1046
2122,17,1022,445,1178,646
2123,14,1025,587,1235,1048
2123,17,1023,446,1179,648
2124,14,1025,587,1235,1049
2124,17,1024,447,1179,648
2125,14,1026,588,1236,1051
2125,17,1027,449,1179,646
2126,14,1026,588,1237,1054
2126,17,1026,452,1179,650
2127,14,1026,587,1238,1053
2127,17,1025,455,1180,653
2128,14,1027,587,1238,1055
2128,17,1024,458,1180,659
2129,14,1026,590,1239,1058
2129,17,1024,460,1180,655
2130,14,1027,590,1240,1060
2130,17,1025,460,1180,653
2131,14,1027,591,1240,1059
2131,17,1025,461,1179,653
2132,14,1027,591,1241,1060
2132,17,1025,461,1179,654
2133,14,1028,591,1242,1061
2133,17,1025,461,1179,655
2134,14,1028,592,1242,1062
2134,17,1025,461,1180,654
2135,14,1028,592,1241,1062
2135,17,1025,462,1182,654
2136,14,1028,592,1242,1062
2136,17,1025,462,1185,655
2137,14,1028,593,1242,1062
2137,17,1025,462,1185,654
2138,14,1029,593,1242,1061
2138,17,1025,462,1187,655
2139,14,1029,592,1243,1062
2139,17,1025,462,1188,657
2140,14,1029,593,1244,1062
2140,17,1025,463,1191,656
2141,14,1031,593,1245,1061
2141,17,1026,463,1191,656
2142,14,1031,593,1245,1061
2142,17,1027,463,1191,655
2143,14,1031,594,1246,1061
2143,17,1027,464,1191,655
2144,14,1031,595,1246,1062
2144,17,1027,464,1191,654
2145,14,1032,594,1246,1062
2145,17,1027,465,1191,654
2146,14,1032,594,1246,1062
2146,17,1028,466,1191,654
2147,14,1032,593,1246,1062
2147,17,1028,467,1190,653
2148,14,1032,594,1246,1062
2148,17,1028,467,1191,654
2149,14,1033,595,1247,1062
2149,17,1028,468,1191,655
2150,14,1033,596,1247,1062
2150,17,1028,469,1192,656
2151,14,1033,597,1248,1062
2151,17,1028,471,1192,655
2152,14,1033,597,1247,1063
2152,17,1028,471,1192,656
2153,14,1033,597,1247,1064
2153,17,1028,471,1192,656
2154,14,1034,596,1247,1064
2154,17,1029,472,1193,655
2155,14,1034,596,1248,1064
2155,17,1029,472,1193,655
2156,17,1029,472,1193,655
2156,14,1034,596,1248,1064
2157,14,1035,597,1249,1064
2157,17,1029,472,1194,655
2158,14,1035,597,1249,1064
2158,17,1029,473,1194,656
2159,14,1034,597,1249,1064
2159,17,1030,473,1194,655
2160,14,1034,598,1250,1065
2160,17,1030,473,1194,654
2161,14,1035,598,1249,1065
2161,17,1030,474,1194,655
2162,14,1034,598,1249,1066
2162,17,1030,474,1194,656
2163,14,1034,599,1248,1066
2163,17,1030,475,1194,657
2164,14,1034,600,1248,1066
2164,17,1030,475,1194,658
2165,14,1034,598,1249,1067
2165,17,1030,475,1194,657
2166,14,1034,598,1248,1066
2166,17,1030,475,1194,658
2167,14,1035,600,1248,1067
2167,17,1030,475,1194,657
2168,17,1030,475,1194,657
2168,14,1035,598,1248,1067
2169,17,1030,476,1194,656
2169,14,1035,596,1249,1068
2170,14,1035,594,1249,1068
2170,17,1030,478,1194,655
2171,14,1035,594,1251,1069
2171,17,1031,479,1195,652
2172,14,1035,595,1251,1069
2172,17,1031,480,1195,653
2173,14,1035,596,1250,1065
2173,17,1032,481,1196,651
2174,14,1035,596,1250,1066
2174,17,1032,481,1196,650
2175,14,1035,597,1250,1065
2175,17,1032,481,1196,651
2176,14,1035,597,1250,1066
2176,17,1033,481,1195,651
2177,14,1036,598,1250,1066
2177,17,1033,481,1195,649
2178,14,1036,599,1250,1066
2178,17,1033,481,1195,650
2179,14,1035,599,1250,1066
2179,17,1033,482,1195,651
2180,14,1035,599,1251,1071
2180,17,1033,483,1197,653
2181,14,1035,599,1250,1071
2181,17,1032,483,1197,654
2182,14,1035,599,1250,1071
2182,17,1032,483,1197,654
2183,14,1035,598,1250,1071
2183,17,1031,483,1197,654
2184,14,1034,597,1250,1071
2184,17,1031,483,1197,655
2185,14,1034,598,1250,1071
2185,17,1031,483,1196,655
2186,14,1034,600,1250,1071
2186,17,1031,483,1196,657
2187,14,1034,601,1250,1072
2187,17,1031,483,1197,657
2188,14,1034,601,1250,1072
2188,17,1031,483,1196,657
2189,14,1034,598,1250,1072
2189,17,1030,483,1196,658
2190,14,1034,598,1250,1072
2190,17,1030,484,1196,658
2191,14,1034,598,1249,1072
2191,17,1030,484,1196,657
2192,17,1029,484,1196,658
2192,14,1033,599,1250,1073
2193,14,1033,598,1249,1072
2193,17,1029,484,1195,656
2194,14,1032,598,1248,1072
2194,17,1028,484,1195,659
2195,17,1028,485,1195,659
2195,14,1032,599,1248,1069
2196,14,1032,599,1248,1069
2196,17,1028,485,1195,660
2197,14,1032,600,1248,1070
2197,17,1028,485,1193,659
2198,14,1032,600,1248,1070
2198,17,1028,485,1193,659
2199,14,1032,601,1248,1071
2199,17,1028,485,1193,660
2200,14,1032,602,1248,1071
2200,17,1029,486,1193,660
2201,14,1033,602,1249,1071
2201,17,1029,486,1193,657
2202,14,1033,602,1249,1070
2202,17,1029,486,1194,657
2203,17,1029,486,1194,657
2203,14,1033,601,1249,1071
2204,14,1033,601,1249,1070
2204,17,1029,486,1194,658
2205,14,1033,601,1249,1070
2205,17,1030,486,1194,657
2206,17,1030,486,1195,657
2206,14,1033,601,1249,1071
2207,14,1033,602,1249,1071
2207,17,1030,486,1194,659
2208,14,1033,604,1249,1072
2208,17,1030,486,1194,662
2209,14,1033,606,1249,1072
2209,17,1030,487,1194,664
2210,14,1033,606,1249,1072
2210,17,1030,488,1194,663
2211,14,1032,606,1248,1073
2211,17,1029,488,1193,667
2212,14,1032,608,1248,1073
2212,17,1028,487,1192,670
2213,14,1032,607,1248,1073
2213,17,1028,488,1192,671
2214,14,1032,609,1248,1073
2214,17,1028,488,1192,671
2215,14,1032,608,1248,1073
2215,17,1029,488,1192,670
2216,14,1033,607,1248,1073
2216,17,1029,489,1192,669
2217,14,1033,608,1248,1073
2217,17,1028,489,1192,670
2218,14,1034,609,1249,1074
2218,17,1030,490,1193,671
2219,14,1034,609,1249,1074
2219,17,1031,490,1193,669
2220,14,1033,610,1250,1074
2220,17,1031,491,1193,671
2221,14,1034,610,1251,1074
2221,17,1032,491,1194,670
2222,14,1034,610,1251,1074
2222,17,1032,491,1193,674
2223,14,1034,610,1251,1074
2223,17,1032,491,1193,673
2224,14,1034,610,1251,1074
2224,17,1032,492,1193,673
2225,14,1034,610,1251,1074
2225,17,1032,492,1193,670
2226,14,1033,610,1251,1074
2226,17,1032,492,1193,671
2227,14,1033,610,1251,1074
2227,17,1032,492,1193,671
2228,14,1033,611,1250,1074
2228,17,1032,492,1193,669
2229,14,1033,612,1251,1075
2229,17,1031,493,1193,671
2230,14,1033,612,1250,1074
2230,17,1031,493,1193,674
2231,14,1033,611,1250,1075
2231,17,1030,493,1193,675
2232,14,1033,609,1250,1075
2232,17,1030,493,1193,676
2233,14,1033,609,1250,1075
2233,17,1030,493,1192,677
2234,14,1033,609,1250,1075
2234,17,1030,494,1192,677
2235,14,1032,605,1249,1076
2235,17,1029,493,1192,676
2236,17,1028,494,1191,676
2236,14,1033,600,1248,1076
2237,14,1032,603,1248,1076
2237,17,1027,494,1191,676
2238,14,1032,600,1248,1075
2238,17,1028,495,1191,673
2239,14,1032,599,1248,1076
2239,17,1028,495,1191,672
2240,14,1032,599,1247,1076
2240,17,1028,496,1191,670
2241,14,1032,600,1247,1076
2241,17,1028,496,1191,671
2242,17,1028,496,1191,671
2242,14,1032,600,1247,1075
2243,17,1027,496,1191,671
2243,14,1030,602,1247,1075
2244,14,1029,601,1246,1076
2244,17,1027,496,1190,670
2245,14,1028,600,1245,1076
2245,17,1027,496,1190,667
2246,14,1028,599,1244,1076
2246,17,1026,496,1190,672
2247,17,1026,496,1189,671
2247,14,1027,600,1243,1075
2248,17,1026,496,1189,671
2248,14,1027,600,1242,1075
2249,14,1027,599,1242,1075
2249,17,1026,495,1189,672
2250,14,1026,599,1242,1076
2250,17,1025,495,1189,673
2251,14,1026,599,1242,1076
2251,17,1025,495,1188,669
2252,14,1026,599,1242,1077
2252,17,1025,495,1188,670
2253,14,1025,599,1242,1077
2253,17,1025,495,1188,672
2254,14,1025,599,1241,1077
2254,17,1023,494,1188,674
2255,14,1024,598,1240,1076
2255,17,1023,494,1187,675
2256,17,1022,494,1187,675
2256,14,1024,599,1240,1076
2257,17,1022,494,1187,675
2257,14,1023,599,1239,1076
2258,14,1023,599,1238,1076
2258,17,1023,494,1187,674
2259,14,1023,601,1238,1076
2259,17,1022,494,1186,676
2260,14,1023,600,1237,1076
2260,17,1022,494,1186,675
2261,14,1023,600,1237,1076
2261,17,1022,494,1186,675
2262,17,1022,493,1185,675
2262,14,1022,599,1236,1076
2263,14,1022,598,1236,1075
2263,17,1021,493,1186,672
2264,14,1022,597,1236,1075
2264,17,1021,493,1185,672
2265,14,1022,597,1236,1076
2265,17,1020,493,1185,673
2266,14,1022,597,1235,1076
2266,17,1020,494,1186,673
2267,14,1021,597,1235,1076
2267,17,1019,494,1187,672
2268,14,1021,597,1234,1076
2268,17,1018,495,1188,672
2269,14,1021,597,1234,1076
2269,17,1017,495,1189,672
2270,14,1020,599,1234,1075
2270,17,1018,496,1190,666
2271,14,1020,600,1234,1076
2271,17,1017,497,1192,664
2272,14,1018,602,1232,1074
2272,17,1017,497,1193,669
2273,14,1019,602,1233,1075
2273,17,1017,498,1194,670
2274,14,1018,602,1231,1074
2274,17,1017,498,1195,669
2275,17,1017,498,1195,669
2275,14,1019,600,1232,1075
2276,17,1017,498,1197,668
2276,14,1018,604,1230,1074
2277,14,1018,605,1232,1076
2277,17,1018,498,1198,670
2278,14,1018,605,1231,1076
2278,17,1019,498,1198,671
2279,14,1018,606,1231,1076
2279,17,1020,497,1199,672
2280,14,1018,606,1231,1076
2280,17,1025,496,1199,669
2281,14,1019,608,1231,1076
2281,17,1026,496,1198,671
2282,14,1019,611,1231,1076
2282,17,1031,494,1199,668
2283,14,1019,611,1231,1076
2283,17,1035,491,1200,666
2284,14,1018,609,1230,1073
2284,17,1039,489,1200,666
2285,14,1018,610,1230,1073
2285,17,1044,489,1200,665
2286,14,1018,607,1230,1073
2286,17,1046,488,1201,665
2287,14,1017,608,1230,1073
2287,17,1049,488,1201,667
2288,14,1017,605,1229,1073
2288,17,1050,487,1201,670
2289,14,1017,605,1229,1073
2289,17,1052,487,1201,668
2290,14,1017,604,1228,1072
2290,17,1055,486,1201,668
2291,14,1017,606,1228,1073
2291,17,1056,486,1202,667
2292,14,1017,609,1228,1073
2292,17,1057,486,1201,667
2293,14,1017,606,1228,1072
2293,17,1058,486,1201,670
2294,14,1017,607,1228,1072
2294,17,1059,486,1199,670
2295,14,1017,606,1227,1073
2295,17,1058,485,1199,668
2296,14,1017,606,1227,1073
2296,17,1059,486,1199,669
2297,14,1017,607,1226,1073
2297,17,1058,486,1198,669
2298,14,1017,608,1226,1073
2298,17,1059,487,1198,669
2299,14,1017,607,1225,1073
2299,17,1059,487,1199,670
2300,14,1017,610,1224,1072
2300,17,1058,488,1200,670
2301,14,1017,610,1224,1072
2301,17,1059,491,1202,670
2302,14,1017,607,1223,1072
2302,17,1058,494,1204,672
2303,14,1016,607,1223,1072
2303,17,1059,496,1205,675
2304,14,1016,606,1222,1072
2304,17,1060,499,1207,678
2305,14,1016,607,1222,1072
2305,17,1060,500,1209,681
2306,14,1015,611,1221,1072
2306,17,1062,503,1210,683
2307,14,1015,605,1221,1072
2307,17,1068,509,1213,688
2308,14,1015,604,1220,1072
2308,17,1071,511,1214,689
2309,14,1014,592,1220,1072
2309,17,1073,515,1216,694
2310,14,1014,585,1220,1072
2310,17,1074,518,1219,691
2311,14,1013,589,1219,1072
2311,17,1076,521,1221,693
2312,17,1079,523,1223,693
2312,14,1012,568,1219,1073
2313,14,1011,567,1218,1074
2313,17,1077,523,1226,697
2314,14,1011,580,1217,1073
2314,17,1074,525,1226,700
2315,14,1010,579,1217,1073
2315,17,1074,526,1229,699
2316,17,1072,526,1229,699
2316,14,1009,588,1216,1072
2317,14,1009,593,1216,1072
2317,17,1070,527,1230,700
2318,17,1070,528,1229,702
2318,14,1008,587,1216,1072
2319,14,1008,586,1216,1072
2319,17,1070,528,1230,701
2320,14,1008,580,1216,1072
2320,17,1073,529,1229,700
2321,14,1007,574,1216,1072
2321,17,1076,530,1229,702
2322,14,1007,564,1215,1073
2322,17,1078,530,1229,701
2323,17,1078,531,1230,701
2323,14,1007,570,1215,1074
2324,14,1006,567,1215,1074
2324,17,1082,532,1230,702
2325,14,1006,565,1214,1074
2325,17,1081,532,1230,703
2326,14,1006,568,1215,1074
2326,17,1079,532,1231,703
2327,17,1078,532,1231,704
2327,14,1006,579,1215,1074
2328,14,1006,579,1215,1075
2328,17,1077,533,1231,704
2329,14,1007,576,1216,1075
2329,17,1095,534,1229,701
2330,14,1007,578,1216,1075
2330,17,1089,534,1229,702
2331,14,1006,581,1216,1076
2331,17,1089,534,1228,701
2332,14,1004,571,1216,1076
2332,17,1097,533,1227,700
2333,14,1000,578,1214,1076
2333,17,1101,533,1224,701
2334,14,1000,581,1214,1076
2334,17,1100,534,1224,703
2335,14,1000,563,1216,1077
2336,14,1002,563,1217,1077
2336,17,1120,537,1227,704
2337,14,1004,578,1217,1075
2337,17,1114,540,1225,706
2338,14,1004,581,1217,1075
2339,14,1005,573,1218,1075
2340,14,1005,568,1218,1076
2341,14,1005,578,1218,1076
2342,14,1004,576,1218,1076
2343,14,1002,573,1216,1075
2344,14,1000,571,1215,1076
2345,14,999,580,1214,1076
2346,14,998,587,1213,1076
2347,14,998,583,1215,1076
2348,14,999,587,1217,1076
2349,14,1001,581,1220,1075
2350,14,1003,579,1222,1075
2351,14,1005,587,1224,1075
2352,14,1006,590,1225,1075
2353,14,1006,587,1225,1075
2354,14,1007,581,1225,1075
2355,14,1006,574,1225,1075
2356,14,1004,569,1224,1076
2357,14,1003,558,1224,1076
2358,14,1001,563,1223,1076
2359,14,1000,568,1222,1076
2360,14,999,559,1221,1079
2361,14,999,557,1221,1079
2362,14,999,558,1221,1079
2363,14,998,558,1222,1078
2364,14,998,559,1222,1078
2365,14,998,558,1222,1078
2366,14,998,559,1221,1078
2367,14,998,557,1220,1078
2368,14,998,555,1223,1077
2369,14,999,556,1223,1078
2370,14,999,555,1223,1078
2371,14,999,554,1223,1077
2372,14,999,555,1223,1078
2373,14,1000,555,1223,1078
2374,14,999,556,1221,1077
2375,14,999,554,1220,1077
2376,14,999,560,1219,1076
2377,14,999,554,1219,1076
2378,14,999,555,1222,1076
2379,14,998,557,1221,1076
2380,14,998,568,1220,1075
2381,14,998,573,1221,1075
2382,14,998,564,1221,1076
2383,14,999,560,1222,1076
2384,14,999,562,1222,1075
2385,14,999,561,1223,1075
2386,14,1000,562,1222,1075
2387,14,999,567,1222,1075
2388,14,1001,573,1223,1075
2389,14,1003,561,1225,1075
2390,14,1005,553,1226,1075
2391,14,1007,561,1227,1074
2391,18,1091,540,1228,707
2392,14,1008,561,1229,1074
2393,14,1009,571,1229,1074
2394,14,1009,569,1229,1075
2395,14,1009,587,1231,1074
2396,14,1009,576,1231,1074
2397,14,1009,599,1230,1074
2398,14,1009,581,1231,1075
2399,14,1009,582,1230,1075
2400,14,1008,597,1230,1074
2400,18,1104,541,1229,708
2401,14,1008,591,1230,1073
2401,18,1108,541,1228,709
2402,14,1009,585,1231,1074
2402,18,1093,541,1229,709
2403,14,1008,586,1231,1073
2403,18,1089,541,1229,708
2404,14,1008,579,1231,1080
2404,18,1099,541,1229,710
2405,14,1008,584,1231,1080
2405,18,1097,542,1229,709
2406,14,1008,600,1230,1073
2406,18,1085,542,1229,709
2407,14,1008,610,1231,1073
2408,14,1007,590,1230,1073
2409,14,1006,593,1230,1072
2410,14,1006,594,1229,1072
2411,14,1005,605,1230,1072
2412,14,1005,608,1229,1072
2412,18,1083,540,1227,708
2413,14,1005,595,1228,1072
2413,18,1097,540,1227,708
2414,14,1005,590,1228,1073
2415,14,1006,594,1228,1073
2416,14,1006,581,1229,1072
2416,18,1119,539,1228,714
2417,14,1006,586,1228,1072
2417,18,1115,539,1228,715
2418,14,1005,592,1228,1073
2418,18,1110,538,1228,717
2419,14,1004,590,1229,1074
2419,18,1087,539,1227,712
2420,14,1004,580,1228,1074
2420,18,1109,538,1228,717
2421,14,1004,575,1228,1074
2421,18,1092,538,1226,714
2422,14,1004,570,1229,1074
2423,14,1004,567,1229,1074
2424,14,1004,571,1228,1074
2424,18,1100,537,1227,708
2425,14,1004,552,1229,1074
2426,14,1005,551,1230,1074
2427,14,1005,546,1230,1073
2428,14,1005,546,1230,1073
2429,14,1005,549,1230,1072
2430,14,1005,545,1229,1072
2431,14,1005,544,1229,1072
2432,14,1005,547,1229,1071
2433,14,1005,545,1229,1072
2434,14,1004,551,1229,1072
2435,14,1004,561,1229,1072
2435,18,1072,527,1226,702
2436,14,1004,576,1228,1072
2436,18,1074,524,1228,701
2437,14,1004,584,1229,1073
2437,18,1070,523,1229,700
2438,14,1004,588,1229,1073
2438,18,1068,521,1230,700
2439,18,1068,520,1230,700
2439,14,1004,600,1228,1073
2440,14,1004,598,1228,1073
2440,18,1068,519,1231,701
2441,14,1003,588,1229,1073
2441,18,1068,518,1232,699
2442,14,1003,593,1229,1073
2442,18,1069,515,1231,700
2443,14,1003,592,1228,1073
2443,18,1069,513,1228,702
2444,14,1002,602,1227,1072
2444,18,1069,511,1230,700
2445,14,1002,595,1227,1073
2445,18,1070,511,1228,697
2446,14,1002,596,1228,1073
2446,18,1070,510,1229,700
2447,18,1070,511,1229,700
2447,14,1003,601,1229,1073
2448,14,1003,594,1228,1073
2448,18,1070,511,1232,702
2449,14,1004,597,1228,1073
2449,18,1070,512,1232,702
2450,14,1004,603,1228,1073
2450,18,1069,512,1235,703
2451,14,1004,605,1228,1073
2451,18,1069,512,1235,703
2452,14,1004,604,1228,1073
2452,18,1069,512,1236,702
2453,14,1003,606,1229,1073
2453,18,1070,512,1236,704
2454,18,1069,512,1236,705
2454,14,1004,604,1228,1073
2455,14,1004,604,1229,1073
2455,18,1068,512,1236,705
2456,18,1068,512,1237,704
2456,14,1004,606,1229,1072
2457,14,1004,607,1229,1072
2457,18,1070,512,1237,704
2458,14,1004,608,1229,1073
2458,18,1070,511,1237,704
2459,14,1004,608,1228,1073
2459,18,1070,511,1238,704
2460,14,1004,611,1228,1073
2460,18,1071,511,1238,705
2461,14,1004,609,1229,1073
2461,18,1074,511,1238,707
2462,14,1005,609,1229,1072
2462,18,1076,511,1238,708
2463,14,1006,611,1230,1072
2463,18,1084,511,1239,707
2464,14,1006,610,1229,1072
2464,18,1088,512,1239,708
2465,14,1006,608,1230,1072
2465,18,1089,512,1240,708
2466,14,1006,602,1229,1072
2466,18,1102,513,1240,707
2467,14,1006,607,1230,1072
2467,18,1081,514,1240,705
2468,14,1005,603,1229,1072
2468,18,1082,514,1239,707
2469,14,1004,602,1229,1072
2469,18,1085,514,1239,708
2470,14,1004,605,1228,1071
2470,18,1080,514,1239,706
2471,14,1005,604,1229,1072
2471,18,1080,514,1239,704
2472,14,1006,598,1229,1072
2472,18,1090,515,1239,703
2473,14,1007,603,1229,1071
2473,18,1080,515,1239,704
2474,18,1080,515,1239,704
2474,14,1006,605,1228,1072
2475,14,1006,606,1230,1072
2475,18,1078,515,1238,707
2476,18,1078,515,1238,707
2476,14,1007,599,1230,1072
2477,18,1079,515,1240,706
2477,14,1008,609,1231,1072
2478,18,1080,514,1240,707
2478,14,1009,602,1232,1072
2479,14,1009,603,1233,1071
2479,18,1081,513,1241,707
2480,14,1010,612,1233,1071
2480,18,1085,514,1241,705
2480,19,1130,513,1241,711
2481,14,1010,613,1233,1071
2481,19,1111,513,1242,706
2482,14,1010,611,1233,1072
2482,19,1128,512,1243,706
2483,14,1010,610,1233,1072
2483,19,1129,511,1244,707
2484,14,1010,602,1233,1072
2484,19,1113,509,1245,708
2485,14,1009,606,1232,1072
2485,18,1081,507,1243,706
2486,14,1009,604,1231,1072
2486,18,1081,504,1243,705
2487,14,1009,607,1231,1072
2487,18,1081,498,1243,705
2488,14,1009,610,1231,1072
2488,18,1081,494,1244,704
2489,14,1009,608,1232,1072
2489,18,1081,487,1244,704
2490,14,1009,606,1232,1072
2490,18,1082,484,1243,704
2491,14,1009,605,1232,1072
2491,18,1083,483,1243,704
2492,14,1009,604,1231,1072
2492,18,1082,483,1243,704
2493,14,1009,605,1231,1072
2493,18,1083,481,1242,704
2494,14,1009,605,1232,1072
2494,18,1082,480,1242,703
2495,14,1009,603,1232,1072
2495,18,1082,479,1241,704
2496,14,1008,605,1232,1072
2496,18,1081,479,1241,705
2497,18,1080,478,1241,704
2497,14,1009,608,1230,1073
2498,18,1079,478,1241,705
2498,14,1008,599,1231,1080
2499,14,1008,600,1230,1080
2499,18,1077,477,1240,702
2500,18,1077,477,1240,703
2500,14,1008,604,1230,1073
2501,14,1008,599,1230,1072
2501,18,1076,477,1240,699
2502,14,1007,601,1230,1072
2502,18,1076,477,1240,700
2503,18,1076,477,1239,698
2503,14,1007,606,1230,1072
2504,14,1006,605,1230,1072
2504,18,1076,477,1239,698
2505,14,1006,606,1230,1072
2505,18,1076,477,1238,698
2506,18,1075,477,1237,699
2506,14,1006,595,1230,1080
2507,18,1075,478,1237,700
2507,14,1005,607,1229,1072
2508,14,1005,609,1228,1073
2508,18,1075,477,1235,701
2509,14,1005,610,1228,1073
2509,18,1075,477,1235,697
2510,14,1005,611,1228,1073
2510,18,1074,477,1235,695
2511,14,1004,610,1228,1073
2511,18,1074,477,1234,694
2512,14,1004,606,1228,1073
2512,18,1074,476,1233,692
2513,14,1004,605,1228,1073
2513,18,1074,476,1234,690
2514,14,1003,606,1227,1073
2514,18,1073,477,1233,690
2515,18,1073,477,1234,690
2515,14,1003,605,1226,1073
2516,14,1003,608,1227,1073
2516,18,1073,476,1233,691
2517,14,1002,607,1226,1074
2517,18,1072,477,1232,692
2518,14,1001,604,1226,1074
2518,18,1071,477,1233,694
2519,14,1001,605,1226,1073
2519,18,1071,477,1232,698
2520,14,1000,606,1225,1073
2520,18,1071,476,1231,697
2521,14,1000,607,1224,1073
2521,18,1071,476,1229,698
2522,18,1071,476,1230,698
2522,14,999,606,1225,1073
2523,14,998,605,1225,1073
2523,18,1071,476,1230,696
2524,14,998,605,1224,1072
2524,18,1071,477,1230,694
2525,18,1070,476,1229,694
2525,14,998,608,1224,1072
2526,18,1070,477,1229,694
2526,14,997,606,1224,1072
2527,14,997,606,1224,1072
2527,18,1069,477,1229,694
2528,14,997,608,1224,1072
2528,18,1068,477,1229,694
2529,14,997,611,1224,1073
2529,18,1068,478,1229,696
2530,14,997,611,1223,1073
2530,18,1068,478,1229,695
2531,14,997,610,1223,1073
2531,18,1068,479,1229,693
2532,14,997,610,1223,1073
2532,18,1067,479,1229,695
2533,14,997,612,1223,1073
2533,18,1067,480,1229,691
2534,14,996,611,1223,1073
2534,18,1066,480,1231,693
2535,14,996,610,1223,1072
2535,18,1067,480,1233,693
2536,14,996,610,1223,1072
2536,18,1066,481,1233,692
2537,14,997,611,1223,1073
2537,18,1066,483,1234,687
2538,14,997,612,1222,1073
2538,18,1066,483,1234,694
2539,14,997,612,1223,1073
2539,18,1067,483,1234,693
2540,14,997,610,1222,1072
2540,18,1067,484,1235,695
2541,14,997,611,1222,1073
2541,18,1067,485,1235,697
2542,14,997,611,1222,1073
2542,18,1067,485,1235,698
2543,14,997,611,1222,1073
2543,18,1068,486,1235,700
2544,14,997,612,1222,1072
2544,18,1068,486,1236,700
2545,14,997,613,1222,1073
2545,18,1068,487,1236,696
2546,14,997,613,1222,1072
2546,18,1068,486,1236,695
2547,14,996,613,1222,1072
2547,18,1068,486,1235,691
2548,14,997,613,1221,1072
2548,18,1068,485,1236,692
2549,14,996,613,1221,1072
2549,18,1068,484,1236,692
2550,14,996,613,1220,1073
2550,18,1068,484,1235,692
2551,14,996,609,1221,1073
2551,18,1067,484,1234,691
2552,14,996,609,1221,1073
2552,18,1068,483,1235,693
2553,14,996,609,1221,1073
2553,18,1068,483,1234,694
2554,14,995,608,1221,1073
2554,18,1068,483,1234,694
2555,14,995,610,1221,1074
2555,18,1068,484,1235,693
2556,14,995,609,1221,1074
2556,18,1068,484,1235,692
2557,14,995,607,1220,1074
2557,18,1068,484,1235,690
2558,14,995,605,1219,1075
2558,18,1068,483,1234,689
2559,14,995,607,1219,1074
2559,18,1068,483,1234,690
2560,14,995,607,1219,1074
2560,18,1068,483,1233,691
2561,14,995,606,1219,1075
2561,18,1068,483,1233,691
2562,14,995,604,1219,1074
2562,18,1068,483,1233,692
2563,14,995,604,1219,1073
2563,18,1068,484,1232,692
2564,14,995,605,1219,1073
2564,18,1067,484,1233,693
2565,18,1067,484,1232,694
2565,14,995,608,1219,1073
2566,14,995,610,1218,1073
2566,18,1066,484,1232,690
2567,14,995,609,1218,1072
2567,18,1066,483,1233,689
2568,14,995,604,1217,1072
2568,18,1067,483,1233,686
2569,14,995,605,1218,1074
2569,18,1066,482,1233,687
2570,14,994,604,1218,1074
2570,18,1066,481,1233,688
2571,14,994,605,1217,1074
2571,18,1066,481,1233,688
2572,14,994,606,1217,1073
2572,18,1066,481,1233,687
2573,14,994,607,1217,1073
2573,18,1066,480,1234,686
2574,14,994,607,1217,1073
2574,18,1066,479,1234,686
2575,14,994,607,1216,1073
2575,18,1066,479,1234,687
2576,14,994,606,1216,1074
2576,18,1065,478,1234,688
2577,14,994,604,1216,1074
2577,18,1064,478,1234,688
2578,14,993,602,1216,1074
2578,18,1064,477,1235,687
2579,14,992,600,1215,1074
2579,18,1064,478,1235,691
2580,14,992,599,1214,1074
2580,18,1063,478,1233,685
2581,18,1063,478,1234,685
2581,14,992,598,1213,1074
2582,14,992,603,1213,1073
2582,18,1063,478,1233,687
2583,14,991,600,1213,1074
2583,18,1062,477,1233,688
2584,18,1062,476,1233,688
2584,14,991,598,1212,1074
2585,14,990,598,1212,1074
2585,18,1062,476,1233,684
2586,14,990,596,1211,1072
2586,18,1062,476,1233,682
2587,14,989,596,1211,1072
2587,18,1062,476,1233,683
2588,14,989,595,1211,1073
2588,18,1061,476,1235,685
2589,18,1061,477,1235,684
2589,14,989,592,1211,1073
2590,14,989,590,1210,1073
2590,18,1062,477,1235,682
2591,18,1062,477,1236,682
2591,14,988,589,1211,1076
2592,14,988,589,1210,1074
2592,18,1060,477,1234,681
2593,14,988,588,1210,1075
2593,18,1061,477,1237,683
2594,18,1061,477,1236,682
2594,14,989,590,1211,1074
2595,14,988,589,1211,1075
2595,18,1061,477,1237,681
2596,14,988,591,1210,1080
2596,18,1060,477,1236,683
2597,14,988,591,1210,1080
2597,18,1059,477,1233,681
2598,18,1059,476,1233,682
2598,14,987,591,1207,1080
2599,14,987,591,1206,1080
2599,18,1060,476,1234,681
2600,18,1060,476,1234,681
2600,14,987,590,1208,1080
2601,14,987,591,1208,1080
2601,18,1060,476,1235,678
2602,14,987,592,1208,1080
2602,18,1060,475,1234,677
2603,14,986,591,1208,1080
2603,18,1060,476,1234,678
2604,14,986,591,1207,1080
2604,18,1060,475,1234,680
2605,14,987,590,1207,1080
2605,18,1059,475,1234,678
2606,18,1060,475,1233,678
2606,14,986,589,1206,1080
2607,18,1059,475,1234,680
2607,14,985,589,1206,1070
2608,18,1060,475,1234,679
2608,14,984,590,1205,1069
2609,18,1059,475,1234,680
2609,14,985,590,1205,1080
2610,14,985,589,1205,1080
2610,18,1059,476,1234,680
2611,14,985,589,1206,1080
2611,18,1059,476,1233,679
2612,14,984,588,1205,1080
2612,18,1059,477,1232,681
2613,14,984,589,1205,1080
2613,18,1059,477,1232,680
2614,14,984,589,1205,1080
2614,18,1059,476,1232,677
2615,14,984,588,1205,1080
2615,18,1059,476,1232,678
2616,14,984,587,1205,1080
2616,18,1059,477,1232,680
2617,14,984,588,1205,1080
2617,18,1059,476,1232,679
2618,14,984,588,1206,1080
2618,18,1059,476,1232,681
2619,14,984,589,1205,1079
2619,18,1059,476,1232,680
2620,14,984,590,1205,1078
2620,18,1059,476,1232,677
2621,14,983,588,1205,1077
2621,18,1059,476,1232,679
2622,14,983,590,1204,1077
2622,18,1059,475,1231,674
2623,18,1059,475,1230,674
2623,14,982,588,1203,1077
2624,14,982,588,1203,1076
2624,18,1060,475,1230,674
2625,14,983,589,1203,1075
2625,18,1060,474,1231,671
2626,14,983,588,1203,1075
2626,18,1060,473,1231,668
2627,18,1060,473,1231,667
2627,14,984,586,1204,1075
2628,14,984,587,1204,1074
2628,18,1060,473,1232,667
2629,14,983,583,1204,1073
2629,18,1062,471,1232,671
2630,14,984,584,1203,1072
2630,18,1061,470,1232,673
2631,14,984,585,1204,1072
2631,18,1061,470,1233,670
2632,14,984,587,1204,1072
2632,18,1061,470,1232,671
2633,14,984,586,1204,1071
2633,18,1061,470,1232,669
2634,18,1061,470,1233,668
2634,14,984,585,1205,1072
2635,14,984,585,1205,1071
2635,18,1061,471,1232,669
2636,14,983,581,1205,1072
2636,18,1062,470,1232,668
2637,18,1062,470,1232,669
2637,14,983,578,1207,1067
2638,14,984,578,1207,1067
2638,18,1061,470,1233,670
2639,14,984,577,1207,1066
2639,18,1062,470,1233,671
2640,14,983,578,1206,1065
2640,18,1062,469,1232,667
2641,14,983,578,1204,1070
2641,18,1060,469,1233,669
2642,14,983,578,1205,1065
2642,18,1060,468,1234,665
2643,14,983,578,1206,1065
2643,18,1059,468,1234,666
2644,14,983,576,1207,1065
2644,18,1062,468,1236,666
2645,14,983,574,1208,1064
2645,18,1061,467,1235,668
2646,14,984,576,1207,1064
2646,18,1060,468,1234,666
2647,14,984,574,1208,1064
2647,18,1061,467,1234,668
2648,14,984,574,1209,1064
2648,18,1061,467,1235,669
2649,14,984,575,1209,1064
2649,18,1061,466,1236,671
2650,14,984,574,1209,1063
2650,18,1061,466,1237,674
2651,14,984,574,1209,1063
2651,18,1059,465,1237,673
2652,14,983,574,1209,1063
2652,18,1061,464,1238,670
2653,14,984,573,1209,1063
2653,18,1061,464,1238,670
2654,14,984,573,1210,1063
2654,18,1061,464,1239,666
2655,14,984,575,1211,1063
2655,18,1061,464,1240,661
2656,14,984,575,1211,1063
2656,18,1061,464,1241,662
2657,14,984,574,1210,1062
2657,18,1060,464,1241,663
2658,18,1060,463,1240,664
2658,14,985,573,1208,1066
2659,14,984,572,1209,1061
2659,18,1060,463,1241,660
2660,14,984,571,1209,1061
2660,18,1061,462,1241,659
2661,14,984,571,1208,1061
2661,18,1060,462,1241,661
2662,14,984,571,1208,1060
2662,18,1061,462,1242,663
2663,14,984,571,1208,1060
2663,18,1061,461,1241,663
2664,14,984,572,1208,1059
2664,18,1061,461,1242,662
2665,14,984,572,1208,1059
2665,18,1060,461,1242,662
2666,14,985,570,1208,1059
2666,18,1061,461,1242,661
2667,14,985,569,1208,1059
2667,18,1061,461,1241,660
2668,14,984,570,1208,1060
2668,18,1061,461,1241,659
2669,14,984,570,1207,1059
2669,18,1061,461,1239,660
2670,14,985,570,1208,1059
2670,18,1061,461,1239,660
2671,18,1061,460,1239,661
2671,14,985,569,1207,1059
2672,14,984,569,1207,1058
2672,18,1061,461,1238,662
2673,18,1061,460,1239,662
2673,14,984,570,1205,1058
2674,14,984,570,1205,1057
2674,18,1062,460,1239,663
2675,14,985,571,1206,1056
2675,18,1062,460,1239,661
2676,18,1061,460,1239,662
2676,14,985,570,1205,1056
2677,14,985,569,1205,1056
2677,18,1062,460,1238,663
2678,14,984,568,1205,1056
2678,18,1062,460,1237,661
2679,18,1062,459,1237,662
2679,14,984,569,1205,1056
2680,18,1061,459,1238,662
2680,14,983,569,1203,1056
2681,14,982,569,1202,1056
2681,18,1060,459,1237,661
2682,14,981,571,1202,1056
2682,18,1059,459,1237,660
2683,14,981,569,1201,1055
2683,18,1059,459,1237,658
2684,14,981,568,1200,1055
2684,18,1059,458,1237,659
2685,14,981,567,1200,1055
2685,18,1057,459,1236,661
2686,14,981,567,1200,1055
2686,18,1057,459,1236,659
2687,18,1056,458,1236,659
2687,14,981,568,1199,1055
2688,14,981,567,1199,1055
2688,18,1056,458,1236,661
2689,14,981,568,1199,1054
2689,18,1056,458,1237,660
2690,18,1057,459,1237,660
2690,14,980,565,1198,1053
2691,14,979,567,1197,1052
2691,18,1057,459,1236,663
2692,14,979,568,1197,1053
2692,18,1058,458,1236,661
2693,14,980,569,1198,1052
2693,18,1058,459,1237,662
2694,14,980,568,1197,1052
2694,18,1057,460,1236,660
2695,18,1057,459,1236,661
2695,14,979,570,1198,1053
2696,14,978,570,1196,1051
2696,18,1054,460,1233,657
2697,14,977,568,1196,1050
2697,18,1052,460,1231,655
2698,14,976,569,1194,1050
2698,18,1051,460,1228,659
2699,14,976,570,1192,1049
2699,18,1050,459,1226,659
2700,14,976,570,1192,1049
2700,18,1050,459,1222,660
2701,14,976,570,1192,1048
2701,18,1048,459,1222,661
2702,14,975,568,1192,1048
2702,18,1047,460,1219,658
2703,14,974,569,1191,1048
2703,18,1046,458,1217,657
2704,14,974,566,1191,1047
2704,18,1046,456,1214,659
2705,14,973,565,1190,1047
2705,18,1045,455,1212,661
2706,14,973,563,1190,1046
2706,18,1044,455,1211,660
2707,14,973,562,1189,1047
2707,18,1043,455,1210,665
2708,14,973,568,1189,1046
2708,18,1041,456,1210,659
2709,14,973,568,1189,1047
2709,18,1038,455,1209,660
2710,14,972,568,1187,1046
2710,18,1037,455,1203,661
2711,14,972,570,1187,1046
2711,18,1034,455,1198,662
2712,14,971,572,1186,1047
2712,18,1032,456,1197,660
2713,14,971,572,1185,1047
2713,18,1029,457,1195,657
2714,14,971,571,1185,1047
2714,18,1027,457,1191,656
2715,14,970,567,1185,1046
2715,18,1027,458,1189,656
2716,14,970,563,1185,1046
2716,18,1025,458,1184,655
2717,14,970,555,1186,1046
2717,18,1025,459,1181,653
2718,14,970,567,1186,1046
2718,18,1023,461,1180,655
2719,14,970,571,1185,1046
2719,18,1022,462,1177,655
2720,14,970,569,1185,1046
2720,18,1021,462,1175,654
2721,14,970,568,1185,1046
2721,18,1019,463,1173,652
2722,14,970,567,1184,1047
2722,18,1018,464,1171,651
2723,14,970,565,1183,1047
2723,18,1017,466,1168,647
2724,14,970,563,1183,1047
2724,18,1017,468,1167,642
2725,14,969,564,1183,1047
2725,18,1016,469,1166,643
2726,14,969,564,1183,1047
2726,18,1016,471,1165,642
2727,14,968,565,1183,1047
2727,18,1016,471,1162,637
2728,14,968,564,1182,1047
2728,18,1016,471,1156,629
2729,14,968,564,1183,1047
2729,18,1014,472,1156,632
2730,14,968,565,1183,1048
2730,18,1009,474,1156,635
2731,14,968,563,1183,1048
2731,18,1005,475,1155,638
2732,14,968,563,1182,1048
2732,18,1000,476,1154,643
2733,14,967,564,1183,1048
2733,18,997,475,1152,642
2734,14,968,565,1183,1049
2734,18,994,475,1151,641
2735,14,968,563,1182,1049
2735,18,991,475,1149,639
2736,14,968,565,1183,1050
2736,18,990,476,1145,638
2737,14,968,571,1183,1050
2737,18,989,477,1140,638
2738,18,988,477,1141,639
2738,14,968,566,1183,1051
2739,14,966,563,1182,1051
2739,18,988,477,1138,640
2740,14,965,562,1181,1052
2740,18,987,476,1132,640
2741,14,965,561,1180,1052
2741,18,987,477,1130,642
2742,14,964,559,1180,1052
2742,18,987,477,1123,643
2743,14,964,561,1179,1053
2743,18,986,478,1122,642
2744,14,964,564,1179,1053
2744,18,986,479,1122,641
2745,14,964,566,1179,1054
2745,18,986,479,1124,641
2746,14,963,569,1179,1054
2746,18,985,479,1125,641
2747,14,963,570,1178,1054
2747,18,985,480,1124,642
2748,18,984,480,1124,642
2748,14,962,570,1177,1054
2749,14,961,571,1177,1053
2749,18,983,480,1123,643
2750,14,961,571,1176,1053
2750,18,982,480,1123,643
2751,14,960,571,1175,1053
2751,18,981,480,1122,643
2752,14,960,571,1175,1053
2752,18,980,481,1122,643
2753,14,959,572,1175,1054
2753,18,980,481,1121,642
2754,14,959,573,1175,1054
2754,18,980,481,1122,643
2755,18,980,481,1123,643
2755,14,960,572,1175,1054
2756,14,960,573,1176,1054
2756,18,983,481,1126,643
2757,14,961,573,1177,1053
2757,18,985,481,1126,642
2758,14,961,574,1177,1054
2758,18,985,481,1127,642
2759,14,961,573,1177,1054
2759,18,985,481,1128,642
2760,14,961,574,1177,1054
2760,18,984,481,1127,642
2761,14,961,574,1177,1053
2761,18,983,480,1126,643
2762,14,961,572,1177,1053
2762,18,982,478,1125,644
2763,14,961,570,1178,1053
2763,18,981,477,1122,644
2764,14,961,568,1179,1054
2764,18,981,476,1120,644
2765,14,962,567,1179,1054
2765,18,980,474,1118,645
2766,14,963,566,1179,1053
2766,18,979,471,1115,646
2767,14,963,564,1178,1053
2767,18,979,469,1113,646
2768,14,963,566,1179,1054
2768,18,978,467,1112,646
2769,14,963,568,1179,1053
2769,18,977,467,1112,646
2770,14,962,569,1178,1054
2770,18,975,466,1111,648
2771,14,962,570,1179,1053
2771,18,973,464,1111,648
2772,14,962,571,1178,1053
2772,18,971,461,1110,648
2773,14,962,570,1180,1055
2773,18,970,459,1108,648
2774,14,963,569,1182,1057
2774,18,970,457,1109,645
2775,14,963,570,1180,1055
2775,18,967,454,1105,645
