frame,person_id,x1,y1,x2,y2
1,0,726,417,878,593
1,1,716,327,818,455
1,2,723,417,878,716
2,2,723,417,877,715
2,1,716,327,818,454
2,0,725,417,878,593
3,0,725,417,877,593
3,1,716,328,818,455
4,1,716,327,818,454
4,0,725,417,877,593
5,1,715,327,818,454
5,0,724,416,877,594
6,0,724,416,876,593
6,1,714,327,817,454
7,0,724,416,876,593
7,1,714,327,817,455
8,0,725,415,876,593
8,1,713,327,817,455
9,0,724,415,876,594
9,1,713,326,818,456
10,1,713,326,817,457
10,0,724,414,876,595
11,1,713,326,817,457
11,0,723,415,875,595
12,0,723,415,875,595
12,1,712,326,817,457
13,1,711,326,816,457
13,0,723,415,874,596
14,0,723,416,874,598
14,1,711,327,816,456
15,0,722,417,874,598
15,1,711,327,816,456
16,1,711,327,817,456
16,0,721,417,875,598
16,2,719,416,875,718
17,1,712,327,817,455
17,2,718,417,876,718
17,0,719,418,876,598
18,1,711,327,816,455
18,0,718,419,877,599
19,0,716,419,878,599
19,1,713,327,816,457
20,1,712,326,817,456
20,0,716,421,879,599
21,1,712,327,816,455
21,0,714,422,880,599
22,1,712,327,816,455
22,0,713,423,881,599
22,2,711,421,880,719
23,1,711,326,816,455
23,0,712,423,881,599
24,0,711,424,881,599
24,1,711,326,817,456
25,1,711,327,817,456
25,0,710,425,881,598
26,0,710,426,881,598
26,1,711,326,818,457
26,2,709,425,881,718
27,2,709,426,881,717
27,0,710,427,881,598
27,1,710,326,818,457
28,1,710,326,818,457
28,2,709,428,880,717
28,0,710,429,881,598
29,1,710,326,818,458
29,2,708,428,880,717
29,0,710,430,881,598
30,2,709,429,880,717
30,0,710,431,880,598
30,1,710,326,818,457
31,2,709,430,879,717
31,0,710,431,880,598
31,1,711,327,818,457
32,2,709,430,879,717
32,1,711,327,818,458
32,0,711,432,879,598
33,0,711,433,879,599
33,1,711,326,818,457
33,2,709,431,878,717
34,1,712,326,818,457
34,2,710,432,878,717
34,0,712,433,878,599
35,2,710,432,878,717
35,1,712,326,818,456
35,0,712,433,879,599
36,2,710,432,879,717
36,1,711,326,818,457
36,0,712,433,879,599
37,1,711,326,817,457
37,2,710,431,879,718
37,0,713,433,880,599
38,0,712,433,880,599
38,2,710,432,880,717
38,1,712,326,817,455
39,2,710,433,881,716
39,0,712,434,881,599
39,1,713,326,817,454
40,2,710,433,881,717
40,0,712,433,882,599
40,1,712,327,816,455
41,0,712,434,882,599
41,2,710,433,882,717
41,1,711,326,815,454
42,2,710,433,882,718
42,0,713,434,883,599
42,1,713,327,815,452
43,0,712,434,882,599
43,2,710,433,882,717
43,1,712,326,813,454
44,2,710,436,882,718
44,1,711,326,813,455
44,0,713,436,883,599
45,0,713,438,883,599
45,2,710,437,882,715
45,1,712,327,813,457
46,0,713,438,882,599
46,2,710,437,882,716
46,1,713,327,814,459
47,2,710,437,882,717
47,0,713,438,883,599
47,1,713,327,814,461
48,2,710,437,882,717
48,0,712,439,883,598
48,1,712,327,814,462
49,2,710,437,882,717
49,0,712,439,883,598
49,1,712,327,814,465
50,2,710,437,882,717
50,0,712,438,883,599
50,1,712,327,814,464
51,2,710,437,883,717
51,0,712,438,883,599
51,1,712,327,814,463
52,0,712,439,883,599
52,2,710,437,883,717
52,1,712,327,814,460
53,2,710,437,883,717
53,0,712,438,883,598
53,1,713,327,814,459
54,0,712,438,883,599
54,2,709,438,882,716
54,1,713,327,815,458
55,2,709,438,882,716
55,0,711,438,883,599
55,1,711,327,816,458
56,0,711,438,883,600
56,2,709,437,883,716
56,1,711,327,816,458
57,0,711,438,883,600
57,2,709,438,882,714
57,1,708,328,817,455
58,2,710,436,882,713
58,0,711,437,882,601
58,1,712,328,817,455
59,0,711,437,882,601
59,2,710,436,882,710
59,1,710,328,818,456
60,2,710,436,882,714
60,1,712,328,818,454
61,2,711,434,882,717
61,1,710,328,818,457
62,1,711,328,818,458
62,2,711,432,881,717
62,0,712,433,881,608
63,1,711,329,818,458
63,2,711,430,880,717
64,2,710,429,878,717
64,1,712,329,818,456
65,2,710,428,876,718
65,1,711,329,818,454
66,2,709,427,875,718
66,1,712,329,818,456
67,2,709,425,873,717
67,1,711,329,818,453
68,1,711,329,818,453
68,2,709,424,872,717
69,2,709,423,873,717
69,1,712,329,818,453
70,2,709,422,873,717
70,1,713,330,818,451
71,2,709,422,873,716
71,1,713,330,818,451
72,2,709,422,873,716
72,1,713,330,818,451
73,2,709,422,873,716
73,1,713,330,818,451
74,1,713,330,818,452
74,2,709,421,873,717
75,2,709,420,873,717
75,1,712,330,818,453
76,2,708,421,873,717
76,1,712,330,818,454
77,2,708,421,873,717
77,1,711,330,818,456
78,2,708,421,873,717
78,1,711,330,818,456
79,2,708,421,873,717
79,1,711,331,818,455
80,2,708,420,873,717
80,1,711,331,818,455
81,1,711,331,818,454
81,2,709,420,873,717
82,2,709,419,873,717
82,1,712,331,818,453
83,2,709,417,873,717
83,1,711,331,817,454
84,2,709,415,872,717
84,1,712,331,817,454
85,2,709,413,873,716
85,1,713,331,818,453
86,2,709,411,873,717
86,1,712,331,818,453
87,2,709,411,873,716
87,1,711,332,820,454
88,2,709,410,873,716
88,1,711,332,820,454
89,2,709,410,874,716
89,1,710,331,820,455
90,2,709,410,875,716
90,1,708,331,819,455
91,2,710,409,875,716
91,1,709,331,817,454
92,2,710,409,876,716
92,1,709,331,817,454
93,2,709,409,877,716
93,1,710,331,816,453
94,2,709,409,878,716
94,1,711,331,816,453
95,2,710,409,878,716
95,1,710,331,817,454
96,2,710,409,879,716
96,1,710,332,816,454
97,2,709,410,879,717
97,1,709,332,817,455
98,2,709,410,878,717
98,1,710,332,818,454
99,2,709,410,878,717
99,1,710,332,818,454
100,2,709,411,878,717
100,1,711,332,818,455
101,2,709,412,878,717
101,1,710,332,818,456
102,2,709,412,879,717
102,1,712,332,817,455
103,2,709,412,878,717
103,1,712,332,817,455
104,2,709,413,878,717
104,1,713,332,817,454
105,2,709,413,878,717
105,1,713,332,817,454
106,2,709,413,878,717
106,1,713,332,817,454
107,2,709,413,878,717
107,1,713,332,817,454
108,2,709,413,878,717
108,1,713,332,818,454
109,2,709,413,878,717
109,1,713,332,818,455
110,2,710,414,878,717
110,1,713,332,819,455
111,2,710,414,878,716
111,1,713,332,819,455
112,2,710,414,879,716
112,1,713,332,820,455
113,2,710,414,879,716
113,1,714,333,820,455
114,2,711,415,879,715
114,1,713,333,819,455
115,2,711,416,878,715
115,1,712,334,820,455
116,2,711,416,878,715
116,1,712,334,821,456
117,2,711,416,878,715
117,1,712,335,821,456
118,2,711,416,878,714
118,1,711,335,821,456
119,2,711,417,878,715
119,1,710,336,821,455
120,2,711,417,878,714
120,1,710,337,820,455
121,2,711,417,878,714
121,1,709,336,821,455
122,2,711,416,878,715
122,1,708,336,821,456
123,2,711,416,878,715
123,1,708,337,821,456
124,2,711,416,878,715
124,1,708,336,821,456
125,2,711,416,878,715
125,1,708,336,821,456
126,2,711,416,878,715
126,1,708,336,821,456
127,1,708,336,821,456
127,2,711,416,878,715
128,2,711,416,878,715
128,1,708,336,821,456
129,2,711,416,878,715
129,1,707,336,821,456
130,2,710,416,878,715
130,1,707,336,821,456
131,2,710,417,878,715
131,1,708,336,820,456
132,2,710,417,878,715
132,1,708,336,821,456
133,2,710,417,877,715
133,1,708,336,821,456
134,2,710,418,877,716
134,1,707,336,821,456
135,2,710,417,877,716
135,1,707,336,821,457
136,2,709,417,877,716
136,1,706,336,821,456
137,2,709,418,877,716
137,1,706,335,821,455
138,2,709,417,877,716
138,1,705,335,821,456
139,2,709,417,877,716
139,1,707,335,821,452
140,2,709,416,877,716
140,1,708,335,821,453
141,2,709,416,877,717
141,1,708,335,821,453
142,2,709,416,877,717
142,1,707,336,821,454
143,2,709,416,877,717
143,1,707,336,821,454
144,2,709,415,877,717
144,1,706,336,820,452
145,2,709,415,877,717
145,1,706,336,821,451
146,2,709,415,877,717
146,1,706,335,821,455
147,2,709,415,877,717
147,1,706,335,821,454
148,2,709,416,877,717
148,1,705,335,821,454
149,2,709,417,877,717
149,1,705,335,821,453
150,2,709,417,877,717
150,1,706,335,821,452
151,2,709,417,877,717
151,1,705,335,820,452
152,2,709,418,877,718
152,1,703,335,821,458
153,2,709,417,877,718
153,1,704,335,821,455
154,2,709,417,877,718
154,1,704,335,821,455
155,2,709,417,877,718
155,1,704,335,821,455
156,2,709,417,877,718
156,1,704,335,821,454
157,2,709,418,877,718
157,1,704,335,821,456
158,2,709,418,877,718
158,1,704,335,821,459
159,2,709,418,877,718
159,1,704,335,821,460
160,2,709,418,877,718
160,1,704,335,821,459
161,2,709,418,877,717
161,1,704,335,821,459
162,1,704,335,821,459
162,2,709,417,877,717
163,2,709,417,878,718
163,1,704,335,821,457
164,2,709,416,878,717
164,1,704,334,822,456
165,2,710,416,878,717
165,1,704,334,822,454
166,2,710,416,878,717
166,1,704,334,821,455
167,1,704,334,821,455
167,2,710,415,878,717
168,2,710,414,878,717
168,1,704,334,821,454
169,2,710,414,878,718
169,1,703,334,821,458
170,2,710,413,878,717
170,1,703,334,821,461
171,2,710,412,878,718
171,1,702,334,821,462
172,2,710,412,878,718
172,1,702,334,821,462
173,2,710,412,878,718
173,1,703,334,821,461
174,2,709,412,878,717
174,1,703,334,822,458
175,2,709,411,878,717
175,1,703,334,821,456
176,2,709,411,878,717
176,1,702,334,821,457
177,2,709,411,878,717
177,1,702,334,821,457
178,2,709,411,878,717
178,1,702,334,821,457
179,2,709,411,878,717
179,1,702,334,822,457
180,2,709,411,878,717
180,1,703,334,821,457
181,2,709,410,878,717
181,1,703,333,821,459
182,2,709,411,878,717
182,1,704,333,821,459
183,2,709,411,878,717
183,1,703,334,822,460
184,2,709,410,878,717
184,1,703,334,822,461
185,1,703,334,822,461
185,2,709,410,878,716
186,2,709,410,878,717
186,1,703,334,822,460
187,2,709,409,878,717
187,1,704,334,822,458
188,2,709,410,878,717
188,1,703,333,821,458
189,2,709,410,878,717
189,1,703,333,821,457
190,2,709,410,878,717
190,1,702,333,821,456
190,3,711,412,878,607
191,2,709,411,878,716
191,1,702,333,820,457
192,2,709,411,878,716
192,1,702,333,820,457
193,2,709,410,878,716
193,1,702,333,820,460
194,2,709,410,878,715
194,1,703,333,820,460
195,2,709,411,878,716
195,1,702,333,820,460
196,2,709,410,878,717
196,1,702,333,820,459
197,2,709,410,878,717
197,1,701,333,820,461
198,2,709,410,878,717
198,1,703,333,819,462
199,2,709,410,877,717
199,1,701,333,820,463
200,2,709,409,877,717
200,1,701,333,820,464
201,2,709,409,877,717
201,1,700,333,819,465
202,2,709,409,877,716
202,1,700,333,819,463
203,2,709,409,877,716
203,1,700,333,819,462
204,2,709,408,877,716
204,1,700,333,819,461
205,2,709,409,877,717
205,1,701,333,820,461
206,2,709,409,877,716
206,1,701,333,820,463
207,2,709,409,878,717
207,1,701,333,821,463
208,1,701,333,821,463
208,2,709,410,878,717
209,2,709,409,878,717
209,1,701,333,821,463
210,2,709,410,878,717
210,1,701,333,820,463
211,2,709,410,878,717
211,1,701,333,820,464
212,2,709,410,878,716
212,1,700,333,820,463
213,2,709,410,878,716
213,1,700,333,820,464
214,2,709,410,878,716
214,1,700,333,820,464
215,2,708,410,878,717
215,1,701,333,819,463
216,1,701,333,819,462
216,2,708,411,877,717
217,2,708,410,877,717
217,1,700,333,820,462
218,2,708,410,877,717
218,1,700,333,819,462
219,2,708,410,877,717
219,1,700,333,819,463
220,2,708,411,877,717
220,1,700,333,819,462
221,2,708,411,877,717
221,1,700,333,819,461
222,2,708,411,877,717
222,1,702,333,819,459
223,2,708,410,878,717
223,1,701,333,819,459
224,2,708,410,878,717
224,1,700,333,819,461
225,2,708,410,878,717
225,1,702,333,819,459
226,2,709,410,878,717
226,1,702,333,819,459
227,2,709,410,878,717
227,1,702,332,819,459
228,2,709,410,878,717
228,1,702,332,819,459
229,2,709,410,878,717
229,1,702,332,819,459
230,2,709,410,878,717
230,1,702,332,819,459
231,2,709,410,878,717
231,1,702,332,820,458
232,2,710,410,878,717
232,1,703,332,819,458
233,2,710,411,879,717
233,1,703,332,820,459
234,2,710,411,879,716
234,1,702,333,819,460
235,2,710,411,878,717
235,1,703,333,819,459
236,2,710,411,878,716
236,1,703,333,819,460
237,1,703,333,819,459
237,2,710,411,878,717
238,2,710,411,879,716
238,1,703,333,819,459
239,2,710,411,879,716
239,1,703,333,819,459
240,2,710,411,878,717
240,1,703,333,819,459
241,2,710,410,878,717
241,1,704,333,820,459
242,2,709,411,879,717
242,1,704,333,820,460
243,2,710,410,878,717
243,1,704,333,820,459
244,2,710,411,879,717
244,1,704,333,820,458
245,1,704,333,820,458
245,2,710,410,879,717
246,2,710,411,879,717
246,1,704,333,820,459
247,2,710,411,879,717
247,1,704,333,820,458
248,2,710,411,879,717
248,1,704,333,820,459
249,2,710,411,879,717
249,1,704,333,820,458
250,2,710,411,879,717
250,1,704,333,820,458
251,2,710,410,879,717
251,1,704,333,820,458
252,2,710,410,879,717
252,1,703,333,820,459
253,2,710,411,879,718
253,1,703,333,820,458
254,2,710,411,879,717
254,1,703,333,820,459
255,2,711,411,879,717
255,1,703,333,820,459
256,2,710,412,879,717
256,1,703,333,819,460
257,2,710,412,879,717
257,1,703,333,819,460
258,1,703,333,819,459
258,2,711,411,879,718
259,2,711,412,879,718
259,1,704,333,819,459
260,2,711,413,879,717
260,1,702,334,820,460
261,2,711,413,879,717
261,1,702,334,820,460
262,1,702,334,820,460
262,2,711,413,879,717
263,2,711,414,879,717
263,1,703,334,820,459
264,2,711,413,879,717
264,1,703,334,820,457
265,2,711,414,879,717
265,1,703,334,820,459
266,2,711,415,879,717
266,1,703,334,820,457
267,1,703,334,820,458
267,2,711,416,879,717
268,2,711,416,879,717
268,1,704,334,820,458
269,2,711,416,879,717
269,1,703,334,820,457
270,2,711,415,879,717
270,1,703,334,820,456
271,2,711,416,879,718
271,1,704,334,820,454
272,2,710,416,878,718
272,1,703,334,820,455
273,2,710,416,878,718
273,1,703,335,819,458
274,2,709,416,877,717
274,1,703,335,818,458
275,2,709,416,877,717
275,1,703,335,818,458
276,2,709,416,877,718
276,1,703,335,818,457
277,2,709,416,877,717
277,1,702,335,818,458
278,2,709,416,877,718
278,1,702,335,818,457
279,2,709,416,877,717
279,1,703,335,818,457
280,2,709,416,877,717
280,1,703,335,818,457
281,2,709,416,877,717
281,1,703,335,818,457
282,2,709,416,877,717
282,1,703,335,818,457
283,2,709,415,877,718
283,1,703,335,818,456
284,2,709,415,877,718
284,1,703,335,818,456
285,1,703,335,818,456
285,2,710,414,877,718
286,2,710,414,877,717
286,1,702,335,818,457
287,2,710,414,877,718
287,1,702,335,818,459
288,2,710,413,877,718
288,1,703,335,818,457
289,2,710,413,877,718
289,1,703,335,818,456
290,2,709,413,877,718
290,1,703,335,818,458
291,2,709,414,877,718
291,1,703,336,818,458
292,2,709,413,877,718
292,1,703,336,818,458
293,1,703,336,818,457
293,2,709,413,877,718
294,2,709,413,877,717
294,1,703,336,818,457
295,2,709,412,877,717
295,1,703,336,818,456
296,2,709,413,877,717
296,1,703,336,818,458
297,2,709,413,877,717
297,1,702,337,818,460
298,2,709,413,877,717
298,1,702,337,818,460
299,2,709,413,877,717
299,1,702,337,818,460
300,2,709,414,877,717
300,1,703,337,819,460
301,2,709,413,877,716
301,1,702,338,819,461
302,2,708,413,877,716
302,1,701,338,820,460
303,2,708,413,877,716
303,1,701,338,819,460
304,2,708,413,877,716
304,1,701,338,820,460
305,2,708,413,877,716
305,1,701,338,820,459
306,2,708,413,877,716
306,1,701,338,820,460
307,2,708,413,877,716
307,1,701,338,820,460
308,2,708,413,877,716
308,1,701,338,820,459
309,2,708,413,877,716
309,1,702,339,819,457
310,2,708,413,877,716
310,1,701,338,820,459
311,2,708,414,877,716
311,1,701,339,819,459
312,2,708,414,877,717
312,1,701,338,820,459
313,2,709,413,877,716
313,1,702,339,819,456
314,2,709,414,877,716
314,1,701,339,819,457
315,2,709,414,877,716
315,1,702,339,818,455
316,2,709,414,878,716
316,1,702,339,818,456
317,2,709,414,878,716
317,1,702,339,819,456
318,2,709,415,878,716
318,1,702,339,819,458
319,2,709,415,878,716
319,1,702,339,820,460
320,2,709,415,878,716
320,1,701,339,820,462
321,2,710,415,878,716
321,1,702,339,820,461
322,2,710,415,878,717
322,1,702,339,820,461
323,2,710,415,878,717
323,1,703,339,820,461
324,2,710,414,878,716
324,1,703,339,820,460
325,2,710,414,878,716
325,1,703,339,820,458
326,2,710,413,878,716
326,1,704,339,820,457
327,2,710,413,878,716
327,1,704,339,820,457
328,2,710,413,878,716
328,1,703,338,821,460
329,2,710,413,878,716
329,1,703,338,821,462
330,2,710,413,878,716
330,1,703,338,821,464
331,2,710,413,878,716
331,1,702,338,820,465
332,2,710,413,878,716
332,1,704,338,820,465
333,2,710,413,878,716
333,1,704,338,820,465
334,2,711,413,879,716
334,1,704,337,821,464
335,2,711,412,879,716
335,1,705,337,821,463
336,2,711,412,879,717
336,1,705,337,821,461
337,2,711,411,879,717
337,1,705,337,821,461
338,2,711,411,879,717
338,1,705,336,821,459
339,2,711,412,879,717
339,1,705,336,821,459
340,2,711,411,879,717
340,1,705,336,821,458
341,2,711,411,879,717
341,1,704,335,821,458
342,2,711,411,879,717
342,1,704,335,821,458
343,2,711,411,879,717
343,1,704,335,821,459
344,2,711,411,879,717
344,1,704,335,821,460
345,2,711,411,879,717
345,1,704,334,821,461
346,2,711,411,879,717
346,1,703,334,821,462
347,2,711,411,879,717
347,1,703,334,821,461
348,2,711,411,879,717
348,1,704,334,822,460
349,2,711,411,880,717
349,1,704,333,822,459
350,2,711,411,879,717
350,1,704,333,822,456
351,1,704,333,822,456
351,2,711,410,880,717
352,2,711,410,879,717
352,1,704,333,822,458
353,2,711,409,879,717
353,1,704,333,822,459
354,2,711,409,880,717
354,1,704,333,822,460
355,2,711,410,879,717
355,1,704,332,822,459
356,2,711,410,879,717
356,1,704,332,822,459
357,2,711,410,879,717
357,1,704,332,822,459
358,2,711,410,879,717
358,1,704,332,821,459
359,2,711,410,879,717
359,1,704,332,821,459
360,2,711,410,879,717
360,1,704,332,821,460
361,1,703,332,821,460
361,2,710,410,879,716
362,1,703,332,821,460
362,2,710,410,879,716
363,1,703,332,821,460
363,2,710,410,878,717
364,2,710,410,878,717
364,1,703,332,821,460
365,2,710,410,878,716
365,1,702,332,820,459
366,2,710,410,878,716
366,1,702,332,820,459
367,2,710,410,878,716
367,1,702,332,820,459
368,2,709,410,878,716
368,1,702,332,820,459
369,2,709,410,878,717
369,1,701,331,819,459
370,2,708,410,877,717
370,1,701,331,819,459
371,2,708,410,877,718
371,1,701,331,819,459
372,2,708,410,877,718
372,1,701,331,818,459
373,2,708,410,877,718
373,1,700,331,818,459
374,2,708,410,877,718
374,1,700,331,818,459
375,2,708,409,877,718
375,1,700,332,818,459
376,2,708,409,877,718
376,1,700,332,818,459
377,2,708,409,876,718
377,1,700,332,818,459
378,2,708,409,877,718
378,1,700,332,818,458
379,2,708,409,877,718
379,1,700,332,818,456
380,2,708,410,877,719
380,1,700,332,818,459
381,2,708,410,877,719
381,1,700,332,818,459
382,2,708,410,877,719
382,1,700,332,818,459
383,2,708,410,877,719
383,1,700,332,818,458
384,2,708,409,877,719
384,1,701,332,818,457
385,2,708,409,877,719
385,1,700,332,818,458
386,2,708,409,877,718
386,1,701,332,818,458
387,2,708,409,877,719
387,1,700,332,817,458
388,2,708,409,877,718
388,1,701,332,817,459
389,2,708,409,877,718
389,1,701,332,817,458
390,2,708,409,877,719
390,1,701,331,818,458
391,2,708,409,877,718
391,1,702,332,818,458
392,2,708,409,877,718
392,1,702,331,818,457
393,1,702,331,818,458
393,2,708,409,877,718
394,2,708,409,877,718
394,1,702,331,818,458
395,2,708,409,877,718
395,1,702,331,818,459
396,2,708,409,877,718
396,1,701,331,818,459
397,2,708,409,877,718
397,1,701,332,818,460
398,2,708,409,877,718
398,1,702,332,818,459
399,2,708,409,877,718
399,1,702,332,818,458
400,2,708,409,877,718
400,1,702,332,818,460
401,1,701,332,818,460
401,2,708,409,877,719
402,2,708,410,877,718
402,1,702,332,819,460
403,2,708,410,877,719
403,1,702,332,819,460
404,2,708,410,877,719
404,1,701,331,819,460
405,2,708,410,877,719
405,1,701,331,818,460
406,2,708,410,877,719
406,1,701,331,818,460
407,2,708,410,877,719
407,1,702,331,819,460
408,2,708,409,877,719
408,1,702,331,819,459
409,2,708,410,878,719
409,1,702,331,818,459
410,2,708,410,878,719
410,1,702,331,819,458
411,2,709,411,878,718
411,1,703,331,819,457
412,2,710,411,879,718
412,1,703,331,820,456
413,1,703,331,820,456
413,2,710,411,879,718
414,2,711,411,879,718
414,1,704,332,820,457
415,2,710,411,879,718
415,1,703,332,820,457
416,2,710,411,879,718
416,1,703,332,819,456
417,2,709,411,878,718
417,1,703,332,819,455
418,2,709,411,878,718
418,1,703,332,819,456
419,2,710,410,878,718
419,1,703,332,819,455
420,2,710,411,878,718
420,1,702,332,819,456
421,2,710,412,878,718
421,1,703,332,819,456
422,2,709,412,878,719
422,1,702,332,819,456
423,2,709,412,878,719
423,1,702,333,819,455
424,2,709,412,878,719
424,1,702,332,818,457
425,2,710,412,878,718
425,1,703,332,819,457
426,2,709,412,878,718
426,1,703,332,818,456
427,2,709,412,878,718
427,1,703,332,818,456
428,2,709,412,878,718
428,1,701,333,818,456
429,2,709,411,878,718
429,1,702,332,818,457
430,2,708,411,877,718
430,1,702,332,817,458
431,2,708,411,877,719
431,1,702,332,817,458
432,2,708,411,877,718
432,1,702,333,817,458
433,2,708,411,877,718
433,1,702,333,817,458
434,2,708,411,877,719
434,1,702,333,817,458
435,2,709,411,877,718
435,1,702,333,818,457
436,2,709,410,877,718
436,1,702,333,818,458
437,2,708,411,877,718
437,1,702,333,818,458
438,1,702,333,818,458
438,2,709,410,877,718
439,1,702,333,818,459
439,2,708,410,877,719
440,2,708,410,877,719
440,1,701,333,818,460
441,2,708,410,877,719
441,1,702,333,818,461
442,2,708,410,877,719
442,1,701,332,818,460
443,2,708,410,876,719
443,1,701,332,818,460
444,2,708,411,876,719
444,1,701,332,818,460
445,2,708,411,876,719
445,1,701,332,818,459
446,2,708,410,876,719
446,1,701,332,818,459
447,2,708,410,876,718
447,1,701,332,818,458
448,2,708,411,876,719
448,1,700,332,818,458
449,2,708,410,876,718
449,1,700,332,818,458
450,2,708,411,875,718
450,1,700,332,818,457
451,2,708,411,875,719
451,1,700,332,818,456
452,2,708,411,876,716
452,1,700,332,817,455
453,2,707,411,876,716
453,1,700,331,817,456
454,2,707,411,876,716
454,1,700,332,817,457
455,2,707,411,875,717
455,1,700,332,817,457
456,2,706,411,875,716
456,1,700,332,816,456
457,2,706,411,874,716
457,1,699,332,816,456
458,2,706,411,874,717
458,1,700,332,816,455
459,2,706,411,874,717
459,1,699,332,816,456
460,2,706,411,874,717
460,1,699,332,816,456
461,2,706,411,874,718
461,1,699,332,815,455
462,2,706,410,873,718
462,1,699,332,815,453
463,2,706,411,873,718
463,1,699,332,815,452
464,2,706,412,873,718
464,1,699,332,815,452
465,2,705,411,873,718
465,1,699,332,814,454
466,2,705,411,872,718
466,1,699,332,814,452
467,2,705,411,872,718
467,1,699,332,814,452
468,2,705,411,872,718
468,1,699,332,814,453
469,2,704,411,872,718
469,1,699,332,814,450
470,2,704,411,871,718
470,1,698,332,813,454
471,2,704,411,871,718
471,1,697,332,813,457
472,2,704,411,871,718
472,1,698,332,813,459
473,2,704,411,871,718
473,1,698,332,813,458
474,2,704,411,871,717
474,1,698,332,813,455
475,2,704,411,871,717
475,1,698,332,813,455
476,2,704,411,871,717
476,1,697,332,813,455
477,2,704,412,871,718
477,1,697,332,813,455
478,2,704,411,871,718
478,1,697,332,813,455
479,2,703,411,870,718
479,1,696,332,812,459
480,2,703,412,870,718
480,1,696,332,813,458
481,2,703,412,870,718
481,1,695,332,812,460
482,2,703,412,870,718
482,1,695,332,812,462
483,2,703,411,870,718
483,1,695,332,813,463
484,2,703,411,870,718
484,1,695,332,812,461
485,2,702,411,870,717
485,1,695,332,813,461
486,2,702,412,870,718
486,1,694,332,813,463
487,2,702,411,869,718
487,1,695,332,812,461
488,2,703,411,869,718
488,1,695,332,812,460
489,2,703,411,869,718
489,1,695,332,813,458
490,2,703,411,869,718
490,1,695,332,814,458
491,2,703,411,869,718
491,1,695,332,814,456
492,2,703,410,869,718
492,1,695,332,815,457
493,2,703,411,869,718
493,1,695,332,815,458
494,2,703,411,870,718
494,1,695,332,815,459
495,1,695,332,815,459
495,2,701,410,870,718
496,1,694,332,815,460
496,2,702,409,867,718
497,2,702,409,865,718
497,1,695,332,815,461
498,2,703,409,864,718
498,1,695,332,817,459
499,1,695,332,817,459
499,2,703,409,861,717
500,2,702,408,860,717
500,1,695,332,818,458
501,2,702,406,857,717
501,1,695,332,816,463
502,1,695,332,815,463
502,2,702,404,855,718
503,2,702,405,854,718
503,1,695,332,816,458
504,2,702,406,854,718
504,1,695,331,815,452
505,2,703,405,853,718
505,1,695,331,816,453
506,2,703,404,853,718
506,1,695,331,815,453
507,2,702,405,853,718
507,1,695,331,815,457
508,2,702,404,853,718
508,1,695,331,813,458
509,2,703,405,853,718
509,1,695,331,813,456
510,2,703,403,853,718
510,1,694,331,811,460
511,2,703,402,852,719
511,1,695,331,811,458
512,2,703,403,852,718
512,1,695,331,811,457
513,2,703,403,852,718
513,1,695,331,810,458
514,1,695,332,810,458
514,2,703,404,854,718
515,1,695,332,810,458
515,2,703,404,854,718
516,2,704,403,855,718
516,1,695,332,809,460
517,2,704,403,853,718
517,1,695,332,809,458
518,2,704,404,853,718
518,1,695,332,810,457
519,1,695,332,811,457
519,2,703,409,851,718
520,2,704,406,851,717
520,1,695,332,810,458
521,2,703,407,851,717
521,1,695,332,810,457
522,1,694,332,811,456
522,2,703,412,852,717
523,1,694,332,810,456
523,2,704,408,852,717
524,2,703,406,852,717
524,1,695,332,809,455
525,2,703,406,851,717
525,1,694,332,809,454
526,2,703,405,852,717
526,1,694,332,808,454
527,1,694,332,808,454
527,2,702,404,850,717
528,2,702,404,851,717
528,1,694,332,809,454
529,2,702,405,852,717
529,1,694,332,808,455
530,1,694,332,808,454
530,2,702,405,854,717
531,2,702,403,854,718
531,1,694,332,808,456
532,2,702,402,856,718
532,1,694,332,810,456
533,1,694,332,811,457
533,2,702,403,858,718
534,1,695,332,811,457
534,2,703,402,860,718
535,2,702,403,862,718
535,1,695,332,811,455
536,2,702,403,863,718
536,1,695,331,812,457
537,2,703,401,864,718
537,1,696,331,813,455
538,2,703,402,863,718
538,1,697,331,814,453
539,2,703,400,862,718
539,1,698,331,813,451
540,2,703,399,859,718
540,1,698,330,813,449
541,1,698,330,813,450
541,2,703,399,863,718
542,2,703,399,864,718
542,1,697,330,813,451
543,2,703,399,864,718
543,1,697,330,812,452
544,2,703,398,864,718
544,1,698,330,811,450
545,2,702,399,863,718
545,1,697,330,812,452
546,1,697,330,812,453
546,2,702,399,862,718
547,2,703,400,863,718
547,1,698,330,814,453
548,2,704,401,863,718
548,1,698,331,815,451
549,2,704,403,864,719
549,1,698,331,815,453
550,2,705,404,864,718
550,1,698,331,815,451
551,2,705,405,864,718
551,1,698,331,816,450
552,2,706,406,864,719
552,1,699,331,816,452
553,2,706,407,864,719
553,1,699,332,817,454
554,2,706,408,864,719
554,1,700,332,817,455
555,1,700,332,817,455
555,2,706,409,864,719
556,2,707,409,864,719
556,1,699,332,817,456
557,2,707,409,864,719
557,1,699,332,817,456
558,2,706,409,864,719
558,1,699,332,817,454
559,2,707,409,864,719
559,1,699,332,817,456
560,2,707,409,865,719
560,1,699,333,817,457
561,2,707,409,865,719
561,1,699,333,817,457
562,2,707,409,865,719
562,1,699,333,817,457
563,2,707,409,865,719
563,1,698,333,817,456
564,2,706,409,864,719
564,1,698,333,816,455
565,2,706,410,864,719
565,1,698,334,816,453
566,2,706,410,863,719
566,1,697,334,816,454
567,2,705,410,863,719
567,1,697,335,816,455
568,2,705,411,863,719
568,1,697,336,815,456
569,2,706,411,863,719
569,1,697,336,816,458
570,2,706,411,864,719
570,1,698,336,816,456
571,2,706,410,864,719
571,1,698,336,816,456
572,2,706,411,865,718
572,1,698,336,817,455
573,2,706,411,865,719
573,1,698,337,817,455
574,2,707,412,865,719
574,1,698,337,817,457
575,2,706,412,865,719
575,1,698,337,817,457
576,2,706,413,864,719
576,1,698,337,817,457
577,2,706,413,864,719
577,1,698,337,817,457
578,2,706,414,864,718
578,1,698,338,816,457
579,2,706,415,863,718
579,1,698,338,816,459
580,2,706,415,863,718
580,1,698,339,816,460
581,2,705,416,863,719
581,1,698,339,816,460
582,2,705,416,863,719
582,1,699,339,817,460
583,2,704,416,863,719
583,1,699,339,816,460
584,2,704,417,862,719
584,1,699,340,816,460
585,2,703,418,862,719
585,1,698,340,815,462
586,2,703,419,862,718
586,1,698,341,815,462
587,2,704,418,863,718
587,1,698,341,815,464
588,1,698,341,815,464
588,2,704,419,863,718
589,2,705,419,863,719
589,1,697,341,816,465
590,2,705,419,863,719
590,1,698,342,816,466
591,2,706,419,864,719
591,1,698,342,817,466
592,2,706,420,864,718
592,1,698,342,817,466
593,2,706,419,864,718
593,1,699,342,817,465
594,2,707,420,865,718
594,1,700,343,818,463
595,2,707,419,865,718
595,1,700,343,818,462
596,2,707,420,866,718
596,1,700,343,818,461
597,2,708,420,866,718
597,1,700,343,819,463
598,2,708,420,866,718
598,1,701,343,819,462
599,2,708,420,866,718
599,1,701,343,818,462
600,2,708,420,867,718
600,1,701,343,819,462
601,2,707,421,867,717
601,1,700,344,820,465
602,2,707,422,867,717
602,1,699,344,820,464
603,2,707,422,867,717
603,1,700,344,820,463
604,2,707,422,867,717
604,1,700,344,820,462
605,2,707,422,867,717
605,1,700,344,819,462
606,2,707,422,867,717
606,1,700,344,820,462
607,2,707,422,867,717
607,1,700,344,820,462
608,2,707,422,867,717
608,1,699,344,820,463
609,2,707,423,867,717
609,1,699,345,820,464
610,1,699,345,819,465
610,2,707,420,867,718
611,1,699,345,819,465
611,2,707,423,867,717
612,2,707,423,867,717
612,1,699,345,819,464
613,2,707,423,867,717
613,1,699,345,819,463
614,2,707,423,868,717
614,1,699,345,819,464
615,2,707,423,868,717
615,1,699,344,819,464
616,2,707,424,867,717
616,1,699,344,819,464
617,2,707,424,867,717
617,1,700,345,819,464
618,2,707,424,868,717
618,1,699,345,819,464
619,2,707,423,867,717
619,1,699,345,819,465
620,1,700,345,819,464
620,2,707,421,867,718
621,2,707,421,867,719
621,1,699,344,819,463
622,2,707,420,867,719
622,1,700,344,819,463
623,2,707,420,867,718
623,1,699,344,819,463
624,2,707,420,867,718
624,1,699,344,819,462
625,2,707,420,867,718
625,1,699,344,819,461
626,2,707,420,867,718
626,1,700,344,819,461
627,2,707,420,866,718
627,1,700,344,819,461
628,2,707,420,866,718
628,1,700,343,819,462
629,2,708,420,866,718
629,1,701,343,819,462
630,2,707,419,866,718
630,1,701,343,819,462
631,2,707,419,866,718
631,1,700,343,819,462
632,2,707,419,866,718
632,1,700,343,819,462
633,2,707,419,866,718
633,1,699,343,819,463
634,2,707,419,866,718
634,1,699,343,819,463
635,2,707,419,866,718
635,1,700,343,819,463
636,2,707,420,865,718
636,1,700,343,819,464
637,2,707,419,866,718
637,1,699,343,819,464
638,2,707,419,866,718
638,1,699,342,819,464
639,2,707,419,866,718
639,1,699,342,819,464
640,2,707,419,866,718
640,1,700,342,819,464
641,2,707,419,866,718
641,1,700,342,819,463
642,1,700,342,820,463
642,2,708,419,866,718
643,1,699,342,819,463
643,2,708,419,866,718
644,2,708,419,866,718
644,1,699,343,819,464
645,2,708,419,867,718
645,1,700,343,820,464
646,2,707,419,867,718
646,1,699,342,820,463
647,2,708,419,867,718
647,1,700,342,821,464
648,2,708,419,868,718
648,1,700,342,820,464
649,2,708,419,868,718
649,1,700,342,820,464
650,2,709,419,868,718
650,1,700,343,821,463
651,2,709,419,868,718
651,1,700,343,821,462
652,1,700,343,822,462
652,2,709,421,869,717
653,2,709,421,869,717
653,1,700,343,821,461
654,2,709,421,869,717
654,1,700,343,821,462
655,2,709,421,869,717
655,1,700,343,821,462
656,1,700,343,821,462
656,2,710,420,868,718
657,2,710,419,869,718
657,1,700,343,821,463
658,1,700,343,821,463
658,2,710,422,869,717
659,2,710,422,869,717
659,1,700,343,821,463
660,2,710,422,869,717
660,1,700,343,821,463
661,2,711,422,869,717
661,1,701,343,821,462
662,2,711,422,869,717
662,1,701,343,821,462
663,2,711,422,869,717
663,1,700,343,821,462
664,2,710,422,869,717
664,1,700,343,821,462
665,2,710,422,869,717
665,1,700,342,821,462
666,2,710,421,869,717
666,1,700,342,820,462
667,2,710,422,869,717
667,1,700,342,820,461
668,1,700,342,820,462
668,2,710,419,869,718
669,2,710,419,869,718
669,1,700,342,820,462
670,2,710,420,869,718
670,1,700,342,820,463
671,2,710,419,869,718
671,1,701,342,820,462
672,2,710,420,869,718
672,1,701,342,821,463
673,1,701,342,821,463
673,2,710,422,869,718
674,2,710,422,869,718
674,1,701,342,821,463
675,2,711,422,869,718
675,1,701,342,821,463
676,2,711,422,869,718
676,1,701,342,821,463
677,2,711,422,870,718
677,1,701,342,822,464
678,2,711,422,870,718
678,1,701,342,822,464
679,1,701,342,822,464
679,2,711,422,870,718
680,2,711,422,870,718
680,1,701,342,823,464
681,2,711,422,870,718
681,1,701,343,822,464
682,2,711,422,869,718
682,1,701,343,822,464
683,2,711,422,869,718
683,1,701,343,823,465
684,2,711,422,869,718
684,1,701,342,823,464
685,2,711,422,869,718
685,1,701,342,822,465
686,2,711,422,869,718
686,1,701,343,823,468
687,2,712,422,869,718
687,1,701,343,824,468
688,2,712,422,869,718
688,1,702,343,824,467
689,2,712,423,870,717
689,1,702,343,825,467
690,2,713,423,870,718
690,1,702,343,825,469
691,2,713,423,871,717
691,1,703,343,826,471
692,2,713,423,871,717
692,1,702,343,826,468
693,2,714,423,871,717
693,1,703,342,826,465
694,1,703,342,827,466
694,2,713,421,872,718
695,1,703,342,827,466
695,2,713,423,872,717
696,1,703,343,827,466
696,2,712,421,871,718
697,1,703,343,827,466
697,2,713,423,872,717
698,2,713,423,872,717
698,1,703,343,826,464
699,2,713,423,872,717
699,1,703,343,827,465
700,2,713,424,872,717
700,1,703,343,826,463
701,2,713,423,872,717
701,1,704,343,826,463
702,2,714,423,872,717
702,1,704,343,826,463
703,2,714,423,872,717
703,1,705,342,826,461
704,2,715,423,872,717
704,1,705,342,826,461
705,2,715,423,872,716
705,1,706,342,826,461
706,2,715,423,872,716
706,1,705,342,825,462
707,2,716,423,873,716
707,1,706,342,826,461
708,2,716,423,874,717
708,1,706,343,828,461
709,2,717,424,874,717
709,1,706,343,829,461
710,2,717,424,874,717
710,1,707,343,829,460
711,2,717,424,874,717
711,1,707,343,829,459
712,2,717,424,874,717
712,1,707,344,829,459
713,2,717,424,874,717
713,1,707,344,829,459
714,2,717,424,874,717
714,1,707,344,829,460
715,2,717,424,874,717
715,1,707,344,829,460
716,2,717,424,874,717
716,1,707,344,829,460
717,2,716,424,874,717
717,1,707,344,829,461
718,1,707,344,829,461
718,2,716,424,874,718
719,2,716,424,874,717
719,1,707,344,829,462
720,2,716,424,874,717
720,1,707,344,829,463
721,2,716,423,874,717
721,1,707,344,829,462
722,2,716,423,874,717
722,1,707,344,829,463
723,2,716,423,874,717
723,1,706,343,829,463
724,2,716,423,873,717
724,1,706,344,829,463
725,2,716,423,873,717
725,1,706,343,829,463
726,2,716,423,873,718
726,1,706,344,829,464
727,2,716,423,873,717
727,1,707,344,829,463
728,2,716,423,873,718
728,1,707,344,829,463
729,2,716,423,873,717
729,1,707,344,829,462
730,2,716,423,873,717
730,1,707,344,828,463
731,2,715,423,873,717
731,1,707,344,829,464
732,2,715,423,873,717
732,1,706,344,829,464
733,2,715,422,873,718
733,1,706,344,829,464
734,2,715,422,873,718
734,1,706,344,828,463
735,2,715,422,873,718
735,1,707,344,828,462
736,2,715,423,873,718
736,1,707,344,828,461
737,2,715,423,873,718
737,1,706,344,828,461
738,2,715,423,873,718
738,1,707,344,828,460
739,2,715,423,874,718
739,1,706,344,828,460
740,2,715,424,873,718
740,1,706,344,828,461
741,2,715,423,873,718
741,1,705,344,828,461
742,2,714,423,873,718
742,1,705,344,828,460
743,2,714,424,873,718
743,1,705,344,828,460
744,2,714,423,872,717
744,1,705,344,828,461
745,2,714,423,873,718
745,1,705,344,829,461
746,1,705,344,829,462
746,2,713,421,873,717
747,1,705,344,829,462
747,2,714,423,872,718
748,2,714,423,872,718
748,1,705,344,829,462
749,2,714,424,872,718
749,1,704,344,829,462
750,2,714,424,872,718
750,1,704,344,828,463
751,2,714,424,873,718
751,1,704,344,827,463
752,1,704,343,828,464
752,2,714,422,872,716
753,2,714,421,872,716
753,1,704,343,828,464
754,2,714,421,872,717
754,1,704,343,828,464
755,2,714,422,872,717
755,1,704,343,828,464
756,2,714,421,872,717
756,1,704,342,828,464
757,2,714,421,872,717
757,1,705,342,828,466
758,2,714,418,873,717
758,1,706,341,828,464
759,1,706,342,828,464
759,2,715,420,873,716
760,2,715,420,873,716
760,1,705,342,828,464
761,1,705,342,828,465
761,2,714,418,873,716
762,2,714,418,873,716
762,1,705,342,828,466
763,1,705,342,828,466
763,2,713,417,873,717
764,2,714,417,873,716
764,1,705,342,828,466
765,2,714,418,873,717
765,1,705,342,829,468
766,2,714,418,873,717
766,1,705,342,828,467
767,1,705,342,828,467
767,2,715,420,873,717
768,2,715,420,872,717
768,1,705,342,828,468
769,2,715,421,872,716
769,1,704,342,828,468
770,2,716,421,872,717
770,1,704,342,828,468
771,2,715,421,872,717
771,1,704,342,827,469
772,2,716,421,872,716
772,1,704,342,827,468
773,2,715,421,872,717
773,1,704,342,827,468
774,2,715,420,872,716
774,1,704,342,828,469
775,2,714,421,872,716
775,1,704,341,827,468
776,2,715,421,872,716
776,1,704,341,827,468
777,2,715,421,872,716
777,1,704,341,826,468
778,2,715,421,872,716
778,1,704,340,825,468
779,2,715,421,872,716
779,1,705,339,825,467
780,2,715,421,872,716
780,1,705,339,824,465
781,2,715,421,872,716
781,1,705,337,823,464
782,2,715,421,872,716
782,1,705,336,822,462
783,2,715,421,872,717
783,1,708,335,820,460
784,2,714,419,873,717
784,1,707,335,819,459
785,2,715,421,872,717
785,1,707,334,818,460
786,2,715,421,872,717
786,1,710,333,817,459
787,2,715,421,872,717
787,1,710,333,814,458
788,2,715,421,872,717
788,1,709,332,811,457
789,2,714,419,873,717
789,1,712,332,809,458
790,2,714,418,873,717
790,1,714,332,808,457
791,2,714,418,873,717
791,1,714,331,807,456
792,2,714,418,873,717
792,1,716,331,805,455
793,2,714,418,873,717
793,1,717,331,804,453
794,2,714,418,873,718
794,1,717,331,803,453
795,2,714,418,873,717
795,1,718,331,803,454
796,2,714,418,873,717
796,1,719,331,803,452
797,2,715,418,873,718
797,1,720,331,803,452
798,2,715,418,872,718
798,1,720,331,803,452
799,2,715,418,872,717
799,1,721,331,803,452
800,2,715,417,872,718
800,1,721,331,803,452
801,2,715,417,872,717
801,1,721,332,803,452
802,2,715,418,872,717
802,1,721,333,803,452
803,2,715,419,872,717
803,1,721,333,804,451
804,2,715,420,872,717
804,1,720,333,804,452
805,2,715,423,871,718
805,1,719,333,804,451
806,2,715,422,871,718
806,1,719,333,804,450
807,2,715,423,871,717
807,1,718,334,805,451
808,2,715,423,871,717
808,1,718,334,805,452
809,2,715,423,871,718
809,1,718,334,805,452
810,2,715,422,871,717
810,1,718,334,806,452
811,2,716,423,871,717
811,1,718,334,806,451
812,2,715,423,871,717
812,1,718,335,806,451
813,2,715,423,871,717
813,1,718,335,806,451
814,1,718,335,806,451
814,2,715,423,870,717
815,2,715,423,870,717
815,1,718,336,806,450
816,2,715,423,870,717
816,1,718,336,807,450
817,2,715,423,870,717
817,1,718,336,807,450
818,2,714,423,870,716
818,1,717,337,806,449
819,2,714,423,870,717
819,1,717,337,806,449
820,2,714,423,870,717
820,1,717,337,806,450
821,2,713,423,870,717
821,1,717,337,806,450
822,2,713,423,870,717
822,1,717,337,805,449
823,2,713,423,869,718
823,1,717,336,805,449
824,2,712,423,869,718
824,1,716,335,804,450
825,2,712,423,869,718
825,1,716,335,803,450
826,2,712,423,869,717
826,1,716,335,803,451
827,2,712,423,869,717
827,1,716,335,802,450
828,2,712,423,869,717
828,1,714,334,802,452
829,2,712,423,869,717
829,1,712,334,802,453
830,2,712,423,869,717
830,1,711,333,802,452
831,2,712,423,869,717
831,1,709,333,802,452
832,2,712,423,869,717
832,1,707,332,802,455
833,2,712,423,869,717
833,1,704,331,802,457
834,2,712,424,869,717
834,1,704,331,802,458
835,2,711,424,869,717
835,1,702,331,803,464
836,2,712,424,869,717
836,1,704,330,803,459
837,2,712,423,869,717
837,1,704,330,803,457
838,2,712,424,869,717
838,1,706,330,803,456
839,2,712,424,869,717
839,1,706,330,802,455
840,2,712,424,869,717
840,1,706,330,802,456
841,2,712,424,869,717
841,1,706,330,802,455
842,2,712,424,869,717
842,1,707,330,801,454
843,2,712,424,869,717
843,1,709,330,802,452
844,2,712,424,869,717
844,1,710,329,802,451
845,2,711,424,869,717
845,1,710,329,802,451
846,2,712,424,869,717
846,1,711,328,802,450
847,2,712,424,869,718
847,1,711,328,802,451
848,2,711,425,869,718
848,1,712,328,802,451
849,2,712,424,869,718
849,1,713,328,802,450
850,2,711,424,869,718
850,1,713,328,802,450
851,2,711,425,869,718
851,1,714,328,802,449
852,2,711,425,869,718
852,1,714,328,803,449
853,2,711,425,869,718
853,1,715,327,803,449
854,2,712,425,869,718
854,1,715,327,803,449
855,2,712,425,869,717
855,1,715,327,802,449
856,2,712,425,869,717
856,1,715,327,802,450
857,2,712,425,869,717
857,1,715,327,802,450
858,2,712,425,869,717
858,1,715,326,802,450
859,2,712,426,869,717
859,1,715,326,802,450
860,2,712,426,869,717
860,1,715,326,801,450
861,2,712,426,869,717
861,1,715,326,801,449
862,2,712,426,869,717
862,1,715,326,801,449
863,2,712,427,869,717
863,1,715,326,801,449
864,2,712,427,869,717
864,1,715,326,801,449
865,2,711,426,869,717
865,1,714,325,802,450
866,1,714,325,802,450
866,2,711,427,869,717
867,2,711,426,869,717
867,1,714,325,801,451
868,2,711,426,869,717
868,1,714,326,802,451
869,2,711,426,869,717
869,1,714,326,801,451
870,2,711,426,869,717
870,1,714,326,801,450
871,2,711,426,868,717
871,1,713,326,801,450
872,2,711,426,869,717
872,1,713,326,801,450
873,2,711,426,869,718
873,1,713,327,802,450
874,2,711,427,869,718
874,1,712,327,803,451
875,2,710,427,868,718
875,1,710,328,804,451
876,2,710,427,868,717
876,1,709,328,805,453
877,2,710,427,868,717
877,1,707,329,806,451
878,2,710,428,868,717
878,1,706,330,806,453
879,2,710,427,869,718
879,1,705,331,807,454
880,2,710,427,869,717
880,1,704,332,808,454
881,2,710,426,869,717
881,1,703,333,809,453
882,2,710,426,869,717
882,1,702,334,809,454
883,2,710,426,869,718
883,1,701,335,810,454
884,2,709,426,868,717
884,1,700,336,810,454
885,2,709,426,868,717
885,1,699,337,810,454
886,2,708,426,868,717
886,1,699,337,810,454
887,2,708,426,868,717
887,1,698,337,811,454
888,2,708,425,868,717
888,1,698,338,811,454
889,2,708,425,867,717
889,1,698,338,811,454
890,2,708,425,867,717
890,1,698,338,811,455
891,2,708,425,867,717
891,1,698,339,812,453
892,2,708,425,867,717
892,1,698,339,811,454
893,1,698,339,811,453
893,2,708,426,867,717
894,2,708,426,867,717
894,1,698,339,811,454
895,1,698,339,812,454
895,2,709,427,868,717
896,2,709,427,868,717
896,1,699,340,812,453
897,1,699,340,812,453
897,2,709,428,868,717
898,2,710,429,869,717
898,1,699,340,812,452
899,2,710,429,869,717
899,1,699,341,813,452
900,2,710,430,868,717
900,1,699,341,813,452
901,2,710,430,869,717
901,1,698,340,813,458
902,1,698,340,813,458
902,2,710,431,869,717
903,2,710,432,869,717
903,1,699,340,814,457
904,2,710,433,869,717
904,1,699,340,814,456
905,2,711,434,869,717
905,1,699,340,814,455
906,2,711,434,869,717
906,1,699,340,814,457
907,2,711,435,869,717
907,1,699,340,814,458
908,2,711,435,869,717
908,1,699,340,815,458
909,2,712,435,869,717
909,1,699,340,815,459
910,2,712,435,870,717
910,1,700,340,815,460
911,2,712,435,870,717
911,1,700,340,815,459
912,2,712,435,869,717
912,1,700,340,815,459
913,2,712,436,869,717
913,1,699,340,815,460
914,2,712,436,869,717
914,1,700,340,816,460
915,2,712,436,870,717
915,1,700,340,816,459
916,2,712,436,870,717
916,1,700,340,817,459
917,2,712,436,870,717
917,1,700,340,817,459
918,2,712,436,870,717
918,1,700,341,817,457
919,2,712,436,870,717
919,1,701,341,817,455
920,2,712,436,870,718
920,1,700,341,817,459
921,2,712,436,870,717
921,1,700,341,817,462
922,2,712,436,870,717
922,1,700,341,817,465
923,2,712,436,870,717
923,1,700,342,817,466
924,2,712,436,870,718
924,1,700,342,817,466
925,2,712,436,871,718
925,1,700,342,817,470
926,2,712,436,871,718
926,1,700,342,817,470
927,2,713,436,871,718
927,1,700,342,817,470
928,2,713,435,871,718
928,1,700,342,817,469
929,2,713,435,871,718
929,1,700,341,817,466
930,2,713,434,871,717
930,1,701,341,817,468
931,2,713,434,871,716
931,1,701,341,818,464
932,2,713,434,872,716
932,1,701,341,818,463
933,2,713,433,871,716
933,1,701,341,818,463
934,2,713,434,872,716
934,1,701,342,818,463
935,1,701,342,818,463
935,2,713,434,871,716
936,2,714,434,872,717
936,1,701,342,818,465
937,2,713,434,872,717
937,1,701,343,818,466
938,2,713,434,872,717
938,1,700,343,818,465
939,2,713,434,872,717
939,1,700,343,818,465
940,2,714,434,872,717
940,1,700,343,818,467
941,2,714,433,872,717
941,1,700,343,818,471
942,2,714,432,872,717
942,1,700,343,818,472
943,2,714,432,872,717
943,1,700,343,817,469
944,2,714,431,871,717
944,1,699,343,817,470
945,1,699,343,817,469
945,2,713,429,871,717
946,2,713,429,871,717
946,1,699,343,817,473
947,2,713,428,871,717
947,1,699,343,817,472
948,2,713,428,872,717
948,1,699,343,817,470
949,2,713,428,872,716
949,1,699,343,818,466
950,2,713,427,872,717
950,1,699,344,818,471
951,2,713,427,872,717
951,1,699,344,818,475
952,2,713,427,873,717
952,1,699,344,818,476
953,2,713,427,873,717
953,1,699,344,817,476
954,2,713,426,873,717
954,1,699,343,817,478
955,2,713,426,873,717
955,1,699,343,817,477
956,2,713,426,873,717
956,1,699,343,817,477
957,2,713,426,874,717
957,1,700,342,817,477
958,2,713,426,873,717
958,1,700,342,817,477
959,2,713,426,873,717
959,1,700,341,817,474
960,2,713,427,873,718
960,1,700,341,817,472
961,2,714,427,873,717
961,1,700,341,817,479
962,2,713,427,873,718
962,1,700,341,816,479
963,2,713,427,873,717
963,1,700,340,816,478
964,2,713,428,873,717
964,1,700,340,816,476
965,2,713,428,873,717
965,1,701,340,816,470
966,2,714,428,873,717
966,1,701,340,816,471
967,2,714,429,872,717
967,1,701,339,816,472
968,2,714,430,872,717
968,1,700,339,816,473
969,2,714,430,872,717
969,1,700,339,816,476
970,2,714,430,872,717
970,1,700,338,817,476
971,2,714,431,872,717
971,1,700,338,817,477
972,2,714,431,872,717
972,1,700,338,817,478
973,2,714,432,872,717
973,1,701,338,817,480
974,2,714,433,872,717
974,1,700,337,817,482
975,2,714,433,872,717
975,1,700,337,818,482
976,2,714,434,872,717
976,1,700,337,818,481
977,2,715,434,872,717
977,1,701,337,818,479
978,1,701,337,818,479
978,2,715,434,872,717
979,2,715,435,872,717
979,1,701,338,818,477
980,2,714,435,872,717
980,1,700,338,818,475
981,2,714,435,872,717
981,1,700,338,818,475
982,2,714,435,872,717
982,1,700,339,818,473
983,2,714,435,872,717
983,1,700,339,818,471
984,2,714,435,872,717
984,1,700,340,818,471
985,2,714,435,872,717
985,1,700,339,818,473
986,1,700,339,818,473
986,2,713,436,872,717
987,2,712,436,872,717
987,1,700,340,818,475
988,2,711,436,872,717
988,1,699,340,819,477
989,2,710,437,872,717
989,1,699,340,819,476
990,1,699,340,819,476
990,2,710,437,871,717
991,2,709,437,872,717
991,1,699,340,819,475
992,2,709,438,872,717
992,1,699,340,819,473
993,2,709,438,872,717
993,1,699,341,819,476
994,2,709,438,872,717
994,1,699,341,819,475
995,2,709,438,872,716
995,1,699,341,819,474
996,2,709,438,872,716
996,1,699,340,819,470
997,2,709,437,871,716
997,1,699,340,819,472
998,2,709,437,871,716
998,1,699,340,818,470
999,2,709,437,871,716
999,1,699,340,818,472
1000,2,709,437,871,716
1000,1,699,340,818,469
1001,2,709,437,871,716
1001,1,700,341,818,468
1002,2,709,437,871,716
1002,1,699,340,818,469
1003,2,709,437,871,716
1003,1,699,340,817,471
1004,1,699,340,817,472
1004,2,709,436,871,716
1005,2,709,436,871,717
1005,1,699,340,817,471
1006,2,709,436,871,716
1006,1,699,340,817,469
1007,2,708,436,871,716
1007,1,700,340,817,468
1008,2,709,436,871,716
1008,1,700,340,817,468
1009,2,708,436,871,716
1009,1,700,340,817,468
1010,2,708,436,871,716
1010,1,700,340,817,464
1011,2,708,436,871,716
1011,1,700,340,817,463
1012,2,709,436,871,716
1012,1,700,340,818,462
1013,2,708,434,871,717
1013,1,700,340,818,461
1014,1,700,340,818,461
1014,2,708,436,871,716
1015,2,708,434,871,716
1015,1,700,340,818,459
1016,2,708,435,871,716
1016,1,700,340,818,458
1017,2,708,435,871,716
1017,1,700,340,818,457
1018,2,708,435,871,716
1018,1,700,340,818,459
1019,2,708,435,871,716
1019,1,700,340,818,457
1020,2,708,435,871,716
1020,1,700,340,818,458
1021,1,701,340,818,457
1021,2,708,434,870,716
1022,1,700,340,818,457
1022,2,708,436,870,716
1023,1,700,340,818,457
1023,2,709,434,870,717
1024,1,700,340,818,457
1024,2,708,436,870,716
1025,1,700,340,818,457
1025,2,708,435,870,716
1026,2,708,435,870,716
1026,1,700,340,818,456
1027,2,708,435,870,716
1027,1,700,340,818,456
1028,2,708,435,870,716
1028,1,700,340,819,456
1029,2,708,435,870,716
1029,1,700,340,819,459
1030,2,708,435,870,717
1030,1,699,340,819,461
1031,2,708,434,870,717
1031,1,700,339,819,460
1032,2,708,434,870,717
1032,1,699,339,819,463
1033,2,708,434,871,717
1033,1,700,340,819,461
1034,2,708,434,871,717
1034,1,700,340,819,462
1035,2,708,434,871,717
1035,1,700,340,819,460
1036,2,708,434,870,717
1036,1,700,340,819,461
1037,2,708,434,870,717
1037,1,700,340,819,460
1038,2,708,434,870,717
1038,1,700,340,819,459
1039,2,708,434,870,717
1039,1,700,340,819,459
1040,2,708,434,870,717
1040,1,700,340,819,459
1041,2,708,434,870,717
1041,1,700,340,819,460
1042,2,708,434,870,717
1042,1,699,340,819,461
1043,2,708,434,870,717
1043,1,699,340,819,461
1044,2,708,434,870,717
1044,1,700,340,819,459
1045,2,708,434,870,717
1045,1,700,340,819,459
1046,2,708,434,870,717
1046,1,699,340,819,460
1047,2,708,434,870,717
1047,1,699,340,818,458
1048,2,708,433,869,717
1048,1,699,340,819,459
1049,1,699,340,819,459
1049,2,708,433,870,717
1050,2,708,433,869,717
1050,1,699,340,819,459
1051,2,708,433,870,717
1051,1,699,340,819,457
1052,2,708,433,870,715
1052,1,698,340,818,468
1053,2,708,432,870,715
1053,1,698,340,818,461
1054,2,708,432,870,715
1054,1,699,340,818,458
1055,2,708,432,870,715
1055,1,699,340,818,458
1056,2,708,432,870,715
1056,1,699,341,818,455
1057,2,708,432,870,716
1057,1,699,341,818,457
1058,2,708,432,870,715
1058,1,699,341,818,459
1059,2,708,432,870,716
1059,1,699,341,818,458
1060,2,708,432,870,716
1060,1,699,341,818,461
1061,2,708,432,870,716
1061,1,699,341,819,461
1062,2,708,431,870,716
1062,1,699,341,818,463
1063,1,699,341,819,463
1063,2,708,430,870,716
1064,2,708,430,870,716
1064,1,699,341,819,465
1065,2,708,430,870,716
1065,1,699,341,819,464
1066,2,708,430,870,716
1066,1,699,341,819,463
1067,2,708,430,870,716
1067,1,699,341,819,463
1068,2,708,429,870,716
1068,1,699,342,819,460
1069,2,708,429,870,717
1069,1,699,342,819,462
1070,2,708,429,870,715
1070,1,699,342,819,459
1071,2,708,429,870,716
1071,1,699,342,819,462
1072,2,707,428,870,716
1072,1,698,342,819,465
1073,2,708,428,871,715
1073,1,698,342,819,469
1074,2,707,427,871,715
1074,1,698,342,819,474
1075,2,708,428,871,715
1075,1,698,342,819,470
1076,2,707,428,871,716
1076,1,698,342,819,465
1077,2,707,429,870,716
1077,1,698,342,818,462
1078,2,707,429,871,717
1078,1,698,342,818,458
1079,2,707,429,871,717
1079,1,698,342,818,459
1080,2,707,428,872,717
1080,1,697,342,818,458
1081,2,706,428,871,717
1081,1,697,342,818,460
1082,2,706,428,871,717
1082,1,697,342,817,458
1083,2,706,428,871,717
1083,1,697,342,818,459
1084,2,706,428,871,717
1084,1,697,342,817,459
1085,2,706,428,871,717
1085,1,697,342,818,461
1086,2,706,428,871,717
1086,1,697,342,818,462
1087,2,706,428,871,717
1087,1,697,342,818,458
1088,2,706,428,871,717
1088,1,697,342,818,458
1089,2,706,428,871,717
1089,1,697,342,818,458
1090,2,706,427,872,717
1090,1,697,342,818,457
1091,1,697,342,818,457
1091,2,706,427,872,717
1092,2,706,426,874,717
1092,1,697,342,818,459
1093,2,706,426,875,717
1093,1,697,342,818,456
1094,2,706,426,877,717
1094,1,697,342,818,459
1095,2,706,426,878,717
1095,1,697,342,818,459
1096,2,706,426,879,717
1096,1,696,343,817,460
1097,2,706,427,879,717
1097,1,696,343,817,458
1098,2,706,427,879,717
1098,1,697,343,818,458
1099,2,706,427,878,717
1099,1,697,343,818,456
1100,2,706,426,876,717
1100,1,697,343,818,459
1101,2,706,426,875,717
1101,1,696,343,817,457
1102,1,696,343,818,456
1102,2,706,426,873,717
1103,2,706,426,872,717
1103,1,697,343,818,456
1104,2,706,426,872,717
1104,1,697,343,818,455
1105,2,706,426,871,717
1105,1,697,343,817,455
1106,1,697,343,817,455
1106,2,706,425,871,717
1107,2,705,425,871,717
1107,1,697,343,817,457
1108,2,705,425,871,717
1108,1,696,343,817,458
1109,2,705,425,871,717
1109,1,696,343,817,458
1110,2,705,425,871,717
1110,1,696,343,817,459
1111,2,705,425,872,717
1111,1,696,344,817,456
1112,2,705,425,872,717
1112,1,696,344,817,456
1113,2,705,425,872,717
1113,1,697,344,816,454
1114,2,705,425,872,717
1114,1,697,344,816,453
1115,2,705,425,872,717
1115,1,697,344,816,453
1116,2,705,425,872,717
1116,1,697,344,816,452
1117,2,705,424,872,717
1117,1,697,343,815,453
1118,2,705,424,873,718
1118,1,697,343,815,454
1119,2,705,424,874,718
1119,1,697,343,814,454
1120,2,705,424,874,717
1120,1,696,342,814,454
1121,2,705,424,873,717
1121,1,696,342,814,456
1122,1,696,342,814,456
1122,2,705,425,872,718
1123,2,705,425,871,718
1123,1,695,342,814,458
1124,2,705,425,870,718
1124,1,696,342,814,457
1125,2,705,425,870,718
1125,1,696,342,814,455
1126,2,705,425,869,717
1126,1,696,342,814,455
1127,2,705,425,869,718
1127,1,696,342,814,457
1128,2,705,425,868,718
1128,1,695,342,814,457
1129,2,705,424,869,718
1129,1,696,342,814,459
1130,1,695,342,814,459
1130,2,705,424,868,718
1131,2,705,424,868,718
1131,1,695,342,814,457
1132,2,705,423,868,718
1132,1,695,342,813,456
1133,2,705,423,868,718
1133,1,695,342,813,455
1134,2,705,423,868,718
1134,1,695,342,813,456
1135,2,705,422,868,718
1135,1,695,342,813,455
1136,2,705,423,868,718
1136,1,695,342,814,454
1137,2,705,422,868,718
1137,1,695,342,814,455
1138,2,705,422,868,718
1138,1,695,342,813,455
1139,2,705,422,868,718
1139,1,696,342,813,454
1140,2,705,422,868,718
1140,1,696,342,813,455
1141,2,705,423,868,718
1141,1,696,342,814,456
1142,2,705,423,868,718
1142,1,696,342,813,459
1143,2,706,423,868,718
1143,1,695,341,814,458
1144,2,706,423,868,718
1144,1,695,341,814,460
1145,2,705,423,868,718
1145,1,695,341,814,456
1146,2,705,423,868,718
1146,1,696,341,814,453
1147,2,705,423,868,718
1147,1,695,341,814,453
1148,2,705,423,868,718
1148,1,695,341,814,453
1149,2,705,422,868,718
1149,1,695,341,814,454
1150,2,705,422,868,718
1150,1,695,341,814,454
1151,2,705,422,867,718
1151,1,694,341,814,458
1152,2,705,421,868,718
1152,1,694,341,814,458
1153,2,705,422,867,718
1153,1,694,341,815,457
1154,2,705,421,867,718
1154,1,694,341,814,459
1155,2,705,421,867,718
1155,1,694,341,814,461
1156,2,705,421,867,718
1156,1,694,341,813,460
1157,2,705,421,867,718
1157,1,694,340,814,457
1158,2,705,421,867,718
1158,1,695,341,813,454
1159,2,704,421,867,718
1159,1,694,340,813,453
1160,2,704,421,867,718
1160,1,694,340,813,453
1161,2,704,422,867,718
1161,1,693,340,813,455
1162,2,704,422,867,718
1162,1,693,340,813,453
1163,2,704,422,867,718
1163,1,693,340,813,454
1164,2,704,421,867,718
1164,1,694,340,813,452
1165,2,704,421,867,718
1165,1,694,340,813,451
1166,2,704,421,867,718
1166,1,694,340,813,453
1167,2,704,421,867,718
1167,1,694,340,813,455
1168,2,704,421,867,718
1168,1,693,340,813,456
1169,2,704,421,866,718
1169,1,694,340,813,455
1170,2,704,421,866,718
1170,1,694,340,813,455
1171,2,704,421,866,719
1171,1,694,340,812,451
1172,2,704,421,867,718
1172,1,694,340,812,448
1173,2,704,421,867,719
1173,1,694,340,813,450
1174,2,704,421,866,718
1174,1,693,340,812,451
1175,2,704,421,866,718
1175,1,694,340,813,451
1176,1,694,340,813,451
1176,2,704,421,866,718
1177,2,704,420,866,718
1177,1,693,340,813,453
1178,2,704,420,866,718
1178,1,693,340,813,454
1179,2,704,421,866,719
1179,1,693,340,813,456
1180,2,704,421,866,719
1180,1,693,340,813,458
1181,2,703,421,866,718
1181,1,693,340,813,460
1182,2,703,421,866,718
1182,1,693,339,813,464
1183,2,703,421,866,718
1183,1,693,339,813,465
1184,2,703,421,866,718
1184,1,693,339,813,466
1185,2,703,421,866,719
1185,1,693,339,813,462
1186,2,703,421,866,719
1186,1,693,339,813,464
1187,2,703,420,866,719
1187,1,693,339,813,463
1188,2,703,420,866,718
1188,1,693,339,813,460
1189,2,703,420,866,719
1189,1,693,339,813,462
1190,2,703,420,866,719
1190,1,693,339,813,463
1191,2,703,420,866,719
1191,1,693,339,813,463
1192,2,703,420,866,718
1192,1,693,339,813,462
1193,2,703,419,866,719
1193,1,693,339,813,465
1194,2,703,419,866,719
1194,1,693,339,813,464
1195,2,703,419,866,719
1195,1,693,339,813,464
1196,2,703,419,866,719
1196,1,693,338,813,465
1197,2,703,420,866,719
1197,1,693,338,813,465
1198,2,703,420,866,719
1198,1,693,338,813,464
1199,2,703,419,866,719
1199,1,693,338,813,465
1200,2,703,419,866,718
1200,1,693,338,813,461
1201,2,703,419,866,718
1201,1,695,338,814,452
1202,2,704,419,866,718
1202,1,695,338,814,450
1203,2,704,418,866,718
1203,1,695,338,814,448
1204,2,704,418,866,718
1204,1,694,338,813,452
1205,2,704,418,866,718
1205,1,694,338,813,453
1206,2,704,418,866,718
1206,1,694,338,813,454
1207,2,704,418,866,718
1207,1,693,339,813,460
1208,2,704,418,866,718
1208,1,693,339,813,461
1209,2,704,418,866,718
1209,1,693,340,813,465
1210,2,704,418,866,718
1210,1,693,340,813,466
1211,2,704,419,866,718
1211,1,693,340,813,470
1212,2,704,419,866,718
1212,1,693,340,813,468
1213,2,704,419,866,719
1213,1,693,340,813,470
1214,2,704,419,866,718
1214,1,693,340,813,469
1215,2,703,419,866,719
1215,1,693,340,813,469
1216,2,703,420,865,719
1216,1,692,340,812,469
1217,2,703,420,865,719
1217,1,692,339,812,467
1218,2,703,420,865,719
1218,1,692,339,812,467
1219,2,702,420,865,718
1219,1,692,339,812,469
1220,2,702,420,865,718
1220,1,692,339,812,472
1221,2,702,420,865,718
1221,1,692,339,812,471
1222,2,702,420,864,718
1222,1,692,339,812,470
1223,2,702,420,864,719
1223,1,692,339,812,469
1224,2,702,421,864,719
1224,1,691,339,812,469
1225,2,702,421,864,719
1225,1,691,339,812,467
1226,2,701,421,864,719
1226,1,691,339,812,467
1227,2,701,421,864,719
1227,1,691,339,812,465
1228,2,701,420,863,719
1228,1,691,339,811,465
1229,2,701,421,863,719
1229,1,691,339,811,464
1230,2,701,420,863,719
1230,1,691,340,811,461
1231,2,701,420,863,719
1231,1,691,340,810,460
1232,2,701,420,862,719
1232,1,690,340,810,458
1233,2,701,420,862,719
1233,1,690,340,811,460
1234,2,700,420,862,719
1234,1,690,340,811,464
1235,2,700,420,862,719
1235,1,690,340,811,465
1236,2,700,420,862,719
1236,1,690,339,811,462
1237,2,700,420,862,719
1237,1,690,339,810,464
1238,2,700,420,862,719
1238,1,689,339,810,463
1239,2,700,420,862,719
1239,1,690,338,810,461
1240,2,700,420,862,719
1240,1,689,339,809,463
1241,2,700,420,862,719
1241,1,689,339,810,462
1242,2,700,420,862,719
1242,1,689,340,810,462
1243,2,700,421,862,719
1243,1,689,340,810,461
1244,2,700,420,862,719
1244,1,689,340,810,466
1245,2,700,420,862,719
1245,1,689,339,809,463
1246,2,700,420,862,719
1246,1,689,339,809,463
1247,2,700,421,862,719
1247,1,689,340,810,463
1248,2,699,421,861,719
1248,1,689,340,809,462
1249,2,699,421,861,719
1249,1,689,339,809,461
1250,2,699,421,861,719
1250,1,689,339,809,461
1251,2,699,421,861,719
1251,1,689,339,809,460
1252,2,699,421,861,719
1252,1,689,339,809,463
1253,1,690,339,809,463
1253,2,699,421,861,719
1254,2,699,421,861,719
1254,1,689,339,809,465
1255,2,699,421,860,719
1255,1,689,339,809,464
1256,2,699,421,860,719
1256,1,689,339,809,465
1257,2,699,421,860,719
1257,1,689,339,808,465
1258,2,699,421,860,719
1258,1,689,339,808,466
1259,2,699,421,860,719
1259,1,689,338,808,468
1260,2,699,421,860,719
1260,1,689,338,808,465
1261,2,699,421,860,719
1261,1,689,338,808,464
1262,2,699,421,860,719
1262,1,689,338,807,464
1263,2,699,421,860,719
1263,1,689,337,807,464
1264,2,699,421,860,719
1264,1,689,337,807,463
1265,2,699,421,860,719
1265,1,689,337,807,466
1266,2,699,421,860,719
1266,1,689,337,807,466
1267,2,699,421,860,719
1267,1,689,337,807,466
1268,2,699,420,860,719
1268,1,689,337,806,465
1269,2,699,420,860,719
1269,1,689,337,806,462
1270,2,699,420,860,719
1270,1,690,337,806,464
1271,2,699,420,860,719
1271,1,690,337,806,466
1272,2,699,420,860,719
1272,1,690,337,806,460
1273,2,699,420,860,719
1273,1,690,337,806,460
1274,2,699,420,860,719
1274,1,690,337,806,457
1275,2,699,420,860,719
1275,1,690,337,806,456
1276,2,699,420,860,719
1276,1,690,337,806,456
1277,2,699,420,860,719
1277,1,690,336,806,456
1278,2,699,420,860,719
1278,1,691,337,806,454
1279,2,699,420,860,719
1279,1,690,337,806,458
1280,2,699,420,860,719
1280,1,690,336,806,462
1281,2,699,420,860,719
1281,1,690,336,806,464
1282,2,699,420,859,719
1282,1,690,336,806,462
1283,2,699,421,859,719
1283,1,690,336,805,461
1284,2,699,421,859,719
1284,1,690,336,805,463
1285,2,699,420,859,719
1285,1,689,336,806,466
1286,2,698,421,859,719
1286,1,689,336,806,466
1287,2,698,421,859,719
1287,1,689,336,806,463
1288,2,698,421,858,719
1288,1,689,336,806,456
1289,2,698,421,858,719
1289,1,689,336,806,452
1290,2,698,421,858,719
1290,1,689,336,806,452
1291,2,698,421,858,719
1291,1,688,336,806,453
1292,2,698,421,858,719
1292,1,688,337,806,454
1293,2,698,421,858,719
1293,1,688,337,806,455
1294,2,698,421,857,719
1294,1,688,337,806,455
1295,2,698,421,857,719
1295,1,688,337,806,454
1296,2,698,421,857,719
1296,1,688,337,806,454
1297,2,698,421,857,719
1297,1,688,337,806,455
1298,2,697,421,857,719
1298,1,687,337,806,460
1299,2,697,421,857,719
1299,1,687,337,806,460
1300,2,697,420,857,719
1300,1,687,337,806,469
1301,2,697,421,857,719
1301,1,687,337,806,472
1302,2,697,421,857,719
1302,1,686,337,806,470
1303,2,697,421,857,719
1303,1,686,338,805,469
1304,2,697,421,857,719
1304,1,686,338,805,471
1305,2,697,420,857,719
1305,1,686,338,805,468
1306,2,697,420,857,719
1306,1,686,338,805,466
1307,2,697,420,857,719
1307,1,686,338,805,460
1308,2,697,420,857,719
1308,1,686,338,805,460
1309,2,697,420,857,720
1309,1,687,338,805,455
1310,2,697,421,857,720
1310,1,686,337,805,457
1311,2,697,421,857,720
1311,1,686,337,805,457
1312,2,697,421,857,720
1312,1,686,336,805,460
1313,2,697,421,857,720
1313,1,686,336,805,463
1314,2,696,421,857,720
1314,1,687,336,804,461
1315,2,696,421,857,720
1315,1,686,336,805,461
1316,2,697,421,857,720
1316,1,687,335,804,463
1317,2,697,421,857,720
1317,1,687,335,804,462
1318,2,697,421,857,720
1318,1,686,335,805,466
1319,2,697,421,857,720
1319,1,686,334,805,466
1320,2,697,421,857,720
1320,1,686,334,805,467
1321,2,697,421,857,720
1321,1,686,335,805,467
1322,2,697,421,857,720
1322,1,686,335,805,467
1323,2,697,421,857,720
1323,1,686,335,805,466
1324,2,697,421,857,720
1324,1,686,335,805,464
1325,2,697,421,857,719
1325,1,686,336,805,461
1326,2,697,421,857,720
1326,1,686,336,805,462
1327,2,697,421,857,719
1327,1,686,336,805,461
1328,2,697,421,857,720
1328,1,686,336,806,460
1329,2,697,421,857,720
1329,1,686,336,806,460
1330,2,697,421,857,720
1330,1,686,336,806,460
1331,2,697,421,857,720
1331,1,686,336,806,461
1332,2,696,421,857,720
1332,1,686,336,805,461
1333,2,697,421,857,720
1333,1,686,336,805,464
1334,2,697,421,857,720
1334,1,686,336,805,464
1335,2,697,421,857,720
1335,1,686,336,805,464
1336,2,696,421,857,720
1336,1,686,337,805,464
1337,2,696,422,857,720
1337,1,686,337,805,463
1338,1,686,337,805,463
1338,2,696,422,857,720
1339,2,696,422,857,720
1339,1,686,337,804,464
1340,2,696,421,857,720
1340,1,686,337,804,465
1341,2,696,421,857,720
1341,1,686,337,804,466
1342,2,697,421,857,720
1342,1,686,337,804,466
1343,2,697,422,857,720
1343,1,686,337,804,466
1344,2,696,421,856,720
1344,1,686,336,804,463
1345,2,697,421,857,720
1345,1,686,336,804,460
1346,2,697,421,857,720
1346,1,686,336,804,461
1347,2,697,422,857,720
1347,1,686,336,804,466
1348,2,697,421,857,720
1348,1,686,335,804,466
1349,2,697,421,857,720
1349,1,686,335,804,465
1350,2,697,421,857,720
1350,1,686,335,804,466
1351,2,697,421,857,719
1351,1,686,335,804,462
1352,2,697,422,856,720
1352,1,687,334,804,465
1353,2,697,422,856,720
1353,1,687,334,804,463
1354,2,697,421,856,720
1354,1,687,334,804,463
1355,2,698,421,856,720
1355,1,687,334,804,463
1356,2,698,421,856,720
1356,1,687,334,804,463
1357,2,698,421,857,720
1357,1,687,334,805,463
1358,2,698,421,857,720
1358,1,687,335,805,462
1359,2,698,421,857,720
1359,1,687,335,805,466
1360,2,698,421,857,720
1360,1,687,335,805,463
1361,2,698,421,857,720
1361,1,687,335,805,458
1362,2,698,421,857,720
1362,1,687,335,805,456
1363,2,698,421,857,720
1363,1,687,335,805,453
1364,2,698,421,857,720
1364,1,687,335,805,454
1365,2,698,421,857,720
1365,1,687,335,805,457
1366,2,698,421,857,720
1366,1,687,335,806,460
1367,2,698,421,857,719
1367,1,687,335,806,461
1368,2,698,421,857,719
1368,1,688,335,806,461
1369,2,698,421,858,719
1369,1,687,335,806,464
1370,2,698,421,857,719
1370,1,687,336,806,465
1371,2,698,421,857,719
1371,1,687,336,806,464
1372,2,698,421,857,719
1372,1,687,336,806,462
1373,2,698,421,857,719
1373,1,687,336,806,462
1374,2,698,421,857,720
1374,1,687,336,806,462
1375,2,698,421,857,720
1375,1,687,336,806,461
1376,2,698,421,857,720
1376,1,687,337,806,460
1377,2,698,421,857,720
1377,1,687,336,806,461
1378,2,698,421,857,720
1378,1,687,336,806,461
1379,2,698,421,857,719
1379,1,687,336,806,462
1380,2,698,421,858,719
1380,1,687,336,806,462
1381,2,698,421,858,719
1381,1,687,336,806,463
1382,2,698,421,858,719
1382,1,687,335,806,464
1383,2,698,421,858,719
1383,1,687,335,806,464
1384,2,698,421,859,719
1384,1,688,335,806,465
1385,2,698,421,859,719
1385,1,688,335,806,464
1386,2,699,420,859,719
1386,1,688,335,806,466
1387,2,699,420,860,719
1387,1,688,335,806,465
1388,2,699,420,860,719
1388,1,688,335,806,465
1389,2,699,420,860,719
1389,1,689,334,807,464
1390,2,699,420,860,719
1390,1,689,334,807,462
1391,2,699,420,860,719
1391,1,689,334,807,462
1392,2,699,419,861,719
1392,1,689,334,807,463
1393,2,699,419,861,719
1393,1,689,334,808,462
1394,2,699,419,861,719
1394,1,689,334,808,464
1395,2,699,419,861,719
1395,1,689,333,808,464
1396,2,699,419,861,719
1396,1,689,333,808,463
1397,2,699,419,861,719
1397,1,689,333,808,461
1398,2,699,419,861,719
1398,1,690,333,808,460
1399,2,699,419,861,719
1399,1,690,333,808,462
1400,2,699,419,861,719
1400,1,690,334,808,463
1401,2,699,420,861,719
1401,1,690,334,808,462
1402,2,699,420,861,719
1402,1,689,334,809,465
1403,2,699,420,861,719
1403,1,689,334,808,465
1404,2,699,420,861,719
1404,1,689,334,808,463
1405,2,699,420,861,720
1405,1,689,334,808,462
1406,2,699,420,860,719
1406,1,689,334,808,463
1407,2,699,421,860,719
1407,1,689,334,808,465
1408,2,699,421,860,719
1408,1,689,334,808,466
1409,2,699,421,860,719
1409,1,689,334,808,468
1410,2,699,421,860,719
1410,1,689,334,808,467
1411,2,699,420,860,719
1411,1,689,334,808,464
1412,2,699,420,860,719
1412,1,689,334,808,458
1413,2,699,420,860,719
1413,1,689,334,808,462
1414,2,699,420,860,719
1414,1,688,334,808,464
1415,2,699,419,860,719
1415,1,688,335,807,462
1416,2,698,419,860,719
1416,1,688,335,807,462
1417,2,698,419,860,719
1417,1,688,335,807,461
1418,2,698,419,860,719
1418,1,688,335,807,461
1419,2,698,419,860,719
1419,1,688,335,807,461
1420,2,698,420,860,719
1420,1,688,335,808,461
1421,2,698,420,860,719
1421,1,688,335,808,463
1422,2,698,419,860,719
1422,1,688,335,808,463
1423,2,698,419,860,719
1423,1,688,335,808,462
1424,2,698,419,859,719
1424,1,688,335,807,460
1425,2,698,419,859,719
1425,1,687,334,807,459
1426,2,698,420,859,719
1426,1,688,334,807,457
1427,2,698,420,859,719
1427,1,687,334,807,456
1428,1,687,334,807,456
1428,2,698,420,859,719
1429,2,698,420,858,720
1429,1,687,334,807,461
1430,2,697,420,858,720
1430,1,686,334,807,462
1431,2,697,420,857,720
1431,1,686,334,807,466
1432,2,697,419,857,720
1432,1,686,334,806,465
1433,2,697,420,857,720
1433,1,686,334,806,464
1434,2,697,420,857,720
1434,1,686,335,806,463
1435,1,686,335,806,463
1435,2,696,419,856,720
1436,2,696,419,856,720
1436,1,685,335,806,464
1437,2,696,420,856,720
1437,1,685,335,805,465
1438,2,696,420,855,720
1438,1,685,335,805,466
1439,1,685,335,805,466
1439,2,696,420,855,720
1440,2,695,420,855,720
1440,1,685,335,805,466
1441,2,695,420,855,720
1441,1,685,335,803,463
1442,2,695,420,855,720
1442,1,685,335,803,462
1443,2,695,420,855,720
1443,1,685,335,802,464
1444,2,695,419,855,720
1444,1,684,335,802,467
1445,2,695,419,854,720
1445,1,684,335,802,468
1446,2,695,419,854,720
1446,1,684,335,801,469
1447,2,694,418,854,720
1447,1,684,335,801,470
1448,2,694,419,854,720
1448,1,685,335,802,469
1449,2,694,419,854,720
1449,1,684,335,803,469
1450,2,694,419,854,720
1450,1,684,335,803,468
1451,2,694,419,854,720
1451,1,684,335,803,470
1452,2,694,419,854,720
1452,1,684,335,803,471
1453,2,694,419,854,720
1453,1,685,335,803,470
1454,2,694,419,854,720
1454,1,685,335,803,471
1455,2,694,419,855,720
1455,1,685,335,803,469
1456,2,694,419,854,720
1456,1,685,335,803,469
1457,2,695,419,855,720
1457,1,685,334,803,466
1458,2,695,419,855,720
1458,1,685,334,803,463
1459,2,695,419,855,720
1459,1,685,334,804,464
1460,2,695,419,855,720
1460,1,685,334,804,467
1461,2,695,419,855,720
1461,1,685,334,804,468
1462,2,695,419,855,720
1462,1,685,335,804,468
1463,2,695,418,855,720
1463,1,685,335,804,467
1464,2,696,419,855,720
1464,1,685,335,804,468
1465,2,696,419,855,720
1465,1,686,335,804,466
1466,2,696,419,855,720
1466,1,685,335,804,467
1467,2,696,419,855,720
1467,1,685,335,804,466
1468,2,696,419,856,720
1468,1,686,335,804,466
1469,2,696,419,856,720
1469,1,686,335,805,466
1470,2,696,420,856,720
1470,1,685,335,804,463
1471,2,696,420,856,720
1471,1,685,335,804,465
1472,2,696,420,856,720
1472,1,686,335,804,462
1473,2,696,420,856,720
1473,1,686,335,805,463
1474,2,696,420,856,720
1474,1,686,335,805,462
1475,2,696,420,856,720
1475,1,686,335,805,462
1476,2,696,420,856,720
1476,1,686,335,805,462
1477,2,696,420,856,720
1477,1,686,335,804,460
1478,2,696,420,856,720
1478,1,686,335,805,460
1479,2,696,420,856,720
1479,1,686,335,804,462
1480,2,696,420,856,720
1480,1,686,335,804,462
1481,2,696,420,856,720
1481,1,686,335,804,462
1482,2,696,421,856,720
1482,1,686,335,804,463
1483,2,696,420,856,720
1483,1,686,335,804,463
1484,2,696,420,856,720
1484,1,686,335,804,462
1485,2,696,420,856,720
1485,1,686,335,803,461
1486,2,696,420,855,720
1486,1,686,335,804,461
1487,2,696,420,856,720
1487,1,686,335,804,462
1488,2,695,420,855,720
1488,1,686,335,804,462
1489,2,695,420,855,720
1489,1,686,335,804,463
1490,2,695,420,855,720
1490,1,686,335,804,464
1491,1,686,335,804,464
1491,2,694,421,855,720
1492,2,694,420,855,720
1492,1,686,335,803,465
1493,2,694,420,855,720
1493,1,685,335,803,467
1494,2,694,421,854,720
1494,1,685,335,803,468
1495,2,694,420,854,720
1495,1,685,335,803,470
1496,2,694,420,854,720
1496,1,685,335,802,469
1497,2,694,420,854,720
1497,1,685,335,802,471
1498,2,694,420,854,720
1498,1,685,335,801,472
1499,2,694,420,854,720
1499,1,685,335,801,471
1500,2,693,420,854,720
1500,1,685,335,801,471
1501,2,694,420,854,720
1501,1,685,335,800,471
1502,2,694,420,854,720
1502,1,684,335,801,473
1503,2,694,420,853,720
1503,1,684,335,801,477
1504,2,694,420,853,720
1504,1,684,335,801,475
1505,2,694,420,853,720
1505,1,684,336,801,477
1506,2,693,420,853,719
1506,1,684,336,801,468
1507,2,693,420,853,719
1507,1,684,336,801,470
1508,2,693,420,853,719
1508,1,684,336,801,471
1509,2,693,421,853,719
1509,1,684,335,801,476
1510,2,693,421,853,719
1510,1,684,335,801,473
1511,1,684,335,801,473
1511,2,693,421,853,719
1512,2,693,421,852,719
1512,1,684,335,802,476
1513,2,693,421,852,719
1513,1,684,335,801,471
1514,2,693,421,852,719
1514,1,684,335,801,470
1515,2,693,421,852,719
1515,1,684,335,801,471
1516,2,693,420,852,719
1516,1,684,335,801,477
1517,2,692,420,852,719
1517,1,684,335,801,477
1518,2,693,420,852,720
1518,1,684,335,801,474
1519,2,693,420,853,720
1519,1,684,335,801,472
1520,2,693,420,853,720
1520,1,684,335,801,472
1521,2,693,420,853,720
1521,1,684,335,801,470
1522,2,693,420,853,720
1522,1,684,335,801,472
1523,2,693,420,853,719
1523,1,684,335,801,470
1524,2,693,420,853,719
1524,1,684,336,801,469
1525,2,693,420,853,720
1525,1,684,336,801,472
1526,2,693,420,853,720
1526,1,684,336,801,473
1527,2,693,420,853,720
1527,1,684,336,801,474
1528,2,693,420,853,720
1528,1,684,336,801,475
1529,2,693,420,853,720
1529,1,684,336,801,477
1530,2,693,420,853,720
1530,1,684,336,801,476
1531,2,693,420,852,720
1531,1,684,336,800,472
1532,2,693,420,852,720
1532,1,684,336,800,474
1533,2,693,420,852,720
1533,1,684,336,800,472
1534,2,693,421,852,720
1534,1,684,336,800,472
1535,2,693,421,852,720
1535,1,684,336,800,474
1536,2,693,421,852,720
1536,1,684,336,800,473
1537,2,693,421,852,720
1537,1,684,336,800,472
1538,2,693,420,852,720
1538,1,683,336,800,473
1539,2,693,420,852,720
1539,1,683,336,800,473
1540,1,683,336,800,473
1540,2,693,420,852,720
1541,2,693,420,852,720
1541,1,683,336,800,475
1542,2,693,419,852,720
1542,1,684,336,800,473
1543,2,693,419,852,720
1543,1,683,336,800,476
1544,2,693,420,852,720
1544,1,684,336,800,470
1545,2,693,419,852,720
1545,1,684,335,800,475
1546,2,693,419,852,720
1546,1,684,335,800,473
1547,2,693,419,852,720
1547,1,684,336,799,473
1548,2,693,419,852,720
1548,1,684,335,799,471
1549,2,693,419,852,720
1549,1,684,335,799,473
1550,2,693,419,851,720
1550,1,684,335,799,474
1551,2,693,419,851,720
1551,1,684,334,799,474
1552,2,693,419,852,720
1552,1,684,334,799,474
1553,2,693,418,852,720
1553,1,684,334,799,473
1554,2,693,418,852,720
1554,1,684,333,799,475
1555,2,693,418,852,720
1555,1,684,333,799,476
1556,2,693,418,852,720
1556,1,684,333,798,477
1557,2,693,418,852,719
1557,1,684,332,798,476
1558,2,693,418,852,719
1558,1,684,332,798,475
1559,2,693,419,852,719
1559,1,684,331,798,479
1560,2,693,419,852,719
1560,1,685,331,797,474
1561,2,693,419,852,719
1561,1,685,330,797,471
1562,2,693,419,852,719
1562,1,685,330,797,469
1563,2,693,419,852,719
1563,1,686,330,797,466
1564,2,693,419,852,719
1564,1,686,329,796,463
1565,2,693,419,853,719
1565,1,686,329,796,463
1566,2,693,418,853,719
1566,1,686,328,796,460
1567,2,694,418,853,719
1567,1,687,328,796,460
1568,2,694,418,853,719
1568,1,689,328,795,456
1569,2,694,418,853,718
1569,1,689,328,795,454
1570,2,694,418,853,718
1570,1,689,327,795,453
1571,2,694,418,853,718
1571,1,690,326,794,449
1572,2,694,418,853,718
1572,1,690,326,794,449
1573,2,694,418,853,718
1573,1,691,325,794,449
1574,2,694,418,853,718
1574,1,691,325,793,448
1575,2,694,418,852,718
1575,1,692,324,793,445
1576,2,694,418,852,718
1576,1,693,324,793,445
1577,2,694,419,853,718
1577,1,693,323,792,443
1578,2,694,418,853,718
1578,1,693,323,792,442
1579,2,694,418,853,718
1579,1,694,323,791,443
1580,2,694,418,853,718
1580,1,694,323,791,444
1581,2,694,417,853,718
1581,1,695,323,791,444
1582,2,694,417,853,718
1582,1,695,322,791,444
1583,2,694,417,853,718
1583,1,695,322,791,445
1584,2,694,417,853,718
1584,1,695,322,791,444
1585,2,694,417,853,719
1585,1,695,321,791,443
1586,2,694,417,853,719
1586,1,696,321,791,440
1587,2,695,417,854,719
1587,1,697,321,790,440
1588,2,694,417,853,719
1588,1,697,321,790,438
1589,2,694,417,853,719
1589,1,697,321,790,437
1590,2,694,416,854,719
1590,1,697,321,789,437
1591,2,694,416,854,718
1591,1,697,320,789,435
1592,2,694,416,854,718
1592,1,697,320,788,434
1593,2,694,416,854,718
1593,1,697,320,788,434
1594,2,694,416,854,718
1594,1,697,320,789,433
1595,2,694,416,854,718
1595,1,697,320,788,434
1596,2,694,417,854,718
1596,1,697,320,788,433
1597,2,694,417,854,718
1597,1,698,319,788,432
1598,2,694,417,854,718
1598,1,698,319,788,431
1599,2,694,417,854,718
1599,1,698,319,788,432
1600,2,694,418,854,718
1600,1,698,319,789,431
1601,2,694,418,854,718
1601,1,697,319,789,431
1602,2,694,418,854,718
1602,1,697,319,790,431
1603,2,694,418,854,719
1603,1,697,319,790,430
1604,2,694,418,854,718
1604,1,698,319,790,431
1605,2,694,418,854,718
1605,1,698,319,790,431
1606,2,694,418,854,718
1606,1,697,319,790,430
1607,2,694,418,854,718
1607,1,697,319,790,431
1608,2,694,418,854,718
1608,1,697,319,791,431
1609,2,695,418,854,718
1609,1,697,319,791,430
1610,2,695,417,854,718
1610,1,697,319,792,432
1611,2,695,417,854,718
1611,1,698,320,791,432
1612,2,695,417,854,718
1612,1,698,320,792,431
1613,2,695,417,853,718
1613,1,697,320,792,432
1614,2,695,417,853,718
1614,1,696,320,792,433
1615,2,695,417,853,719
1615,1,696,321,793,432
1616,2,697,417,853,718
1616,1,696,322,793,432
1617,1,696,322,793,432
1617,2,698,418,853,718
1618,2,700,417,853,718
1618,1,695,322,794,432
1619,2,701,417,853,718
1619,1,694,323,794,434
1620,2,703,417,853,718
1620,1,688,324,796,460
1621,2,703,417,853,718
1621,1,686,324,796,464
1622,2,703,417,853,719
1622,1,686,325,797,467
1623,2,703,418,853,718
1623,1,685,325,797,466
1624,2,704,418,853,719
1624,1,686,326,798,461
1625,2,704,419,852,719
1625,1,685,326,799,465
1626,2,705,419,852,719
1626,1,685,326,799,462
1627,2,705,419,852,719
1627,1,685,327,799,461
1628,2,705,420,852,719
1628,1,684,328,800,463
1629,2,704,420,852,719
1629,1,684,328,799,460
1630,1,684,328,799,460
1630,2,704,421,852,719
1631,2,703,421,852,718
1631,1,684,329,800,460
1632,2,702,421,852,718
1632,1,684,329,800,460
1633,2,702,421,852,718
1633,1,684,329,800,461
1634,2,701,422,852,718
1634,1,683,329,800,461
1635,2,701,422,852,718
1635,1,683,329,800,463
1636,2,701,422,852,719
1636,1,683,329,800,464
1637,2,701,422,852,719
1637,1,683,330,800,463
1638,2,701,422,852,719
1638,1,683,330,800,465
1639,2,701,422,852,719
1639,1,683,331,800,465
1640,2,701,421,852,719
1640,1,684,332,801,463
1641,2,701,421,852,719
1641,1,683,331,801,467
1642,2,701,421,852,718
1642,1,683,331,801,467
1643,2,701,420,852,718
1643,1,683,331,801,466
1644,2,702,420,852,718
1644,1,683,332,802,466
1645,2,702,420,852,719
1645,1,683,332,802,464
1646,2,702,419,852,718
1646,1,683,333,802,462
1647,2,702,420,852,719
1647,1,683,333,802,464
1648,2,703,420,851,718
1648,1,683,334,802,464
1649,2,703,420,851,719
1649,1,683,334,802,464
1650,2,703,420,852,719
1650,1,684,335,803,463
1651,2,703,420,852,719
1651,1,683,335,804,463
1652,2,705,421,852,719
1652,1,685,335,804,463
1653,2,705,422,852,719
1653,1,684,334,804,465
1654,2,705,422,852,719
1654,1,685,334,804,462
1655,2,705,422,852,719
1655,1,684,335,804,464
1656,2,705,423,852,719
1656,1,684,335,804,468
1657,2,705,423,852,719
1657,1,684,336,804,470
1658,2,705,423,852,719
1658,1,685,336,806,469
1659,2,705,423,852,719
1659,1,685,337,806,470
1660,2,705,423,852,719
1660,1,685,337,806,469
1661,2,704,423,852,719
1661,1,685,337,806,470
1662,2,704,423,852,719
1662,1,685,337,806,470
1663,2,704,424,852,719
1663,1,685,337,806,469
1664,2,704,423,852,719
1664,1,685,338,806,469
1665,1,685,337,807,468
1665,2,705,423,853,719
1666,2,704,423,854,719
1666,1,685,337,807,468
1667,2,705,423,855,720
1667,1,686,337,808,467
1668,2,705,423,856,720
1668,1,687,337,808,466
1669,1,687,337,808,467
1669,2,705,424,856,719
1670,2,706,423,856,719
1670,1,687,337,808,463
1670,4,708,424,858,616
1671,2,706,423,856,719
1671,4,708,425,858,616
1671,1,687,338,808,462
1672,2,706,423,856,718
1672,4,708,425,858,617
1672,1,687,338,808,461
1673,2,706,424,856,718
1673,4,708,426,858,618
1673,1,687,338,807,452
1674,2,706,424,856,718
1674,4,708,426,858,619
1674,1,687,339,807,447
1675,2,706,425,856,719
1675,4,708,427,858,620
1675,1,686,339,807,458
1676,2,706,425,856,718
1676,4,708,428,858,621
1676,1,686,340,807,451
1677,1,686,340,807,451
1677,4,708,428,858,621
1677,2,705,426,856,718
1678,2,705,426,856,718
1678,4,708,428,858,621
1678,1,687,340,807,451
1679,2,705,425,856,718
1679,4,708,428,858,621
1679,1,687,340,807,453
1680,2,705,425,857,718
1680,1,687,340,807,452
1681,2,704,425,857,718
1681,1,688,340,807,454
1682,1,688,340,807,453
1682,2,705,425,858,718
1683,2,705,425,858,718
1683,4,708,428,859,621
1683,1,688,339,807,455
1684,4,709,428,860,621
1684,2,705,425,859,718
1684,1,689,339,807,451
1685,2,705,425,860,718
1685,4,709,427,860,621
1685,1,689,339,807,456
1686,2,705,425,860,718
1686,4,709,427,861,620
1686,1,689,339,807,455
1687,4,709,427,861,620
1687,2,706,425,861,718
1687,1,689,339,808,458
1688,4,710,428,862,620
1688,2,707,426,861,718
1688,1,689,339,808,456
1689,2,707,426,862,718
1689,4,711,428,862,620
1689,1,690,339,809,455
1690,1,690,339,809,456
1690,4,712,429,863,620
1690,2,709,427,862,718
1691,2,708,428,863,718
1691,4,711,430,863,620
1691,1,691,339,810,458
1692,4,712,430,864,620
1692,2,709,428,864,718
1692,1,691,339,810,457
1693,2,710,428,864,719
1693,4,713,429,864,620
1693,1,691,340,811,454
1694,2,710,428,865,719
1694,4,713,429,864,620
1694,1,692,340,811,454
1695,1,692,340,811,454
1695,4,713,429,864,620
1695,2,710,427,865,718
1696,2,710,426,865,718
1696,4,713,428,864,619
1696,1,693,339,811,455
1697,2,711,425,865,718
1697,4,714,426,865,619
1697,1,693,338,812,445
1698,2,711,425,866,718
1698,4,714,426,865,618
1698,1,693,337,812,443
1699,2,710,424,866,718
1699,4,714,425,865,618
1699,1,693,337,812,440
1700,2,711,423,866,718
1700,4,714,424,865,617
1700,1,693,336,812,444
1701,4,714,424,866,617
1701,2,711,423,866,718
1701,1,693,336,813,444
1702,2,712,423,866,718
1702,4,715,424,866,617
1702,1,693,335,813,445
1703,4,716,424,866,618
1703,2,713,423,867,717
1703,1,694,335,813,443
1704,2,714,424,867,716
1704,1,694,336,814,446
1705,2,714,425,869,717
1705,1,693,338,813,455
1706,2,716,426,870,716
1706,1,696,338,815,445
1707,2,720,426,871,717
1707,1,696,340,817,450
1708,2,720,427,872,717
1708,1,696,341,818,468
1709,2,720,427,872,717
1709,1,697,341,818,482
1710,2,721,428,873,717
1710,1,697,342,819,482
1711,2,721,428,873,716
1711,1,697,342,820,480
1712,2,722,427,873,716
1712,1,697,342,821,481
1713,2,722,427,875,716
1713,1,698,342,822,480
1714,2,722,427,875,716
1714,1,699,342,822,478
1715,2,722,426,875,717
1715,1,699,341,823,466
1716,2,722,425,876,716
1716,1,699,341,823,468
1717,2,722,425,876,717
1717,1,699,341,823,471
1718,2,723,424,877,717
1718,1,699,341,824,468
1719,2,722,424,877,717
1719,1,699,340,823,462
1720,2,722,423,877,717
1720,1,699,340,823,463
1721,2,721,422,876,717
1721,1,700,339,823,465
1722,2,721,422,876,717
1722,1,699,339,822,465
1723,2,720,422,876,717
1723,1,699,338,821,468
1724,2,719,421,874,717
1724,1,698,337,820,467
1725,2,719,420,873,717
1725,1,697,338,816,454
1726,2,717,421,872,718
1726,1,694,337,814,465
1727,2,715,420,871,718
1727,1,694,336,815,456
1728,2,715,420,870,718
1728,1,694,335,814,456
1729,2,712,418,869,718
1729,1,693,335,813,450
1730,2,711,418,869,718
1730,1,694,335,813,450
1731,2,710,417,869,718
1731,1,694,334,813,447
1732,2,711,417,869,718
1732,1,693,334,812,452
1733,2,711,416,869,718
1733,1,694,334,813,453
1734,2,712,416,870,718
1734,1,694,335,813,447
1735,1,694,334,813,447
1735,2,713,415,870,718
1736,2,711,415,870,718
1736,1,694,334,812,440
1737,2,711,415,869,718
1737,1,694,334,812,449
1738,2,712,414,871,718
1738,1,694,334,812,453
1739,2,712,415,872,718
1739,1,695,334,813,458
1740,2,713,415,873,718
1740,1,696,334,814,451
1741,2,712,414,873,718
1741,1,696,333,814,456
1742,2,712,414,873,719
1742,1,695,333,813,458
1743,2,712,414,873,719
1743,1,695,333,813,455
1744,2,712,413,872,718
1744,1,695,333,813,454
1745,2,711,413,870,718
1745,1,694,332,812,456
1746,2,709,413,869,718
1746,1,693,333,811,455
1747,2,707,413,867,718
1747,1,691,333,809,460
1748,2,707,413,866,718
1748,1,689,333,809,467
1749,2,706,414,866,718
1749,1,689,334,808,466
1750,2,706,414,865,718
1750,1,689,334,808,459
1751,2,706,415,864,718
1751,1,689,334,807,449
1752,2,705,415,864,718
1752,1,688,335,806,460
1753,2,704,416,862,719
1753,1,686,335,806,458
1754,2,702,417,861,719
1754,1,685,336,805,453
1755,2,701,417,860,718
1755,1,684,336,803,451
1756,2,700,417,859,719
1756,1,685,336,803,448
1757,2,699,417,858,719
1757,1,684,336,802,451
1758,2,699,416,857,719
1758,1,684,335,800,445
1759,2,699,415,856,718
1759,1,684,335,800,447
1760,2,700,413,857,718
1760,1,684,334,802,465
1761,2,702,413,860,718
1761,1,684,334,803,470
1762,2,703,412,860,718
1762,1,684,334,805,471
1763,2,703,412,861,717
1763,1,684,334,805,471
1764,2,702,412,859,718
1764,1,684,333,804,470
1765,2,701,412,858,718
1765,1,684,333,802,467
1766,2,701,411,858,718
1766,1,684,333,802,467
1767,2,701,412,859,718
1767,1,684,333,803,470
1768,2,701,412,859,718
1768,1,684,333,803,470
1769,2,701,412,858,718
1769,1,684,333,802,467
1770,2,701,411,857,718
1770,1,684,333,802,463
1771,2,700,412,856,719
1771,1,684,332,801,452
1772,2,700,412,856,718
1772,1,684,332,801,452
1773,2,700,412,857,718
1773,1,684,332,802,456
1774,2,700,412,857,718
1774,1,684,332,802,451
1775,2,700,411,858,718
1775,1,685,332,801,449
1776,2,701,411,858,718
1776,1,685,332,800,441
1777,2,701,410,859,718
1777,1,685,331,802,449
1778,2,703,410,860,717
1778,1,685,330,803,460
1779,2,703,410,861,717
1779,1,685,330,804,464
1780,2,704,410,862,716
1780,1,686,330,805,461
1781,2,704,409,863,716
1781,1,688,329,805,461
1782,2,704,409,864,716
1782,1,688,329,805,456
1783,2,705,409,864,716
1783,1,689,328,806,456
1784,2,705,408,864,716
1784,1,688,328,805,449
1785,2,705,407,864,717
1785,1,689,328,805,448
1786,2,705,407,864,717
1786,1,688,328,805,452
1787,2,705,407,863,718
1787,1,688,328,804,448
1788,2,705,407,863,718
1788,1,688,327,806,461
1789,2,705,407,863,718
1789,1,688,327,805,451
1790,2,705,407,864,718
1790,1,689,326,806,463
1791,2,705,407,864,719
1791,1,689,326,808,462
1792,2,706,407,865,719
1792,1,689,326,808,464
1793,2,706,406,865,718
1793,1,689,326,808,467
1794,2,706,405,865,718
1794,1,690,325,808,455
1795,2,706,405,866,718
1795,1,690,325,808,452
1796,2,706,405,866,718
1796,1,691,325,809,449
1797,2,706,405,866,719
1797,1,691,325,810,444
1798,2,706,405,867,719
1798,1,692,325,810,441
1799,2,707,405,866,719
1799,1,692,325,810,447
1800,2,708,405,867,719
1800,1,693,325,810,445
1801,2,708,404,866,718
1801,1,692,325,809,437
1802,2,708,404,866,718
1802,1,693,325,809,434
1803,2,708,404,866,718
1803,1,693,325,810,433
1804,2,708,403,867,719
1804,1,693,325,811,431
1805,2,708,402,868,718
1805,1,693,324,812,431
1806,2,708,402,868,718
1806,1,694,324,812,435
1807,2,709,402,868,718
1807,1,694,324,812,440
1808,2,709,402,868,718
1808,1,694,324,812,443
1809,2,709,401,868,718
1809,1,693,324,813,457
1810,1,694,324,813,457
1810,2,710,402,869,718
1811,2,710,403,869,718
1811,1,694,324,814,459
1812,2,711,403,870,718
1812,1,695,323,814,464
1813,2,711,402,870,718
1813,1,695,323,814,466
1814,2,711,403,870,718
1814,1,695,323,814,466
1815,2,711,403,870,718
1815,1,695,322,814,466
1816,2,710,404,869,718
1816,1,695,323,814,466
1817,2,710,404,869,718
1817,1,695,323,814,465
1818,2,710,404,869,719
1818,1,695,323,814,460
1819,2,710,404,869,718
1819,1,695,323,813,460
1820,2,710,404,869,718
1820,1,695,323,813,456
1821,2,710,404,869,718
1821,1,695,323,813,458
1822,2,710,402,869,718
1822,1,695,322,813,463
1823,2,710,403,869,718
1823,1,695,322,813,460
1824,2,710,403,869,718
1824,1,695,322,813,460
1825,2,710,404,869,718
1825,1,695,322,813,459
1826,2,710,404,869,719
1826,1,695,322,813,461
1827,2,710,405,868,719
1827,1,695,322,813,461
1828,2,710,405,868,719
1828,1,694,322,812,461
1829,2,710,405,868,719
1829,1,694,322,812,462
1830,2,709,405,868,719
1830,1,695,323,813,466
1831,2,710,405,868,719
1831,1,695,323,813,463
1832,2,710,405,869,719
1832,1,695,323,814,460
1833,2,710,405,869,719
1833,1,695,323,815,464
1834,2,710,406,869,719
1834,1,695,324,815,464
1835,2,710,406,869,719
1835,1,696,324,815,466
1836,1,696,324,816,465
1836,2,711,406,870,719
1837,2,711,406,871,719
1837,1,696,324,816,464
1838,2,712,406,872,719
1838,1,696,325,816,462
1839,1,696,325,816,462
1839,2,712,407,872,720
1840,2,712,407,872,720
1840,1,697,325,817,464
1841,2,712,407,873,720
1841,1,697,325,817,465
1842,2,712,407,873,720
1842,1,697,324,817,464
1843,2,712,407,873,720
1843,1,697,324,818,468
1844,2,712,407,873,720
1844,1,698,324,818,467
1845,2,712,406,874,720
1845,1,698,324,819,465
1846,2,713,406,874,720
1846,1,698,323,820,462
1847,2,713,407,874,719
1847,1,699,324,820,461
1848,2,713,407,875,720
1848,1,699,324,821,460
1849,2,713,407,875,720
1849,1,699,324,821,460
1850,2,714,408,876,720
1850,1,699,324,821,458
1851,2,714,408,876,720
1851,1,700,324,821,455
1852,2,714,407,876,720
1852,1,699,324,821,453
1853,2,714,407,875,720
1853,1,699,325,821,456
1854,2,714,407,875,720
1854,1,699,325,821,457
1855,2,714,406,875,719
1855,1,699,325,821,456
1856,2,715,407,876,719
1856,1,699,325,821,451
1857,2,714,407,876,720
1857,1,699,325,821,448
1858,2,715,406,876,719
1858,1,699,325,821,438
1859,2,715,406,876,719
1859,1,700,325,821,444
1860,2,715,406,876,719
1860,1,700,325,821,437
1861,2,715,406,877,720
1861,1,700,325,821,436
1862,2,715,406,877,720
1862,1,700,325,821,435
1863,2,715,406,877,720
1863,1,700,325,822,431
1864,2,715,407,877,720
1864,1,700,325,822,430
1865,2,715,407,877,720
1865,1,700,325,822,432
1866,2,715,407,877,720
1866,1,700,325,822,432
1867,2,715,406,877,720
1867,1,700,325,822,433
1868,2,715,407,877,719
1868,1,700,325,822,436
1869,2,715,406,877,720
1869,1,700,325,821,436
1870,2,715,407,877,719
1870,1,700,325,822,446
1871,2,715,407,877,719
1871,1,700,325,822,448
1872,2,715,407,877,719
1872,1,700,325,822,450
1873,2,715,407,877,719
1873,1,700,325,823,446
1874,2,716,406,877,720
1874,1,700,325,823,445
1875,2,716,406,877,720
1875,1,701,325,823,439
1876,2,716,406,877,720
1876,1,701,325,823,439
1877,2,716,406,877,720
1877,1,701,325,822,439
1878,2,715,406,877,720
1878,1,700,325,822,438
1879,2,715,406,877,720
1879,1,700,325,822,446
1880,2,715,407,877,720
1880,1,700,325,822,446
1881,2,715,407,877,720
1881,1,700,325,822,448
1882,2,715,407,877,720
1882,1,700,325,822,451
1883,2,715,407,877,720
1883,1,700,325,821,453
1884,2,714,407,876,720
1884,1,700,326,822,454
1885,2,714,407,876,719
1885,1,700,326,822,454
1886,1,700,326,822,454
1886,2,714,407,876,719
1887,2,714,408,876,719
1887,1,700,326,822,451
1888,2,714,407,876,719
1888,1,700,326,821,454
1889,2,714,407,876,719
1889,1,700,326,820,456
1890,2,714,407,876,719
1890,1,700,326,820,455
1891,2,714,407,876,719
1891,1,699,326,820,456
1892,2,714,407,876,719
1892,1,700,326,821,456
1893,2,715,407,876,719
1893,1,700,326,821,454
1894,2,715,408,877,719
1894,1,700,325,821,453
1895,2,715,408,877,719
1895,1,700,325,821,455
1896,2,715,408,877,719
1896,1,700,325,821,452
1897,2,715,408,877,719
1897,1,700,325,821,451
1898,2,715,408,877,719
1898,1,700,324,821,450
1899,2,715,408,877,719
1899,1,701,324,822,452
1900,2,715,408,877,719
1900,1,701,324,821,453
1901,2,715,408,877,719
1901,1,702,323,822,449
1902,2,715,408,877,719
1902,1,702,323,821,456
1903,2,716,408,877,719
1903,1,702,323,821,454
1904,2,716,408,877,719
1904,1,702,322,821,459
1905,2,716,408,877,719
1905,1,702,322,821,459
1906,2,716,408,877,719
1906,1,702,321,821,459
1907,2,716,408,877,719
1907,1,702,321,820,460
1908,2,716,408,878,719
1908,1,702,321,820,462
1909,2,716,409,878,720
1909,1,703,321,820,464
1910,2,716,408,878,720
1910,1,702,321,819,463
1911,2,716,408,878,720
1911,1,702,321,819,464
1912,2,716,408,878,720
1912,1,702,321,819,463
1913,2,716,407,878,720
1913,1,702,321,817,463
1914,2,716,407,879,720
1914,1,702,320,815,462
1915,2,717,407,879,719
1915,1,703,320,814,464
1916,2,717,408,879,719
1916,1,703,320,812,463
1917,2,717,407,880,720
1917,1,703,319,811,463
1918,2,717,407,880,720
1918,1,703,319,809,462
1919,2,717,407,880,720
1919,1,704,319,808,461
1920,2,717,406,880,719
1920,1,704,319,808,459
1921,2,717,406,881,720
1921,1,704,319,807,456
1922,2,717,405,882,720
1922,1,704,319,807,454
1923,2,717,405,883,720
1923,1,704,319,807,455
1924,2,717,405,883,720
1924,1,705,318,806,456
1925,2,716,404,884,720
1925,1,706,318,806,453
1926,2,717,404,885,720
1926,1,706,318,806,452
1927,2,717,403,885,720
1927,1,706,318,806,451
1928,2,717,403,886,720
1928,1,707,317,806,451
1929,2,717,404,886,719
1929,1,708,317,806,448
1930,2,717,404,886,720
1930,1,706,317,806,450
1931,2,718,404,887,720
1931,1,705,318,806,454
1932,2,718,404,887,720
1932,1,704,318,806,454
1933,2,718,405,886,720
1933,1,704,318,807,456
1934,2,719,405,886,720
1934,1,704,318,807,458
1935,2,718,405,886,720
1935,1,704,319,807,460
1936,2,718,405,886,720
1936,1,704,318,807,458
1937,2,718,405,886,720
1937,1,704,318,807,455
1938,2,718,406,887,720
1938,1,704,318,807,457
1939,2,719,407,887,720
1939,1,704,317,807,458
1940,2,719,407,887,720
1940,1,705,317,806,457
1941,2,719,407,887,720
1941,1,705,317,806,457
1942,2,719,407,887,720
1942,1,705,317,806,459
1943,2,719,407,887,720
1943,1,705,317,807,460
1944,2,719,407,887,720
1944,1,706,317,807,458
1945,2,718,406,887,720
1945,1,706,317,807,458
1946,2,718,406,887,720
1946,1,706,318,807,457
1947,2,718,406,887,720
1947,1,706,317,806,458
1948,2,718,406,887,720
1948,1,706,318,806,457
1949,2,718,407,887,720
1949,1,706,317,806,458
1950,2,718,407,887,720
1950,1,706,318,806,457
1951,2,717,406,886,720
1951,1,705,318,806,462
1952,2,717,407,885,719
1952,1,703,318,805,470
1953,2,716,407,885,719
1953,1,703,318,805,469
1954,2,716,407,885,719
1954,1,703,318,804,469
1955,2,716,407,885,719
1955,1,703,318,805,473
1956,2,717,407,885,719
1956,1,703,318,806,477
1957,2,717,407,886,719
1957,1,703,319,805,477
1958,2,717,408,886,719
1958,1,703,319,805,473
1959,2,717,408,886,719
1959,1,703,319,805,474
1960,2,717,407,886,719
1960,1,703,319,805,472
1961,2,717,408,885,719
1961,1,703,320,806,475
1962,2,717,408,885,719
1962,1,703,320,806,473
1963,2,716,408,885,719
1963,1,702,320,806,473
1964,2,716,408,885,719
1964,1,703,320,805,471
1965,2,716,408,885,719
1965,1,702,320,805,469
1966,2,716,408,885,719
1966,1,702,320,805,468
1967,2,716,408,885,719
1967,1,703,319,805,468
1968,2,716,408,885,719
1968,1,704,319,805,466
1969,2,716,408,884,719
1969,1,704,319,805,461
1970,2,715,407,884,718
1970,1,703,319,804,464
1971,2,715,407,884,718
1971,1,703,320,804,464
1972,2,715,408,884,719
1972,1,703,320,804,464
1973,2,715,407,884,718
1973,1,702,320,804,463
1974,2,715,407,884,719
1974,1,702,320,804,463
1975,1,702,320,804,463
1975,2,715,407,883,718
1976,2,715,407,884,718
1976,1,703,319,804,464
1977,2,715,407,884,718
1977,1,703,319,804,464
1978,2,714,407,884,717
1978,1,702,319,804,467
1979,2,713,406,883,718
1979,1,701,319,803,466
1980,2,713,405,882,718
1980,1,702,319,803,465
1981,2,713,406,882,719
1981,1,701,319,802,463
1982,2,713,406,882,719
1982,1,701,319,802,464
1983,1,701,319,802,464
1983,2,713,404,882,718
1984,2,713,404,882,718
1984,1,701,319,803,463
1985,2,713,404,882,718
1985,1,701,320,803,464
1986,2,712,404,882,718
1986,1,701,320,803,465
1987,1,701,320,803,464
1987,2,713,405,883,718
1988,2,713,405,883,718
1988,1,701,321,804,463
1989,2,714,405,883,718
1989,1,701,321,803,463
1990,2,714,405,883,718
1990,1,701,321,803,463
1991,2,714,405,883,718
1991,1,701,323,803,463
1992,2,714,406,883,718
1992,1,701,323,803,463
1993,2,714,406,883,719
1993,1,701,324,804,463
1994,2,714,406,883,718
1994,1,701,324,804,464
1995,2,714,406,882,718
1995,1,701,324,803,464
1996,2,714,406,882,718
1996,1,701,325,803,464
1997,1,701,325,803,464
1997,2,713,406,882,718
1998,1,701,325,803,464
1998,2,712,405,881,718
1999,2,712,405,881,718
1999,1,701,325,803,464
2000,2,712,405,881,718
2000,1,701,325,803,464
2001,2,712,405,881,718
2001,1,700,325,803,465
2002,2,712,405,880,718
2002,1,700,324,803,463
2003,2,712,405,880,718
2003,1,700,324,803,462
2004,2,712,405,880,718
2004,1,700,324,802,463
2005,2,712,405,880,718
2005,1,699,324,802,465
2006,2,712,405,880,718
2006,1,699,324,801,465
2007,2,711,405,880,718
2007,1,699,323,802,465
2008,2,711,404,879,718
2008,1,699,323,802,464
2009,2,711,404,878,718
2009,1,699,322,800,464
2010,2,711,403,878,718
2010,1,699,322,800,460
2011,2,711,403,878,717
2011,1,699,322,800,462
2012,2,711,402,878,717
2012,1,699,321,800,460
2013,2,711,402,879,717
2013,1,699,320,800,460
2014,2,711,402,879,717
2014,1,699,319,800,460
2015,2,711,402,879,717
2015,1,699,318,801,460
2016,2,711,402,879,717
2016,1,699,317,801,459
2017,2,711,402,879,716
2017,1,699,316,801,459
2018,2,711,402,880,716
2018,1,699,316,802,460
2019,2,711,403,880,716
2019,1,699,316,801,460
2020,2,711,402,879,716
2020,1,698,316,801,462
2021,2,710,402,879,716
2021,1,698,315,801,464
2022,2,710,402,879,716
2022,1,698,315,801,462
2023,2,710,402,879,716
2023,1,698,314,802,460
2024,2,710,403,879,716
2024,1,698,314,803,463
2025,2,710,403,879,716
2025,1,697,314,804,465
2026,2,710,402,879,716
2026,1,697,314,804,462
2027,2,710,402,878,715
2027,1,696,314,805,465
2028,2,709,402,878,715
2028,1,695,313,805,463
2029,2,709,402,877,713
2029,1,694,313,806,452
2030,2,709,401,877,714
2030,1,694,312,806,454
2031,2,709,401,877,713
2031,1,694,313,807,451
2032,2,709,401,877,713
2032,1,694,313,807,449
2033,2,708,401,877,713
2033,1,694,313,807,448
2034,2,708,401,876,713
2034,1,694,313,807,450
2035,2,708,401,876,713
2035,1,694,312,807,459
2036,2,707,401,875,712
2036,1,693,312,807,470
2037,2,707,401,875,712
2037,1,693,312,807,469
2038,2,707,401,875,712
2038,1,693,312,807,474
2039,2,706,402,874,712
2039,1,692,312,807,473
2040,2,706,402,873,712
2040,1,692,313,807,473
2041,2,705,403,872,712
2041,1,691,314,805,452
2042,2,705,403,871,713
2042,1,691,315,805,448
2043,2,704,403,871,713
2043,1,690,316,805,449
2044,2,704,403,870,713
2044,1,690,316,805,450
2045,2,704,403,870,713
2045,1,689,316,804,447
2046,2,703,402,869,712
2046,1,689,316,804,451
2047,2,703,402,869,712
2047,1,688,316,804,452
2048,2,703,402,870,712
2048,1,689,317,805,448
2049,2,703,402,870,712
2049,1,688,316,806,456
2050,2,703,401,869,712
2050,1,688,316,806,456
2051,2,704,401,870,712
2051,1,688,315,806,457
2052,2,704,401,870,711
2052,1,689,315,806,460
2053,2,704,401,870,711
2053,1,689,315,807,452
2054,2,703,401,870,711
2054,1,689,315,807,451
2055,2,703,401,870,711
2055,1,689,316,806,441
2056,2,703,401,870,712
2056,1,688,316,807,453
2057,2,703,402,869,712
2057,1,689,317,807,445
2058,2,703,402,869,712
2058,1,688,317,807,443
2059,2,702,402,869,712
2059,1,688,318,806,442
2060,2,702,402,869,712
2060,1,689,318,806,435
2061,2,702,402,869,712
2061,1,689,318,806,435
2062,2,702,403,869,712
2062,1,690,319,806,434
2063,2,702,403,869,714
2063,1,689,319,806,439
2064,2,702,403,869,714
2064,1,690,319,807,442
2065,2,702,403,869,715
2065,1,690,319,806,442
2066,2,702,404,869,715
2066,1,692,320,806,439
2067,2,702,404,869,715
2067,1,694,320,806,439
2068,2,702,405,868,715
2068,1,696,320,807,437
2069,2,701,405,868,716
2069,1,696,321,806,436
2070,2,701,405,868,716
2070,1,695,321,806,435
2071,2,700,405,867,717
2071,1,693,322,805,437
2072,2,699,405,867,716
2072,1,694,322,805,436
2073,2,699,406,867,717
2073,1,693,323,805,440
2074,2,699,406,867,717
2074,1,692,323,805,447
2075,2,699,406,867,717
2075,1,691,323,805,451
2076,2,699,406,866,717
2076,1,690,324,806,456
2077,2,699,405,866,718
2077,1,688,324,806,460
2078,2,699,406,864,717
2078,1,687,325,805,462
2079,2,698,406,863,718
2079,1,687,326,804,455
2080,2,697,406,862,719
2080,1,687,326,803,456
2081,2,697,406,862,719
2081,1,687,327,802,451
2082,2,697,407,862,719
2082,1,687,327,801,453
2083,2,697,407,862,719
2083,1,686,327,801,459
2084,2,697,407,862,719
2084,1,685,328,803,468
2085,2,697,407,862,719
2085,1,685,329,803,466
2086,2,697,407,863,720
2086,1,685,330,803,465
2087,2,697,407,863,720
2087,1,686,330,803,462
2088,2,697,408,863,720
2088,1,686,331,803,462
2089,2,697,409,863,720
2089,1,686,331,803,461
2090,2,697,408,863,720
2090,1,686,331,803,460
2091,2,697,408,863,720
2091,1,686,331,803,459
2092,2,697,408,863,720
2092,1,686,331,803,458
2093,2,698,408,863,720
2093,1,686,331,803,457
2094,2,698,409,864,720
2094,1,687,332,804,456
2095,2,698,409,864,720
2095,1,687,332,804,456
2096,2,698,409,864,720
2096,1,686,332,804,456
2097,2,698,408,864,719
2097,1,687,332,804,455
2098,2,698,408,864,719
2098,1,687,332,803,456
2099,2,698,410,863,719
2099,1,687,333,803,454
2100,2,697,411,863,720
2100,1,687,333,803,455
2101,2,698,413,863,719
2101,1,685,334,804,461
2102,2,698,413,863,719
2102,1,685,334,804,462
2103,2,698,413,863,720
2103,1,685,334,804,459
2104,2,698,413,863,720
2104,1,685,334,803,458
2105,2,697,414,862,720
2105,1,684,335,802,457
2106,2,696,415,861,720
2106,1,684,334,801,454
2107,2,696,415,860,720
2107,1,683,335,801,455
2108,2,695,415,860,720
2108,1,682,335,801,457
2109,2,695,415,859,720
2109,1,682,335,801,456
2110,2,694,415,859,720
2110,1,682,335,801,457
2111,2,694,415,859,720
2111,1,682,335,801,457
2112,2,695,415,859,719
2112,1,683,335,800,456
2113,2,694,415,859,719
2113,1,682,335,801,457
2114,2,694,416,859,719
2114,1,682,335,800,456
2115,2,694,415,859,719
2115,1,683,335,800,456
2116,2,694,415,859,719
2116,1,683,335,800,456
2117,1,683,335,800,456
2117,2,694,415,859,719
2118,2,694,415,859,719
2118,1,683,335,800,456
2119,2,694,415,859,719
2119,1,683,335,800,455
2120,2,694,415,859,719
2120,1,682,335,800,455
2121,2,694,415,859,719
2121,1,683,335,800,453
2122,2,694,415,859,719
2122,1,683,335,800,454
2123,2,695,415,859,719
2123,1,683,335,800,454
2124,2,695,415,859,719
2124,1,682,335,800,454
2125,2,695,415,859,719
2125,1,682,335,800,454
2126,2,695,415,859,719
2126,1,682,336,800,453
2127,2,694,416,859,719
2127,1,683,336,801,453
2128,2,694,415,859,719
2128,1,683,336,801,453
2129,2,694,415,859,719
2129,1,683,336,800,453
2130,2,694,416,859,719
2130,1,684,336,800,452
2131,2,694,415,859,719
2131,1,683,336,800,454
2132,2,694,415,859,719
2132,1,683,336,800,454
2133,2,694,415,859,719
2133,1,683,336,800,455
2134,2,695,415,859,719
2134,1,683,336,801,455
2135,2,695,415,860,719
2135,1,683,336,801,456
2136,2,695,415,860,719
2136,1,683,336,801,454
2137,2,695,416,860,719
2137,1,683,336,802,453
2138,2,695,415,860,719
2138,1,683,336,802,453
2139,2,695,415,860,719
2139,1,683,336,801,453
2140,2,695,416,860,719
2140,1,683,336,801,454
2141,2,695,416,860,719
2141,1,683,336,802,455
2142,2,695,416,860,719
2142,1,684,336,802,456
2143,2,696,416,861,719
2143,1,685,337,802,456
2144,2,696,416,861,719
2144,1,685,336,802,457
2145,2,696,416,861,719
2145,1,685,335,801,456
2146,2,696,416,861,719
2146,1,685,334,801,457
2147,2,696,416,861,719
2147,1,685,334,801,456
2148,2,696,416,861,719
2148,1,685,333,801,456
2149,2,696,416,861,719
2149,1,685,332,802,455
2150,2,696,416,861,719
2150,1,685,331,801,454
2151,2,696,416,861,719
2151,1,685,331,802,454
2152,2,696,416,861,719
2152,1,685,330,801,453
2153,2,696,416,861,719
2153,1,686,330,801,452
2154,2,696,416,861,719
2154,1,686,329,802,451
2155,2,696,416,861,719
2155,1,686,329,801,451
2156,2,696,416,861,719
2156,1,687,329,801,451
2157,2,696,416,861,719
2157,1,687,328,801,452
2158,2,696,416,861,719
2158,1,688,327,800,450
2159,2,696,416,861,719
2159,1,689,326,800,449
2160,2,696,416,861,719
2160,1,689,326,800,448
2161,2,696,415,861,719
2161,1,689,325,800,448
2162,2,696,415,861,719
2162,1,690,324,800,448
2163,2,696,415,861,719
2163,1,690,323,799,446
2164,2,696,416,861,719
2164,1,690,323,799,446
2165,2,696,416,861,719
2165,1,691,322,799,446
2166,2,696,416,861,719
2166,1,691,321,798,445
2167,2,696,415,861,719
2167,1,691,321,797,445
2168,2,696,415,861,719
2168,1,692,320,797,444
2169,2,696,415,860,719
2169,1,693,320,796,444
2170,2,696,415,860,719
2170,1,693,319,796,444
2171,2,696,415,860,719
2171,1,693,319,797,444
2172,2,696,415,860,719
2172,1,693,319,795,445
2173,2,696,414,860,719
2173,1,693,318,796,444
2174,2,696,414,860,718
2174,1,693,318,796,444
2175,2,696,414,860,718
2175,1,693,318,796,444
2176,2,696,414,861,718
2176,1,693,318,796,444
2177,1,693,318,796,444
2177,2,696,414,861,718
2178,2,696,414,861,719
2178,1,693,318,796,444
2179,2,696,414,862,719
2179,1,693,318,797,444
2180,2,697,414,863,719
2180,1,693,318,797,446
2181,2,697,415,863,719
2181,1,692,318,798,448
2182,2,697,414,863,719
2182,1,692,318,798,448
2183,2,698,414,863,719
2183,1,693,318,798,447
2184,2,698,413,863,719
2184,1,694,318,798,448
2185,2,698,413,864,719
2185,1,695,318,798,448
2186,2,698,413,864,719
2186,1,696,318,799,448
2187,2,698,413,863,719
2187,1,696,317,799,446
2188,1,696,317,799,446
2188,2,698,412,863,719
2189,1,696,317,799,446
2189,2,698,412,862,719
2190,2,698,412,861,719
2190,1,697,317,798,445
2191,1,697,317,797,444
2191,2,698,412,859,719
2192,2,698,412,859,719
2192,1,697,317,797,446
2193,2,698,411,860,719
2193,1,696,317,795,447
2194,2,698,411,861,719
2194,1,697,317,795,447
2195,2,698,411,860,719
2195,1,697,317,794,446
2196,2,699,411,860,719
2196,1,697,317,793,447
2197,2,698,411,860,719
2197,1,697,318,793,445
2198,2,698,411,860,719
2198,1,697,318,791,445
2199,2,698,411,860,719
2199,1,696,318,791,447
2200,2,698,410,859,719
2200,1,697,318,790,446
2201,2,698,410,858,719
2201,1,696,318,790,446
2202,2,698,410,858,719
2202,1,696,318,789,446
2203,2,698,411,858,719
2203,1,696,319,788,445
2204,2,698,411,859,719
2204,1,697,319,788,444
2205,2,699,411,858,720
2205,1,696,319,788,446
2206,2,699,411,859,720
2206,1,697,318,788,446
2207,2,699,411,859,720
2207,1,697,319,789,445
2208,2,699,411,859,720
2208,1,697,319,789,445
2209,2,699,411,859,720
2209,1,697,319,789,445
2210,2,699,411,859,720
2210,1,698,319,790,445
2211,2,699,411,860,720
2211,1,697,319,791,444
2212,2,699,411,860,720
2212,1,697,319,791,447
2213,2,699,411,860,719
2213,1,697,319,791,445
2214,2,699,411,860,719
2214,1,696,320,790,445
2215,2,699,411,859,719
2215,1,696,320,790,442
2216,2,699,411,859,719
2216,1,696,320,790,441
2217,2,699,411,860,719
2217,1,696,320,791,444
2218,2,699,412,859,719
2218,1,696,320,791,445
2219,2,699,412,859,719
2219,1,697,321,791,444
2220,2,700,412,860,719
2220,1,697,321,791,437
2221,2,700,412,860,719
2221,1,698,321,791,437
2222,2,700,412,860,719
2222,1,698,321,791,442
2223,2,700,412,860,719
2223,1,698,321,791,438
2224,2,700,412,860,719
2224,1,698,322,791,442
2225,2,700,412,860,719
2225,1,698,322,791,444
2226,2,700,413,860,719
2226,1,697,322,792,446
2227,2,700,413,860,719
2227,1,698,322,792,444
2228,2,700,413,859,719
2228,1,698,322,792,445
2229,2,700,413,860,719
2229,1,698,323,792,439
2230,2,700,413,860,719
2230,1,698,323,792,440
2231,2,700,413,860,719
2231,1,698,323,792,441
2232,2,700,414,860,719
2232,1,700,323,792,437
2233,2,700,414,860,719
2233,1,701,323,792,438
2234,2,700,414,859,719
2234,1,702,322,792,439
2235,2,700,414,859,719
2235,1,704,323,792,440
2236,2,700,415,859,719
2236,1,705,322,792,445
2237,2,700,415,859,719
2237,1,706,323,792,443
2238,2,700,415,859,719
2238,1,706,323,792,442
2239,2,700,415,859,719
2239,1,707,323,792,443
2240,2,700,415,859,720
2240,1,706,323,792,441
2241,2,700,415,860,720
2241,1,707,323,792,440
2242,2,700,415,860,719
2242,1,706,323,792,440
2243,2,700,415,860,719
2243,1,706,323,792,440
2244,2,700,415,860,720
2244,1,705,323,792,440
2245,2,700,415,859,719
2245,1,705,323,792,441
2246,2,700,415,859,720
2246,1,706,323,792,443
2247,2,700,415,859,719
2247,1,704,323,793,442
2248,2,700,415,859,719
2248,1,704,323,792,442
2249,2,700,415,859,719
2249,1,704,324,792,438
2250,2,700,416,860,719
2250,1,704,324,792,435
2251,2,701,416,859,719
2251,1,703,324,792,438
2252,2,700,417,860,718
2252,1,702,325,791,435
2253,2,700,417,860,719
2253,1,702,325,792,439
2254,2,700,417,860,719
2254,1,702,325,792,440
2255,2,700,417,860,719
2255,1,702,325,792,439
2256,2,700,417,859,719
2256,1,702,325,792,438
2257,2,700,417,859,719
2257,1,702,325,791,438
2258,2,700,417,859,719
2258,1,702,325,791,435
2259,2,700,417,859,719
2259,1,702,325,791,436
2260,2,700,417,858,719
2260,1,702,325,790,437
2261,2,700,417,858,719
2261,1,703,325,790,439
2262,2,700,417,858,718
2262,1,703,325,790,439
2263,1,703,325,790,439
2263,2,700,417,858,718
2264,2,699,417,857,718
2264,1,703,325,790,440
2265,2,699,417,857,718
2265,1,704,325,790,440
2266,2,699,417,857,717
2266,1,704,325,790,441
2267,2,699,417,857,717
2267,1,704,325,790,441
2268,2,699,417,857,717
2268,1,705,325,789,441
2269,2,699,417,857,717
2269,1,704,325,790,442
2270,2,699,417,856,717
2270,1,705,324,790,442
2271,2,699,417,857,717
2271,1,705,324,790,442
2272,2,699,417,856,717
2272,1,705,324,790,441
2273,2,698,417,856,717
2273,1,705,324,790,442
2274,2,698,417,856,718
2274,1,705,324,790,441
2275,2,698,417,856,718
2275,1,704,324,790,441
2276,2,698,417,856,718
2276,1,703,324,790,441
2277,2,698,417,857,718
2277,1,704,324,790,439
2278,2,698,416,857,718
2278,1,703,324,790,438
2279,2,698,416,857,718
2279,1,703,324,790,438
2280,2,698,416,857,718
2280,1,703,324,790,438
2281,2,698,416,857,718
2281,1,702,324,790,438
2282,2,698,416,857,718
2282,1,702,324,790,437
2283,2,698,417,857,718
2283,1,702,324,790,436
2284,2,698,417,857,718
2284,1,702,324,790,435
2285,2,698,417,857,718
2285,1,701,324,790,434
2286,2,698,417,857,717
2286,1,701,324,790,434
2287,2,699,417,857,717
2287,1,701,323,790,434
2288,2,698,417,857,717
2288,1,701,324,790,435
2289,2,698,416,857,717
2289,1,701,324,790,435
2290,2,698,416,857,717
2290,1,701,324,790,435
2291,2,698,416,857,717
2291,1,700,323,790,436
2292,2,698,416,857,717
2292,1,700,323,790,435
2293,2,698,416,857,717
2293,1,700,323,790,434
2294,2,698,416,856,717
2294,1,700,323,790,434
2295,2,698,417,856,716
2295,1,700,323,790,436
2296,2,698,417,856,717
2296,1,700,323,790,435
2297,2,698,416,857,717
2297,1,700,322,790,435
2298,2,698,416,857,718
2298,1,701,322,790,436
2299,2,698,416,857,718
2299,1,701,322,790,434
2300,2,698,416,857,717
2300,1,701,322,790,433
2301,2,698,416,857,717
2301,1,700,322,789,433
2302,2,698,416,857,717
2302,1,700,322,789,434
2303,2,698,416,857,717
2303,1,700,322,789,436
2304,2,698,416,857,718
2304,1,700,322,789,436
2305,2,698,416,857,718
2305,1,701,321,790,441
2306,2,698,416,857,718
2306,1,701,321,790,442
2307,2,698,416,858,719
2307,1,701,321,790,441
2308,2,698,415,858,719
2308,1,701,321,789,436
2309,2,698,415,857,719
2309,1,701,320,790,431
2310,2,698,415,857,719
2310,1,701,321,790,433
2311,2,698,415,857,719
2311,1,700,320,789,433
2312,2,698,415,857,719
2312,1,700,320,790,431
2313,2,698,415,857,719
2313,1,700,320,790,432
2314,2,698,415,857,719
2314,1,701,320,790,435
2315,2,698,415,857,719
2315,1,701,320,790,436
2316,2,698,415,857,719
2316,1,701,320,791,435
2317,2,698,415,857,719
2317,1,701,320,790,437
2318,2,698,415,857,719
2318,1,700,320,790,434
2319,2,698,414,857,719
2319,1,700,320,790,433
2320,2,698,414,857,719
2320,1,700,320,790,433
2321,2,698,414,856,719
2321,1,700,320,790,432
2322,2,698,414,856,719
2322,1,700,320,790,434
2323,2,698,414,856,719
2323,1,700,320,790,434
2324,2,698,414,856,719
2324,1,700,320,790,430
2325,2,698,413,856,719
2325,1,700,319,790,432
2326,2,698,413,856,719
2326,1,700,319,790,431
2327,2,698,413,856,719
2327,1,700,319,790,436
2328,2,698,412,856,719
2328,1,699,319,790,438
2329,2,698,412,856,719
2329,1,699,319,790,434
2330,2,698,412,856,719
2330,1,699,319,789,433
2331,2,698,412,856,719
2331,1,699,319,789,432
2332,2,698,412,856,719
2332,1,699,319,788,437
2333,2,698,411,856,719
2333,1,699,319,789,447
2334,2,698,411,856,720
2334,1,699,319,790,440
2335,2,697,411,856,719
2335,1,699,318,790,443
2336,2,698,411,856,719
2336,1,699,318,790,441
2337,2,698,411,856,719
2337,1,699,318,790,438
2338,2,698,411,856,718
2338,1,699,318,790,437
2339,2,698,411,856,718
2339,1,699,318,789,435
2340,2,698,410,856,718
2340,1,699,318,789,436
2341,2,698,410,856,718
2341,1,699,318,788,436
2342,2,698,410,856,718
2342,1,699,318,789,436
2343,2,698,410,856,718
2343,1,699,318,790,436
2344,2,698,410,856,719
2344,1,700,317,790,438
2345,2,698,410,856,719
2345,1,700,317,790,442
2346,2,698,410,856,719
2346,1,700,317,790,442
2347,2,698,410,856,719
2347,1,700,317,789,438
2348,2,698,410,856,719
2348,1,700,317,789,435
2349,2,698,410,856,719
2349,1,699,317,789,436
2350,2,698,410,856,719
2350,1,700,317,789,438
2351,2,698,410,856,719
2351,1,699,317,789,435
2352,2,697,410,856,719
2352,1,699,317,789,433
2353,2,697,410,856,720
2353,1,699,316,788,432
2354,2,697,410,856,719
2354,1,699,316,788,432
2355,2,697,410,855,719
2355,1,698,316,788,434
2356,2,697,409,855,720
2356,1,699,316,787,434
2357,2,696,410,855,719
2357,1,699,316,787,434
2358,2,696,410,855,719
2358,1,699,316,787,434
2359,2,696,410,854,719
2359,1,699,316,786,433
2360,2,696,410,854,719
2360,1,698,316,786,432
2361,2,696,410,854,718
2361,1,698,316,786,430
2362,2,696,410,854,718
2362,1,698,315,786,431
2363,2,695,409,854,718
2363,1,698,315,786,432
2364,2,695,409,854,718
2364,1,698,315,786,435
2365,2,695,409,854,718
2365,1,698,315,786,434
2366,2,695,409,854,719
2366,1,697,314,785,438
2367,2,695,409,854,718
2367,1,697,314,786,440
2368,2,694,409,854,718
2368,1,698,314,786,439
2369,2,695,409,854,718
2369,1,698,314,785,437
2370,2,695,409,854,718
2370,1,698,314,785,438
2371,2,695,409,854,718
2371,1,698,314,785,437
2372,2,694,409,854,718
2372,1,698,314,785,436
2373,2,694,409,854,718
2373,1,698,313,785,434
2374,2,694,409,854,718
2374,1,698,313,785,432
2375,2,694,409,854,718
2375,1,697,313,786,430
2376,2,694,409,854,717
2376,1,697,312,786,427
2377,2,694,409,853,718
2377,1,697,312,786,428
2378,2,694,409,853,717
2378,1,696,312,785,425
2379,2,693,409,853,717
2379,1,696,312,785,426
2380,2,693,409,853,717
2380,1,696,312,785,427
2381,2,693,409,853,717
2381,1,696,312,785,430
2382,2,693,409,853,717
2382,1,696,312,786,431
2383,2,693,409,853,717
2383,1,695,312,785,434
2384,2,693,409,853,717
2384,1,695,312,785,430
2385,2,693,409,853,718
2385,1,695,311,785,431
2386,2,693,409,853,718
2386,1,695,311,785,432
2387,2,693,409,853,718
2387,1,695,311,785,435
2388,2,693,409,853,718
2388,1,696,311,785,433
2389,2,694,409,853,718
2389,1,697,312,785,435
2390,2,694,409,853,718
2390,1,696,312,786,437
2391,2,694,409,853,718
2391,1,696,312,786,438
2392,2,694,409,853,718
2392,1,696,312,786,437
2393,2,694,409,853,718
2393,1,696,312,786,435
2394,2,694,409,853,718
2394,1,697,312,786,433
2395,2,694,409,853,718
2395,1,697,313,786,429
2396,2,695,408,854,718
2396,1,697,313,786,430
2397,2,694,409,854,719
2397,1,697,313,786,432
2398,2,695,409,854,719
2398,1,697,313,786,434
2399,2,695,409,854,719
2399,1,697,313,786,439
2400,2,695,408,854,719
2400,1,697,313,786,445
2401,2,696,409,854,716
2401,1,698,313,784,451
2402,1,698,313,784,451
2402,2,696,409,854,718
2403,2,696,409,854,718
2403,1,698,313,784,451
2404,2,696,410,855,718
2404,1,698,313,784,450
2405,2,697,410,855,719
2405,1,698,313,785,440
2406,2,697,409,855,719
2406,1,699,313,785,446
2407,2,697,409,855,718
2407,1,699,313,785,446
2408,2,697,409,855,718
2408,1,699,313,785,451
2409,2,697,409,855,718
2409,1,699,313,785,454
2410,2,697,409,856,718
2410,1,699,313,786,454
2411,2,697,409,856,718
2411,1,699,313,786,453
2412,2,698,409,856,718
2412,1,699,313,786,452
2413,2,698,409,856,718
2413,1,699,313,787,453
2414,2,698,409,856,718
2414,1,699,314,788,454
2415,2,698,409,857,718
2415,1,700,314,787,454
2416,2,698,409,857,718
2416,1,700,314,788,452
2417,2,698,409,857,718
2417,1,700,314,788,452
2418,2,698,409,857,718
2418,1,700,314,788,451
2419,2,698,409,857,718
2419,1,700,314,789,451
2420,2,698,409,857,718
2420,1,700,314,788,445
2421,2,698,409,857,718
2421,1,700,314,788,451
2422,2,698,409,857,718
2422,1,700,314,789,453
2423,2,698,409,857,718
2423,1,700,314,788,441
2424,2,698,409,857,718
2424,1,700,314,788,442
2425,2,698,409,857,718
2425,1,700,314,788,430
2426,2,698,409,857,718
2426,1,700,314,788,440
2427,2,698,409,857,717
2427,1,699,314,788,441
2428,2,698,409,857,718
2428,1,699,314,789,451
2429,2,698,409,857,718
2429,1,699,314,788,453
2430,2,699,409,857,718
2430,1,698,313,789,454
2431,2,698,408,858,718
2431,1,698,313,789,453
2432,2,698,409,858,718
2432,1,698,313,788,452
2433,2,698,408,858,718
2433,1,698,313,789,451
2434,2,698,409,858,718
2434,1,698,313,789,452
2435,2,698,408,858,718
2435,1,698,313,789,450
2436,2,698,409,858,718
2436,1,698,312,789,450
2437,2,698,408,858,717
2437,1,699,313,789,440
2438,2,698,408,858,718
2438,1,698,313,789,441
2439,2,698,408,858,717
2439,1,698,312,788,449
2440,2,698,408,858,717
2440,1,698,312,789,418
2441,2,698,408,858,717
2441,1,698,312,789,420
2442,2,698,409,858,716
2442,1,698,312,789,417
2443,2,698,408,858,716
2443,1,697,312,789,415
2444,2,698,408,858,716
2444,1,697,312,788,415
2445,2,698,408,858,716
2445,1,697,312,788,416
2446,2,698,408,858,717
2446,1,697,312,788,416
2447,2,698,408,858,717
2447,1,696,312,789,432
2448,2,698,408,858,716
2448,1,697,312,789,429
2449,2,698,408,858,716
2449,1,698,312,789,419
2450,2,698,408,858,716
2450,1,698,312,788,423
2451,2,698,408,858,716
2451,1,698,312,788,417
2452,2,698,408,858,716
2452,1,698,312,788,422
2453,2,698,408,858,716
2453,1,698,312,788,418
2454,2,698,408,858,716
2454,1,699,312,788,418
2455,2,698,408,858,716
2455,1,699,312,788,414
2456,2,698,408,859,716
2456,1,700,312,788,415
2457,2,698,408,859,716
2457,1,700,313,788,415
2458,2,698,408,858,716
2458,1,699,313,788,417
2459,2,698,408,858,717
2459,1,699,313,788,416
2460,2,698,408,858,716
2460,1,698,313,788,413
2461,2,698,408,858,716
2461,1,698,313,788,414
2462,2,698,408,858,716
2462,1,698,313,788,415
2463,2,698,408,858,716
2463,1,698,313,788,416
2464,2,698,408,858,716
2464,1,697,313,788,423
2465,2,698,408,858,716
2465,1,697,313,788,428
2466,2,698,407,858,716
2466,1,697,313,788,439
2467,2,698,408,858,716
2467,1,698,313,788,434
2468,2,698,408,858,717
2468,1,698,313,788,438
2469,2,698,408,858,717
2469,1,698,313,789,439
2470,2,698,408,858,717
2470,1,698,313,789,441
2471,2,698,408,858,717
2471,1,698,313,789,440
2472,2,698,408,858,717
2472,1,699,313,789,439
2473,2,698,408,858,717
2473,1,699,313,789,432
2474,2,698,408,859,717
2474,1,699,313,789,429
2475,2,698,408,858,717
2475,1,699,313,789,436
2476,1,699,313,789,436
2476,2,698,408,859,717
2477,2,698,408,859,717
2477,1,699,313,789,437
2478,2,699,408,859,717
2478,1,699,313,789,438
2479,1,699,313,790,437
2479,2,698,408,859,717
2480,2,698,408,858,717
2480,1,699,313,790,437
2481,2,698,408,858,717
2481,1,699,313,790,438
2482,2,698,408,858,717
2482,1,698,313,789,438
2483,2,699,408,858,716
2483,1,698,313,789,440
2484,2,698,408,858,716
2484,1,698,313,789,439
2485,2,698,408,858,716
2485,1,698,312,788,444
2486,2,698,408,858,716
2486,1,698,313,789,440
2487,2,698,407,858,717
2487,1,698,313,789,443
2488,2,698,407,857,717
2488,1,698,313,789,440
2489,2,698,407,857,717
2489,1,698,313,789,439
2490,2,698,407,857,717
2490,1,698,313,788,438
2491,2,698,407,857,717
2491,1,697,313,788,437
2492,2,698,407,857,717
2492,1,697,313,789,438
2493,2,698,407,857,717
2493,1,697,312,789,439
2494,2,697,407,857,717
2494,1,697,312,788,433
2495,2,697,407,856,717
2495,1,696,312,788,433
2496,2,697,407,856,716
2496,1,696,312,787,432
2497,2,697,406,856,716
2497,1,695,312,787,432
2498,2,697,407,856,716
2498,1,694,312,786,432
2499,2,696,407,856,716
2499,1,694,312,786,431
2500,2,696,407,855,716
2500,1,694,312,786,430
2501,2,696,406,855,716
2501,1,694,312,786,436
2502,2,696,406,855,716
2502,1,694,312,786,443
2503,2,697,406,856,716
2503,1,693,312,786,447
2504,2,697,406,856,715
2504,1,691,313,786,451
2505,2,697,406,856,715
2505,1,693,313,787,450
2506,2,698,406,856,715
2506,1,695,313,787,450
2507,2,698,406,856,715
2507,1,695,313,787,448
2508,2,698,406,856,714
2508,1,696,313,788,446
2509,2,698,406,857,715
2509,1,696,313,788,444
2510,2,698,405,857,715
2510,1,695,313,788,446
2511,2,698,405,857,715
2511,1,695,314,788,447
2512,2,698,405,857,714
2512,1,696,314,788,450
2513,2,699,406,857,715
2513,1,695,315,789,450
2514,2,698,406,857,715
2514,1,695,315,789,451
2515,2,699,406,857,714
2515,1,695,315,789,449
2516,2,699,406,857,715
2516,1,696,316,788,450
2517,2,698,406,857,715
2517,1,696,316,788,450
2518,2,698,406,857,715
2518,1,696,316,788,450
2519,2,698,406,857,715
2519,1,696,316,788,451
2520,2,698,406,857,715
2520,1,696,315,789,450
2521,2,698,406,857,715
2521,1,696,315,789,447
2522,2,698,406,857,715
2522,1,696,315,789,446
2523,2,698,406,857,715
2523,1,696,315,789,446
2524,2,698,406,857,715
2524,1,696,315,789,447
2525,2,698,406,857,715
2525,1,696,315,789,446
2526,2,698,406,857,715
2526,1,696,316,789,446
2527,2,698,406,857,714
2527,1,696,316,789,445
2528,2,698,406,857,715
2528,1,696,316,789,447
2529,2,698,406,857,714
2529,1,696,316,789,443
2530,2,698,406,857,714
2530,1,696,316,789,445
2531,2,698,406,857,714
2531,1,696,316,789,444
2532,2,698,406,857,714
2532,1,696,316,789,444
2533,2,698,406,857,714
2533,1,697,316,789,441
2534,2,698,406,857,714
2534,1,696,316,789,440
2535,2,698,406,857,715
2535,1,696,316,789,436
2536,2,698,406,857,715
2536,1,697,316,789,437
2537,2,698,406,857,715
2537,1,697,316,789,433
2538,2,698,406,857,715
2538,1,699,316,789,432
2539,2,698,407,857,715
2539,1,700,316,789,431
2540,2,698,407,857,715
2540,1,701,316,789,431
2541,2,698,407,857,715
2541,1,701,315,789,431
2542,2,698,407,857,714
2542,1,702,316,789,431
2543,2,698,407,857,715
2543,1,702,315,789,432
2544,2,698,406,857,715
2544,1,703,315,789,432
2545,2,698,406,856,715
2545,1,703,315,789,432
2546,2,698,406,856,715
2546,1,703,315,789,431
2547,2,697,406,856,715
2547,1,703,315,789,430
2548,2,697,406,856,715
2548,1,703,315,789,430
2549,2,697,406,856,715
2549,1,703,316,789,430
2550,2,698,406,856,714
2550,1,703,316,789,430
2551,2,697,405,856,715
2551,1,703,316,789,429
2552,2,698,405,856,713
2552,1,704,316,788,430
2553,2,698,405,856,713
2553,1,703,315,788,430
2554,2,698,405,856,713
2554,1,703,315,787,431
2555,2,697,405,856,713
2555,1,703,315,788,431
2556,2,697,405,856,713
2556,1,703,315,788,432
2557,2,698,405,856,713
2557,1,703,315,788,432
2558,2,698,405,856,713
2558,1,703,315,788,432
2559,2,698,405,856,713
2559,1,702,315,788,432
2560,2,697,405,856,713
2560,1,702,315,787,433
2561,2,697,404,855,712
2561,1,702,314,787,434
2562,2,697,404,855,712
2562,1,702,314,787,434
2563,2,696,404,855,712
2563,1,702,314,787,433
2564,2,697,404,855,712
2564,1,701,314,787,433
2565,2,697,404,855,711
2565,1,701,314,787,433
2566,2,697,403,855,711
2566,1,701,313,787,433
2567,2,697,403,855,711
2567,1,701,313,786,432
2568,2,697,403,855,711
2568,1,702,313,786,432
2569,2,697,403,855,711
2569,1,701,312,786,431
2570,2,697,403,854,711
2570,1,701,312,786,431
2571,2,697,402,854,711
2571,1,701,311,786,432
2572,2,697,403,854,710
2572,1,701,311,786,432
2573,2,696,403,854,710
2573,1,701,311,787,431
2574,2,696,402,855,710
2574,1,701,310,787,431
2575,2,696,402,855,711
2575,1,701,310,786,432
2576,2,696,402,855,711
2576,1,701,310,787,432
2577,1,701,310,786,432
2577,2,696,402,854,710
2578,2,695,402,854,710
2578,1,700,310,786,429
2579,2,695,402,854,710
2579,1,700,309,786,429
2580,2,694,402,853,710
2580,1,700,309,786,427
2581,2,695,401,853,710
2581,1,700,309,786,428
2582,1,700,308,786,427
2582,2,694,401,853,709
2583,2,694,401,853,709
2583,1,700,308,786,428
2584,2,694,402,853,709
2584,1,700,308,786,428
2585,2,694,402,853,709
2585,1,700,308,786,428
2586,2,694,401,853,709
2586,1,700,307,786,428
2587,1,700,307,786,428
2587,2,694,401,854,709
2588,2,695,401,854,709
2588,1,700,306,786,428
2589,2,695,401,854,709
2589,1,700,306,786,428
2590,2,695,401,854,709
2590,1,700,306,786,428
2591,2,695,401,855,709
2591,1,701,306,786,428
2592,2,695,401,855,709
2592,1,701,306,786,428
2593,1,701,306,786,428
2593,2,696,401,855,710
2594,2,696,401,855,710
2594,1,701,305,787,427
2595,2,696,401,855,710
2595,1,701,305,787,428
2596,2,696,402,855,710
2596,1,701,305,787,428
2597,2,696,402,855,710
2597,1,700,306,787,429
2598,1,700,306,787,429
2598,2,696,401,855,710
2599,2,697,401,855,710
2599,1,701,305,787,429
2600,1,701,305,787,429
2600,2,696,402,855,710
2601,2,696,402,855,710
2601,1,701,305,788,429
2602,2,696,402,855,710
2602,1,701,305,788,430
2603,2,696,402,856,710
2603,1,701,306,787,430
2604,2,696,402,856,710
2604,1,701,306,787,430
2605,2,696,402,856,710
2605,1,701,305,788,430
2606,2,696,402,856,710
2606,1,701,306,788,430
2607,2,696,402,856,710
2607,1,701,306,788,431
2608,2,696,402,856,710
2608,1,701,306,788,431
2609,2,697,402,856,710
2609,1,701,306,788,430
2610,2,697,402,856,710
2610,1,702,306,788,430
2611,2,697,402,856,711
2611,1,701,306,788,430
2612,2,697,402,856,711
2612,1,701,306,788,430
2613,2,697,403,856,711
2613,1,701,306,788,430
2614,2,697,403,856,711
2614,1,702,307,788,429
2615,2,697,403,856,711
2615,1,701,307,788,429
2616,2,697,403,856,711
2616,1,701,308,788,429
2617,2,697,403,856,711
2617,1,701,308,788,429
2618,2,697,403,857,711
2618,1,701,308,788,428
2619,2,697,403,857,711
2619,1,701,308,788,429
2620,2,697,403,857,711
2620,1,701,308,788,428
2621,2,697,403,856,711
2621,1,701,309,789,428
2622,2,697,403,856,711
2622,1,701,309,788,429
2623,2,697,403,856,712
2623,1,702,309,789,429
2624,2,697,403,856,712
2624,1,701,309,789,429
2625,2,697,404,856,712
2625,1,701,309,789,429
2626,2,697,404,857,711
2626,1,701,309,789,428
2627,2,697,404,857,711
2627,1,702,309,789,429
2628,2,697,404,857,711
2628,1,702,309,789,428
2629,2,697,404,857,712
2629,1,702,310,790,429
2630,2,698,404,857,712
2630,1,702,310,790,429
2631,2,698,405,857,712
2631,1,702,310,790,429
2632,2,698,404,857,712
2632,1,703,311,790,428
2633,2,698,404,857,712
2633,1,703,311,790,428
2634,2,698,404,857,712
2634,1,703,312,790,428
2635,2,698,404,857,712
2635,1,703,312,790,429
2636,2,698,405,858,712
2636,1,703,313,790,429
2637,2,698,405,858,712
2637,1,703,313,790,429
2638,2,698,404,857,712
2638,1,703,313,790,429
2639,2,698,405,857,712
2639,1,703,314,790,429
2640,2,698,405,857,712
2640,1,703,314,790,429
2641,2,698,405,858,712
2641,1,703,314,790,429
2642,2,698,405,858,712
2642,1,703,314,790,428
2643,2,698,405,858,713
2643,1,703,314,790,428
2644,2,698,405,857,713
2644,1,703,315,791,428
2645,2,698,405,857,713
2645,1,703,315,791,429
2646,2,698,405,857,713
2646,1,703,315,791,429
2647,2,698,405,857,713
2647,1,703,315,791,430
2648,2,698,405,857,713
2648,1,703,316,791,430
2649,2,698,405,857,713
2649,1,703,316,791,429
2650,2,699,406,857,713
2650,1,703,317,791,429
2651,2,699,406,857,713
2651,1,703,317,791,429
2652,2,699,406,857,713
2652,1,703,317,791,430
2653,2,698,406,858,713
2653,1,703,317,791,428
2654,2,699,406,857,714
2654,1,703,318,791,429
2655,2,699,406,858,714
2655,1,703,318,791,429
2656,2,699,406,858,714
2656,1,704,318,791,429
2657,2,699,406,858,714
2657,1,703,318,791,429
2658,2,699,406,858,714
2658,1,703,319,791,429
2659,1,703,319,791,429
2659,2,699,406,858,714
2660,2,699,406,858,714
2660,1,703,319,791,429
2661,2,699,406,858,714
2661,1,704,319,791,429
2662,2,699,406,858,714
2662,1,704,319,791,429
2663,2,699,406,859,714
2663,1,704,320,791,432
2664,2,699,406,859,714
2664,1,704,320,791,433
2665,2,699,407,859,714
2665,1,704,320,791,433
2666,2,699,407,859,714
2666,1,704,320,791,435
2667,2,699,407,859,715
2667,1,704,320,791,433
2668,2,699,407,859,715
2668,1,705,320,792,434
2669,2,699,407,859,715
2669,1,705,321,792,434
2670,2,699,407,860,716
2670,1,705,321,792,432
2671,2,699,407,860,716
2671,1,705,321,792,428
2672,2,699,407,860,716
2672,1,705,321,792,430
2673,2,699,407,860,715
2673,1,705,321,792,430
2674,2,699,407,860,716
2674,1,705,321,792,430
2675,2,699,407,859,715
2675,1,705,321,792,431
2676,2,699,407,859,715
2676,1,705,321,792,431
2677,2,699,407,859,715
2677,1,704,320,792,431
2678,2,699,407,859,715
2678,1,704,320,792,430
2679,2,699,407,859,715
2679,1,704,320,792,430
2680,2,699,407,859,715
2680,1,704,319,792,430
2681,2,698,407,858,714
2681,1,704,320,791,431
2682,2,698,407,858,714
2682,1,704,319,791,431
2683,2,698,406,858,714
2683,1,704,319,791,431
2684,2,698,406,858,714
2684,1,703,319,791,430
2685,2,698,406,858,714
2685,1,704,319,791,431
2686,2,698,407,858,715
2686,1,704,319,791,431
2687,2,698,406,857,715
2687,1,704,319,791,431
2688,2,698,406,857,715
2688,1,703,318,791,431
2689,2,698,406,857,715
2689,1,703,318,790,429
2690,2,698,406,857,715
2690,1,703,318,790,431
2691,2,698,406,857,714
2691,1,703,318,790,431
2692,2,698,406,856,714
2692,1,703,318,790,431
2693,2,698,406,856,714
2693,1,702,317,790,431
2694,2,698,406,856,714
2694,1,702,317,790,431
2695,2,698,406,856,714
2695,1,702,316,790,432
2696,2,698,406,856,715
2696,1,702,316,790,431
2697,2,697,406,856,714
2697,1,702,316,789,430
2698,2,697,406,856,714
2698,1,702,315,789,430
2699,2,697,406,856,714
2699,1,701,315,789,430
2700,2,697,406,856,714
2700,1,701,314,789,429
2701,2,698,406,856,714
2701,1,702,315,789,427
2702,2,698,406,856,714
2702,1,702,315,788,426
2703,2,698,406,856,714
2703,1,702,315,788,427
2704,2,698,406,856,714
2704,1,701,315,788,426
2705,2,697,405,856,714
2705,1,701,315,788,426
2706,2,697,405,856,713
2706,1,701,315,788,426
2707,2,697,405,856,713
2707,1,701,314,787,425
2708,2,697,405,856,713
2708,1,701,314,787,425
2709,2,697,405,856,713
2709,1,701,314,787,426
2710,2,696,405,856,713
2710,1,701,314,787,426
2711,2,696,405,856,713
2711,1,701,314,787,426
2712,2,696,405,855,713
2712,1,701,314,786,427
2713,2,696,404,855,714
2713,1,701,314,786,426
2714,2,697,404,855,713
2714,1,701,313,786,426
2715,2,696,404,855,713
2715,1,701,313,786,426
2716,2,696,404,855,713
2716,1,700,313,786,426
2717,2,696,404,855,713
2717,1,700,313,786,426
2718,2,696,404,855,713
2718,1,701,313,786,426
2719,2,696,404,855,713
2719,1,701,312,785,426
2720,2,696,404,855,713
2720,1,700,312,785,426
2721,2,696,403,855,713
2721,1,700,311,786,426
2722,2,695,403,855,712
2722,1,700,311,786,425
2723,2,695,403,854,712
2723,1,700,311,786,426
2724,2,695,403,855,712
2724,1,700,311,786,425
2725,2,696,404,855,712
2725,1,700,311,786,424
2726,1,700,311,786,425
2726,2,696,404,855,713
2727,2,696,404,855,713
2727,1,701,311,786,425
2728,2,697,404,855,713
2728,1,701,310,786,426
2729,2,697,404,856,713
2729,1,701,310,787,425
2730,1,701,310,787,425
2730,2,696,404,856,712
2731,2,697,404,856,713
2731,1,701,310,787,425
2732,2,697,404,856,713
2732,1,700,309,787,426
2733,2,697,404,856,712
2733,1,701,309,787,426
2734,2,697,404,856,712
2734,1,700,309,787,426
2735,2,697,404,855,713
2735,1,700,309,787,426
2736,2,697,404,856,712
2736,1,700,309,787,426
2737,2,697,404,856,712
2737,1,700,309,787,427
2738,2,696,404,856,712
2738,1,700,309,787,427
2739,2,697,403,856,712
2739,1,700,309,787,427
2740,2,697,403,855,712
2740,1,700,309,787,427
2741,2,697,403,855,711
2741,1,700,309,786,427
2742,2,696,403,855,711
2742,1,700,309,787,426
2743,1,700,309,787,427
2743,2,697,403,855,711
2744,2,697,403,856,711
2744,1,700,309,786,427
2745,2,697,402,856,711
2745,1,700,309,786,427
2746,2,697,403,856,711
2746,1,700,309,787,429
2747,2,697,403,856,711
2747,1,700,309,787,429
2748,1,700,309,787,429
2748,2,696,402,856,711
2749,2,697,402,856,711
2749,1,700,309,787,428
2750,2,697,402,856,711
2750,1,700,309,787,427
2751,2,697,402,855,711
2751,1,700,309,787,427
2752,2,697,402,855,711
2752,1,700,309,787,427
2753,2,697,402,855,711
2753,1,700,308,787,426
2754,2,697,402,855,711
2754,1,700,308,787,427
2755,2,697,402,856,711
2755,1,700,308,787,427
2756,2,697,402,855,710
2756,1,700,307,787,428
2757,2,697,402,855,710
2757,1,700,307,787,427
2758,2,697,401,855,710
2758,1,700,307,788,428
2759,2,697,401,855,710
2759,1,701,307,788,428
2760,2,697,401,855,710
2760,1,701,306,788,427
2761,2,697,401,855,711
2761,1,700,306,788,426
2762,2,696,401,855,710
2762,1,700,306,787,426
2763,2,695,402,855,710
2763,1,700,306,786,427
2764,2,696,401,855,710
2764,1,700,306,787,426
2765,2,696,401,855,710
2765,1,700,306,787,426
2766,2,695,402,855,710
2766,1,700,306,787,426
2767,2,696,402,855,710
2767,1,700,306,788,427
2768,2,696,402,855,710
2768,1,700,307,787,426
2769,2,696,402,855,710
2769,1,699,307,787,426
2770,2,696,402,855,710
2770,1,699,307,788,426
2771,2,696,402,855,710
2771,1,700,307,788,426
2772,2,695,402,855,710
2772,1,699,307,789,425
2773,2,695,402,855,710
2773,1,698,307,790,426
2774,2,695,402,854,710
2774,1,698,307,790,427
2775,2,695,402,854,710
2775,1,696,307,791,427
2776,2,695,402,854,710
2776,1,695,308,791,427
2777,2,695,402,854,710
2777,1,694,308,791,429
2778,2,695,401,854,710
2778,1,693,308,791,430
2779,2,695,401,854,710
2779,1,693,309,791,431
2780,2,694,401,854,710
2780,1,692,309,791,432
2781,2,694,401,854,710
2781,1,692,309,791,431
2782,2,694,401,854,710
2782,1,691,310,791,432
2783,2,694,401,854,710
2783,1,692,310,791,432
2784,2,694,401,854,710
2784,1,692,310,790,433
2785,2,694,401,854,710
2785,1,692,310,791,433
2786,2,694,401,854,710
2786,1,693,310,791,431
2787,2,694,401,853,710
2787,1,693,309,790,431
2788,2,694,401,853,709
2788,1,692,309,790,432
2789,2,694,401,853,709
2789,1,692,309,790,433
2790,2,694,401,853,709
2790,1,692,309,789,434
2791,2,693,401,853,709
2791,1,692,309,789,435
2792,2,693,401,853,709
2792,1,693,309,789,433
2793,2,693,401,853,709
2793,1,693,309,789,434
2794,2,693,401,853,709
2794,1,693,309,789,432
2795,2,693,401,853,709
2795,1,693,309,789,431
2796,2,693,401,853,709
2796,1,693,309,788,431
2797,2,693,401,853,710
2797,1,692,309,788,429
2798,2,693,401,853,710
2798,1,692,309,788,430
2799,2,693,402,853,710
2799,1,692,309,788,430
2800,2,693,402,853,710
2800,1,691,309,788,429
2801,2,693,402,853,710
2801,1,691,309,788,431
2802,2,693,402,852,710
2802,1,691,309,788,431
2803,2,693,402,853,710
2803,1,691,309,788,431
2804,2,693,402,853,710
2804,1,691,309,788,427
2805,2,693,401,853,710
2805,1,691,309,788,425
2806,2,693,401,852,710
2806,1,691,309,788,429
2807,2,693,401,852,709
2807,1,691,309,788,429
2808,2,693,402,852,709
2808,1,691,309,788,435
2809,2,693,401,852,710
2809,1,690,308,788,435
2810,2,693,401,852,709
2810,1,689,308,788,436
2811,2,693,401,852,710
2811,1,690,308,788,435
2812,2,693,401,853,710
2812,1,690,308,789,436
2813,2,693,401,853,710
2813,1,690,308,789,436
2814,2,693,401,853,710
2814,1,690,309,789,435
2815,2,693,401,853,710
2815,1,690,309,789,435
2816,2,693,401,853,710
2816,1,691,309,789,437
2817,2,693,401,853,710
2817,1,691,309,789,436
2818,2,693,401,852,710
2818,1,691,308,789,437
2819,2,693,401,852,710
2819,1,690,308,789,438
2820,2,693,401,852,710
2820,1,691,308,788,438
2821,2,693,401,852,710
2821,1,691,308,788,438
2822,2,693,401,852,710
2822,1,691,308,787,437
2823,2,693,401,852,710
2823,1,691,308,788,437
2824,2,693,401,852,710
2824,1,691,307,787,436
2825,2,693,401,852,710
2825,1,691,307,787,436
2826,2,693,401,852,710
2826,1,691,307,786,437
2827,2,693,401,852,710
2827,1,691,307,786,436
2828,2,693,401,852,710
2828,1,691,307,787,436
2829,2,692,401,852,710
2829,1,691,307,787,437
2830,2,693,401,852,710
2830,1,691,307,787,436
2831,2,693,401,852,710
2831,1,691,307,787,436
2832,2,693,401,852,709
2832,1,692,307,787,435
2833,2,693,402,851,710
2833,1,691,307,787,434
2834,1,691,307,787,433
2834,2,693,401,852,710
2835,2,693,401,852,710
2835,1,691,307,787,434
2836,2,693,401,852,710
2836,1,691,307,787,434
2837,2,693,401,852,710
2837,1,691,307,787,434
2838,2,693,401,852,710
2838,1,692,307,788,434
2839,2,693,401,852,710
2839,1,692,307,787,435
2840,2,693,402,853,710
2840,1,692,307,787,433
2841,2,693,401,853,710
2841,1,692,307,787,434
2842,2,693,401,853,710
2842,1,692,307,787,434
2843,2,693,401,853,710
2843,1,692,307,787,434
2844,2,693,402,853,710
2844,1,692,307,787,434
2845,2,693,402,852,710
2845,1,691,307,787,434
2846,2,693,402,852,710
2846,1,691,307,786,435
2847,2,693,402,852,710
2847,1,692,307,786,434
2848,2,693,402,852,710
2848,1,692,307,786,434
2849,2,693,402,852,710
2849,1,692,307,786,434
2850,2,693,402,852,711
2850,1,692,306,786,435
2851,2,693,402,852,710
2851,1,692,306,786,435
2852,2,693,401,852,710
2852,1,692,307,786,437
2853,2,693,402,852,711
2853,1,692,307,786,437
2854,2,694,402,852,711
2854,1,692,307,786,436
2855,2,694,401,852,711
2855,1,692,307,787,436
2856,2,694,401,852,711
2856,1,693,307,787,436
2857,2,694,401,853,710
2857,1,693,306,787,436
2858,2,694,401,853,711
2858,1,694,306,787,436
2859,2,694,401,853,710
2859,1,694,306,787,437
2860,2,694,401,853,710
2860,1,694,306,788,436
2861,2,695,401,853,710
2861,1,694,306,788,437
2862,2,695,401,854,710
2862,1,694,306,787,437
2863,2,695,401,854,710
2863,1,694,306,788,436
2864,2,695,401,854,710
2864,1,695,305,788,436
2865,1,695,305,788,436
2865,2,695,401,854,710
2866,2,695,401,854,710
2866,1,695,305,788,437
2867,2,695,401,854,710
2867,1,694,305,788,436
2868,2,695,401,854,711
2868,1,694,305,788,436
2869,2,695,401,854,711
2869,1,694,305,788,436
2870,2,695,401,854,711
2870,1,695,305,788,435
2871,2,695,401,854,711
2871,1,695,305,788,436
2872,2,695,401,854,711
2872,1,695,306,788,436
2873,2,695,401,854,711
2873,1,695,306,789,436
2874,2,695,401,854,711
2874,1,695,306,789,436
2875,2,695,401,854,711
2875,1,695,306,789,435
2876,2,695,401,854,711
2876,1,695,306,789,434
2877,2,695,401,854,710
2877,1,695,306,789,433
2878,2,695,401,855,710
2878,1,695,306,789,432
2879,2,695,401,855,710
2879,1,695,306,789,430
2880,2,696,401,855,710
2880,1,695,306,789,429
2881,2,695,401,855,710
2881,1,695,306,789,425
2882,2,695,401,855,710
2882,1,695,305,789,426
2883,2,695,401,855,710
2883,1,695,305,789,427
2884,2,695,401,855,710
2884,1,695,305,789,427
2885,2,695,401,855,710
2885,1,695,305,789,432
2886,2,695,401,855,710
2886,1,695,305,789,433
2887,2,695,401,855,710
2887,1,695,305,789,434
2888,2,695,401,855,710
2888,1,695,305,789,432
2889,2,695,401,855,710
2889,1,695,305,789,430
2890,2,695,401,855,710
2890,1,695,305,789,428
2891,2,695,401,855,710
2891,1,694,305,789,426
2892,2,695,401,855,710
2892,1,695,305,789,425
2893,2,695,401,854,710
2893,1,694,305,789,428
2894,2,695,401,854,710
2894,1,693,305,789,429
2895,2,695,401,854,709
2895,1,694,305,789,431
2896,2,695,401,854,709
2896,1,694,305,789,431
2897,2,695,401,854,710
2897,1,694,305,789,433
2898,2,695,401,854,710
2898,1,695,305,789,433
2899,2,695,401,854,710
2899,1,695,305,788,432
2900,2,695,401,854,710
2900,1,695,305,788,430
2901,2,694,401,854,710
2901,1,695,305,788,432
2902,2,694,401,854,710
2902,1,695,305,788,433
2903,2,694,401,854,710
2903,1,695,305,788,435
2904,2,694,401,854,710
2904,1,695,305,788,431
2905,2,695,401,854,710
2905,1,695,305,788,428
2906,2,695,400,854,710
2906,1,695,305,788,428
2907,2,694,400,854,710
2907,1,695,305,788,423
2908,2,694,400,854,710
2908,1,695,305,788,423
2909,2,694,401,854,710
2909,1,694,305,788,425
2910,2,694,401,854,710
2910,1,694,305,788,424
2911,2,695,401,854,710
2911,1,695,305,788,422
2912,2,694,401,854,710
2912,1,694,305,788,424
2913,2,694,401,854,710
2913,1,694,305,789,423
2914,2,695,401,854,710
2914,1,695,305,788,425
2915,2,695,401,854,710
2915,1,695,305,789,425
2916,2,695,401,854,710
2916,1,695,305,789,427
2917,2,695,401,854,710
2917,1,695,305,789,426
2918,2,694,400,854,710
2918,1,695,305,788,426
2919,2,694,401,854,709
2919,1,694,305,788,432
2920,2,694,401,853,710
2920,1,694,305,788,433
2921,2,694,401,853,709
2921,1,694,305,788,431
2922,2,694,401,853,709
2922,1,694,305,788,428
2923,2,694,401,854,709
2923,1,694,304,788,430
2924,2,694,401,854,709
2924,1,694,304,788,430
2925,2,694,400,854,709
2925,1,694,304,788,425
2926,2,694,400,854,709
2926,1,694,305,788,430
2927,2,694,401,854,709
2927,1,694,305,788,426
2928,2,694,401,854,709
2928,1,694,305,788,423
2929,2,694,401,853,709
2929,1,694,305,788,418
2930,2,694,401,853,709
2930,1,694,304,788,418
2931,2,694,401,854,709
2931,1,694,304,788,417
2932,2,694,401,854,709
2932,1,694,304,788,418
2933,2,694,401,854,709
2933,1,694,304,788,420
2934,2,694,401,854,709
2934,1,694,304,788,421
2935,2,694,401,854,709
2935,1,694,304,788,422
2936,2,694,401,854,709
2936,1,694,304,788,429
2937,2,694,400,854,709
2937,1,694,304,788,431
2938,2,694,400,854,709
2938,1,694,304,788,431
2939,2,694,400,854,709
2939,1,694,304,788,430
2940,2,694,400,854,709
2940,1,694,304,788,429
2941,2,694,400,854,709
2941,1,695,304,788,433
2942,2,694,400,854,709
2942,1,695,303,787,433
2943,2,694,400,853,709
2943,1,695,303,787,433
2944,2,694,400,853,709
2944,1,694,303,787,434
2945,2,694,400,853,709
2945,1,694,303,787,433
2946,2,695,400,853,709
2946,1,694,303,787,434
2947,2,695,401,852,709
2947,1,694,303,787,421
2948,2,694,401,853,709
2948,1,694,303,787,417
2949,2,694,401,853,709
2949,1,694,303,787,416
2950,2,694,400,853,709
2950,1,695,302,786,418
2951,2,695,400,854,709
2951,1,695,302,786,415
2952,2,695,400,853,709
2952,1,695,302,786,417
2953,2,695,400,853,709
2953,1,695,302,786,419
2954,2,695,400,853,709
2954,1,695,302,786,420
2955,2,695,399,854,709
2955,1,695,302,786,419
2956,2,695,399,854,708
2956,1,695,302,787,418
2957,2,695,399,854,708
2957,1,695,302,787,414
2958,2,695,399,854,708
2958,1,695,302,787,415
2959,2,696,400,854,708
2959,1,695,302,787,425
2960,2,695,400,854,708
2960,1,695,302,787,434
2961,2,695,400,854,708
2961,1,695,302,787,432
2962,2,696,399,854,708
2962,1,695,302,787,429
2963,2,696,399,854,708
2963,1,695,303,787,430
2964,2,696,399,854,708
2964,1,694,303,787,426
2965,2,697,400,854,709
2965,1,694,303,787,425
2966,2,696,400,854,708
2966,1,694,303,787,424
2967,2,696,400,854,708
2967,1,695,303,787,421
2968,2,696,401,854,708
2968,1,695,303,787,424
2969,2,696,401,855,709
2969,1,695,303,787,421
2970,2,696,402,855,709
2970,1,696,303,788,413
2971,2,696,402,855,709
2971,1,695,303,788,412
2972,2,696,403,855,709
2972,1,695,303,788,415
2973,2,696,403,855,709
2973,1,695,303,788,420
2974,2,696,403,854,709
2974,1,695,303,788,421
2975,2,696,404,855,709
2975,1,695,303,788,424
2976,2,696,404,855,709
2976,1,695,303,788,424
2977,2,696,404,855,710
2977,1,695,303,788,424
2978,2,695,405,855,710
2978,1,695,303,788,423
2979,2,695,405,855,711
2979,1,695,303,788,421
2980,2,695,405,855,711
2980,1,695,303,788,417
2981,2,695,405,855,712
2981,1,695,303,788,418
2982,2,695,406,855,713
2982,1,695,303,788,422
2983,2,695,406,855,714
2983,1,695,303,788,431
2984,2,696,406,855,715
2984,1,695,303,788,433
2985,2,696,406,856,715
2985,1,695,304,789,433
2986,2,696,406,856,716
2986,1,695,304,789,433
2987,1,695,304,789,433
2987,2,696,407,856,717
2988,2,696,407,856,718
2988,1,695,304,789,432
2989,2,696,407,856,719
2989,1,695,304,789,432
2990,2,696,407,856,719
2990,1,695,304,789,428
2991,2,696,407,856,719
2991,1,695,304,789,432
2992,2,696,407,856,718
2992,1,695,305,789,428
2993,2,695,407,856,718
2993,1,695,305,789,423
2994,2,695,408,856,717
2994,1,695,305,788,419
2995,2,695,408,855,716
2995,1,695,305,788,421
2996,2,695,408,855,717
2996,1,695,305,788,423
2997,1,695,305,788,422
2997,2,695,408,855,715
2998,1,695,305,788,424
2998,2,695,408,855,709
2999,2,695,408,855,709
2999,1,694,305,788,424
3000,2,695,408,854,708
3000,1,694,305,788,422
3001,2,695,408,854,710
3001,1,695,305,788,429
3002,2,695,408,854,713
3002,1,695,305,788,428
3003,2,695,408,854,711
3003,1,694,305,788,430
3004,2,695,408,854,706
3004,1,694,305,788,436
3005,2,695,408,854,705
3005,1,694,305,787,443
3006,2,695,408,854,704
3006,1,694,305,787,436
3007,2,695,409,853,706
3007,1,694,305,787,432
3008,1,693,305,787,433
3008,2,694,409,853,712
3009,2,694,409,853,715
3009,1,693,305,787,426
3010,2,694,410,853,717
3010,1,693,305,787,429
3011,2,694,410,853,715
3011,1,693,305,786,421
3012,2,694,410,853,714
3012,1,693,305,787,435
3013,2,694,410,853,712
3013,1,693,305,787,435
3014,2,694,410,853,712
3014,1,693,305,787,429
3015,2,694,410,853,712
3015,1,692,305,787,427
3016,2,694,411,853,711
3016,1,692,305,787,427
3017,2,694,411,853,713
3017,1,693,305,788,432
3018,2,694,411,853,714
3018,1,692,305,788,435
3019,2,694,411,853,715
3019,1,693,305,788,436
3020,2,694,410,853,716
3020,1,693,305,788,438
3021,2,694,410,853,715
3021,1,693,305,788,436
3022,2,694,410,853,714
3022,1,693,305,788,428
3023,2,694,410,853,714
3023,1,693,305,788,428
3024,2,694,410,853,715
3024,1,693,305,788,429
3025,2,694,410,853,716
3025,1,693,305,787,433
3026,2,694,410,853,717
3026,1,693,304,787,435
3027,2,694,410,853,717
3027,1,692,304,787,438
3028,2,694,410,853,717
3028,1,692,304,787,438
3029,2,694,410,853,717
3029,1,692,304,787,434
3030,2,694,410,853,716
3030,1,692,304,787,433
3031,2,693,410,852,716
3031,1,692,304,787,434
3032,2,693,410,852,716
3032,1,691,304,787,430
3033,2,693,410,852,715
3033,1,691,304,786,431
3034,2,693,410,852,715
3034,1,692,304,786,430
3035,2,693,410,852,715
3035,1,692,304,786,431
3036,2,693,410,852,716
3036,1,692,304,786,429
3037,2,693,409,852,716
3037,1,691,304,786,432
3038,1,691,304,786,432
3038,2,693,409,852,715
3039,2,693,409,852,715
3039,1,691,304,786,423
3040,2,693,409,852,714
3040,1,691,304,786,421
3041,1,691,304,786,421
3041,2,693,409,852,716
3042,2,693,409,852,717
3042,1,691,304,786,419
3043,2,693,408,852,717
3043,1,691,303,786,423
3044,2,693,408,852,716
3044,1,691,303,786,423
3045,2,692,408,852,717
3045,1,690,303,785,423
3046,2,693,408,852,716
3046,1,691,303,785,422
3047,2,692,408,852,715
3047,1,691,303,785,418
3048,2,692,408,852,714
3048,1,691,303,785,419
3049,2,693,408,852,714
3049,1,691,303,785,415
3050,2,692,408,852,714
3050,1,690,303,785,430
3051,2,692,408,852,714
3051,1,690,303,785,439
3052,2,692,407,851,714
3052,1,690,303,785,438
3053,2,692,407,852,716
3053,1,690,303,785,443
3054,2,692,407,851,716
3054,1,690,303,785,437
3055,2,692,407,851,716
3055,1,690,303,785,438
3056,2,692,407,851,716
3056,1,690,303,785,441
3057,2,692,407,851,716
3057,1,690,303,785,445
3058,2,692,407,851,716
3058,1,689,303,785,450
3059,2,692,407,852,716
3059,1,689,303,785,449
3060,2,692,406,851,715
3060,1,690,303,785,443
3061,2,692,406,852,715
3061,1,690,303,785,433
3062,2,693,406,852,714
3062,1,690,303,785,429
3063,2,693,406,852,714
3063,1,691,303,785,430
3064,2,693,406,852,713
3064,1,690,302,785,430
3065,2,693,406,852,713
3065,1,690,302,785,430
3066,2,693,406,853,714
3066,1,690,302,786,435
3067,2,693,406,853,714
3067,1,690,302,786,433
3068,2,694,406,853,714
3068,1,690,302,786,427
3069,2,694,406,853,715
3069,1,690,302,786,420
3070,2,694,406,853,715
3070,1,688,302,787,447
3071,2,694,406,854,715
3071,1,690,302,787,440
3072,2,694,406,853,715
3072,1,692,302,788,428
3073,2,694,406,854,715
3073,1,692,302,788,433
3074,1,692,302,788,434
3074,2,695,406,854,714
3075,2,695,406,854,714
3075,1,693,302,788,432
3076,2,695,406,855,714
3076,1,693,302,789,427
3077,2,695,406,855,715
3077,1,694,302,789,429
3078,2,696,405,855,715
3078,1,694,302,789,425
3079,2,696,405,856,716
3079,1,694,302,791,430
3080,2,696,405,856,716
3080,1,693,302,791,441
3081,2,696,405,856,716
3081,1,691,302,791,445
3082,2,696,405,856,716
3082,1,692,302,791,444
3083,2,696,405,857,716
3083,1,693,302,791,441
3084,2,697,405,857,715
3084,1,694,302,792,437
3085,2,697,406,857,715
3085,1,695,302,792,435
3086,2,697,406,857,716
3086,1,696,302,792,428
3087,2,697,406,857,716
3087,1,697,302,792,416
3088,2,697,406,857,715
3088,1,696,302,792,418
3089,2,697,407,857,715
3089,1,697,302,793,420
3090,2,697,407,857,715
3090,1,697,302,793,421
3091,2,698,407,857,715
3091,1,697,302,793,424
3092,2,698,407,858,715
3092,1,698,302,793,432
3093,2,698,407,858,716
3093,1,698,302,793,434
3094,2,698,407,858,717
3094,1,698,302,792,435
3095,2,698,407,857,717
3095,1,698,302,793,435
3096,2,698,407,857,716
3096,1,698,302,793,434
3097,2,698,407,857,716
3097,1,698,302,793,434
3098,2,698,408,858,716
3098,1,698,302,793,435
3099,2,698,408,857,715
3099,1,697,302,793,434
3100,2,698,408,857,715
3100,1,697,302,792,435
3101,2,697,408,857,715
3101,1,697,302,792,435
3102,2,698,408,857,716
3102,1,698,302,792,432
3103,2,698,408,857,716
3103,1,698,302,792,414
3104,2,698,408,857,715
3104,1,698,302,792,410
3105,2,698,408,857,716
3105,1,699,302,792,417
3106,2,698,408,857,716
3106,1,698,302,792,425
3107,2,698,409,857,717
3107,1,698,302,792,426
3108,2,698,409,857,717
3108,1,698,302,792,427
3109,1,698,302,792,426
3109,2,698,409,857,718
3110,2,698,409,857,718
3110,1,698,302,792,431
3111,2,698,409,857,718
3111,1,698,302,792,430
3112,2,698,409,857,718
3112,1,698,302,792,433
3113,2,697,409,857,718
3113,1,698,303,793,437
3114,2,698,410,857,716
3114,1,697,303,792,442
3115,2,697,409,856,718
3115,1,697,303,792,440
3116,2,697,409,856,718
3116,1,697,304,792,435
3117,2,697,409,856,718
3117,1,697,304,792,439
3118,2,697,410,856,718
3118,1,697,304,792,435
3119,2,697,410,856,718
3119,1,697,304,792,434
3120,2,698,410,856,719
3120,1,696,304,792,431
3121,2,698,410,856,719
3121,1,696,304,793,431
3122,2,698,410,857,719
3122,1,695,305,793,431
3123,2,698,410,857,719
3123,1,695,305,793,433
3124,2,698,410,857,719
3124,1,695,305,793,431
3125,2,698,410,857,719
3125,1,696,306,794,430
3126,2,698,409,857,719
3126,1,696,306,794,431
3127,2,698,409,857,719
3127,1,696,306,794,434
3128,2,698,409,857,719
3128,1,696,306,794,435
3129,2,698,409,857,719
3129,1,696,306,795,436
3130,2,698,409,857,719
3130,1,696,307,795,439
3131,2,698,409,857,718
3131,1,696,307,795,444
3132,2,698,409,857,719
3132,1,696,307,795,439
3133,2,698,409,857,719
3133,1,695,307,795,443
3134,2,698,409,857,719
3134,1,695,307,796,441
3135,2,698,409,857,719
3135,1,695,308,796,438
3136,2,698,410,857,718
3136,1,695,308,796,435
3137,2,698,410,858,719
3137,1,695,308,796,434
3138,2,698,410,858,719
3138,1,695,308,797,434
3139,2,698,410,858,718
3139,1,696,308,797,433
3140,2,698,410,859,718
3140,1,697,309,798,432
3141,2,699,410,860,718
3141,1,698,309,799,430
3142,2,699,410,860,718
3142,1,698,309,800,434
3143,2,699,410,860,719
3143,1,698,309,800,436
3144,2,699,410,860,718
3144,1,697,309,801,438
3145,2,700,410,860,718
3145,1,697,309,801,441
3146,2,699,410,860,718
3146,1,697,309,801,440
3147,2,699,410,860,718
3147,1,697,310,801,438
3148,2,699,410,860,718
3148,1,697,309,801,433
3149,2,700,410,861,718
3149,1,696,310,801,435
3150,2,700,410,861,719
3150,1,697,310,801,432
3151,2,700,409,861,718
3151,1,697,311,801,432
3152,2,701,409,862,718
3152,1,695,311,801,450
3153,2,701,409,862,718
3153,1,695,311,801,451
3154,2,701,409,862,718
3154,1,695,311,801,453
3155,2,701,409,862,718
3155,1,694,312,802,455
3156,2,701,409,862,718
3156,1,694,312,802,451
3157,2,701,409,862,718
3157,1,694,312,802,450
3158,2,701,409,863,719
3158,1,694,313,803,449
3159,2,702,409,863,719
3159,1,695,314,802,437
3160,2,702,410,863,719
3160,1,695,314,803,433
3161,2,702,410,864,719
3161,1,695,314,803,433
3162,2,703,409,864,720
3162,1,696,314,803,438
3163,2,704,409,865,720
3163,1,697,314,804,435
3164,2,704,410,865,719
3164,1,698,314,804,432
3165,2,704,410,866,719
3165,1,698,314,806,437
3166,2,704,411,866,719
3166,1,700,314,805,433
3167,2,705,411,866,719
3167,1,701,315,805,434
3168,2,705,411,867,719
3168,1,702,315,806,436
3169,2,705,411,867,719
3169,1,702,315,806,436
3170,2,705,410,867,719
3170,1,703,315,806,436
3171,2,705,410,866,719
3171,1,702,315,806,436
3172,2,704,410,865,719
3172,1,699,315,806,438
3173,2,704,410,865,719
3173,1,700,315,805,435
3174,2,703,410,865,719
3174,1,699,315,805,433
3175,2,703,410,865,720
3175,1,699,315,805,433
3176,2,703,411,865,720
3176,1,700,316,805,433
3177,2,704,411,865,719
3177,1,701,316,805,435
3178,2,704,412,865,719
3178,1,700,317,805,435
3179,2,703,412,864,719
3179,1,700,317,805,434
3180,2,703,412,864,719
3180,1,700,317,805,433
3181,2,703,411,864,719
3181,1,700,317,805,432
3182,2,703,411,864,719
3182,1,700,317,805,432
3183,2,703,412,864,719
3183,1,700,317,805,432
3184,2,703,411,864,720
3184,1,699,317,805,433
3185,2,702,411,864,719
3185,1,698,317,805,433
3186,2,702,411,863,719
3186,1,697,317,804,431
3187,2,702,410,863,719
3187,1,697,317,804,432
3188,1,697,317,804,432
3188,2,702,411,863,719
3189,2,701,411,862,718
3189,1,697,317,804,433
3190,2,701,411,862,718
3190,1,696,316,803,434
3191,2,700,410,862,718
3191,1,695,316,803,434
3192,2,700,410,861,718
3192,1,695,316,802,435
3193,2,700,410,860,718
3193,1,695,316,802,437
3194,2,700,410,860,718
3194,1,696,316,802,438
3195,2,700,410,860,718
3195,1,696,316,802,435
3196,2,700,409,860,717
3196,1,696,316,802,435
3197,2,701,409,860,717
3197,1,697,316,802,436
3198,2,701,409,860,716
3198,1,697,315,802,437
3199,2,701,409,860,717
3199,1,696,315,802,437
3200,2,701,409,860,717
3200,1,696,315,802,437
3201,2,700,409,860,716
3201,1,696,315,802,436
3202,2,700,409,860,716
3202,1,695,314,801,436
3203,2,700,409,860,716
3203,1,694,314,801,437
3204,2,700,408,860,717
3204,1,694,314,801,437
3205,2,700,408,860,717
3205,1,695,314,802,434
3206,2,700,408,860,716
3206,1,695,314,802,436
3207,2,700,407,860,716
3207,1,695,313,802,441
3208,2,700,407,860,715
3208,1,694,313,802,444
3209,2,700,407,860,716
3209,1,693,313,802,448
3210,2,700,406,860,716
3210,1,692,313,802,449
3211,2,700,406,859,716
3211,1,693,313,802,448
3212,2,699,406,859,716
3212,1,693,313,802,446
3213,2,700,406,859,716
3213,1,693,313,801,441
3214,2,700,406,859,717
3214,1,694,313,801,440
3215,2,700,406,859,717
3215,1,694,313,801,440
3216,2,700,406,859,717
3216,1,694,313,801,442
3217,2,699,406,859,716
3217,1,694,313,801,437
3218,2,700,406,859,717
3218,1,695,313,801,435
3219,2,700,406,859,717
3219,1,695,313,801,433
3220,2,699,406,859,716
3220,1,695,313,801,433
3221,2,700,406,859,716
3221,1,695,312,801,431
3222,2,700,405,859,717
3222,1,695,312,801,431
3223,2,700,405,859,717
3223,1,695,312,801,430
3224,2,699,405,859,717
3224,1,695,312,801,431
3225,2,699,405,859,717
3225,1,695,312,801,431
3226,2,699,405,859,717
3226,1,696,312,801,429
3227,2,699,405,860,717
3227,1,695,312,801,429
3228,2,699,404,860,717
3228,1,695,312,801,431
3229,2,700,404,860,716
3229,1,695,312,801,430
3230,2,700,403,859,716
3230,1,695,312,801,430
3231,1,695,312,801,430
3231,2,700,403,859,715
3232,2,700,403,859,715
3232,1,695,311,801,430
3233,2,700,403,860,715
3233,1,695,312,801,430
3234,1,695,312,801,430
3234,2,700,403,860,716
3235,2,700,403,860,715
3235,1,694,312,801,431
3236,2,700,403,860,715
3236,1,694,312,801,431
3237,2,700,404,860,715
3237,1,695,312,802,431
3238,2,700,404,860,715
3238,1,695,312,802,430
3239,2,700,404,860,715
3239,1,696,312,802,429
3240,2,700,404,860,715
3240,1,696,312,802,431
3241,2,700,404,860,716
3241,1,696,312,802,430
3242,2,700,405,860,715
3242,1,695,312,802,429
3243,2,700,405,860,716
3243,1,695,313,802,428
3244,2,700,405,860,716
3244,1,695,313,802,428
3245,2,700,405,860,716
3245,1,696,313,802,428
3246,2,700,405,860,717
3246,1,696,313,802,428
3247,2,700,405,860,717
3247,1,696,313,802,428
3248,1,696,313,801,428
3248,2,700,405,859,717
3249,2,700,405,859,716
3249,1,696,313,801,427
3250,2,699,404,859,716
3250,1,696,313,801,427
3251,2,699,405,859,717
3251,1,696,313,801,426
3252,2,699,404,858,717
3252,1,695,313,801,426
3253,2,698,404,858,716
3253,1,694,313,802,428
3254,2,698,403,857,717
3254,1,694,313,800,431
3255,2,698,403,857,716
3255,1,693,313,800,430
3256,2,698,402,857,716
3256,1,692,313,800,431
3257,2,698,402,857,716
3257,1,691,313,801,439
3258,2,698,402,857,715
3258,1,690,313,801,446
3259,2,698,403,857,716
3259,1,691,313,800,436
3260,2,698,403,857,715
3260,1,692,313,800,435
3261,2,698,403,857,716
3261,1,692,313,800,433
3262,2,697,404,856,714
3262,1,692,313,801,434
3262,5,697,404,857,586
3263,1,691,313,801,435
3263,2,697,403,857,713
3264,2,697,402,856,713
3264,1,691,313,801,434
3265,2,697,403,857,714
3265,1,692,312,801,433
3266,2,697,403,857,714
3266,1,690,312,801,434
3267,2,696,403,857,714
3267,1,690,312,801,435
3268,2,696,402,856,714
3268,1,690,312,801,436
3269,2,696,402,856,715
3269,1,689,312,800,436
3270,2,696,402,856,715
3270,1,690,312,800,435
3271,2,697,401,856,715
3271,1,689,311,800,435
3272,2,697,401,855,715
3272,1,690,311,800,434
3273,2,697,401,855,716
3273,1,690,311,800,431
3274,2,698,401,855,715
3274,1,690,311,800,429
3275,2,697,401,855,715
3275,1,691,311,799,429
3276,2,697,400,855,715
3276,1,690,310,799,430
3277,2,697,400,855,715
3277,1,690,310,800,429
3278,2,697,400,855,714
3278,1,690,310,800,435
3279,2,697,400,855,715
3279,1,690,310,800,442
3280,2,697,400,855,713
3280,1,690,310,801,440
3281,2,697,400,855,712
3281,1,691,310,802,442
3282,2,698,400,856,709
3282,1,691,309,802,441
3283,2,697,400,856,707
3283,1,692,309,800,431
3284,2,697,399,855,707
3284,1,692,309,800,428
3285,2,696,399,855,705
3285,1,692,309,801,428
