frame,person_id,x1,y1,x2,y2
1,0,664,390,827,700
1,1,656,319,774,433
2,0,664,390,827,700
2,1,656,319,774,432
3,0,664,390,827,700
3,1,657,318,774,430
4,0,664,389,828,699
4,1,657,318,774,430
5,0,665,389,828,701
5,1,657,317,774,430
6,0,665,389,829,702
6,1,657,317,775,432
7,0,665,389,829,704
7,1,658,317,775,431
8,0,665,389,829,703
8,1,658,317,775,431
9,0,665,389,829,703
9,1,658,317,775,432
10,0,665,389,830,703
10,1,658,317,775,433
11,1,659,316,776,433
11,0,666,389,830,701
12,0,666,389,831,702
12,1,659,316,776,433
13,0,666,389,831,703
13,1,659,316,776,432
14,1,659,316,777,432
14,0,666,389,831,707
15,0,666,389,831,708
15,1,659,316,777,431
16,0,666,389,832,708
16,1,660,316,777,430
17,0,666,389,832,709
17,1,660,316,777,431
18,0,666,389,833,709
18,1,660,316,778,432
19,0,667,390,832,709
19,1,660,316,778,432
20,1,660,316,778,432
20,0,667,390,832,707
21,0,667,391,832,707
21,1,660,316,778,431
22,0,667,391,832,707
22,1,660,316,778,433
23,0,667,390,832,706
23,1,660,316,778,434
24,1,660,316,778,434
24,0,667,390,832,703
25,1,660,316,778,434
25,0,666,390,833,704
26,0,666,390,833,704
26,1,660,316,778,434
27,0,666,390,833,702
27,1,660,315,778,433
28,0,666,389,833,703
28,1,659,315,778,431
29,1,659,315,778,431
29,0,666,389,833,707
30,1,660,314,778,431
30,0,666,388,833,712
31,1,660,313,778,432
31,0,666,388,833,708
32,1,660,313,778,431
32,0,666,387,833,707
33,0,666,387,833,707
33,1,660,313,778,432
34,0,665,386,833,706
34,1,660,312,777,432
35,1,660,312,777,432
35,0,665,386,833,703
36,0,665,386,833,707
36,1,660,312,777,430
37,0,666,386,833,707
37,1,660,311,778,431
38,0,666,386,833,708
38,1,660,311,778,429
39,0,666,386,833,708
39,1,660,311,778,428
40,0,666,386,833,710
40,1,660,311,778,427
41,0,666,386,833,711
41,1,660,311,778,428
42,0,666,386,833,709
42,1,660,311,778,429
43,1,660,311,778,428
43,0,666,386,833,709
44,0,666,385,833,707
44,1,661,311,778,430
45,1,661,311,779,429
45,0,666,385,833,702
46,0,666,385,833,702
46,1,660,311,779,430
47,0,666,384,833,702
47,1,660,311,779,431
48,0,666,384,833,702
48,1,660,311,779,430
49,0,666,384,832,700
49,1,660,311,779,429
50,0,665,384,832,701
50,1,660,310,779,428
51,0,665,384,832,701
51,1,660,310,778,429
52,0,665,384,832,701
52,1,659,310,778,434
53,0,665,384,832,701
53,1,659,310,778,434
54,0,665,383,832,699
54,1,659,309,778,432
55,0,665,383,832,701
55,1,659,309,778,437
56,0,665,383,831,701
56,1,659,309,777,438
57,0,665,383,832,700
57,1,659,309,778,441
58,0,665,383,832,697
58,1,659,309,778,442
59,0,665,383,832,696
59,1,659,309,778,442
60,1,660,309,778,441
60,0,665,382,831,699
61,0,665,382,832,699
61,1,660,309,778,439
62,0,665,382,831,698
62,1,660,308,779,440
63,0,665,381,831,694
63,1,660,308,779,438
64,1,660,308,779,439
64,0,666,381,831,697
65,0,666,380,831,698
65,1,660,308,779,438
66,1,660,308,778,437
66,0,666,379,832,704
67,0,666,378,832,703
67,1,660,308,778,434
68,0,667,377,831,700
68,1,660,307,778,426
69,0,667,377,831,703
69,1,660,307,779,433
70,1,661,307,779,435
70,0,668,375,832,701
71,1,661,307,779,435
71,0,670,375,833,699
72,1,661,307,779,436
72,0,671,373,833,694
73,0,673,372,833,691
73,1,661,307,779,430
74,1,661,306,779,430
74,0,675,371,833,689
75,1,662,306,780,430
75,0,677,369,833,689
76,0,678,368,833,691
76,1,661,306,778,431
77,0,681,365,833,693
77,1,661,306,775,427
78,0,682,364,833,693
78,1,661,306,771,423
79,0,685,363,833,693
79,1,661,306,769,420
80,0,687,360,833,693
80,1,661,305,768,418
81,1,661,305,768,418
81,0,689,360,833,693
82,1,661,305,768,418
82,0,688,361,833,694
83,0,687,360,834,692
83,1,661,305,768,419
84,1,661,305,768,423
84,0,682,360,834,688
85,1,661,305,769,421
85,0,681,360,834,680
85,2,684,361,834,533
86,2,685,361,834,531
86,0,681,360,835,674
86,1,661,305,769,423
87,2,683,361,835,534
87,0,682,360,835,665
87,1,662,305,769,429
88,2,682,361,836,533
88,0,681,360,836,660
88,1,661,304,770,440
89,2,684,362,836,532
89,1,661,304,770,437
89,0,683,361,836,653
90,2,685,361,836,533
90,1,661,304,770,442
90,0,683,362,836,643
91,2,684,362,837,533
91,0,683,363,837,634
91,1,661,304,771,451
92,2,684,362,837,530
92,0,683,361,838,641
92,1,661,303,770,464
93,2,684,362,838,530
93,0,682,363,838,640
93,1,662,303,770,467
94,0,681,363,839,640
94,1,662,303,771,466
94,2,684,362,838,529
95,2,683,363,838,529
95,0,680,361,838,640
95,1,662,303,771,471
96,1,662,303,771,471
96,0,680,361,838,640
96,2,684,362,838,528
97,0,680,360,839,640
97,1,662,302,771,474
97,2,685,361,838,527
98,0,679,360,838,637
98,2,683,360,838,528
98,1,662,302,771,468
99,0,679,359,838,637
99,2,683,360,837,529
99,1,663,302,771,463
99,3,664,303,770,402
100,0,679,359,837,638
100,2,682,359,837,529
100,3,664,303,769,405
100,1,664,302,771,457
101,0,679,358,836,639
101,2,682,358,836,529
101,1,664,302,771,455
101,3,664,303,770,411
102,3,664,303,770,410
102,0,679,357,836,640
102,2,682,357,835,529
102,1,664,302,771,463
103,0,680,356,835,640
103,2,683,356,835,529
103,1,664,302,771,465
103,3,664,302,770,406
104,0,680,355,835,640
104,2,683,355,834,529
104,1,664,302,770,464
104,3,666,302,770,411
105,0,680,354,835,639
105,2,683,354,834,529
105,1,663,302,769,460
106,0,682,354,835,639
106,2,684,354,833,529
106,1,663,301,768,448
107,0,683,352,834,639
107,2,685,352,833,527
107,1,663,301,767,439
108,0,684,350,833,640
108,2,686,350,832,527
108,1,663,301,766,437
109,0,686,349,833,640
109,2,687,349,831,528
109,3,663,301,766,418
110,0,686,347,832,639
110,2,687,347,831,529
110,3,663,301,764,420
111,2,685,345,829,530
111,3,663,301,760,420
111,0,684,343,829,637
111,1,663,301,761,476
112,0,684,341,828,639
112,3,663,301,758,421
112,1,663,301,760,470
113,1,663,301,760,470
113,0,682,339,826,640
114,1,663,301,759,472
114,0,683,338,824,640
115,0,673,338,822,640
116,0,669,333,820,640
116,2,670,334,820,518
117,0,668,331,817,640
117,2,674,332,817,517
118,3,663,301,755,406
118,2,694,330,814,510
118,0,699,331,814,640
119,0,706,330,810,639
119,2,703,330,810,505
120,0,702,330,809,638
120,2,696,327,804,497
121,0,699,329,806,636
122,0,693,326,793,637
122,1,662,300,784,481
122,2,681,324,788,487
123,2,679,324,785,487
123,0,686,325,791,637
124,2,674,322,784,487
124,0,675,320,787,637
125,2,670,321,784,487
125,0,667,320,785,637
126,0,658,318,786,637
126,2,660,319,787,486
127,0,657,319,789,636
127,2,658,319,791,485
127,3,661,296,787,418
128,2,657,320,793,485
128,0,657,320,793,635
128,3,662,296,787,412
129,0,662,321,797,635
129,3,663,296,790,405
129,2,661,316,798,484
130,3,662,296,791,406
130,2,662,314,800,485
130,0,662,318,800,636
131,2,662,313,802,485
131,3,662,296,792,404
131,0,663,316,803,636
132,2,663,313,803,485
132,0,664,315,804,635
132,3,662,296,792,402
133,3,662,296,794,402
133,0,665,311,805,635
134,0,666,306,804,633
135,0,666,308,804,634
136,0,665,302,804,635
137,0,666,308,804,634
138,0,667,306,803,633
138,3,663,294,795,398
139,0,668,306,803,633
139,3,663,294,794,399
140,0,668,310,803,633
140,3,663,294,793,400
141,0,668,312,803,633
141,3,663,294,791,399
142,0,669,312,803,634
142,3,664,295,789,398
143,3,664,295,789,398
143,0,669,311,804,634
144,0,669,308,804,634
144,3,665,295,788,399
145,0,670,308,804,634
145,3,668,295,787,395
146,0,670,315,804,635
146,3,671,294,787,398
147,0,670,316,804,634
148,0,671,317,804,634
149,0,671,317,804,634
150,0,671,314,804,634
151,0,670,315,804,634
151,3,675,294,780,392
152,0,671,313,804,635
152,3,675,294,787,396
153,0,670,313,804,635
153,3,674,293,787,397
154,3,675,294,788,397
154,0,670,311,804,635
155,3,674,293,788,397
155,0,670,313,804,634
156,0,670,311,804,634
156,3,674,293,788,396
157,0,670,311,804,635
157,3,674,293,787,397
158,0,670,309,804,635
158,3,674,293,787,397
159,3,675,293,787,397
159,0,670,311,804,635
160,3,675,293,787,397
160,0,670,313,803,635
161,0,670,315,802,634
161,3,674,293,788,398
162,0,671,315,801,634
162,3,674,293,789,397
162,4,672,315,800,485
163,0,672,316,802,634
163,3,675,293,790,396
164,0,672,316,802,633
164,3,676,293,789,394
165,3,676,293,789,394
165,0,672,318,802,634
166,0,672,318,802,634
166,3,676,293,789,393
167,0,673,322,802,635
167,3,677,294,787,391
168,0,673,321,802,635
168,3,677,294,786,390
169,0,674,320,803,635
169,3,677,294,785,390
170,0,674,321,803,635
170,3,677,294,784,389
171,0,674,322,803,635
171,3,677,294,786,390
172,3,677,294,785,390
172,0,674,322,803,635
173,0,674,322,804,635
173,3,677,294,786,391
174,0,674,324,804,634
174,3,677,294,787,392
175,0,674,323,804,633
175,3,677,294,786,391
176,0,674,324,804,633
176,3,677,294,786,391
177,0,674,322,804,633
177,3,676,294,786,390
178,0,674,321,804,633
178,3,676,294,786,391
179,0,674,320,804,634
179,3,677,294,786,392
180,0,674,319,804,633
180,3,676,294,786,393
181,0,674,319,803,633
181,3,676,294,785,392
182,3,677,294,786,392
182,0,674,320,804,634
183,0,674,320,804,633
183,3,676,294,785,392
184,0,675,319,804,633
184,3,676,294,784,392
185,0,674,316,804,634
185,3,676,294,786,393
186,0,675,314,804,634
186,3,676,294,785,393
187,0,675,313,805,634
187,3,676,294,785,394
188,0,675,312,805,634
188,3,676,294,785,395
189,0,675,310,805,633
189,3,676,294,786,395
190,3,676,294,786,394
190,0,676,313,805,633
191,0,676,313,805,634
191,3,676,294,786,393
192,3,676,294,786,393
192,0,676,312,806,634
193,3,676,294,786,393
193,0,676,311,806,634
194,0,676,312,806,634
194,3,676,294,785,393
195,3,676,294,785,393
195,0,676,314,806,634
196,0,677,315,806,634
196,3,676,294,785,393
197,3,676,294,785,393
197,0,676,313,806,633
198,0,676,312,806,633
198,3,676,294,784,392
199,3,676,294,784,392
199,0,676,315,805,633
200,3,676,294,784,392
200,0,676,316,805,632
201,0,676,316,805,632
201,3,676,294,785,393
202,0,676,316,805,632
202,3,676,294,785,393
203,0,676,317,805,632
203,3,676,294,785,393
204,0,676,315,805,632
204,3,676,294,784,393
205,3,676,294,784,393
205,0,676,317,805,632
206,3,676,294,784,394
206,0,675,315,805,632
207,0,675,314,805,632
207,3,676,294,784,394
208,0,675,314,805,632
208,3,675,294,785,394
209,0,675,316,804,632
209,3,676,294,784,394
210,3,676,294,784,394
210,0,675,316,804,632
211,0,675,315,804,632
211,3,676,294,784,393
212,0,675,315,804,632
212,3,676,294,783,393
213,0,675,315,804,632
213,3,676,294,783,393
214,0,675,313,804,632
214,3,676,294,783,394
215,3,676,294,783,394
215,0,675,313,805,632
216,0,675,313,805,632
216,3,676,294,784,394
217,0,675,314,804,631
217,3,676,294,784,393
218,0,675,314,804,632
218,3,676,294,784,394
219,3,675,294,784,394
219,0,674,312,805,632
220,0,674,312,805,632
220,3,675,294,784,395
221,0,674,313,805,632
221,3,675,294,783,394
222,0,674,313,804,632
222,3,675,295,782,395
223,3,675,295,783,394
223,0,676,315,804,632
224,0,675,314,804,632
224,3,675,295,783,395
225,0,675,314,804,631
225,3,675,295,782,394
226,0,676,314,804,632
226,3,675,295,783,394
227,0,675,314,804,632
227,3,675,295,783,395
228,0,675,314,804,632
228,3,675,295,784,395
229,3,675,295,784,395
229,0,676,314,805,632
230,3,675,294,784,395
230,0,675,314,805,632
231,3,675,295,783,395
231,0,675,314,804,632
232,0,675,310,804,632
232,3,675,295,782,396
233,0,675,310,804,632
233,3,675,295,782,396
234,0,675,309,804,632
235,0,676,310,804,631
235,3,675,295,781,394
236,0,676,312,804,631
236,3,676,295,781,393
237,0,676,312,805,632
237,3,676,295,782,394
238,3,676,295,782,394
238,0,676,312,805,632
239,0,676,313,805,632
239,3,675,295,781,394
240,0,676,313,805,631
240,3,675,295,781,394
241,0,676,314,806,632
241,3,676,295,783,392
242,0,677,312,805,632
242,3,675,295,781,394
243,0,677,312,805,632
243,3,676,295,781,394
244,0,677,312,805,632
244,3,676,295,781,393
245,0,676,311,805,632
246,0,676,309,805,632
247,0,676,308,805,632
248,0,676,309,805,632
249,0,676,309,806,632
250,0,676,309,806,632
251,0,676,308,806,632
252,0,676,308,806,632
253,0,676,305,806,632
253,3,679,305,805,481
254,3,678,306,805,480
254,0,675,306,806,631
255,3,678,307,804,480
255,0,675,307,805,631
256,0,675,306,806,631
257,0,675,307,805,631
258,0,676,307,805,631
259,0,675,307,805,630
260,0,676,310,805,630
260,3,677,313,804,481
261,0,676,310,805,630
261,3,677,313,804,481
262,0,676,310,805,630
262,3,677,313,804,481
263,0,676,310,805,630
263,3,679,310,804,481
264,0,676,309,805,630
264,3,679,309,804,480
265,3,678,309,804,480
265,0,676,309,805,630
266,0,676,308,805,629
266,3,678,308,804,480
267,3,679,308,804,480
267,0,676,307,805,629
268,0,677,308,805,629
268,3,679,308,804,480
269,0,677,307,805,629
269,3,679,308,804,479
270,0,677,308,805,628
270,3,679,309,804,479
271,0,677,308,805,628
271,3,679,308,804,479
272,0,676,306,805,628
272,3,678,306,804,479
273,0,676,308,805,628
273,3,678,309,804,479
274,0,675,309,805,627
274,3,678,310,804,479
275,0,675,308,805,627
275,3,678,309,804,479
276,0,675,308,805,627
276,3,677,309,804,479
277,3,677,308,804,479
277,0,675,308,805,628
278,3,677,308,804,479
278,0,675,308,805,628
279,0,675,310,805,627
279,3,678,310,804,479
280,0,676,309,805,627
280,3,678,309,804,479
281,3,677,308,804,479
281,0,675,309,804,627
282,3,677,309,804,479
282,0,674,310,804,627
283,0,674,309,805,627
283,3,677,308,804,479
284,0,673,308,804,627
284,3,677,307,804,479
285,0,673,306,804,627
285,3,676,305,804,479
286,0,672,307,804,627
286,3,676,306,804,478
287,0,672,306,804,626
287,3,674,305,804,479
288,0,672,307,804,626
288,3,675,307,804,479
289,0,672,309,804,627
289,3,675,307,804,478
290,3,675,307,804,479
290,0,673,309,804,627
291,0,673,309,805,627
291,3,676,307,804,479
292,0,674,310,805,627
292,3,677,309,804,479
293,0,674,309,805,627
293,3,677,308,804,479
294,0,674,307,805,627
294,3,677,306,804,478
295,0,674,310,805,627
295,3,678,309,804,478
296,0,674,309,805,627
296,3,677,308,804,478
297,0,674,307,805,627
297,3,677,307,804,478
298,0,674,306,805,627
298,3,677,306,804,477
299,3,676,306,804,477
299,0,674,307,805,626
300,0,674,308,805,626
300,3,677,307,804,477
301,0,673,309,804,623
301,3,674,308,804,478
302,0,674,308,805,624
302,3,678,307,803,477
303,0,673,306,805,625
303,3,677,306,804,477
304,0,674,308,805,624
304,3,677,307,804,477
305,0,673,306,805,624
305,3,677,306,804,477
306,0,674,308,805,625
306,3,678,307,804,477
307,3,677,307,804,477
307,0,674,308,805,625
308,0,675,308,805,625
308,3,678,307,804,477
309,0,674,307,806,625
309,3,676,306,804,477
310,0,674,308,805,625
310,3,677,308,804,477
311,3,678,309,804,476
311,0,674,309,806,624
312,3,677,306,804,476
312,0,674,307,807,625
313,3,678,307,804,476
313,0,675,307,805,624
314,3,678,308,804,476
314,0,675,307,806,624
315,0,675,305,806,624
315,3,679,306,804,477
316,3,679,306,804,476
316,0,676,307,806,624
317,0,675,307,807,624
317,3,678,306,804,476
318,0,676,307,807,624
318,3,679,307,804,476
319,0,676,305,807,624
319,3,678,305,804,476
320,0,676,306,807,625
320,3,680,307,804,476
321,3,680,307,804,476
321,0,676,306,807,624
322,0,676,308,807,624
322,3,680,309,804,476
323,0,676,307,806,624
323,3,680,308,804,476
324,3,679,307,804,476
324,0,676,306,807,625
325,3,679,307,804,476
325,0,676,306,806,624
326,0,676,306,806,625
326,3,679,306,804,476
327,0,677,305,806,624
327,3,679,304,804,476
328,0,677,305,806,625
328,3,680,305,804,476
329,0,677,305,806,625
329,3,680,304,803,475
330,0,675,305,807,625
331,0,675,303,806,625
331,3,679,301,804,475
332,0,676,304,806,624
332,3,679,301,803,475
333,3,680,301,804,475
333,0,676,304,806,625
334,3,680,302,804,476
334,0,676,303,806,624
335,0,675,303,806,624
335,3,679,300,804,476
336,3,679,301,804,476
336,0,675,302,806,625
337,3,678,301,804,475
337,0,673,302,806,625
338,3,678,301,803,476
338,0,674,302,806,624
339,3,677,301,803,476
339,0,673,302,805,624
340,0,674,302,805,624
340,3,678,300,803,476
341,0,674,301,805,624
341,3,678,299,803,476
342,0,674,301,805,624
342,3,678,300,803,476
343,0,674,302,805,624
343,3,678,300,803,476
344,0,674,302,805,624
344,3,678,301,803,476
345,0,674,301,805,624
345,3,677,301,803,476
346,0,674,303,805,624
346,3,678,303,803,476
347,0,674,302,805,624
347,3,677,302,803,475
348,3,677,302,803,474
348,0,674,304,806,625
349,0,674,304,806,625
349,3,677,303,803,475
350,0,673,304,805,624
350,3,676,304,803,475
351,0,672,303,805,625
351,3,676,304,803,475
352,3,677,305,803,475
352,0,673,304,805,625
353,3,675,304,803,474
353,0,671,302,805,626
354,0,671,300,805,626
354,3,674,300,803,474
355,0,671,301,805,626
355,3,674,302,803,475
356,3,674,303,802,475
356,0,671,302,804,625
357,0,671,301,805,626
357,3,674,301,802,475
358,0,672,300,805,626
358,3,674,299,802,475
359,0,672,300,804,626
359,3,675,298,802,475
360,0,673,299,804,626
360,3,676,296,802,475
361,0,673,299,804,626
361,3,676,297,802,475
362,3,676,297,802,475
362,0,673,299,804,626
363,0,673,300,804,626
363,3,677,299,802,475
364,3,677,299,802,475
364,0,674,301,803,626
365,0,674,303,803,625
365,3,678,303,802,475
366,0,674,303,803,626
367,0,674,305,803,625
367,3,678,305,801,475
368,3,678,305,801,475
368,0,674,304,803,625
369,3,678,306,801,475
369,0,675,305,803,625
370,3,678,305,801,475
370,0,674,302,802,626
371,0,673,300,803,626
371,3,677,303,801,476
372,0,673,301,802,626
372,3,678,304,801,476
373,3,680,307,801,476
373,0,677,306,802,626
374,3,680,307,801,476
374,0,676,305,802,627
375,0,677,308,802,626
375,3,681,308,801,476
376,0,676,302,801,627
376,3,679,303,801,476
377,3,679,302,801,476
377,0,675,302,801,627
378,0,672,299,802,628
378,3,677,299,801,475
379,0,672,297,801,628
379,3,676,296,801,476
380,0,672,299,801,628
380,3,675,295,801,477
381,3,676,296,801,477
381,0,672,297,802,628
382,0,672,296,802,628
382,3,675,295,801,477
383,3,674,295,801,477
383,0,672,296,801,628
384,0,672,297,801,628
384,3,675,296,801,478
385,0,671,299,801,628
385,3,675,299,801,478
386,0,672,304,801,628
386,3,677,304,800,478
387,0,673,304,801,629
387,3,676,303,800,477
388,0,673,302,801,629
388,3,676,302,800,477
389,3,676,302,800,477
389,0,673,302,801,629
390,0,672,304,801,629
390,3,676,304,800,478
391,3,678,306,800,477
391,0,677,306,801,629
392,3,679,307,801,479
392,0,678,308,801,629
393,3,678,305,801,479
393,0,677,306,801,630
394,3,678,306,801,479
394,0,677,307,802,631
395,3,679,307,801,479
395,0,678,309,802,631
396,3,680,306,801,479
396,0,679,307,802,631
397,3,680,306,801,479
397,0,679,307,802,631
398,3,680,306,801,479
398,0,680,307,802,631
399,0,678,305,802,632
400,0,679,306,803,632
401,0,679,308,802,632
402,3,678,306,802,478
402,0,676,307,802,632
403,0,678,308,802,632
403,3,680,307,802,478
404,0,678,307,801,632
404,3,680,306,802,478
405,3,680,306,801,478
405,0,678,306,802,632
406,0,678,306,802,632
406,3,681,306,802,479
407,0,678,307,802,632
407,3,681,308,801,478
408,0,680,312,802,633
408,3,684,312,801,479
409,0,679,310,802,633
409,3,681,309,801,480
410,3,681,309,801,480
410,0,678,309,802,632
411,0,678,308,802,633
411,3,680,308,801,480
412,0,678,309,802,632
412,3,680,309,801,480
413,0,678,311,802,633
413,3,681,310,801,480
414,0,677,310,803,633
414,3,679,309,801,480
415,0,678,313,802,633
415,3,680,311,801,480
416,0,677,310,802,633
416,3,680,309,800,479
417,0,677,310,802,633
418,0,676,309,801,633
419,0,673,305,800,633
420,0,671,300,801,634
421,0,671,300,800,634
422,0,670,299,800,635
423,0,670,297,800,635
424,0,669,298,799,636
425,0,670,297,799,636
426,0,669,298,800,635
427,0,669,298,799,636
428,0,669,301,798,635
429,0,670,303,798,635
430,0,672,310,798,635
430,3,675,309,798,481
431,0,671,304,798,635
432,0,670,303,798,635
433,0,670,302,799,635
434,0,672,307,799,635
435,0,672,306,799,635
436,0,671,308,799,635
437,0,671,308,799,635
438,0,673,315,799,635
439,0,672,313,798,636
440,0,672,313,797,635
441,0,672,316,797,635
442,0,672,317,797,635
443,0,671,315,797,634
444,0,670,309,799,635
445,0,669,309,797,635
446,0,668,306,797,635
447,0,668,307,797,635
448,0,667,305,796,635
449,0,667,303,796,635
450,0,666,302,796,636
451,0,666,304,796,637
452,0,669,313,799,633
453,0,669,312,799,635
454,0,668,310,799,636
455,0,668,309,799,636
456,0,668,308,799,636
457,0,668,310,799,636
458,0,668,313,798,635
459,0,668,313,797,636
460,0,667,310,797,636
461,0,667,314,798,636
462,0,667,315,798,636
463,0,667,317,797,635
464,0,667,315,796,635
465,0,666,311,796,635
466,0,666,315,796,635
467,0,667,315,795,635
468,0,666,311,796,635
469,0,667,313,797,635
470,0,667,313,796,635
471,0,667,314,796,635
472,0,667,313,795,636
473,0,667,312,795,636
474,0,666,308,796,636
475,0,666,307,796,636
476,0,666,305,795,636
477,0,666,306,794,635
478,0,667,308,795,635
479,0,667,312,794,635
480,0,666,311,794,634
481,0,666,310,793,634
482,0,666,307,793,635
483,0,666,307,793,635
484,0,666,306,793,635
485,0,667,309,794,635
486,0,667,309,794,635
487,0,667,314,793,635
488,0,669,320,793,635
489,0,669,317,793,635
490,0,669,314,793,634
491,0,669,315,793,635
492,0,668,314,793,635
493,0,669,319,794,635
494,0,669,327,793,635
495,0,669,326,793,635
496,0,669,324,793,635
497,0,669,324,793,634
498,0,670,323,794,633
499,0,671,326,794,633
500,0,671,325,794,633
501,0,671,324,795,634
502,0,670,319,796,635
503,0,669,322,796,635
504,0,669,320,797,634
505,0,668,316,797,635
506,0,666,309,797,636
507,0,666,309,797,636
508,0,666,308,797,635
509,0,667,312,796,635
510,0,667,312,797,635
511,0,667,314,799,635
512,0,667,314,796,635
513,0,667,312,796,636
514,0,666,316,796,636
515,0,666,311,797,636
516,0,665,306,798,638
517,0,665,298,801,638
518,0,664,303,797,639
519,0,664,304,797,639
520,0,664,304,796,639
521,0,665,306,796,637
522,0,665,300,799,639
523,0,665,305,798,638
524,0,666,310,795,637
525,0,666,315,795,637
526,0,665,312,795,637
527,0,665,308,796,638
527,5,666,303,793,486
528,5,665,302,793,486
528,0,665,305,796,637
529,0,665,306,796,637
529,5,665,302,793,486
530,5,665,301,793,486
530,0,664,304,795,637
531,5,665,301,793,486
531,0,664,304,795,638
532,0,664,305,796,638
533,0,665,307,795,638
534,0,665,306,795,638
534,5,665,303,793,486
535,0,666,307,796,638
536,0,665,307,796,638
537,0,664,303,797,639
538,0,664,304,797,638
539,0,665,305,796,638
540,0,665,309,795,637
541,0,667,314,794,637
542,0,665,308,795,638
543,0,668,315,793,637
544,0,667,313,794,637
545,0,667,313,794,637
546,0,666,311,794,637
547,0,666,311,794,637
548,0,664,304,794,637
549,5,666,304,792,486
549,0,666,307,793,636
550,0,667,310,793,636
550,5,667,308,793,486
551,0,668,310,794,636
551,5,667,310,793,487
552,0,668,309,794,635
552,5,667,309,793,486
553,5,667,308,793,487
553,0,668,309,795,636
554,5,667,307,793,487
554,0,667,308,794,636
555,0,667,310,794,636
556,0,667,313,793,635
557,0,666,311,793,635
557,5,667,312,793,487
558,0,667,312,793,635
558,5,668,314,793,487
559,0,668,315,793,637
559,5,669,315,793,486
560,0,667,313,793,635
560,5,668,315,793,486
561,0,666,311,792,635
562,0,666,313,792,635
562,5,667,313,793,487
563,0,666,315,792,635
563,5,667,315,793,487
564,0,667,317,793,635
564,5,668,317,793,487
565,0,667,319,792,635
565,5,669,318,792,487
566,0,666,320,792,635
566,5,668,318,792,487
567,0,667,319,792,636
568,0,666,319,792,636
568,5,668,317,792,487
569,0,667,323,792,637
569,5,669,321,792,487
570,5,668,321,792,488
570,0,667,323,793,636
571,5,668,321,792,488
571,0,667,323,793,636
572,5,669,320,792,488
572,0,668,322,792,636
573,0,669,322,792,635
574,0,669,323,792,636
575,0,668,323,792,636
576,0,668,324,791,636
576,5,669,323,792,488
577,0,668,324,791,636
577,5,669,323,792,488
578,5,669,323,792,488
578,0,668,323,791,636
579,0,668,325,792,636
579,5,669,325,792,488
580,0,668,327,791,636
580,5,669,326,791,488
581,5,669,326,791,488
581,0,667,326,791,636
582,0,668,327,791,636
582,5,669,327,791,488
583,5,669,326,791,488
583,0,667,327,791,635
584,5,669,327,791,488
584,0,668,328,791,635
585,0,667,329,791,635
585,5,669,328,791,488
586,5,669,327,791,488
586,0,667,328,791,635
587,0,667,329,791,635
587,5,669,328,791,488
588,0,667,331,791,635
588,5,669,330,791,488
589,0,667,333,791,636
589,5,669,332,791,489
590,5,669,332,790,489
590,0,667,332,791,636
591,5,669,330,790,489
591,0,667,331,790,636
592,0,667,329,790,636
592,5,669,328,790,488
593,0,668,331,791,636
593,5,670,330,791,488
594,0,668,327,791,637
594,5,670,327,790,488
595,0,667,324,791,636
595,5,669,324,791,489
596,5,670,324,791,489
596,0,668,324,791,636
597,0,668,324,791,636
597,5,670,324,791,488
598,0,666,324,791,636
598,5,669,324,792,489
599,0,666,324,791,637
599,5,669,323,792,489
600,5,669,324,792,489
600,0,666,324,792,637
601,0,669,329,791,638
601,5,670,328,791,488
602,0,669,328,791,638
602,5,671,326,792,489
603,5,671,328,792,489
603,0,669,331,791,638
604,5,671,327,792,489
604,0,669,329,791,639
605,5,671,327,791,489
605,0,669,330,791,640
606,5,671,327,791,489
606,0,669,329,791,640
607,5,671,329,791,489
607,0,670,331,790,639
608,0,669,332,790,639
608,5,670,330,791,489
609,0,668,333,790,639
609,5,669,332,791,489
610,5,669,331,791,489
610,0,668,332,790,638
611,5,669,331,791,489
611,0,668,332,790,637
612,5,669,331,791,489
612,0,668,332,790,637
613,0,668,333,790,637
613,5,669,332,791,489
614,5,669,331,790,489
614,0,669,331,790,636
615,5,669,332,790,489
615,0,669,331,790,637
616,5,669,331,790,489
616,0,668,331,790,636
617,5,669,331,790,489
617,0,668,331,790,635
618,5,669,330,790,489
618,0,667,330,790,635
619,5,669,332,790,489
619,0,667,332,790,636
619,6,659,299,743,428
620,0,667,333,790,636
620,5,668,332,790,488
621,5,668,333,790,489
621,0,667,333,790,636
622,5,669,333,790,489
622,0,667,333,790,635
623,0,667,333,790,635
623,5,668,333,789,489
624,5,669,333,789,489
624,0,667,333,791,638
625,5,668,333,789,489
625,0,666,333,790,636
626,5,668,334,789,489
626,0,667,334,790,637
627,5,668,334,789,489
627,0,667,334,790,638
628,5,668,333,789,489
628,0,666,334,790,637
629,5,668,332,789,489
629,0,665,333,790,637
630,5,667,333,789,489
630,0,665,333,790,637
631,5,668,333,789,489
631,0,665,333,790,637
632,0,665,332,790,637
632,5,667,332,789,489
633,5,667,331,788,489
633,0,665,331,789,636
634,5,668,330,787,489
634,0,665,330,789,637
635,5,668,330,787,489
635,0,666,329,789,638
636,0,665,327,790,636
636,5,668,326,787,490
637,5,668,326,787,490
637,0,666,324,789,638
638,5,668,325,787,489
638,0,666,323,789,638
639,0,664,321,789,637
639,5,667,322,787,489
640,5,667,322,787,489
640,0,665,322,789,637
641,5,667,323,787,489
641,0,665,323,789,638
642,5,668,324,787,489
642,0,666,324,789,638
643,0,667,324,788,637
643,5,668,325,787,489
644,5,668,326,787,489
644,0,666,325,789,638
645,5,668,326,787,489
645,0,666,325,789,639
646,0,666,324,789,639
646,5,668,325,787,489
647,0,666,323,789,640
647,5,668,323,787,489
648,0,667,325,789,640
648,5,668,326,787,489
649,0,667,324,789,640
649,5,668,325,787,489
650,0,667,323,790,640
650,5,668,324,787,489
651,5,669,323,787,489
651,0,667,321,790,640
652,5,669,324,787,489
652,0,667,323,789,639
653,5,669,325,787,489
653,0,667,324,789,640
653,7,656,299,751,481
654,5,668,324,787,489
654,0,665,323,791,640
655,5,666,321,787,489
655,0,662,320,789,640
656,0,659,321,789,640
656,5,663,323,787,489
657,0,662,322,790,640
657,5,665,323,787,489
657,7,654,300,752,481
658,7,654,300,752,481
658,5,666,324,787,489
658,0,663,323,789,640
659,7,654,299,753,481
659,5,666,325,787,489
659,0,663,324,789,639
660,5,665,323,788,489
660,0,662,321,790,641
661,5,667,327,788,489
661,0,664,326,790,641
662,5,668,327,788,489
662,0,666,327,790,641
663,5,668,327,788,489
663,0,665,326,790,640
664,5,667,325,788,489
664,0,664,323,790,641
665,0,664,328,790,642
665,5,667,328,788,489
666,0,664,326,790,642
666,5,666,324,789,489
667,5,667,324,789,490
667,0,664,325,790,641
668,0,664,330,791,641
668,5,666,327,790,490
669,0,663,330,791,641
669,5,667,328,791,490
670,0,663,331,791,640
670,5,667,330,791,490
671,0,666,332,791,640
671,5,668,331,791,490
672,0,666,331,791,641
672,5,669,330,791,490
673,5,669,329,791,490
673,0,666,329,792,642
674,5,668,329,790,490
674,0,665,329,791,641
675,0,665,328,792,641
675,5,668,328,791,490
676,5,668,328,790,491
676,0,665,329,791,641
677,0,663,325,791,642
677,5,666,325,790,491
678,0,663,329,792,642
678,5,666,329,790,491
679,0,663,335,792,642
679,5,667,334,790,490
680,0,664,336,791,641
680,5,667,335,789,490
681,0,664,334,791,640
681,5,667,334,789,490
682,0,664,335,791,640
682,5,667,335,790,490
683,0,664,335,791,640
683,5,667,335,790,490
684,5,667,334,790,490
684,0,663,334,790,638
685,0,663,335,790,639
685,5,667,335,789,490
686,0,663,333,790,638
686,5,667,333,789,490
687,5,667,332,789,490
687,0,663,332,791,638
688,0,662,333,790,638
688,5,666,333,789,490
689,5,666,333,789,490
689,0,662,333,790,637
690,0,662,334,790,637
690,5,667,335,789,491
691,5,667,336,789,490
691,0,663,335,790,636
692,5,667,336,789,490
692,0,663,335,790,638
693,5,667,336,789,491
693,0,664,336,789,638
694,0,664,336,789,638
694,5,668,336,789,491
695,5,668,336,788,491
695,0,664,336,790,639
696,0,664,336,790,640
696,5,667,336,789,491
697,0,664,336,790,640
697,5,667,336,789,491
698,5,667,336,789,491
698,0,665,336,791,641
699,5,667,335,789,491
699,0,664,335,791,641
700,0,664,335,791,640
700,5,667,334,790,491
701,0,664,333,791,640
701,5,667,332,789,491
702,0,664,331,791,640
702,5,667,331,789,491
703,5,668,331,790,491
703,0,665,332,790,640
704,0,664,331,790,638
704,5,667,330,790,491
705,5,668,330,790,491
705,0,665,331,791,638
706,0,666,329,791,637
706,5,668,328,791,491
707,0,666,329,791,637
707,5,669,328,791,491
708,0,666,329,791,637
708,5,669,328,791,491
709,5,669,327,792,491
709,0,667,328,792,636
710,5,669,327,792,492
710,0,667,328,792,636
711,0,667,328,792,637
711,5,669,328,792,492
712,5,669,329,792,492
712,0,666,329,792,637
713,5,669,329,792,492
713,0,666,330,791,636
714,5,668,329,792,492
714,0,665,330,792,638
715,5,669,330,792,492
715,0,665,331,791,638
716,5,669,329,792,492
716,0,665,330,791,636
717,5,669,330,792,492
717,0,666,330,791,636
718,5,669,329,792,492
718,0,666,329,792,635
719,5,669,328,792,492
719,0,666,328,791,636
720,5,670,327,792,492
720,0,667,326,791,636
721,0,667,326,792,636
721,5,670,327,793,492
722,5,670,327,793,492
722,0,668,326,792,637
723,5,669,327,793,492
723,0,668,327,792,638
724,5,669,326,793,492
724,0,667,325,792,639
725,5,669,326,793,492
725,0,667,325,792,639
726,5,670,328,793,492
726,0,668,328,792,640
727,5,670,328,793,492
727,0,669,328,792,639
728,5,671,327,793,492
728,0,669,328,793,639
729,5,670,327,793,492
729,0,669,328,793,642
730,5,671,327,793,492
730,0,670,328,793,642
731,0,671,328,793,642
731,5,672,328,793,492
732,5,671,327,793,492
732,0,670,326,793,640
733,5,671,325,793,492
733,0,671,325,793,643
734,0,670,326,793,643
734,5,671,326,794,492
735,0,670,325,793,643
735,5,671,325,794,492
736,0,670,326,793,643
736,5,671,326,794,493
737,5,671,325,794,493
737,0,670,325,794,643
738,5,671,325,794,493
738,0,670,328,794,643
739,0,671,331,794,643
739,5,671,329,794,492
740,0,671,331,794,643
740,5,672,329,794,493
741,0,671,330,794,643
741,5,672,329,794,492
742,0,671,328,795,643
742,5,672,327,795,492
743,0,672,326,795,643
743,5,673,325,795,492
744,0,672,327,796,643
744,5,673,326,795,492
745,5,674,326,796,492
745,0,673,327,796,644
746,0,674,327,796,643
746,5,675,327,796,493
747,0,674,327,796,643
747,5,675,326,796,493
748,5,675,327,796,493
748,0,674,327,797,642
749,5,675,328,797,493
749,0,674,328,797,639
750,5,673,328,797,493
750,0,672,328,798,642
751,5,674,329,797,493
751,0,673,330,798,641
752,0,676,329,800,644
753,0,676,329,801,644
754,0,675,327,802,644
755,0,675,326,802,645
756,0,676,327,803,646
757,0,674,324,803,647
758,0,674,325,803,646
758,5,664,306,764,486
759,0,674,327,803,644
759,5,674,325,801,493
760,0,674,325,803,646
761,0,674,324,803,645
761,5,673,322,802,493
762,0,675,325,803,645
762,5,674,323,802,494
763,5,674,323,802,493
763,0,674,327,802,644
764,5,673,323,801,494
764,0,674,326,802,646
765,0,675,325,802,647
765,5,675,324,801,494
766,5,675,324,801,494
766,0,675,326,802,647
767,0,677,326,802,648
767,5,678,325,801,494
768,5,678,326,801,494
768,0,677,326,802,648
769,0,678,326,803,648
769,5,679,326,801,494
770,0,676,327,803,648
770,5,677,327,801,495
771,0,677,328,802,648
771,5,679,328,801,495
772,0,677,328,801,647
772,5,679,330,800,495
773,5,680,331,799,495
773,0,678,329,800,647
774,0,678,329,800,647
774,5,679,331,799,495
775,0,678,329,800,646
775,5,679,331,800,495
776,0,677,329,800,646
776,5,679,331,800,495
777,0,678,329,800,647
777,5,680,330,800,495
778,0,678,328,801,646
778,5,679,330,800,495
779,5,679,330,800,495
779,0,678,328,801,647
780,5,679,330,800,495
780,0,677,328,801,647
781,5,680,330,800,495
781,0,678,329,801,648
782,5,680,330,800,495
782,0,678,329,801,647
783,0,677,328,801,647
783,5,679,329,800,495
784,0,677,328,801,647
784,5,679,329,800,495
785,0,677,327,801,647
785,5,679,328,800,495
786,0,678,327,801,647
786,5,679,328,800,495
787,0,678,328,801,647
787,5,679,328,800,496
788,0,677,328,801,646
788,5,678,329,800,495
789,0,677,328,801,646
789,5,677,329,800,495
790,0,677,328,801,646
790,5,677,329,801,495
791,5,677,328,801,495
791,0,677,328,802,647
792,0,677,328,802,647
792,5,677,329,801,495
793,5,677,329,801,495
793,0,677,328,803,649
794,5,677,328,801,495
794,0,676,328,802,648
795,0,676,327,801,647
795,5,677,327,801,495
796,5,677,327,801,495
796,0,676,327,802,647
797,5,678,328,801,495
797,0,677,328,802,646
798,0,677,326,802,645
798,5,678,326,801,495
799,0,678,326,802,646
799,5,677,326,801,495
800,0,678,327,801,646
800,5,679,327,800,495
801,5,679,327,800,495
801,0,678,327,801,645
802,0,677,326,801,646
802,5,677,326,800,495
803,5,678,327,800,495
803,0,677,326,801,645
804,0,678,327,801,645
804,5,678,328,800,495
805,5,679,329,800,495
805,0,679,328,801,645
806,0,679,328,801,645
806,5,680,329,800,495
807,5,680,330,800,495
807,0,679,329,801,645
808,0,679,329,800,645
808,5,680,330,800,495
809,0,679,328,801,645
809,5,680,329,800,495
810,0,680,328,801,644
810,5,681,329,800,495
811,5,681,329,800,495
811,0,680,328,801,646
812,0,681,330,802,646
812,5,682,331,801,495
813,5,683,331,801,495
813,0,681,331,802,647
814,0,680,331,802,647
814,5,681,331,801,495
815,0,681,332,802,647
815,5,682,332,801,495
816,0,681,332,803,647
816,5,682,332,801,495
817,0,681,332,803,647
817,5,682,332,801,495
818,0,680,331,802,647
818,5,681,331,801,495
819,0,681,332,803,647
819,5,681,332,801,495
820,5,681,332,801,495
820,0,680,331,802,647
821,0,680,330,802,646
821,5,681,331,801,495
822,5,681,331,801,495
822,0,680,330,802,645
823,0,680,331,802,646
823,5,680,331,801,495
824,5,680,332,800,495
824,0,680,332,801,644
825,5,680,331,800,495
825,0,680,331,800,645
826,5,680,332,800,495
826,0,680,331,800,645
827,5,680,332,800,495
827,0,680,332,800,646
828,5,680,332,800,495
828,0,680,332,800,645
829,5,679,331,800,495
829,0,679,332,800,646
830,5,680,332,800,495
830,0,680,332,801,646
831,5,680,332,800,496
831,0,680,332,801,646
832,0,680,332,801,646
832,5,679,332,800,495
833,0,680,332,800,646
833,5,680,332,799,496
834,5,680,332,799,496
834,0,680,333,800,645
835,5,680,332,799,496
835,0,680,332,800,644
836,5,679,332,799,496
836,0,679,332,800,643
837,5,679,332,799,496
837,0,679,332,800,645
838,5,679,332,799,496
838,0,679,333,799,645
839,0,680,333,799,645
839,5,680,333,799,496
840,0,680,334,799,646
840,5,680,334,799,496
841,5,679,334,799,495
841,0,680,334,799,644
842,0,680,333,799,643
842,5,680,333,799,496
843,0,681,330,799,642
843,5,681,330,798,496
844,5,682,331,798,495
844,0,681,331,799,645
845,0,681,328,800,646
845,5,682,328,799,495
846,0,681,334,799,644
846,5,682,335,799,495
847,0,682,333,799,642
847,5,683,334,798,495
848,0,682,333,799,643
848,5,683,333,799,495
849,0,682,333,800,644
849,5,683,332,799,495
850,0,682,332,800,645
850,5,682,332,799,495
851,0,682,330,800,645
851,5,683,330,799,495
852,5,682,330,799,495
852,0,681,330,800,644
853,5,682,330,799,495
853,0,682,330,799,646
854,5,682,330,799,495
854,0,681,330,800,647
855,0,681,330,800,646
855,5,681,330,799,495
856,5,681,330,799,495
856,0,681,330,799,645
857,5,681,330,799,495
857,0,680,330,799,644
858,5,681,330,798,495
858,0,680,330,799,642
859,5,681,330,798,495
859,0,681,329,799,643
860,5,680,330,798,494
860,0,680,330,799,645
861,0,681,330,799,645
861,5,681,330,798,495
862,0,680,328,799,645
862,5,681,328,798,495
863,0,681,328,799,645
863,5,683,329,799,494
864,0,681,328,799,645
864,5,682,328,799,494
865,0,680,328,800,644
865,5,680,329,799,494
866,0,681,328,799,644
866,5,683,329,799,494
866,8,661,305,745,485
867,0,682,327,799,644
867,8,661,305,745,484
867,5,684,327,799,494
868,0,681,328,799,643
868,5,683,329,799,494
869,0,681,325,799,644
869,5,682,326,799,494
870,0,681,325,799,644
870,5,683,325,799,494
871,0,679,325,799,642
871,5,681,327,799,494
872,5,680,327,799,494
872,0,679,325,799,641
873,0,679,325,799,641
873,5,679,327,799,494
874,5,679,326,799,494
874,0,677,324,799,641
875,5,679,328,799,494
875,0,679,326,799,642
876,5,679,328,799,494
876,0,678,326,799,642
877,0,679,327,800,640
877,5,679,329,800,494
878,5,679,330,800,494
878,0,678,329,799,637
879,5,680,330,800,494
879,0,679,329,799,635
879,8,661,310,734,481
880,5,680,330,800,494
880,8,661,310,733,481
880,0,679,328,800,637
881,5,681,330,800,494
881,0,679,327,800,638
881,8,663,313,734,483
882,5,681,330,800,494
882,0,679,328,800,636
882,8,662,313,733,484
883,5,681,330,800,494
883,0,679,327,800,636
883,8,663,313,733,482
884,5,680,330,800,494
884,0,679,327,800,639
884,8,663,313,733,485
885,5,680,329,800,494
885,0,678,327,801,641
885,8,662,313,732,484
886,5,680,329,800,494
886,8,662,313,732,484
886,0,679,327,801,643
887,5,680,329,800,494
887,0,679,327,801,645
887,8,662,313,733,484
888,8,662,313,733,484
888,5,680,329,800,494
888,0,679,327,800,643
889,0,679,327,800,643
889,5,680,329,799,494
890,5,680,329,800,494
890,0,679,327,800,644
890,8,662,313,733,483
891,0,679,327,800,643
891,8,662,313,733,483
891,5,680,329,800,494
892,5,680,329,800,494
892,0,679,327,800,644
893,5,680,329,800,494
893,0,679,327,800,645
893,8,662,313,733,483
894,5,680,329,799,494
894,0,679,327,800,645
895,5,679,329,799,494
895,0,679,327,800,645
896,5,679,329,799,494
896,0,679,327,800,644
897,0,679,327,799,644
897,5,679,328,799,494
898,0,678,327,799,645
898,5,678,329,799,494
899,5,679,329,799,494
899,0,679,327,799,647
900,0,679,327,799,646
900,5,679,329,799,494
901,0,675,328,799,648
901,5,674,329,798,494
902,5,676,329,798,495
902,0,676,328,799,647
903,5,676,329,798,495
903,0,677,327,799,647
904,0,678,328,799,647
904,5,677,329,798,495
905,0,677,328,799,647
905,5,677,329,798,495
905,8,680,331,799,559
906,5,677,329,798,495
906,0,677,328,799,647
907,5,677,329,798,495
907,0,677,328,799,647
908,5,677,329,798,495
908,0,677,328,799,648
909,5,676,329,798,495
909,0,677,328,799,648
910,5,676,329,798,495
910,0,677,328,799,648
911,5,676,329,798,495
911,0,676,328,799,648
912,5,676,329,798,495
912,0,678,327,799,648
913,5,675,328,798,495
913,0,675,327,799,648
914,5,675,329,798,495
914,0,676,327,799,648
915,5,675,329,798,495
915,0,676,327,799,648
916,5,675,328,798,495
916,0,676,327,799,649
917,0,676,327,799,649
917,5,675,328,798,495
918,0,676,327,799,649
918,5,675,327,798,495
919,5,675,328,798,495
919,0,676,327,799,649
920,5,675,328,798,495
920,0,675,326,799,649
921,5,674,327,798,495
921,0,674,325,799,648
922,5,673,325,797,495
922,0,672,324,799,649
923,5,672,325,797,495
923,0,672,324,798,648
923,9,676,327,798,560
924,0,669,324,798,648
924,5,668,322,798,495
925,0,669,325,797,649
925,5,669,326,797,494
926,5,668,327,797,494
926,0,669,325,797,648
927,0,669,326,796,648
927,5,671,328,797,494
928,0,669,323,796,649
928,5,667,322,797,494
929,0,670,324,795,649
929,5,667,325,797,494
930,5,667,325,796,494
930,0,673,324,794,651
931,0,662,321,793,651
932,0,662,319,791,650
933,0,662,321,789,650
933,5,664,321,789,495
934,5,665,324,789,495
934,0,666,326,790,650
935,0,672,325,791,649
936,5,662,320,794,495
936,0,662,321,795,650
937,5,667,324,796,495
937,0,679,328,802,652
938,0,697,335,800,651
939,0,696,335,803,651
940,0,696,341,804,651
940,5,693,345,801,494
941,0,704,341,806,651
941,5,703,346,803,495
941,10,661,313,758,487
942,0,702,340,808,652
943,0,701,340,811,652
943,5,697,345,811,495
944,5,664,339,812,495
944,0,663,333,812,651
945,0,663,348,813,649
945,5,678,355,813,495
946,0,665,350,815,651
946,5,672,356,815,497
947,0,672,351,815,651
947,5,680,356,816,498
948,0,671,352,816,651
948,5,669,355,817,501
948,10,661,313,752,427
949,0,669,354,817,651
949,5,668,357,818,502
949,10,663,313,752,421
950,0,666,355,817,651
950,5,664,356,818,509
950,10,662,313,753,396
951,0,663,357,818,653
951,10,662,313,754,397
951,5,664,356,817,515
952,0,662,357,818,652
952,5,662,356,817,516
953,0,664,357,818,651
953,5,664,357,818,519
953,10,662,313,753,394
954,0,664,359,818,651
954,10,662,313,755,397
955,0,666,360,818,651
955,10,661,313,754,417
956,0,668,361,817,651
956,10,661,312,755,419
957,0,673,364,818,651
957,10,661,313,755,433
958,0,676,364,817,651
958,10,661,312,757,436
959,0,682,366,816,650
959,10,662,312,757,425
960,0,683,370,817,650
960,10,662,312,756,410
961,0,683,370,816,649
961,10,662,312,757,430
961,5,662,313,756,391
962,0,684,372,818,649
962,5,662,313,756,393
963,0,683,374,818,649
963,5,662,313,758,392
964,10,662,313,757,423
964,5,662,313,756,387
964,0,682,377,818,559
965,5,662,313,756,387
965,0,681,379,818,559
965,11,681,380,819,651
966,11,681,382,818,651
966,5,662,313,756,388
966,0,680,381,819,558
967,11,681,385,818,652
967,0,681,384,818,558
967,5,662,313,757,398
968,0,680,386,819,558
968,11,678,387,819,652
969,11,678,389,820,652
969,0,678,388,819,559
970,0,678,389,819,559
970,11,680,390,819,652
971,11,680,391,819,652
971,0,678,392,820,559
971,10,662,313,757,432
972,11,680,392,820,651
972,0,678,393,820,559
972,5,663,313,758,387
973,11,679,392,820,651
973,0,678,394,820,558
973,10,662,313,757,434
974,11,679,392,820,651
974,10,661,313,757,435
974,0,680,393,820,557
975,10,661,312,757,435
975,11,679,392,819,651
975,0,678,393,820,559
976,10,661,312,757,433
976,11,679,391,819,648
976,0,677,391,819,560
977,0,677,389,819,560
977,11,679,390,818,651
977,10,661,312,757,435
978,11,679,388,818,651
978,0,679,388,818,559
979,11,678,387,817,651
979,0,679,386,818,558
979,5,662,312,757,393
980,0,679,385,817,558
980,11,678,386,817,651
980,5,662,311,757,391
980,10,661,311,757,427
981,11,678,383,816,650
981,0,679,383,817,558
981,5,662,311,757,394
981,10,661,311,757,432
982,11,678,382,816,651
982,0,679,381,817,558
982,10,661,310,756,440
983,10,661,309,756,440
983,0,679,379,817,558
983,11,677,380,816,652
983,5,661,310,757,400
984,11,677,379,816,653
984,0,679,378,817,559
984,10,661,309,756,440
985,0,679,377,818,561
985,11,680,377,817,652
985,10,661,309,756,436
986,0,680,376,818,561
986,11,680,376,818,652
986,5,661,309,756,408
987,0,681,374,818,561
987,11,682,373,818,652
987,5,661,308,756,412
988,11,684,372,819,653
988,0,683,373,819,560
988,10,661,307,757,435
988,5,661,308,757,398
989,11,685,371,819,653
989,10,662,307,758,434
989,5,662,308,757,397
989,0,685,372,820,560
990,0,686,372,820,559
990,11,686,370,819,654
990,10,662,306,759,430
990,5,662,307,758,393
991,11,686,370,820,654
991,0,687,371,820,559
991,5,662,306,759,395
992,0,685,371,819,561
992,5,662,306,758,398
993,0,685,371,819,560
993,11,685,370,820,650
993,10,663,303,759,433
993,5,663,305,759,387
994,11,685,369,820,650
994,10,663,303,760,432
994,0,684,370,819,560
994,5,663,305,759,387
995,0,684,369,820,559
995,11,684,368,820,652
995,5,663,304,759,388
996,11,684,367,820,650
996,0,683,368,820,559
996,5,663,303,761,394
997,11,684,367,821,650
997,0,684,367,821,557
997,5,664,303,761,396
998,11,684,365,821,651
998,5,664,303,761,401
999,11,684,364,821,652
999,0,684,364,821,556
999,5,664,303,761,398
1000,11,684,363,821,653
1000,5,664,302,761,403
1000,10,663,301,761,450
1001,11,684,362,821,653
1001,5,664,302,761,401
1002,11,684,361,821,654
1002,5,664,302,761,407
1003,11,685,361,822,654
1003,5,664,302,761,409
1004,11,685,360,822,655
1004,5,664,301,761,409
1005,11,685,361,822,655
1005,5,665,301,761,404
1006,11,686,360,823,655
1006,5,665,301,761,413
1007,11,686,360,823,655
1007,5,665,300,762,410
1008,11,686,360,823,653
1008,5,665,300,762,407
1009,11,686,360,823,653
1009,5,666,300,763,403
1010,11,686,360,824,654
1010,5,666,299,764,407
1011,11,686,360,824,653
1011,5,666,298,764,403
1012,11,686,359,824,653
1012,5,666,298,765,398
1013,11,686,359,824,653
1013,5,666,297,765,396
1014,11,686,359,824,653
1014,5,666,296,766,398
1015,11,686,359,825,653
1015,5,667,296,767,395
1016,11,686,359,825,653
1016,5,667,295,767,411
1017,11,686,359,826,653
1017,5,667,294,768,413
1018,11,687,359,827,653
1018,5,667,294,769,420
1019,11,687,360,827,653
1019,5,667,294,769,425
1020,11,687,361,827,655
1020,5,667,293,769,428
1021,11,687,361,827,655
1021,5,667,293,769,428
1022,11,687,361,827,655
1022,5,666,293,769,429
1023,11,688,361,828,655
1023,5,667,293,769,428
1024,11,688,361,828,655
1024,5,667,293,770,428
1025,11,688,361,828,655
1025,5,667,293,770,427
1026,11,688,362,828,655
1026,5,667,292,771,427
1027,11,689,362,828,655
1027,5,667,292,772,427
1028,11,689,362,828,655
1028,5,667,292,773,426
1029,11,689,362,828,655
1029,5,667,292,773,425
1030,11,689,362,828,655
1030,5,667,292,773,424
1031,11,689,363,828,655
1031,5,668,292,774,423
1032,11,689,362,828,655
1032,5,668,292,774,421
1033,11,689,362,828,655
1033,5,668,292,775,420
1034,11,689,362,828,655
1034,5,668,292,775,420
1035,11,689,362,828,654
1035,5,668,292,776,421
1036,11,689,362,828,654
1036,5,668,292,776,420
1037,11,689,362,828,654
1037,5,667,292,775,420
1038,11,689,362,829,654
1038,5,668,292,776,420
1039,11,689,362,829,652
1039,5,668,292,777,419
1040,11,689,362,829,652
1040,5,667,292,777,420
1041,11,689,362,828,651
1041,5,668,292,777,418
1042,11,689,361,828,652
1042,5,667,292,779,419
1043,11,688,361,828,651
1043,5,667,293,779,423
1044,11,688,361,828,651
1044,5,666,293,779,423
1045,11,688,361,828,651
1045,5,666,293,778,423
1046,11,688,360,828,650
1046,5,666,293,779,420
1047,11,688,361,828,650
1047,5,666,293,780,420
1048,11,687,359,827,651
1048,5,666,293,779,419
1049,11,687,359,827,651
1049,5,665,293,778,417
1050,11,687,357,827,651
1050,5,665,293,778,415
1051,11,687,358,827,650
1051,5,665,293,777,414
1051,12,665,293,778,471
1052,11,687,356,828,650
1052,5,665,294,772,413
1053,11,687,356,828,651
1053,5,665,294,773,410
1054,5,665,294,772,411
1054,11,685,356,828,650
1055,11,683,355,827,648
1055,5,664,294,772,417
1056,11,683,355,824,649
1056,5,665,294,773,420
1057,5,664,294,773,420
1057,11,682,356,820,648
1058,5,663,294,772,420
1058,11,681,356,817,648
1059,5,663,294,772,419
1059,11,680,353,816,648
1060,11,680,352,816,646
1060,5,663,294,773,422
1061,11,681,350,815,646
1061,5,663,294,773,430
1062,11,683,347,814,646
1062,5,662,294,773,424
1063,11,685,346,814,644
1063,12,661,294,773,485
1063,5,683,346,816,514
1064,12,661,294,776,486
1064,11,687,344,812,645
1064,5,687,345,814,510
1065,12,660,294,777,488
1065,11,690,344,804,643
1065,5,690,344,805,506
1066,12,660,294,775,487
1066,11,692,343,799,642
1066,5,691,343,795,503
1067,11,692,342,801,640
1067,12,660,294,772,485
1067,5,691,342,796,493
1068,11,692,340,802,638
1068,12,660,294,775,483
1068,5,691,341,798,490
1069,5,691,340,796,490
1069,11,692,339,806,637
1069,12,659,294,781,483
1070,5,691,338,798,489
1070,11,692,338,809,633
1070,12,659,294,771,481
1071,11,692,336,810,634
1071,5,692,336,793,487
1071,12,659,294,781,481
1072,12,659,294,779,482
1072,11,690,334,812,634
1072,5,688,337,808,489
1073,12,658,294,781,482
1073,11,687,333,810,634
1073,5,686,336,798,489
1074,11,686,333,811,634
1074,5,686,333,797,489
1074,12,658,294,777,483
1075,11,686,333,811,635
1075,5,685,331,800,489
1075,12,658,294,764,482
1076,11,686,333,811,635
1076,5,684,330,801,489
1076,12,658,294,762,482
1077,11,686,330,812,636
1077,5,687,328,805,488
1077,12,658,294,751,482
1078,11,686,328,814,637
1078,5,686,326,806,488
1078,12,658,294,745,473
1079,11,687,326,814,637
1079,5,688,324,807,488
1079,12,658,294,744,451
1080,11,686,324,813,636
1080,5,686,322,807,488
1080,12,657,294,743,417
1081,11,685,320,812,636
1081,5,685,320,806,488
1081,12,659,295,743,403
1082,11,682,319,812,636
1082,5,683,319,808,488
1082,12,657,294,743,451
1083,11,681,317,812,637
1083,5,681,318,809,486
1083,12,657,295,743,437
1084,12,658,295,743,440
1084,5,678,317,810,486
1084,11,674,316,813,637
1085,11,669,315,813,637
1085,5,672,316,810,486
1086,11,667,315,812,637
1086,5,670,316,809,486
1087,11,667,314,812,637
1087,5,670,315,807,486
1088,11,666,313,811,637
1088,5,670,315,805,486
1089,11,664,313,811,637
1090,11,663,312,811,638
1091,11,663,312,811,638
1092,11,664,311,811,637
1093,11,664,311,811,638
1094,11,664,311,811,637
1095,11,666,311,811,637
1096,11,665,311,810,638
1096,12,657,296,748,486
1097,12,657,296,747,486
1097,11,667,311,811,635
1097,5,668,312,804,488
1098,5,669,312,804,488
1098,12,657,296,747,486
1098,11,668,311,811,635
1099,11,667,311,811,634
1099,5,669,312,804,488
1099,12,658,296,748,483
1100,11,669,311,810,634
1100,5,669,312,803,488
1100,12,657,297,749,485
1101,11,669,311,810,634
1101,5,669,312,803,488
1101,12,657,297,750,486
1102,12,657,297,749,485
1102,5,671,312,803,488
1102,11,672,311,810,635
1103,12,657,297,750,485
1103,5,674,312,803,488
1103,11,675,311,810,636
1104,12,657,297,750,484
1104,5,675,312,803,487
1104,11,677,311,809,638
1105,12,657,297,750,484
1105,5,675,312,803,488
1105,11,677,311,810,643
1106,12,657,297,750,484
1106,5,676,312,803,488
1106,11,679,311,811,649
1107,12,657,297,750,483
1107,5,677,312,803,487
1107,11,680,310,812,654
1108,5,676,312,803,487
1108,11,680,310,814,657
1108,12,658,297,751,481
1109,12,658,297,752,482
1109,5,677,311,804,487
1109,11,681,310,817,661
1110,12,658,297,752,482
1110,5,679,311,804,487
1110,11,681,311,821,666
1111,12,658,297,753,482
1111,11,679,311,820,666
1111,5,677,312,804,487
1112,5,677,311,804,487
1112,11,680,310,819,666
1112,12,658,297,751,483
1113,5,677,312,804,487
1113,12,658,297,752,483
1113,11,681,310,816,666
1114,5,678,312,804,487
1114,12,658,297,752,483
1114,11,680,311,816,666
1115,5,678,312,804,488
1115,11,681,310,815,666
1115,12,658,297,753,483
1116,11,681,310,815,666
1116,12,658,298,753,483
1116,5,678,313,804,487
1117,12,658,297,753,484
1117,11,680,310,815,666
1117,5,677,313,804,488
1118,5,677,313,804,488
1118,11,681,310,815,666
1118,12,657,297,753,485
1119,5,677,313,803,488
1119,11,680,310,815,666
1119,12,658,298,753,484
1120,11,680,310,816,666
1120,5,677,313,803,488
1120,12,658,298,753,484
1121,5,677,313,803,488
1121,12,658,298,752,485
1121,11,679,310,815,666
1122,11,679,311,815,666
1122,5,677,313,802,488
1122,12,658,298,752,486
1123,5,674,313,802,488
1123,11,676,311,814,666
1123,12,657,298,748,487
1124,5,674,313,802,488
1124,12,657,298,747,487
1124,11,673,310,814,666
1125,5,675,313,802,489
1125,12,657,298,746,487
1125,11,676,311,814,667
1126,5,675,313,802,489
1126,11,676,311,814,667
1126,12,657,299,744,485
1127,5,675,313,802,489
1127,11,678,311,815,667
1127,12,656,298,743,485
1128,12,657,298,743,484
1128,5,676,313,801,490
1128,11,680,311,815,667
1129,12,657,299,743,484
1129,11,681,311,815,667
1129,5,678,313,801,489
1130,11,681,312,815,667
1130,12,657,299,742,483
1131,12,657,299,742,483
1131,11,681,312,814,667
1131,5,678,313,801,490
1132,11,681,312,814,667
1132,5,678,313,801,490
1132,12,657,299,740,483
1133,11,680,312,814,668
1133,12,657,299,741,484
1134,11,680,312,814,668
1135,11,681,312,814,668
1135,12,657,299,740,484
1136,12,656,299,740,485
1136,11,681,312,814,668
1136,5,678,314,802,490
1137,12,656,300,740,485
1137,11,679,312,815,669
1138,12,656,300,739,486
1138,11,677,312,815,669
1139,12,656,300,739,486
1139,11,676,312,815,669
1140,11,676,312,815,669
1140,12,656,300,739,486
1141,11,674,312,814,669
1142,11,674,312,814,669
1142,12,656,301,739,487
1143,12,656,301,739,487
1143,11,673,312,814,669
1144,12,656,301,739,487
1144,11,676,313,814,669
1145,12,656,301,739,487
1145,11,676,313,814,670
1146,12,657,301,739,487
1146,11,678,313,814,670
1147,11,678,313,814,671
1147,12,657,301,739,487
1148,12,657,302,739,487
1148,11,679,314,815,672
1149,12,657,302,739,487
1149,11,679,314,815,673
1150,12,657,301,739,487
1150,11,678,314,815,672
1151,12,657,302,739,487
1151,11,677,315,816,674
1152,12,657,302,739,487
1152,11,675,314,815,674
1153,12,657,301,739,488
1153,11,674,314,814,674
1154,12,657,302,739,488
1154,11,675,313,814,673
1155,12,657,302,739,488
1155,11,674,313,815,674
1156,12,656,302,739,488
1156,11,674,313,815,675
1157,12,656,302,739,487
1157,11,673,313,815,675
1158,12,656,302,739,488
1158,11,674,315,816,676
1159,12,656,302,739,487
1159,11,675,315,816,676
1160,12,657,302,739,487
1160,11,676,315,816,676
1161,11,676,315,816,676
1161,12,657,303,739,487
1162,12,657,302,739,487
1162,11,678,315,816,676
1163,12,657,302,739,487
1163,11,679,315,817,676
1164,12,657,302,739,487
1164,11,681,315,817,676
1165,12,657,302,739,487
1165,11,679,315,816,676
1166,12,657,302,739,486
1166,11,680,315,817,676
1167,11,680,315,817,677
1167,12,657,302,739,487
1168,11,680,314,817,677
1168,12,657,302,739,486
1169,12,657,302,740,486
1169,11,679,314,817,676
1170,12,657,302,740,486
1170,11,680,314,817,676
1171,12,657,302,740,486
1171,11,679,314,817,677
1172,12,657,302,740,486
1172,11,679,314,817,677
1173,11,679,314,818,677
1174,12,657,302,740,487
1174,11,678,314,818,677
1175,11,678,314,818,677
1176,11,678,314,817,676
1177,11,679,314,816,676
1178,11,678,314,817,676
1179,11,678,314,817,677
1180,11,679,315,817,677
1181,11,679,314,817,677
1182,11,678,314,817,676
1183,11,678,315,817,676
1184,11,679,314,817,676
1185,11,679,314,817,676
1186,11,679,314,818,676
1187,11,679,314,818,676
1188,11,679,314,818,676
1189,11,680,315,818,677
1190,11,681,314,818,677
1190,12,658,303,740,485
1191,11,681,315,818,677
1191,12,658,303,740,485
1192,11,680,315,818,677
1192,12,657,303,739,486
1193,11,681,315,818,678
1194,11,681,315,818,678
1195,11,680,315,818,678
1196,11,680,315,818,678
1197,11,680,315,818,678
1198,11,680,315,817,678
1198,12,658,304,740,488
1199,12,658,305,739,489
1199,11,681,315,817,679
1200,11,681,315,817,679
1200,12,658,305,739,488
1201,12,658,306,739,488
1201,11,682,316,816,679
1202,12,658,306,739,488
1202,11,681,316,817,679
1203,11,682,316,816,679
1204,11,681,316,816,679
1205,11,682,316,816,678
1206,11,683,316,817,678
1207,11,681,316,816,678
1208,11,681,317,816,678
1209,11,681,317,816,678
1210,11,682,317,816,678
1211,11,681,318,816,678
1212,11,682,318,816,679
1212,12,682,318,805,496
1213,12,682,318,804,496
1213,11,682,318,815,679
1214,11,682,318,815,679
1214,12,682,319,804,496
1215,11,681,317,815,679
1215,12,681,319,803,496
1215,13,657,308,739,491
1216,12,681,319,803,497
1216,11,681,317,815,679
1217,11,681,317,815,679
1217,12,681,319,804,497
1218,11,682,319,814,679
1219,11,682,318,814,679
1220,11,682,320,815,679
1221,11,681,320,815,679
1222,11,681,319,815,678
1223,11,681,319,815,679
1224,11,681,319,814,679
1225,11,681,319,814,680
1226,11,681,319,814,680
1227,11,681,319,814,680
1228,11,680,320,814,680
1229,11,681,320,814,680
1230,11,682,320,814,680
1231,11,682,320,813,680
1232,11,682,321,813,680
1233,11,683,321,813,680
1234,11,682,321,813,681
1235,11,683,321,813,681
1235,14,682,323,801,499
1236,14,683,323,801,499
1236,11,683,321,813,681
1237,14,683,323,801,499
1237,11,683,322,813,681
1238,14,683,323,801,500
1238,11,683,322,814,681
1239,14,683,323,801,500
1239,11,683,322,814,682
1240,14,683,323,801,500
1240,11,683,322,814,682
1241,14,683,323,801,500
1241,11,683,322,814,682
1242,11,683,322,814,682
1242,14,683,323,801,500
1243,11,683,322,814,682
1243,14,683,323,801,500
1244,11,682,322,814,682
1244,14,682,324,801,500
1245,11,682,323,815,682
1245,14,683,324,801,500
1246,11,683,323,815,682
1246,14,683,324,800,500
1247,11,683,323,815,682
1247,14,683,324,800,500
1248,11,683,323,815,682
1248,14,683,324,800,500
1249,11,683,323,814,682
1249,14,683,325,800,501
1250,11,683,324,814,682
1250,14,683,325,800,501
1251,11,683,324,814,682
1251,14,683,325,800,501
1251,15,657,310,740,496
1252,15,657,310,740,497
1252,11,682,324,814,682
1252,14,683,325,801,501
1253,11,682,324,814,682
1253,14,682,325,801,501
1253,15,657,311,740,497
1254,11,683,324,814,683
1254,14,683,325,800,501
1255,11,683,324,814,683
1255,14,683,325,800,501
1256,11,683,324,815,683
1256,14,683,325,800,501
1257,14,683,325,800,501
1257,11,684,324,815,682
1258,14,684,325,800,501
1258,11,684,324,814,683
1259,11,684,325,814,683
1259,14,684,326,800,501
1260,14,683,326,800,502
1260,11,683,325,814,683
1261,14,683,326,799,502
1261,11,683,325,815,683
1262,14,683,327,800,502
1262,11,684,325,814,684
1263,14,684,327,799,502
1263,11,685,326,814,684
1263,15,659,312,739,499
1264,14,684,327,799,502
1264,11,685,326,814,684
1264,15,659,311,739,499
1265,14,683,327,799,502
1265,11,682,326,814,685
1265,15,658,313,741,499
1266,14,683,327,799,502
1266,11,682,326,814,684
1266,15,659,313,740,499
1267,11,682,326,814,684
1267,14,683,327,799,502
1267,15,659,314,741,500
1268,15,659,314,741,500
1268,14,683,328,799,502
1268,11,682,327,814,684
1269,11,682,327,814,684
1269,14,683,328,800,502
1269,15,659,313,740,499
1270,14,683,328,799,502
1270,15,659,313,740,499
1270,11,683,327,815,684
1271,14,683,328,799,502
1271,15,659,313,740,499
1271,11,683,327,815,685
1272,11,683,327,816,685
1272,15,660,313,740,499
1272,14,684,328,800,502
1273,11,683,328,816,685
1273,14,683,328,800,502
1274,14,683,329,800,502
1274,11,683,328,816,685
1275,14,683,329,800,502
1275,11,683,328,816,685
1276,11,683,328,815,685
1276,15,660,315,744,415
1277,11,683,328,816,685
1277,15,660,315,744,416
1277,14,683,329,800,502
1278,11,682,329,816,685
1278,14,682,329,800,503
1278,15,660,315,743,417
1279,11,683,329,816,685
1279,14,683,329,800,503
1279,15,660,315,743,416
1280,14,683,329,800,503
1280,11,683,329,816,684
1280,15,660,315,743,417
1281,11,683,329,815,684
1281,14,683,330,800,503
1281,15,660,315,742,418
1282,14,683,330,800,503
1282,11,684,329,815,684
1282,15,660,315,742,419
1283,14,683,330,800,503
1283,11,684,329,815,684
1283,15,660,315,742,420
1284,14,683,330,800,503
1284,15,660,315,742,420
1284,11,684,329,815,684
1285,14,683,330,800,503
1285,11,683,329,816,685
1285,15,660,316,742,421
1286,11,684,329,815,685
1286,14,683,330,800,503
1286,15,660,316,742,419
1287,14,683,330,800,503
1287,11,684,329,815,685
1287,15,661,316,742,419
1288,11,684,329,815,685
1288,14,683,329,800,503
1288,15,661,316,742,420
1289,14,684,329,800,503
1289,15,661,316,742,421
1289,11,685,329,816,685
1290,14,684,329,800,503
1290,11,685,329,815,685
1290,15,660,316,742,420
1291,14,684,329,800,503
1291,11,684,329,816,685
1292,11,684,328,816,685
1292,14,684,329,799,503
1293,14,684,329,799,503
1293,11,685,328,817,685
1294,14,684,329,799,503
1294,11,684,328,817,685
1294,15,660,316,743,422
1295,11,684,329,817,685
1295,14,684,329,799,503
1295,15,660,316,742,423
1296,14,684,329,799,503
1296,11,684,328,817,686
1296,15,660,316,743,421
1297,11,684,329,817,685
1297,14,684,329,799,503
1297,15,660,316,743,421
1298,11,684,328,817,685
1298,14,684,329,799,503
1298,15,660,316,742,420
1299,14,684,329,799,503
1299,11,684,328,817,685
1299,15,661,315,742,420
1300,11,684,328,817,685
1300,14,683,329,799,503
1300,15,660,315,743,420
1301,15,660,315,743,420
1301,11,684,328,818,685
1301,14,683,329,799,502
1302,15,660,315,743,422
1302,11,687,328,818,686
1303,15,661,315,743,421
1303,11,685,328,818,685
1304,11,684,328,818,685
1304,15,660,315,743,420
1305,11,684,328,817,685
1305,15,661,315,743,420
1305,14,683,328,798,502
1306,11,684,328,818,685
1306,15,661,315,743,420
1307,11,684,328,818,685
1307,15,660,315,743,421
1308,11,684,328,818,685
1308,15,661,315,743,420
1309,11,684,327,818,685
1309,15,661,315,744,420
1310,11,684,328,818,685
1310,15,661,315,744,421
1311,11,684,328,818,685
1311,15,661,315,744,422
1312,11,684,327,818,685
1312,15,661,315,744,422
1313,11,684,327,819,685
1313,15,661,315,744,423
1314,15,661,315,744,422
1314,11,683,327,818,684
1314,14,683,327,796,501
1315,15,661,315,744,423
1315,11,685,327,819,685
1316,11,685,327,818,685
1316,15,661,315,745,424
1317,11,685,326,818,684
1317,15,661,315,745,429
1318,11,685,326,818,685
1319,11,685,326,818,685
1319,15,661,314,744,431
1319,14,659,314,742,498
1320,11,685,326,818,684
1320,14,659,314,742,499
1320,15,660,314,744,426
1320,16,684,326,795,501
1321,14,659,314,742,499
1321,11,685,326,819,684
1321,15,660,314,744,428
1322,11,685,326,819,684
1322,16,683,326,796,501
1323,16,683,326,796,501
1323,11,684,326,818,685
1324,16,683,326,796,501
1324,11,684,326,818,684
1325,11,685,326,817,684
1325,16,684,326,797,502
1325,15,661,314,745,417
1326,11,685,326,818,684
1326,16,684,326,797,502
1327,16,684,326,797,501
1327,11,684,325,818,684
1327,15,661,314,745,415
1328,11,684,325,818,684
1328,16,683,326,796,501
1328,15,661,314,745,415
1329,16,684,326,796,501
1329,11,685,325,818,683
1329,15,661,314,746,415
1330,16,684,326,797,501
1330,11,686,326,818,684
1330,15,662,314,746,414
1331,11,686,326,818,684
1331,16,684,326,797,501
1331,15,662,314,746,414
1332,11,686,326,818,684
1332,16,684,326,797,501
1332,15,661,314,746,413
1333,16,684,326,797,501
1333,11,686,326,818,684
1333,15,662,314,747,413
1334,11,686,326,818,684
1334,16,684,326,797,501
1334,15,662,314,747,413
1335,16,684,326,797,501
1335,11,686,326,818,683
1335,15,662,314,746,413
1336,11,686,326,818,683
1336,16,684,326,797,501
1336,15,662,314,746,414
1337,15,662,314,746,414
1337,11,686,326,818,683
1337,16,685,326,797,501
1338,16,685,326,798,501
1338,11,685,326,818,683
1338,15,662,314,746,413
1339,11,686,325,818,682
1339,16,685,326,797,501
1339,15,662,314,746,414
1340,15,662,314,746,414
1340,11,685,325,818,682
1340,16,684,325,797,501
1341,11,684,325,818,682
1341,16,684,326,797,501
1341,15,662,314,747,414
1342,11,684,325,818,682
1342,16,684,326,797,501
1342,15,662,314,746,414
1343,11,684,325,818,682
1343,16,684,325,797,501
1343,15,662,314,745,415
1344,11,686,325,817,681
1344,16,685,325,796,502
1344,15,662,314,745,415
1345,15,662,314,744,415
1345,16,684,326,796,501
1345,11,685,325,818,682
1346,15,662,314,744,415
1346,16,684,326,796,502
1346,11,684,326,818,682
1347,16,684,327,796,502
1347,11,684,326,818,682
1347,15,662,314,744,417
1348,16,684,327,796,502
1348,11,685,327,818,682
1348,15,662,314,745,416
1349,11,685,327,818,682
1349,16,684,327,796,502
1349,15,662,313,745,414
1350,16,684,328,796,502
1350,15,663,313,745,415
1350,11,685,328,818,681
1351,16,683,328,797,502
1351,15,662,313,746,414
1351,11,684,328,819,683
1352,16,682,328,797,501
1352,11,681,328,817,682
1352,15,663,314,746,412
1353,11,682,328,818,682
1353,15,663,314,746,412
1353,16,683,328,797,501
1354,16,683,328,797,502
1354,15,663,314,746,412
1354,11,681,328,818,680
1355,15,663,314,746,412
1355,16,683,328,798,502
1355,11,683,328,818,680
1356,11,683,328,818,679
1356,16,684,328,798,502
1356,15,663,314,746,412
1357,15,663,314,746,412
1357,16,683,328,798,502
1357,11,683,328,818,681
1358,16,684,328,798,502
1358,11,684,328,818,681
1358,15,663,314,746,413
1359,16,684,328,798,502
1359,11,684,328,818,681
1359,15,663,314,746,413
1360,11,684,328,818,681
1360,16,684,328,798,502
1360,15,663,314,746,413
1361,15,663,314,746,414
1361,16,683,328,798,502
1361,11,682,328,818,681
1362,15,663,313,747,414
1362,16,681,328,798,502
1362,11,680,328,818,681
1363,16,681,328,798,502
1363,15,663,313,747,414
1363,11,679,328,818,681
1364,16,680,328,798,502
1364,15,663,313,747,413
1364,11,677,328,818,682
1365,15,663,314,747,413
1365,16,681,328,798,502
1365,11,678,327,818,682
1366,15,663,314,747,413
1366,11,677,328,819,682
1366,16,680,328,799,502
1367,15,663,314,748,413
1367,16,681,328,800,502
1367,11,678,327,818,681
1368,11,678,327,818,681
1368,16,681,328,800,502
1368,15,663,314,747,414
1369,15,663,313,746,415
1369,11,674,327,818,682
1369,16,677,327,802,502
1370,16,678,328,802,502
1370,15,663,313,746,415
1370,11,675,328,818,682
1371,15,663,313,747,416
1371,11,671,327,819,682
1371,16,675,328,803,502
1372,15,663,313,747,416
1372,16,677,328,803,502
1372,11,673,327,819,683
1373,16,675,327,803,502
1373,11,672,327,819,683
1373,15,663,313,747,415
1374,15,663,313,747,415
1374,11,671,327,818,682
1374,16,675,327,803,502
1375,15,663,313,746,415
1375,16,679,328,804,502
1375,11,678,327,818,682
1376,15,663,313,745,416
1376,16,682,328,804,502
1376,11,682,327,819,682
1377,11,682,327,819,682
1377,16,682,327,804,502
1377,15,663,313,745,415
1378,11,682,327,819,682
1378,16,682,327,804,501
1378,15,663,313,746,414
1379,15,663,313,746,415
1379,16,681,327,804,501
1379,11,681,327,819,682
1380,16,681,327,804,501
1380,11,681,327,819,682
1380,15,663,313,746,414
1381,15,663,313,746,414
1381,11,682,327,819,682
1381,16,682,327,802,501
1382,16,682,327,802,501
1382,15,663,313,746,414
1382,11,683,327,819,683
1383,11,682,327,819,683
1383,16,682,327,802,501
1383,15,663,313,746,414
1384,16,682,327,802,501
1384,11,682,327,819,683
1384,15,663,313,746,414
1385,16,683,327,802,500
1385,15,662,314,746,414
1385,11,684,327,818,683
1386,15,662,314,746,414
1386,11,684,327,818,683
1386,16,683,327,801,500
1387,15,662,314,746,414
1387,16,682,327,801,501
1387,11,683,326,818,683
1388,16,684,327,800,500
1388,15,662,314,745,415
1388,11,686,327,818,684
1389,15,662,314,745,415
1389,16,683,326,800,501
1389,11,685,327,818,684
1390,16,683,326,800,501
1390,11,685,327,818,683
1390,15,662,314,745,415
1391,16,685,326,800,501
1391,15,662,314,745,416
1391,11,687,327,817,684
1392,16,684,326,800,500
1392,15,662,314,744,415
1392,11,685,326,816,682
1393,15,662,314,745,415
1393,11,684,325,816,682
1393,16,683,326,800,500
1394,16,684,326,800,500
1394,15,661,314,744,415
1394,11,686,326,816,682
1395,16,684,326,800,500
1395,11,686,326,817,684
1395,15,661,314,744,416
1396,15,661,314,744,416
1396,11,687,326,817,683
1396,16,685,326,800,500
1397,15,661,314,744,416
1397,16,684,325,800,500
1397,11,686,325,816,682
1398,11,687,325,816,682
1398,16,685,325,799,500
1398,15,661,314,744,415
1399,16,685,326,799,500
1399,11,688,326,815,682
1399,15,661,314,745,417
1400,16,685,326,799,500
1400,11,686,325,816,683
1400,15,661,314,745,415
1401,16,685,326,798,500
1401,11,687,325,816,682
1401,15,661,314,745,416
1402,15,661,314,745,416
1402,16,685,326,798,500
1402,11,687,325,816,683
1403,11,687,325,816,683
1403,16,685,326,798,500
1403,15,661,314,745,416
1404,11,687,326,816,683
1404,16,685,326,798,500
1404,15,661,314,745,416
1405,11,686,325,816,683
1405,16,685,326,797,500
1405,15,661,314,745,416
1406,11,686,325,816,683
1406,16,685,326,797,500
1406,15,661,314,745,416
1407,16,686,326,797,500
1407,11,687,325,816,683
1407,15,661,314,745,417
1408,11,687,326,816,682
1408,16,686,326,797,500
1408,15,661,314,745,415
1409,11,687,326,816,683
1409,16,685,327,797,500
1409,15,661,314,745,415
1410,11,687,327,816,683
1410,16,686,327,797,501
1410,15,661,314,745,414
1411,16,686,328,797,501
1411,11,687,328,816,682
1411,15,661,314,746,414
1412,16,686,328,797,501
1412,11,687,328,817,682
1412,15,661,314,747,414
1413,16,686,328,797,501
1413,11,688,328,817,683
1413,15,662,314,747,415
1414,11,688,328,817,683
1414,15,662,314,747,415
1415,16,686,328,797,501
1415,11,689,328,817,682
1415,15,662,314,747,415
1416,16,686,327,797,501
1416,11,689,327,816,682
1416,15,662,314,747,415
1417,16,686,327,797,501
1417,11,688,327,816,680
1417,15,662,314,747,417
1418,15,662,314,747,416
1418,16,687,326,797,501
1418,11,689,327,817,682
1419,11,689,327,817,682
1419,15,662,314,747,416
1419,16,687,326,797,501
1420,11,690,326,817,681
1420,16,687,326,797,500
1420,15,662,314,747,417
1421,11,690,326,817,681
1421,16,688,326,797,500
1421,15,662,313,747,417
1422,16,688,326,797,500
1422,11,690,326,817,681
1422,15,663,313,747,418
1423,11,690,326,817,682
1423,15,663,313,747,418
1423,16,687,325,798,500
1424,15,663,313,747,418
1424,11,690,326,817,682
1424,16,688,325,798,500
1425,11,691,326,817,682
1425,15,663,313,747,419
1425,16,689,325,798,500
1426,15,663,313,747,418
1426,11,691,325,817,681
1426,16,689,325,799,500
1427,15,663,313,747,418
1427,16,690,324,799,500
1427,11,692,325,817,677
1428,15,663,313,747,418
1428,16,690,324,799,500
1428,11,692,325,817,682
1429,11,692,325,817,682
1429,16,690,324,800,500
1429,15,663,313,747,418
1430,11,692,325,817,681
1430,15,663,313,748,419
1430,16,691,324,800,500
1431,11,692,325,817,681
1431,15,663,313,748,418
1431,16,690,324,801,500
1432,11,691,325,817,681
1432,15,663,313,749,418
1432,16,690,324,801,500
1433,11,691,325,817,681
1433,16,690,324,801,500
1433,15,663,313,748,418
1434,11,691,325,817,681
1434,15,663,313,748,419
1434,16,689,324,802,500
1435,11,691,325,817,681
1435,15,664,313,749,419
1436,15,664,313,749,419
1436,11,692,325,817,680
1437,15,664,313,749,420
1437,11,692,324,818,681
1437,16,691,323,802,499
1438,15,664,313,749,420
1438,11,692,324,818,681
1439,15,664,313,749,419
1439,11,692,324,818,681
1440,11,691,324,819,682
1440,15,664,312,749,419
1441,11,691,324,819,682
1441,15,664,313,749,418
1442,15,664,312,749,418
1442,11,691,324,819,681
1443,11,691,324,819,682
1443,15,664,312,749,418
1444,15,664,312,748,418
1444,11,691,324,819,681
1445,15,664,311,748,418
1445,11,692,324,819,682
1446,15,664,311,748,418
1446,11,694,324,819,682
1447,15,664,311,749,419
1447,11,692,324,819,682
1448,15,664,311,748,419
1448,11,693,324,819,681
1449,11,694,324,819,681
1449,15,664,311,748,419
1450,11,694,324,819,681
1450,15,664,311,748,420
1451,11,694,324,819,682
1451,15,664,311,748,420
1451,16,694,323,799,499
1452,15,664,311,748,420
1452,11,694,324,819,682
1453,15,664,311,748,420
1453,11,692,324,818,681
1453,16,692,323,799,499
1454,15,664,311,748,420
1454,11,693,324,818,681
1455,15,664,311,748,420
1455,11,692,325,818,680
1456,11,692,325,818,681
1456,15,665,312,748,419
1456,16,691,323,798,499
1457,11,692,325,818,681
1457,15,665,312,748,419
1457,16,692,323,798,499
1458,15,665,311,748,419
1458,11,692,325,819,681
1459,15,665,311,748,419
1459,11,692,325,819,682
1459,16,692,323,797,499
1460,15,665,311,748,419
1460,11,692,324,819,682
1460,16,692,323,797,499
1461,11,692,324,819,682
1461,16,692,323,797,499
1461,15,665,312,747,419
1462,11,692,324,819,682
1462,16,692,323,797,499
1462,15,665,312,748,419
1463,15,665,312,748,420
1463,11,692,324,819,682
1463,16,691,323,797,499
1464,15,665,312,748,419
1464,16,692,323,797,499
1464,11,692,324,818,676
1465,15,665,312,749,419
1465,16,691,323,798,500
1465,11,692,324,819,681
1466,15,665,312,749,419
1466,11,692,324,819,682
1466,16,692,323,797,499
1467,15,665,312,748,419
1467,11,693,324,819,682
1467,16,693,323,797,499
1468,11,693,324,819,682
1468,16,692,323,798,499
1468,15,665,312,748,419
1469,11,693,324,819,682
1469,16,693,323,798,499
1469,15,665,312,749,418
1470,11,693,324,819,682
1470,16,693,323,797,499
1470,15,665,312,749,419
1471,11,693,324,819,682
1471,16,693,323,797,500
1471,15,665,312,749,419
1472,15,665,312,749,419
1472,16,694,323,797,499
1472,11,694,324,819,683
1473,11,694,324,819,682
1473,16,694,323,798,499
1473,15,665,312,748,419
1474,16,694,323,798,499
1474,11,693,324,819,683
1474,15,666,312,749,418
1475,15,666,311,749,418
1475,11,693,324,820,682
1475,16,693,323,798,499
1476,15,666,311,749,418
1476,11,692,324,820,682
1476,16,692,323,798,499
1477,15,666,311,749,418
1477,16,691,323,798,499
1477,11,692,324,821,682
1478,11,691,324,820,682
1478,16,691,323,798,499
1478,15,666,311,748,417
1479,11,692,323,821,682
1479,16,692,323,798,499
1479,15,666,311,749,418
1480,16,692,323,799,499
1480,15,666,311,749,418
1480,11,692,323,821,683
1481,16,692,323,799,499
1481,11,692,323,821,683
1481,15,666,311,749,419
1482,11,693,323,821,683
1482,16,692,323,799,499
1482,15,666,311,749,419
1483,15,666,311,749,419
1483,11,692,323,820,682
1483,16,692,323,798,499
1484,15,666,311,749,419
1484,11,693,323,821,682
1484,16,693,323,799,499
1485,15,666,311,749,419
1485,11,693,323,821,682
1485,16,693,323,799,499
1486,15,666,311,749,419
1486,11,692,323,821,682
1486,16,692,322,799,499
1487,11,692,323,821,682
1487,16,692,322,799,499
1487,15,666,311,749,419
1488,15,666,311,749,419
1488,11,692,323,821,682
1488,16,692,322,799,499
1489,16,692,322,799,499
1489,11,693,323,821,682
1489,15,666,311,749,420
1490,15,665,311,749,420
1490,11,692,323,822,682
1490,16,692,322,800,499
1491,15,665,311,749,420
1491,11,691,323,821,682
1491,16,691,322,799,499
1492,16,691,322,800,499
1492,15,666,311,750,420
1492,11,691,323,820,682
1493,11,691,323,820,682
1493,16,691,322,799,499
1493,15,666,311,750,420
1494,15,666,311,749,421
1494,11,693,323,821,682
1494,16,694,323,800,499
1495,15,666,311,750,421
1495,11,694,323,821,682
1495,16,694,322,800,499
1496,15,666,310,750,421
1496,16,695,322,799,499
1496,11,694,323,821,682
1497,15,666,310,750,421
1497,16,694,322,799,499
1497,11,694,323,821,682
1498,11,693,322,821,682
1498,16,694,322,799,499
1498,15,665,310,750,421
1499,16,694,322,799,499
1499,11,693,322,821,682
1499,15,665,310,750,421
1500,16,694,322,799,499
1500,15,666,310,750,421
1500,11,694,323,822,682
1501,11,692,322,821,680
1501,16,692,322,800,499
1501,15,666,311,750,417
1502,11,692,322,821,682
1502,15,666,311,750,418
1502,16,692,322,800,500
1503,16,692,322,800,500
1503,15,666,311,750,418
1503,11,693,322,821,682
1504,16,692,322,800,500
1504,11,693,322,821,682
1504,15,666,311,750,418
1505,16,692,322,800,500
1505,11,693,322,820,681
1505,15,666,312,749,419
1506,16,692,322,800,500
1506,11,693,323,820,681
1506,15,666,312,750,419
1507,16,692,322,800,500
1507,11,693,323,820,681
1507,15,666,312,750,419
1508,11,693,323,820,681
1508,16,693,322,801,500
1508,15,666,312,750,419
1509,11,693,323,820,681
1509,16,693,322,801,500
1509,15,667,313,750,419
1510,15,666,313,750,419
1510,16,693,322,801,500
1510,11,693,323,821,682
1511,11,693,322,822,682
1511,15,667,313,750,419
1511,16,693,322,802,500
1512,11,693,322,822,682
1512,16,693,322,802,500
1512,15,667,313,750,418
1513,16,693,322,802,500
1513,11,693,322,822,682
1513,15,667,313,750,418
1514,11,693,322,821,682
1514,15,667,313,750,418
1514,16,693,322,803,500
1515,11,694,323,821,682
1515,16,693,322,803,500
1515,15,667,313,750,418
1516,11,694,323,822,682
1516,15,667,313,749,419
1516,16,694,323,804,501
1517,11,694,323,822,682
1517,15,667,313,749,419
1517,16,695,323,804,501
1518,11,695,323,822,681
1518,16,695,323,804,501
1518,15,667,313,749,420
1519,11,694,323,822,681
1519,16,695,323,804,501
1519,15,667,313,750,420
1520,15,667,313,750,420
1520,11,695,323,822,681
1520,16,695,323,804,501
1521,11,695,323,822,681
1521,15,667,313,750,420
1521,16,696,323,803,500
1522,11,695,323,822,682
1522,15,667,313,750,421
1522,16,696,323,804,501
1523,11,695,323,822,682
1523,15,667,313,750,421
1523,16,696,323,804,501
1524,15,667,313,750,421
1524,11,694,323,822,683
1524,16,696,323,804,501
1525,11,694,323,822,682
1525,16,696,323,804,501
1525,15,667,313,749,421
1526,16,696,323,804,501
1526,15,668,314,750,421
1526,11,694,323,822,683
1527,15,668,314,750,421
1527,16,696,323,805,501
1527,11,694,323,823,683
1528,11,694,323,823,683
1528,15,668,314,750,421
1528,16,696,323,805,501
1529,16,696,323,805,501
1529,11,694,323,823,684
1529,15,668,314,750,421
1530,15,668,314,750,422
1530,16,697,323,805,501
1530,11,695,323,825,684
1531,15,668,314,750,422
1531,16,697,323,805,501
1531,11,695,323,824,683
1532,11,695,323,824,683
1532,16,697,323,805,501
1532,15,668,314,751,422
1533,11,695,323,824,682
1533,15,668,313,751,422
1533,16,697,323,806,501
1534,11,695,323,824,682
1534,16,697,323,806,502
1534,15,668,314,751,422
1535,16,697,323,806,502
1535,11,695,323,824,683
1535,15,668,314,751,422
1536,11,695,323,824,681
1536,16,697,323,806,502
1536,15,668,314,751,422
1537,15,668,314,750,422
1537,11,695,323,824,681
1537,16,698,323,806,502
1538,15,668,314,751,422
1538,16,697,323,806,502
1538,11,695,323,824,679
1539,16,697,323,806,502
1539,15,668,314,751,422
1539,11,695,323,824,678
1540,11,695,323,824,678
1540,16,697,323,806,502
1540,15,668,314,751,422
1541,15,668,314,750,422
1541,11,695,324,824,679
1541,16,697,323,806,502
1542,16,697,323,806,502
1542,15,668,314,750,423
1542,11,695,324,824,682
1543,11,695,324,824,682
1543,16,697,323,806,502
1543,15,668,314,751,422
1544,11,695,324,824,683
1544,15,668,314,751,422
1544,16,697,323,807,502
1545,16,697,323,807,502
1545,11,695,324,824,683
1545,15,668,314,751,421
1546,11,695,324,824,683
1546,16,698,323,806,502
1546,15,668,314,751,422
1547,15,668,314,751,422
1547,11,695,324,824,683
1547,16,697,323,806,502
1548,15,668,314,750,423
1548,16,697,323,805,502
1548,11,695,323,826,684
1549,16,697,323,806,502
1549,15,668,314,750,422
1549,11,695,323,824,683
1550,15,668,314,751,422
1550,11,694,324,824,683
1550,16,697,323,806,502
1551,11,694,324,824,683
1551,16,697,323,806,502
1551,15,668,314,751,422
1552,11,693,324,824,683
1552,15,668,314,750,422
1552,16,696,323,805,502
1553,11,694,323,824,682
1553,16,698,323,805,502
1553,15,667,314,750,423
1554,16,698,323,805,502
1554,11,694,323,823,682
1554,15,667,314,750,422
1555,11,693,323,823,682
1555,16,697,323,805,502
1555,15,668,315,750,421
1556,16,697,323,805,502
1556,11,694,323,823,682
1556,15,667,315,750,421
1557,15,668,315,750,420
1557,11,693,323,823,682
1557,16,696,323,805,502
1558,16,696,323,805,502
1558,11,694,323,824,683
1558,15,667,315,750,422
1559,15,667,315,750,422
1559,11,694,323,824,683
1559,16,697,323,804,502
1560,11,695,323,823,683
1560,15,667,315,749,423
1560,16,698,322,803,502
1561,15,667,314,749,422
1561,11,694,322,823,683
1561,16,696,322,804,502
1562,15,667,314,749,421
1562,11,693,322,822,681
1562,16,695,322,804,502
1563,16,695,322,804,502
1563,11,694,322,822,681
1563,15,667,314,749,421
1564,15,667,314,749,421
1564,11,694,322,822,682
1564,16,695,322,804,502
1565,16,695,322,805,502
1565,11,694,322,822,681
1565,15,667,314,749,421
1566,15,667,314,749,421
1566,16,695,322,804,501
1566,11,693,322,822,682
1567,11,694,322,822,681
1567,16,695,322,805,502
1567,15,667,314,749,420
1568,11,694,322,822,681
1568,16,695,322,805,501
1568,15,667,314,749,420
1569,11,694,322,823,681
1569,15,667,314,749,420
1569,16,695,321,805,501
1570,11,693,321,823,681
1570,16,694,321,805,501
1570,15,667,314,749,419
1571,11,693,321,823,680
1571,16,693,321,805,501
1571,15,667,314,748,418
1572,11,693,321,823,681
1572,16,694,321,804,501
1572,15,667,314,749,419
1573,11,693,321,823,681
1573,16,694,321,805,501
1573,15,667,314,749,419
1574,16,694,321,805,500
1574,11,693,321,822,679
1574,15,667,314,749,419
1575,11,694,322,823,679
1575,16,695,321,805,500
1575,15,667,314,749,420
1576,11,693,322,823,680
1576,16,695,322,805,500
1576,15,667,314,748,420
1577,11,693,322,823,680
1577,15,667,314,749,421
1578,11,693,323,823,680
1578,15,667,314,749,420
1578,16,694,323,805,501
1579,11,693,324,822,680
1579,16,693,324,805,501
1579,15,667,314,750,419
1580,11,693,325,822,681
1580,15,667,314,750,419
1580,16,693,324,805,501
1581,15,667,313,750,419
1581,11,693,326,822,681
1581,16,694,325,805,501
1582,11,693,326,822,682
1582,16,694,325,806,500
1582,15,666,314,748,420
1583,11,694,327,822,682
1583,16,694,326,806,501
1583,15,666,314,749,419
1584,16,692,326,806,500
1584,11,692,327,823,682
1584,15,666,314,750,416
1585,15,666,314,752,416
1585,11,694,327,825,682
1585,16,694,326,808,501
1586,15,666,314,755,415
1586,11,688,327,824,682
1586,16,691,327,810,502
1587,15,666,314,756,413
1587,11,680,327,824,680
1587,16,680,327,812,503
1588,11,678,328,824,682
1588,15,666,314,758,412
1588,16,677,328,814,503
1589,11,678,329,824,682
1589,16,677,329,815,504
1590,11,680,330,825,682
1590,16,682,329,816,504
1591,11,679,330,825,682
1591,16,677,330,816,503
1592,11,682,331,826,682
1592,16,681,331,816,503
1593,11,683,332,825,682
1593,16,682,331,816,502
1594,11,683,333,826,682
1594,16,683,333,816,502
1595,11,689,334,826,683
1595,16,691,333,817,502
1596,11,692,335,827,683
1596,16,694,334,815,501
1597,11,694,337,827,682
1597,16,696,335,818,502
1598,11,691,339,827,682
1598,16,693,337,819,502
1598,15,666,312,759,419
1599,16,696,340,818,502
1599,15,666,312,759,423
1599,11,696,341,827,682
1600,15,666,312,760,427
1600,11,691,343,827,682
1600,16,690,343,814,502
1601,15,666,312,760,426
1601,11,690,345,827,683
1601,16,685,344,814,502
1602,15,666,312,761,425
1602,11,703,347,828,684
1602,16,697,347,813,500
1603,11,705,349,828,683
1603,16,704,348,814,501
1603,15,665,312,761,437
1603,17,665,312,762,491
1604,17,665,312,763,492
1604,11,704,350,826,683
1604,16,704,350,812,502
1605,11,704,352,827,683
1605,17,665,312,762,486
1605,16,701,351,813,502
1606,11,703,355,827,684
1606,16,699,354,812,502
1606,15,665,312,764,440
1607,11,703,359,824,684
1607,15,665,312,765,435
1607,16,699,359,815,501
1608,11,703,361,824,683
1608,15,664,312,764,432
1608,16,698,363,816,500
1609,15,664,312,764,431
1609,11,701,363,824,683
1609,16,695,364,819,500
1610,15,664,312,766,430
1610,11,696,365,823,683
1610,16,689,366,820,500
1611,15,664,312,765,428
1611,11,693,365,823,682
1611,16,686,367,822,500
1612,15,663,312,768,428
1612,16,687,371,821,501
1612,11,688,369,823,658
1612,17,663,312,811,430
1613,15,664,311,767,428
1613,16,683,372,822,502
1613,11,685,370,822,675
1614,11,682,373,822,676
1614,16,684,374,822,500
1614,15,664,311,773,427
1614,17,664,311,820,452
1615,16,683,375,821,501
1615,15,664,311,773,423
1615,11,682,376,824,682
1615,17,665,311,827,465
1615,18,665,310,806,435
1616,11,680,376,827,685
1616,16,681,376,827,503
1616,18,665,310,813,441
1616,15,665,310,782,425
1616,17,665,311,827,493
1617,11,678,374,829,685
1617,16,671,376,829,506
1617,15,665,310,769,426
1617,18,665,311,797,442
1618,15,665,310,768,425
1618,11,676,375,827,688
1618,16,678,376,826,509
1619,11,677,375,825,688
1619,15,665,309,768,424
1619,16,678,376,825,513
1620,15,666,309,769,425
1620,11,677,375,820,690
1620,16,679,376,820,514
1621,15,666,308,769,425
1621,11,677,376,819,692
1621,16,678,377,817,518
1622,15,666,308,769,426
1622,11,677,375,817,694
1623,11,677,374,816,696
1623,15,666,307,768,424
1624,11,677,372,816,697
1624,15,667,307,771,423
1625,11,677,369,817,697
1625,15,667,306,770,422
1626,11,677,369,817,698
1626,15,668,305,770,423
1627,15,668,305,770,423
1627,11,678,367,818,698
1628,11,678,365,818,699
1628,15,669,304,770,423
1629,11,678,365,819,700
1629,15,669,304,771,422
1630,11,678,365,819,701
1630,15,670,303,771,424
1631,11,679,364,820,702
1631,15,671,303,770,424
1632,11,679,363,819,702
1632,15,671,303,769,423
1633,11,679,364,821,699
1633,15,671,302,768,422
1634,15,672,302,769,421
1634,11,680,364,819,702
1635,11,680,359,819,702
1635,15,672,302,767,420
1636,11,680,358,819,702
1636,15,673,302,761,422
1636,16,680,360,808,523
1637,15,673,302,762,422
1637,11,681,357,817,702
1637,16,681,359,808,521
1638,16,681,356,808,521
1638,11,680,356,813,701
1638,15,676,302,762,421
1639,15,676,302,762,422
1639,11,684,354,813,703
1639,16,682,355,809,518
1640,11,684,352,813,703
1640,16,684,353,809,518
1640,15,674,302,763,429
1641,16,686,352,809,518
1641,11,686,351,811,703
1641,15,673,302,763,437
1642,11,687,350,812,702
1642,16,687,350,810,519
1642,15,673,302,763,434
1643,11,688,349,812,702
1643,16,688,350,810,519
1643,15,673,301,765,433
1644,11,688,348,813,701
1644,16,688,349,811,519
1644,15,673,301,767,432
1645,11,688,346,814,701
1645,15,673,299,768,433
1645,16,687,345,812,521
1646,11,688,346,815,701
1646,16,686,343,813,521
1646,15,673,298,766,431
1647,11,688,345,816,700
1647,16,688,343,813,521
1647,15,673,298,765,429
1648,11,688,344,816,699
1648,16,689,344,814,521
1648,15,673,297,762,430
1649,11,687,343,816,698
1649,15,672,297,761,430
1649,16,688,342,814,520
1649,19,672,297,763,493
1650,11,686,342,816,697
1650,15,673,297,759,431
1651,11,686,342,816,697
1651,15,673,297,759,430
1651,16,685,340,814,520
1652,15,673,297,759,431
1652,11,685,343,817,697
1653,11,684,343,817,696
1653,16,684,341,813,520
1653,15,674,297,759,428
1654,11,685,342,817,695
1654,15,673,297,759,428
1655,11,685,343,816,695
1655,15,673,297,758,426
1656,11,684,344,816,695
1656,16,685,342,813,520
1656,15,673,297,759,423
1657,11,684,344,816,695
1657,16,684,343,812,519
1657,15,673,298,758,424
1658,11,683,344,815,694
1658,15,672,299,759,426
1659,11,683,345,815,691
1659,15,672,300,760,430
1659,19,672,300,761,483
1660,11,682,344,814,689
1660,15,672,301,760,439
1661,11,678,325,816,687
1662,11,677,326,816,687
1663,11,676,317,816,688
1664,11,675,315,817,687
1665,11,680,340,816,684
1665,15,669,305,756,452
1666,11,681,344,815,676
1666,19,668,307,749,484
1666,15,668,307,747,435
1667,11,682,343,814,669
1667,15,668,309,746,432
1667,16,682,344,809,515
1667,19,667,309,746,485
1668,16,681,343,810,515
1668,11,682,343,814,659
1668,19,667,310,747,479
1668,15,667,310,746,428
1669,11,683,342,813,656
1669,16,684,343,809,514
1669,15,667,310,745,450
1670,16,683,344,810,514
1670,11,683,342,814,645
1670,15,666,311,745,443
1671,16,683,343,810,514
1671,11,683,342,814,644
1671,15,665,310,745,447
1672,16,683,342,811,514
1672,15,665,310,745,441
1673,16,683,343,810,515
1673,15,665,309,744,445
1674,16,683,344,810,515
1674,15,664,309,744,452
1675,16,683,344,809,514
1675,15,664,309,743,450
1676,16,683,345,809,514
1676,15,663,309,743,442
1677,16,683,345,809,513
1677,15,662,309,743,449
1678,16,682,346,809,513
1678,15,661,309,743,444
1679,16,682,346,809,513
1679,15,660,309,742,444
1680,16,682,346,808,513
1680,15,659,310,741,440
1681,16,681,347,808,513
1681,15,658,310,740,432
1682,16,681,347,808,513
1682,15,658,311,739,439
1683,16,681,347,807,513
1683,15,658,312,739,441
1684,16,681,347,806,513
1684,15,657,312,739,443
1685,16,681,348,806,514
1685,15,656,313,739,446
1686,16,681,348,805,514
1686,15,656,314,739,449
1687,16,681,348,805,513
1687,15,654,315,738,435
1688,16,680,348,805,513
1688,15,654,316,738,437
1689,16,681,348,805,513
1689,15,653,317,738,436
1690,16,680,348,805,512
1690,15,653,318,737,440
1690,20,652,315,736,486
1691,16,680,348,805,512
1691,15,653,319,737,463
1692,16,680,347,806,512
1692,15,653,319,737,460
1693,16,680,348,805,512
1693,15,653,320,737,473
1694,16,679,348,805,512
1694,15,652,321,736,458
1695,16,678,349,804,511
1695,15,652,321,736,444
1696,16,679,348,803,512
1696,15,652,321,736,429
1697,16,680,348,803,512
1697,15,652,321,735,431
1698,16,679,348,803,513
1698,15,651,321,736,435
1699,16,679,348,804,511
1699,15,651,320,735,431
1700,16,679,348,804,511
1700,15,651,320,735,432
1701,16,678,348,804,511
1701,15,651,320,735,433
1702,15,651,320,734,433
1702,16,677,349,803,511
1703,16,677,349,803,511
1703,15,651,320,735,434
1704,16,676,349,803,511
1704,15,651,320,735,434
1705,16,678,349,804,512
1705,15,652,322,735,442
1706,16,678,349,803,511
1706,15,652,321,735,443
1707,16,678,349,803,511
1707,15,652,320,735,454
1708,16,678,349,802,511
1708,15,652,320,735,459
1709,16,678,349,801,512
1709,15,652,319,735,453
1710,16,677,350,801,512
1710,15,652,319,735,438
1711,16,677,350,799,512
1711,15,652,318,735,451
1712,16,676,350,799,513
1712,15,652,317,734,441
1713,16,675,350,798,513
1713,15,652,316,734,436
1714,16,675,351,799,513
1714,15,653,316,734,432
1715,16,675,351,798,513
1715,15,652,315,733,433
1716,16,675,351,798,512
1716,15,652,315,733,430
1717,16,675,351,798,512
1717,15,651,314,733,430
1718,16,676,352,798,512
1718,15,651,314,733,430
1719,16,676,352,797,511
1719,15,651,313,733,433
1720,16,676,352,797,511
1720,15,651,312,733,433
1721,16,676,352,797,511
1721,15,651,312,733,434
1722,16,676,352,797,511
1722,15,651,311,733,434
1723,16,677,351,797,512
1723,15,651,310,733,434
1724,16,676,351,798,511
1724,15,651,309,733,433
1725,16,676,351,799,512
1725,15,651,309,734,433
1726,16,676,351,799,513
1726,15,652,309,733,434
1727,16,676,351,800,513
1727,15,652,308,733,437
1728,16,676,352,801,513
1728,15,652,307,733,439
1729,16,676,352,799,513
1729,15,652,307,733,445
1730,16,676,352,800,513
1730,15,652,307,733,448
1731,16,677,353,799,514
1731,15,652,307,733,445
1732,16,677,354,800,513
1732,15,652,307,732,443
1733,16,678,354,799,513
1733,15,652,307,732,455
1734,16,679,355,800,513
1734,15,652,307,733,457
1735,15,652,308,732,460
1735,16,679,354,803,513
1736,16,679,355,801,512
1736,15,652,309,732,465
1737,16,680,356,801,512
1737,15,651,309,732,471
1738,16,680,356,802,513
1738,15,652,310,732,465
1739,16,680,357,801,513
1739,15,652,311,732,462
1740,16,680,357,801,514
1740,15,652,312,731,458
1741,16,680,357,801,513
1741,15,652,312,731,454
1742,16,680,357,802,513
1742,15,652,312,731,454
1743,16,680,357,802,513
1743,15,652,313,731,452
1744,16,680,357,802,515
1744,15,652,313,732,448
1745,16,680,357,802,514
1745,15,652,313,731,448
1746,16,680,357,802,515
1746,15,652,313,731,444
1747,16,680,357,803,516
1747,15,652,313,731,439
1748,16,680,357,803,515
1748,15,652,312,731,438
1749,16,681,357,802,514
1749,15,651,312,732,441
1750,16,681,356,802,515
1750,15,651,312,732,445
1751,15,651,312,731,444
1751,16,681,356,802,514
1752,16,681,356,801,512
1752,15,651,312,731,441
1753,16,681,356,800,511
1753,15,650,312,730,433
1753,21,650,311,730,488
1754,15,650,312,730,432
1754,16,682,355,800,513
1755,16,682,355,799,514
1755,15,650,313,730,430
1756,15,649,313,730,430
1756,16,681,355,799,514
1757,15,649,313,730,432
1757,16,677,354,799,514
1758,15,650,313,730,430
1758,16,675,354,800,513
1759,15,650,313,730,432
1759,16,674,355,801,514
1760,15,649,314,730,431
1760,16,673,355,801,516
1761,15,649,314,730,430
1761,16,673,355,801,521
1762,16,674,355,802,523
1762,15,649,314,730,428
1763,15,649,314,730,427
1763,16,677,354,802,523
1764,16,677,354,802,523
1764,15,649,314,730,430
1765,16,678,354,803,522
1765,15,649,314,730,428
1766,16,679,354,803,522
1766,15,650,314,730,429
1767,15,650,314,730,429
1767,16,679,355,802,522
1768,15,650,314,730,430
1768,16,678,356,802,523
1769,15,650,314,730,431
1769,16,678,357,803,521
1770,16,678,357,802,520
1770,15,650,314,730,435
1771,15,650,314,730,432
1771,16,675,358,803,521
1772,16,676,358,803,520
1772,15,650,314,730,432
1773,16,677,358,803,520
1773,15,650,314,730,438
1774,16,677,358,803,521
1774,15,650,314,731,436
1775,16,677,358,804,521
1775,15,650,313,731,439
1775,22,649,315,731,488
1776,16,677,358,804,521
1776,15,650,313,731,438
1777,22,649,315,732,488
1777,16,677,358,804,520
1777,15,650,314,731,439
1778,22,649,315,732,488
1778,15,650,314,731,439
1778,16,677,358,805,520
1779,16,677,358,805,521
1779,22,649,315,732,490
1779,15,651,314,731,437
1780,22,649,315,733,489
1780,15,651,314,732,436
1780,16,678,358,806,522
1781,16,679,358,806,523
1781,15,651,314,732,435
1781,22,651,313,732,488
1782,22,651,313,732,487
1782,16,678,358,806,524
1782,15,651,314,732,434
1783,16,679,359,806,524
1783,22,651,313,732,489
1783,15,651,314,733,437
1784,15,651,314,733,436
1784,16,679,359,806,524
1784,22,651,313,733,489
1785,16,679,359,806,524
1785,15,651,314,734,436
1785,22,651,313,734,487
1786,16,679,359,806,525
1786,15,651,314,734,435
1786,22,651,313,734,488
1787,16,680,359,806,525
1787,22,651,313,734,489
1787,15,651,314,734,436
1788,22,651,313,734,489
1788,16,679,359,806,524
1788,15,651,314,734,437
1789,16,679,359,806,522
1789,22,651,313,735,487
1789,15,651,314,735,436
1790,15,651,314,735,435
1790,16,679,358,806,521
1791,15,651,314,735,434
1791,16,680,358,807,521
1792,16,680,358,807,517
1792,15,650,314,736,436
1793,15,651,314,736,435
1793,16,680,358,807,511
1794,15,651,314,736,435
1794,16,678,359,806,513
1795,15,651,314,736,437
1795,16,680,359,807,514
1796,15,651,314,736,437
1796,22,650,313,736,488
1796,16,678,360,807,516
1797,22,650,313,736,490
1797,15,651,314,736,439
1797,16,679,361,806,516
1798,15,651,314,736,438
1798,22,651,314,736,492
1798,16,682,361,804,518
1799,15,651,315,735,437
1799,22,650,314,736,488
1799,16,680,360,805,517
1800,16,680,360,805,517
1800,15,651,315,735,435
1800,22,651,314,736,484
1801,15,651,316,735,435
1801,16,680,361,806,516
1801,22,651,315,736,494
1802,22,651,315,736,494
1802,16,680,361,805,516
1802,15,651,316,735,439
1803,16,680,362,805,516
1803,22,651,317,736,488
1804,16,680,361,805,515
1804,22,651,317,735,492
1805,16,681,361,804,516
1805,22,651,317,735,486
1806,16,681,362,804,516
1806,22,651,317,736,480
1807,16,681,362,804,516
1807,22,651,317,736,479
1808,16,681,359,803,516
1808,22,650,316,737,496
1809,16,681,358,805,515
1809,22,650,316,735,489
1810,22,651,316,735,487
1810,16,681,362,805,515
1811,16,682,362,805,516
1811,15,651,316,736,444
1811,22,651,315,737,497
1812,16,683,362,807,517
1812,22,650,315,736,494
1812,15,651,316,736,433
1813,16,682,363,808,516
1813,22,650,315,737,497
1813,15,651,316,736,440
1814,15,650,316,736,440
1814,22,650,315,737,496
1814,16,681,361,808,516
1815,16,681,362,809,516
1815,22,650,315,737,494
1815,15,650,316,736,436
1816,16,681,362,809,516
1816,22,650,315,737,494
1816,15,650,316,737,439
1817,15,650,316,737,438
1817,22,650,315,737,492
1817,16,682,362,808,517
1818,16,682,362,809,516
1818,15,650,316,737,436
1818,22,650,315,737,488
1819,16,682,362,809,516
1819,22,650,315,737,490
1819,15,651,316,737,439
1820,16,682,362,809,516
1820,22,650,315,737,488
1820,15,651,316,737,436
1821,15,651,316,736,438
1821,22,650,315,737,491
1821,16,683,363,807,516
1822,22,650,315,737,492
1822,15,650,317,736,438
1822,16,682,362,809,516
1823,16,682,363,810,515
1823,22,650,315,737,495
1823,15,650,317,737,440
1824,16,682,362,810,514
1824,15,650,317,736,440
1824,22,650,315,737,494
1825,16,682,362,809,514
1825,15,650,317,736,437
1825,22,650,315,737,488
1826,15,651,317,736,438
1826,16,682,362,810,515
1826,22,650,315,736,491
1827,15,651,317,736,438
1827,22,650,315,736,493
1827,16,682,363,811,516
1828,22,651,315,737,492
1828,16,682,363,811,516
1828,15,651,317,737,440
1829,22,651,315,737,492
1829,15,651,317,737,440
1829,16,682,363,812,516
1830,16,682,363,812,516
1830,22,651,315,737,494
1830,15,651,317,738,432
1831,16,684,364,812,517
1831,15,651,316,738,436
1831,22,651,315,738,486
1832,15,651,316,738,436
1832,22,651,315,738,485
1832,16,683,363,812,517
1833,22,651,315,738,484
1833,16,683,363,812,518
1833,15,651,316,738,435
1834,16,682,364,812,519
1834,15,652,316,738,437
1834,22,652,315,738,494
1835,16,682,364,812,519
1835,22,652,315,738,493
1835,15,652,316,738,434
1836,16,682,364,812,519
1836,22,652,315,738,493
1836,15,652,316,738,433
1837,22,652,315,739,493
1837,15,652,315,738,430
1837,16,685,362,810,518
1838,15,652,315,739,430
1838,16,685,362,811,517
1838,22,652,315,739,482
1839,15,653,315,738,429
1839,16,684,361,810,518
1840,15,653,316,738,429
1840,22,652,315,738,480
1840,16,682,364,810,518
1840,23,684,361,809,623
1841,16,681,364,813,519
1841,15,653,315,737,428
1841,23,681,364,813,624
1842,15,652,315,738,428
1842,23,681,365,811,624
1842,16,681,362,812,521
1843,15,652,315,738,428
1843,16,680,365,813,517
1843,23,656,320,815,518
1844,15,653,315,738,431
1844,16,683,365,813,519
1844,23,684,363,812,625
1845,23,683,364,812,625
1845,16,682,366,814,519
1845,15,653,316,739,433
1846,23,683,363,812,625
1846,15,653,316,739,431
1846,16,683,364,813,525
1847,23,683,364,812,625
1847,15,653,316,739,430
1847,16,679,366,813,530
1848,23,683,365,812,625
1848,15,653,316,740,429
1848,16,680,366,813,533
1849,23,683,365,812,626
1849,15,653,316,740,430
1849,16,682,366,813,529
1850,15,653,316,741,430
1850,16,682,365,813,528
1851,16,683,365,813,527
1851,15,653,316,741,430
1852,15,653,316,741,430
1852,16,683,363,813,529
1853,16,683,364,812,529
1853,15,653,315,741,429
1854,15,653,316,741,430
1854,16,683,363,813,529
1855,15,653,316,741,430
1855,16,683,362,813,527
1856,15,653,316,741,429
1856,16,683,362,813,528
1857,15,653,316,741,429
1857,16,683,362,813,529
1858,15,653,316,741,429
1858,16,683,362,812,530
1859,16,683,363,812,529
1859,15,653,317,741,429
1860,15,653,317,740,429
1860,16,683,362,812,530
1861,16,683,362,812,530
1861,15,653,318,740,429
1862,16,683,362,812,530
1862,15,652,317,740,430
1863,15,652,317,739,429
1863,16,683,363,812,532
1864,15,652,316,739,429
1864,16,683,363,812,530
1865,16,683,363,812,531
1865,15,652,316,739,429
1866,16,683,363,812,530
1866,15,652,316,739,430
1867,16,683,364,812,530
1867,15,652,316,738,429
1868,15,652,316,738,429
1868,16,682,363,813,531
1869,15,651,316,738,430
1869,16,683,363,812,530
1870,15,652,316,738,430
1870,16,683,364,812,530
1871,15,651,316,738,430
1871,16,683,363,812,530
1872,16,683,364,812,529
1872,15,651,316,738,431
1873,16,683,364,812,529
1873,15,651,316,738,430
1874,15,651,316,738,430
1874,16,683,364,812,529
1875,15,651,316,737,430
1875,16,681,363,812,530
1876,15,651,316,738,430
1876,16,683,363,811,529
1877,15,651,316,738,430
1877,16,683,364,811,529
1878,15,651,316,737,430
1878,16,682,363,812,530
1879,15,651,316,738,430
1879,16,682,364,812,529
1880,15,651,316,738,430
1880,16,682,364,812,530
1881,15,651,316,738,430
1881,16,682,363,811,529
1882,15,651,316,738,430
1882,16,683,363,811,528
1883,16,683,364,811,528
1883,15,651,316,738,429
1884,15,651,316,738,429
1884,16,682,363,811,529
1885,15,651,316,738,429
1885,16,683,363,810,528
1886,16,683,363,810,528
1886,15,651,316,737,428
1887,15,651,316,738,428
1887,16,681,363,811,530
1888,15,651,316,738,428
1888,16,681,362,811,530
1889,15,651,316,737,428
1889,16,683,362,810,528
1890,16,683,362,810,528
1890,15,651,316,737,427
1891,16,683,362,810,528
1891,15,651,316,737,427
1892,15,651,316,738,427
1892,16,683,361,810,528
1893,16,682,361,810,528
1893,15,651,317,737,426
1894,15,651,317,737,426
1894,16,683,360,810,527
1895,16,683,360,810,527
1895,15,651,317,737,426
1896,15,651,317,737,426
1896,16,682,360,810,527
1897,16,682,360,811,528
1897,15,651,317,737,426
1898,15,651,317,737,426
1898,16,683,360,810,527
1899,16,683,360,810,527
1899,15,651,317,737,425
1900,16,683,360,810,526
1900,15,651,316,737,425
1901,16,683,360,810,526
1901,15,652,316,737,425
1902,16,683,360,810,526
1902,15,651,316,737,426
1903,16,683,361,810,525
1903,15,652,317,737,425
1904,16,683,360,810,525
1904,15,652,317,737,426
1905,15,652,316,737,426
1905,16,683,361,811,525
1905,24,651,315,737,493
1906,15,652,316,737,426
1906,16,682,361,810,526
1907,15,652,316,737,426
1907,16,682,361,810,526
1908,16,682,361,810,526
1908,15,652,315,737,426
1909,15,652,315,737,427
1909,16,682,361,810,526
1910,16,682,361,811,526
1910,15,652,315,737,427
1911,16,682,361,810,527
1911,15,652,315,737,426
1912,15,651,315,737,427
1912,16,684,360,810,525
1913,15,651,315,737,426
1913,16,682,361,811,527
1914,15,651,315,737,426
1914,16,683,360,810,525
1915,16,683,360,810,525
1915,15,651,315,737,426
1916,16,683,360,810,525
1916,15,651,315,736,425
1917,16,683,360,810,525
1917,15,651,315,736,424
1918,16,683,360,810,525
1918,15,651,315,736,424
1919,16,683,360,810,525
1919,15,651,315,736,424
1920,15,651,315,736,424
1920,16,684,360,810,526
1921,15,651,315,736,423
1921,16,683,360,810,527
1922,15,651,315,736,424
1922,16,681,360,810,528
1923,16,681,360,810,528
1923,15,651,315,736,424
1924,16,682,360,810,528
1924,15,651,315,736,425
1925,16,681,360,810,528
1925,15,651,315,736,424
1926,16,682,360,810,528
1926,15,651,315,736,426
1927,16,682,361,810,528
1927,15,651,315,735,424
1927,25,651,315,736,492
1928,15,652,315,735,424
1928,16,683,360,810,527
1929,15,652,315,735,424
1929,25,651,315,736,492
1929,16,682,360,810,528
1930,15,652,315,735,425
1930,16,683,359,809,527
1931,25,651,314,736,492
1931,15,652,315,735,425
1931,16,682,360,810,527
1932,15,651,315,735,426
1932,16,683,360,809,526
1933,15,651,315,735,426
1933,16,682,360,810,527
1934,16,682,360,810,527
1934,15,651,314,735,425
1935,25,651,314,735,492
1935,16,682,360,810,528
1935,15,652,315,735,426
1936,16,681,360,810,528
1936,15,652,315,735,427
1937,25,651,315,735,492
1937,15,652,315,735,426
1937,16,682,360,810,527
1938,16,681,360,809,528
1938,15,651,314,735,426
1939,16,681,360,809,527
1939,15,651,314,735,425
1940,16,681,360,809,527
1940,25,651,314,735,493
1940,15,652,315,734,425
1941,25,651,315,735,493
1941,16,681,360,809,527
1941,15,652,315,734,424
1942,16,681,360,809,527
1942,15,652,315,734,424
1943,16,681,360,809,527
1943,15,652,315,734,423
1944,15,652,315,734,423
1944,16,680,360,809,527
1945,16,680,360,809,527
1945,15,651,315,734,422
1946,15,651,315,734,423
1946,16,682,360,808,527
1947,16,682,360,807,527
1947,15,651,315,734,422
1948,15,651,315,734,423
1948,16,680,360,808,528
1949,15,650,315,734,422
1949,16,680,361,808,529
1950,15,650,315,734,423
1950,16,682,360,807,528
1951,15,650,315,734,423
1951,16,682,360,807,528
1952,16,682,361,807,524
1952,15,651,315,733,425
1953,16,682,361,807,524
1953,15,651,315,733,426
1954,16,682,362,806,524
1954,15,651,315,733,427
1955,16,682,361,806,524
1955,15,651,315,732,427
1956,16,682,361,806,524
1956,15,651,315,732,428
1957,15,651,315,732,428
1957,16,682,361,806,524
1958,16,682,361,806,524
1958,15,651,315,732,429
1959,15,651,315,732,429
1959,16,679,361,807,525
1960,15,651,315,732,429
1960,16,681,361,806,525
1961,16,679,361,806,525
1961,15,651,316,731,431
1962,15,651,316,731,431
1962,16,679,361,806,525
1962,26,651,315,732,480
1963,16,679,360,806,525
1963,15,651,315,732,429
1964,15,650,315,732,429
1964,16,681,360,805,524
1965,15,650,315,732,429
1965,16,681,360,805,524
1966,16,681,360,805,524
1966,15,650,315,731,429
1967,15,650,315,731,429
1967,16,681,360,805,523
1967,26,650,314,732,485
1968,15,650,315,731,429
1968,16,681,360,805,522
1968,26,650,314,732,482
1969,15,650,315,731,430
1969,16,681,360,804,524
1970,15,650,315,732,431
1970,16,678,360,805,523
1970,26,650,315,732,490
1971,16,678,360,805,523
1971,15,650,315,732,431
1971,26,650,315,732,489
1972,16,678,360,805,523
1972,15,650,315,731,432
1972,26,650,315,732,492
1973,16,678,360,805,523
1973,15,650,315,731,432
1973,26,650,315,732,493
1974,15,650,315,731,432
1974,16,678,359,805,523
1974,26,650,315,732,492
1975,16,678,359,805,523
1975,26,650,315,731,495
1975,15,651,316,731,436
1976,16,677,360,805,523
1976,26,650,315,731,493
1976,15,651,316,731,437
1977,26,650,315,731,493
1977,16,677,360,805,523
1977,15,651,317,731,437
1978,26,650,315,731,492
1978,16,677,360,805,523
1978,15,650,315,731,435
1979,16,676,359,805,523
1979,26,650,315,731,490
1979,15,650,315,731,434
1980,26,650,315,731,490
1980,16,676,359,805,524
1980,15,651,315,731,433
1981,16,676,359,804,523
1981,15,650,315,731,433
1982,15,650,315,731,433
1982,16,676,359,804,522
1983,15,651,315,730,433
1983,16,676,359,804,523
1984,15,650,315,730,433
1984,16,675,359,804,523
1985,15,651,315,730,432
1985,16,676,359,804,524
1986,16,675,359,804,524
1986,15,651,314,730,432
1987,16,675,359,804,523
1987,15,651,314,730,431
1988,16,675,359,804,524
1988,15,651,314,730,432
1989,15,651,314,730,432
1989,16,675,359,804,523
1990,15,651,314,730,432
1990,16,675,359,804,524
1991,15,651,314,730,432
1991,16,675,360,804,523
1992,16,675,360,803,524
1992,15,651,314,730,432
1993,15,651,314,730,433
1993,16,678,359,803,524
1994,15,651,314,730,432
1994,16,675,359,803,524
1995,15,651,314,730,432
1995,16,675,360,803,525
1996,15,651,314,730,432
1996,16,674,359,803,526
1997,16,675,359,803,525
1997,15,651,313,730,432
1998,16,675,359,803,525
1998,15,652,312,731,431
1999,16,675,359,804,525
1999,15,653,312,731,432
2000,16,675,359,804,526
2000,15,653,311,732,432
2001,16,674,360,803,526
2001,15,654,310,732,432
2002,16,674,360,804,527
2002,15,656,309,733,431
2003,16,675,360,804,526
2003,15,657,309,733,431
2004,15,658,309,733,431
2004,16,675,360,804,528
2005,16,675,360,804,527
2005,15,659,308,734,429
2006,16,675,360,804,527
2006,15,659,307,733,430
2007,16,675,360,804,527
2007,15,659,307,734,431
2008,16,675,360,804,527
2008,15,658,307,734,430
2009,16,675,360,804,527
2009,15,659,307,735,430
2010,16,675,360,804,527
2010,15,659,307,735,429
2011,16,676,360,804,528
2011,15,659,307,736,430
2012,16,676,360,804,528
2012,15,660,307,735,430
2013,16,676,360,804,527
2013,15,660,307,736,430
2014,16,676,360,804,527
2014,15,661,308,737,428
2015,15,662,308,738,429
2015,16,679,360,803,526
2016,16,679,360,803,526
2016,15,661,308,738,427
2017,16,679,360,803,526
2017,15,662,309,740,426
2018,16,679,359,803,526
2018,15,661,308,740,427
2019,15,662,309,740,425
2019,16,676,360,804,526
2020,16,679,359,803,525
2020,15,662,309,740,422
2021,16,679,359,803,525
2021,15,662,309,741,425
2022,15,662,309,742,422
2022,16,676,360,803,526
2023,16,676,360,804,525
2023,15,663,309,742,434
2024,16,676,360,804,525
2024,15,663,309,743,445
2025,16,676,360,803,525
2025,15,664,308,744,432
2026,16,676,361,804,525
2026,15,664,308,745,427
2027,16,675,361,803,524
2027,15,665,308,748,423
2028,16,675,361,803,524
2028,15,666,309,750,420
2029,16,675,361,803,524
2029,15,666,309,751,421
2030,16,675,361,803,524
2030,15,667,308,754,421
2031,16,674,361,803,525
2031,15,668,309,758,420
2032,16,674,362,803,525
2032,15,669,309,764,419
2033,16,674,364,803,525
2033,15,670,309,769,416
2034,16,674,365,803,525
2034,15,671,309,777,415
2035,16,672,309,801,523
2036,16,673,308,800,519
2037,16,673,308,800,519
2038,16,673,308,800,521
2039,16,675,316,801,525
2039,15,672,308,795,420
2040,15,672,308,795,422
2040,16,675,362,801,526
2041,15,671,305,794,424
2041,16,675,372,801,526
2042,15,671,305,795,426
2043,15,670,304,794,427
2043,16,674,335,801,526
2043,27,673,365,800,620
2044,15,670,303,795,427
2044,27,673,360,799,620
2045,15,670,301,795,433
2045,16,670,301,796,511
2046,16,671,300,796,511
2046,15,671,300,795,432
2046,27,673,310,799,621
2047,15,671,300,795,433
2047,27,673,314,799,622
2048,27,672,306,799,622
2048,16,671,300,798,520
2049,16,672,299,798,521
2049,27,671,323,799,623
2049,15,672,299,796,447
2050,27,672,321,799,622
2050,15,674,297,798,450
2050,16,673,296,798,512
2051,16,673,295,801,515
2052,16,674,296,802,515
2053,16,674,296,803,517
2054,16,674,296,802,509
2054,27,672,337,799,620
2055,16,675,295,802,509
2055,27,672,344,798,620
2055,15,674,368,799,526
2056,16,676,294,803,510
2056,15,674,370,799,525
2057,15,673,368,799,525
2057,16,676,295,804,513
2058,15,673,365,799,526
2058,16,679,294,804,511
2059,15,673,365,800,526
2059,16,683,296,806,458
2060,15,673,368,800,525
2060,16,686,296,807,452
2061,15,673,365,800,523
2061,16,688,297,807,440
2062,15,672,364,800,520
2062,16,691,298,808,441
2063,15,672,363,800,519
2063,16,697,300,808,426
2064,15,672,365,800,518
2064,16,720,301,810,448
2065,16,726,301,812,458
2065,15,672,322,804,518
2066,15,675,303,812,517
2067,15,677,304,813,517
2068,15,679,305,813,516
2068,16,699,305,815,454
2069,16,700,308,816,428
2069,15,672,347,802,519
2070,15,671,343,803,519
2070,16,705,310,817,415
2071,15,672,336,800,519
2072,15,672,345,801,519
2072,16,741,316,818,415
2073,15,672,342,800,519
2073,16,741,318,818,421
2074,15,672,348,801,520
2075,15,672,350,801,519
2076,15,672,356,800,520
2076,16,744,320,819,414
2077,16,744,319,820,423
2077,15,671,345,804,525
2078,15,672,352,801,521
2079,15,672,353,801,519
2080,15,672,351,800,519
2080,16,744,319,820,442
2081,15,672,349,800,520
2081,16,742,319,821,447
2082,15,672,351,801,518
2082,16,737,318,821,430
2083,15,671,349,801,518
2083,16,729,319,821,441
2084,15,672,349,800,517
2084,16,731,318,821,443
2085,15,671,347,800,517
2085,16,733,318,821,440
2086,15,671,349,800,518
2086,16,730,318,822,438
2087,15,671,346,800,518
2087,16,736,318,822,439
2088,16,737,318,822,440
2088,15,671,341,804,520
2089,15,670,344,804,520
2089,16,739,318,822,437
2090,15,671,350,800,518
2090,16,724,318,822,442
2091,15,671,351,800,517
2091,16,738,318,822,437
2092,15,671,351,800,518
2092,16,740,318,821,432
2093,15,671,348,801,518
2093,16,743,318,821,432
2094,15,671,342,805,520
2094,16,743,318,822,425
2095,15,671,342,805,521
2095,16,742,318,821,436
2096,15,671,342,806,522
2096,16,741,318,821,444
2097,16,742,318,821,444
2097,15,672,346,803,519
2098,15,672,347,802,519
2098,16,743,318,821,439
2099,15,671,341,805,520
2099,16,743,318,822,430
2100,15,671,341,801,517
2100,16,746,318,822,428
2101,16,742,318,823,430
2101,15,670,348,804,523
2102,15,669,344,804,523
2102,16,746,318,822,426
2103,15,668,343,804,523
2103,16,747,318,821,424
2104,16,750,319,821,424
2104,15,668,336,804,522
2105,15,668,333,804,522
2105,16,750,318,821,422
2106,15,668,334,804,521
2106,16,751,318,821,422
2107,15,668,334,804,521
2107,16,750,318,821,421
2107,28,668,335,800,600
2108,15,667,333,804,520
2108,16,752,318,821,420
2109,16,752,318,820,420
2109,15,668,334,804,520
2110,15,667,334,804,519
2110,16,751,318,820,421
2111,15,667,333,804,521
2111,16,749,317,820,424
2111,28,668,336,800,618
2112,15,667,334,804,521
2112,16,747,317,820,424
2113,15,667,334,804,521
2113,16,748,317,821,426
2114,15,667,335,804,521
2114,16,746,317,821,422
2115,15,667,335,804,520
2115,16,746,317,821,421
2116,15,667,335,804,520
2116,16,747,317,821,423
2117,15,667,336,804,520
2117,16,746,317,821,426
2118,16,746,317,821,425
2118,15,667,335,804,519
2119,15,667,334,804,519
2119,16,743,317,821,422
2119,28,668,335,800,591
2120,15,667,337,804,519
2120,28,668,338,800,600
2120,16,742,317,821,427
2121,15,667,337,804,519
2121,16,740,317,821,428
2122,16,740,317,821,427
2122,15,667,339,804,519
2123,15,667,340,804,518
2124,15,667,339,804,518
2124,28,668,340,800,608
2125,15,667,339,803,518
2125,28,667,340,800,618
2126,28,668,340,800,618
2126,15,667,339,803,518
2127,28,668,338,800,618
2127,15,667,337,804,518
2128,15,667,338,804,520
2129,15,667,341,804,520
2129,28,667,341,800,592
2130,28,667,341,800,593
2130,15,667,341,804,521
2131,15,667,344,803,520
2131,28,668,343,799,589
2132,15,667,344,803,520
2132,28,668,343,799,599
2133,15,667,344,803,519
2133,28,668,343,800,611
2134,15,667,346,804,519
2134,28,668,345,800,622
2135,28,668,347,800,622
2135,15,667,348,804,520
2136,15,667,347,804,520
2136,28,668,347,800,591
2137,15,667,349,804,520
2138,15,667,348,804,520
2138,28,668,348,800,623
2139,28,668,347,800,622
2139,15,667,345,804,521
2140,15,667,347,804,522
2141,15,667,343,804,523
2142,15,666,344,804,523
2143,15,666,341,804,523
2144,15,666,335,804,522
2145,15,666,337,803,521
2146,15,666,336,803,522
2147,15,666,338,803,522
2148,15,665,335,803,521
2148,28,731,316,818,417
2149,15,665,335,803,520
2149,28,735,316,818,419
2150,15,666,337,803,521
2150,28,725,316,818,419
2151,15,665,338,803,521
2151,28,724,316,818,417
2152,15,666,340,803,520
2152,28,708,316,818,420
2153,15,665,338,802,521
2153,28,720,316,817,417
2154,15,665,337,802,520
2154,29,666,338,799,623
2155,15,665,337,802,522
2156,15,665,340,802,522
2157,15,665,340,802,521
2157,28,713,316,817,413
2158,15,665,340,802,522
2158,28,712,316,817,412
2159,29,666,341,799,621
2159,15,665,341,802,522
2159,28,707,316,817,412
2160,29,665,338,799,622
2160,15,665,337,802,521
2160,28,710,316,817,412
2161,29,666,342,799,622
2161,15,664,347,800,520
2161,28,702,316,817,413
2162,29,666,344,798,623
2162,15,664,349,800,520
2162,28,700,316,817,414
2163,29,666,342,798,623
2163,15,664,347,800,520
2163,28,701,316,817,413
2164,29,666,344,798,623
2164,15,664,348,800,520
2164,28,701,316,817,414
2165,29,666,345,798,625
2165,15,664,349,800,519
2165,28,700,316,817,412
2166,28,700,316,817,412
2166,29,666,346,798,624
2166,15,664,351,800,519
2167,29,666,349,798,624
2167,15,664,354,799,517
2167,28,700,316,817,414
2168,28,699,316,817,414
2168,29,667,353,798,624
2168,15,664,357,800,517
2169,28,699,316,817,414
2169,15,664,355,800,517
2169,29,666,351,798,625
2170,29,667,347,798,625
2170,28,698,315,817,416
2170,15,665,353,800,517
2171,29,667,347,798,625
2171,15,665,352,800,517
2171,28,699,315,817,417
2172,28,699,315,817,416
2172,15,665,347,800,516
2173,28,700,315,817,417
2173,15,666,341,799,515
2174,15,666,341,799,516
2174,28,700,314,817,419
2175,28,701,314,817,419
2175,15,666,345,799,516
2176,15,666,348,800,517
2176,28,701,314,817,422
2177,15,666,352,800,517
2177,28,702,314,817,420
2178,15,666,348,800,518
2178,28,706,314,816,417
2179,15,666,348,800,517
2179,28,706,314,816,417
2180,15,666,348,801,516
2180,28,703,314,816,421
2181,15,666,353,801,517
2181,28,702,314,815,419
2182,15,666,353,801,517
2182,28,704,313,815,423
2183,15,666,349,801,517
2183,28,705,313,815,421
2183,29,666,344,800,582
2184,15,666,353,801,517
2184,28,702,313,815,422
2184,29,668,350,800,621
2185,29,668,352,799,622
2185,15,666,355,801,518
2185,28,701,313,815,420
2186,29,668,351,800,622
2186,15,666,354,801,517
2186,28,712,313,815,419
2187,29,667,349,800,623
2187,15,666,352,801,517
2187,28,724,312,815,420
2188,15,666,352,801,517
2188,28,724,312,815,418
2189,15,666,353,801,517
2189,28,722,312,814,419
2190,15,667,356,801,518
2190,28,701,311,815,417
2191,15,666,359,801,518
2191,28,700,311,815,420
2192,15,666,358,801,518
2192,28,702,310,815,419
2193,15,666,358,801,518
2193,28,702,309,816,419
2194,28,701,309,815,420
2194,15,666,361,800,516
2195,15,666,361,799,516
2195,28,699,309,815,420
2196,15,666,361,799,516
2196,28,699,309,815,420
2197,15,666,361,799,516
2197,28,699,309,815,420
2198,15,666,362,802,520
2198,28,713,309,814,421
2199,15,666,362,802,522
2199,28,727,310,814,421
2200,15,665,358,801,521
2200,28,709,310,814,421
2201,15,666,361,802,524
2201,28,725,310,814,419
2202,15,665,360,800,519
2202,28,717,310,814,420
2203,15,666,362,802,523
2203,28,729,311,814,427
2204,15,665,363,801,523
2204,28,731,311,814,425
2205,15,666,363,801,523
2205,28,731,312,814,418
2206,15,665,362,801,523
2206,28,732,312,814,420
2207,15,665,362,801,522
2207,28,732,312,813,419
2208,15,665,362,801,521
2208,28,731,312,813,418
2209,15,666,360,801,521
2209,28,729,312,812,415
2210,15,666,360,801,521
2210,28,730,312,812,417
2211,15,665,359,800,520
2211,28,728,313,812,418
2211,30,666,357,798,621
2212,15,665,358,800,519
2212,28,726,313,812,420
2213,15,665,359,800,519
2213,30,667,358,798,623
2213,28,724,313,811,418
2214,15,665,358,800,518
2214,28,723,313,811,417
2215,15,665,360,799,519
2215,28,727,312,811,415
2216,15,665,359,799,520
2216,28,728,313,810,416
2217,15,665,359,799,522
2217,28,729,313,810,417
2218,15,665,357,799,522
2218,28,729,313,810,416
2219,15,665,356,799,522
2219,28,730,313,810,415
2220,15,665,357,798,520
2220,28,729,313,809,416
2221,15,665,360,799,521
2221,28,725,313,810,416
2222,28,725,313,809,416
2222,15,666,364,798,521
2223,15,666,364,798,521
2223,28,725,313,809,416
2224,28,725,313,809,415
2224,15,666,365,798,522
2225,15,666,365,798,523
2225,28,720,313,809,416
2226,15,666,365,798,523
2226,28,726,313,810,415
2227,15,666,364,797,523
2227,28,707,313,810,415
2228,28,711,314,810,416
2228,15,665,360,799,521
2229,15,665,359,799,521
2229,30,666,358,797,621
2229,28,714,313,810,417
2230,30,666,358,797,622
2230,15,665,359,799,520
2230,28,719,314,811,417
2231,15,665,360,798,520
2231,30,665,359,797,621
2231,28,727,313,811,416
2232,30,665,356,797,621
2232,28,728,313,812,416
2232,15,664,358,799,520
2233,30,665,359,797,621
2233,15,665,358,799,521
2233,28,726,314,812,416
2234,15,665,359,799,521
2234,30,666,358,797,622
2234,28,723,314,812,417
2235,15,665,358,799,521
2235,30,666,359,797,621
2235,28,715,314,812,417
2236,30,666,360,797,622
2236,15,665,360,799,521
2236,28,708,314,813,418
2237,15,665,359,799,521
2237,30,666,358,797,622
2237,28,723,314,813,416
2238,30,666,358,797,622
2238,15,665,359,799,521
2238,28,708,314,813,418
2239,30,666,357,797,623
2239,15,665,358,799,521
2239,28,723,314,813,418
2240,15,665,358,799,521
2240,30,666,357,797,624
2240,28,721,314,813,418
2241,30,665,357,797,623
2241,28,719,314,813,418
2241,15,665,357,801,521
2242,30,665,358,797,622
2242,15,665,356,801,523
2242,28,729,314,813,417
2243,30,665,357,797,621
2243,15,665,356,800,522
2243,28,730,313,813,416
2244,30,665,356,797,622
2244,28,728,313,813,418
2244,15,665,355,800,516
2245,30,665,353,797,622
2245,15,665,352,800,515
2245,28,729,313,813,417
2246,30,665,351,797,622
2246,15,666,351,799,516
2246,28,727,313,812,415
2247,30,665,352,797,623
2247,15,667,351,799,515
2247,28,726,313,812,416
2248,30,667,353,797,624
2248,15,668,361,797,511
2249,15,669,360,797,512
2249,30,669,351,797,623
2250,30,669,343,797,624
2250,15,670,356,797,514
2253,15,696,313,810,504
2254,15,696,312,810,505
2255,15,693,312,810,505
2256,15,693,312,810,506
2257,15,695,311,810,506
2258,15,692,310,809,506
2259,15,695,310,809,505
2260,15,694,310,809,504
2261,15,693,310,808,501
2261,28,698,310,809,440
2262,15,692,310,808,502
2262,28,697,310,809,442
2263,15,690,310,808,504
2264,15,688,310,808,506
2265,15,691,310,807,507
2266,15,689,310,807,509
2267,15,690,309,807,508
2268,15,691,309,806,508
2269,15,685,309,806,510
2270,15,690,309,806,509
2271,15,690,309,806,510
2272,15,689,308,806,511
2273,15,689,308,806,511
2274,15,688,308,806,508
2275,15,691,308,806,509
2276,15,674,307,805,514
2277,15,673,307,805,512
2278,15,674,307,805,510
2279,15,671,307,805,511
2280,15,671,307,805,510
2282,15,694,308,806,506
2283,15,705,308,806,501
2285,15,661,352,798,509
2286,15,661,362,792,511
2287,15,661,361,793,516
2287,31,697,307,807,428
2287,32,661,351,793,621
2289,15,661,341,796,520
2292,15,661,358,795,522
2293,15,661,354,796,523
2294,15,661,372,794,523
2295,15,661,369,793,524
2296,32,661,352,793,621
2296,15,661,362,794,526
2296,31,693,307,807,424
2297,32,661,352,793,621
2297,15,661,362,794,526
2298,15,661,361,794,526
2298,32,661,358,793,621
2298,31,692,307,807,428
2299,32,661,357,793,622
2299,31,690,307,807,426
2299,15,661,354,792,528
2300,32,662,358,792,621
2300,31,689,307,807,430
2300,15,662,364,792,526
2301,32,662,359,793,621
2301,15,661,363,792,526
2301,31,690,307,808,427
2302,32,661,359,793,618
2302,31,690,307,808,425
2302,15,661,361,792,527
2303,31,690,307,808,425
2303,32,662,360,793,620
2303,15,661,362,792,526
2304,15,662,362,792,527
2304,31,690,307,808,426
2304,32,661,361,793,618
2305,32,661,362,793,617
2305,15,661,365,792,528
2305,31,692,307,808,423
2306,15,661,365,793,526
2306,31,690,307,808,433
2307,15,661,364,792,527
2307,31,690,307,808,429
2308,15,661,365,792,526
2308,32,662,364,793,619
2308,31,690,307,807,433
2309,32,661,361,793,619
2309,15,661,365,792,528
2309,31,689,307,808,425
2310,32,662,362,793,619
2310,15,661,365,792,527
2310,31,689,307,808,426
2311,15,661,365,791,527
2311,31,689,307,808,425
2312,15,661,365,792,526
2312,31,689,307,807,430
2313,15,661,363,791,527
2313,31,688,307,808,422
2314,15,662,363,791,526
2314,31,688,307,808,419
2315,15,662,363,791,526
2315,31,688,307,807,418
2316,31,688,307,807,418
2316,15,661,362,795,525
2317,31,689,307,808,419
2317,15,662,362,792,526
2318,15,662,362,791,522
2318,31,690,306,808,417
2319,15,662,363,791,522
2319,31,689,306,808,416
2320,15,661,364,791,521
2320,31,689,305,808,418
2321,15,662,364,791,520
2321,31,690,305,808,416
2322,15,662,364,791,520
2322,31,691,304,808,415
2323,31,691,303,809,417
2323,15,661,362,793,522
2324,15,661,360,794,522
2324,31,693,303,810,421
2325,31,693,302,810,420
2325,15,661,361,793,521
2326,15,662,362,793,521
2326,31,692,302,810,422
2327,31,691,301,810,423
2327,15,663,363,791,519
2328,15,663,363,790,520
2328,31,691,301,810,425
2329,15,662,362,790,520
2329,31,690,302,810,423
2330,15,662,362,790,520
2330,31,691,302,811,423
2331,15,662,363,790,521
2331,31,691,302,810,422
2332,15,662,362,790,520
2332,31,691,302,809,421
2333,15,662,363,790,520
2333,31,692,302,809,421
2334,31,693,302,809,420
2334,15,661,363,792,521
2335,15,661,363,792,524
2335,31,695,302,809,418
2336,15,661,364,792,523
2336,31,692,302,808,418
2337,31,692,302,808,417
2337,15,661,364,793,526
2338,31,692,303,808,418
2338,15,661,365,793,524
2339,15,661,364,794,524
2339,31,690,303,808,418
2340,31,690,303,808,417
2340,15,661,364,790,526
2341,15,661,364,790,525
2341,31,690,303,808,419
2342,15,661,364,791,525
2342,31,689,304,808,417
2343,15,660,364,791,524
2343,31,689,304,808,417
2344,15,660,364,791,525
2344,31,688,304,808,417
2345,15,660,365,790,525
2345,31,687,304,808,418
2346,31,687,305,809,418
2346,15,659,365,795,524
2347,15,659,364,795,524
2347,31,687,305,809,419
2348,15,659,364,795,524
2348,31,688,305,809,420
2349,15,659,364,795,523
2349,31,687,305,809,420
2350,31,687,305,809,420
2350,15,660,361,791,524
2351,31,687,305,809,419
2351,15,660,360,791,524
2352,15,660,360,791,524
2352,31,688,305,809,420
2353,15,660,362,791,526
2353,31,689,305,809,419
2354,31,688,305,809,420
2354,15,660,359,791,525
2355,15,660,359,792,525
2355,31,688,305,809,419
2356,31,688,305,809,419
2356,15,660,357,792,525
2357,31,687,305,809,419
2357,15,660,360,792,525
2358,31,687,305,809,418
2358,15,660,360,791,524
2359,31,688,305,809,418
2359,15,660,356,791,525
2360,31,688,305,809,418
2360,15,660,358,791,523
2361,31,688,305,809,418
2361,15,660,358,791,523
2362,31,688,304,809,418
2362,15,660,359,791,524
2363,31,688,304,809,417
2363,15,660,358,791,524
2364,31,689,304,809,416
2364,15,660,359,791,523
2365,31,689,304,809,416
2365,15,660,358,791,523
2366,31,689,304,809,416
2366,15,659,362,790,524
2367,15,659,364,790,524
2367,31,688,304,809,417
2368,15,659,364,790,523
2368,31,689,304,809,418
2369,15,659,364,789,522
2369,31,689,304,809,418
2370,15,659,363,790,522
2370,31,688,304,809,417
2371,31,688,304,809,417
2371,15,659,363,790,523
2372,15,659,363,789,523
2372,31,688,304,809,416
2373,31,688,304,809,417
2373,15,659,363,789,526
2374,31,688,304,809,416
2374,15,659,363,795,527
2374,33,660,360,791,616
2375,33,660,359,791,614
2375,31,688,304,809,417
2375,15,659,362,789,531
2376,31,687,304,809,418
2376,15,659,361,789,528
2377,15,659,359,789,528
2377,31,687,304,809,417
2378,31,687,304,809,417
2378,15,658,358,790,533
2379,31,687,304,809,419
2379,15,658,360,790,529
2380,31,687,304,809,419
2380,15,658,362,790,527
2381,31,687,304,808,419
2381,15,658,362,789,526
2382,31,687,304,808,420
2382,15,658,363,789,524
2383,31,687,304,808,422
2383,15,659,355,789,521
2384,31,686,304,808,421
2384,15,658,362,789,520
2385,15,658,362,789,520
2385,31,687,304,808,422
2386,31,687,304,808,422
2386,15,657,361,789,521
2387,31,687,304,808,421
2387,15,657,361,789,519
2388,31,687,304,808,422
2388,15,657,363,790,518
2389,31,687,304,808,422
2389,15,657,363,790,520
2390,31,687,304,808,421
2390,15,659,357,790,522
2391,31,687,304,808,421
2391,15,658,360,789,523
2392,31,687,303,808,421
2392,15,658,360,790,525
2393,31,687,303,808,421
2393,15,659,356,790,524
2394,31,688,303,808,422
2394,15,658,360,790,524
2395,15,658,361,790,523
2395,31,689,303,807,424
2396,15,658,361,790,524
2396,31,689,303,807,423
2397,31,691,303,807,421
2397,15,657,363,789,525
2398,31,690,303,807,421
2398,15,657,364,789,523
2399,31,691,303,807,422
2399,15,659,357,790,524
2400,15,659,358,790,523
2400,31,689,303,807,421
2401,15,658,367,791,525
2401,31,688,302,808,430
2402,31,688,302,807,429
2402,15,658,363,792,524
2403,15,658,361,791,524
2403,31,690,302,807,427
2404,15,658,361,791,525
2404,31,691,302,807,426
2405,15,658,362,790,526
2405,31,690,302,807,424
2406,31,689,302,807,423
2406,15,658,361,790,527
2407,15,658,361,790,527
2407,31,688,302,807,422
2408,31,688,303,807,424
2408,15,658,364,791,525
2409,15,658,363,790,524
2409,31,687,303,806,421
2410,31,686,303,806,423
2410,15,658,367,791,526
2411,31,686,303,806,423
2411,15,658,366,791,526
2412,15,658,364,791,526
2412,31,693,303,806,429
2413,15,658,364,792,524
2413,31,688,303,806,428
2414,31,687,303,806,430
2414,15,658,358,794,523
2415,31,688,303,806,430
2415,15,658,361,792,523
2416,31,687,303,806,430
2416,15,658,362,792,523
2417,31,686,303,806,431
2417,15,658,363,792,524
2418,31,685,303,806,430
2418,15,658,367,790,524
2419,31,685,303,806,431
2420,31,686,303,806,430
2420,15,658,354,793,523
2421,15,658,356,793,523
2421,31,685,303,806,430
2422,31,685,303,806,431
2422,15,658,363,791,523
2423,31,686,303,806,432
2423,15,658,359,793,525
2424,31,685,303,806,429
2424,15,658,368,791,527
2425,31,684,303,806,430
2425,15,658,366,790,527
2426,15,658,366,790,527
2426,31,684,303,806,428
2427,31,683,303,806,428
2427,15,658,365,790,525
2428,15,658,366,790,524
2428,31,685,303,806,430
2429,15,658,365,789,524
2429,31,687,303,807,425
2430,15,658,365,789,525
2430,31,686,303,807,424
2431,15,659,362,789,524
2431,31,685,303,807,426
2432,31,687,303,807,426
2432,15,658,366,789,524
2433,15,658,364,789,524
2433,31,684,303,807,428
2434,31,685,303,806,428
2434,15,658,366,789,523
2435,15,658,364,789,524
2435,31,685,303,806,424
2436,31,686,303,806,424
2436,15,658,362,789,524
2437,15,658,363,789,525
2437,31,686,302,806,425
2438,31,686,303,806,424
2438,15,659,358,789,526
2439,31,686,302,806,422
2439,15,658,362,789,526
2440,15,658,362,789,528
2440,31,686,302,806,421
2441,31,686,302,806,422
2441,15,659,355,789,526
2442,31,686,303,806,423
2442,15,659,357,790,528
2443,31,685,302,807,422
2443,15,657,364,789,525
2444,31,685,302,807,422
2444,15,659,358,790,524
2445,31,685,302,807,421
2445,15,658,364,789,524
2446,15,658,363,789,525
2446,31,685,302,807,420
2447,31,686,302,807,421
2447,15,659,357,790,525
2448,31,686,302,807,420
2448,15,659,356,790,525
2449,31,685,302,806,420
2449,15,658,363,789,526
2450,15,657,363,789,526
2450,31,685,302,806,419
2451,31,685,302,806,419
2451,15,658,362,790,526
2452,31,685,302,806,419
2452,15,657,362,789,526
2453,15,658,362,789,526
2453,31,685,302,806,420
2454,15,658,361,789,526
2454,31,687,302,806,418
2455,31,687,302,806,419
2455,15,658,362,789,527
2456,31,688,302,806,419
2456,15,659,357,789,527
2457,31,687,302,806,419
2457,15,658,362,789,525
2458,31,687,302,806,418
2458,15,658,361,789,527
2459,15,658,360,789,527
2459,31,688,302,806,417
2460,31,688,302,806,417
2460,15,658,360,790,529
2461,15,658,359,790,527
2461,31,689,302,807,416
2462,31,687,302,807,416
2462,15,658,360,789,525
2463,15,658,360,789,524
2463,31,687,301,807,417
2464,31,688,301,807,416
2464,15,658,355,790,525
2465,31,688,301,807,416
2465,15,658,359,790,526
2466,31,688,302,807,416
2466,15,658,361,789,526
2467,31,688,302,807,417
2467,15,658,357,789,526
2468,31,688,301,807,417
2468,15,658,356,789,526
2469,31,688,301,807,417
2469,15,658,355,789,527
2470,31,688,301,807,417
2470,15,658,356,789,528
2471,31,687,301,807,418
2471,15,658,358,789,529
2472,31,687,301,807,418
2472,15,658,359,789,528
2473,15,658,360,789,528
2473,31,687,301,807,419
2474,31,687,301,807,419
2474,15,658,359,789,527
2475,31,687,301,807,419
2475,15,658,358,789,530
2476,31,687,301,807,419
2476,15,658,360,789,528
2477,31,687,301,806,420
2477,15,658,358,789,528
2478,31,686,301,807,420
2478,15,657,358,789,525
2479,31,686,301,807,421
2479,15,658,358,789,523
2480,15,658,358,789,523
2480,31,687,301,807,421
2481,31,687,301,807,422
2481,15,658,358,789,522
2482,15,658,358,789,523
2482,31,687,301,807,420
2483,31,687,301,807,420
2483,15,658,359,789,522
2484,15,658,358,789,524
2484,31,687,301,808,418
2485,31,687,301,808,420
2485,15,658,358,789,522
2486,15,658,359,789,522
2486,31,687,301,807,420
2487,31,687,301,807,420
2487,15,658,359,789,523
2488,31,687,301,807,420
2488,15,658,359,789,522
2489,31,687,300,806,419
2489,15,658,358,789,523
2490,31,687,300,806,417
2490,15,657,359,789,526
2491,31,687,300,806,419
2491,15,658,360,789,524
2492,31,687,300,806,420
2492,15,658,362,789,524
2493,31,687,300,806,420
2493,15,658,361,789,525
2494,31,687,300,806,420
2494,15,658,361,789,526
2495,31,687,300,806,420
2495,15,658,360,789,524
2496,31,687,300,806,420
2496,15,658,362,788,523
2497,31,687,300,806,420
2497,15,659,358,789,524
2498,31,687,300,806,420
2498,15,658,363,789,524
2499,31,687,300,805,420
2499,15,658,363,789,525
2500,31,687,300,805,420
2500,15,658,363,788,527
2501,31,686,300,805,420
2501,15,658,364,789,525
2502,31,686,300,805,419
2502,15,659,363,789,525
2503,31,687,300,805,419
2503,15,658,364,789,527
2504,31,687,300,805,419
2504,15,658,364,789,524
2505,31,687,300,805,418
2505,15,658,363,788,527
2506,31,687,300,805,418
2506,15,658,363,788,525
2507,15,658,364,788,525
2507,31,687,300,805,419
2508,31,686,300,805,419
2508,15,657,364,788,528
2509,31,686,300,804,419
2509,15,657,364,788,530
2510,31,686,300,805,420
2510,15,659,359,789,525
2511,31,686,300,804,420
2511,15,657,365,788,526
2512,31,686,300,804,421
2512,15,657,363,789,523
2513,31,686,300,804,421
2513,15,657,363,789,525
2514,31,686,300,804,422
2514,15,659,359,789,523
2515,31,686,300,805,421
2515,15,657,363,790,526
2516,31,686,301,805,421
2516,15,658,358,789,525
2517,31,686,301,805,421
2517,15,658,359,789,526
2518,31,686,301,804,421
2518,15,657,364,789,527
2519,31,685,301,804,421
2519,15,656,364,788,525
2520,31,685,301,803,422
2520,15,657,365,789,525
2521,31,685,301,803,423
2521,15,657,364,789,524
2522,15,657,365,789,524
2522,31,684,302,803,426
2523,31,684,302,803,427
2523,15,657,366,789,523
2524,15,657,365,789,524
2524,31,685,302,803,423
2525,15,657,366,789,524
2525,31,686,302,803,423
2526,31,685,302,803,422
2526,15,657,365,789,523
2527,15,657,365,789,523
2527,31,686,302,803,423
2528,31,686,302,804,423
2528,15,658,364,789,523
2529,31,687,302,804,423
2529,15,658,362,788,523
2530,15,658,362,789,524
2530,31,687,302,804,424
2531,31,687,302,804,424
2531,15,658,362,789,524
2532,31,687,301,804,424
2532,15,659,359,789,524
2533,15,658,363,789,525
2533,31,686,302,804,430
2534,15,658,364,789,525
2534,31,687,301,804,425
2535,15,659,362,789,525
2535,31,686,301,804,429
2536,31,686,301,804,429
2536,15,659,366,789,525
2537,31,685,301,803,429
2537,15,659,366,789,523
2538,15,658,364,788,523
2538,31,686,300,804,426
2539,15,659,361,789,523
2539,31,685,300,803,428
2540,15,658,364,789,527
2540,31,686,300,803,423
2541,15,658,365,789,526
2541,31,685,299,803,427
2542,15,658,362,789,526
2542,31,686,299,803,423
2543,31,686,299,803,423
2543,15,657,361,789,528
2544,31,686,299,802,423
2544,15,658,361,788,527
2545,31,685,299,802,423
2545,15,658,363,788,525
2546,15,658,364,788,522
2546,31,684,299,802,425
2547,15,658,366,789,522
2547,31,684,298,801,428
2548,31,684,298,801,427
2548,15,658,366,788,523
2549,15,657,365,789,523
2549,31,683,297,799,428
2550,31,683,297,798,429
2550,15,658,367,788,522
2551,15,657,367,788,522
2551,31,682,297,798,426
2552,15,657,364,788,521
2552,31,681,296,798,423
2553,15,656,364,788,521
2553,31,680,296,798,421
2554,15,656,368,787,521
2554,31,680,295,797,425
2555,15,656,364,787,522
2555,31,680,295,796,421
2556,15,656,364,787,523
2556,31,680,295,795,421
2557,15,656,363,787,523
2557,31,680,294,795,419
2558,15,656,363,787,525
2558,31,680,293,794,419
2559,15,656,362,787,524
2559,31,680,293,794,420
2560,31,679,293,794,419
2560,15,656,364,787,524
2561,15,656,366,787,524
2561,31,679,292,794,420
2562,31,679,292,794,420
2562,15,657,362,786,522
2563,31,679,293,794,421
2563,15,657,363,786,522
2564,31,679,292,794,421
2564,15,657,366,787,523
2565,15,657,366,787,524
2565,31,678,292,794,422
2566,31,678,293,794,422
2566,15,657,367,787,524
2567,15,657,368,787,524
2567,31,677,293,792,422
2568,15,656,369,787,524
2568,31,677,294,792,421
2569,15,656,370,787,523
2569,31,676,292,791,421
2570,15,656,367,786,523
2570,31,676,292,789,420
2571,31,674,292,787,421
2571,15,656,360,786,523
2572,31,674,293,786,420
2572,15,656,364,786,524
2573,15,655,363,786,523
2573,31,672,292,784,419
2574,15,657,361,785,522
2574,31,672,293,784,422
2575,31,671,294,783,422
2575,15,658,341,785,522
2576,31,671,294,782,419
2576,15,657,367,786,523
2577,31,671,294,780,421
2577,15,658,344,786,520
2578,31,671,294,777,419
2578,15,657,368,786,521
2579,31,670,295,776,421
2579,15,657,351,785,521
2580,31,670,294,775,423
2580,15,658,306,784,520
2581,31,670,294,772,417
2581,15,657,329,786,522
2582,15,657,333,786,522
2582,31,670,293,770,415
2583,15,657,292,780,518
2584,15,658,292,780,519
2584,31,668,292,770,425
2585,15,657,291,782,520
2586,15,658,290,782,519
2587,15,657,290,782,519
2588,15,658,288,784,520
2589,15,658,288,785,520
2590,15,658,287,785,521
2591,15,659,286,785,520
2592,15,658,285,785,520
2593,15,660,282,774,518
2593,31,667,284,763,409
2593,34,658,336,786,522
2594,31,667,283,761,405
2594,34,657,365,786,522
2595,34,656,363,787,522
2595,31,667,281,761,402
2596,34,656,360,786,520
2596,31,666,280,760,399
2597,34,656,360,786,521
2597,31,666,279,760,398
2598,34,657,361,786,522
2598,31,665,278,759,397
2599,34,657,363,787,523
2599,31,664,277,758,394
2600,34,657,362,787,523
2600,31,663,277,758,394
2601,34,655,363,786,522
2601,31,661,277,757,393
2602,34,656,363,786,523
2602,31,660,276,757,392
2603,34,657,359,786,522
2603,31,659,276,758,395
2604,34,655,358,786,522
2604,31,658,275,757,396
2605,34,655,357,786,522
2605,31,658,275,757,396
2606,31,658,274,756,396
2606,34,655,355,786,520
2607,34,655,353,786,520
2607,31,658,274,756,393
2608,34,654,350,786,521
2608,31,657,274,754,391
2609,34,655,349,786,518
2609,31,657,273,754,394
2610,34,655,348,786,518
2610,31,657,272,752,391
2611,34,655,347,786,516
2611,31,657,272,751,388
2612,34,655,346,786,516
2612,31,657,272,750,390
2613,34,655,346,785,517
2613,31,657,272,749,392
2614,31,657,272,749,393
2614,34,656,343,785,518
2615,34,655,342,785,517
2615,31,656,272,750,392
2616,34,655,344,785,517
2616,31,656,272,752,391
2617,34,656,345,784,517
2617,31,657,272,754,390
2618,34,655,346,785,517
2618,31,656,272,755,389
2619,34,655,346,785,517
2619,31,654,272,755,388
2620,34,655,346,785,516
2620,31,653,272,755,387
2621,34,655,346,785,517
2621,31,652,272,755,385
2622,34,655,346,785,516
2622,31,654,272,755,384
2623,34,655,347,785,516
2623,31,655,272,755,384
2624,34,654,347,785,516
2624,31,656,272,755,385
2625,34,654,347,785,517
2625,31,656,272,754,385
2626,34,654,346,785,517
2626,31,656,271,754,385
2627,31,656,271,754,385
2627,34,654,347,785,517
2628,34,655,347,785,517
2628,31,658,271,754,384
2629,31,658,271,753,385
2629,34,655,346,784,517
2630,31,659,271,753,385
2630,34,654,348,785,516
2631,34,654,348,784,515
2631,31,659,271,753,386
2632,34,654,348,784,515
2632,31,660,271,753,385
2633,34,654,348,784,516
2633,31,659,271,753,386
2634,34,654,348,784,516
2634,31,659,271,753,389
2635,34,654,347,784,516
2635,31,660,271,752,390
2636,34,653,347,784,515
2636,31,660,271,750,386
2637,34,653,346,784,513
2637,31,660,270,749,387
2638,34,653,346,784,513
2638,31,660,270,748,388
2639,34,653,346,784,514
2639,31,660,270,748,385
2640,34,653,346,784,514
2640,31,661,270,747,385
2641,34,653,347,783,514
2641,31,662,270,746,386
2642,34,653,347,784,515
2642,31,662,270,746,385
2643,31,662,270,745,386
2643,34,654,345,784,514
2644,31,662,270,745,386
2644,34,654,346,783,513
2645,34,654,348,783,513
2645,31,662,270,744,385
2646,31,662,271,744,385
2646,34,653,348,784,516
2647,31,661,270,744,386
2647,34,653,347,783,518
2648,31,661,270,743,387
2648,34,653,348,784,515
2649,31,661,270,743,387
2649,34,654,348,784,513
2650,34,654,348,784,513
2650,31,661,270,743,387
2651,31,661,270,743,387
2651,34,654,348,784,515
2652,34,654,348,784,516
2652,31,661,270,743,386
2653,31,661,270,743,386
2653,34,654,348,784,514
2654,31,661,270,743,386
2654,34,654,347,785,516
2655,31,661,270,743,386
2655,34,654,348,785,516
2656,31,661,270,743,386
2656,34,654,348,785,517
2657,31,661,271,744,386
2657,34,654,347,785,516
2658,31,661,271,744,385
2658,34,655,348,785,514
2659,31,661,271,744,385
2659,34,654,347,785,517
2660,31,661,271,744,384
2660,34,655,348,786,515
2661,31,661,271,744,384
2661,34,655,348,786,516
2662,34,655,348,786,516
2662,31,661,271,744,384
2663,31,662,272,744,385
2663,34,655,348,786,514
2664,34,656,349,786,514
2664,31,662,272,744,386
2665,34,656,349,787,514
2665,31,662,272,745,387
2666,34,656,349,787,514
2666,31,662,272,745,388
2667,31,662,272,745,387
2667,34,655,349,786,514
2668,31,662,272,745,387
2668,34,655,349,786,514
2669,34,655,349,786,514
2669,31,662,272,745,387
2670,34,655,349,786,514
2670,31,662,272,745,386
2671,31,662,272,745,386
2671,34,656,348,786,514
2672,34,656,348,787,514
2672,31,663,273,745,388
2673,34,656,349,787,514
2673,31,664,273,745,387
2674,31,664,273,745,387
2674,34,656,349,787,514
2675,34,656,348,787,514
2675,31,664,273,745,389
2676,34,656,349,787,513
2676,31,664,273,745,390
2677,34,656,349,787,514
2677,31,664,273,746,389
2678,34,656,349,787,513
2678,31,664,273,745,390
2679,31,664,273,745,391
2679,34,657,349,787,515
2680,31,664,273,746,391
2680,34,657,349,787,514
2681,34,657,349,788,513
2681,31,664,273,746,393
2682,34,657,349,788,514
2682,31,664,273,746,394
2683,31,665,274,746,395
2683,34,658,350,788,515
2684,34,658,350,788,515
2684,31,665,274,746,394
2685,34,658,349,788,514
2685,31,665,274,746,393
2686,34,658,349,788,514
2686,31,665,274,746,391
2687,31,665,274,746,391
2687,34,658,350,788,516
2688,31,665,274,746,391
2688,34,659,350,788,516
2689,34,659,350,788,517
2689,31,665,274,746,392
2690,34,659,350,788,516
2690,31,665,274,746,393
2691,34,659,351,789,516
2691,31,666,273,746,394
2692,34,659,350,789,516
2692,31,666,273,747,395
2693,34,659,351,790,517
2693,31,666,273,747,394
2694,31,666,273,747,393
2694,34,659,350,790,518
2695,31,667,272,747,393
2695,34,659,350,790,520
2696,31,667,272,747,392
2696,34,659,350,790,522
2697,31,667,272,747,392
2697,34,659,350,790,525
2698,31,667,272,747,391
2698,34,659,349,789,529
2699,31,667,272,747,391
2699,34,658,351,789,531
2700,31,667,272,747,390
2700,34,658,350,789,531
2701,34,658,349,789,532
2701,31,667,272,747,388
2702,31,667,272,747,389
2702,34,658,347,788,531
2703,31,667,272,747,389
2703,34,657,349,788,531
2704,31,667,272,747,390
2704,34,656,349,788,532
2705,31,667,272,747,390
2705,34,655,348,788,532
2706,31,667,272,747,389
2706,34,654,347,788,531
2707,31,667,272,747,389
2707,34,654,346,788,531
2708,34,654,346,788,530
2708,31,667,272,747,388
2709,34,653,345,788,530
2709,31,667,273,747,386
2710,31,667,272,747,386
2710,34,653,342,788,530
2711,31,667,272,748,386
2711,34,653,341,788,528
2712,31,667,272,748,386
2712,34,653,339,787,528
2713,31,667,272,749,385
2713,34,654,338,787,526
2714,31,667,272,749,386
2714,34,654,337,786,527
2715,34,654,336,786,527
2715,31,667,272,749,387
2716,31,667,272,750,388
2716,34,655,335,786,527
2717,31,667,272,750,387
2717,34,655,334,785,527
2718,31,667,272,750,387
2718,34,655,333,786,529
2719,31,667,272,750,387
2719,34,655,332,785,528
2719,35,656,334,786,614
2720,35,656,333,785,614
2720,34,656,331,785,529
2720,31,667,272,750,386
2721,35,657,332,785,615
2721,31,667,272,748,386
2721,34,656,330,785,527
2722,35,658,331,785,615
2722,31,666,271,747,386
2722,34,657,329,784,524
2723,31,666,271,748,386
2723,34,659,328,784,522
2723,35,659,330,785,603
2724,35,660,330,784,613
2724,31,666,270,753,386
2724,34,660,327,785,511
2725,31,667,270,754,386
2725,35,661,331,784,613
2725,34,662,328,784,516
2726,31,666,270,756,385
2726,34,664,332,782,499
2727,31,666,270,754,385
2727,34,666,326,782,503
2728,31,665,270,752,384
2728,34,667,324,784,507
2729,31,665,270,750,384
2729,34,668,323,782,527
2730,31,665,270,750,383
2730,34,668,324,783,526
2731,34,668,324,783,530
2731,31,665,270,749,382
2732,31,664,269,749,381
2732,34,668,324,785,530
2733,31,665,270,749,381
2733,34,668,324,785,517
2734,31,665,269,748,382
2734,34,669,323,789,525
2735,31,665,269,748,382
2735,34,669,323,787,513
2736,31,665,269,748,381
2736,34,671,321,796,516
2737,31,665,269,748,382
2737,34,671,322,800,517
2738,31,665,269,748,382
2738,34,671,321,802,514
2738,35,670,322,801,597
2739,31,665,268,749,383
2739,34,672,322,804,520
2740,31,665,268,749,382
2740,34,672,322,807,523
2740,35,671,322,806,614
2741,31,666,268,749,382
2741,35,671,322,809,611
2741,34,673,321,810,525
2742,31,666,268,748,383
2742,34,673,320,813,524
2742,35,673,318,810,615
2743,31,666,268,748,383
2743,35,673,318,812,615
2743,34,673,320,814,529
2744,34,674,321,814,533
2744,31,666,268,749,383
2744,35,673,318,795,616
2745,31,665,268,749,384
2745,35,674,317,783,616
2745,34,673,320,780,535
2746,35,674,317,782,617
2746,31,665,268,749,385
2747,31,666,267,749,386
2747,35,674,317,783,618
2748,35,675,317,783,617
2748,31,666,267,750,386
2749,35,675,317,783,617
2749,31,666,267,750,385
2750,35,676,317,783,617
2750,31,666,267,751,386
2751,35,676,316,783,617
2751,31,666,267,750,385
2752,35,676,316,784,617
2752,31,666,267,750,385
2753,31,667,267,750,384
2753,35,676,319,784,617
2754,31,667,267,749,384
2754,35,676,320,784,616
2755,31,667,266,749,384
2755,35,676,316,784,616
2756,35,676,316,784,615
2756,31,666,266,750,385
2757,35,676,316,784,615
2757,31,666,266,750,384
2758,35,676,316,784,614
2758,31,666,266,750,383
2759,35,676,316,784,614
2759,31,667,265,751,383
2760,35,676,314,784,614
2760,31,666,265,749,383
2761,31,666,265,750,382
2761,35,676,319,783,615
2762,35,676,319,783,615
2762,31,665,265,749,383
2763,35,676,320,783,614
2763,31,664,265,750,383
2764,31,665,265,750,382
2764,35,675,319,784,615
2765,31,665,265,750,382
2765,35,676,320,785,615
2766,35,676,320,786,615
2766,31,665,265,751,383
2767,31,665,265,751,382
2767,35,675,323,786,613
2767,36,676,320,782,534
2768,31,665,265,750,383
2768,36,676,320,784,532
2768,35,676,320,788,613
2769,31,665,265,751,383
2769,36,676,320,783,533
2769,35,676,320,793,613
2770,36,676,320,783,534
2770,31,665,265,751,385
2770,35,676,319,796,612
2771,36,676,319,782,534
2771,31,665,265,750,386
2771,35,677,317,796,612
2772,36,677,319,782,534
2772,31,664,265,750,386
2772,35,678,317,801,611
2773,36,676,319,784,532
2773,35,677,319,803,612
2773,31,664,265,749,383
2774,31,664,265,749,383
2774,35,677,318,804,613
2775,35,677,318,804,614
2775,31,664,265,749,383
2776,35,675,318,804,614
2776,31,664,265,751,382
2777,35,675,317,804,614
2777,31,664,265,751,381
2778,35,675,318,804,614
2778,31,664,265,751,383
2779,35,675,318,804,614
2779,31,664,265,751,382
2780,35,674,318,804,614
2780,31,664,265,751,383
2781,35,674,318,804,614
2781,31,664,265,751,382
2781,36,675,320,784,534
2782,36,675,320,784,534
2782,35,675,318,804,614
2782,31,664,265,750,383
2783,31,664,265,749,383
2783,35,674,318,804,614
2783,36,675,319,783,535
2784,36,675,319,783,535
2784,31,664,265,749,383
2784,35,676,317,804,614
2785,35,676,317,804,615
2785,36,675,319,784,536
2785,31,665,265,748,383
2786,35,677,317,804,615
2786,36,675,319,784,536
2786,31,665,265,748,383
2787,36,675,320,784,536
2787,31,665,265,748,382
2787,35,676,319,805,615
2788,31,665,265,748,382
2788,35,676,318,805,615
2788,36,675,320,784,537
2789,35,677,319,805,615
2789,36,676,321,784,537
2789,31,665,265,749,379
2790,36,676,321,784,537
2790,35,677,320,804,615
2790,31,665,266,749,378
2791,35,677,320,805,615
2791,36,676,321,784,537
2791,31,665,266,749,379
2792,35,676,319,805,616
2792,36,675,321,783,537
2792,31,665,266,749,378
2793,31,665,266,749,379
2793,36,675,321,782,537
2793,35,675,320,805,616
2794,35,675,321,805,615
2794,36,675,321,782,536
2794,31,665,266,749,382
2795,35,674,322,803,615
2795,36,675,322,781,535
2795,31,664,266,749,380
2796,36,675,322,781,534
2796,31,664,266,749,381
2796,35,674,322,799,615
2797,36,675,322,781,535
2797,31,663,266,749,381
2797,35,674,322,794,616
2798,36,674,322,781,535
2798,31,662,266,750,385
2798,35,675,320,788,616
2799,36,674,322,782,536
2799,31,662,266,750,385
2799,35,674,319,786,616
2800,35,675,321,786,616
2800,31,663,267,751,387
2800,36,674,322,782,530
2801,36,674,322,782,530
2801,35,675,320,785,616
2801,31,664,267,751,388
2802,31,663,267,753,388
2802,35,673,324,784,617
2802,36,674,322,781,522
2803,36,674,323,781,521
2803,31,664,267,754,387
2803,35,673,323,783,621
2804,35,673,323,782,621
2804,31,664,268,755,387
2804,36,674,323,781,528
2805,35,674,323,782,622
2806,35,674,325,782,623
2806,31,663,268,756,387
2807,31,664,269,756,387
2807,35,675,326,782,623
2807,36,675,325,782,519
2808,35,676,325,782,624
2808,36,675,324,782,514
2808,31,666,269,757,391
2809,35,676,325,782,624
2809,31,666,269,757,390
2809,36,674,325,782,503
2810,35,676,325,782,625
2810,36,674,325,782,503
2810,31,666,269,757,390
2811,35,676,326,782,624
2811,36,674,325,782,503
2811,31,666,270,757,389
2812,35,677,326,781,624
2812,36,674,326,781,503
2812,31,666,270,757,391
2813,35,677,326,781,625
2813,36,674,325,781,504
2813,31,666,271,758,391
2814,35,677,327,782,625
2814,36,674,326,780,504
2814,31,666,272,758,389
2815,35,677,327,781,625
2815,31,665,272,758,389
2815,36,674,326,779,505
2816,36,674,326,779,505
2816,35,677,327,781,626
2816,31,665,272,758,389
2817,35,677,328,781,626
2817,31,665,272,758,390
2817,36,676,327,780,510
2818,35,677,328,782,626
2818,31,665,272,758,392
2818,36,676,327,779,515
2819,35,677,326,782,625
2819,31,665,272,758,390
2819,36,676,326,781,525
2820,35,677,326,783,625
2820,31,665,273,757,389
2820,36,676,327,782,535
2821,35,677,327,782,626
2821,31,665,273,758,388
2821,36,676,327,781,533
2822,35,677,327,782,627
2822,36,676,327,780,532
2822,31,666,274,757,389
2823,35,677,327,783,627
2823,31,665,274,757,391
2823,36,676,327,781,535
2824,35,677,328,783,627
2824,31,666,274,757,393
2824,36,677,328,780,540
2825,35,677,328,783,627
2825,36,677,328,780,539
2825,31,666,274,757,394
2826,35,677,330,784,627
2826,31,666,274,757,396
2826,36,678,327,781,535
2827,31,666,274,757,396
2827,35,677,331,783,627
2827,36,678,327,780,538
2828,35,678,331,783,628
2828,31,666,275,756,394
2828,36,678,327,779,535
2829,35,678,331,783,629
2829,36,678,326,779,533
2829,31,666,275,755,393
2830,31,666,275,756,393
2830,35,678,331,782,630
2830,36,677,327,778,511
2831,35,678,330,782,628
2831,31,666,275,756,394
2831,36,678,327,777,508
2832,31,666,275,754,394
2832,36,678,327,778,511
2833,31,666,275,755,392
2833,36,678,328,778,517
2834,36,678,328,779,519
2834,31,666,276,755,393
2834,35,679,332,782,629
2835,35,679,331,784,630
2835,31,666,276,754,395
2835,36,679,329,781,528
2836,31,666,276,754,395
2836,35,680,332,783,630
2836,36,679,329,780,517
2837,35,680,332,783,629
2837,31,666,276,754,393
2837,36,679,330,779,512
2838,35,680,332,784,630
2838,31,666,277,757,391
2838,36,679,331,780,527
2839,35,680,332,784,631
2839,31,666,277,754,391
2839,36,679,332,781,519
2840,35,680,333,784,630
2840,31,666,277,756,394
2840,36,679,332,780,526
2841,35,680,333,784,630
2841,36,679,333,779,522
2841,31,667,277,757,396
2842,35,680,333,783,630
2842,36,679,332,778,522
2842,31,667,278,757,398
2843,35,680,333,784,631
2843,36,680,332,779,523
2843,31,667,278,755,399
2844,35,680,333,785,631
2844,31,667,279,755,402
2844,36,680,332,783,527
2845,35,681,333,784,631
2845,31,667,279,755,403
2845,36,680,332,783,534
2846,35,681,334,785,632
2846,31,668,280,755,403
2846,36,680,333,784,544
2847,35,681,333,785,631
2847,31,668,281,757,405
2848,35,681,334,786,633
2848,31,668,281,757,407
2849,35,681,336,786,634
2849,31,668,281,760,409
2849,36,680,337,787,547
2850,36,681,335,787,547
2850,35,682,333,787,636
2850,31,669,282,758,413
2851,35,682,340,786,635
2851,36,681,341,785,543
2851,31,669,282,765,409
2852,35,682,336,788,636
2852,36,683,336,789,547
2852,31,669,282,756,412
2853,35,683,335,789,635
2853,36,683,334,788,546
2853,31,669,282,751,413
2854,35,683,334,789,634
2854,31,670,282,750,413
2855,35,683,334,790,634
2855,31,670,282,754,412
2856,35,683,334,790,634
2856,31,670,282,751,410
2857,35,683,335,790,635
2857,36,684,336,790,547
2857,31,670,283,754,408
2858,35,684,335,790,636
2858,31,671,283,754,403
2859,35,684,335,789,637
2859,36,684,335,789,548
2859,31,671,283,756,408
2860,35,684,335,790,637
2860,36,685,337,790,548
2860,31,671,283,754,410
2861,35,685,337,790,637
2861,36,685,338,789,543
2861,31,671,284,759,410
2862,35,685,338,789,638
2862,31,671,284,758,407
2862,36,686,339,789,536
2863,35,685,339,789,638
2863,31,671,284,758,408
2863,36,686,340,789,538
2864,35,686,339,789,638
2864,31,672,284,756,406
2865,35,686,339,789,639
2865,36,686,340,789,540
2865,31,672,284,761,407
2866,35,687,339,790,638
2866,36,687,340,790,545
2866,31,672,284,764,404
2867,35,687,338,789,638
2867,36,687,341,790,541
2867,31,672,285,766,404
2868,35,687,338,790,639
2868,36,687,341,790,540
2868,31,672,285,766,407
2869,35,687,339,790,639
2869,36,687,341,790,538
2869,31,673,285,766,405
2870,35,688,339,789,639
2870,31,673,285,769,403
2870,36,687,338,789,531
2871,35,688,339,790,640
2871,31,673,285,769,405
2871,36,687,339,789,539
2872,35,689,339,790,641
2872,31,674,285,770,405
2873,35,689,339,790,641
2873,31,674,285,770,405
2874,31,674,285,770,405
2874,35,689,340,790,642
2875,31,674,285,771,405
2875,35,689,339,791,642
2876,35,689,340,791,643
2876,31,674,286,770,408
2877,35,689,340,791,642
2877,31,674,286,769,408
2878,35,689,340,791,643
2878,31,675,286,770,407
2879,35,689,341,791,643
2879,31,674,286,769,408
2880,35,689,341,792,643
2880,31,674,286,769,406
2881,35,689,342,792,644
2881,31,674,286,768,408
2882,35,689,342,793,644
2882,31,675,287,769,409
2883,35,689,342,794,644
2883,31,675,287,769,411
2884,35,689,342,794,645
2884,31,676,287,769,413
2885,35,690,341,794,645
2885,31,676,287,769,413
2886,35,690,342,795,646
2886,31,676,287,770,411
2887,31,676,288,769,411
2887,35,691,341,795,647
2888,35,691,342,795,647
2888,31,677,288,770,409
2889,35,691,342,795,648
2889,31,677,288,770,404
2889,37,691,342,797,557
2890,37,691,342,797,557
2890,35,692,342,794,649
2890,31,677,288,771,402
2891,35,692,342,795,649
2891,31,677,288,771,403
2892,35,692,343,795,649
2892,31,678,289,772,405
2893,35,692,343,795,649
2893,31,677,289,771,403
2894,35,692,343,796,649
2894,37,692,343,799,556
2894,31,679,288,773,404
2895,35,693,344,796,649
2895,37,692,344,799,556
2895,31,679,288,773,405
2896,31,680,288,773,405
2896,35,693,345,797,650
2896,37,693,345,800,556
2897,35,694,345,797,650
2897,37,693,346,799,556
2897,31,680,288,773,409
2898,37,693,346,799,556
2898,35,694,345,797,650
2898,31,680,287,774,407
2899,37,693,346,799,556
2899,31,681,288,773,407
2899,35,693,344,798,650
2900,37,694,346,799,556
2900,35,694,345,798,650
2900,31,681,287,774,406
2901,35,694,345,799,650
2901,37,694,347,800,556
2901,31,682,288,775,404
2902,35,695,345,799,649
2902,31,682,288,775,405
2902,37,694,349,800,557
2903,35,695,346,799,649
2903,37,695,352,800,557
2903,31,683,288,775,406
2904,35,696,347,799,649
2904,31,683,289,775,407
2904,37,695,353,800,557
2905,31,683,289,776,407
2905,35,696,342,801,650
2906,35,697,344,801,650
2906,31,684,289,777,405
2906,37,696,350,802,558
2907,35,697,344,802,650
2907,37,697,348,803,558
2907,31,685,289,778,408
2908,35,698,344,803,651
2908,37,698,348,802,559
2908,31,685,290,780,416
2909,35,698,344,802,651
2909,37,699,348,803,559
2909,31,686,290,779,412
2910,35,699,344,803,650
2910,37,699,347,804,558
2910,31,686,290,780,415
2911,37,699,346,804,558
2911,35,699,344,803,651
2911,31,686,290,781,416
2912,37,699,346,804,558
2912,35,699,344,803,650
2912,31,686,290,781,415
2913,35,699,344,803,650
2913,37,699,347,804,558
2913,31,686,290,781,415
2914,35,699,344,803,650
2914,31,686,290,781,416
2915,37,699,347,804,559
2915,35,699,343,803,651
2915,31,686,290,781,411
2916,35,699,343,803,651
2916,37,699,347,803,559
2916,31,686,290,781,410
2917,35,699,344,803,651
2917,37,699,350,804,559
2917,31,686,290,780,405
2918,35,699,348,802,650
2918,37,699,353,804,559
2918,31,686,290,781,408
2919,35,698,345,802,650
2919,37,698,349,804,559
2919,31,685,289,780,409
2920,35,698,344,802,650
2920,37,698,348,803,559
2920,31,685,289,779,405
2921,35,697,345,801,650
2921,37,697,349,803,558
2921,31,684,289,778,407
2921,38,683,289,779,453
2922,35,697,344,801,650
2922,31,684,289,778,405
2923,35,696,344,801,650
2923,31,684,289,777,406
2924,31,684,289,777,405
2924,35,696,342,801,650
2925,31,684,289,777,406
2925,35,696,343,800,650
2926,35,696,342,800,650
2926,31,683,289,777,405
2927,35,696,341,800,649
2928,35,696,340,800,649
2929,31,684,289,777,404
2929,35,696,341,801,650
2930,35,696,341,800,650
2930,31,684,290,779,401
2931,35,696,342,800,650
2931,31,684,290,779,402
2932,31,684,290,779,402
2932,35,696,341,801,650
2932,37,695,347,802,559
2933,35,696,339,800,650
2934,35,695,336,799,650
2934,38,683,290,780,509
2935,38,683,290,781,510
2935,35,695,332,799,650
2936,35,694,332,799,650
2936,38,683,290,781,511
2937,38,684,290,781,509
2937,35,695,336,799,650
2938,35,696,343,800,649
2939,35,696,344,800,649
2940,35,696,342,800,649
2941,35,697,347,800,650
2942,38,684,290,782,511
2942,35,696,339,800,649
2943,38,684,289,783,512
2943,35,695,334,800,649
2944,38,684,289,782,512
2944,35,695,334,800,650
2945,35,695,338,799,650
2945,38,683,290,781,513
2946,31,683,290,780,401
2946,35,696,347,799,650
2947,35,695,342,798,650
2947,37,695,347,799,558
2947,31,683,289,776,410
2948,35,694,342,798,650
2948,38,683,290,779,506
2949,35,694,340,798,650
2950,35,694,345,798,650
2950,31,682,290,776,408
2951,31,682,290,775,408
2951,35,694,345,797,651
2952,35,694,345,797,652
2952,31,682,290,776,408
2953,35,693,344,797,652
2953,31,682,290,776,411
2954,35,694,344,797,652
2955,35,694,345,798,653
2955,31,683,291,776,413
2956,35,694,346,797,653
2956,31,683,291,776,411
2957,35,694,346,798,653
2957,31,682,292,776,423
2958,35,694,347,798,653
2958,31,682,292,776,412
2959,35,695,347,798,653
2959,31,682,292,776,413
2960,35,695,347,798,653
2960,31,683,291,777,421
2961,35,695,346,798,654
2961,31,683,292,777,413
2962,35,695,347,798,653
2962,31,683,292,776,419
2963,35,695,347,798,654
2963,31,683,292,776,417
2964,35,695,347,798,654
2964,31,683,292,776,415
2965,35,695,346,799,654
2965,31,683,292,774,414
2965,39,695,347,800,560
2966,35,695,347,799,654
2966,31,683,292,774,416
2967,35,695,347,799,654
2967,31,683,293,774,416
2968,35,695,347,799,654
2968,31,683,293,775,418
2969,35,695,347,799,655
2969,31,683,293,775,420
2970,35,695,346,799,655
2970,31,683,293,775,422
2971,35,695,346,800,655
2971,31,683,293,775,425
2972,35,695,347,800,654
2972,31,683,294,773,424
2973,35,696,345,800,656
2973,31,683,294,772,425
2974,35,696,345,799,656
2975,35,696,345,799,656
2976,35,696,345,799,656
2977,35,695,347,800,655
2978,35,695,348,800,655
2978,31,683,295,774,417
2979,35,696,348,800,655
2979,31,683,295,774,417
2980,35,696,347,800,655
2980,31,683,295,773,417
2981,35,696,347,800,655
2981,31,683,295,775,415
2982,35,696,348,800,655
2982,31,683,295,775,415
2983,35,696,347,801,656
2983,31,683,295,773,416
2984,35,696,347,800,655
2984,31,683,295,767,414
2985,35,696,348,801,656
2985,31,683,295,773,414
2986,35,695,348,801,656
2986,31,683,295,774,414
2987,31,683,295,775,414
2987,35,695,348,800,656
2988,35,695,347,801,657
2988,31,683,295,775,412
2989,35,695,347,801,657
2989,31,683,295,775,411
2990,31,682,295,775,410
2990,35,695,346,799,657
2991,35,695,346,799,657
2991,31,682,294,778,411
2992,35,695,348,800,656
2992,31,682,294,778,414
2993,35,695,347,802,657
2993,31,682,294,778,411
2994,35,695,348,801,656
2994,31,682,295,778,410
2995,35,695,348,800,656
2995,31,683,295,777,413
2996,35,696,346,799,657
2996,31,683,295,778,410
2997,35,696,347,799,657
2997,31,683,295,778,412
2998,35,695,349,800,656
2998,31,683,295,778,414
2999,31,683,296,778,415
2999,35,696,348,799,657
3000,35,696,347,799,658
3000,31,683,296,776,415
3001,35,694,346,803,658
3001,31,684,296,777,425
3002,35,695,346,803,658
3002,31,684,297,776,414
3003,31,683,297,776,415
3003,35,696,346,800,659
3004,35,696,347,800,659
3004,31,684,297,776,417
3005,35,696,346,800,659
3005,31,683,297,775,421
3006,31,683,298,775,423
3006,35,697,348,803,659
3007,35,697,348,802,659
3007,31,683,298,775,422
3008,31,683,298,775,423
3008,35,696,348,801,659
3009,35,696,349,801,659
3009,31,683,299,775,423
3010,35,697,349,802,659
3010,31,683,299,774,422
3011,35,697,350,802,660
3011,31,683,299,775,422
3012,35,697,350,801,659
3012,31,684,299,774,426
3013,35,697,350,802,659
3013,31,684,299,774,427
3014,35,697,350,801,659
3014,31,684,299,774,428
3015,35,697,350,801,659
3015,31,684,299,774,428
3016,35,697,349,802,659
3016,31,683,299,774,428
3017,35,697,349,802,659
3017,31,683,299,773,428
3018,35,697,348,801,659
3018,31,683,299,773,426
3019,35,696,348,800,659
3019,31,684,298,776,422
3020,35,696,348,799,659
3020,31,683,298,776,415
3021,35,696,348,799,659
3021,31,683,298,775,414
3022,35,696,348,799,659
3022,31,683,298,775,414
3023,35,696,348,799,659
3023,31,683,298,775,414
3024,35,696,348,799,659
3025,35,695,349,799,659
3025,31,683,298,776,416
3026,35,695,349,799,659
3026,31,683,298,776,418
3027,35,696,348,799,658
3027,31,683,298,775,424
3028,35,696,349,800,659
3028,31,683,299,773,425
3029,35,696,349,799,660
3029,31,683,298,768,425
3030,31,684,299,769,425
3030,35,697,350,803,660
3031,35,698,353,803,660
3031,31,684,300,772,426
3032,35,697,353,803,661
3032,31,684,300,772,428
3033,35,697,354,803,661
3033,31,684,300,775,426
3034,35,697,354,803,662
3034,31,684,300,775,426
3035,35,697,354,804,662
3035,31,684,300,776,424
3036,31,683,301,776,426
3036,35,697,356,802,661
3037,35,697,356,801,662
3037,31,683,301,775,425
3038,35,697,356,801,662
3038,31,683,301,775,423
3039,35,697,355,802,663
3039,31,683,301,774,425
3040,35,696,356,801,663
3040,31,682,301,773,427
3041,35,696,356,803,663
3041,31,682,302,770,425
3042,35,696,355,804,664
3042,31,682,302,774,425
3043,35,696,355,803,665
3043,31,683,302,774,427
3044,35,695,355,802,665
3044,31,682,302,773,423
3045,35,694,357,800,664
3045,31,681,303,770,422
3045,40,694,362,798,570
3046,35,694,357,799,664
3046,40,693,361,797,567
3046,31,680,303,771,429
3047,40,693,361,796,568
3047,35,693,357,798,664
3047,31,680,303,771,426
3048,31,680,304,771,426
3048,35,693,356,797,664
3049,35,693,357,798,664
3049,31,680,304,772,429
3050,35,693,357,798,664
3050,31,680,304,771,427
3051,35,693,358,797,664
3051,31,680,304,772,425
3052,35,693,357,797,664
3052,31,680,304,773,427
3053,35,693,358,797,664
3053,31,680,304,773,426
3054,35,693,357,797,664
3054,40,693,362,796,570
3054,31,681,304,773,429
3055,35,693,357,797,665
3055,40,694,361,797,570
3055,31,680,303,771,426
3056,35,693,357,797,665
3056,31,680,303,772,426
3057,35,693,358,798,665
3057,31,680,303,772,427
3058,35,694,357,799,664
3058,31,680,303,772,424
3059,35,694,357,799,664
3059,31,680,302,772,421
3060,35,695,357,799,664
3060,31,681,302,769,417
3061,35,695,356,799,663
3061,31,681,302,771,419
3062,35,695,355,798,663
3062,31,681,302,769,417
3063,35,695,355,797,663
3063,31,681,301,768,417
3063,40,694,357,796,564
3064,35,695,354,798,662
3064,31,681,301,769,419
3064,40,695,356,797,560
3065,35,695,354,798,661
3065,40,695,357,798,559
3065,31,681,301,770,422
3066,35,695,354,799,661
3066,31,681,300,771,421
3067,35,695,353,798,661
3067,31,681,300,770,423
3067,40,695,357,796,565
3068,35,694,353,798,661
3068,40,694,357,796,566
3068,31,681,300,771,424
3069,35,694,351,797,661
3069,40,694,354,797,566
3069,31,679,300,769,423
3070,31,679,300,769,423
3070,35,693,350,798,662
3070,40,694,352,797,567
3071,35,693,351,798,663
3071,40,693,354,797,567
3071,31,680,299,771,425
3072,35,693,350,798,662
3072,31,680,299,770,425
3072,40,693,352,797,566
3073,35,692,351,797,662
3073,31,680,300,771,426
3073,40,693,353,797,566
3074,35,692,351,798,663
3074,40,693,353,797,565
3074,31,680,300,771,424
3075,35,692,352,798,663
3075,31,679,300,771,424
3075,40,693,355,797,564
3076,35,692,351,798,663
3076,40,693,353,797,564
3076,31,679,300,769,421
3077,35,693,350,798,663
3077,31,679,300,769,421
3077,40,693,351,798,566
3078,31,679,300,769,421
3078,35,692,350,798,663
3078,40,692,352,799,567
3079,35,692,350,797,663
3079,40,692,352,798,566
3079,31,679,300,770,423
3080,35,692,350,798,663
3080,31,679,300,771,423
3080,40,692,352,800,565
3081,35,693,352,798,665
3081,31,679,300,770,419
3081,40,694,356,798,569
3082,35,693,352,798,663
3082,40,694,354,798,566
3082,31,679,300,768,418
3083,31,680,300,769,418
3083,35,695,353,797,662
3083,40,695,355,798,563
3084,31,680,300,770,418
3084,35,694,352,798,664
3084,40,695,356,798,567
3085,35,694,353,798,664
3085,31,680,300,770,417
3085,40,694,356,797,562
3086,35,694,353,798,664
3086,40,694,355,797,563
3086,31,680,300,769,417
3087,35,694,354,798,664
3087,31,680,300,769,417
3087,40,694,356,797,565
3088,35,694,353,798,664
3088,40,694,354,797,563
3088,31,680,300,767,417
3089,35,694,353,797,664
3089,40,694,354,797,562
3089,31,680,301,765,416
3090,35,693,353,798,665
3090,40,694,354,797,566
3090,31,680,301,765,414
3091,35,693,353,798,664
3091,40,694,354,797,566
3091,31,679,301,763,414
3092,35,694,353,798,664
3092,40,694,354,797,565
3092,31,679,300,766,415
3093,35,694,353,798,664
3093,40,694,354,797,565
3093,31,679,300,767,415
3094,35,694,352,798,663
3094,40,694,353,797,566
3094,31,679,300,766,415
3095,35,694,352,797,663
3095,31,678,300,767,416
3095,40,693,352,797,568
3096,35,693,351,798,663
3096,40,693,352,797,569
3096,31,678,300,767,417
3097,35,693,351,798,662
3097,40,693,352,797,568
3097,31,678,300,768,421
3098,40,693,352,797,568
3098,35,693,351,797,663
3098,31,678,300,767,420
3099,35,693,352,797,662
3099,40,693,353,797,569
3099,31,678,300,768,421
3100,31,679,300,768,421
3100,40,693,353,798,568
3100,35,692,352,798,664
3101,35,694,353,798,662
3101,40,694,354,798,565
3101,31,679,300,769,419
3102,35,694,353,798,662
3102,31,679,300,768,418
3102,40,694,353,799,558
3103,35,694,353,799,663
3103,31,680,300,768,417
3103,40,694,354,800,562
3104,31,680,300,767,417
3104,35,693,352,800,663
3104,40,694,353,801,560
3105,35,693,352,800,663
3105,40,694,354,801,564
3105,31,680,300,768,418
3106,35,693,352,800,664
3106,31,680,300,766,419
3106,40,693,352,804,565
3107,35,694,352,800,663
3107,31,680,300,766,418
3107,40,694,354,800,567
3108,35,694,353,800,664
3108,31,680,300,765,418
3108,40,694,353,803,568
3109,35,694,353,799,663
3109,31,679,300,766,420
3109,40,694,355,800,567
3110,35,693,353,798,664
3110,31,679,300,767,421
3110,40,694,354,798,569
3111,35,693,354,799,664
3111,40,693,356,798,570
3111,31,679,300,768,421
3112,40,693,355,798,570
3112,35,693,354,799,665
3112,31,679,301,766,421
3113,35,692,354,799,665
3113,40,693,355,798,570
3113,31,678,301,766,418
3114,35,692,354,799,665
3114,31,678,301,764,418
3114,40,693,354,801,570
3115,35,692,354,799,665
3115,40,693,354,801,571
3115,31,678,301,766,417
3116,40,693,354,801,570
3116,35,693,354,799,665
3116,31,678,301,765,417
3117,35,693,354,799,665
3117,40,693,354,801,570
3117,31,678,301,764,417
3118,35,693,354,799,665
3118,40,693,353,801,570
3118,31,678,301,765,418
3119,35,693,353,799,665
3119,40,693,353,802,570
3119,31,678,301,767,418
3120,35,694,353,799,665
3120,31,678,301,766,419
3120,40,694,352,803,570
3121,35,694,353,799,665
3121,40,694,352,803,570
3121,31,678,301,767,420
3122,35,694,353,799,664
3122,31,677,301,766,422
3122,40,694,354,800,570
3123,31,677,301,766,422
3123,40,694,353,799,570
3123,35,694,353,798,663
3124,35,694,353,798,663
3124,31,677,301,766,421
3124,40,694,353,800,568
3125,35,695,354,798,663
3125,40,695,354,800,566
3125,31,678,301,767,419
3126,35,694,354,798,663
3126,40,695,354,800,564
3126,31,678,301,767,421
3127,35,694,354,798,663
3127,31,678,301,767,420
3127,40,694,356,800,563
3128,35,693,353,798,662
3128,40,694,353,801,559
3128,31,678,300,767,416
3129,35,693,354,798,661
3129,31,678,300,767,416
3129,40,694,354,799,563
3130,35,693,353,798,661
3130,40,693,354,799,560
3130,31,678,300,768,420
3131,35,693,353,798,661
3131,31,678,299,768,421
3131,40,693,353,799,559
3132,35,693,354,798,661
3132,31,677,300,768,421
3133,35,692,356,797,660
3133,31,677,300,768,415
3134,35,692,353,798,659
3134,31,676,300,767,421
3134,40,691,354,802,540
3135,35,692,351,798,659
3135,31,675,300,766,416
3136,35,691,351,798,659
3136,31,674,299,765,417
3136,40,691,351,802,543
3137,31,674,299,764,417
3137,35,691,350,799,659
3138,35,691,351,796,659
3138,31,674,299,763,423
3139,35,691,350,797,659
3139,31,674,299,762,422
3140,35,690,350,797,659
3140,31,674,299,762,420
3141,35,690,349,797,659
3141,31,673,299,762,416
3142,35,690,350,797,659
3142,31,673,299,761,416
3143,35,690,350,796,659
3143,31,673,299,763,415
3144,31,673,299,763,416
3144,35,690,350,796,659
3144,40,690,349,801,556
3145,35,690,350,795,659
3145,31,673,299,763,417
3145,40,690,350,801,558
3146,35,690,351,795,659
3146,31,673,300,763,417
3146,40,691,350,797,552
3147,35,690,351,795,660
3147,31,673,300,762,416
3147,40,689,350,801,557
3148,35,689,351,794,660
3148,40,689,350,800,556
3148,31,672,300,761,416
3149,31,672,300,762,416
3149,35,689,351,794,660
3150,31,672,300,761,418
3150,35,689,349,792,661
3151,31,672,300,761,417
3151,35,689,350,793,660
3151,40,688,350,798,557
3152,35,689,350,791,660
3152,31,673,300,754,420
3152,40,689,351,793,541
3153,35,688,351,793,660
3153,31,673,300,755,419
3153,40,688,350,795,553
3154,40,688,349,795,552
3154,31,673,300,754,419
3154,35,689,350,792,660
3155,35,689,350,792,660
3155,31,673,300,755,421
3155,40,689,351,795,542
3156,35,689,351,792,660
3156,40,688,350,793,545
3156,31,672,300,757,418
3157,35,688,350,792,660
3157,31,672,300,756,419
3157,40,688,350,793,543
3158,35,688,350,792,660
3158,31,672,300,756,421
3158,40,687,350,793,548
3159,35,688,350,792,660
3159,31,671,300,756,414
3160,35,687,350,791,660
3160,31,671,300,757,412
3161,35,687,350,791,660
3161,31,670,300,756,414
3161,40,686,350,796,561
3162,35,686,350,791,660
3162,31,670,300,757,415
3162,40,685,349,793,563
3163,35,686,350,791,660
3163,40,685,349,793,562
3163,31,670,300,756,417
3164,35,686,350,791,661
3164,40,685,349,793,563
3164,31,670,300,756,417
3165,31,670,300,755,417
3165,35,686,350,790,661
3165,40,685,349,792,563
3166,35,686,349,790,661
3166,40,685,349,791,566
3166,31,670,300,754,419
3167,40,685,349,791,566
3167,35,686,349,790,661
3167,31,670,300,756,418
3168,35,686,349,791,660
3168,40,685,349,791,564
3168,31,670,300,755,414
3169,35,686,349,791,660
3169,40,685,349,793,566
3169,31,670,300,754,416
3170,35,686,349,790,661
3170,40,685,349,791,563
3170,31,670,300,756,414
3171,35,686,349,791,661
3171,31,670,300,755,416
3171,40,685,349,794,562
3172,35,686,349,792,660
3172,31,671,300,756,419
3172,40,686,349,816,558
3173,31,671,300,755,419
3173,35,687,349,792,660
3173,40,686,349,811,560
3174,35,687,349,793,660
3174,31,671,300,755,418
3175,31,671,300,756,418
3175,35,686,348,791,661
3176,35,687,349,791,660
3176,31,671,300,756,420
3177,31,671,300,756,420
3177,35,687,350,790,660
3177,40,685,349,792,561
3178,35,686,350,789,660
3178,40,685,349,791,560
3178,31,671,300,757,419
3179,35,686,350,790,660
3179,31,671,300,756,421
3180,35,686,350,790,659
3180,31,671,300,756,421
3181,35,686,350,791,659
3181,31,670,300,754,419
3182,35,686,350,790,659
3182,31,670,300,756,419
3183,35,686,350,790,659
3183,31,670,299,757,419
3184,31,670,299,757,421
3184,35,684,350,789,660
3185,35,684,350,789,659
3185,31,670,299,758,421
3185,40,683,351,790,563
3186,35,684,350,789,660
3186,31,670,299,759,420
3187,35,684,350,790,660
3187,31,670,299,758,422
3188,35,684,349,790,660
3188,31,670,299,758,418
3189,35,684,349,790,660
3189,31,670,299,757,419
3190,35,684,349,790,660
3190,31,670,299,759,418
3191,35,684,350,789,660
3191,31,669,299,760,418
3192,35,684,350,789,660
3192,31,670,299,759,419
3193,35,685,350,789,658
3193,31,670,299,757,418
3194,35,685,350,789,660
3194,31,670,299,757,416
3195,35,685,349,789,660
3195,31,670,299,756,416
3196,35,685,349,790,660
3196,31,670,299,757,415
3197,35,685,349,790,659
3197,31,670,299,759,418
3198,35,685,350,789,659
3198,31,669,299,758,418
3198,40,684,350,790,558
3199,35,685,348,790,659
3199,31,669,299,759,421
3200,35,684,348,790,660
3200,31,669,299,759,423
3201,35,684,348,791,660
3201,31,669,299,759,427
3202,35,684,348,791,660
3202,31,669,299,759,429
3203,31,669,299,762,430
3203,35,684,346,799,658
3204,35,685,346,802,658
3204,31,669,299,754,429
3205,31,669,299,755,427
3205,35,684,346,799,658
3206,35,684,348,792,660
3206,31,669,299,751,430
3207,35,684,350,797,659
3207,31,669,300,765,434
3208,31,669,300,766,434
3208,35,683,350,810,660
3209,35,682,351,813,660
3209,31,669,300,774,432
3210,35,682,351,816,660
3210,31,669,300,770,431
3211,35,682,352,820,660
3211,31,668,300,757,432
3212,35,682,353,818,660
3212,31,668,300,752,431
3213,35,682,356,818,660
3213,31,668,299,751,433
3214,35,681,357,817,660
3214,31,668,300,751,434
3215,35,681,360,820,660
3215,31,668,299,749,432
3216,35,681,360,821,661
3216,31,668,299,747,430
3217,35,680,361,822,661
3217,31,668,299,747,427
3217,41,681,362,822,562
3218,35,680,361,822,660
3218,31,668,299,746,425
3219,31,667,299,747,426
3219,35,679,362,826,659
3220,31,667,299,747,425
3220,35,678,362,829,661
3220,41,679,363,830,565
3221,35,678,363,830,660
3221,41,679,364,832,565
3221,31,667,299,747,421
3222,35,678,364,829,660
3222,41,678,366,831,565
3222,31,667,299,747,418
3223,35,677,367,829,661
3223,31,667,299,748,418
3223,41,677,368,830,565
3224,31,667,299,748,418
3224,35,677,368,822,662
3224,41,677,369,822,566
3225,31,667,299,747,417
3225,35,676,368,819,661
3225,41,676,369,819,566
3226,31,667,299,748,416
3226,35,676,370,820,661
3226,41,676,371,819,567
3227,31,667,299,748,416
3227,41,675,370,817,566
3227,35,676,370,817,660
3228,41,674,370,817,567
3228,31,667,299,748,416
3228,35,674,370,817,659
3229,31,667,299,748,416
3229,41,673,371,810,566
3229,35,673,372,809,660
3230,31,667,300,748,417
3230,35,672,376,802,660
3230,41,672,377,802,567
3231,31,667,300,747,416
3231,41,672,378,799,568
3231,35,671,377,798,659
3232,31,667,300,747,417
3232,41,671,380,794,567
3232,35,670,379,791,660
3233,31,667,300,747,417
3233,35,668,381,789,660
3233,41,669,381,792,566
3234,31,667,301,747,418
3234,35,667,383,788,660
3234,41,668,381,791,564
3235,31,667,301,747,420
3235,35,663,382,789,661
3235,41,664,382,791,567
3236,31,667,301,747,421
3236,41,661,384,790,566
3237,31,667,301,747,421
3237,41,659,383,790,566
3238,31,667,301,747,420
3238,41,657,383,790,567
3239,31,667,301,747,422
3239,41,655,383,789,568
3240,31,667,301,747,421
3240,41,654,381,789,569
3241,31,667,301,746,421
3241,41,654,382,789,569
3242,31,667,301,746,421
3242,41,654,384,789,570
3242,35,653,381,788,658
3243,31,667,301,746,421
3243,41,655,382,790,571
3243,35,655,384,789,659
3244,31,667,301,746,422
3244,35,655,384,789,661
3244,41,656,382,790,571
3245,31,667,301,746,421
3245,41,655,382,791,572
3245,35,655,384,790,658
3246,31,667,301,746,422
3246,41,656,383,791,572
3246,35,655,385,790,661
3247,31,667,301,747,421
3247,35,655,385,790,659
3247,41,656,384,792,572
3248,31,667,300,747,421
3248,41,655,383,793,572
3248,35,655,384,792,652
3249,31,667,300,747,422
3249,41,656,382,796,572
3249,35,655,383,795,658
3250,31,668,300,748,422
3250,35,657,383,796,658
3250,41,658,382,797,573
3251,31,668,300,748,422
3251,41,659,382,798,573
3251,35,658,382,797,657
3252,31,667,300,748,422
3252,41,661,387,798,572
3252,35,660,387,797,661
3253,41,661,387,798,572
3253,35,660,387,797,661
3253,31,667,300,748,418
3254,35,661,386,797,661
3254,41,662,387,798,572
3254,31,667,300,748,421
3255,31,668,300,749,420
3255,41,663,386,798,572
3255,35,662,385,798,660
3256,35,663,385,798,660
3256,41,663,386,799,572
3256,31,667,300,749,421
3257,35,663,386,798,661
3257,41,664,386,799,571
3257,31,668,300,749,422
3258,41,665,386,800,571
3258,31,667,300,748,421
3258,35,664,386,799,652
3259,41,666,387,800,571
3259,35,665,387,800,654
3259,31,668,300,748,419
3260,41,666,387,801,571
3260,31,668,300,748,420
3260,35,665,386,800,661
3261,35,665,385,801,661
3261,41,666,386,801,572
3261,31,669,299,749,421
3262,41,667,385,802,572
3262,35,666,385,801,660
3262,31,669,299,749,419
3263,35,666,385,801,661
3263,41,667,385,802,571
3263,31,669,300,749,420
3264,41,667,386,802,571
3264,35,666,385,801,660
3264,31,669,300,750,419
3265,41,668,385,802,572
3265,31,669,300,750,419
3265,35,667,383,801,656
3266,41,668,386,803,572
3266,31,670,300,750,418
3266,35,667,386,802,660
3267,41,669,386,803,571
3267,35,668,386,803,661
3267,31,670,300,751,416
3268,41,669,387,804,571
3268,35,668,386,804,661
3268,31,671,300,752,416
3269,41,669,387,805,571
3269,31,671,300,752,417
3269,35,668,387,803,657
3270,35,670,387,804,657
3270,41,670,388,806,571
3270,31,672,300,752,419
3271,41,670,388,805,571
3271,35,670,388,804,657
3271,31,672,300,753,418
3272,41,670,389,806,571
3272,35,670,388,805,657
3272,31,673,300,753,418
3273,41,671,389,807,571
3273,35,670,389,805,657
3273,31,673,299,753,418
3274,41,671,389,807,571
3274,35,671,389,805,658
3274,31,673,299,754,418
3275,35,671,389,805,658
3275,41,671,389,807,570
3275,31,673,299,754,420
3276,35,671,388,805,658
3276,41,672,389,807,570
3276,31,673,299,754,423
3277,41,672,389,808,570
3277,35,671,388,805,657
3277,31,674,299,755,423
3278,41,672,388,808,571
3278,31,674,298,755,423
3279,41,672,387,809,571
3279,31,675,298,755,422
3280,31,675,298,756,422
3280,41,672,388,808,571
3281,31,675,298,756,421
3281,41,672,387,809,570
3282,41,672,387,809,570
3282,31,675,298,756,420
3283,41,672,388,808,570
3283,31,674,298,757,420
3284,41,672,387,808,570
3284,31,675,298,757,420
3285,41,672,388,808,570
3285,31,674,298,757,419
3286,41,672,388,808,570
3286,31,675,298,756,420
3287,41,672,388,808,570
3287,31,675,298,756,424
3288,41,672,388,808,570
3288,31,675,298,756,420
3289,41,672,388,808,568
3289,31,675,298,756,410
3290,41,673,389,808,569
3290,31,675,298,756,409
3291,41,673,388,808,569
3291,31,675,298,756,407
3292,41,672,388,809,568
3292,31,675,297,756,408
3293,41,672,388,809,569
3293,31,676,297,757,405
3294,41,673,387,810,569
3294,31,676,297,758,404
3295,41,674,387,810,567
3295,31,676,297,759,401
3296,41,675,388,811,567
3296,31,678,296,760,401
3297,41,676,387,811,567
3297,31,680,295,761,400
3298,31,680,295,761,399
3298,41,676,387,811,565
3299,41,675,387,811,567
3299,31,679,295,760,400
3300,41,675,387,810,567
3300,31,678,295,760,399
3301,41,676,386,812,566
3301,31,679,294,760,404
3302,41,677,385,812,566
3302,31,680,295,761,403
3303,41,677,386,813,565
3303,31,681,294,761,404
3304,41,677,386,813,566
3304,31,681,294,761,407
3305,41,677,386,812,565
3305,31,680,294,761,410
3306,41,676,386,812,565
3306,31,680,294,761,415
3307,41,676,386,812,565
3307,31,680,294,760,416
3308,41,676,386,812,565
3308,31,680,294,761,414
3309,41,677,386,812,565
3309,31,680,294,761,405
3310,41,677,386,813,565
3310,31,679,294,761,404
3311,41,678,386,813,564
3311,31,679,294,761,402
3312,41,678,386,814,564
3312,31,679,294,761,402
3313,41,678,386,814,565
3313,31,680,295,761,402
3314,41,678,386,814,565
3314,31,680,295,762,403
3315,41,679,386,814,565
3315,31,681,295,762,401
3316,41,679,386,814,565
3316,31,681,295,761,402
3317,41,679,386,814,566
3317,31,681,296,762,402
3318,41,679,386,814,566
3318,31,681,296,762,403
3319,41,679,387,814,566
3319,31,681,297,762,403
3320,41,679,387,814,566
3320,31,681,297,761,403
3321,41,679,387,814,566
3321,31,681,297,761,404
3322,41,678,387,814,566
3322,31,680,298,762,404
3323,41,679,388,814,567
3323,31,681,298,762,405
3324,41,681,389,814,568
3324,31,681,298,763,410
3325,41,682,390,815,568
3325,31,682,298,763,414
3326,41,683,392,815,569
3326,31,682,298,764,417
3326,42,681,389,815,655
3327,41,684,393,816,569
3327,31,683,299,764,414
3327,42,684,392,815,645
3328,41,686,394,816,570
3328,31,684,299,765,421
3329,31,684,300,765,422
3329,41,687,395,817,570
3330,31,684,300,766,422
3330,41,686,394,817,572
3331,31,685,300,767,422
3331,41,688,395,818,573
3332,41,688,396,820,573
3332,31,685,301,768,421
3333,31,684,302,769,421
3333,41,689,396,821,573
3334,41,690,397,822,574
3334,31,686,302,769,426
3335,41,690,398,822,576
3335,31,687,302,770,429
3335,42,689,397,821,662
3336,41,690,397,823,576
3336,31,686,303,770,431
3337,42,690,397,821,664
3337,31,686,305,770,431
3337,41,690,399,822,578
3338,31,686,306,769,430
3338,41,690,400,821,578
3338,42,689,398,820,666
3339,41,689,400,821,578
3339,42,689,400,820,666
3339,31,686,306,768,429
3340,41,689,400,821,581
3340,31,686,307,769,431
3341,41,689,402,821,581
3341,31,686,308,769,431
3342,41,690,402,820,581
3342,31,686,308,770,429
3343,41,690,402,821,581
3343,31,686,308,770,424
3344,31,687,308,770,424
3344,41,691,403,821,581
3345,41,691,403,822,581
3345,31,687,308,771,423
3346,41,691,403,822,581
3346,31,687,308,771,423
3347,41,691,403,822,582
3347,31,688,308,771,423
3348,31,688,308,771,423
3348,41,692,403,823,582
3349,41,692,403,824,581
3349,31,689,308,772,423
3350,41,693,404,824,582
3350,31,690,308,773,424
3351,31,690,308,774,423
3351,41,693,403,825,582
3352,41,694,403,825,581
3352,31,690,308,774,423
3352,42,693,400,823,672
3353,41,693,403,825,582
3353,31,690,308,774,424
3354,41,693,403,825,582
3354,31,690,308,774,424
3354,42,693,401,824,672
3355,41,693,402,826,581
3355,42,692,400,823,673
3355,31,690,309,774,423
3356,41,692,402,825,581
3356,31,691,308,774,425
3357,31,691,308,774,424
3357,41,691,402,825,581
3357,42,691,400,824,673
3358,41,691,402,825,582
3358,31,690,308,774,424
3359,41,691,402,825,582
3359,31,690,308,774,424
3360,41,691,403,825,582
3360,31,689,309,774,423
3361,41,691,403,825,581
3361,31,688,309,774,423
3362,41,691,401,824,583
3362,31,687,309,774,424
3363,31,686,308,774,425
3363,41,691,402,825,581
3364,41,691,402,825,581
3364,31,687,308,774,426
3365,41,691,401,825,580
3365,31,687,308,774,429
3366,41,690,401,824,580
3366,31,687,308,774,428
3367,41,690,401,824,581
3367,31,687,308,773,428
3368,41,690,401,824,581
3368,31,688,308,773,428
3369,41,689,400,824,581
3369,31,688,308,773,431
3370,41,689,400,825,581
3370,31,690,308,774,432
3371,41,689,400,825,582
3371,31,691,309,774,432
3372,41,689,400,825,582
3372,31,691,309,774,432
3373,41,689,399,825,582
3373,31,691,309,775,430
3374,31,691,309,775,430
3374,41,689,396,826,584
3375,31,692,308,775,429
3375,41,690,396,826,586
3376,31,693,309,775,429
3376,41,690,395,825,587
3377,31,693,308,774,428
3377,41,691,395,826,590
3378,41,692,394,826,590
3378,31,694,308,774,430
3379,41,693,394,826,590
3379,31,694,308,773,434
3380,41,695,393,827,591
3380,31,696,308,774,436
3381,31,698,308,774,436
3381,41,697,394,829,591
3382,31,698,309,774,437
3382,41,698,394,831,591
3383,31,698,309,774,437
3383,41,700,393,832,591
3384,41,700,393,833,592
3384,31,697,309,774,438
3385,41,701,392,835,592
3385,31,695,309,774,438
3386,41,702,390,836,592
3386,31,693,309,774,440
3387,41,701,390,836,592
3387,31,692,310,774,438
3388,41,701,390,837,592
3388,31,691,310,774,435
3389,41,702,390,837,592
3389,31,690,310,774,435
3390,41,702,389,838,592
3390,31,689,309,774,433
3391,41,701,389,837,592
3391,31,688,310,773,432
3392,41,702,387,837,592
3392,31,687,310,773,429
3393,41,701,383,838,592
3393,31,686,310,773,427
3394,41,702,382,837,592
3394,31,686,310,774,424
3395,41,701,381,837,593
3395,31,686,310,774,429
3396,31,686,310,773,430
3396,41,700,380,836,593
3397,31,687,310,775,431
3397,41,698,379,835,592
3398,41,696,379,835,593
3398,31,688,310,776,436
3399,31,688,310,775,436
3399,41,695,379,833,593
3400,31,689,310,775,433
3400,41,689,377,833,592
3401,41,686,376,832,592
3401,31,689,310,775,430
3402,41,683,376,831,593
3402,31,688,309,776,425
3403,41,679,375,830,593
3403,31,689,309,775,421
3404,41,674,374,829,593
3404,31,685,309,775,489
3405,41,671,374,828,593
3405,31,683,309,774,454
3406,41,670,372,828,594
3406,31,682,309,774,476
3407,41,668,375,828,594
3407,31,675,309,773,497
3408,41,668,372,829,593
3408,31,673,309,773,482
3409,41,668,372,829,594
3409,31,671,309,773,462
3410,41,669,372,829,595
3410,31,674,309,773,494
3411,41,670,373,829,595
3411,31,676,309,773,484
3412,41,670,374,829,596
3412,31,676,310,773,451
3413,41,674,373,828,596
3413,31,686,310,773,441
3414,41,677,372,828,597
3414,31,688,310,773,447
3415,41,677,374,825,597
3415,31,689,311,773,426
3416,31,689,311,773,426
3416,41,676,376,823,597
3417,31,689,311,773,428
3417,41,673,374,821,598
3418,41,676,376,820,599
3418,31,688,310,772,441
3419,31,689,311,773,439
3419,41,672,372,820,598
3420,31,689,310,772,435
3420,41,674,374,819,602
3421,31,690,311,773,440
3422,31,689,311,773,436
3422,41,678,372,818,599
3423,31,690,311,773,437
3423,41,674,364,817,600
3424,41,675,370,817,598
3424,31,690,311,773,431
3425,41,674,368,816,597
3425,31,689,311,773,427
3426,41,674,366,816,598
3426,31,689,310,772,425
3427,41,674,366,815,597
3427,31,689,310,772,423
3428,31,688,310,771,425
3428,41,671,365,815,597
3429,31,687,310,771,423
3429,41,676,365,814,599
3430,41,671,363,813,597
3430,31,688,310,771,430
3431,41,669,360,811,596
3431,31,688,310,771,437
3432,41,671,358,809,595
3432,31,687,309,770,444
3433,41,672,358,808,594
3433,31,687,309,769,428
3434,41,673,359,806,593
3434,31,686,309,769,424
3435,31,686,309,769,422
3435,41,678,361,805,592
3436,31,686,310,769,422
3436,41,671,359,805,594
3437,31,685,310,769,421
3437,41,671,357,802,595
3438,31,685,310,769,421
3438,41,670,357,802,595
3439,31,685,310,769,422
3439,41,671,357,801,594
3440,31,685,310,768,424
3440,41,676,356,800,593
3440,43,660,356,800,677
3441,43,660,355,799,676
3441,41,677,355,799,594
3441,31,684,311,768,425
3442,31,684,311,768,428
3442,41,672,358,798,594
3443,41,672,358,798,595
3443,31,684,311,768,426
3444,31,683,312,767,429
3444,41,670,354,799,595
3445,41,670,356,798,596
3445,31,683,313,766,435
3446,41,670,355,797,596
3446,31,683,313,765,437
3447,41,669,357,797,596
3447,31,683,313,766,432
3448,43,660,357,797,675
3448,41,673,359,797,595
3448,31,682,314,765,436
3449,41,673,359,797,594
3449,43,659,358,797,678
3449,31,682,314,765,433
3450,43,660,357,798,679
3450,41,675,357,799,598
3450,31,682,314,764,427
3451,43,661,359,798,679
3451,31,682,315,764,425
3451,41,671,359,798,596
3452,43,658,358,796,681
3452,31,683,315,761,428
3452,41,705,358,799,600
3453,43,657,359,796,681
3453,41,704,358,798,601
3453,31,682,316,761,430
3454,43,657,359,796,681
3454,31,681,317,760,429
3454,41,700,359,798,600
3455,43,655,358,795,682
3455,41,701,358,796,600
3455,31,680,317,760,431
3456,41,700,358,795,601
3456,43,653,358,794,683
3456,31,679,318,758,430
3457,43,653,358,794,684
3457,31,678,318,758,429
3457,41,695,358,795,603
3458,43,650,360,794,685
3458,31,678,319,757,431
3458,41,697,361,794,602
3459,43,651,362,793,686
3459,31,677,319,757,439
3459,41,671,361,794,601
3460,43,652,365,793,686
3460,31,677,321,759,440
3460,41,675,365,794,601
3461,43,651,367,794,687
3461,31,677,322,760,435
3461,41,693,369,794,605
3462,43,650,370,794,689
3462,31,677,323,761,436
3462,41,686,370,794,608
3463,43,651,369,795,689
3463,31,677,323,760,436
3463,41,682,368,794,608
3464,43,651,369,795,689
3464,31,677,324,761,440
3464,41,678,368,794,609
3465,31,677,324,760,441
3465,43,652,371,794,689
3465,41,681,371,794,609
3466,43,652,371,795,689
3466,31,678,324,761,440
3466,41,689,370,794,609
3467,43,653,372,795,689
3467,31,678,324,761,440
3467,41,687,371,795,607
3468,43,653,376,795,689
3468,31,678,324,762,438
3468,41,683,377,795,607
3469,31,678,323,762,438
3469,43,654,372,796,689
3469,41,695,372,795,606
3470,43,655,371,796,688
3470,41,690,370,796,606
3470,31,678,319,764,529
3471,43,655,369,796,688
3471,41,689,368,797,605
3471,31,679,320,765,528
3471,44,698,369,797,684
3472,41,690,369,798,607
3472,31,681,321,766,529
3472,43,660,371,798,688
3472,44,703,371,798,685
3473,43,659,369,799,688
3473,31,681,320,766,530
3473,44,702,368,799,689
3473,41,694,367,799,606
3474,41,694,367,800,607
3474,43,657,370,799,688
3474,31,681,320,767,531
3474,44,703,369,800,687
3475,31,681,320,767,531
3475,43,657,368,800,689
3475,41,697,367,800,608
3476,43,657,370,799,689
3476,31,681,321,767,531
3476,41,698,368,800,607
3476,44,705,370,800,687
3477,43,658,370,799,689
3477,31,681,320,767,530
3477,44,701,369,800,688
3478,43,658,368,799,688
3478,41,693,367,800,607
3479,43,658,368,799,687
3479,41,685,367,800,607
3480,43,658,370,799,688
3480,41,688,368,800,607
3480,31,682,319,768,527
3481,44,693,365,800,687
3481,41,701,368,800,605
3482,41,699,369,800,605
3482,44,678,366,800,687
3482,31,683,323,765,508
3483,31,683,323,766,507
3483,41,702,369,800,605
3483,44,691,366,800,687
3484,31,684,323,766,510
3484,43,666,371,798,688
3484,41,690,370,799,604
3485,31,683,322,766,506
3485,43,659,370,798,687
3485,44,702,369,799,686
3486,43,659,369,798,686
3486,44,699,368,799,676
3486,31,684,321,767,446
3487,43,659,367,799,686
3487,31,685,321,767,441
3488,43,659,369,800,686
3488,31,686,321,767,436
3488,41,697,368,801,603
3489,43,659,370,801,686
3489,31,687,321,768,436
3490,43,660,371,801,687
3490,31,687,321,769,433
3490,44,705,369,802,687
3491,31,687,321,769,433
3491,43,661,373,802,687
3491,44,708,371,803,687
3492,43,659,373,802,687
3492,31,687,322,771,433
3492,44,702,367,803,687
3492,41,709,372,803,606
3493,31,688,322,770,434
3493,41,705,372,803,606
3493,44,692,367,803,687
3494,41,706,373,803,606
3494,31,688,321,770,433
3494,43,672,374,803,687
3495,31,688,321,770,433
3495,41,701,370,803,605
3495,43,659,372,804,687
3496,43,659,372,803,686
3496,31,687,320,770,432
3497,43,659,369,803,686
3497,31,687,317,770,432
3497,44,710,368,804,690
3498,43,660,368,803,684
3498,31,687,316,770,430
3498,44,704,366,804,687
3499,44,705,365,803,687
3499,43,661,366,802,683
3499,31,687,316,769,429
3500,43,663,364,802,682
3500,31,687,315,769,425
3501,31,686,315,768,426
3501,43,660,361,801,681
3502,43,659,362,800,680
3502,31,686,314,768,428
3503,43,661,363,800,681
3503,31,686,314,768,430
3504,43,662,364,800,682
3504,31,686,314,768,425
3505,43,663,364,800,682
3505,31,686,315,768,427
3506,43,658,363,799,681
3506,31,685,314,767,433
3507,43,658,358,798,679
3507,31,683,314,765,431
3507,41,677,360,799,596
3508,43,656,358,797,678
3508,41,676,360,799,594
3508,31,684,313,764,428
3509,43,657,358,798,678
3509,41,676,359,799,593
3509,31,683,313,765,435
3510,43,658,360,799,678
3510,41,678,360,800,593
3510,31,684,313,766,437
3511,43,659,359,799,677
3511,41,680,360,800,594
3511,31,684,313,767,427
3512,43,658,359,799,676
3512,31,684,312,767,431
3512,41,688,360,800,594
3513,43,656,358,798,677
3513,31,683,311,765,432
3513,41,678,359,799,594
3514,43,655,357,796,676
3514,41,675,358,797,594
3514,31,684,311,764,425
3515,43,655,357,795,675
3515,31,683,310,763,423
3516,43,654,358,796,675
3516,31,683,311,763,422
3517,43,654,357,796,675
3517,31,683,311,763,422
3518,43,655,357,796,675
3518,31,683,311,763,423
3519,43,656,358,796,676
3519,31,682,311,764,424
3520,31,682,311,764,424
3520,43,655,353,796,676
3521,43,654,354,796,675
3521,31,683,311,763,423
3522,31,683,310,763,422
3522,43,654,357,795,675
3523,31,682,311,762,420
3523,43,653,361,794,674
3524,43,654,362,794,674
3524,31,681,310,762,420
3525,43,654,361,795,674
3525,31,680,310,762,420
3526,43,654,360,795,674
3526,31,681,310,762,420
3527,43,654,356,795,675
3527,31,682,311,762,422
3528,31,683,311,763,423
3528,43,656,355,795,676
3529,43,655,357,795,677
3529,31,683,312,763,424
3530,43,658,358,796,676
3530,31,682,314,764,428
3531,31,684,313,765,427
3531,43,660,361,798,677
3531,45,676,362,799,594
3532,43,662,362,798,678
3532,45,677,363,800,596
3532,31,685,313,766,428
3533,45,677,362,801,596
3533,43,661,362,800,679
3533,31,685,314,766,427
3534,45,677,363,801,597
3534,43,663,363,800,679
3534,31,685,314,767,426
3535,45,677,364,801,597
3535,43,664,364,800,680
3535,31,685,314,767,428
3536,31,686,315,767,429
3536,45,679,364,801,598
3536,43,667,364,800,681
3537,45,679,364,801,599
3537,43,668,363,800,681
3537,31,685,315,767,426
3538,43,668,361,800,681
3538,31,686,315,767,428
3538,45,685,361,802,597
3539,31,685,315,766,428
3539,43,667,359,801,682
3539,45,678,360,802,597
3540,43,668,359,801,683
3540,31,685,315,765,427
3540,45,691,360,802,599
3541,31,685,316,765,428
3541,43,660,361,801,682
3541,45,678,361,803,598
3542,31,685,316,766,428
3542,43,659,364,802,684
3542,45,700,363,804,599
3543,43,659,365,804,685
3543,31,685,316,766,430
3543,45,700,365,805,599
3544,43,659,366,805,685
3544,31,685,316,767,429
3544,45,701,366,806,599
3545,31,685,316,766,429
3545,43,658,364,805,685
3545,45,702,365,807,599
3546,31,685,316,766,429
3546,43,659,366,806,685
3546,45,703,366,808,600
3547,43,658,364,806,685
3547,31,684,316,765,429
3547,45,702,365,808,601
3548,43,658,367,806,684
3548,31,684,317,765,429
3548,45,688,367,807,601
3549,43,657,367,805,685
3549,31,684,316,765,431
3549,45,684,367,807,600
3550,43,656,367,804,685
3550,31,683,316,764,432
3550,45,681,367,807,600
3551,43,657,367,804,685
3551,31,683,317,765,432
3551,45,686,367,806,602
3552,43,657,366,804,685
3552,45,686,367,805,603
3552,31,683,318,764,431
3553,43,657,367,804,684
3553,31,683,318,764,436
3553,45,678,366,807,602
3554,43,657,368,804,684
3554,31,683,319,765,438
3554,45,681,367,807,602
3555,43,657,369,805,684
3555,31,683,318,765,437
3555,45,669,368,807,603
3556,43,657,368,805,685
3556,31,683,318,766,441
3556,45,678,367,807,602
3556,46,683,318,765,506
3557,43,659,368,805,686
3557,31,683,319,766,436
3557,45,685,368,808,603
3558,43,660,368,805,686
3558,31,684,319,766,439
3558,45,673,368,808,604
3559,43,661,368,805,687
3559,45,672,368,808,604
3559,31,684,319,766,436
3560,43,660,368,805,686
3560,45,673,368,808,604
3560,31,684,319,766,437
3561,43,660,369,805,687
3561,45,672,368,808,604
3561,31,684,319,766,436
3562,43,659,369,805,687
3562,45,673,369,808,604
3562,31,684,319,767,435
3563,43,660,370,805,687
3563,31,684,319,767,434
3563,45,675,369,809,605
3564,43,658,370,806,687
3564,31,684,318,767,431
3564,45,702,369,809,604
3565,43,658,371,807,686
3565,45,702,370,810,605
3565,31,685,318,768,432
3566,43,659,371,808,687
3566,31,686,318,769,433
3566,45,705,371,810,605
3567,31,686,318,769,432
3567,45,703,372,810,606
3568,45,704,369,810,606
3568,31,685,320,768,431
3569,43,659,371,806,687
3569,31,684,321,767,431
3569,45,701,369,809,606
3570,43,660,371,806,687
3570,31,683,321,766,431
3570,45,672,370,808,607
3571,43,661,370,806,687
3571,31,683,322,766,431
3571,45,669,369,808,608
3572,31,684,322,767,433
3572,43,658,370,804,688
3572,45,697,368,807,606
3573,31,683,322,766,436
3573,43,666,364,806,688
3573,45,679,368,807,607
3574,31,683,322,766,434
3574,45,691,368,806,607
3574,43,655,370,803,689
3574,47,681,320,766,525
3575,43,656,370,803,689
3575,47,681,320,766,524
3575,31,683,323,765,436
3575,45,699,369,807,683
3576,47,681,321,766,524
3576,43,654,371,803,690
3576,45,701,369,807,687
3577,47,681,321,766,524
3577,43,653,370,803,690
3577,45,697,367,807,688
3578,43,653,370,803,690
3578,47,681,321,766,525
3578,45,697,368,806,608
3579,47,681,321,766,525
3579,43,655,370,804,690
3579,45,697,367,807,687
3580,47,681,321,766,525
3580,43,656,371,804,689
3580,45,704,369,807,683
3581,47,682,321,766,525
3581,43,669,369,805,689
3581,45,695,368,807,608
3582,47,682,321,766,525
3582,45,696,368,807,608
3582,43,687,364,807,688
3583,45,697,368,807,609
3583,31,684,324,766,435
3583,43,658,370,804,689
3584,31,684,323,766,435
3584,47,682,320,766,524
3584,45,699,368,807,609
3584,43,690,364,807,688
3585,31,684,323,767,433
3585,45,703,371,809,608
3585,43,696,365,809,687
3586,45,704,372,809,609
3586,31,685,324,768,432
3586,43,692,372,808,686
3587,43,692,373,808,687
3587,31,685,324,768,433
3587,45,705,372,809,609
3588,31,685,324,769,433
3588,45,705,374,809,609
3588,43,697,367,809,688
3589,45,704,374,808,608
3589,47,683,322,767,526
3589,43,681,368,808,687
3590,47,682,322,766,525
3590,45,695,368,807,608
3590,43,660,371,805,689
3591,47,681,321,766,525
3591,45,698,368,807,607
3591,43,672,369,805,689
3592,45,692,368,806,607
3592,43,659,369,804,690
3592,31,683,323,765,438
3593,31,683,323,765,439
3593,45,691,368,806,608
3593,43,656,369,804,690
3594,45,691,367,806,608
3594,43,658,368,804,689
3594,31,683,323,765,438
3595,43,657,369,804,689
3595,47,682,320,766,526
3595,45,696,368,806,608
3596,47,682,321,766,526
3596,43,661,369,804,689
3596,45,701,368,807,607
3597,47,682,320,766,525
3597,45,703,369,807,606
3597,43,694,366,807,687
3598,45,700,369,807,606
3598,43,657,370,805,688
3599,43,657,369,805,688
3599,45,698,368,807,605
3600,43,658,369,805,688
3600,45,699,368,807,605
3600,31,684,322,766,433
3601,31,684,323,768,430
3601,45,703,370,809,608
3602,31,684,323,767,430
3602,45,706,370,810,607
3603,45,706,370,811,606
3603,31,685,323,768,429
3603,43,692,371,809,687
3604,45,705,371,811,607
3604,31,685,323,768,432
3604,43,699,365,810,686
3605,45,705,370,811,608
3605,31,686,323,768,432
3605,43,685,372,809,685
3606,31,686,323,768,433
3606,45,703,369,811,609
3607,45,704,370,811,608
3607,31,685,324,768,433
3608,31,685,324,768,432
3608,45,699,370,811,609
3609,31,685,324,767,432
3609,45,707,371,811,608
3609,43,699,366,810,686
3610,43,698,366,810,687
3610,45,708,370,811,608
3610,31,686,324,768,436
3611,31,686,324,768,435
3611,45,707,369,811,608
3611,43,694,366,810,687
3612,43,694,366,809,687
3612,31,686,324,768,437
3612,45,704,369,810,608
3612,47,684,320,767,527
3613,45,705,371,810,608
3613,43,697,367,810,687
3613,31,686,324,768,434
3614,31,685,324,768,434
3614,43,696,366,810,687
3614,45,706,370,810,607
3615,45,706,369,809,607
3615,31,685,324,767,434
3615,43,692,366,809,687
3616,31,685,324,767,435
3616,45,694,370,809,607
3616,43,668,371,807,688
3617,31,685,324,767,434
3617,43,665,371,807,688
3617,45,688,369,809,607
3618,31,685,324,767,435
3618,45,686,369,809,607
3618,43,660,371,806,688
3619,45,686,369,809,607
3619,43,659,371,806,689
3619,31,685,324,767,436
3620,43,658,372,807,689
3620,31,685,324,767,437
3620,45,703,370,810,608
3621,43,659,373,808,689
3621,31,685,324,766,436
3621,45,691,371,810,608
3622,43,659,373,807,689
3622,45,689,372,810,608
3622,31,685,324,767,437
3623,43,658,372,806,689
3623,31,684,324,766,435
3623,45,699,370,809,608
3624,43,660,371,806,689
3624,31,684,323,765,441
3624,45,689,369,808,608
3625,47,682,320,766,526
3625,45,685,368,808,608
3625,43,668,366,808,688
3626,47,682,320,766,526
3626,45,684,368,808,608
3626,43,670,366,807,688
3627,47,682,321,766,526
3627,45,683,368,808,608
3627,43,669,367,807,688
3628,43,669,367,807,688
3628,47,682,320,766,526
3628,45,684,368,808,608
3629,43,669,367,807,688
3629,47,682,320,766,526
3629,45,686,368,808,609
3630,45,685,369,807,609
3630,47,681,321,767,525
3630,43,672,369,807,687
3631,45,685,368,807,609
3631,47,682,321,766,525
3631,43,674,368,807,687
3632,43,676,368,807,687
3632,47,682,320,766,525
3632,45,686,369,807,608
3633,47,682,320,766,525
3633,45,689,368,807,608
3633,43,679,366,807,686
3634,47,682,320,766,526
3634,43,685,365,807,686
3634,45,700,369,807,606
3635,47,682,320,766,526
3635,45,694,367,807,607
3635,43,666,370,804,687
3636,47,681,319,766,526
3636,43,658,369,804,687
3636,45,677,367,806,607
3637,43,657,369,804,687
3637,47,681,319,766,524
3637,31,683,322,764,439
3637,45,689,368,806,607
3638,43,657,369,803,687
3638,31,683,321,764,438
3638,47,681,318,766,521
3638,45,686,368,805,606
3639,43,656,369,802,686
3639,47,681,318,766,519
3639,31,683,321,764,436
3639,45,692,368,805,604
3640,31,683,321,764,435
3640,43,656,368,803,686
3640,45,685,367,805,603
3641,43,656,368,803,685
3641,31,683,320,764,436
3641,45,671,367,805,603
3641,47,682,320,763,494
3642,43,657,368,804,684
3642,45,669,368,806,603
3642,31,683,319,765,435
3643,43,657,369,804,684
3643,45,668,368,806,602
3643,31,684,319,764,434
3644,31,683,318,765,434
3644,43,656,368,804,683
3645,43,656,368,804,684
3645,31,683,318,764,433
3646,43,656,368,804,683
3646,31,683,318,764,431
3647,43,656,368,804,683
3647,31,683,318,764,430
3647,45,677,367,805,599
3648,43,656,366,803,683
3648,31,683,318,764,430
3648,45,674,366,805,598
3649,43,656,366,803,682
3649,45,674,366,804,597
3649,31,682,318,764,429
3650,43,655,365,803,683
3650,45,673,366,804,596
3650,31,682,317,763,429
3651,43,656,365,803,684
3651,45,673,366,804,596
3651,31,682,317,763,428
3652,45,673,366,804,596
3652,43,656,365,803,684
3652,31,682,317,763,429
3653,31,682,317,763,429
3653,43,656,365,802,683
3653,45,674,366,804,597
3654,31,682,317,763,429
3654,43,656,365,802,683
3655,43,656,366,803,683
3655,31,682,317,763,428
3655,45,674,367,805,596
3656,45,674,366,805,596
3656,43,656,365,803,683
3656,31,682,317,762,428
3657,43,655,364,803,682
3657,45,673,365,804,597
3657,31,682,317,762,429
3658,43,655,364,802,682
3658,31,681,317,761,429
3658,45,676,365,804,598
3659,43,654,365,801,682
3659,45,675,366,803,598
3659,31,680,317,761,426
3660,43,654,365,800,682
3660,31,680,317,761,425
3661,43,654,365,800,681
3661,31,680,317,760,425
3662,43,655,365,800,682
3662,31,680,317,761,424
3663,43,655,365,800,682
3663,31,680,317,761,424
3664,31,680,316,761,425
3664,43,656,365,800,682
3664,45,667,365,802,597
3665,43,657,365,800,683
3665,31,680,316,760,424
3665,45,673,366,802,598
3666,31,679,316,760,424
3666,43,656,365,800,682
3666,45,671,366,802,596
3667,31,679,317,760,424
3667,43,657,365,799,683
3668,31,679,316,760,424
3668,43,656,365,799,682
3669,43,655,365,799,683
3669,31,679,316,760,424
3670,31,679,316,760,424
3670,43,656,365,798,682
3671,31,679,316,760,425
3671,43,655,365,799,681
3671,45,671,365,802,598
3672,43,655,365,799,681
3672,31,679,316,760,424
3673,31,679,316,760,424
3673,43,654,365,798,681
3674,43,653,366,798,682
3674,31,678,315,760,425
3675,31,678,315,760,425
3675,43,654,367,798,681
3676,43,654,367,798,681
3676,31,678,315,760,425
3677,43,655,366,798,681
3677,31,677,315,760,428
3677,45,668,367,800,596
3678,43,655,367,798,681
3678,31,677,315,760,430
3679,43,654,367,798,681
3679,31,677,315,760,437
3679,45,677,313,761,502
3680,43,652,366,797,681
3680,45,677,313,761,504
3681,43,653,367,797,681
3681,45,677,313,761,508
3682,43,653,366,797,681
3682,31,675,315,760,435
3683,43,654,368,797,681
3683,31,675,316,759,425
3683,45,665,370,799,597
3684,43,653,366,797,682
3684,45,664,368,799,596
3685,43,654,366,797,681
3685,45,666,367,799,597
3686,43,653,366,797,682
3686,45,665,367,799,597
3686,31,676,317,759,423
3687,43,653,366,797,682
3687,45,666,367,799,598
3688,43,653,366,797,681
3688,45,666,367,799,598
3688,31,676,317,758,424
3689,43,653,367,798,681
3689,45,665,368,800,598
3690,43,652,367,798,681
3690,45,666,367,801,598
3691,43,650,367,798,681
3692,43,651,367,800,682
3692,31,678,318,759,425
3693,43,651,368,801,683
3693,31,679,318,760,434
3694,43,651,365,801,683
3694,31,679,318,760,435
3695,43,651,365,801,684
3695,31,680,319,760,509
3696,43,651,364,801,684
3696,31,680,318,760,513
3697,43,652,365,800,684
3697,31,681,319,761,515
3698,43,652,366,799,685
3698,31,680,318,762,514
3699,43,653,365,799,684
3699,31,681,318,762,512
3700,43,653,365,798,685
3700,31,680,318,762,431
3701,43,653,368,797,686
3701,31,680,318,762,429
3702,43,654,366,797,687
3702,31,682,319,762,428
3703,43,654,367,796,687
3703,31,683,319,763,429
3703,45,695,367,797,603
3704,31,683,319,763,428
3704,43,654,365,795,686
3705,43,654,367,795,686
3705,31,683,318,763,429
3706,43,655,366,795,686
3706,31,683,319,763,436
3707,43,654,368,795,686
3707,31,683,320,763,431
3708,43,654,369,794,687
3708,31,683,320,764,430
3709,43,654,367,794,687
3709,31,683,320,764,435
3710,43,653,366,794,687
3710,31,683,320,764,433
3710,45,669,366,794,603
3711,43,654,367,794,687
3711,31,684,320,764,439
3712,43,654,367,796,687
3712,45,669,368,795,604
3712,31,684,321,765,443
3713,43,654,367,796,687
3713,31,684,322,764,441
3713,45,693,367,795,605
3714,43,655,368,796,687
3714,31,684,322,765,440
3714,45,677,369,795,604
3715,43,655,369,796,687
3715,31,685,323,766,436
3715,45,691,370,796,605
3716,43,655,368,796,688
3716,31,685,323,767,437
3716,45,692,369,796,605
3717,43,654,368,797,688
3717,31,685,323,767,437
3717,45,697,369,796,605
3718,43,655,370,797,688
3718,31,685,322,767,435
3718,45,693,370,797,605
3719,43,655,371,797,688
3719,31,686,322,767,435
3719,45,700,371,796,605
3720,43,655,370,797,688
3720,31,686,322,767,434
3720,45,697,370,797,605
3721,43,654,371,797,688
3721,31,686,322,767,434
3721,45,704,371,797,605
3722,43,655,371,797,688
3722,31,686,322,767,434
3722,45,703,370,797,604
3723,43,655,371,798,688
3723,31,686,322,768,434
3723,45,689,371,797,604
3724,43,655,371,798,687
3724,45,691,371,797,604
3724,31,686,322,767,436
3725,43,655,371,798,688
3725,45,692,370,797,604
3725,31,686,322,767,441
3726,43,655,371,798,688
3726,45,695,371,797,604
3726,31,686,322,767,438
3727,43,655,370,798,688
3727,31,687,322,768,436
3727,45,700,370,798,605
3728,43,656,371,799,688
3728,31,687,322,768,437
3729,43,656,370,799,688
3729,31,687,322,769,432
3730,43,656,371,800,688
3730,31,688,321,769,431
3731,43,656,371,800,688
3731,31,688,322,769,429
3732,43,656,371,800,688
3732,31,688,321,769,427
3733,43,656,372,800,687
3733,31,688,321,769,426
3734,43,656,371,800,687
3734,31,688,322,769,424
3735,43,656,370,799,687
3735,31,688,322,769,424
3736,43,655,372,799,687
3736,31,689,322,769,423
3737,43,656,372,799,687
3737,31,689,322,768,424
3738,43,655,371,798,688
3738,31,689,322,769,425
3739,31,689,322,768,425
3739,43,657,369,799,687
3739,45,669,370,799,605
3740,45,669,370,801,604
3740,43,655,371,800,687
3741,43,654,371,802,687
3741,31,689,322,768,424
3742,43,654,371,803,688
3742,31,689,322,768,423
3743,43,654,369,805,688
3744,31,690,322,767,423
3744,43,654,368,811,687
3744,45,679,367,812,604
3745,31,690,322,766,423
3745,43,654,368,814,687
3745,45,712,368,814,603
3746,31,690,322,767,423
3746,43,654,371,816,687
3746,45,710,370,816,602
3747,43,653,371,816,687
3747,31,689,322,767,422
3747,45,711,370,818,602
3747,48,668,369,818,611
3748,31,689,322,767,422
3748,43,653,370,816,687
3748,45,713,369,818,603
3749,31,689,322,767,422
3749,43,652,370,816,687
3749,45,714,369,819,603
3750,43,652,370,818,687
3750,31,688,321,766,422
3750,45,700,369,819,602
3751,43,653,371,818,688
3751,31,688,321,766,422
3751,45,695,370,819,602
3752,43,652,371,816,688
3752,31,689,321,766,423
3752,45,700,368,816,605
3753,43,651,371,815,689
3753,31,689,322,767,423
3753,45,713,369,816,606
3754,43,652,371,815,689
3754,31,689,322,767,423
3754,45,707,369,815,605
3755,43,652,371,815,689
3755,31,689,322,767,423
3755,45,711,370,815,605
3756,43,651,372,814,689
3756,31,689,322,767,423
3756,45,709,370,814,604
3757,43,652,370,816,689
3757,31,687,321,767,423
3757,45,693,369,814,602
3758,31,687,321,767,423
3758,43,652,371,814,689
3758,48,669,371,815,602
3759,43,651,370,812,689
3759,48,669,370,814,603
3759,31,687,321,766,423
3760,31,687,322,765,424
3760,48,669,369,812,603
3760,43,651,370,810,689
3761,43,651,371,809,689
3761,31,688,322,765,423
3761,48,672,370,811,604
3762,31,688,322,765,423
3762,43,652,371,810,689
3762,48,667,371,812,604
3763,48,667,371,811,604
3763,43,651,372,809,689
3763,31,688,322,765,425
3764,43,651,372,808,689
3764,48,667,372,810,605
3764,31,687,322,766,428
3765,43,651,372,808,689
3765,48,666,371,810,605
3766,43,652,371,807,689
3766,48,666,371,809,605
3767,43,651,372,807,689
3767,48,669,372,809,605
3768,43,650,371,807,689
3768,48,670,371,808,605
3768,31,688,322,764,433
3769,43,649,369,807,689
3769,31,688,322,764,432
3769,48,682,370,809,605
3770,43,650,369,806,689
3770,31,688,322,764,431
3770,48,676,372,808,605
3771,31,688,322,764,432
3771,43,649,369,806,689
3771,45,689,375,808,608
3772,43,650,369,807,689
3772,31,689,322,764,432
3772,48,676,372,809,604
3773,43,650,369,807,689
3773,31,689,322,764,432
3774,31,689,322,763,431
3774,43,650,370,807,688
3774,48,675,376,809,604
3775,31,690,322,763,434
3778,43,649,376,805,687
3778,48,675,385,807,604
3779,43,647,366,804,688
3782,43,649,374,804,687
3782,48,679,383,806,605
3783,43,649,373,804,688
3783,48,679,376,806,605
3784,43,649,373,804,688
3784,48,676,374,805,605
3785,43,648,372,803,688
3785,48,677,374,804,605
3786,43,648,371,803,687
3786,48,682,375,804,604
3787,43,648,371,803,688
3787,48,677,373,804,605
3788,43,648,371,803,688
3788,48,676,375,804,604
3789,43,648,373,802,688
3789,48,673,380,804,604
3790,43,647,374,802,688
3790,48,670,385,803,604
3790,31,689,321,762,430
3791,43,647,373,802,688
3791,31,688,321,762,430
3791,48,672,383,803,605
3792,31,688,321,761,429
3792,43,648,376,802,687
3792,48,665,387,803,604
3793,31,688,320,761,429
3793,43,648,380,802,687
3793,48,665,391,804,604
3794,43,647,380,802,686
3794,31,688,320,761,429
3794,48,668,390,804,603
3795,43,647,375,802,687
3795,48,692,383,805,610
3796,48,692,385,805,610
3796,31,688,319,761,429
3796,43,646,378,802,686
3797,43,647,373,801,687
3797,48,695,380,804,611
3798,31,687,318,761,430
3798,48,697,380,804,609
3799,43,647,373,801,686
3799,48,698,378,803,610
3800,48,704,378,803,603
3801,48,701,373,802,603
3801,43,663,372,800,687
3802,31,686,318,762,431
3802,43,645,373,799,686
3802,48,685,376,801,603
3803,43,646,370,798,686
3803,48,678,371,800,602
3804,43,646,368,797,686
3804,48,687,370,799,602
3805,43,645,366,797,686
3805,48,680,368,799,601
3806,43,645,365,796,686
3807,43,646,364,795,686
3808,43,646,363,795,685
3809,43,648,364,796,685
3809,31,682,317,762,515
3810,43,647,365,796,685
3811,43,648,364,796,685
3811,48,694,362,797,687
3812,48,694,359,797,687
3812,43,646,363,796,684
3812,31,683,317,762,430
3813,31,682,317,762,430
3813,43,654,364,796,685
3813,48,695,365,798,608
3814,43,654,366,796,685
3814,31,682,317,761,427
3814,48,690,366,798,608
3815,31,682,317,762,428
3815,48,694,368,798,608
3815,43,686,365,796,685
3816,31,682,317,761,427
3816,48,692,368,799,608
3816,43,683,365,796,685
3817,31,682,317,761,427
3817,43,681,365,796,685
3817,48,690,370,799,608
3818,31,682,317,761,426
3818,48,685,377,797,608
3818,43,667,367,796,685
3819,31,682,317,761,426
3819,43,668,372,795,685
3820,31,681,317,761,426
3820,43,658,370,795,684
3821,31,681,317,761,425
3821,43,656,368,795,683
3821,48,679,378,796,607
3822,31,681,317,761,426
3822,43,654,368,795,683
3822,48,678,376,797,606
3823,31,681,317,760,425
3823,43,656,363,796,684
3823,48,682,368,797,606
3824,31,681,317,760,425
3824,43,653,362,795,683
3824,48,664,367,797,600
3825,31,680,317,760,425
3825,43,653,359,795,683
3825,48,664,363,797,600
3826,31,679,317,760,425
3826,43,652,363,795,683
3826,48,667,367,797,600
3827,43,652,365,795,683
3827,31,678,317,759,423
3827,48,663,369,797,600
3828,43,652,364,795,683
3828,48,660,369,797,600
3828,31,680,316,760,422
3829,48,661,367,797,599
3829,43,650,362,794,683
3829,31,680,316,760,425
3830,43,650,360,794,682
3830,48,660,364,797,600
3830,31,678,316,759,425
3831,43,649,361,793,682
3831,31,679,317,759,425
3831,48,659,371,795,600
3832,43,650,359,794,682
3832,31,679,316,759,428
3832,48,659,363,796,600
3833,43,650,359,793,682
3833,31,679,317,759,429
3833,48,660,367,795,600
3834,48,659,364,796,600
3834,43,656,351,797,680
3835,48,659,365,796,600
3835,43,656,348,797,676
3835,31,678,316,759,427
3836,43,657,348,797,672
3836,31,678,316,758,425
3836,48,664,360,793,601
3837,31,678,316,758,424
3837,48,658,366,796,599
3837,43,652,360,793,683
3838,31,678,316,757,424
3838,48,663,362,794,601
3838,43,657,357,796,679
3839,48,663,363,793,601
3839,31,678,316,758,424
3839,43,657,353,796,679
3840,48,663,363,793,600
3840,43,657,356,796,681
3840,31,677,316,757,423
3841,31,678,316,757,424
3841,48,664,362,792,601
3841,43,655,351,795,679
3842,31,677,316,757,423
3842,48,659,367,794,599
3842,43,650,362,792,682
3843,43,651,363,792,682
3843,31,677,316,757,422
3843,48,663,366,793,601
3844,31,676,316,757,422
3844,43,656,361,795,674
3845,31,677,317,756,424
3845,48,657,371,793,599
3845,43,648,361,790,681
3846,31,677,316,756,424
3846,43,648,364,790,681
3846,48,658,370,793,599
3847,31,677,316,756,424
3847,48,657,370,794,598
3847,43,649,364,791,681
3848,31,677,317,756,425
3848,43,649,365,791,681
3848,48,657,371,793,599
3849,48,657,371,794,599
3849,31,677,316,756,425
3849,43,647,366,791,681
3850,48,657,371,794,599
3850,43,646,366,791,681
3850,31,677,316,756,426
3851,31,675,316,756,428
3851,43,649,364,794,681
3851,48,663,367,792,601
3852,43,649,367,794,682
3852,48,661,367,792,601
3852,31,674,316,756,430
3853,48,661,367,791,601
3853,31,675,316,755,427
3853,43,650,359,793,674
3854,48,662,368,791,601
3854,31,674,316,755,426
3854,43,650,364,793,672
3855,31,673,316,755,426
3855,48,663,368,791,601
3855,43,647,366,793,674
3856,48,663,368,791,601
3856,31,672,316,755,427
3856,43,648,367,793,678
3857,48,663,365,791,601
3857,31,670,316,755,425
3857,43,644,367,790,680
3858,43,644,366,790,680
3858,48,663,366,791,601
3858,31,671,316,755,425
3859,43,643,365,789,680
3859,31,672,316,755,425
3859,48,662,363,791,601
3860,43,644,364,789,681
3860,31,672,316,755,426
3860,48,666,362,791,602
3861,43,644,361,788,681
3861,31,672,316,754,422
3861,48,666,371,792,604
3862,43,644,358,788,681
3862,48,667,364,792,604
3862,31,672,317,754,418
3863,31,672,317,754,416
3863,43,645,364,789,681
3863,48,665,360,791,602
3864,48,666,360,791,602
3864,31,672,317,754,415
3864,43,651,365,793,686
3865,48,664,359,792,603
3865,43,645,362,789,681
3866,48,664,359,792,603
3866,43,653,363,793,687
3867,43,653,363,793,687
3867,48,664,360,792,604
3868,48,669,359,791,605
3868,43,644,365,789,682
3869,43,644,363,789,682
3870,43,643,364,790,682
3871,43,642,362,789,682
3871,48,669,358,791,604
3872,43,643,363,789,683
3872,48,666,359,791,604
3873,48,665,360,791,604
3873,43,646,363,789,683
3874,43,644,364,789,683
3874,48,667,361,791,604
3874,31,671,319,754,415
3875,43,644,366,789,683
3875,48,670,363,791,604
3876,43,642,366,789,683
3876,48,694,368,792,606
3877,43,639,365,789,683
3877,48,698,368,792,606
3878,48,699,367,792,606
3878,43,638,363,789,683
3878,31,673,320,754,416
3879,43,638,362,789,683
3879,48,699,365,792,606
3880,43,638,364,789,684
3880,48,701,366,792,607
3880,49,688,363,793,689
3881,48,701,365,792,607
3881,43,642,360,789,684
3881,49,693,361,792,689
3882,48,700,364,792,607
3882,43,639,362,789,684
3883,43,638,364,789,684
3883,48,678,361,792,604
3884,43,639,365,788,684
3884,48,670,364,791,604
3885,43,639,366,788,684
3885,48,670,364,791,603
3886,43,637,367,789,685
3886,48,672,362,791,603
3887,48,672,362,790,603
3887,43,638,368,790,685
3888,43,640,367,790,686
3888,48,669,361,789,603
3889,43,641,367,790,687
3889,48,659,367,793,599
3890,43,641,366,790,686
3890,48,658,366,793,600
3891,48,658,366,793,600
3891,43,640,365,790,687
3892,48,658,366,793,600
3892,43,638,365,790,687
3893,43,637,364,790,687
3893,48,661,365,793,600
3894,48,660,364,793,600
3894,43,636,363,790,687
3895,43,637,362,790,686
3895,48,658,365,793,601
3896,43,636,364,790,687
3896,48,660,365,793,601
3897,43,635,365,790,687
3897,48,671,360,791,604
3898,43,635,366,789,687
3898,48,667,360,790,604
3899,43,635,365,789,687
3899,48,659,365,793,600
3900,43,636,366,789,687
3900,48,660,367,793,600
3901,43,638,367,788,687
3901,48,662,364,790,604
3902,43,638,368,788,687
3902,48,664,366,790,604
3903,43,639,368,787,687
3903,48,665,365,790,604
3904,43,638,368,788,687
3904,48,666,365,790,604
3905,43,640,368,788,687
3905,48,656,369,791,601
3906,48,656,369,791,601
3906,43,639,368,788,687
3907,48,656,368,791,601
3907,43,639,368,788,687
3908,43,638,368,787,687
3908,48,655,368,791,601
3909,48,655,367,791,601
3909,43,637,367,787,688
3910,43,638,368,787,688
3910,48,655,368,790,601
3911,43,638,368,787,687
3911,48,655,368,790,601
3912,48,655,368,790,601
3912,43,638,368,787,687
3913,48,654,369,790,601
3913,43,638,369,787,687
3914,43,638,369,787,687
3914,48,655,369,790,601
3915,43,637,369,787,687
3915,48,665,365,789,603
3916,43,638,370,787,687
3916,48,671,367,789,604
3917,43,638,370,787,687
3917,48,672,367,789,604
3918,43,641,371,786,687
3918,48,665,368,789,603
3919,43,641,370,786,687
3919,48,668,368,789,603
3920,43,641,370,786,687
3920,48,651,369,790,602
3921,48,651,368,789,602
3921,43,642,368,786,686
3922,48,651,368,789,601
3922,43,643,369,785,686
3923,43,644,370,785,686
3923,48,652,369,788,601
3924,43,649,366,787,685
3925,48,651,370,789,602
3925,43,647,366,787,684
3926,48,651,370,789,601
3926,43,646,365,787,685
3927,48,651,370,788,601
3927,43,647,364,786,685
3928,43,646,365,786,685
3928,48,650,369,788,601
3929,43,647,365,786,685
3929,48,650,368,789,600
3930,43,650,369,788,690
3931,43,644,369,785,685
3932,43,641,370,785,685
3933,43,641,370,785,685
3934,43,649,369,787,690
3935,43,648,370,786,690
3936,43,644,369,783,686
3937,43,643,368,784,686
3938,43,649,367,786,691
3939,43,643,367,783,686
3940,43,649,366,786,691
3941,43,649,366,786,691
3942,43,650,366,786,691
3943,43,650,366,786,691
3944,43,650,366,786,691
3945,43,651,365,786,691
3946,43,650,366,786,691
3947,43,650,368,787,691
3948,43,650,367,787,691
3949,43,651,365,787,691
3950,43,652,362,787,691
3951,43,650,365,788,691
3952,43,641,365,785,686
3953,43,641,366,785,686
3954,43,643,366,786,686
3955,43,641,366,786,686
3955,50,652,366,789,600
3956,50,652,365,789,601
3956,43,639,365,786,686
3957,50,653,365,789,601
3957,43,638,364,787,686
3957,51,671,320,752,424
3958,43,639,363,787,686
3958,50,653,363,790,601
3959,50,653,363,790,601
3959,43,638,363,787,685
3960,50,653,363,790,600
3960,43,638,363,787,685
3961,50,653,363,790,600
3961,43,639,363,788,686
3962,43,640,363,788,686
3962,50,654,363,791,600
3963,43,639,361,788,686
3963,50,654,361,791,601
3964,43,638,359,789,685
3964,50,663,355,789,604
3965,43,638,359,789,685
3965,50,661,356,791,603
3965,51,673,321,753,425
3966,43,638,359,789,684
3966,50,661,356,791,602
3967,43,639,361,790,684
3967,50,662,357,791,603
3967,51,673,320,753,425
3968,51,673,320,754,425
3968,43,639,360,791,685
3968,50,661,356,791,602
3969,43,640,360,791,685
3969,50,663,356,791,602
3970,50,662,355,791,602
3970,43,640,359,791,685
3970,51,675,320,754,425
3971,43,641,359,791,686
3971,50,663,355,791,603
3971,51,676,320,756,426
3972,51,675,320,755,426
3972,50,664,358,791,602
3972,43,641,362,791,686
3973,51,676,320,755,426
3973,50,664,357,791,603
3973,43,645,362,792,687
3974,51,676,319,755,426
3974,43,645,363,792,686
3974,50,664,358,791,604
3975,43,645,363,792,686
3975,50,664,358,791,604
3975,51,676,320,755,427
3976,50,663,358,790,604
3976,43,647,363,792,685
3977,43,646,364,792,685
3977,50,664,358,790,604
3977,51,676,319,756,426
3978,43,645,363,792,686
3979,43,645,362,792,685
3980,43,645,362,792,686
3981,43,645,361,792,686
3982,43,646,361,792,686
3982,51,676,319,755,424
3982,50,665,355,791,605
3983,43,647,361,793,687
3983,51,675,319,755,424
3984,43,647,361,793,686
3984,50,665,355,791,605
3984,51,676,319,755,423
3985,51,676,319,756,424
3985,43,646,361,792,686
3985,50,665,355,791,605
3986,43,647,362,793,686
3986,51,676,319,755,424
3986,50,658,363,795,601
3987,51,676,319,755,424
3987,43,647,362,793,686
3987,50,657,363,795,601
3988,50,658,362,795,600
3988,51,676,319,755,424
3988,43,646,361,793,686
3989,51,677,319,755,423
3989,50,657,363,795,600
3989,43,648,362,793,686
3990,43,649,361,792,686
3990,51,676,320,755,423
3991,51,676,320,755,423
3991,43,648,360,793,685
3991,50,657,361,795,600
3992,43,648,361,793,686
3992,51,676,320,755,424
3993,51,676,320,755,424
3993,43,647,361,793,685
3994,51,676,320,755,424
3994,43,646,363,793,685
3995,51,675,320,755,424
3995,43,644,364,793,685
3996,51,676,320,755,424
3996,43,644,364,793,685
3997,51,676,320,755,424
3997,43,645,363,793,685
3998,51,676,320,755,424
3998,43,644,362,793,685
3999,43,645,362,793,685
4000,43,645,362,793,685
4001,43,644,361,793,684
4002,43,646,360,793,685
4003,50,657,361,795,600
4003,43,646,360,793,685
4004,50,657,361,795,600
4004,43,647,360,793,685
4004,51,676,321,755,424
4005,43,648,361,793,685
4005,51,676,321,754,424
4005,50,658,361,795,600
4006,51,676,321,754,424
4006,43,648,359,793,686
4006,50,658,360,795,601
4007,43,651,362,792,685
4008,43,652,361,792,685
4009,43,652,361,792,686
4010,43,653,361,792,686
4011,43,652,361,792,686
4012,43,652,361,792,685
4013,43,653,361,792,685
4014,43,652,362,792,685
4015,43,652,363,792,684
4016,43,652,363,793,684
4017,43,652,362,793,683
4018,43,651,362,793,683
4019,43,651,363,793,683
4020,43,651,364,793,683
4021,43,656,364,795,686
4022,43,655,363,795,686
4023,43,655,363,795,685
4024,43,650,362,793,683
4025,43,654,362,795,686
4026,43,648,361,793,683
4027,43,646,360,793,682
4027,52,674,320,755,426
4028,52,674,320,755,426
4028,43,643,359,792,682
4029,43,642,358,792,682
4030,43,643,360,792,682
4031,43,641,359,792,682
4032,43,640,359,792,681
4032,52,674,320,755,427
4033,43,641,360,792,682
4033,52,674,320,755,427
4034,43,641,361,792,681
4035,43,641,361,792,682
4036,43,641,361,792,681
4037,43,640,360,792,681
4038,43,640,359,792,682
4039,43,641,360,792,681
4040,43,640,361,792,682
4041,43,639,361,792,682
4041,53,655,361,793,599
4042,43,639,362,792,682
4043,53,655,362,793,599
4043,43,638,362,791,682
4044,43,638,363,791,682
4044,53,656,363,793,599
4044,52,673,321,754,518
4045,52,673,321,754,519
4045,53,655,363,793,599
4045,43,638,363,791,682
4046,53,655,363,794,599
4046,43,638,363,792,682
4047,43,638,363,792,683
4047,53,655,363,794,600
4047,52,673,322,755,519
4048,43,639,362,792,683
4048,53,655,362,794,600
4049,43,639,362,792,683
4049,53,667,363,793,605
4049,52,672,322,755,428
4050,43,638,362,792,683
4051,43,638,362,792,683
4051,52,671,322,756,519
4052,52,671,322,756,519
4052,43,637,363,791,683
4052,53,655,362,793,600
4053,52,671,322,756,519
4053,43,638,364,791,683
4053,53,677,365,792,605
4054,52,670,322,756,519
4054,43,638,363,790,684
4054,53,679,363,792,605
4055,52,670,322,755,518
4055,53,675,362,791,605
4055,43,643,362,788,684
4056,52,670,323,755,518
4056,43,641,363,788,685
4056,53,658,362,791,600
4057,43,641,362,788,685
4057,52,670,323,755,518
4057,53,657,361,791,600
4058,43,640,363,788,685
4058,53,655,362,791,600
4058,52,669,323,755,518
4059,53,656,362,791,601
4059,43,639,363,788,685
4059,52,670,324,755,518
4060,52,669,324,755,519
4060,53,655,364,791,602
4060,43,643,364,788,685
4061,43,643,364,787,685
4061,52,669,324,755,519
4061,53,661,363,791,602
4062,53,661,363,791,602
4062,43,643,363,788,686
4062,52,669,325,755,519
4063,52,669,325,755,519
4063,43,644,362,788,686
4063,53,653,363,791,602
4064,52,670,325,755,519
4064,53,652,362,791,601
4064,43,645,361,788,686
4065,53,653,362,791,601
4065,52,669,325,755,519
4065,43,645,362,788,686
4066,52,670,325,755,519
4066,53,653,362,791,601
4066,43,648,363,787,686
4067,52,669,324,755,519
4067,43,647,362,788,686
4067,53,652,363,791,601
4068,53,652,362,791,601
4068,43,648,361,788,686
4068,52,669,324,755,518
4069,53,652,365,791,601
4069,43,647,362,788,686
4070,53,653,365,791,601
4070,43,648,362,788,687
4071,53,654,365,792,602
4071,43,646,359,790,687
4072,43,644,354,789,688
4072,53,655,354,791,602
4073,43,641,348,789,687
4073,53,657,340,790,602
4074,43,639,347,791,688
4074,53,661,324,790,601
4075,52,670,325,755,521
4075,43,637,355,792,688
4076,43,638,350,793,688
4077,43,639,355,794,688
4077,53,657,336,794,601
4078,43,640,364,796,688
4078,53,656,364,796,601
4079,43,637,369,799,688
4079,53,658,343,798,601
4080,43,649,394,801,686
4080,53,656,394,801,601
4080,52,671,325,755,432
4081,53,656,397,802,601
4081,43,651,395,802,687
4081,52,672,325,754,427
4082,43,649,397,803,686
4082,53,660,399,803,600
4082,52,671,325,755,435
4083,43,650,399,806,686
4083,53,663,400,805,600
4083,52,671,325,754,448
4084,53,667,400,805,600
4084,43,655,400,806,686
4084,52,671,324,754,436
4085,52,671,324,754,438
4085,53,673,401,806,600
4085,43,668,400,807,686
4086,52,671,324,754,439
4086,53,678,401,806,601
4086,43,678,401,807,686
4087,52,671,325,754,430
4087,43,653,400,807,689
4088,52,671,325,754,431
4088,43,643,400,808,688
4089,53,671,324,804,569
4090,43,681,410,808,686
4090,52,671,324,756,470
4090,53,677,411,808,602
4091,43,680,411,808,686
4091,53,675,412,808,602
4091,52,671,324,758,496
4092,53,677,413,808,600
4092,43,677,411,809,687
4092,52,671,324,755,431
4093,52,671,324,755,434
4093,53,672,413,808,599
4093,43,672,413,809,687
4094,43,671,415,809,687
4094,53,671,414,808,598
4094,52,671,324,754,436
4095,43,671,416,809,687
4095,53,672,415,808,598
4095,52,671,324,754,439
4096,43,671,416,809,687
4096,53,671,414,808,600
4096,52,670,324,754,443
4097,43,671,415,810,687
4097,53,671,414,809,600
4097,52,671,324,754,440
4098,43,671,413,809,687
4098,53,671,413,808,599
4098,52,671,324,755,438
4099,43,671,413,809,686
4099,53,672,412,808,600
4099,52,671,324,754,435
4100,43,671,411,809,687
4100,53,672,411,807,600
4100,52,671,324,755,432
4101,43,672,409,808,687
4101,53,672,409,807,600
4101,52,672,324,755,431
4102,43,671,408,807,687
4102,53,671,407,806,598
4102,52,673,324,755,441
4103,43,672,407,806,687
4103,53,672,406,805,598
4103,52,674,324,756,435
4104,43,673,405,806,687
4104,53,673,405,805,596
4104,52,674,325,756,432
4105,43,673,406,805,687
4105,53,673,405,804,595
4105,52,674,325,758,432
4106,43,671,406,804,687
4106,53,671,406,803,594
4106,52,672,325,759,435
4107,43,670,406,803,688
4107,52,673,325,759,438
4108,43,667,405,802,688
4108,52,671,326,761,432
4109,52,671,326,761,432
4109,43,665,406,801,688
4110,43,663,408,800,688
4110,52,666,326,761,428
4111,43,662,408,799,688
4111,52,664,326,761,425
4112,43,662,407,798,688
4112,52,665,326,761,424
4112,53,663,407,798,597
4113,43,661,406,796,688
4113,52,665,326,762,424
4113,53,662,406,796,598
4114,43,661,402,796,688
4114,52,665,327,761,427
4114,53,661,404,795,599
4115,43,659,402,794,688
4115,53,660,404,794,600
4115,52,663,327,761,428
4116,43,658,399,793,689
4116,53,658,402,793,601
4116,52,660,327,761,428
4117,43,657,399,793,687
4117,53,658,401,793,603
4117,52,658,326,760,428
4118,53,657,400,792,603
4118,43,656,398,792,688
4118,52,655,326,760,428
4119,53,655,402,791,602
4119,43,654,401,791,688
4119,52,653,326,760,427
4120,43,653,402,790,688
4120,53,655,403,790,605
4120,52,654,326,759,428
4121,43,653,400,790,688
4121,52,652,326,759,430
4122,43,653,403,789,688
4122,52,653,326,758,431
4123,43,653,404,789,687
4123,52,652,326,756,431
4124,43,653,402,788,690
4124,53,654,404,789,607
4124,52,646,327,755,430
4125,53,655,404,789,607
4125,43,654,401,788,690
4125,52,635,327,752,460
4125,54,626,327,753,513
4126,53,655,406,789,607
4126,43,654,404,788,690
4126,54,633,327,752,494
4126,52,639,328,751,434
4127,53,656,406,790,608
4127,43,654,407,789,691
4127,52,641,327,751,425
4128,53,657,406,789,608
4128,43,656,407,789,691
4128,52,638,327,749,430
4129,43,657,408,789,691
4129,53,658,406,789,607
4129,52,638,327,746,438
4130,43,657,405,789,691
4130,53,659,406,790,608
4130,52,634,328,744,450
4130,54,624,328,746,512
4131,43,658,404,790,691
4131,53,659,405,791,606
4131,52,635,329,742,445
4131,54,620,329,743,523
4132,43,659,404,791,690
4132,53,660,403,792,605
4132,54,610,330,738,525
4133,43,660,404,792,690
4133,53,659,403,793,604
4133,54,608,330,737,529
4134,53,658,404,793,601
4134,54,612,332,735,530
4135,53,659,405,793,600
4135,43,660,405,793,689
4135,54,614,333,732,532
4136,53,659,404,793,600
4136,54,614,334,729,533
4137,53,659,404,793,600
4137,54,614,335,727,532
4138,53,659,405,793,599
4138,43,661,404,793,687
4138,54,610,336,724,536
4139,53,659,405,793,599
4139,43,661,405,793,687
4139,54,608,338,721,536
4140,53,660,405,793,599
4140,43,661,405,793,683
4140,54,602,337,720,536
4141,53,659,405,793,599
4141,43,661,405,793,683
4141,54,599,337,719,536
4142,53,659,405,793,599
4142,54,596,336,718,537
4143,53,661,404,793,599
4143,54,595,337,717,537
4144,53,661,404,792,600
4144,54,595,336,717,538
4145,53,661,404,792,600
4145,54,595,334,715,537
4146,53,661,404,792,599
4146,54,596,332,713,537
4147,53,661,403,792,599
4147,54,597,332,707,536
4148,53,661,403,792,599
4148,54,597,332,704,536
4149,53,661,403,792,599
4149,54,597,330,701,536
4150,53,661,403,792,599
4150,54,596,329,698,535
4151,53,660,403,792,598
4151,54,596,328,705,535
4152,53,660,403,792,598
4152,54,596,327,711,535
4153,53,660,403,792,598
4153,54,596,327,716,534
4154,54,596,328,716,534
4154,53,660,403,792,598
4155,53,660,403,791,598
4155,54,595,329,716,534
4156,53,660,403,791,597
4156,54,595,330,717,534
4157,53,660,402,791,597
4157,54,594,330,717,534
4158,53,660,402,791,599
4158,54,593,332,717,536
4159,53,660,402,792,599
4159,54,593,332,716,536
4160,53,660,402,792,598
4160,54,592,333,716,535
4161,54,592,333,716,535
4161,53,659,404,791,597
4162,53,659,404,791,597
4162,54,590,334,715,534
4163,53,659,403,791,597
4163,54,590,335,716,534
4164,53,659,403,791,596
4164,54,589,336,716,534
4165,53,659,403,792,597
4165,54,588,336,716,535
4166,53,660,403,792,596
4166,54,587,336,715,535
4167,53,660,403,792,596
4167,54,587,336,715,535
4168,53,660,403,792,596
4168,54,587,337,716,535
4169,53,659,402,792,596
4169,54,586,338,716,534
4170,53,659,402,792,597
4170,54,586,338,716,533
4171,53,659,402,792,597
4171,54,586,339,716,533
4172,53,660,402,792,596
4172,54,585,339,716,533
4173,53,660,402,792,596
4173,54,584,339,715,533
4174,53,660,402,792,596
4174,54,584,339,715,533
4175,53,660,402,792,596
4175,54,582,339,714,533
4176,53,660,402,792,596
4176,54,582,340,711,532
4177,53,660,403,792,597
4177,54,581,340,707,532
4178,53,660,402,792,596
4178,54,581,340,704,532
4179,53,661,403,792,596
4179,54,582,341,698,533
4180,53,661,403,792,596
4180,54,581,341,691,534
4181,53,661,403,792,596
4181,54,581,341,687,535
4182,53,661,403,792,596
4182,54,581,341,686,535
4183,53,660,403,792,596
4183,54,581,342,686,534
4184,53,660,403,792,596
4184,54,581,342,685,534
4185,53,660,403,792,596
4185,54,581,343,686,534
4186,53,661,403,792,596
4186,54,581,343,686,533
4187,53,661,403,792,596
4187,54,582,345,686,534
4188,53,661,403,792,596
4188,54,582,344,682,533
4189,53,660,403,792,596
4189,54,582,345,681,533
4190,53,660,403,791,596
4190,54,582,345,679,533
4191,53,660,403,791,596
4191,54,582,345,677,533
4192,53,659,403,791,596
4192,54,582,345,676,533
4193,53,660,403,791,596
4193,54,583,346,674,533
4194,53,660,404,791,596
4194,54,583,346,674,532
4195,53,660,404,791,595
4195,54,583,346,674,529
4196,53,660,404,791,595
4196,54,583,347,674,530
4197,53,660,404,791,595
4197,54,583,348,675,530
4198,53,660,404,791,595
4198,54,583,348,675,530
4199,53,661,404,791,596
4199,54,583,349,674,531
4200,53,660,404,791,595
4200,54,584,350,675,531
4201,53,661,404,791,595
4201,54,585,351,676,531
4202,53,660,404,791,595
4202,54,585,351,678,531
4203,53,660,404,791,595
4203,54,585,352,678,531
4204,53,660,403,791,594
4204,54,586,352,678,531
4205,53,660,403,791,594
4205,54,586,352,678,532
4206,53,661,402,791,594
4206,54,586,353,679,532
4207,53,661,403,791,594
4207,54,585,353,680,531
4207,55,585,353,680,462
4208,53,661,403,790,593
4208,54,581,353,680,531
4208,55,581,353,680,460
4209,53,661,403,790,593
4209,54,577,354,680,531
4209,55,577,354,680,459
4210,53,661,404,790,593
4210,54,576,354,680,531
4210,55,576,354,680,461
4211,53,661,404,790,593
4211,55,574,354,680,460
4211,54,573,354,680,531
4212,53,661,404,790,593
4212,54,573,354,680,531
4212,55,574,354,680,461
4213,53,661,404,791,593
4213,54,572,354,680,531
4213,55,574,354,680,460
4214,53,661,404,790,593
4214,54,572,354,680,531
4214,55,573,354,680,459
4215,53,661,404,790,593
4215,54,573,354,680,531
4215,55,573,355,681,457
4216,53,661,404,790,593
4216,54,572,355,680,531
4216,55,572,355,680,456
4217,53,661,404,790,593
4217,54,573,355,680,531
4217,55,573,355,680,455
4218,53,661,404,790,593
4218,54,574,355,680,531
4218,55,574,355,681,464
4219,53,661,404,790,593
4219,54,579,356,680,531
4219,55,578,356,681,459
4220,53,661,403,790,593
4220,54,575,355,681,531
4220,55,575,356,681,471
4221,53,661,404,790,593
4221,54,574,356,681,530
4221,55,575,356,681,456
4222,53,661,403,790,592
4222,54,574,356,681,530
4222,55,575,356,682,455
4223,53,661,403,790,592
4223,54,565,356,681,530
4223,55,567,356,682,458
4224,53,661,403,791,592
4224,54,564,356,681,530
4224,55,566,356,681,459
4225,53,661,403,791,592
4225,54,565,356,681,530
4225,55,566,356,682,460
4226,53,661,403,791,591
4226,54,565,356,681,530
4227,53,661,403,791,591
4227,54,567,356,684,531
4228,53,661,403,791,591
4228,54,569,357,683,531
4229,53,661,402,790,591
4229,54,568,356,680,531
4230,53,661,402,791,592
4230,54,568,357,680,530
4231,53,661,402,791,592
4231,54,567,357,682,530
4232,53,661,402,791,592
4232,54,567,358,681,530
4233,53,661,402,791,592
4233,54,569,357,681,530
4234,53,661,402,791,592
4234,54,571,357,680,530
4235,53,661,401,791,592
4235,54,573,357,680,530
4236,53,661,402,791,591
4236,54,575,357,680,530
4237,53,661,402,791,592
4237,54,573,357,680,530
4238,53,661,402,791,592
4238,54,574,357,679,530
4239,53,661,402,790,592
4239,54,572,357,680,530
4240,53,661,402,791,592
4240,54,574,357,680,530
4241,54,574,357,680,530
4241,53,661,402,790,593
4242,53,661,403,791,593
4242,54,574,357,679,531
4243,53,662,403,791,593
4243,54,570,358,680,532
4244,53,662,403,791,593
4244,54,577,358,680,531
4245,53,661,403,791,593
4245,54,575,357,679,531
4246,53,661,403,791,593
4246,54,574,357,679,531
4247,53,662,403,791,592
4247,54,573,357,680,531
4248,53,661,403,791,592
4248,54,571,358,679,531
4249,54,572,358,679,531
4249,53,662,402,791,592
4250,53,661,401,790,593
4250,54,576,357,680,530
4251,54,575,358,679,530
4251,53,661,400,790,593
4252,53,661,400,790,593
4252,54,573,358,679,530
4253,53,661,399,790,593
4253,54,574,358,680,530
4254,53,661,399,790,593
4254,54,575,358,680,530
4255,53,661,399,790,594
4255,54,573,358,680,531
4256,53,660,400,790,594
4256,54,577,358,680,531
4257,53,660,400,790,594
4257,54,572,358,679,531
4258,53,660,400,790,594
4258,54,574,358,679,530
4259,53,660,399,790,594
4259,54,571,358,679,530
4260,53,660,399,790,594
4260,54,571,358,680,531
4261,53,660,400,790,594
4261,54,572,358,680,531
4262,53,660,400,790,594
4262,54,568,358,680,531
4263,53,660,399,790,594
4263,54,569,358,680,530
4264,53,659,400,790,594
4264,54,569,358,679,530
4265,53,659,400,790,593
4265,54,572,358,679,530
4266,53,659,400,790,594
4266,54,571,358,680,531
4267,54,571,358,680,531
4267,53,659,400,790,593
4268,53,659,399,790,593
4268,54,569,358,680,531
4269,53,659,399,789,593
4269,54,565,359,680,530
4270,53,659,399,789,593
4270,54,564,359,680,530
4271,53,659,399,789,592
4271,54,565,358,679,530
4272,53,659,398,789,593
4272,54,572,358,680,530
4273,53,659,398,789,592
4273,54,575,358,680,530
4274,53,658,399,789,592
4274,54,574,358,680,530
4275,53,658,399,789,593
4275,54,575,358,680,530
4276,53,658,399,789,593
4276,54,573,358,679,530
4277,53,658,399,788,592
4277,54,572,358,680,530
4278,53,658,399,788,592
4278,54,571,359,679,530
4279,53,658,399,788,592
4279,54,575,359,679,530
4280,53,658,399,788,591
4280,54,577,359,679,530
4281,54,578,359,679,530
4281,53,658,399,787,592
4282,53,657,398,787,592
4282,54,578,359,680,530
4283,54,578,358,679,530
4283,53,657,399,787,592
4284,53,657,399,786,592
4284,54,575,359,679,530
4285,53,656,399,786,592
4285,54,578,359,679,530
4286,53,656,399,786,592
4286,54,578,359,679,530
4287,53,656,399,786,592
4287,54,581,359,679,530
4288,53,656,399,786,592
4288,54,579,359,678,530
4289,53,655,399,786,592
4289,54,580,359,678,529
4290,53,656,399,786,592
4290,54,580,359,678,530
4291,53,656,399,786,592
4291,54,581,360,678,530
4292,53,656,399,786,592
4292,54,584,360,678,530
4293,53,656,399,786,592
4293,54,584,360,678,530
4294,53,655,399,786,592
4294,54,584,360,678,530
4295,53,656,398,786,592
4295,54,584,361,677,530
4296,53,656,398,786,592
4296,54,584,362,677,530
4297,53,656,398,786,592
4297,54,584,361,677,530
4298,53,656,398,786,592
4298,54,583,362,676,530
4299,53,656,398,786,592
4299,54,583,362,676,530
4300,53,655,398,786,592
4300,54,585,362,676,530
4301,53,656,398,786,592
4301,54,586,362,676,529
4302,53,656,398,786,593
4302,54,587,362,676,530
4303,53,656,398,786,593
4303,54,586,362,676,530
4304,53,656,398,786,593
4304,54,585,362,676,530
4305,53,656,398,786,593
4305,54,583,361,676,530
4306,53,656,398,786,593
4306,54,585,362,676,530
4307,53,657,398,786,593
4307,54,585,361,676,529
4308,53,657,398,786,593
4308,54,582,361,676,529
4309,53,657,398,786,593
4309,54,584,361,676,530
4310,53,657,398,786,593
4310,54,585,361,676,530
4311,53,657,398,786,593
4311,54,581,361,676,530
4312,53,657,399,786,593
4312,54,577,362,676,530
4313,53,657,399,786,593
4313,54,577,362,676,530
4314,53,657,399,786,593
4314,54,574,362,676,530
4315,53,657,399,786,593
4315,54,581,362,676,530
4316,53,657,399,786,593
4316,54,583,362,676,530
4317,53,657,399,786,593
4317,54,585,363,676,530
4318,53,656,399,786,593
4318,54,586,363,676,530
4319,53,656,400,786,593
4319,54,584,363,676,530
4320,53,656,401,786,594
4320,54,582,363,676,530
4321,53,656,402,786,594
4321,54,585,363,676,530
4322,53,657,402,786,594
4322,54,586,363,676,530
4323,53,656,403,786,594
4323,54,585,364,676,530
4324,53,657,403,786,594
4324,54,585,364,676,530
4325,53,657,403,786,594
4325,54,584,364,676,530
4326,54,584,364,676,530
4326,53,656,404,786,594
4327,53,656,404,786,594
4327,54,585,364,676,530
4328,53,656,404,786,594
4328,54,585,364,676,530
4329,53,656,403,786,594
4329,54,585,364,676,531
4330,53,656,404,786,595
4330,54,584,364,676,532
4331,53,655,404,786,594
4331,54,585,364,676,531
4332,54,585,364,675,531
4332,53,655,404,786,595
4333,53,655,405,786,595
4333,54,582,365,675,531
4334,53,655,405,786,595
4334,54,581,364,675,531
4335,53,655,405,786,595
4335,54,580,365,675,531
4336,53,655,405,786,595
4336,54,582,364,675,531
4337,54,583,364,675,531
4337,53,656,406,785,594
4338,53,656,406,785,594
4338,54,583,364,675,531
4339,53,656,406,785,594
4339,54,583,365,675,531
4340,53,656,406,785,594
4340,54,584,365,674,531
4341,54,584,364,674,531
4341,53,656,406,785,594
4342,53,656,407,785,595
4342,54,581,365,674,533
4343,53,656,407,785,594
4343,54,580,365,675,532
4344,53,656,407,785,594
4344,54,580,365,674,533
4345,53,656,407,785,594
4345,54,579,365,674,533
4346,53,656,407,785,594
4346,54,581,365,674,533
4347,53,656,407,785,594
4347,54,584,365,674,533
4348,53,656,407,785,594
4348,54,584,366,674,533
4349,53,656,407,785,594
4349,54,584,366,674,533
4350,53,656,407,785,594
4350,54,584,366,674,533
4351,53,655,407,785,594
4351,54,584,366,674,533
4352,53,655,407,785,594
4352,54,583,366,674,533
4353,53,655,407,785,594
4353,54,582,366,674,534
4354,53,655,408,785,595
4354,54,579,366,674,534
4355,53,655,407,785,595
4355,54,577,366,674,534
4356,53,655,408,785,595
4356,54,577,366,674,534
4357,54,577,366,674,534
4357,53,655,408,785,595
4358,53,655,408,785,594
4358,54,578,366,674,534
4359,53,655,408,785,595
4359,54,581,366,674,534
4360,53,655,408,785,595
4360,54,583,366,673,533
4361,54,584,366,673,533
4361,53,655,408,785,595
4362,53,655,408,785,595
4362,54,584,365,673,533
4363,53,655,408,785,595
4363,54,582,365,673,534
4364,53,655,408,785,595
4364,54,580,365,673,535
4365,53,655,408,785,595
4365,54,576,366,674,534
4366,54,575,366,674,534
4366,53,654,408,785,597
4367,54,575,366,674,535
4367,53,655,408,784,595
4368,53,654,408,785,595
4368,54,574,366,675,536
4369,53,654,408,785,595
4369,54,575,367,675,536
4370,53,654,408,785,596
4370,54,579,366,675,537
4371,53,655,408,785,595
4371,54,581,366,674,536
4372,53,655,408,785,596
4372,54,583,366,675,536
4373,53,655,408,785,596
4373,54,583,366,674,536
4374,53,655,408,785,595
4374,54,584,366,675,536
4375,53,655,409,785,595
4375,54,584,367,675,536
4376,53,655,409,785,595
4376,54,582,367,675,536
4377,53,655,409,785,595
4377,54,581,367,676,536
4378,53,655,409,785,596
4378,54,580,368,676,536
4379,53,655,409,786,595
4379,54,579,367,676,536
4380,53,655,409,785,595
4380,54,580,368,675,536
4381,53,655,409,785,595
4381,54,581,367,674,536
4382,53,654,409,785,596
4382,54,582,367,675,536
4383,53,654,408,785,596
4383,54,582,367,675,536
4384,53,655,409,785,596
4384,54,583,368,674,535
4385,53,655,409,785,596
4385,54,579,368,674,536
4386,53,655,409,785,596
4386,54,578,368,674,535
4387,53,655,410,786,596
4387,54,573,369,674,536
4388,53,654,410,786,596
4388,54,574,369,674,536
4389,53,654,410,786,596
4389,54,578,369,674,536
4390,53,654,410,786,596
4390,54,577,369,674,536
4391,53,654,410,786,596
4391,54,571,370,674,536
4392,53,654,410,786,596
4392,54,575,370,674,536
4393,53,654,410,786,596
4393,54,580,370,674,535
4394,53,654,411,786,596
4394,54,576,370,674,536
4395,53,654,411,786,596
4395,54,570,370,674,536
4396,53,654,411,786,596
4396,54,565,370,674,535
4397,53,654,411,786,596
4397,54,571,370,674,536
4398,53,654,411,786,596
4398,54,576,369,674,535
4399,53,654,411,786,596
4399,54,576,370,674,535
4400,53,654,411,786,597
4400,54,580,370,674,535
4401,53,654,411,786,597
4401,54,583,370,674,535
4402,53,655,411,786,596
4402,54,584,369,674,535
4403,53,655,411,786,596
4403,54,583,369,674,535
4404,53,654,411,786,597
4404,54,582,369,674,535
4405,53,654,411,786,597
4405,54,579,369,674,536
4406,53,654,411,785,597
4406,54,569,369,674,535
4407,53,654,411,785,596
4407,54,572,368,674,536
4408,53,654,411,785,596
4408,54,566,369,673,535
4409,53,654,411,785,596
4409,54,573,369,673,536
4410,53,654,411,785,596
4410,54,582,368,674,535
4411,53,653,411,785,596
4411,54,584,368,674,535
4412,53,653,411,784,596
4412,54,582,368,674,536
4413,53,653,411,784,596
4413,54,581,367,674,536
4414,53,653,411,784,596
4414,54,567,368,674,536
4415,53,653,411,784,596
4415,54,566,368,674,536
4416,53,653,411,784,596
4416,54,564,367,674,535
4417,53,653,410,784,596
4417,54,565,367,674,535
4418,53,653,411,784,596
4418,54,564,368,674,535
4419,53,653,411,784,596
4419,54,566,368,675,535
4420,53,653,411,784,596
4420,54,577,367,677,534
4421,53,653,411,784,596
4421,54,579,367,677,534
4422,53,653,411,784,596
4422,54,580,367,677,534
4423,53,653,411,784,596
4423,54,579,367,678,534
4424,53,653,412,784,596
4424,54,566,367,680,534
4425,53,653,412,784,596
4425,54,579,367,680,534
4426,53,654,412,784,596
4426,54,576,367,679,534
4427,53,654,412,784,596
4427,54,576,366,679,534
4428,53,653,412,784,596
4428,54,576,367,680,535
4429,53,653,412,784,596
4429,54,578,367,680,534
4430,53,653,412,784,596
4430,54,580,367,680,534
4431,53,654,412,784,596
4431,54,584,367,680,534
4432,53,654,412,784,596
4432,54,583,367,680,534
4433,53,654,412,784,596
4433,54,585,367,680,535
4434,53,653,412,784,596
4434,54,584,367,680,535
4435,53,654,412,785,596
4435,54,586,367,680,534
4436,53,654,412,785,596
4436,54,585,366,679,534
4437,53,654,412,785,596
4437,54,586,366,679,534
4438,53,654,412,785,596
4438,54,586,366,679,534
4439,53,654,412,785,596
4439,54,582,366,680,534
4440,53,654,412,785,596
4440,54,585,366,680,534
4441,53,654,412,785,596
4441,54,582,366,680,533
4442,53,654,412,786,596
4442,54,583,366,679,533
4443,53,654,412,786,596
4443,54,585,366,679,534
4444,53,654,412,786,596
4444,54,589,365,680,534
4445,53,654,412,786,596
4445,54,588,365,680,533
4446,53,654,412,786,595
4446,54,590,365,681,533
4447,53,654,412,786,595
4447,54,590,365,681,533
4448,53,654,412,786,595
4448,54,590,365,680,533
4449,53,654,412,786,595
4449,54,591,365,680,533
4450,53,655,412,786,595
4450,54,592,365,679,533
4451,53,656,412,787,595
4451,54,593,365,680,533
4452,54,593,365,680,533
4452,53,657,413,788,595
4453,53,657,413,788,595
4453,54,592,364,680,533
4454,53,657,413,788,595
4454,54,586,365,680,534
4455,53,657,413,788,595
4455,54,587,365,680,534
4456,53,657,413,788,595
4456,54,582,366,680,534
4457,53,657,413,787,595
4457,54,580,366,680,533
4458,53,657,413,787,595
4458,54,581,365,681,535
4459,53,657,414,787,595
4459,54,588,365,681,535
4460,53,657,413,787,595
4460,54,591,365,680,535
4461,53,657,414,787,595
4461,54,591,365,680,536
4462,53,657,414,787,595
4462,54,591,365,680,536
4463,53,656,414,787,595
4463,54,590,365,680,536
4464,53,656,413,787,595
4464,54,587,365,680,537
4465,53,656,413,786,595
4465,54,584,365,680,537
4466,53,656,413,786,595
4466,54,578,365,680,537
4467,53,656,413,786,595
4467,54,577,366,680,537
4468,53,656,414,786,595
4468,54,578,366,680,537
4469,53,656,414,786,595
4469,54,579,366,680,537
4470,53,657,414,786,596
4470,54,580,366,681,537
4471,53,657,415,786,596
4471,54,585,366,680,537
4472,53,656,414,786,595
4472,54,586,366,680,537
4473,53,656,415,786,596
4473,54,586,366,680,537
4474,53,656,415,786,596
4474,54,585,367,680,536
4475,53,655,414,786,596
4475,54,579,367,680,537
4476,53,655,414,786,597
4476,54,578,367,680,537
4477,54,578,367,680,538
4477,53,655,415,786,597
4478,53,656,415,786,597
4478,54,579,367,680,538
4479,53,656,416,786,597
4479,54,584,368,680,539
4480,53,656,416,786,597
4480,54,585,368,682,539
4481,53,657,417,786,597
4481,54,586,368,681,539
4482,53,657,417,786,597
4482,54,589,368,681,540
4483,53,657,417,786,598
4483,54,588,368,681,539
4484,53,658,417,786,598
4484,54,586,368,681,540
4485,53,658,417,786,598
4485,54,582,368,681,540
4486,53,658,418,786,598
4486,54,579,368,682,540
4487,53,658,418,787,599
4487,54,581,368,682,540
4488,53,658,418,788,599
4488,54,582,368,681,540
4489,53,659,418,789,599
4489,54,583,369,681,540
4490,53,659,418,789,600
4490,54,588,369,682,540
4491,53,659,419,789,600
4491,54,590,369,682,540
4492,53,659,419,790,600
4492,54,590,369,683,540
4493,53,659,419,790,600
4493,54,588,369,683,540
4494,53,659,419,790,600
4494,54,583,369,684,540
4495,54,583,369,684,540
4495,53,659,419,790,601
4496,53,659,419,791,601
4496,54,583,369,684,540
4497,53,660,419,791,601
4497,54,583,370,684,540
4498,53,660,419,791,601
4498,54,583,370,684,541
4499,53,660,419,791,601
4499,54,583,370,684,540
4500,53,661,419,791,601
4500,54,591,370,684,540
4501,53,661,419,791,601
4501,54,592,370,685,540
4502,53,661,418,791,601
4502,54,590,370,685,540
4503,53,661,418,791,601
4503,54,582,370,685,540
4504,53,661,418,791,601
4504,54,582,370,685,540
4505,53,662,418,792,600
4505,54,583,370,685,539
4506,53,662,418,792,600
4506,54,582,371,686,539
4507,53,663,418,792,600
4507,54,584,371,686,539
4508,53,661,418,792,600
4508,54,582,371,688,539
4509,53,661,418,793,600
4509,54,581,371,688,539
4510,53,662,418,793,599
4510,54,583,371,688,539
4511,53,662,418,794,599
4511,54,585,370,688,539
4512,53,662,418,794,599
4512,54,584,370,687,539
4513,53,663,417,795,600
4513,54,585,371,687,539
4514,53,663,417,795,600
4514,54,585,370,687,539
4515,53,663,417,796,600
4515,54,588,371,688,539
4516,53,663,417,796,600
4516,54,588,371,688,539
4517,53,663,417,796,600
4517,54,584,370,687,539
4518,53,664,417,796,601
4518,54,588,371,688,539
4519,53,664,417,796,601
4519,54,586,370,688,539
4520,53,664,417,797,602
4520,54,596,370,688,539
4521,53,664,417,797,602
4521,54,595,370,688,539
4522,53,664,417,797,602
4522,54,593,370,689,540
4523,53,664,417,797,602
4523,54,589,371,689,540
4524,53,665,417,797,603
4524,54,587,371,689,540
4525,53,665,417,797,603
4525,54,590,371,690,539
4526,53,665,417,797,603
4526,54,591,371,690,539
4527,53,665,417,797,603
4527,54,590,371,690,540
4528,53,665,417,797,603
4528,54,589,371,690,541
4529,53,666,418,798,603
4529,54,593,371,693,541
4530,53,666,417,798,603
4530,54,601,372,693,542
4531,53,667,418,798,602
4531,54,602,372,694,542
4532,53,666,417,798,603
4532,54,601,371,693,542
4533,53,666,417,798,603
4533,54,601,372,694,542
4534,53,666,417,798,603
4534,54,595,372,693,542
4535,53,666,417,798,603
4535,54,599,372,694,542
4536,53,666,417,798,603
4536,54,598,372,694,542
4537,53,666,417,798,603
4537,54,596,372,696,541
4538,53,666,417,798,604
4538,54,598,372,696,542
4539,53,667,418,799,603
4539,54,598,372,697,542
4540,53,666,417,798,604
4540,54,593,372,697,542
4541,54,594,372,697,542
4541,53,667,418,799,603
4542,53,666,418,798,603
4542,54,596,372,695,542
4543,53,667,418,799,603
4543,54,592,372,698,542
4544,53,667,418,799,603
4544,54,594,372,698,542
4545,53,668,418,799,603
4545,54,590,373,699,542
4546,53,667,418,799,603
4546,54,590,373,699,541
4547,54,590,373,699,541
4547,53,667,418,799,603
4548,53,668,418,799,603
4548,54,590,373,700,541
4549,54,590,373,700,541
4549,53,668,418,799,603
4550,53,668,418,799,603
4550,54,592,373,698,541
4551,53,668,418,799,603
4551,54,591,373,698,541
4552,53,668,418,800,603
4552,54,590,373,698,541
4553,53,667,417,799,604
4553,54,595,372,698,541
4554,53,667,417,799,604
4554,54,596,373,697,541
4555,53,667,417,799,604
4555,54,596,373,697,541
4556,53,666,417,799,604
4556,54,588,373,695,541
4557,53,666,417,799,604
4557,54,594,373,696,541
4558,53,666,417,799,604
4558,54,592,373,697,540
4559,53,668,417,799,603
4559,54,591,373,697,541
4560,53,668,417,799,603
4560,54,591,373,697,541
4561,53,668,417,799,603
4561,54,592,373,696,541
4562,53,667,417,799,603
4562,54,592,373,695,541
4563,54,593,372,695,541
4563,53,666,417,799,603
4564,53,666,417,798,603
4564,54,593,372,694,541
4565,53,665,417,798,604
4565,54,591,372,692,541
4566,53,665,417,797,603
4566,54,591,372,691,541
4567,53,665,417,797,603
4567,54,584,372,690,542
4568,53,664,416,796,603
4568,54,584,372,689,542
4569,53,664,416,796,602
4569,54,589,372,689,542
4570,53,664,416,796,602
4570,54,590,372,688,542
4571,53,664,416,796,602
4571,54,587,372,688,542
4572,53,664,416,796,602
4572,54,586,372,688,542
4573,53,664,416,796,602
4573,54,583,371,688,542
4574,53,664,416,796,602
4574,54,596,371,688,542
4575,53,664,416,796,602
4575,54,595,371,689,542
4576,53,664,416,795,602
4576,54,594,371,688,542
4577,53,664,416,795,602
4577,54,587,371,688,540
4578,53,664,416,795,602
4578,54,587,371,688,541
4579,53,664,416,795,601
4579,54,584,371,688,541
4580,53,664,416,795,601
4580,54,587,371,688,541
4581,53,664,416,795,601
4581,54,588,371,688,541
4582,53,664,416,795,601
4582,54,589,371,688,541
4583,53,664,416,795,600
4583,54,588,371,687,541
4584,53,664,416,795,601
4584,54,590,371,687,541
4585,53,664,416,795,601
4585,54,594,371,687,540
4586,53,664,416,795,601
4586,54,596,371,687,539
4587,53,664,416,795,601
4587,54,595,370,687,539
4588,53,664,416,795,601
4588,54,594,370,688,539
4589,53,665,416,795,600
4589,54,592,370,687,539
4590,53,664,416,795,601
4590,54,588,371,687,540
4591,53,664,416,795,601
4591,54,583,370,687,539
4592,53,664,416,795,601
4592,54,589,371,687,540
4593,53,664,416,795,601
4593,54,588,371,687,540
4594,53,664,416,795,601
4594,54,586,371,687,540
4595,53,664,416,795,601
4595,54,586,371,687,540
4596,53,664,416,795,601
4596,54,589,371,688,540
4597,53,664,416,795,601
4597,54,594,371,687,540
4598,53,664,416,795,601
4598,54,597,371,687,540
4599,53,664,416,795,602
4599,54,595,371,687,539
4600,53,664,416,795,602
4600,54,594,371,687,540
4601,53,663,416,794,601
4601,54,590,371,687,539
4602,53,663,416,795,602
4602,54,587,371,687,540
4603,53,663,416,794,602
4603,54,586,371,687,540
4604,53,663,417,794,602
4604,54,587,371,687,540
4605,53,663,417,794,602
4605,54,586,371,688,540
4606,53,663,417,794,602
4606,54,586,372,688,540
4607,53,663,415,794,601
4607,54,589,372,692,541
4608,53,662,416,794,602
4608,54,589,372,692,542
4609,53,663,416,794,602
4609,54,590,372,691,542
4610,53,663,416,794,602
4610,54,598,372,692,541
4611,53,663,416,794,602
4611,54,597,372,692,541
4612,53,663,416,794,602
4612,54,595,372,692,542
4613,53,663,416,794,603
4613,54,585,372,692,542
4614,53,664,416,794,603
4614,54,586,372,692,542
4615,53,664,416,794,603
4615,54,588,372,692,542
4616,53,664,416,795,603
4616,54,584,372,691,542
4617,53,665,416,795,602
4617,54,587,372,692,542
4618,53,664,416,795,603
4618,54,591,372,691,542
4619,53,664,416,795,603
4619,54,586,372,691,542
4620,53,665,416,796,602
4620,54,588,372,691,542
4621,53,665,416,796,601
4621,54,586,372,695,542
4622,53,665,416,796,603
4622,54,587,372,695,541
4623,53,664,416,796,603
4623,54,585,372,696,542
4624,53,665,416,796,602
4624,54,582,372,696,543
4625,53,665,416,796,603
4625,54,582,372,695,542
4626,53,665,416,796,603
4626,54,587,372,696,542
4627,53,665,416,796,603
4627,54,589,372,696,542
4628,54,589,372,696,542
4628,53,665,416,797,603
4629,53,665,416,797,603
4629,54,588,372,696,542
4630,53,666,416,797,602
4630,54,595,372,698,542
4631,53,666,416,797,603
4631,54,600,372,695,542
4632,53,666,415,798,602
4632,54,599,372,697,542
4633,53,667,415,798,602
4633,54,598,372,697,542
4634,53,668,415,798,601
4634,54,592,372,697,542
4635,53,668,415,798,601
4635,54,587,372,697,541
4636,53,667,415,798,602
4636,54,596,372,699,541
4637,53,668,415,798,600
4637,54,591,372,699,541
4638,53,668,415,798,600
4638,54,593,372,699,541
4639,53,668,415,798,600
4639,54,591,372,700,541
4640,53,668,414,798,599
4640,54,589,372,700,540
4641,53,668,414,798,600
4641,54,590,371,701,541
4642,53,668,413,798,600
4642,54,587,371,700,541
4643,53,668,413,798,599
4643,54,590,371,698,541
4644,53,668,413,798,598
4644,54,586,370,699,540
4645,53,668,413,798,599
4645,54,586,370,698,539
4646,53,668,412,798,599
4646,54,585,370,699,539
4647,53,668,412,799,599
4647,54,586,370,702,539
4648,53,668,411,799,599
4648,54,587,370,702,539
4649,53,668,411,798,599
4649,54,591,369,702,538
4650,53,668,411,798,598
4650,54,592,369,701,538
4651,53,668,410,798,598
4651,54,590,370,699,538
4652,53,668,410,798,598
4652,54,591,369,699,538
4653,53,668,410,798,598
4653,54,591,369,699,537
4654,53,668,410,798,597
4654,54,590,369,699,537
4655,53,668,410,798,597
4655,54,586,369,698,537
4656,53,668,410,798,597
4656,54,594,369,698,537
4657,53,668,410,798,597
4657,54,596,369,699,537
4658,53,668,410,798,596
4658,54,591,369,697,537
4659,53,668,409,798,597
4659,54,589,369,697,537
4660,53,668,409,798,596
4660,54,587,368,702,537
4661,53,668,409,798,597
4661,54,588,368,703,536
4662,53,668,409,799,597
4662,54,591,367,704,536
4663,53,668,409,798,597
4663,54,590,367,704,535
4664,53,668,409,798,597
4664,54,590,367,704,535
4665,53,668,409,798,597
4665,54,591,366,704,535
4666,53,668,409,798,597
4666,54,589,366,703,534
4667,53,668,409,798,597
4667,54,585,366,703,534
4668,53,668,409,799,597
4668,54,594,366,703,534
4669,53,668,409,799,597
4669,54,588,366,702,534
4670,53,668,408,799,596
4670,54,587,365,703,534
4671,53,668,409,799,596
4671,54,586,365,702,534
4672,53,668,408,799,596
4672,54,590,365,703,534
4673,53,669,408,799,596
4673,54,591,365,704,534
4674,53,669,408,799,596
4674,54,591,365,704,534
4675,53,669,408,799,596
4675,54,590,365,705,534
4676,53,669,408,799,596
4676,54,590,364,706,534
4677,53,668,407,798,595
4677,54,590,364,707,534
4678,53,669,407,799,596
4678,54,590,364,707,535
4679,53,668,407,798,596
4679,54,596,362,705,533
4680,53,668,408,798,596
4680,54,600,363,705,534
4681,53,668,408,798,596
4681,54,600,363,705,534
4682,53,668,408,798,596
4682,54,603,363,705,533
4683,53,668,408,799,596
4683,54,603,363,705,533
4684,53,668,407,799,596
4684,54,605,363,705,533
4685,53,668,408,799,596
4685,54,603,362,707,533
4686,53,668,408,798,596
4686,54,600,362,707,533
4687,53,668,408,798,596
4687,54,596,362,707,533
4688,53,668,408,798,596
4688,54,596,362,707,533
4689,53,668,408,798,596
4689,54,595,362,706,533
4690,53,667,408,798,596
4690,54,600,361,707,532
4691,53,668,408,798,596
4691,54,605,361,708,532
4692,53,668,408,798,595
4692,54,606,360,708,531
4693,53,668,408,798,595
4693,54,606,360,708,531
4694,53,668,408,798,595
4694,54,606,360,707,531
4695,53,668,408,798,595
4695,54,604,360,707,531
4696,53,667,408,798,596
4696,54,602,361,706,532
4697,53,667,408,799,596
4697,54,601,361,707,532
4698,53,667,408,799,596
4698,54,594,361,707,532
4699,53,667,407,799,596
4699,54,590,361,707,533
4700,53,667,407,799,596
4700,54,589,361,707,533
4701,53,667,407,799,596
4701,54,583,361,707,534
4702,53,668,407,799,596
4702,54,586,361,706,534
4703,53,667,407,799,596
4703,54,590,362,706,534
4704,53,668,407,799,596
4704,54,593,362,706,534
4705,53,668,408,799,596
4705,54,594,362,706,535
4706,53,668,408,800,596
4706,54,596,362,706,535
4707,53,668,408,800,596
4707,54,586,362,706,535
4708,53,668,408,800,596
4708,54,585,362,706,535
4709,53,668,409,800,596
4709,54,581,362,707,535
4710,53,668,409,800,596
4710,54,588,362,707,534
4711,53,669,409,800,596
4711,54,589,363,707,534
4712,53,668,409,800,597
4712,54,581,363,707,535
4713,53,668,409,800,597
4713,54,579,364,706,535
4714,53,669,409,800,598
4714,54,578,364,707,535
4715,53,668,409,800,598
4715,54,579,364,707,535
4716,53,669,409,799,598
4716,54,589,362,705,534
4717,53,669,409,799,598
4717,54,589,362,705,534
4718,53,669,409,799,597
4718,54,592,362,705,534
4719,53,669,409,799,597
4719,54,591,364,706,535
4720,53,669,409,799,598
4720,54,581,364,706,535
4721,53,669,409,799,597
4721,54,581,364,706,536
4722,53,669,409,799,598
4722,54,580,364,706,536
4723,53,669,409,799,598
4723,54,579,364,706,536
4724,53,669,409,799,598
4724,54,578,364,706,536
4725,53,669,409,799,598
4725,54,580,364,707,537
4726,53,669,409,799,597
4726,54,578,364,706,538
4727,53,668,409,799,598
4727,54,578,365,706,537
4728,53,669,409,799,598
4728,54,582,363,705,536
4729,53,669,409,799,598
4729,54,598,364,706,537
4730,53,669,408,799,598
4730,54,601,364,706,537
4731,53,668,409,799,598
4731,54,598,362,705,536
4732,53,668,409,799,598
4732,54,599,362,705,536
4733,53,668,409,799,597
4733,54,596,362,705,536
4734,53,668,408,799,598
4734,54,586,364,704,537
4735,53,668,408,799,598
4735,54,577,364,706,537
4736,53,668,408,799,597
4736,54,580,364,705,537
4737,53,668,408,799,598
4737,54,583,364,704,536
4738,53,668,408,798,598
4738,54,576,364,705,537
4739,53,668,408,798,598
4739,54,576,364,705,537
4740,53,668,408,798,598
4740,54,580,364,705,537
4741,53,668,408,798,598
4741,54,581,364,704,537
4742,53,668,408,798,598
4742,54,589,364,704,537
4743,53,668,408,798,598
4743,54,588,364,704,537
4744,53,668,408,798,598
4744,54,579,364,704,537
4745,53,667,408,798,598
4745,54,586,364,703,537
4746,53,667,408,798,598
4746,54,588,363,702,535
4747,53,667,409,798,598
4747,54,585,363,702,535
4748,53,667,408,798,598
4748,54,584,365,703,537
4749,53,667,408,798,598
4749,54,575,364,702,536
4750,54,575,364,702,536
4750,53,667,408,797,597
4751,53,666,408,796,597
4751,54,573,364,702,537
4752,53,666,408,796,597
4752,54,575,364,703,537
4753,53,666,408,796,597
4753,54,575,364,703,537
4754,53,666,408,797,597
4754,54,574,363,705,537
4755,53,666,408,797,597
4755,54,572,363,705,537
4756,53,666,408,796,597
4756,54,572,363,706,537
4757,53,666,408,797,597
4757,54,573,363,706,537
4758,53,666,408,797,597
4758,54,597,364,706,536
4759,53,665,408,797,597
4759,54,599,364,707,536
4760,53,665,408,797,597
4760,54,598,364,710,535
4761,53,665,408,797,597
4761,54,587,364,711,535
4762,53,665,408,797,597
4762,54,575,365,712,535
4763,53,665,408,797,597
4763,54,585,364,713,534
4764,53,665,408,797,597
4764,54,585,363,709,535
4765,53,665,408,797,597
4765,54,586,363,702,535
4766,53,665,409,797,597
4766,54,587,363,696,534
4767,53,665,409,797,597
4767,54,591,363,700,534
4768,53,665,409,797,597
4768,54,586,363,692,534
4768,56,587,363,690,480
4769,53,665,409,797,597
4769,54,586,363,692,533
4769,56,587,363,691,472
4770,53,665,410,797,598
4770,54,591,362,698,533
4771,53,665,410,798,597
4771,54,593,362,709,534
4772,53,664,410,798,596
4772,54,592,361,712,534
4773,53,664,410,798,596
4773,54,592,361,718,533
4774,54,593,361,718,533
4774,53,667,410,799,597
4775,53,667,410,799,598
4775,54,594,360,715,533
4776,53,667,410,798,597
4776,54,597,359,710,532
4777,53,667,410,799,597
4777,54,601,358,708,532
4778,53,664,411,798,596
4778,54,604,358,707,533
4779,53,664,411,799,596
4779,54,608,357,708,533
4780,53,665,411,799,596
4780,54,610,357,717,531
4781,53,665,411,799,598
4781,54,613,357,725,531
4782,53,665,411,799,597
4782,54,615,356,725,531
4783,53,666,411,800,597
4783,54,615,356,728,531
4784,53,666,411,800,597
4784,54,615,355,728,532
4785,53,666,411,800,597
4785,54,619,355,729,533
4786,53,666,411,800,597
4786,54,620,354,730,534
4786,57,627,353,731,445
4787,53,667,411,800,597
4787,54,619,353,730,533
4787,57,629,353,732,442
4788,53,666,411,800,597
4788,54,620,352,730,533
4788,57,630,351,731,443
4789,53,666,411,800,597
4789,54,620,351,731,532
4790,54,620,350,731,533
4790,53,669,410,800,598
4791,53,669,410,800,598
4791,54,621,349,731,532
4792,53,670,411,801,598
4792,54,621,348,736,532
4793,53,670,411,801,599
4793,54,621,347,736,533
4794,53,670,411,801,599
4794,54,621,347,739,533
4795,53,670,411,801,599
4795,54,623,346,741,531
4796,53,670,411,801,599
4796,54,623,345,743,529
4796,57,629,345,742,446
4797,53,670,410,801,599
4797,54,626,344,744,529
4797,57,629,343,743,456
4798,53,671,411,801,599
4798,54,622,343,747,529
4799,53,671,411,801,598
4799,54,623,342,747,529
4800,53,671,411,802,598
4800,54,625,341,749,527
4801,53,671,411,802,598
4801,54,629,341,754,525
4801,57,632,341,756,469
4802,53,672,411,802,598
4802,54,628,340,757,525
4802,57,635,340,759,460
4803,53,672,412,802,598
4803,54,630,339,759,523
4803,57,639,338,761,443
4804,53,672,412,802,598
4804,54,627,338,760,522
4804,57,637,337,762,445
4805,53,672,411,802,598
4805,54,630,337,761,522
4805,57,643,337,764,433
4806,53,672,412,802,598
4806,57,647,337,766,433
4807,53,672,411,802,598
4807,57,653,336,769,438
4808,53,672,411,802,598
4808,57,656,335,770,429
4809,53,672,411,802,598
4809,57,660,335,771,427
4810,53,672,411,802,598
4810,57,662,335,772,426
4811,53,671,411,803,598
4811,57,661,336,775,426
4812,53,672,411,803,598
4812,57,662,336,775,432
4813,53,671,412,803,598
4813,57,666,335,776,432
4814,53,671,413,803,598
4814,57,665,335,776,433
4815,53,671,414,802,598
4815,57,669,335,777,431
4816,53,671,412,802,598
4816,57,669,335,778,431
4817,53,671,413,802,598
4817,57,670,336,779,429
4818,53,671,412,802,598
4818,57,669,335,780,430
4819,53,671,413,802,598
4819,57,671,334,780,431
4820,53,670,412,802,598
4820,57,671,335,780,429
4821,53,670,412,802,598
4821,57,672,335,780,430
4822,53,670,412,801,598
4822,57,672,335,780,430
4823,53,670,412,801,599
4823,57,671,335,780,430
4824,53,670,412,801,598
4824,57,672,335,780,430
4825,53,670,412,801,598
4825,57,673,335,780,429
4826,53,670,412,801,598
4826,57,674,335,779,429
4827,53,670,411,801,598
4827,57,674,335,779,429
4828,53,670,411,801,598
4828,57,674,335,779,430
4829,53,670,411,801,598
4829,57,674,335,780,431
4830,53,670,411,801,598
4830,57,675,335,781,431
4831,53,670,411,801,599
4831,57,676,336,781,431
4832,53,671,411,801,599
4832,57,677,336,782,432
4833,53,670,411,801,599
4833,57,679,336,782,432
4834,53,670,412,801,599
4834,57,680,336,782,435
4835,53,670,412,801,599
4835,57,681,336,782,436
4836,53,670,413,801,599
4836,57,683,336,782,436
4837,53,670,412,802,599
4837,57,682,336,783,439
4838,53,670,411,801,599
4838,57,682,336,783,440
4839,53,669,411,801,599
4839,57,681,336,783,441
4840,53,669,412,801,599
4840,57,682,337,783,441
4841,53,670,413,801,599
4841,57,682,336,783,440
4842,53,669,413,801,599
4842,57,682,336,783,440
4843,53,669,414,801,599
4843,57,682,337,783,439
4844,53,669,414,801,599
4844,57,682,336,783,438
4845,53,669,413,801,599
4845,57,683,337,784,438
4846,53,669,414,801,600
4846,57,683,337,784,438
4847,53,670,413,801,599
4847,57,683,337,784,438
4848,53,670,413,801,599
4848,57,683,337,784,437
4849,53,670,413,801,600
4849,57,683,338,784,437
4850,57,683,337,785,437
4850,53,670,415,801,600
4851,53,670,415,801,600
4851,57,684,338,785,436
4852,53,670,412,801,600
4852,57,683,338,785,436
4853,53,670,413,801,600
4853,57,684,338,785,435
4854,57,684,338,785,435
4854,53,670,412,802,600
4855,53,670,412,802,600
4855,57,684,338,785,434
4856,53,671,413,802,600
4856,57,684,338,785,432
4857,53,671,413,802,601
4857,57,684,338,785,433
4858,53,672,412,803,601
4858,57,684,339,785,435
4859,57,684,338,786,435
4859,53,673,410,803,601
4860,57,684,338,786,435
4860,53,674,409,803,600
4861,57,684,339,786,435
4861,53,676,407,804,600
4862,53,676,406,804,599
4862,57,684,338,785,437
4863,57,684,338,786,438
4863,53,677,404,804,598
4864,53,678,404,805,598
4864,57,684,338,786,439
4865,53,679,403,805,597
4865,57,685,338,785,439
4866,57,686,338,786,438
4866,53,680,402,805,597
4867,57,686,338,785,438
4867,53,681,396,804,595
4868,57,686,338,784,438
4868,53,681,399,804,593
