frame,person_id,x1,y1,x2,y2
1,0,953,524,1223,866
1,1,1623,551,1901,837
1,2,1379,418,1558,639
2,0,953,523,1223,866
2,2,1379,418,1558,640
2,1,1623,551,1901,832
3,0,953,523,1222,865
3,2,1380,418,1558,640
3,1,1622,551,1899,826
4,0,953,523,1222,865
4,2,1379,419,1557,639
4,1,1623,551,1900,821
5,1,1622,551,1900,821
5,0,952,524,1222,866
5,2,1378,419,1557,639
6,0,952,524,1222,866
6,1,1623,551,1900,821
6,2,1378,419,1557,639
7,0,952,524,1223,867
7,1,1623,551,1901,822
7,2,1378,419,1558,639
8,2,1378,419,1558,640
8,0,952,525,1223,868
8,1,1622,552,1901,827
9,0,952,525,1223,868
9,2,1379,419,1558,640
9,1,1622,552,1901,833
10,0,951,524,1223,868
10,2,1379,419,1558,639
10,1,1622,552,1901,837
11,0,952,524,1223,868
11,2,1379,419,1558,640
11,1,1622,553,1901,839
12,0,951,525,1223,868
12,1,1621,552,1901,839
12,2,1379,419,1558,639
13,0,951,525,1223,868
13,1,1621,552,1901,840
13,2,1379,419,1558,640
14,0,951,525,1222,868
14,2,1379,420,1558,639
14,1,1622,553,1901,834
15,0,951,525,1223,868
15,2,1380,420,1558,639
15,1,1622,553,1900,827
16,0,951,525,1223,868
16,2,1379,420,1558,639
16,1,1623,553,1900,819
17,0,950,526,1222,868
17,2,1380,420,1558,639
17,1,1623,553,1900,818
18,1,1623,552,1900,817
18,0,949,525,1222,868
18,2,1378,420,1557,638
19,0,947,525,1221,868
19,1,1622,552,1900,821
19,2,1378,420,1555,636
20,0,947,525,1221,869
20,2,1378,420,1555,636
20,1,1622,552,1900,828
21,0,947,525,1221,869
21,2,1379,420,1556,637
21,1,1622,552,1900,832
22,0,947,525,1220,869
22,1,1622,553,1900,831
22,2,1379,419,1557,637
23,0,947,525,1220,869
23,2,1379,419,1558,639
23,1,1621,553,1899,837
24,0,946,526,1219,869
24,1,1620,553,1899,834
24,2,1378,419,1555,638
25,2,1378,419,1555,638
25,0,945,525,1219,870
25,1,1620,553,1898,833
26,0,945,525,1219,870
26,2,1377,419,1556,638
26,1,1620,553,1898,829
27,0,945,525,1219,871
27,1,1619,553,1898,829
27,2,1378,419,1555,638
28,0,944,525,1218,871
28,2,1379,419,1554,637
28,1,1619,553,1897,835
29,0,944,525,1218,870
29,2,1379,419,1554,637
29,1,1619,553,1896,820
30,0,944,525,1217,871
30,2,1381,420,1554,637
30,1,1619,554,1897,829
31,0,944,526,1218,871
31,2,1377,420,1554,637
31,1,1618,555,1896,820
32,0,943,526,1217,871
32,2,1377,420,1554,637
32,1,1618,555,1896,825
33,0,943,526,1217,871
33,2,1377,420,1554,638
33,1,1618,556,1897,826
34,0,943,526,1217,871
34,2,1378,420,1554,639
34,1,1618,556,1897,823
35,0,943,526,1217,872
35,2,1378,420,1554,639
35,1,1618,556,1897,825
36,0,942,527,1217,872
36,2,1377,420,1553,640
36,1,1618,556,1897,831
37,0,942,527,1217,872
37,1,1618,556,1896,829
37,2,1378,421,1552,638
38,0,942,527,1217,872
38,1,1618,556,1896,831
38,2,1378,420,1554,639
39,0,942,527,1217,872
39,2,1378,420,1554,638
39,1,1618,556,1897,836
40,0,942,526,1217,872
40,2,1378,420,1553,638
40,1,1618,556,1897,827
40,3,943,527,1222,1077
41,0,942,526,1217,872
41,2,1378,421,1553,637
41,1,1617,555,1897,833
42,0,942,526,1217,872
42,3,943,527,1221,1078
42,2,1378,420,1553,637
42,1,1617,555,1896,829
43,0,942,526,1217,872
43,3,943,527,1221,1077
43,2,1378,420,1553,637
43,1,1618,555,1896,831
44,0,942,526,1217,872
44,2,1378,420,1553,637
44,1,1618,555,1896,827
45,0,942,526,1217,872
45,2,1378,420,1553,637
45,1,1617,555,1896,823
46,0,942,526,1217,872
46,2,1378,420,1553,637
46,1,1617,555,1896,831
47,0,942,526,1217,872
47,3,944,527,1221,1077
47,2,1377,420,1553,637
47,1,1617,556,1897,833
48,3,944,527,1221,1078
48,0,943,526,1217,872
48,2,1377,420,1553,637
48,1,1617,556,1897,836
49,0,943,526,1217,872
49,3,944,527,1221,1078
49,2,1377,420,1553,638
49,1,1618,556,1897,833
50,0,943,526,1217,872
50,3,944,527,1221,1078
50,2,1376,420,1553,638
50,1,1617,556,1897,836
51,0,943,525,1217,872
51,3,944,526,1221,1078
51,1,1617,556,1897,837
51,2,1377,420,1553,638
52,3,944,526,1221,1078
52,0,943,525,1217,872
52,2,1376,420,1553,638
52,1,1617,555,1896,833
53,0,943,525,1217,872
53,2,1377,420,1553,639
53,1,1617,555,1896,837
54,3,944,526,1221,1077
54,0,943,525,1216,871
54,2,1377,419,1553,638
54,1,1618,555,1897,828
55,3,944,526,1221,1077
55,1,1618,555,1897,828
55,0,943,525,1216,872
55,2,1377,420,1553,638
56,0,942,526,1216,872
56,3,943,527,1221,1077
56,2,1378,419,1553,638
56,1,1617,555,1897,821
57,1,1617,555,1897,821
57,0,942,526,1216,872
57,2,1378,419,1553,638
58,0,942,526,1216,872
58,2,1378,420,1553,638
58,1,1617,555,1897,822
59,0,942,526,1216,871
59,2,1379,420,1553,638
59,1,1617,555,1897,824
60,0,942,526,1216,871
60,2,1379,420,1553,638
60,1,1617,555,1897,826
61,0,942,525,1216,871
61,2,1379,421,1553,638
61,1,1617,555,1896,828
62,0,942,525,1215,871
62,2,1379,420,1553,639
62,1,1617,555,1896,829
63,0,942,525,1215,871
63,2,1379,420,1553,639
63,1,1617,555,1896,830
64,0,942,525,1215,871
64,2,1379,420,1553,638
64,1,1617,555,1896,829
65,0,942,525,1216,870
65,2,1379,420,1553,639
65,1,1617,555,1896,832
66,0,942,525,1216,870
66,2,1379,420,1553,639
66,1,1616,555,1896,828
67,0,942,525,1216,871
67,2,1379,420,1553,639
67,1,1616,555,1896,830
68,0,942,525,1216,871
68,2,1379,420,1553,639
68,3,943,526,1222,1076
68,1,1616,555,1896,827
69,0,942,525,1216,871
69,3,943,526,1221,1076
69,2,1379,420,1553,639
69,1,1615,555,1896,826
70,0,942,525,1216,871
70,3,943,526,1221,1077
70,1,1616,555,1896,825
70,2,1380,420,1553,640
71,3,943,526,1221,1077
71,0,942,525,1216,871
71,1,1615,556,1897,825
71,2,1380,420,1553,639
72,3,943,526,1221,1077
72,0,942,525,1216,871
72,1,1615,556,1897,824
72,2,1381,420,1553,639
73,3,943,526,1221,1077
73,0,942,526,1216,870
73,2,1380,420,1553,639
73,1,1616,556,1897,830
74,3,943,526,1221,1077
74,0,942,526,1216,870
74,2,1380,420,1553,638
74,1,1616,556,1897,832
75,0,942,526,1216,871
75,2,1379,420,1553,639
75,3,943,527,1223,1077
75,1,1616,557,1897,829
76,0,942,526,1216,871
76,1,1616,557,1897,830
76,2,1379,420,1553,639
76,3,943,527,1221,1077
77,0,942,526,1216,871
77,3,943,526,1222,1077
77,1,1616,557,1897,834
77,2,1379,420,1553,636
78,3,943,527,1222,1077
78,0,942,526,1216,871
78,2,1379,420,1553,637
78,1,1616,556,1896,827
79,0,942,526,1216,871
79,3,943,527,1222,1077
79,1,1615,556,1896,827
79,2,1379,421,1551,634
80,3,943,527,1221,1077
80,1,1615,556,1896,826
80,0,942,526,1215,871
80,2,1378,421,1551,635
81,3,942,527,1221,1077
81,0,941,526,1215,871
81,2,1378,421,1552,636
81,1,1615,556,1896,821
82,2,1378,420,1552,636
82,3,942,526,1220,1077
82,0,941,526,1214,872
82,1,1614,556,1896,818
83,3,942,525,1220,1077
83,0,941,525,1213,872
83,1,1613,556,1896,820
83,2,1377,420,1552,638
84,3,942,524,1219,1077
84,0,941,523,1213,873
84,1,1613,556,1896,822
84,2,1378,420,1552,638
85,3,942,521,1218,1077
85,0,941,521,1212,873
85,1,1613,556,1896,825
85,2,1375,420,1552,638
86,1,1612,557,1896,825
86,3,941,520,1217,1077
86,0,940,519,1212,873
86,2,1373,420,1551,637
87,3,941,517,1217,1077
87,1,1612,557,1896,827
87,0,940,517,1210,872
87,2,1376,419,1551,638
88,2,1375,418,1551,638
88,1,1612,557,1896,825
88,3,941,514,1215,1077
88,0,940,514,1209,871
89,3,941,510,1214,1077
89,2,1375,417,1551,639
89,1,1613,557,1896,828
89,0,940,511,1206,871
90,1,1613,557,1897,826
90,3,941,507,1213,1077
90,2,1376,417,1551,638
90,0,939,507,1205,872
91,1,1614,557,1896,827
91,2,1373,417,1551,637
91,0,938,505,1199,872
91,3,939,505,1205,1077
92,1,1614,557,1896,827
92,0,938,503,1195,873
92,2,1373,415,1550,635
92,3,939,503,1196,1077
93,1,1614,557,1896,825
93,2,1374,413,1552,635
93,0,937,502,1191,872
94,1,1613,557,1896,824
94,2,1373,412,1550,636
94,0,936,498,1184,870
94,3,936,498,1186,1077
95,1,1613,557,1896,821
95,2,1372,411,1552,634
95,0,933,496,1176,870
96,1,1613,557,1896,821
96,2,1370,409,1551,634
96,0,931,494,1167,870
96,3,931,493,1168,1076
97,1,1613,557,1896,826
97,3,929,491,1166,1075
97,0,929,493,1166,866
97,2,1369,406,1557,635
98,3,928,487,1165,1072
98,0,929,489,1164,864
98,1,1613,557,1896,832
98,2,1367,405,1551,628
99,1,1613,558,1896,832
99,0,927,486,1163,865
99,2,1365,403,1552,627
99,3,925,484,1163,1073
100,1,1613,558,1896,831
100,0,926,482,1164,863
100,2,1360,402,1552,625
101,1,1613,557,1895,827
101,0,925,479,1165,861
101,2,1356,402,1553,629
102,1,1613,557,1896,830
102,0,925,477,1167,861
102,2,1355,402,1553,633
102,3,923,475,1169,1069
103,1,1613,557,1896,831
103,0,924,474,1169,861
103,3,922,472,1171,1073
103,2,1352,402,1555,657
104,1,1613,558,1895,827
104,3,924,471,1173,1073
104,2,1350,402,1555,654
104,0,925,471,1173,860
105,1,1612,558,1895,829
105,2,1348,403,1556,652
105,0,923,469,1175,858
105,3,922,469,1176,1071
106,1,1612,558,1895,830
106,0,923,469,1178,855
106,2,1347,403,1556,643
107,0,923,469,1182,853
107,2,1346,401,1558,643
107,1,1612,558,1895,823
108,1,1611,558,1895,822
108,2,1345,401,1559,645
108,0,923,469,1188,854
108,4,1345,401,1564,783
109,1,1611,558,1895,823
109,0,923,468,1188,851
109,2,1345,401,1560,646
109,4,1345,402,1564,758
110,1,1612,558,1895,825
110,0,924,467,1185,849
110,2,1345,401,1569,649
110,4,1345,402,1584,741
111,1,1612,558,1894,830
111,0,924,466,1180,849
111,2,1344,401,1562,647
111,4,1344,401,1565,767
112,1,1612,558,1895,832
112,2,1344,400,1561,645
112,4,1344,400,1563,768
112,0,925,466,1177,848
113,1,1612,558,1895,830
113,2,1344,400,1561,642
113,0,926,464,1174,848
113,4,1344,400,1562,778
114,1,1612,558,1894,830
114,4,1343,399,1562,780
114,0,926,462,1177,846
114,2,1344,399,1561,638
115,1,1612,558,1894,833
115,4,1343,399,1562,778
115,0,927,461,1176,844
115,2,1343,398,1561,640
116,1,1612,558,1894,832
116,4,1342,398,1563,780
116,0,930,461,1175,843
116,2,1344,398,1561,636
117,1,1611,558,1894,830
117,0,929,460,1177,842
117,4,1342,395,1562,784
117,2,1343,396,1560,633
118,1,1611,558,1894,830
118,2,1342,396,1560,638
118,0,934,461,1186,841
118,4,1341,397,1561,759
119,1,1611,558,1894,832
119,2,1339,396,1560,636
119,0,937,461,1196,837
119,4,1338,396,1561,784
120,2,1338,396,1559,637
120,1,1610,558,1894,827
120,0,938,461,1204,834
121,1,1612,558,1894,823
121,2,1335,395,1559,641
121,0,943,460,1213,832
122,1,1612,558,1894,824
122,2,1334,395,1558,640
122,0,945,458,1224,817
123,1,1613,558,1894,829
123,2,1330,395,1557,641
123,0,952,457,1235,806
124,1,1613,558,1894,830
124,2,1329,394,1557,648
124,0,967,457,1256,791
125,1,1613,558,1894,829
125,2,1329,393,1555,652
125,0,973,456,1268,787
126,2,1329,393,1555,652
126,1,1612,558,1894,831
126,0,978,456,1273,787
127,1,1613,558,1894,833
127,0,983,456,1288,788
127,2,1316,393,1553,648
128,1,1612,558,1894,835
128,2,1314,393,1551,649
128,0,989,455,1290,790
129,1,1612,558,1894,834
129,0,989,454,1292,789
129,2,1311,394,1550,654
129,4,1305,395,1552,772
130,1,1612,558,1895,828
130,0,989,454,1299,791
130,4,1300,395,1550,777
130,2,1307,395,1548,659
130,5,989,454,1302,1063
131,1,1612,558,1894,829
131,4,1293,396,1549,783
131,0,991,453,1310,790
132,1,1611,558,1895,825
132,0,993,452,1312,789
132,4,1299,398,1548,783
132,5,992,453,1315,1063
132,2,1302,397,1545,652
133,2,1301,398,1545,652
133,1,1611,558,1895,821
133,5,995,453,1310,1063
133,0,997,452,1306,790
134,1,1611,558,1895,821
134,2,1297,401,1544,651
134,5,996,453,1299,1063
134,0,998,452,1295,790
134,4,1298,401,1545,770
135,1,1611,558,1895,822
135,2,1296,401,1543,647
135,0,1002,452,1315,792
136,1,1611,558,1895,820
136,2,1296,403,1539,652
136,5,1005,452,1261,1065
136,0,1004,451,1267,791
137,2,1296,403,1539,652
137,1,1612,558,1895,828
137,0,1006,449,1289,790
137,5,1005,449,1287,1063
138,1,1612,558,1895,829
138,2,1298,404,1536,655
138,5,1007,451,1272,1065
138,0,1007,449,1271,789
139,1,1612,558,1895,829
139,5,1008,450,1278,1065
139,0,1009,448,1276,788
139,2,1291,406,1534,652
140,1,1612,558,1895,825
140,2,1292,408,1534,650
140,0,1012,448,1325,790
141,1,1611,558,1895,827
141,0,1013,446,1331,790
141,2,1289,410,1533,651
141,4,1286,410,1532,754
142,0,1013,446,1326,790
142,2,1287,411,1531,650
142,1,1611,558,1895,836
142,4,1280,410,1532,780
143,1,1611,558,1895,832
143,0,1017,447,1337,790
143,2,1296,413,1529,647
144,0,1018,446,1334,789
144,1,1610,558,1895,822
144,2,1292,414,1526,645
145,0,1018,444,1333,789
145,1,1610,558,1894,819
145,2,1291,414,1524,646
145,4,1282,413,1524,783
146,1,1610,558,1894,817
146,0,1018,443,1328,789
146,2,1293,415,1522,645
146,4,1287,415,1524,732
147,1,1609,558,1895,817
147,2,1290,415,1518,646
147,4,1282,415,1521,731
147,0,1019,444,1300,789
148,1,1609,558,1895,818
148,0,1018,443,1301,789
148,2,1271,415,1517,644
148,4,1268,416,1519,747
149,1,1610,558,1895,820
149,0,1020,442,1311,789
149,2,1281,416,1515,643
149,4,1276,418,1516,788
149,5,1021,444,1329,1063
150,2,1284,416,1514,646
150,1,1610,558,1895,832
150,0,1020,442,1293,789
150,5,1023,444,1302,1065
150,4,1277,417,1515,745
151,1,1610,558,1894,830
151,0,1021,441,1289,788
151,4,1273,417,1514,751
151,5,1022,442,1294,1062
151,2,1276,417,1513,647
152,1,1610,558,1894,833
152,2,1278,416,1513,647
152,4,1275,417,1513,754
152,0,1021,440,1297,788
152,5,1023,441,1304,1062
153,2,1277,415,1513,648
153,1,1611,558,1894,830
153,4,1272,417,1513,753
153,0,1024,440,1300,788
154,1,1611,558,1894,831
154,0,1026,440,1297,786
154,2,1283,415,1511,647
154,4,1278,417,1512,782
155,0,1026,439,1299,786
155,1,1611,558,1894,834
155,2,1280,414,1510,647
155,5,1028,440,1306,1063
155,4,1275,415,1510,751
156,1,1611,558,1894,833
156,4,1277,414,1509,754
156,2,1284,413,1509,647
156,0,1026,438,1286,786
157,2,1284,412,1510,647
157,0,1026,437,1289,786
157,1,1610,558,1894,824
157,5,1029,438,1289,1062
157,4,1279,413,1511,791
158,4,1280,411,1511,789
158,0,1027,436,1292,786
158,1,1610,558,1894,820
158,5,1030,436,1293,1062
158,2,1288,409,1510,648
159,1,1610,558,1894,819
159,0,1027,436,1291,786
159,2,1296,409,1510,648
159,4,1289,409,1510,755
160,1,1610,558,1894,817
160,0,1027,435,1293,786
160,5,1030,435,1300,1062
160,2,1281,405,1510,648
160,4,1275,407,1511,790
161,1,1610,558,1893,818
161,0,1028,435,1290,787
161,2,1285,405,1511,647
161,5,1031,434,1292,1061
161,4,1282,406,1511,784
162,1,1610,558,1893,819
162,4,1283,406,1511,784
162,2,1285,404,1511,650
162,0,1030,435,1294,787
162,5,1036,436,1300,1062
163,2,1288,404,1511,651
163,4,1287,405,1511,785
163,1,1610,558,1893,826
163,0,1032,435,1284,787
163,5,1035,436,1284,1063
164,1,1610,558,1893,827
164,0,1031,435,1285,787
164,2,1289,404,1510,650
164,5,1037,435,1286,1061
164,4,1288,406,1511,789
165,1,1610,558,1893,825
165,2,1291,403,1511,648
165,5,1036,435,1289,1063
165,4,1290,405,1511,784
165,0,1033,435,1288,788
166,1,1610,558,1893,826
166,4,1289,404,1511,786
166,2,1289,403,1511,649
166,5,1036,435,1291,1062
166,0,1032,434,1291,787
167,1,1610,558,1893,826
167,4,1289,404,1511,785
167,2,1288,403,1511,651
167,0,1031,434,1296,788
167,5,1035,435,1299,1062
168,1,1609,558,1893,828
168,0,1032,434,1298,787
168,2,1289,403,1510,652
168,4,1290,404,1512,786
168,5,1035,435,1302,1062
169,0,1032,434,1299,787
169,5,1036,435,1303,1061
169,1,1609,558,1893,823
169,2,1315,403,1510,649
169,4,1316,404,1510,757
170,1,1609,558,1892,822
170,0,1031,435,1306,787
170,2,1327,403,1510,648
171,1,1609,558,1893,820
171,2,1327,403,1509,648
171,0,1030,434,1310,787
172,1,1609,558,1892,816
172,0,1031,435,1314,787
172,2,1330,403,1509,647
172,4,1327,403,1509,749
173,1,1609,558,1892,816
173,0,1031,436,1321,788
173,2,1328,404,1508,651
173,4,1324,404,1508,759
173,5,1034,437,1319,1062
174,5,1034,437,1320,1063
174,0,1032,436,1323,788
174,1,1609,558,1892,821
174,2,1325,405,1508,649
174,4,1321,406,1508,785
175,1,1609,558,1893,824
175,0,1031,436,1330,787
175,4,1309,407,1509,787
175,2,1308,406,1508,652
176,1,1609,558,1893,826
176,0,1031,435,1331,787
176,2,1306,409,1508,656
176,5,1032,436,1333,1065
176,4,1305,410,1508,771
177,0,1031,433,1333,788
177,5,1030,434,1335,1066
177,1,1610,558,1893,831
177,2,1307,410,1508,649
177,4,1307,412,1509,788
178,0,1031,434,1332,788
178,5,1031,435,1334,1065
178,4,1305,412,1509,788
178,1,1610,558,1893,827
178,2,1304,411,1508,648
179,0,1031,435,1332,788
179,1,1609,558,1893,828
179,5,1032,436,1334,1065
179,2,1301,413,1507,650
179,4,1298,413,1507,784
180,5,1032,436,1338,1065
180,4,1299,414,1508,786
180,1,1609,558,1893,832
180,0,1033,435,1335,787
181,0,1032,438,1334,787
181,5,1033,439,1336,1064
181,4,1300,415,1506,786
181,1,1608,558,1892,827
182,1,1608,558,1892,827
182,5,1033,438,1338,1064
182,0,1034,438,1335,786
182,4,1298,416,1505,785
183,5,1033,439,1338,1064
183,0,1034,439,1335,786
183,1,1607,558,1892,824
183,4,1300,418,1506,786
183,2,1302,416,1506,646
184,5,1033,439,1339,1064
184,0,1034,439,1336,786
184,1,1607,558,1892,819
184,4,1295,418,1505,784
185,1,1608,558,1892,818
185,0,1034,438,1335,786
185,5,1033,438,1337,1064
185,4,1296,418,1507,785
186,5,1034,438,1333,1065
186,0,1033,437,1331,787
186,1,1608,558,1892,824
186,4,1301,419,1507,786
186,2,1303,418,1508,650
187,4,1301,420,1508,785
187,2,1303,419,1508,650
187,0,1033,438,1329,787
187,5,1034,439,1330,1065
187,1,1608,558,1892,827
188,2,1304,421,1508,651
188,4,1303,421,1508,786
188,1,1609,558,1892,833
188,0,1033,438,1315,787
188,5,1035,439,1313,1066
189,1,1609,558,1892,836
189,2,1303,421,1508,652
189,4,1301,421,1508,786
189,0,1033,438,1321,787
189,5,1034,439,1321,1065
190,5,1034,439,1321,1065
190,0,1034,438,1320,787
190,1,1609,558,1892,835
190,4,1301,422,1508,785
190,2,1303,422,1508,653
191,0,1034,437,1319,787
191,1,1609,558,1893,834
191,5,1035,439,1321,1064
191,4,1304,421,1509,786
191,2,1305,422,1508,651
192,1,1609,558,1893,835
192,2,1304,422,1508,651
192,4,1302,421,1508,786
192,5,1035,439,1316,1064
192,0,1033,438,1315,788
193,1,1609,558,1892,833
193,4,1303,422,1509,786
193,2,1305,422,1509,649
193,5,1035,439,1312,1064
193,0,1033,438,1310,788
194,4,1303,422,1509,786
194,5,1034,439,1311,1065
194,0,1033,438,1313,788
194,1,1609,558,1893,828
195,4,1303,422,1509,786
195,5,1035,438,1312,1065
195,0,1033,437,1315,787
195,2,1304,423,1509,652
195,1,1609,558,1892,821
196,2,1305,423,1509,652
196,0,1033,437,1315,788
196,4,1303,423,1509,786
196,5,1035,438,1315,1064
196,1,1608,558,1893,817
197,4,1304,422,1509,786
197,1,1608,558,1893,818
197,2,1304,423,1509,652
197,5,1034,438,1309,1065
197,0,1033,437,1308,788
198,1,1608,558,1893,818
198,5,1034,438,1309,1065
198,0,1033,437,1307,788
198,4,1302,422,1510,786
198,2,1303,423,1509,651
199,0,1032,437,1308,788
199,4,1302,423,1509,786
199,2,1304,423,1509,652
199,1,1608,558,1893,822
199,5,1033,437,1306,1066
200,4,1302,423,1509,786
200,2,1304,423,1509,651
200,5,1034,438,1303,1065
200,0,1033,437,1303,789
200,1,1609,558,1892,827
201,2,1304,423,1509,651
201,4,1302,423,1509,786
201,0,1033,437,1305,789
201,5,1033,438,1304,1065
201,1,1609,558,1892,832
202,4,1302,423,1509,786
202,1,1609,558,1892,831
202,5,1033,438,1305,1066
202,0,1033,437,1307,788
202,2,1304,423,1509,649
203,4,1302,423,1509,786
203,0,1033,437,1308,788
203,2,1304,424,1509,648
203,1,1608,558,1892,833
203,5,1033,438,1309,1064
204,4,1302,423,1509,786
204,2,1304,424,1509,649
204,0,1033,437,1310,788
204,1,1608,558,1892,836
204,5,1032,438,1307,1065
205,2,1304,424,1509,649
205,4,1302,423,1509,787
205,1,1608,558,1893,834
205,5,1031,438,1312,1065
205,0,1032,437,1316,789
206,4,1303,423,1509,787
206,2,1304,424,1509,650
206,0,1032,437,1313,789
206,5,1031,438,1310,1065
206,1,1607,558,1893,827
207,4,1303,423,1509,787
207,2,1304,424,1509,650
207,0,1032,437,1317,789
207,5,1032,438,1315,1064
207,1,1608,558,1893,821
208,5,1032,438,1316,1064
208,4,1303,423,1509,787
208,0,1032,437,1317,789
208,2,1304,424,1509,649
208,1,1608,558,1893,818
209,4,1303,423,1509,788
209,1,1609,558,1893,817
209,0,1033,437,1317,788
209,2,1304,424,1509,650
209,5,1032,438,1318,1064
210,1,1609,558,1893,818
210,4,1303,424,1510,787
210,2,1304,424,1509,651
210,5,1033,438,1323,1064
210,0,1033,436,1323,788
211,2,1305,424,1510,651
211,5,1034,438,1325,1064
211,4,1304,424,1510,788
211,0,1034,436,1324,788
211,1,1609,558,1892,822
212,4,1304,424,1511,788
212,2,1305,424,1510,651
212,5,1033,437,1327,1064
212,0,1033,435,1327,789
212,1,1610,558,1892,826
213,4,1304,424,1511,788
213,1,1610,558,1893,827
213,2,1305,424,1511,650
213,0,1034,435,1323,788
213,5,1034,437,1325,1065
214,4,1305,424,1511,788
214,5,1034,437,1322,1065
214,2,1306,424,1511,649
214,0,1034,435,1320,788
214,1,1611,558,1893,833
215,4,1305,425,1511,788
215,2,1306,425,1511,649
215,1,1611,558,1894,831
215,0,1034,435,1326,788
215,5,1036,438,1327,1066
216,4,1306,425,1511,788
216,0,1034,435,1327,788
216,5,1038,438,1328,1066
216,2,1307,425,1511,650
216,1,1611,558,1894,826
217,1,1611,559,1894,827
217,4,1307,425,1512,788
217,0,1034,435,1326,788
217,5,1037,438,1326,1066
217,2,1307,425,1512,652
218,0,1034,435,1326,788
218,4,1307,426,1512,788
218,1,1611,559,1895,826
218,5,1036,438,1326,1066
218,2,1307,425,1512,652
219,4,1307,426,1512,788
219,2,1307,425,1512,653
219,0,1034,436,1328,788
219,5,1034,439,1327,1066
219,1,1611,558,1895,824
220,4,1307,426,1512,788
220,0,1034,435,1328,788
220,2,1307,425,1512,653
220,5,1034,439,1328,1067
220,1,1611,558,1895,823
221,4,1307,426,1512,787
221,1,1611,558,1895,822
221,0,1034,436,1327,788
221,5,1035,439,1328,1067
221,2,1307,426,1513,654
222,4,1306,426,1512,788
222,2,1307,426,1513,653
222,0,1034,436,1329,789
222,5,1035,439,1329,1067
222,1,1611,558,1895,816
223,0,1034,436,1329,789
223,4,1306,426,1512,788
223,5,1035,439,1329,1067
223,2,1307,426,1513,653
223,1,1611,558,1894,814
224,4,1306,426,1512,788
224,1,1611,558,1894,815
224,2,1307,426,1513,652
224,5,1035,440,1326,1067
224,0,1034,436,1326,789
225,4,1306,426,1513,788
225,0,1034,437,1326,789
225,5,1035,441,1327,1067
225,2,1307,426,1513,653
225,1,1611,558,1894,821
226,4,1306,426,1513,788
226,2,1307,425,1513,652
226,1,1611,558,1895,823
226,0,1034,438,1328,789
226,5,1037,441,1330,1066
227,2,1307,425,1514,652
227,4,1306,426,1513,788
227,5,1036,442,1328,1066
227,0,1033,440,1330,790
227,1,1611,558,1895,828
228,2,1307,425,1514,652
228,4,1306,426,1513,788
228,5,1036,442,1328,1067
228,0,1034,439,1328,789
228,1,1611,558,1894,822
229,4,1306,426,1513,787
229,5,1037,442,1328,1067
229,2,1307,425,1513,651
229,1,1611,558,1895,825
229,0,1033,440,1331,790
230,4,1306,426,1513,787
230,0,1033,440,1331,790
230,2,1307,425,1513,652
230,1,1612,558,1895,829
230,5,1035,442,1325,1067
231,4,1306,425,1513,788
231,2,1307,425,1514,653
231,0,1033,440,1329,790
231,5,1036,442,1322,1067
231,1,1611,558,1895,834
232,2,1307,425,1514,652
232,4,1306,425,1513,788
232,5,1037,442,1323,1067
232,1,1611,557,1895,830
232,0,1034,440,1324,789
233,4,1306,425,1513,789
233,2,1307,425,1514,652
233,5,1036,442,1321,1067
233,1,1612,557,1895,825
233,0,1033,440,1328,790
234,4,1306,425,1513,789
234,5,1036,442,1322,1067
234,1,1611,557,1895,824
234,2,1307,425,1514,649
234,0,1034,440,1324,789
235,4,1306,425,1513,789
235,2,1307,425,1514,649
235,0,1034,440,1326,789
235,1,1611,557,1895,825
235,5,1035,442,1324,1067
236,4,1306,426,1513,789
236,2,1307,425,1514,650
236,0,1034,440,1324,789
236,5,1035,442,1322,1067
236,1,1610,557,1895,823
237,4,1306,426,1513,789
237,2,1307,425,1514,649
237,0,1034,440,1327,789
237,5,1035,442,1325,1067
237,1,1611,557,1895,819
238,4,1306,426,1513,789
238,0,1034,440,1327,789
238,5,1035,442,1325,1067
238,1,1611,557,1895,818
238,2,1307,425,1514,650
239,5,1035,442,1325,1067
239,0,1034,440,1327,789
239,4,1306,425,1513,789
239,1,1610,557,1895,818
239,2,1307,425,1514,650
240,4,1306,426,1513,789
240,2,1307,425,1514,648
240,1,1610,557,1895,821
240,5,1036,442,1329,1067
240,0,1033,440,1331,790
241,4,1306,426,1512,789
241,0,1034,440,1329,789
241,5,1033,442,1326,1067
241,1,1612,557,1895,827
241,2,1307,425,1513,652
242,4,1307,426,1512,789
242,1,1612,557,1895,828
242,2,1307,425,1513,653
242,0,1034,440,1326,789
242,5,1032,442,1324,1067
243,4,1306,426,1513,789
243,2,1307,425,1513,652
243,1,1612,557,1895,830
243,5,1032,442,1322,1067
243,0,1033,440,1328,790
244,0,1033,440,1328,790
244,5,1032,442,1322,1067
244,4,1306,426,1512,789
244,2,1307,425,1513,652
244,1,1612,557,1896,831
245,4,1306,426,1513,789
245,1,1613,557,1896,831
245,2,1307,425,1513,653
245,0,1033,440,1326,790
245,5,1030,442,1320,1068
246,0,1033,440,1325,790
246,4,1307,426,1512,789
246,2,1308,425,1513,652
246,1,1612,557,1895,832
246,5,1032,442,1319,1067
247,4,1307,425,1512,789
247,2,1307,425,1513,653
247,0,1034,440,1328,790
247,5,1032,442,1322,1067
247,1,1612,556,1895,827
248,4,1307,425,1513,789
248,2,1307,425,1513,653
248,5,1031,442,1322,1067
248,1,1612,557,1895,826
248,0,1035,440,1324,789
249,4,1307,425,1512,789
249,2,1307,424,1513,654
249,0,1034,440,1326,789
249,5,1029,442,1320,1068
249,1,1611,557,1895,821
250,4,1307,425,1513,788
250,2,1307,425,1513,654
250,0,1035,440,1325,789
250,5,1029,442,1323,1067
250,1,1611,557,1895,819
251,4,1306,425,1513,789
251,2,1308,425,1514,655
251,0,1035,440,1329,789
251,1,1612,557,1896,816
251,5,1029,442,1329,1067
252,4,1307,425,1513,789
252,1,1612,557,1896,816
252,2,1308,425,1514,655
252,0,1035,439,1330,789
252,5,1030,442,1331,1067
253,4,1307,425,1513,789
253,2,1308,424,1514,655
253,1,1612,557,1896,819
253,0,1034,440,1324,790
253,5,1030,441,1317,1068
254,4,1307,424,1513,789
254,2,1308,424,1514,655
254,0,1033,440,1323,790
254,5,1030,442,1316,1067
254,1,1612,557,1896,821
255,4,1307,424,1512,789
255,2,1308,424,1513,655
255,0,1033,440,1320,789
255,5,1029,442,1313,1067
255,1,1612,557,1896,826
256,4,1307,424,1513,789
256,2,1308,424,1514,656
256,0,1033,439,1322,790
256,5,1028,441,1315,1068
256,1,1612,557,1896,829
257,4,1306,424,1513,789
257,2,1307,424,1514,656
257,1,1612,557,1896,827
257,0,1034,439,1326,790
257,5,1029,441,1319,1068
258,4,1307,424,1513,789
258,2,1307,424,1514,655
258,0,1033,439,1324,790
258,1,1612,557,1896,825
258,5,1027,441,1317,1068
259,5,1027,441,1317,1068
259,1,1612,557,1896,824
259,4,1306,424,1513,788
259,0,1033,439,1325,790
259,2,1307,424,1513,655
260,4,1306,424,1512,788
260,5,1027,440,1317,1068
260,2,1307,424,1513,655
260,0,1032,438,1325,789
260,1,1612,557,1895,826
261,4,1306,424,1512,788
261,2,1307,424,1513,656
261,0,1032,438,1326,789
261,5,1027,440,1318,1068
261,1,1612,557,1895,818
262,4,1306,424,1513,788
262,2,1307,424,1513,656
262,1,1611,557,1895,817
262,0,1032,438,1324,790
262,5,1027,440,1316,1068
263,4,1306,424,1512,788
263,1,1611,557,1895,816
263,0,1032,438,1327,789
263,5,1026,440,1318,1068
263,2,1307,424,1513,654
264,1,1611,556,1895,815
264,2,1307,424,1513,654
264,4,1306,424,1512,788
264,0,1032,438,1322,789
264,5,1025,440,1314,1068
265,1,1611,557,1895,815
265,0,1032,438,1321,789
265,4,1305,424,1512,788
265,2,1306,424,1512,653
265,5,1027,440,1313,1068
266,4,1305,424,1512,788
266,2,1306,424,1512,653
266,1,1611,557,1895,817
266,0,1032,438,1325,789
266,5,1026,440,1321,1068
267,2,1306,424,1512,653
267,4,1305,424,1512,788
267,0,1032,438,1325,789
267,5,1027,440,1317,1068
267,1,1612,557,1895,821
268,4,1305,424,1512,788
268,0,1032,438,1324,789
268,2,1306,424,1512,652
268,5,1027,440,1316,1067
268,1,1612,556,1895,829
269,1,1612,556,1895,829
269,4,1304,424,1512,788
269,2,1306,424,1512,651
269,0,1032,438,1326,789
269,5,1027,440,1319,1067
270,4,1305,424,1512,788
270,2,1307,424,1512,651
270,0,1032,438,1323,789
270,5,1027,440,1316,1067
270,1,1612,557,1895,825
271,4,1307,423,1511,788
271,1,1611,557,1895,828
271,0,1032,438,1330,789
271,2,1308,423,1511,654
271,5,1027,440,1323,1069
272,4,1307,423,1511,788
272,2,1308,423,1511,654
272,0,1032,438,1328,789
272,5,1027,440,1321,1069
272,1,1611,557,1894,822
273,4,1306,423,1511,788
273,2,1308,423,1511,654
273,0,1032,438,1327,789
273,5,1026,440,1318,1068
273,1,1611,556,1894,827
274,0,1032,438,1328,790
274,5,1026,440,1320,1068
274,4,1307,423,1512,788
274,2,1308,423,1512,656
274,1,1610,556,1894,821
275,4,1306,423,1512,788
275,0,1032,438,1329,790
275,5,1026,440,1321,1069
275,2,1308,423,1512,655
275,1,1610,556,1894,818
276,4,1306,423,1512,788
276,2,1308,423,1512,654
276,0,1032,438,1331,790
276,1,1610,556,1894,817
276,5,1026,440,1323,1069
277,4,1306,423,1512,788
277,1,1610,555,1894,815
277,2,1308,423,1512,653
277,0,1032,438,1326,790
277,5,1026,440,1317,1069
278,1,1610,555,1895,816
278,2,1307,423,1512,652
278,4,1306,423,1512,788
278,0,1032,438,1328,789
278,5,1026,440,1319,1069
279,1,1610,555,1895,815
279,4,1305,423,1512,788
279,0,1032,437,1329,789
279,2,1308,423,1512,651
279,5,1026,440,1324,1069
280,4,1305,423,1512,788
280,0,1032,437,1330,789
280,5,1026,440,1325,1069
280,2,1308,423,1512,652
280,1,1610,555,1895,817
281,2,1308,423,1512,652
281,4,1304,423,1512,787
281,0,1032,437,1333,789
281,5,1026,440,1328,1069
281,1,1610,555,1895,821
282,2,1308,423,1512,653
282,0,1032,437,1333,789
282,5,1027,440,1329,1068
282,4,1303,423,1512,786
282,1,1610,555,1895,830
283,2,1308,423,1512,652
283,4,1305,423,1512,787
283,0,1032,437,1331,788
283,5,1027,440,1327,1068
283,1,1611,556,1895,826
284,5,1027,440,1326,1068
284,0,1032,437,1331,788
284,2,1308,423,1511,651
284,4,1305,423,1512,787
284,1,1610,555,1895,823
285,2,1308,423,1511,651
285,5,1027,440,1327,1069
285,0,1032,437,1331,789
285,4,1304,423,1512,787
285,1,1610,555,1895,825
286,2,1308,423,1511,652
286,1,1610,555,1894,824
286,4,1306,423,1512,787
286,0,1032,437,1327,789
286,5,1027,440,1320,1068
287,4,1305,423,1511,787
287,2,1307,423,1511,651
287,0,1032,437,1321,789
287,5,1028,439,1313,1068
287,1,1609,554,1894,817
288,4,1305,423,1511,787
288,2,1307,423,1511,651
288,1,1608,554,1894,818
288,5,1028,439,1311,1068
288,0,1032,438,1317,789
289,4,1305,423,1511,787
289,2,1307,423,1511,650
289,1,1608,555,1894,816
289,5,1027,440,1316,1068
289,0,1032,438,1324,789
290,4,1305,423,1511,788
290,0,1032,438,1322,789
290,1,1607,555,1894,817
290,2,1307,423,1510,651
290,5,1026,440,1314,1068
291,4,1304,423,1511,788
291,2,1306,423,1510,652
291,5,1026,440,1312,1068
291,1,1607,556,1894,816
291,0,1032,438,1320,789
292,4,1304,423,1511,788
292,2,1306,423,1510,652
292,1,1607,557,1894,816
292,0,1032,439,1324,789
292,5,1025,441,1318,1068
293,4,1304,423,1511,787
293,1,1608,557,1894,817
293,2,1306,423,1510,653
293,0,1032,439,1326,790
293,5,1026,441,1320,1068
294,1,1608,557,1894,817
294,4,1304,423,1511,787
294,2,1306,423,1510,652
294,0,1032,439,1325,790
294,5,1026,441,1318,1068
295,0,1032,439,1325,790
295,5,1026,441,1319,1068
295,2,1306,423,1510,652
295,4,1304,423,1511,786
295,1,1607,558,1894,823
296,0,1032,438,1325,790
296,5,1027,441,1319,1068
296,4,1304,423,1510,786
296,2,1306,423,1510,653
296,1,1607,557,1894,826
297,0,1032,439,1324,790
297,1,1607,557,1894,827
297,5,1027,441,1318,1068
297,4,1304,423,1510,787
297,2,1306,423,1510,651
298,0,1032,438,1324,790
298,5,1026,441,1317,1068
298,4,1304,423,1510,787
298,2,1305,423,1510,652
298,1,1607,557,1894,825
299,4,1304,422,1510,787
299,2,1306,423,1510,652
299,5,1026,441,1314,1068
299,0,1032,438,1321,790
299,1,1607,557,1894,821
300,2,1306,423,1510,652
300,4,1304,422,1510,788
300,1,1607,557,1894,815
300,0,1032,439,1329,790
300,5,1026,442,1323,1068
301,1,1607,557,1894,815
301,2,1306,424,1510,652
301,4,1299,423,1510,788
301,0,1031,440,1338,789
301,5,1026,443,1336,1069
302,5,1026,443,1336,1069
302,0,1032,441,1338,789
302,1,1607,558,1894,816
302,2,1306,424,1510,650
302,4,1302,423,1510,788
303,1,1607,558,1894,816
303,5,1026,443,1336,1069
303,0,1031,441,1338,789
303,2,1306,424,1510,651
303,4,1301,423,1511,788
304,4,1301,423,1511,788
304,5,1026,443,1337,1069
304,2,1306,424,1510,650
304,1,1608,558,1894,816
304,0,1033,442,1338,788
305,5,1026,443,1338,1069
305,2,1306,424,1511,649
305,1,1609,558,1894,817
305,4,1303,424,1511,788
305,0,1031,441,1339,789
306,4,1303,424,1511,788
306,2,1306,424,1511,649
306,0,1031,441,1339,789
306,5,1026,443,1337,1069
306,1,1609,558,1894,825
307,4,1303,424,1511,788
307,1,1609,558,1894,826
307,0,1031,441,1338,789
307,2,1306,424,1510,649
307,5,1026,443,1336,1069
308,0,1031,441,1339,789
308,5,1026,443,1337,1069
308,2,1306,424,1511,648
308,4,1303,424,1511,788
308,1,1609,558,1895,829
309,2,1306,424,1511,648
309,1,1609,558,1895,829
309,4,1303,423,1511,788
309,5,1026,443,1336,1069
309,0,1031,441,1338,789
310,2,1306,424,1511,648
310,4,1303,423,1511,789
310,0,1031,441,1337,789
310,5,1026,443,1335,1069
310,1,1609,558,1895,827
311,4,1304,424,1512,789
311,2,1307,424,1512,648
311,0,1032,440,1339,790
311,1,1609,558,1895,824
311,5,1027,442,1338,1069
312,2,1306,424,1512,648
312,5,1027,442,1339,1069
312,0,1032,440,1340,789
312,4,1303,424,1512,788
312,1,1609,558,1895,819
313,1,1609,558,1895,819
313,4,1303,424,1512,788
313,5,1027,441,1340,1069
313,2,1306,424,1512,648
313,0,1033,439,1341,790
314,1,1609,558,1895,819
314,5,1027,441,1339,1069
314,4,1304,424,1512,788
314,0,1033,439,1341,789
314,2,1306,424,1512,648
315,4,1303,424,1512,789
315,2,1306,424,1512,648
315,5,1027,441,1338,1069
315,1,1609,558,1895,820
315,0,1033,439,1340,789
316,4,1303,424,1512,788
316,5,1027,441,1338,1069
316,0,1033,438,1339,790
316,1,1610,558,1895,822
316,2,1307,424,1512,650
317,4,1303,424,1512,788
317,5,1027,441,1337,1069
317,2,1306,424,1512,650
317,1,1609,558,1896,823
317,0,1034,439,1338,788
318,4,1303,424,1512,788
318,5,1027,441,1337,1069
318,2,1307,424,1512,650
318,0,1033,439,1339,791
318,1,1609,558,1896,829
319,5,1027,441,1337,1069
319,2,1306,424,1512,650
319,0,1033,439,1339,791
319,4,1302,424,1512,788
319,1,1610,558,1896,836
320,1,1610,558,1896,836
320,2,1306,424,1512,650
320,5,1027,440,1336,1069
320,4,1302,423,1512,788
320,0,1033,438,1338,791
321,1,1609,558,1896,836
321,5,1027,440,1337,1069
321,0,1033,438,1339,791
321,2,1307,424,1513,649
321,4,1304,424,1512,788
322,1,1609,558,1896,835
322,4,1304,424,1512,789
322,5,1027,439,1336,1069
322,2,1306,424,1512,649
322,0,1033,437,1338,790
323,4,1304,424,1512,788
323,5,1027,439,1336,1069
323,0,1032,437,1338,791
323,2,1307,424,1513,645
323,1,1609,558,1896,829
324,0,1033,437,1337,791
324,4,1303,423,1512,788
324,5,1027,439,1335,1069
324,1,1609,558,1896,827
325,4,1303,423,1512,788
325,5,1027,440,1335,1069
325,0,1033,437,1337,791
325,1,1609,558,1896,827
326,4,1304,423,1512,788
326,0,1033,438,1337,791
326,5,1027,440,1336,1069
326,2,1307,424,1512,648
326,1,1609,559,1896,822
327,5,1027,440,1336,1069
327,0,1033,438,1338,791
327,1,1609,559,1896,823
327,2,1307,423,1512,649
327,4,1302,423,1512,788
328,1,1609,559,1896,823
328,5,1027,440,1335,1069
328,0,1033,438,1337,791
328,4,1301,423,1512,788
328,2,1306,423,1512,648
329,0,1033,438,1338,791
329,2,1306,423,1512,649
329,5,1026,440,1337,1069
329,4,1299,423,1512,788
329,1,1610,559,1896,827
330,5,1026,440,1336,1069
330,0,1033,438,1338,791
330,4,1300,423,1512,788
330,2,1306,423,1511,649
330,1,1610,559,1896,832
331,1,1611,559,1896,833
331,0,1033,437,1335,791
331,4,1302,423,1511,788
331,5,1027,439,1333,1069
331,2,1307,424,1511,652
332,2,1307,424,1511,653
332,0,1033,438,1334,791
332,4,1303,423,1511,788
332,5,1026,440,1331,1069
332,1,1611,559,1896,835
333,0,1033,437,1334,791
333,5,1027,439,1332,1069
333,2,1307,424,1511,653
333,4,1303,424,1511,788
333,1,1611,559,1897,835
334,0,1033,437,1335,791
334,5,1027,439,1333,1070
334,4,1304,423,1512,788
334,2,1306,424,1512,654
334,1,1611,559,1897,831
335,0,1033,437,1335,791
335,4,1304,423,1512,788
335,2,1307,424,1512,654
335,5,1027,439,1332,1070
335,1,1612,559,1897,827
336,4,1305,423,1512,788
336,0,1033,437,1333,791
336,5,1027,439,1330,1070
336,2,1307,424,1512,656
336,1,1612,559,1897,834
337,4,1304,423,1512,788
337,0,1033,437,1334,791
337,5,1026,440,1331,1070
337,1,1612,559,1897,832
337,2,1307,423,1512,655
338,4,1304,423,1512,788
338,0,1033,437,1334,792
338,2,1307,423,1512,655
338,5,1027,439,1332,1070
338,1,1612,559,1897,835
339,5,1027,439,1332,1070
339,0,1033,437,1335,792
339,2,1307,423,1512,654
339,4,1303,423,1512,788
339,1,1613,559,1897,838
340,4,1304,423,1512,787
340,0,1033,437,1334,792
340,5,1027,440,1331,1069
340,2,1307,423,1512,656
340,1,1613,559,1897,833
341,5,1027,439,1331,1070
341,0,1033,437,1334,792
341,1,1613,559,1897,833
341,2,1307,423,1512,655
341,4,1305,423,1512,788
342,4,1305,423,1512,788
342,2,1307,423,1512,655
342,0,1033,437,1334,792
342,5,1026,439,1330,1070
342,1,1613,559,1897,840
343,4,1305,423,1512,788
343,1,1613,559,1896,840
343,2,1307,423,1512,653
343,0,1032,437,1331,792
343,5,1026,439,1326,1070
344,0,1032,437,1331,792
344,4,1306,423,1512,789
344,2,1308,423,1512,653
344,5,1026,439,1327,1070
344,1,1613,560,1896,836
345,4,1306,423,1512,789
345,0,1032,437,1331,792
345,2,1308,423,1512,654
345,5,1024,439,1327,1070
345,1,1613,560,1897,834
346,4,1305,423,1512,789
346,0,1032,437,1330,792
346,5,1024,439,1325,1070
346,2,1308,423,1512,652
346,1,1613,560,1897,845
347,0,1032,437,1330,792
347,5,1024,439,1326,1070
347,4,1305,423,1512,789
347,2,1308,423,1512,650
347,1,1613,560,1897,848
348,1,1612,560,1897,849
348,4,1306,423,1512,789
348,0,1032,437,1327,793
348,5,1024,440,1322,1070
348,2,1308,423,1511,648
349,4,1306,423,1511,789
349,5,1024,440,1321,1070
349,0,1032,438,1327,793
349,1,1612,560,1896,847
349,2,1308,423,1510,649
350,0,1032,438,1326,793
350,1,1611,560,1896,846
350,5,1025,440,1320,1070
350,4,1305,422,1511,789
350,2,1307,423,1510,651
351,4,1304,420,1511,789
351,1,1610,560,1896,843
351,0,1032,438,1330,793
351,5,1025,441,1325,1070
351,2,1307,420,1510,653
352,0,1032,438,1331,793
352,5,1025,441,1326,1070
352,4,1302,420,1510,789
352,2,1306,420,1509,653
352,1,1610,560,1896,839
353,1,1610,560,1896,839
353,4,1301,420,1510,789
353,0,1032,437,1329,793
353,5,1025,440,1324,1070
353,2,1307,419,1509,652
354,0,1032,438,1329,793
354,5,1025,440,1325,1070
354,4,1302,419,1510,789
354,2,1307,417,1509,649
354,1,1610,560,1896,834
355,5,1025,440,1326,1070
355,0,1032,438,1331,793
355,4,1300,418,1510,789
355,2,1306,417,1510,650
355,1,1610,560,1896,831
356,5,1025,440,1323,1070
356,0,1032,438,1327,793
356,4,1303,418,1510,789
356,1,1610,560,1896,835
356,2,1307,417,1510,643
357,0,1032,438,1329,793
357,4,1301,418,1510,790
357,5,1024,440,1325,1070
357,1,1610,560,1896,837
357,2,1305,417,1510,643
358,4,1301,418,1510,790
358,0,1032,438,1328,793
358,5,1024,440,1324,1070
358,2,1305,416,1510,643
358,1,1610,560,1896,836
359,4,1302,418,1510,790
359,0,1032,437,1329,793
359,5,1025,440,1326,1070
359,1,1611,560,1896,839
359,2,1306,417,1509,639
360,4,1301,418,1510,789
360,2,1305,417,1510,640
360,0,1032,437,1332,793
360,5,1024,440,1331,1070
360,1,1610,560,1896,834
361,2,1305,417,1510,640
361,5,1022,440,1332,1070
361,4,1298,418,1510,789
361,0,1032,438,1334,789
361,1,1613,560,1896,847
362,2,1304,417,1509,642
362,1,1612,560,1896,843
362,4,1301,418,1509,789
362,0,1032,438,1328,793
362,5,1021,441,1323,1070
363,1,1612,560,1896,842
363,5,1021,441,1322,1070
363,0,1032,438,1327,793
363,4,1302,418,1510,789
363,2,1306,416,1510,644
364,4,1304,418,1510,789
364,1,1612,560,1896,840
364,2,1306,417,1511,642
364,0,1032,438,1321,793
364,5,1020,441,1316,1070
365,4,1303,417,1510,790
365,1,1611,560,1896,841
365,0,1032,438,1324,792
365,5,1021,441,1319,1070
365,2,1306,417,1510,641
366,4,1302,417,1509,790
366,1,1611,560,1896,838
366,0,1033,438,1327,793
366,5,1020,441,1322,1070
367,4,1302,417,1510,789
367,0,1033,438,1322,793
367,5,1021,440,1316,1070
367,1,1611,560,1896,827
368,4,1302,417,1510,790
368,2,1305,417,1510,641
368,1,1611,560,1896,829
368,5,1021,440,1314,1070
368,0,1033,438,1319,793
369,4,1302,418,1510,790
369,1,1611,560,1896,828
369,5,1021,441,1315,1070
369,2,1304,417,1510,641
369,0,1032,438,1321,793
370,4,1302,418,1510,789
370,0,1032,438,1321,793
370,5,1021,440,1315,1070
370,1,1611,560,1896,830
371,5,1021,440,1315,1070
371,2,1304,417,1510,640
371,0,1032,438,1321,793
371,4,1302,418,1510,789
371,1,1611,560,1896,836
372,4,1302,418,1510,790
372,5,1021,440,1313,1070
372,2,1304,417,1510,641
372,0,1032,438,1319,793
372,1,1610,560,1896,839
373,1,1610,560,1896,839
373,2,1304,417,1510,642
373,4,1302,418,1510,790
373,0,1032,438,1320,793
373,5,1021,440,1315,1070
374,4,1302,418,1510,790
374,1,1610,560,1897,840
374,2,1304,417,1510,640
374,0,1032,438,1325,793
374,5,1022,441,1320,1070
375,5,1021,440,1319,1070
375,4,1302,418,1510,790
375,0,1032,438,1324,793
375,2,1304,417,1510,640
375,1,1611,560,1896,838
376,4,1302,418,1509,790
376,0,1032,437,1324,793
376,5,1022,440,1319,1069
376,2,1304,417,1510,641
376,1,1611,560,1897,839
377,4,1302,418,1509,790
377,0,1032,437,1325,793
377,2,1304,417,1509,642
377,5,1022,440,1322,1069
377,1,1611,560,1897,834
378,2,1304,417,1509,642
378,4,1302,418,1509,790
378,1,1611,559,1896,835
378,0,1032,437,1328,793
378,5,1022,439,1326,1069
379,2,1304,417,1509,642
379,4,1302,418,1509,790
379,0,1032,438,1326,793
379,1,1610,559,1897,832
379,5,1021,440,1323,1069
380,4,1302,418,1509,790
380,0,1032,438,1327,792
380,2,1304,417,1509,642
380,5,1021,441,1322,1070
380,1,1610,559,1896,821
381,4,1302,418,1509,790
381,2,1304,417,1509,644
381,5,1022,441,1324,1070
381,1,1610,559,1896,819
381,0,1032,438,1329,792
382,1,1610,559,1896,819
382,2,1304,417,1509,644
382,0,1032,439,1329,792
382,4,1302,418,1509,790
382,5,1022,441,1324,1070
383,4,1301,417,1510,790
383,1,1611,559,1896,820
383,0,1032,439,1331,792
383,5,1022,442,1327,1069
383,2,1304,416,1510,651
384,0,1032,439,1331,792
384,4,1301,417,1510,790
384,5,1022,442,1327,1070
384,2,1304,416,1510,650
384,1,1611,559,1896,830
385,4,1301,417,1510,790
385,2,1304,416,1510,650
385,1,1611,559,1896,832
385,0,1032,439,1328,792
385,5,1022,442,1323,1069
386,4,1301,417,1510,790
386,0,1031,439,1326,792
386,5,1021,442,1321,1069
386,1,1609,559,1896,829
387,4,1302,417,1509,790
387,2,1304,416,1509,648
387,1,1609,558,1896,826
387,0,1031,440,1328,792
387,5,1023,443,1325,1069
388,4,1301,418,1509,790
388,0,1031,440,1331,792
388,1,1609,558,1896,828
388,5,1023,443,1329,1069
389,4,1302,417,1509,790
389,1,1609,558,1896,830
389,0,1031,440,1328,792
389,2,1304,417,1509,650
389,5,1023,443,1324,1069
390,4,1302,418,1509,790
390,5,1023,442,1324,1069
390,2,1304,417,1509,650
390,0,1031,439,1329,792
390,1,1609,558,1896,824
391,4,1303,418,1510,790
391,1,1610,558,1896,823
391,0,1032,441,1333,790
391,5,1024,441,1334,1068
391,2,1304,417,1510,639
392,4,1303,418,1510,790
392,0,1032,441,1334,790
392,5,1023,441,1334,1069
392,2,1304,417,1510,641
392,1,1610,558,1896,816
393,4,1303,418,1510,790
393,1,1610,558,1896,817
393,0,1032,441,1336,790
393,5,1023,441,1337,1069
393,2,1305,417,1510,642
394,5,1023,442,1336,1069
394,4,1303,418,1510,790
394,0,1032,441,1335,790
394,1,1610,558,1896,815
394,2,1305,417,1510,643
395,5,1023,442,1335,1069
395,0,1032,441,1334,790
395,1,1609,558,1896,816
395,4,1304,418,1510,790
395,2,1306,418,1510,639
396,1,1610,558,1896,816
396,0,1032,441,1334,790
396,4,1304,418,1510,789
396,5,1022,443,1335,1070
396,2,1306,417,1510,643
397,4,1304,418,1510,789
397,0,1032,441,1334,790
397,5,1023,444,1335,1070
397,1,1610,558,1896,818
397,2,1306,417,1510,639
398,1,1610,558,1896,819
398,0,1032,442,1333,790
398,5,1023,444,1333,1070
398,2,1306,418,1510,638
398,4,1306,419,1509,789
399,2,1306,418,1510,638
399,5,1023,444,1333,1070
399,0,1032,442,1333,790
399,4,1305,419,1508,789
399,1,1610,558,1896,817
400,5,1023,444,1334,1070
400,0,1033,442,1334,790
400,4,1306,419,1509,789
400,1,1610,558,1896,821
400,2,1306,417,1510,642
401,2,1306,417,1510,642
401,1,1610,558,1896,820
401,0,1033,443,1334,790
401,4,1305,419,1509,789
401,5,1023,445,1335,1070
402,4,1305,419,1509,789
402,0,1033,443,1334,790
402,5,1023,445,1334,1069
402,1,1608,558,1896,822
402,2,1305,417,1510,645
403,0,1033,444,1334,790
403,5,1023,446,1334,1070
403,1,1608,558,1896,820
403,2,1306,418,1510,642
403,4,1302,418,1510,790
404,4,1303,418,1510,790
404,2,1305,418,1510,641
404,5,1023,447,1332,1070
404,0,1033,445,1332,791
404,1,1608,558,1896,818
405,1,1608,558,1896,818
405,4,1303,418,1510,790
405,0,1033,445,1332,791
405,5,1023,447,1331,1070
405,2,1305,418,1510,642
406,5,1022,447,1331,1070
406,4,1303,418,1510,790
406,0,1032,445,1333,790
406,1,1608,558,1896,817
406,2,1305,417,1510,645
407,0,1032,445,1333,790
407,5,1022,447,1331,1070
407,1,1607,558,1896,815
407,4,1302,418,1510,790
407,2,1305,417,1509,643
408,1,1607,558,1896,815
408,0,1032,446,1333,790
408,5,1023,447,1332,1070
408,4,1301,418,1510,790
408,2,1305,417,1509,645
409,4,1300,418,1510,790
409,0,1032,446,1335,790
409,5,1022,447,1333,1070
409,1,1607,558,1896,816
410,0,1032,445,1335,790
410,4,1301,418,1510,790
410,5,1022,447,1334,1070
410,1,1608,559,1896,816
410,2,1305,417,1510,646
411,4,1301,418,1510,790
411,5,1022,447,1332,1070
411,1,1608,559,1896,818
411,2,1305,417,1510,644
411,0,1031,445,1334,792
412,4,1301,418,1510,790
412,1,1608,559,1896,817
412,2,1305,417,1510,645
412,0,1031,445,1335,792
412,5,1021,447,1334,1070
413,1,1608,559,1896,817
413,0,1031,445,1334,792
413,5,1021,447,1332,1070
413,2,1305,417,1510,646
413,4,1302,418,1511,790
414,0,1031,445,1334,792
414,5,1021,447,1332,1070
414,4,1303,418,1511,790
414,1,1607,559,1896,820
414,2,1305,417,1510,649
415,0,1031,445,1335,792
415,2,1305,417,1510,651
415,5,1021,447,1334,1070
415,1,1607,559,1897,822
415,4,1301,418,1511,789
416,2,1305,417,1510,651
416,4,1302,418,1511,790
416,0,1031,445,1332,792
416,1,1607,558,1897,819
416,5,1022,447,1331,1070
417,1,1607,559,1897,819
417,2,1305,417,1510,650
417,5,1021,447,1330,1070
417,0,1031,446,1332,792
417,4,1302,418,1511,789
418,4,1302,418,1511,789
418,0,1031,446,1332,792
418,5,1022,447,1330,1070
418,2,1305,417,1510,652
418,1,1607,558,1897,815
419,1,1607,559,1897,815
419,0,1031,446,1331,792
419,5,1022,447,1329,1070
419,2,1305,417,1510,652
419,4,1303,418,1511,789
420,4,1302,418,1511,789
420,1,1607,559,1897,815
420,2,1305,417,1510,651
420,0,1031,446,1329,792
420,5,1021,447,1326,1070
421,5,1022,448,1326,1070
421,4,1303,418,1511,790
421,1,1608,559,1896,813
421,0,1032,446,1331,790
421,2,1306,418,1510,654
422,1,1608,559,1896,813
422,4,1302,418,1511,789
422,2,1305,418,1510,655
422,0,1032,447,1332,790
422,5,1021,448,1328,1070
423,4,1303,418,1511,789
423,1,1609,559,1896,814
423,2,1306,418,1510,653
423,0,1032,447,1334,790
423,5,1021,448,1331,1070
424,4,1303,419,1511,789
424,1,1609,558,1896,814
424,0,1033,447,1335,790
424,5,1021,448,1333,1070
424,2,1305,418,1510,652
425,4,1302,419,1510,788
425,1,1609,558,1897,816
425,2,1305,418,1510,654
425,0,1032,447,1331,790
425,5,1021,448,1327,1070
426,1,1609,558,1897,816
426,5,1022,448,1328,1070
426,4,1303,419,1510,788
426,2,1305,419,1510,655
426,0,1031,447,1331,792
427,0,1031,446,1332,792
427,5,1021,448,1329,1070
427,4,1302,419,1511,788
427,1,1609,558,1897,817
427,2,1305,418,1510,657
428,2,1304,418,1510,656
428,1,1609,558,1897,817
428,5,1021,448,1332,1070
428,4,1301,419,1511,789
428,0,1032,446,1334,791
429,1,1609,557,1897,819
429,2,1305,418,1510,656
429,4,1302,419,1511,789
429,5,1020,448,1329,1070
429,0,1031,446,1332,792
430,4,1302,418,1511,789
430,2,1304,418,1510,655
430,5,1020,448,1327,1070
430,0,1032,446,1332,793
430,1,1608,557,1897,816
431,4,1302,418,1511,790
431,1,1608,558,1897,816
431,0,1032,446,1331,793
431,2,1304,418,1510,655
431,5,1021,448,1326,1069
432,1,1608,557,1897,816
432,4,1301,418,1511,790
432,0,1032,446,1330,793
432,2,1304,418,1510,655
432,5,1021,448,1325,1070
433,0,1032,446,1331,793
433,4,1302,418,1511,790
433,1,1608,557,1897,815
433,5,1022,448,1326,1069
433,2,1304,418,1510,656
434,0,1032,446,1330,793
434,4,1302,418,1511,790
434,5,1022,448,1325,1069
434,2,1304,418,1510,655
434,1,1608,557,1897,815
435,2,1304,418,1510,655
435,4,1302,418,1510,790
435,1,1608,557,1896,816
435,5,1022,448,1324,1069
435,0,1032,446,1329,793
436,1,1607,557,1896,815
436,0,1032,446,1327,793
436,4,1301,418,1510,790
436,5,1021,448,1321,1070
436,2,1303,418,1510,651
437,0,1031,446,1326,793
437,1,1608,558,1896,815
437,5,1021,448,1321,1070
437,4,1300,419,1510,790
437,2,1302,418,1510,648
438,5,1021,448,1320,1070
438,4,1300,418,1510,790
438,0,1031,446,1325,793
438,2,1302,418,1510,647
438,1,1608,557,1896,818
439,1,1608,557,1896,818
439,0,1032,445,1325,794
439,5,1020,448,1319,1070
439,4,1296,418,1511,790
439,2,1299,416,1510,651
440,5,1020,448,1320,1070
440,1,1608,557,1896,817
440,0,1032,445,1327,793
440,4,1294,416,1511,791
440,2,1296,415,1510,645
441,1,1608,557,1896,818
441,4,1295,416,1511,790
441,5,1020,448,1315,1070
441,0,1032,445,1321,793
442,1,1608,557,1896,818
442,4,1292,416,1511,790
442,5,1019,447,1309,1070
442,0,1032,445,1315,793
443,1,1608,557,1896,819
443,5,1019,447,1312,1070
443,0,1032,444,1319,793
443,4,1289,416,1513,790
444,5,1019,447,1312,1070
444,0,1032,444,1318,793
444,1,1608,557,1897,817
444,4,1286,417,1513,789
445,5,1019,447,1315,1070
445,4,1283,417,1513,790
445,0,1032,444,1322,793
445,1,1607,557,1896,813
445,2,1287,416,1512,655
446,2,1286,417,1512,655
446,1,1608,557,1897,815
446,5,1019,447,1314,1071
446,0,1032,444,1320,793
446,4,1281,417,1513,789
447,1,1608,557,1897,815
447,5,1019,447,1315,1071
447,0,1031,444,1321,793
447,4,1282,417,1513,789
447,2,1288,417,1512,655
448,1,1608,557,1897,815
448,4,1281,417,1513,788
448,5,1019,447,1313,1071
448,2,1289,417,1512,655
448,0,1032,444,1319,793
449,1,1608,557,1897,815
449,2,1289,416,1512,655
449,4,1283,417,1513,788
449,5,1019,447,1316,1070
449,0,1032,444,1321,793
450,1,1608,558,1897,813
450,4,1280,417,1513,788
450,5,1019,447,1311,1070
450,0,1032,444,1315,793
450,2,1285,417,1512,657
451,1,1609,558,1897,814
451,2,1284,417,1512,656
451,4,1277,417,1513,788
451,5,1020,447,1317,1070
451,0,1031,443,1321,793
452,0,1031,443,1320,793
452,5,1020,446,1316,1070
452,4,1279,417,1513,788
452,1,1608,559,1897,817
452,2,1285,417,1512,654
453,1,1608,559,1897,818
453,4,1281,417,1513,789
453,5,1020,446,1312,1070
453,2,1287,417,1512,652
453,0,1031,443,1315,793
454,1,1608,559,1897,817
454,4,1279,417,1513,789
454,2,1286,417,1512,651
454,5,1021,446,1314,1070
454,0,1031,443,1319,793
455,1,1608,558,1897,816
455,0,1031,443,1320,793
455,5,1020,446,1316,1070
455,2,1287,417,1512,650
455,4,1281,418,1513,789
456,4,1282,417,1513,789
456,2,1288,417,1512,651
456,1,1608,558,1897,818
456,5,1020,446,1313,1070
456,0,1030,443,1318,793
457,4,1282,418,1513,790
457,2,1288,417,1512,650
457,1,1608,558,1897,819
457,5,1020,446,1311,1070
457,0,1030,443,1314,793
458,5,1020,446,1311,1070
458,0,1030,443,1314,792
458,2,1289,417,1512,650
458,4,1285,417,1513,789
458,1,1608,558,1897,813
459,4,1286,417,1513,790
459,1,1607,558,1897,814
459,2,1290,417,1511,652
459,5,1020,446,1309,1070
459,0,1030,443,1309,792
460,4,1286,417,1513,790
460,2,1289,417,1511,652
460,5,1021,446,1309,1070
460,0,1030,443,1310,792
460,1,1607,558,1897,816
461,4,1285,417,1513,789
461,1,1608,558,1897,815
461,2,1289,417,1511,653
461,5,1021,445,1311,1070
461,0,1030,443,1314,792
462,4,1285,417,1513,789
462,1,1608,558,1897,815
462,2,1289,417,1511,652
462,5,1020,445,1310,1070
462,0,1030,442,1312,792
463,0,1030,441,1311,792
463,4,1284,417,1513,789
463,1,1608,558,1897,812
463,5,1019,444,1308,1070
463,2,1289,417,1511,655
464,2,1289,417,1511,656
464,1,1608,558,1897,814
464,0,1030,440,1313,792
464,4,1282,417,1513,788
464,5,1018,444,1310,1071
465,4,1281,418,1512,788
465,1,1608,557,1898,815
465,5,1016,443,1312,1071
465,0,1031,440,1316,792
465,2,1288,418,1511,652
466,0,1031,440,1316,792
466,4,1282,418,1513,788
466,1,1608,557,1897,814
466,2,1287,418,1511,654
466,5,1013,442,1313,1071
467,0,1031,440,1315,792
467,4,1280,417,1512,788
467,1,1608,557,1898,817
467,2,1286,417,1511,656
467,5,1007,442,1312,1072
468,1,1609,557,1898,817
468,0,1031,439,1315,792
468,4,1281,416,1513,789
468,2,1287,416,1511,655
468,5,1005,441,1314,1072
469,1,1610,557,1898,815
469,4,1279,416,1513,788
469,5,1004,440,1318,1072
469,0,1031,437,1320,792
469,2,1288,415,1512,652
470,1,1609,556,1898,814
470,4,1277,416,1513,787
470,0,1032,437,1326,792
470,5,1003,440,1325,1072
471,0,1032,437,1324,793
471,1,1610,555,1897,814
471,4,1278,416,1513,787
471,5,1003,440,1323,1072
472,1,1609,556,1898,814
472,4,1282,416,1513,787
472,0,1031,436,1329,792
472,5,1003,439,1331,1072
473,1,1609,555,1899,814
473,4,1286,416,1513,787
473,2,1290,415,1512,648
473,0,1032,436,1321,792
473,5,1002,438,1321,1072
474,1,1609,555,1899,814
474,4,1287,415,1513,788
474,2,1290,414,1512,649
474,5,1003,437,1316,1072
474,0,1031,435,1317,791
475,0,1031,435,1316,791
475,4,1288,415,1513,788
475,1,1610,555,1899,814
475,5,1001,438,1316,1072
476,4,1288,415,1513,788
476,1,1610,555,1899,813
476,0,1031,435,1318,791
476,5,1001,438,1319,1071
477,0,1031,436,1319,791
477,1,1610,555,1899,812
477,4,1287,415,1513,788
477,5,998,438,1320,1071
477,2,1291,414,1512,651
478,1,1610,555,1899,812
478,0,1032,435,1318,791
478,5,997,437,1321,1070
478,4,1286,415,1512,787
479,4,1286,415,1512,787
479,1,1611,554,1899,816
479,0,1032,434,1313,791
479,5,996,436,1313,1070
480,4,1286,415,1512,787
480,1,1611,554,1899,816
480,0,1032,433,1311,791
480,5,993,434,1310,1071
481,1,1611,554,1899,819
481,4,1283,414,1513,786
481,2,1289,414,1513,652
481,5,993,433,1305,1072
481,0,1032,431,1305,790
482,4,1283,415,1513,786
482,1,1610,554,1900,819
482,5,993,432,1304,1071
482,2,1290,414,1513,653
482,0,1031,431,1305,790
483,5,992,432,1305,1071
483,0,1030,430,1305,789
483,1,1610,554,1899,817
483,4,1277,415,1513,783
484,1,1610,554,1899,816
484,0,1030,430,1306,789
484,5,992,432,1308,1071
484,4,1270,415,1513,783
485,4,1271,414,1513,782
485,0,1030,430,1305,789
485,5,992,431,1306,1071
485,1,1610,553,1898,813
486,4,1271,415,1513,782
486,0,1031,430,1305,790
486,5,992,430,1307,1070
486,1,1609,554,1899,812
487,0,1030,430,1303,788
487,4,1273,415,1512,782
487,1,1609,553,1899,814
487,5,990,430,1303,1071
488,1,1609,553,1898,814
488,4,1271,415,1512,780
488,5,989,430,1306,1071
488,0,1029,429,1307,788
489,5,988,429,1304,1071
489,1,1608,553,1898,811
489,4,1273,415,1512,782
489,0,1029,429,1303,788
490,1,1609,553,1898,811
490,5,988,430,1304,1071
490,0,1028,429,1303,788
490,4,1272,415,1512,781
491,4,1271,415,1512,780
491,1,1609,553,1897,813
491,5,988,429,1307,1072
491,0,1028,428,1305,788
492,1,1609,553,1897,811
492,4,1270,415,1512,779
492,5,988,429,1304,1072
492,0,1027,428,1302,789
493,4,1270,415,1512,779
493,5,988,429,1302,1072
493,0,1027,428,1299,788
493,1,1609,552,1898,818
494,4,1270,415,1512,779
494,5,988,429,1300,1072
494,1,1608,552,1898,820
494,0,1026,427,1295,788
495,4,1270,415,1512,779
495,0,1026,427,1295,787
495,5,988,429,1299,1072
495,1,1608,552,1898,821
496,0,1026,427,1296,788
496,5,989,427,1297,1072
496,4,1273,415,1512,782
496,1,1608,552,1898,816
496,2,1284,413,1511,648
497,1,1608,552,1898,816
497,5,989,426,1293,1072
497,4,1270,415,1512,780
497,2,1281,413,1511,649
497,0,1027,427,1292,787
498,5,989,427,1295,1072
498,0,1026,427,1293,787
498,1,1607,552,1898,814
498,4,1270,415,1512,777
498,2,1271,415,1511,662
499,1,1607,552,1897,815
499,0,1025,428,1294,787
499,5,988,427,1297,1072
499,4,1268,415,1512,775
500,0,1025,427,1294,787
500,1,1607,552,1897,814
500,5,989,427,1297,1072
500,4,1268,415,1511,776
500,2,1270,414,1511,661
501,1,1607,553,1897,813
501,0,1025,426,1292,788
501,5,989,427,1293,1072
501,4,1270,415,1511,779
502,5,989,427,1293,1072
502,1,1607,553,1897,813
502,0,1024,427,1293,787
502,4,1272,415,1511,781
503,1,1607,553,1897,813
503,4,1273,415,1510,782
503,5,989,427,1296,1072
503,0,1023,426,1295,786
503,2,1282,413,1509,649
504,4,1272,415,1510,781
504,1,1607,552,1897,815
504,2,1280,413,1509,650
504,5,989,427,1292,1072
504,0,1023,426,1291,786
505,1,1607,552,1897,814
505,0,1023,426,1290,786
505,2,1280,413,1509,649
505,5,989,427,1289,1072
505,4,1274,414,1510,783
506,4,1275,414,1510,783
506,5,989,427,1291,1072
506,2,1281,413,1509,648
506,0,1023,426,1292,785
506,1,1607,552,1897,820
507,4,1276,414,1510,783
507,1,1606,552,1897,820
507,5,989,426,1292,1072
507,0,1023,426,1293,785
507,2,1282,413,1509,649
508,1,1606,553,1897,819
508,2,1283,413,1509,649
508,4,1277,415,1510,783
508,0,1022,426,1289,785
508,5,989,427,1286,1072
509,4,1278,414,1510,783
509,2,1284,413,1509,649
509,5,989,426,1282,1072
509,0,1021,426,1286,785
509,1,1606,553,1897,816
510,1,1606,553,1897,816
510,5,989,426,1282,1072
510,0,1021,426,1285,785
510,4,1276,415,1510,782
510,2,1283,413,1509,650
511,1,1605,553,1896,815
511,0,1020,427,1287,785
511,5,987,426,1284,1073
511,2,1286,413,1509,647
511,4,1281,415,1510,785
512,5,987,426,1286,1073
512,0,1020,427,1288,785
512,1,1605,553,1896,813
512,2,1285,413,1509,646
512,4,1279,415,1510,784
513,1,1605,553,1896,813
513,4,1279,415,1510,784
513,5,987,426,1286,1073
513,0,1020,427,1289,785
513,2,1286,413,1510,647
514,1,1605,553,1896,813
514,2,1287,413,1510,649
514,0,1019,427,1292,785
514,4,1282,415,1511,783
514,5,987,426,1292,1074
515,4,1282,415,1511,783
515,2,1287,413,1510,648
515,5,986,426,1293,1074
515,1,1605,553,1896,814
515,0,1017,427,1293,785
516,4,1282,415,1511,784
516,1,1605,553,1896,815
516,0,1016,427,1294,785
516,2,1287,413,1510,651
516,5,986,426,1298,1074
517,5,986,427,1297,1074
517,2,1285,413,1511,651
517,1,1605,553,1896,812
517,0,1016,428,1291,785
517,4,1278,415,1512,783
518,1,1605,553,1896,813
518,2,1287,412,1511,649
518,4,1281,414,1512,784
518,0,1015,429,1294,785
518,5,985,428,1303,1073
519,4,1281,414,1512,784
519,1,1605,553,1896,815
519,2,1289,412,1511,648
519,5,985,428,1307,1074
519,0,1016,429,1303,786
520,2,1288,413,1511,648
520,1,1605,554,1897,817
520,4,1282,415,1512,785
520,5,985,429,1288,1073
520,0,1014,430,1283,786
521,1,1605,554,1897,816
521,4,1279,415,1511,785
521,2,1286,412,1511,646
521,0,1013,431,1288,786
521,5,987,431,1294,1072
522,2,1288,413,1510,646
522,1,1605,554,1897,812
522,4,1283,415,1511,786
522,0,1012,432,1294,786
522,5,986,432,1303,1072
523,4,1284,415,1511,786
523,1,1605,554,1897,815
523,5,987,433,1308,1072
523,0,1013,433,1307,788
524,1,1605,554,1897,814
524,2,1288,412,1511,645
524,4,1282,415,1511,786
524,5,987,434,1300,1072
524,0,1011,433,1292,787
525,1,1604,554,1896,815
525,4,1279,414,1511,786
525,5,987,434,1307,1072
525,0,1012,434,1307,788
526,5,987,435,1307,1072
526,0,1011,434,1308,788
526,4,1278,414,1511,785
526,1,1605,553,1895,813
527,1,1604,553,1895,813
527,4,1278,414,1510,785
527,0,1011,435,1310,789
527,5,987,436,1311,1072
528,1,1604,553,1895,813
528,4,1278,414,1510,786
528,0,1011,435,1320,789
528,2,1285,411,1510,640
528,5,989,436,1329,1071
529,1,1605,553,1895,814
529,4,1277,413,1510,786
529,0,1010,436,1313,790
529,5,988,436,1319,1071
529,2,1283,411,1510,645
530,2,1282,411,1510,645
530,4,1276,413,1510,787
530,1,1605,553,1895,815
530,0,1009,437,1305,790
530,5,986,438,1297,1072
531,1,1605,553,1895,815
531,4,1274,413,1510,787
531,5,986,438,1293,1072
531,2,1280,411,1510,643
531,0,1006,437,1301,791
532,4,1273,413,1510,787
532,1,1605,553,1895,817
532,0,1004,439,1325,791
532,5,989,439,1328,1071
533,1,1605,553,1895,817
533,4,1273,413,1511,787
533,0,1002,443,1321,791
533,5,987,443,1293,1073
534,4,1274,413,1511,786
534,1,1605,552,1896,817
534,5,988,444,1279,1072
534,0,1000,444,1281,789
535,4,1273,413,1511,787
535,1,1605,553,1896,816
535,5,989,447,1270,1072
535,0,998,446,1275,789
536,1,1605,553,1896,815
536,4,1272,411,1511,787
536,2,1277,410,1511,645
536,0,996,448,1287,789
537,1,1605,553,1896,816
537,4,1272,410,1511,787
537,2,1275,408,1511,645
537,0,995,450,1295,789
537,5,992,451,1282,1070
538,1,1605,553,1895,814
538,4,1271,407,1511,787
538,5,991,454,1285,1071
538,2,1273,406,1511,646
538,0,991,453,1296,789
539,1,1605,552,1895,814
539,4,1270,403,1510,786
539,2,1272,402,1510,648
539,0,989,454,1309,790
540,1,1605,552,1895,813
540,4,1270,401,1510,784
540,0,987,457,1296,789
541,1,1605,552,1895,814
541,4,1268,398,1508,786
541,2,1270,398,1508,649
541,5,986,460,1276,1072
541,0,988,460,1278,791
542,1,1605,552,1895,816
542,4,1269,396,1508,786
542,0,984,462,1267,792
543,1,1606,552,1895,815
543,4,1269,392,1507,785
543,0,980,464,1255,792
544,1,1606,552,1895,818
544,4,1269,388,1505,786
544,0,976,465,1250,796
544,2,1270,388,1505,651
545,1,1606,552,1895,819
545,4,1269,385,1504,785
545,2,1269,386,1504,652
545,0,974,467,1238,798
546,1,1606,551,1895,819
546,4,1268,381,1502,786
546,2,1268,381,1502,650
546,0,968,469,1230,802
547,1,1606,551,1895,823
547,4,1267,377,1504,785
547,2,1267,378,1502,653
547,0,961,470,1224,806
548,1,1606,551,1895,821
548,2,1266,374,1502,651
548,4,1266,374,1503,786
548,0,958,470,1219,815
549,1,1606,551,1895,818
549,2,1265,373,1502,650
549,4,1265,372,1503,781
549,0,953,470,1215,827
550,1,1606,551,1895,817
550,2,1267,371,1500,647
550,4,1266,371,1500,774
550,0,947,474,1210,838
551,1,1607,551,1895,816
551,2,1267,369,1499,647
551,4,1267,369,1500,782
551,0,947,475,1207,842
552,1,1606,551,1895,816
552,4,1268,367,1499,785
552,2,1269,368,1497,643
552,0,943,477,1202,848
552,5,943,475,1217,1072
553,1,1606,551,1895,815
553,4,1268,365,1498,785
553,5,940,478,1216,1073
553,0,939,479,1201,849
553,2,1268,365,1496,639
554,1,1606,551,1895,813
554,5,938,479,1215,1074
554,4,1267,363,1498,781
554,2,1267,363,1497,635
554,0,938,482,1201,856
555,1,1606,551,1895,814
555,5,938,481,1214,1074
555,0,937,484,1199,859
555,2,1267,361,1497,630
555,4,1267,362,1499,760
556,5,938,482,1214,1075
556,1,1606,551,1895,816
556,2,1266,360,1496,631
556,0,936,485,1199,863
557,1,1606,551,1895,817
557,5,938,485,1214,1074
557,2,1266,358,1495,632
557,0,936,488,1199,867
558,1,1606,551,1895,817
558,2,1266,357,1494,631
558,0,936,490,1199,871
559,0,935,491,1199,870
559,1,1607,551,1895,820
559,2,1268,355,1494,632
560,1,1606,551,1895,821
560,0,934,493,1200,872
560,2,1272,354,1496,631
561,1,1606,551,1895,822
561,0,934,493,1201,873
561,5,934,491,1214,1074
561,2,1275,353,1498,629
562,1,1606,551,1895,822
562,0,933,495,1201,877
562,5,933,494,1208,1074
562,2,1280,353,1500,636
563,1,1606,551,1895,820
563,0,933,498,1201,880
563,5,932,497,1212,1074
563,2,1281,352,1503,640
563,4,1280,352,1507,781
564,1,1606,551,1895,819
564,5,930,498,1211,1074
564,0,931,499,1201,880
564,2,1284,351,1504,641
564,4,1284,351,1507,783
565,1,1606,551,1895,818
565,5,929,501,1211,1073
565,0,930,501,1199,879
565,2,1287,350,1508,643
566,1,1606,551,1895,817
566,5,929,504,1212,1073
566,0,930,504,1198,879
566,2,1292,351,1510,640
567,1,1606,551,1896,815
567,5,928,506,1210,1074
567,0,929,506,1196,880
567,2,1295,350,1513,638
568,1,1607,551,1896,816
568,0,928,508,1194,879
568,2,1297,349,1515,633
569,1,1607,551,1896,817
569,0,928,509,1193,880
569,2,1297,348,1516,632
570,1,1607,551,1896,818
570,0,928,511,1192,880
570,2,1296,347,1519,632
571,1,1607,551,1896,818
571,0,928,513,1191,882
571,2,1294,347,1522,631
572,1,1607,551,1897,818
572,0,927,514,1191,883
572,2,1295,346,1524,630
573,1,1607,551,1897,820
573,2,1295,345,1524,628
573,0,927,515,1190,883
574,1,1608,551,1897,821
574,0,927,517,1189,882
574,2,1297,345,1527,629
575,0,927,517,1189,883
575,1,1608,551,1897,822
575,2,1300,346,1531,630
576,1,1607,551,1897,821
576,0,927,519,1188,882
576,2,1301,345,1535,634
577,1,1607,550,1897,821
577,0,927,520,1188,880
577,2,1304,346,1542,638
578,0,927,521,1188,880
578,1,1607,549,1897,820
578,2,1308,345,1548,644
579,1,1607,549,1897,818
579,0,928,523,1190,879
579,2,1310,346,1544,641
580,1,1607,549,1897,818
580,0,927,525,1192,881
580,2,1313,347,1544,640
581,1,1607,548,1898,817
581,0,927,527,1194,879
581,2,1315,348,1539,637
582,1,1608,548,1897,816
582,0,927,527,1196,883
582,2,1317,349,1538,637
583,1,1608,548,1897,816
583,0,928,528,1196,882
583,2,1320,352,1537,637
584,0,927,529,1197,883
584,1,1608,548,1897,818
584,2,1319,353,1535,637
585,0,927,530,1197,883
585,1,1608,548,1897,817
585,2,1318,355,1535,636
586,0,927,531,1197,883
586,1,1608,548,1897,818
586,2,1319,357,1534,635
587,1,1609,548,1897,820
587,0,926,531,1196,885
587,2,1320,359,1533,633
588,1,1609,548,1898,820
588,0,926,533,1196,885
588,2,1322,361,1533,631
589,0,926,534,1196,884
589,1,1609,548,1897,821
589,2,1327,365,1530,628
590,0,926,534,1196,884
590,1,1608,548,1898,823
590,2,1335,366,1531,630
591,1,1608,548,1897,823
591,0,926,533,1196,885
591,2,1332,367,1534,631
592,0,926,534,1196,885
592,1,1608,548,1897,821
592,2,1340,368,1537,632
593,0,926,534,1196,884
593,1,1608,547,1897,820
593,2,1343,372,1538,633
594,0,926,534,1196,884
594,1,1608,547,1897,818
594,2,1345,375,1539,633
595,1,1608,547,1898,817
595,0,927,535,1197,881
595,2,1348,379,1537,632
596,0,926,535,1196,881
596,1,1608,547,1897,815
596,2,1348,383,1537,633
597,0,927,535,1196,881
597,1,1607,547,1897,814
597,2,1349,386,1536,632
598,0,927,535,1196,880
598,1,1608,547,1896,814
598,2,1349,387,1536,633
599,1,1607,547,1896,815
599,0,926,535,1195,885
599,2,1350,390,1536,635
600,0,926,536,1196,881
600,1,1608,546,1897,819
600,2,1352,391,1537,637
601,1,1609,546,1898,818
601,0,926,536,1196,884
601,2,1356,392,1535,633
602,1,1609,545,1898,817
602,0,926,536,1197,880
602,2,1352,392,1539,633
603,0,927,536,1197,883
603,1,1609,545,1898,820
603,2,1352,394,1538,632
604,0,927,536,1198,882
604,1,1610,544,1899,820
604,2,1356,396,1537,629
605,0,927,536,1198,879
605,1,1609,543,1899,819
605,2,1357,395,1536,627
606,0,927,534,1198,880
606,1,1608,543,1899,818
606,2,1357,395,1538,629
607,1,1609,541,1899,818
607,2,1357,394,1538,628
607,0,928,533,1199,879
608,0,928,533,1199,877
608,2,1356,394,1538,625
608,1,1608,539,1898,810
609,0,928,532,1199,873
609,2,1355,393,1539,623
609,1,1610,538,1899,807
610,0,929,531,1200,874
610,1,1611,536,1899,808
610,2,1358,391,1538,623
611,0,929,531,1201,871
611,2,1356,392,1541,623
611,1,1612,535,1900,803
612,0,929,529,1201,870
612,2,1355,391,1543,622
612,1,1613,533,1900,799
613,0,929,529,1201,869
613,1,1615,529,1902,800
613,2,1358,390,1545,622
614,0,930,528,1202,868
614,1,1616,527,1903,798
614,2,1357,389,1543,618
615,0,929,526,1202,867
615,1,1616,527,1904,800
615,2,1356,388,1543,616
616,0,929,525,1202,867
616,1,1615,525,1905,799
616,2,1357,388,1540,613
617,1,1616,525,1905,800
617,0,929,525,1202,868
617,2,1357,387,1541,611
618,0,929,523,1202,868
618,2,1356,386,1542,611
618,1,1616,524,1906,798
619,0,929,523,1203,868
619,1,1617,524,1905,799
619,2,1357,386,1543,612
620,0,929,522,1202,867
620,1,1617,524,1904,796
620,2,1358,386,1540,608
621,0,929,521,1202,866
621,1,1616,524,1904,799
621,2,1359,386,1541,609
622,0,929,521,1201,866
622,1,1617,523,1905,796
622,2,1359,386,1538,607
623,0,929,520,1201,865
623,1,1617,524,1905,796
623,2,1358,385,1538,607
624,0,929,520,1201,866
624,2,1358,385,1539,607
624,1,1618,523,1905,798
625,0,929,520,1201,866
625,2,1359,386,1539,608
625,1,1617,523,1904,794
626,0,929,520,1200,866
626,1,1617,524,1904,794
626,2,1359,386,1539,609
627,0,928,520,1199,867
627,1,1615,524,1902,796
627,2,1358,387,1540,613
628,0,927,519,1199,868
628,1,1615,524,1901,797
628,2,1360,387,1538,610
629,0,927,520,1198,869
629,1,1613,525,1901,801
629,2,1363,388,1539,613
630,0,927,520,1198,869
630,1,1612,525,1900,798
630,2,1361,388,1540,615
631,0,926,520,1197,868
631,1,1611,526,1900,805
631,2,1355,389,1539,612
632,0,927,520,1198,871
632,1,1610,525,1900,811
632,2,1355,389,1541,617
633,0,927,520,1197,870
633,2,1353,389,1540,618
633,1,1610,526,1900,801
634,0,926,520,1196,867
634,2,1353,390,1538,614
634,1,1609,526,1899,811
635,0,926,520,1196,867
635,2,1356,390,1538,615
635,1,1610,527,1898,805
636,0,926,520,1196,867
636,2,1356,390,1538,614
636,1,1610,527,1898,798
637,0,926,520,1196,866
637,2,1356,391,1538,614
637,1,1610,527,1899,796
638,1,1611,527,1899,796
638,2,1356,391,1539,615
638,0,928,520,1199,867
639,0,928,520,1199,866
639,1,1611,527,1899,797
639,2,1355,391,1538,615
640,0,928,520,1199,867
640,2,1356,391,1539,617
640,1,1611,527,1899,807
641,0,928,520,1199,868
641,2,1355,391,1540,618
641,1,1611,527,1899,811
642,0,927,520,1199,867
642,2,1355,392,1540,618
642,1,1610,527,1899,814
643,0,928,519,1199,868
643,2,1355,392,1539,618
643,1,1611,527,1900,817
644,2,1354,392,1539,618
644,0,927,519,1198,872
644,1,1612,527,1902,820
645,0,927,519,1198,872
645,1,1613,526,1902,819
645,2,1355,393,1539,618
646,0,927,519,1197,869
646,1,1612,526,1902,814
646,2,1355,393,1541,621
647,2,1355,393,1541,621
647,0,927,519,1197,871
647,1,1613,526,1903,807
648,0,927,519,1197,871
648,2,1355,392,1542,622
648,1,1614,526,1902,805
649,0,927,518,1197,870
649,2,1355,392,1541,621
649,1,1614,526,1902,799
650,0,927,517,1197,870
650,1,1615,526,1902,800
650,2,1355,392,1540,620
651,0,927,517,1197,870
651,1,1615,526,1901,798
651,2,1354,393,1541,621
652,0,927,516,1197,870
652,2,1356,393,1541,620
652,1,1615,526,1901,806
653,0,927,517,1197,871
653,2,1356,393,1541,621
653,1,1615,527,1902,805
654,0,927,517,1197,871
654,1,1615,527,1902,805
654,2,1357,393,1542,621
655,0,927,516,1197,871
655,2,1358,393,1543,622
655,1,1614,528,1902,817
656,0,927,516,1197,870
656,2,1358,393,1542,622
656,1,1614,527,1902,825
657,0,927,515,1197,869
657,2,1358,393,1541,620
657,1,1614,527,1902,816
658,0,927,515,1197,869
658,1,1614,527,1901,816
658,2,1359,393,1541,622
659,1,1614,527,1901,813
659,0,928,515,1198,872
659,2,1360,393,1540,620
660,0,928,515,1198,872
660,2,1361,393,1541,621
660,1,1614,527,1901,802
661,0,927,514,1198,871
661,1,1615,528,1901,799
661,2,1360,393,1542,623
662,0,927,514,1198,871
662,2,1359,393,1542,623
662,1,1615,528,1901,800
663,1,1615,528,1901,802
663,0,927,514,1198,868
663,2,1358,393,1544,625
664,2,1357,393,1544,624
664,0,928,514,1198,871
664,1,1614,529,1901,807
665,0,928,514,1199,871
665,1,1613,528,1901,808
665,2,1357,393,1544,624
666,0,928,514,1199,871
666,2,1357,393,1544,624
666,1,1614,528,1902,809
667,0,928,514,1198,870
667,2,1357,393,1544,624
667,1,1614,528,1902,811
668,2,1357,393,1544,624
668,0,927,513,1198,868
668,1,1614,528,1902,815
669,0,927,514,1198,868
669,1,1614,528,1903,815
669,2,1357,394,1545,624
670,2,1357,395,1544,623
670,0,928,514,1199,871
670,1,1614,528,1904,820
671,0,928,514,1199,869
671,2,1356,394,1544,622
671,1,1614,528,1903,813
672,0,928,514,1199,869
672,2,1357,394,1544,622
672,1,1614,528,1904,810
673,0,928,514,1200,869
673,2,1357,395,1544,621
673,1,1614,528,1904,807
674,0,928,514,1200,869
674,2,1357,394,1544,620
674,1,1614,528,1904,804
675,0,928,514,1200,870
675,2,1358,396,1543,620
675,1,1615,528,1904,808
676,0,928,514,1200,870
676,1,1615,528,1904,807
676,2,1358,396,1544,620
677,0,929,514,1201,869
677,1,1616,528,1905,811
677,2,1361,395,1544,621
678,0,928,514,1202,869
678,1,1616,528,1905,808
678,2,1362,395,1545,621
679,2,1363,395,1545,621
679,1,1616,528,1905,807
679,0,929,514,1201,872
680,0,930,514,1201,870
680,1,1616,527,1906,805
680,2,1364,394,1545,623
681,0,930,514,1202,871
681,2,1363,394,1545,623
681,1,1615,527,1907,807
682,0,930,514,1202,871
682,1,1615,527,1907,807
682,2,1363,395,1547,623
683,0,931,513,1203,871
683,2,1363,394,1546,624
683,1,1615,527,1907,812
684,0,931,513,1203,870
684,1,1615,526,1908,810
684,2,1365,394,1548,624
685,0,931,514,1203,871
685,2,1364,395,1548,624
685,1,1615,526,1908,803
686,0,930,514,1203,871
686,2,1365,395,1548,624
686,1,1615,525,1908,801
687,0,930,514,1203,870
687,2,1365,395,1548,623
687,1,1615,525,1908,806
688,0,930,514,1203,870
688,2,1364,395,1548,624
688,1,1615,525,1908,810
689,0,931,514,1203,871
689,2,1364,395,1548,623
689,1,1614,525,1908,815
690,2,1364,395,1548,624
690,0,930,513,1204,871
690,1,1615,525,1909,810
691,1,1617,525,1909,810
691,0,932,514,1204,871
691,2,1366,395,1548,622
692,0,932,514,1204,870
692,2,1365,395,1548,622
692,1,1617,525,1910,812
693,0,932,514,1204,870
693,2,1365,395,1547,622
693,1,1617,525,1910,814
694,0,932,514,1203,870
694,1,1616,525,1908,813
694,2,1364,395,1547,622
695,0,932,514,1203,870
695,2,1363,395,1547,622
695,1,1616,525,1910,815
696,0,932,514,1203,870
696,2,1362,395,1547,621
696,1,1618,524,1908,814
697,0,931,514,1202,869
697,1,1618,524,1908,813
697,2,1361,395,1546,620
698,0,931,514,1202,869
698,2,1361,395,1546,621
698,1,1618,523,1908,811
699,0,931,514,1202,869
699,2,1359,395,1547,620
699,1,1619,523,1907,814
700,2,1360,395,1546,620
700,0,931,514,1203,870
700,1,1618,523,1910,814
701,2,1360,395,1546,621
701,0,929,514,1203,868
701,1,1617,523,1906,809
702,0,930,514,1202,871
702,1,1617,523,1908,814
702,2,1358,395,1547,623
703,0,929,514,1202,869
703,1,1616,523,1908,817
703,2,1357,396,1545,622
704,0,929,514,1202,869
704,1,1616,523,1907,814
704,2,1357,395,1544,620
705,0,929,514,1201,869
705,1,1615,523,1905,816
705,2,1357,395,1545,622
706,1,1615,522,1905,817
706,0,929,513,1200,868
706,2,1358,395,1545,624
707,0,929,513,1201,869
707,2,1358,395,1545,624
707,1,1614,522,1905,815
708,0,929,513,1201,869
708,2,1358,395,1545,623
708,1,1618,522,1905,809
709,0,928,513,1200,869
709,1,1616,521,1903,810
709,2,1359,395,1546,625
710,0,928,513,1200,868
710,2,1360,395,1546,624
710,1,1616,521,1905,812
711,0,929,513,1200,867
711,2,1360,395,1546,624
711,1,1616,520,1905,818
712,0,928,513,1200,867
712,1,1616,520,1904,819
712,2,1361,394,1544,623
713,0,928,513,1199,867
713,1,1615,520,1903,818
713,2,1363,395,1544,623
714,0,928,513,1199,867
714,1,1615,520,1903,817
714,2,1362,395,1544,623
715,0,928,513,1199,868
715,2,1362,395,1544,623
715,1,1615,521,1902,820
716,0,928,513,1199,867
716,1,1615,521,1901,822
716,2,1362,395,1543,621
717,0,928,512,1199,867
717,1,1615,521,1901,820
717,2,1361,395,1543,623
718,1,1615,521,1901,820
718,0,929,511,1200,869
718,2,1361,395,1542,621
719,0,929,512,1200,869
719,2,1361,395,1542,621
719,1,1615,521,1901,810
720,0,929,512,1200,869
720,1,1615,521,1901,812
720,2,1361,395,1542,622
721,1,1614,521,1901,812
721,0,929,511,1199,866
721,2,1361,394,1540,618
722,0,929,511,1199,866
722,2,1361,394,1541,619
722,1,1614,521,1900,813
723,1,1614,521,1900,812
723,2,1360,394,1540,619
723,0,930,512,1200,866
724,0,929,512,1200,866
724,2,1357,395,1540,618
724,1,1613,522,1899,818
725,0,929,512,1200,866
725,1,1613,522,1899,817
725,2,1356,395,1541,618
726,0,929,512,1200,866
726,1,1613,522,1899,818
726,2,1356,395,1542,621
727,2,1356,395,1541,621
727,0,929,511,1199,867
727,1,1612,522,1899,819
728,0,928,512,1199,867
728,2,1356,396,1541,622
728,1,1610,522,1899,817
729,0,929,510,1199,867
729,2,1355,396,1541,623
729,1,1610,523,1898,814
730,2,1354,396,1541,622
730,0,928,508,1198,867
730,1,1612,523,1899,805
731,2,1354,396,1541,623
731,1,1612,524,1898,806
731,0,928,504,1196,868
732,2,1355,396,1541,624
732,1,1612,522,1898,810
732,0,927,498,1193,868
733,1,1612,522,1898,810
733,2,1354,395,1541,623
733,0,927,494,1189,866
734,2,1355,396,1541,623
734,1,1612,522,1898,814
734,0,926,490,1185,861
734,6,927,489,1207,1067
735,2,1353,395,1540,623
735,1,1611,522,1897,818
735,6,925,486,1206,1070
735,0,926,487,1182,860
736,2,1353,395,1541,623
736,6,926,484,1205,1069
736,1,1611,522,1897,812
736,0,926,485,1181,854
737,1,1610,522,1897,814
737,6,927,480,1204,1069
737,2,1355,394,1542,622
737,0,927,482,1179,847
738,2,1354,394,1542,622
738,6,929,476,1202,1069
738,1,1610,522,1897,821
738,0,928,478,1181,841
739,1,1610,522,1897,821
739,2,1354,394,1542,622
739,6,928,473,1200,1068
739,0,928,475,1183,837
740,6,928,471,1199,1067
740,2,1353,395,1541,622
740,1,1610,522,1897,813
740,0,928,472,1186,830
741,2,1354,394,1543,622
741,1,1610,522,1897,808
741,6,931,468,1200,1065
741,0,930,469,1190,821
742,1,1611,522,1897,809
742,2,1352,394,1542,623
742,0,934,465,1195,813
743,2,1351,394,1542,622
743,1,1611,522,1897,813
743,0,936,464,1200,801
744,2,1351,394,1541,622
744,1,1611,523,1897,817
744,0,936,461,1206,794
745,1,1611,522,1897,820
745,2,1350,392,1542,622
745,0,938,456,1214,789
746,2,1353,392,1542,622
746,1,1612,521,1897,814
746,0,942,453,1219,782
747,2,1352,392,1542,622
747,1,1609,520,1897,817
747,0,945,452,1224,778
748,2,1353,391,1542,622
748,1,1609,520,1897,812
748,0,954,450,1235,775
749,1,1607,520,1898,806
749,2,1354,390,1546,624
749,0,961,449,1244,775
750,2,1355,390,1546,624
750,1,1603,520,1898,797
750,0,968,447,1248,773
751,2,1354,389,1541,622
751,1,1598,520,1899,804
751,0,974,446,1253,770
752,2,1354,389,1541,621
752,0,977,445,1264,771
752,1,1592,519,1899,793
753,2,1353,388,1541,621
753,1,1586,519,1899,792
753,0,980,445,1271,775
754,2,1352,388,1541,621
754,1,1581,519,1899,792
754,0,984,444,1289,776
755,2,1352,387,1544,622
755,1,1576,519,1898,790
755,0,984,443,1299,775
756,0,985,444,1300,775
756,2,1352,387,1543,621
756,1,1571,518,1894,790
757,2,1350,386,1543,622
757,0,986,443,1307,776
757,1,1566,518,1889,789
758,2,1351,384,1543,621
758,1,1562,517,1888,790
758,0,989,445,1321,777
759,2,1350,384,1544,623
759,0,990,445,1331,778
759,1,1557,516,1875,787
760,2,1349,384,1544,622
760,0,992,446,1339,779
760,1,1548,516,1869,786
761,2,1350,383,1544,623
761,0,996,445,1350,779
761,1,1544,515,1860,786
762,2,1349,382,1543,621
762,0,998,446,1364,780
762,1,1538,514,1847,788
763,2,1348,382,1541,619
763,0,1001,446,1374,780
763,1,1537,515,1840,785
763,7,1341,381,1546,776
764,7,1340,381,1545,776
764,0,1004,446,1375,779
764,2,1348,382,1540,616
764,1,1517,512,1831,784
765,2,1349,382,1540,614
765,0,1006,447,1377,779
765,7,1336,381,1545,775
765,1,1515,510,1821,781
766,7,1336,380,1545,775
766,0,1006,447,1379,778
766,2,1350,382,1541,615
766,1,1526,510,1813,779
767,2,1348,382,1541,615
767,0,1008,447,1377,778
767,7,1340,380,1544,775
767,1,1523,507,1806,777
768,0,1010,447,1374,779
768,2,1346,382,1538,612
768,1,1518,507,1796,775
769,0,1012,447,1375,779
769,7,1343,379,1537,772
769,2,1349,381,1535,607
769,1,1498,506,1792,772
770,0,1013,448,1375,780
770,2,1349,381,1534,605
770,1,1496,506,1785,772
770,7,1339,378,1536,773
771,0,1012,448,1372,780
771,7,1340,378,1538,774
771,2,1348,381,1536,608
771,1,1516,503,1777,771
772,2,1349,381,1535,605
772,0,1016,446,1358,778
772,1,1505,503,1771,773
773,1,1506,502,1767,771
773,2,1346,380,1534,600
773,0,1017,446,1343,778
774,0,1016,445,1343,778
774,2,1348,379,1534,600
774,1,1492,502,1762,772
775,7,1341,377,1536,770
775,0,1019,446,1347,779
775,2,1351,377,1535,602
775,1,1484,501,1759,771
776,0,1019,446,1347,780
776,1,1483,500,1757,771
776,2,1353,376,1535,600
777,0,1019,446,1348,780
777,7,1342,373,1536,771
777,1,1479,500,1758,774
777,2,1352,374,1536,608
777,8,1022,446,1348,971
778,0,1020,446,1346,779
778,1,1473,499,1757,772
778,8,1022,446,1347,954
778,2,1356,372,1536,599
779,0,1022,446,1347,778
779,1,1473,498,1755,774
779,2,1351,371,1536,600
779,8,1025,447,1350,1058
780,8,1024,447,1350,1058
780,0,1021,446,1348,778
780,7,1342,368,1539,771
780,1,1468,498,1752,774
780,2,1347,368,1540,602
781,8,1024,447,1352,1058
781,7,1344,367,1538,771
781,0,1022,446,1352,778
781,2,1346,367,1539,597
781,1,1461,496,1751,776
782,0,1023,446,1353,778
782,8,1025,447,1353,1058
782,7,1341,367,1535,771
782,2,1344,366,1537,593
782,1,1446,485,1752,776
783,8,1026,447,1354,1058
783,0,1023,446,1354,779
783,7,1335,365,1531,771
783,1,1432,486,1749,777
783,2,1338,364,1533,589
784,8,1027,447,1354,1058
784,0,1027,446,1355,778
784,1,1428,493,1750,776
784,2,1334,363,1536,592
784,7,1331,362,1539,772
785,8,1028,446,1354,1059
785,0,1028,445,1356,778
785,1,1421,491,1750,777
785,2,1329,362,1536,598
785,7,1328,363,1537,723
786,8,1029,446,1354,1059
786,0,1029,445,1356,777
786,1,1419,492,1750,777
786,2,1326,361,1537,608
786,7,1325,362,1538,773
787,7,1323,360,1538,772
787,8,1030,446,1358,1060
787,0,1030,445,1360,778
787,2,1323,359,1537,607
787,1,1406,493,1749,778
788,8,1030,446,1360,1059
788,0,1030,445,1362,777
788,2,1323,358,1538,608
788,1,1417,492,1749,777
788,7,1322,358,1537,715
789,0,1031,444,1365,778
789,8,1031,445,1364,1059
789,1,1421,492,1747,776
789,2,1321,357,1536,610
789,7,1319,357,1539,773
790,0,1032,444,1365,778
790,8,1032,445,1364,1060
790,7,1319,356,1538,773
790,2,1320,356,1537,610
790,1,1406,492,1748,776
791,1,1405,492,1748,775
791,8,1033,445,1361,1060
791,0,1033,444,1363,778
791,7,1318,355,1536,774
792,8,1034,445,1362,1060
792,0,1033,445,1362,778
792,1,1407,492,1748,774
792,7,1316,353,1536,773
792,2,1315,353,1536,610
793,0,1033,445,1367,778
793,8,1034,445,1366,1060
793,7,1314,351,1535,774
793,2,1314,351,1535,611
793,1,1426,492,1747,773
794,0,1033,445,1368,778
794,8,1034,446,1369,1059
794,7,1312,351,1535,773
794,2,1312,351,1535,605
794,1,1439,493,1747,774
795,0,1033,444,1367,778
795,8,1034,446,1367,1059
795,7,1311,351,1536,773
795,2,1311,351,1535,615
795,1,1402,494,1746,773
796,0,1033,445,1369,778
796,8,1034,447,1370,1059
796,7,1312,350,1535,773
796,2,1311,350,1533,617
796,1,1421,494,1747,774
797,8,1035,448,1370,1059
797,0,1033,446,1368,779
797,1,1433,496,1748,773
797,7,1304,348,1532,772
797,2,1308,350,1533,631
798,1,1433,497,1747,773
798,0,1034,447,1368,779
798,8,1036,448,1368,1060
798,7,1302,347,1530,772
799,0,1034,447,1367,778
799,8,1037,448,1370,1059
799,1,1435,497,1746,773
799,7,1299,347,1529,771
799,2,1302,349,1529,636
800,8,1038,448,1368,1059
800,0,1035,447,1366,778
800,7,1297,347,1527,772
800,1,1434,499,1747,774
801,1,1434,499,1747,774
801,8,1039,448,1368,1060
801,0,1037,447,1365,778
801,7,1299,347,1526,771
802,1,1432,498,1747,774
802,8,1039,448,1372,1060
802,7,1297,347,1525,772
802,0,1036,448,1369,779
803,8,1039,447,1369,1059
803,0,1036,447,1366,778
803,1,1427,498,1748,774
803,7,1294,347,1522,773
804,8,1039,447,1368,1059
804,0,1036,447,1365,778
804,1,1429,497,1747,774
804,7,1292,347,1521,772
805,8,1039,448,1367,1059
805,1,1428,497,1746,774
805,0,1036,447,1363,778
805,7,1291,349,1519,772
806,7,1290,349,1519,772
806,8,1039,448,1365,1059
806,0,1037,447,1361,778
806,1,1431,498,1746,774
807,8,1040,448,1367,1059
807,7,1291,350,1518,772
807,0,1037,447,1364,777
807,1,1435,498,1746,774
808,1,1435,498,1746,774
808,8,1040,448,1368,1059
808,0,1037,447,1364,778
808,7,1294,352,1516,772
809,0,1037,447,1364,778
809,8,1039,448,1367,1059
809,1,1436,499,1745,775
809,7,1298,354,1517,773
809,2,1296,355,1516,627
810,8,1039,448,1367,1059
810,0,1037,447,1364,778
810,7,1298,354,1516,772
810,1,1434,498,1746,774
810,2,1296,358,1515,624
811,8,1038,447,1366,1059
811,1,1432,499,1746,774
811,0,1037,446,1367,778
811,7,1301,357,1516,772
811,2,1298,361,1515,629
812,0,1037,446,1367,778
812,8,1037,447,1367,1059
812,1,1431,501,1746,774
812,7,1303,359,1515,772
812,2,1302,363,1515,631
813,8,1038,446,1366,1059
813,0,1036,446,1364,777
813,1,1429,503,1747,774
813,7,1308,364,1514,772
813,2,1310,365,1515,632
814,0,1036,446,1364,778
814,8,1038,446,1365,1059
814,7,1309,367,1514,773
814,1,1434,503,1746,774
814,2,1312,368,1514,632
815,8,1036,447,1365,1059
815,0,1036,445,1366,778
815,1,1430,503,1747,774
815,7,1312,372,1514,773
816,0,1036,445,1367,778
816,8,1037,447,1364,1059
816,1,1432,503,1747,774
816,7,1318,376,1513,772
817,8,1036,447,1364,1059
817,0,1036,446,1366,778
817,1,1432,504,1747,774
817,7,1316,379,1512,771
817,2,1324,379,1514,634
818,0,1036,445,1365,778
818,8,1037,447,1363,1059
818,1,1431,505,1747,774
818,7,1316,381,1513,772
818,2,1323,381,1514,634
819,0,1037,445,1364,778
819,8,1038,446,1361,1059
819,1,1430,506,1748,776
819,7,1317,386,1514,773
820,0,1037,445,1363,778
820,8,1037,446,1359,1059
820,1,1434,506,1748,774
820,7,1315,391,1511,772
820,2,1322,391,1513,635
821,8,1037,446,1357,1059
821,0,1037,444,1360,778
821,1,1437,508,1748,774
821,7,1315,395,1510,772
821,2,1324,396,1512,635
822,1,1436,508,1748,774
822,0,1036,444,1360,777
822,8,1036,446,1356,1060
822,7,1314,397,1509,772
823,0,1036,444,1362,777
823,1,1437,508,1748,774
823,8,1036,445,1358,1060
823,7,1314,400,1509,772
823,2,1322,400,1513,631
824,8,1036,445,1358,1060
824,0,1035,443,1362,778
824,7,1314,401,1510,772
824,1,1443,510,1748,774
824,2,1318,401,1512,631
825,0,1036,443,1361,777
825,8,1037,444,1357,1060
825,7,1313,401,1513,772
825,1,1437,510,1748,774
825,2,1316,402,1514,626
826,8,1038,444,1356,1060
826,7,1313,402,1513,773
826,0,1037,443,1361,778
826,1,1441,511,1747,773
827,8,1038,443,1356,1059
827,0,1037,442,1361,777
827,7,1313,402,1514,771
827,1,1444,511,1744,773
827,2,1315,403,1516,613
828,8,1039,443,1358,1059
828,0,1039,442,1363,777
828,1,1441,512,1744,773
828,7,1315,404,1515,772
828,2,1317,404,1516,615
829,0,1038,441,1362,777
829,1,1440,513,1744,773
829,8,1038,442,1358,1060
829,7,1316,404,1515,771
829,2,1318,405,1517,613
830,8,1038,443,1358,1059
830,0,1037,441,1363,777
830,7,1315,406,1516,771
830,2,1316,407,1516,611
830,1,1451,513,1745,774
831,8,1037,442,1358,1060
831,0,1037,441,1363,778
831,1,1452,513,1742,774
831,7,1314,409,1514,771
831,2,1315,409,1515,613
832,8,1037,442,1358,1060
832,0,1037,441,1362,777
832,1,1456,513,1742,774
832,7,1313,409,1516,770
832,2,1315,410,1517,624
833,0,1037,440,1361,777
833,8,1038,441,1357,1059
833,2,1314,411,1516,622
833,1,1460,514,1740,774
833,7,1314,416,1517,774
834,8,1038,441,1357,1059
834,0,1037,439,1361,777
834,2,1313,411,1516,624
834,1,1460,515,1738,773
834,7,1314,410,1515,771
835,0,1038,438,1362,777
835,1,1461,515,1737,774
835,8,1039,440,1358,1059
835,2,1312,411,1515,616
836,8,1038,440,1357,1059
836,2,1312,411,1516,617
836,0,1038,438,1360,777
836,1,1459,515,1737,774
837,8,1039,439,1355,1059
837,0,1038,437,1359,777
837,2,1312,411,1515,616
837,1,1447,518,1736,776
838,0,1038,437,1358,777
838,8,1038,439,1355,1058
838,2,1312,410,1515,615
838,1,1444,518,1736,776
839,0,1038,437,1358,777
839,8,1038,439,1354,1058
839,1,1443,517,1736,776
839,2,1312,410,1515,613
840,0,1039,437,1358,777
840,8,1039,438,1355,1058
840,2,1311,410,1513,610
840,1,1434,517,1734,776
841,8,1039,438,1354,1059
841,0,1039,436,1358,777
841,1,1436,516,1733,776
841,2,1309,411,1512,610
842,0,1039,436,1358,777
842,8,1040,437,1355,1059
842,1,1438,517,1732,775
842,2,1310,411,1514,609
843,8,1039,438,1356,1059
843,1,1438,517,1732,775
843,2,1310,411,1513,610
843,0,1039,436,1360,778
844,8,1039,437,1356,1059
844,0,1039,436,1360,778
844,1,1439,518,1732,775
844,2,1310,411,1510,610
845,8,1039,437,1355,1059
845,1,1441,518,1732,775
845,0,1039,435,1358,777
845,2,1309,410,1509,611
846,8,1039,437,1356,1059
846,0,1039,436,1360,778
846,1,1442,519,1732,776
846,2,1307,410,1511,614
847,1,1441,519,1732,776
847,8,1039,437,1359,1059
847,0,1038,436,1363,778
847,2,1307,411,1511,616
848,8,1039,438,1361,1058
848,0,1038,436,1365,778
848,1,1443,520,1731,776
848,2,1305,411,1508,617
849,0,1038,437,1364,778
849,8,1038,438,1360,1059
849,1,1445,519,1731,776
849,2,1306,411,1508,619
850,1,1445,519,1731,776
850,8,1039,438,1361,1059
850,0,1039,437,1365,778
850,2,1306,411,1510,618
850,7,1305,408,1513,769
851,8,1039,438,1361,1059
851,0,1039,437,1366,778
851,1,1446,520,1731,776
851,7,1306,409,1517,770
851,2,1306,411,1515,617
852,0,1039,437,1365,778
852,8,1038,438,1360,1059
852,1,1445,520,1730,776
852,7,1303,410,1516,769
852,2,1303,412,1515,620
853,0,1039,437,1366,778
853,8,1038,438,1361,1059
853,1,1446,520,1730,776
853,7,1302,410,1516,768
853,2,1303,412,1515,617
854,0,1039,437,1364,778
854,8,1038,438,1359,1059
854,1,1444,520,1730,776
854,7,1303,411,1516,767
854,2,1303,412,1515,622
855,1,1444,520,1730,776
855,8,1038,439,1359,1059
855,0,1039,438,1364,778
855,7,1303,411,1515,766
855,2,1303,413,1514,622
856,0,1039,437,1364,778
856,7,1303,411,1515,766
856,8,1039,438,1360,1058
856,2,1303,413,1514,620
856,1,1440,520,1731,776
857,0,1039,438,1364,778
857,8,1039,439,1360,1058
857,1,1442,520,1731,776
857,7,1303,411,1517,767
857,2,1305,412,1515,617
858,8,1039,440,1360,1059
858,0,1039,439,1364,777
858,7,1303,411,1515,768
858,1,1445,520,1732,776
858,2,1304,412,1514,624
859,7,1303,411,1516,768
859,8,1040,440,1361,1058
859,1,1442,520,1732,776
859,0,1038,438,1362,777
859,2,1306,412,1515,615
860,8,1040,440,1360,1059
860,0,1038,438,1360,777
860,7,1303,411,1516,769
860,2,1307,412,1515,615
860,1,1444,520,1732,776
861,8,1040,440,1360,1058
861,0,1037,438,1361,777
861,1,1442,521,1732,776
861,7,1303,411,1515,768
861,2,1304,413,1514,617
862,2,1305,413,1514,618
862,1,1443,521,1732,776
862,7,1303,411,1515,769
862,8,1040,440,1362,1058
862,0,1040,439,1366,778
863,8,1039,440,1362,1058
863,7,1303,411,1515,770
863,1,1440,520,1732,776
863,2,1304,413,1514,615
863,0,1038,438,1363,777
864,2,1304,413,1514,615
864,7,1303,411,1515,771
864,1,1442,520,1732,776
864,8,1040,440,1363,1058
864,0,1040,439,1367,777
865,7,1303,411,1514,771
865,8,1041,440,1364,1058
865,1,1443,521,1732,776
865,2,1304,413,1514,617
865,0,1039,438,1363,777
866,7,1303,412,1514,771
866,8,1039,441,1364,1059
866,1,1445,521,1732,776
866,0,1040,439,1366,778
867,8,1040,441,1363,1059
867,0,1041,439,1366,778
867,7,1303,412,1514,771
867,1,1442,520,1733,776
868,8,1040,442,1363,1059
868,7,1304,411,1514,771
868,1,1445,521,1734,776
868,0,1039,439,1362,777
869,0,1039,440,1362,777
869,8,1041,442,1364,1059
869,7,1304,412,1514,770
869,1,1444,521,1733,776
870,0,1039,440,1362,777
870,8,1040,442,1363,1058
870,1,1442,520,1734,776
870,7,1304,409,1514,771
871,7,1304,408,1514,771
871,8,1041,442,1365,1058
871,0,1040,441,1364,777
871,1,1435,521,1733,776
872,0,1039,441,1364,777
872,8,1040,442,1365,1058
872,1,1436,520,1733,776
872,7,1308,414,1516,775
873,8,1041,442,1366,1058
873,0,1039,441,1364,777
873,1,1435,521,1734,776
873,7,1306,401,1516,770
873,2,1306,401,1515,617
874,0,1039,441,1365,777
874,8,1041,442,1365,1058
874,1,1434,521,1734,776
874,7,1306,399,1517,770
874,2,1306,399,1515,621
875,7,1306,398,1517,770
875,0,1038,441,1365,777
875,8,1040,443,1367,1058
875,1,1427,520,1734,776
876,1,1427,520,1734,776
876,0,1039,441,1364,777
876,7,1306,397,1516,771
876,8,1042,442,1366,1058
877,0,1039,441,1364,777
877,8,1043,442,1366,1058
877,1,1432,521,1733,776
877,7,1307,403,1517,777
878,0,1039,440,1365,777
878,8,1042,442,1366,1058
878,7,1308,403,1517,778
878,1,1426,520,1734,776
878,2,1306,397,1513,620
879,8,1042,442,1366,1058
879,0,1039,441,1365,776
879,1,1430,520,1734,776
879,2,1306,399,1513,622
879,7,1307,398,1516,771
880,0,1038,441,1365,777
880,8,1041,443,1366,1058
880,1,1429,520,1734,776
880,7,1308,399,1515,771
880,2,1307,401,1513,622
881,8,1041,443,1367,1059
881,1,1431,520,1734,776
881,2,1307,403,1512,622
881,7,1308,401,1513,770
881,0,1041,442,1369,778
882,8,1041,444,1369,1060
882,0,1039,442,1366,777
882,1,1440,521,1734,776
882,2,1310,406,1512,617
883,0,1038,442,1366,777
883,8,1041,444,1368,1060
883,2,1310,407,1512,617
883,7,1309,404,1513,770
883,1,1434,521,1734,776
884,8,1041,443,1369,1060
884,0,1039,441,1366,777
884,7,1308,407,1512,770
884,1,1437,521,1734,776
884,2,1309,409,1512,623
885,1,1438,521,1735,776
885,0,1041,442,1365,777
885,7,1308,408,1513,770
885,2,1308,410,1512,625
885,8,1043,443,1367,1058
886,0,1040,441,1366,777
886,7,1309,410,1513,770
886,2,1309,412,1511,624
886,8,1041,444,1369,1061
886,1,1448,520,1733,774
887,0,1041,442,1366,777
887,8,1042,444,1369,1060
887,1,1447,520,1733,775
887,7,1311,412,1514,770
887,2,1311,413,1512,622
888,0,1042,442,1366,777
888,7,1311,412,1514,770
888,8,1043,444,1368,1060
888,1,1449,521,1733,775
888,2,1311,413,1512,623
889,8,1043,444,1368,1060
889,0,1041,442,1365,777
889,1,1448,521,1733,775
889,7,1311,414,1514,770
889,2,1311,414,1512,623
890,1,1448,521,1733,775
890,8,1043,444,1367,1059
890,0,1040,442,1365,777
890,7,1311,414,1515,769
890,2,1311,414,1513,625
891,1,1449,521,1733,774
891,0,1041,442,1363,777
891,8,1043,444,1365,1059
891,7,1311,413,1517,769
891,2,1311,414,1515,628
892,1,1448,521,1733,775
892,8,1043,444,1365,1059
892,2,1310,414,1515,629
892,0,1042,442,1362,777
892,7,1311,413,1516,769
893,8,1043,444,1364,1059
893,1,1449,521,1734,775
893,0,1044,442,1362,777
893,7,1310,412,1515,770
894,8,1043,444,1365,1059
894,0,1044,442,1363,777
894,1,1450,522,1734,775
894,7,1310,412,1515,771
895,1,1451,522,1734,775
895,0,1045,442,1362,777
895,8,1044,444,1364,1059
895,7,1310,411,1514,771
896,7,1310,411,1514,771
896,1,1453,522,1734,774
896,8,1045,444,1363,1059
896,0,1046,442,1361,777
897,8,1045,445,1364,1059
897,7,1311,411,1513,770
897,0,1046,444,1362,777
897,1,1450,522,1734,775
898,1,1449,522,1734,775
898,7,1310,411,1512,770
898,0,1046,444,1363,777
898,8,1046,446,1366,1059
898,2,1311,413,1513,632
899,7,1311,411,1512,772
899,1,1448,522,1734,775
899,2,1311,413,1513,630
899,8,1045,446,1369,1060
899,0,1048,445,1366,777
900,7,1311,411,1512,772
900,8,1045,444,1368,1059
900,0,1046,445,1365,777
900,1,1445,522,1734,775
901,7,1311,411,1514,772
901,8,1047,448,1369,1059
901,0,1050,446,1366,776
901,1,1451,522,1735,774
902,8,1047,448,1369,1060
902,7,1312,411,1515,772
902,1,1450,523,1735,775
902,0,1049,447,1366,777
903,8,1048,448,1369,1060
903,0,1050,448,1366,777
903,7,1312,411,1515,772
903,1,1446,523,1736,774
904,1,1446,523,1736,774
904,7,1312,411,1515,773
904,0,1051,448,1365,777
904,8,1048,449,1368,1060
905,8,1048,449,1368,1060
905,0,1051,449,1365,776
905,7,1313,411,1515,773
905,1,1449,523,1736,774
906,8,1048,450,1369,1060
906,0,1051,449,1366,776
906,7,1313,411,1516,772
906,1,1450,524,1737,775
907,8,1049,449,1369,1060
907,0,1050,449,1366,776
907,1,1449,523,1737,774
907,7,1313,412,1517,703
908,1,1448,523,1738,775
908,0,1051,449,1366,776
908,8,1050,450,1369,1059
908,2,1312,411,1517,644
908,7,1312,413,1517,773
909,0,1050,449,1367,776
909,8,1051,450,1370,1059
909,1,1445,523,1738,775
909,7,1313,411,1517,711
910,0,1051,449,1368,776
910,8,1050,449,1371,1059
910,1,1444,523,1738,775
910,2,1312,411,1516,636
911,0,1051,449,1369,776
911,1,1442,523,1738,775
911,8,1051,450,1373,1059
911,2,1313,411,1516,641
911,7,1313,411,1517,772
912,8,1051,449,1372,1059
912,1,1443,523,1738,775
912,0,1052,449,1368,777
912,2,1313,411,1517,634
913,8,1051,450,1373,1059
913,0,1051,449,1369,776
913,1,1442,523,1738,775
913,2,1313,411,1517,629
914,1,1443,523,1739,775
914,0,1052,449,1368,777
914,8,1052,450,1371,1060
914,2,1315,411,1516,617
915,8,1052,450,1371,1060
915,0,1054,450,1368,778
915,1,1437,524,1739,775
915,7,1314,410,1520,768
916,1,1437,524,1739,776
916,8,1052,450,1373,1060
916,0,1053,450,1369,778
916,7,1314,410,1520,771
917,8,1052,451,1373,1060
917,0,1053,450,1369,778
917,1,1434,524,1739,776
917,7,1314,410,1517,773
918,0,1053,450,1370,778
918,1,1435,524,1739,776
918,8,1052,451,1374,1060
918,7,1314,410,1516,773
919,8,1052,451,1375,1060
919,1,1436,524,1739,776
919,7,1314,410,1517,773
919,0,1053,450,1371,779
920,8,1052,451,1376,1060
920,0,1053,450,1372,779
920,1,1435,524,1740,776
920,7,1314,410,1518,773
921,0,1053,450,1372,778
921,8,1052,450,1376,1060
921,7,1314,410,1518,773
921,1,1436,525,1740,776
921,2,1314,412,1517,626
922,8,1052,451,1376,1059
922,0,1053,450,1373,779
922,1,1435,524,1740,776
922,2,1315,412,1519,624
922,7,1314,410,1522,772
923,1,1437,524,1740,776
923,8,1054,451,1377,1060
923,0,1055,450,1374,779
923,7,1315,412,1521,775
923,2,1316,412,1517,616
924,8,1054,451,1377,1060
924,1,1437,524,1739,776
924,0,1055,450,1373,779
924,7,1315,410,1521,771
924,2,1315,412,1518,623
925,8,1053,450,1377,1059
925,0,1054,449,1373,779
925,1,1438,524,1740,776
925,7,1314,410,1519,773
925,2,1315,411,1518,617
926,8,1053,450,1378,1059
926,1,1438,524,1740,776
926,0,1053,450,1374,779
926,7,1314,411,1520,774
926,2,1315,412,1518,623
927,8,1052,450,1377,1060
927,0,1052,450,1374,779
927,1,1437,524,1739,776
927,7,1314,411,1519,774
927,2,1315,412,1517,625
928,8,1052,450,1377,1060
928,0,1053,450,1374,779
928,1,1438,524,1739,776
928,7,1314,411,1519,775
928,2,1315,412,1518,623
929,8,1052,451,1377,1060
929,0,1053,450,1374,779
929,1,1435,524,1740,776
929,2,1316,411,1514,615
930,8,1051,451,1376,1060
930,0,1052,450,1373,779
930,1,1437,525,1740,776
930,2,1316,411,1510,615
931,8,1050,450,1376,1060
931,1,1437,525,1741,776
931,0,1052,449,1372,779
931,2,1314,411,1517,628
932,8,1050,450,1375,1060
932,1,1438,525,1740,776
932,0,1053,450,1371,779
932,2,1314,411,1517,626
933,8,1051,450,1377,1060
933,1,1436,524,1740,776
933,0,1053,450,1373,780
933,2,1315,411,1518,622
934,8,1051,450,1377,1060
934,0,1054,450,1372,779
934,1,1437,524,1740,776
934,2,1315,411,1509,618
935,8,1051,451,1377,1060
935,0,1054,451,1372,780
935,1,1435,524,1740,776
935,2,1315,411,1516,623
936,8,1050,451,1377,1060
936,1,1435,525,1740,776
936,0,1053,451,1372,779
936,2,1315,411,1506,619
937,1,1436,525,1740,776
937,0,1053,451,1372,779
937,8,1051,451,1376,1060
937,2,1314,411,1514,623
938,0,1053,451,1372,779
938,8,1051,449,1376,1060
938,1,1435,525,1740,776
938,2,1314,411,1516,627
939,0,1053,451,1371,779
939,1,1435,525,1740,776
939,8,1051,451,1376,1060
939,2,1314,410,1516,627
939,7,1314,410,1517,774
940,8,1051,451,1377,1060
940,0,1053,451,1372,779
940,1,1434,525,1740,776
940,7,1314,409,1521,772
940,2,1314,411,1518,623
941,1,1434,525,1739,776
941,7,1315,409,1521,772
941,8,1051,451,1376,1060
941,0,1053,451,1371,779
941,2,1315,411,1517,626
942,1,1434,526,1739,776
942,8,1050,451,1374,1060
942,0,1052,451,1369,779
942,2,1314,411,1515,626
943,8,1050,451,1373,1060
943,1,1434,526,1739,776
943,0,1052,451,1369,779
943,2,1314,411,1511,618
944,8,1051,451,1373,1060
944,0,1053,451,1368,779
944,1,1433,526,1739,776
944,2,1314,411,1508,618
945,0,1053,451,1369,779
945,8,1051,451,1373,1060
945,1,1433,526,1739,776
945,2,1314,410,1509,619
946,8,1051,451,1373,1060
946,0,1052,450,1369,779
946,1,1433,527,1740,776
946,2,1315,410,1505,619
947,8,1051,451,1373,1060
947,0,1052,450,1369,779
947,1,1435,526,1740,776
947,2,1315,409,1509,618
948,8,1051,451,1374,1060
948,0,1052,450,1370,779
948,1,1437,527,1740,776
948,2,1315,410,1508,618
949,8,1051,451,1374,1060
949,0,1053,450,1370,779
949,1,1437,526,1740,776
949,2,1315,410,1507,618
950,0,1053,450,1369,778
950,8,1051,451,1373,1060
950,1,1438,525,1740,776
950,2,1314,410,1514,617
951,8,1051,451,1373,1059
951,0,1053,450,1369,778
951,1,1439,525,1740,776
951,2,1314,410,1517,617
951,7,1313,408,1518,775
952,8,1051,451,1373,1060
952,0,1053,451,1370,779
952,1,1441,525,1740,776
952,7,1313,409,1519,775
952,2,1314,410,1518,619
953,8,1051,451,1373,1060
953,0,1053,450,1370,779
953,7,1313,409,1520,774
953,1,1441,525,1740,776
953,2,1314,410,1517,627
954,1,1441,525,1740,777
954,8,1051,451,1374,1060
954,0,1053,450,1370,778
954,2,1313,409,1518,631
955,1,1441,525,1740,776
955,8,1051,451,1374,1060
955,0,1053,450,1370,778
955,2,1314,410,1518,619
956,8,1051,451,1374,1060
956,2,1314,410,1517,619
956,1,1442,525,1740,776
956,0,1053,450,1370,778
957,1,1442,525,1740,776
957,0,1054,450,1371,778
957,8,1051,451,1375,1059
957,2,1314,410,1518,618
958,8,1051,451,1375,1060
958,0,1053,450,1371,778
958,1,1441,525,1739,776
958,2,1314,409,1518,619
959,8,1051,451,1375,1060
959,0,1054,450,1371,778
959,1,1442,525,1739,777
959,2,1312,408,1517,633
960,8,1051,451,1374,1059
960,1,1443,525,1740,777
960,0,1053,450,1370,778
960,2,1314,408,1516,619
961,8,1052,451,1373,1060
961,1,1442,525,1741,777
961,0,1056,450,1370,777
961,2,1313,407,1516,616
961,7,1313,405,1517,773
962,0,1056,450,1369,778
962,7,1313,404,1517,772
962,8,1052,450,1373,1060
962,2,1313,407,1516,616
962,1,1441,525,1740,777
963,8,1051,451,1373,1060
963,1,1441,525,1740,777
963,0,1055,450,1369,778
963,7,1313,405,1519,773
963,2,1313,407,1516,617
964,0,1055,450,1370,777
964,8,1052,450,1373,1060
964,1,1443,525,1740,777
964,7,1313,404,1518,773
964,2,1313,407,1515,620
965,8,1052,450,1375,1060
965,0,1055,450,1371,777
965,7,1313,403,1517,773
965,1,1438,525,1740,777
965,2,1312,405,1516,626
966,1,1439,525,1740,777
966,8,1052,451,1374,1060
966,7,1313,403,1518,773
966,0,1055,450,1369,778
966,2,1313,406,1516,619
967,8,1051,451,1372,1060
967,0,1055,450,1368,777
967,1,1442,526,1740,777
967,7,1312,404,1516,773
968,8,1052,450,1372,1060
968,0,1055,450,1368,776
968,1,1445,526,1740,776
968,7,1313,403,1515,774
969,1,1445,526,1740,776
969,7,1313,403,1515,774
969,8,1052,450,1373,1060
969,0,1055,450,1369,776
970,8,1052,451,1372,1060
970,0,1055,450,1368,777
970,1,1442,525,1740,776
970,7,1312,404,1517,770
970,2,1312,405,1517,628
971,8,1052,451,1370,1059
971,0,1055,450,1366,776
971,1,1441,524,1739,776
971,2,1312,405,1517,625
971,7,1313,403,1516,773
972,0,1055,450,1366,776
972,8,1052,451,1369,1059
972,7,1312,404,1517,771
972,1,1446,524,1740,776
972,2,1311,405,1517,636
973,1,1446,523,1740,776
973,8,1053,451,1370,1059
973,0,1056,450,1367,777
973,7,1313,405,1519,773
973,2,1313,406,1518,625
974,0,1056,450,1367,777
974,8,1053,451,1370,1059
974,7,1313,404,1520,773
974,1,1441,523,1739,775
974,2,1313,407,1517,620
975,0,1056,450,1367,777
975,8,1053,451,1370,1059
975,7,1312,405,1518,772
975,1,1445,523,1738,775
976,7,1312,405,1517,773
976,8,1052,450,1368,1059
976,0,1054,450,1365,777
976,1,1449,522,1738,775
977,0,1054,450,1365,778
977,8,1051,450,1368,1059
977,7,1312,405,1518,772
977,1,1448,523,1738,774
978,7,1312,405,1518,772
978,8,1051,449,1368,1059
978,0,1054,450,1365,777
978,1,1450,523,1738,774
979,7,1312,405,1518,773
979,8,1051,449,1367,1059
979,1,1449,523,1738,774
979,0,1053,450,1364,777
980,8,1051,449,1368,1059
980,0,1054,450,1365,776
980,7,1312,405,1518,772
980,1,1448,523,1738,774
981,8,1051,449,1368,1059
981,7,1312,405,1518,772
981,0,1054,450,1365,778
981,1,1450,523,1738,774
982,7,1312,406,1518,773
982,8,1050,451,1368,1059
982,0,1053,450,1366,778
982,1,1453,523,1738,774
983,0,1053,450,1365,779
983,7,1312,405,1517,773
983,8,1049,451,1367,1059
983,1,1450,523,1738,774
984,8,1048,451,1368,1059
984,0,1052,450,1365,778
984,7,1312,405,1516,773
984,1,1455,523,1738,774
985,0,1051,450,1365,778
985,8,1047,451,1368,1060
985,7,1312,405,1516,773
985,1,1454,523,1738,774
986,7,1312,405,1515,773
986,1,1452,523,1738,774
986,0,1052,450,1364,778
986,8,1047,449,1366,1060
987,7,1312,405,1515,774
987,1,1453,523,1738,775
987,0,1051,450,1363,778
987,8,1047,451,1366,1060
988,8,1047,451,1366,1061
988,7,1313,405,1516,774
988,0,1051,450,1363,779
988,1,1454,523,1738,775
989,7,1313,405,1516,774
989,8,1047,451,1366,1061
989,0,1050,450,1364,779
989,1,1452,523,1738,774
990,7,1313,405,1516,774
990,1,1451,523,1738,774
990,0,1050,450,1363,779
990,8,1048,451,1365,1060
991,8,1049,450,1365,1060
991,0,1052,450,1363,779
991,7,1312,405,1518,773
991,1,1459,524,1738,774
992,8,1048,450,1365,1060
992,0,1052,449,1364,778
992,1,1461,523,1738,774
992,7,1312,405,1517,773
993,0,1052,449,1364,778
993,8,1048,450,1366,1060
993,1,1460,524,1738,774
993,7,1312,404,1517,772
994,7,1312,404,1517,773
994,8,1049,450,1366,1060
994,0,1051,449,1364,779
994,1,1462,524,1738,774
995,8,1050,450,1366,1060
995,0,1050,449,1364,779
995,7,1312,404,1518,773
995,1,1464,523,1738,774
996,8,1050,450,1366,1060
996,0,1050,449,1364,780
996,1,1465,524,1738,774
996,7,1312,404,1517,773
997,7,1312,404,1518,773
997,0,1050,449,1364,780
997,8,1049,450,1365,1060
997,1,1464,524,1739,774
998,8,1049,449,1366,1060
998,7,1312,404,1518,774
998,0,1049,449,1364,780
998,1,1462,524,1739,774
999,8,1049,449,1365,1060
999,0,1049,449,1364,780
999,7,1311,404,1517,774
999,1,1464,524,1738,774
1000,0,1049,449,1364,780
1000,8,1049,450,1366,1060
1000,7,1311,404,1517,774
1000,1,1465,524,1739,775
1001,0,1049,449,1364,780
1001,8,1049,449,1366,1060
1001,7,1311,404,1518,774
1001,1,1466,523,1739,775
1002,8,1049,449,1366,1060
1002,0,1049,449,1365,780
1002,1,1465,523,1739,775
1002,7,1312,403,1517,774
1003,8,1049,449,1367,1060
1003,0,1049,448,1364,780
1003,7,1312,403,1518,774
1003,1,1462,523,1738,775
1004,0,1049,448,1364,780
1004,8,1049,449,1366,1060
1004,7,1312,403,1517,774
1004,1,1463,523,1739,775
1005,8,1049,449,1366,1060
1005,0,1050,448,1364,780
1005,1,1463,523,1739,775
1005,7,1311,402,1517,774
1006,8,1050,448,1367,1060
1006,1,1462,523,1739,775
1006,7,1311,402,1518,774
1006,0,1051,448,1364,780
1007,8,1049,448,1367,1060
1007,0,1050,447,1365,780
1007,7,1311,401,1517,774
1007,1,1459,523,1739,775
1007,9,1311,402,1518,637
1008,8,1049,448,1368,1060
1008,0,1050,447,1365,780
1008,1,1462,523,1739,775
1008,7,1312,400,1517,776
1008,9,1312,400,1518,636
1009,8,1049,448,1368,1060
1009,0,1050,447,1365,780
1009,7,1312,400,1517,776
1009,1,1461,523,1739,775
1009,9,1312,400,1518,632
1010,0,1050,447,1365,779
1010,1,1461,523,1739,775
1010,8,1049,448,1367,1060
1010,7,1312,400,1517,776
1011,8,1049,448,1368,1060
1011,0,1050,447,1365,779
1011,7,1312,400,1517,776
1011,1,1462,523,1739,775
1011,9,1312,399,1518,634
1012,8,1050,449,1368,1060
1012,0,1051,447,1365,779
1012,1,1460,523,1739,775
1012,9,1313,399,1519,630
1013,8,1049,449,1367,1060
1013,0,1050,448,1365,780
1013,1,1458,523,1739,775
1013,9,1313,397,1519,631
1014,8,1049,448,1368,1060
1014,0,1049,448,1365,780
1014,1,1458,523,1739,775
1014,7,1313,397,1518,777
1014,9,1313,396,1518,658
1015,8,1049,449,1367,1061
1015,0,1049,448,1364,780
1015,1,1456,523,1739,775
1015,7,1314,398,1518,776
1015,9,1315,396,1519,622
1016,0,1049,448,1365,780
1016,8,1049,449,1367,1060
1016,1,1453,523,1739,775
1016,7,1312,395,1519,778
1016,9,1312,393,1518,653
1017,8,1049,449,1367,1060
1017,0,1049,448,1365,780
1017,1,1451,523,1739,775
1017,7,1314,395,1517,773
1017,9,1314,393,1519,628
1018,1,1451,523,1739,775
1018,8,1049,448,1366,1060
1018,0,1049,448,1364,780
1018,9,1314,392,1518,630
1019,8,1049,449,1366,1061
1019,0,1049,448,1364,779
1019,1,1452,523,1739,775
1019,7,1314,392,1518,777
1019,9,1315,391,1518,638
1020,0,1049,448,1364,779
1020,8,1049,448,1367,1061
1020,7,1315,393,1518,777
1020,1,1454,522,1739,775
1020,9,1315,391,1517,662
1021,8,1049,448,1366,1061
1021,0,1050,447,1363,779
1021,7,1315,392,1518,774
1021,1,1459,523,1740,775
1022,0,1049,447,1363,779
1022,7,1315,392,1518,775
1022,8,1048,448,1365,1061
1022,1,1461,523,1739,775
1023,8,1048,448,1365,1061
1023,0,1049,448,1363,779
1023,1,1456,523,1740,775
1023,7,1312,393,1517,775
1024,0,1049,448,1363,779
1024,8,1049,448,1365,1061
1024,7,1313,393,1517,775
1024,1,1458,523,1739,775
1025,8,1049,448,1364,1061
1025,0,1049,447,1362,780
1025,7,1311,394,1518,775
1025,1,1463,523,1739,775
1026,0,1049,448,1362,779
1026,8,1049,448,1364,1061
1026,7,1311,395,1517,775
1026,1,1460,523,1739,776
1027,8,1048,448,1365,1061
1027,7,1311,395,1517,775
1027,0,1050,448,1362,779
1027,1,1458,523,1740,776
1028,0,1050,448,1361,779
1028,8,1048,448,1364,1061
1028,1,1460,523,1740,776
1028,7,1309,396,1517,775
1029,8,1048,448,1365,1061
1029,0,1049,447,1363,780
1029,1,1456,523,1740,776
1029,7,1306,396,1521,776
1029,9,1306,395,1518,631
1030,8,1048,448,1365,1061
1030,1,1457,523,1739,775
1030,0,1049,447,1362,779
1030,7,1305,396,1520,774
1030,9,1305,395,1518,625
1031,0,1049,448,1362,779
1031,8,1048,446,1365,1061
1031,7,1306,396,1519,774
1031,1,1459,524,1739,776
1031,9,1303,396,1518,620
1032,0,1049,448,1362,780
1032,8,1048,446,1366,1061
1032,7,1305,396,1519,776
1032,1,1462,524,1739,777
1033,0,1050,448,1362,779
1033,1,1463,524,1739,777
1033,8,1049,448,1365,1061
1033,7,1307,397,1517,775
1034,8,1049,448,1365,1061
1034,0,1049,448,1362,779
1034,7,1307,397,1517,775
1034,1,1461,524,1739,776
1035,1,1461,524,1739,776
1035,0,1049,448,1363,780
1035,7,1308,398,1518,775
1035,8,1048,446,1366,1061
1036,0,1049,448,1363,780
1036,8,1049,446,1366,1061
1036,7,1309,398,1518,774
1036,1,1462,524,1739,776
1037,0,1049,448,1363,780
1037,8,1049,446,1366,1061
1037,7,1309,399,1518,774
1037,1,1460,524,1740,776
1038,0,1050,448,1364,780
1038,8,1050,448,1367,1061
1038,1,1458,524,1740,776
1038,7,1308,398,1519,774
1039,8,1050,448,1367,1061
1039,7,1308,399,1519,774
1039,0,1051,447,1365,779
1039,1,1456,524,1740,776
1039,9,1308,400,1518,617
1040,8,1050,448,1367,1061
1040,0,1050,448,1364,779
1040,7,1308,400,1519,775
1040,1,1454,523,1741,776
1040,9,1308,400,1518,619
1041,8,1050,448,1367,1061
1041,7,1309,400,1519,775
1041,0,1051,447,1365,779
1041,1,1451,523,1740,776
1041,9,1309,400,1518,620
1042,8,1051,449,1367,1061
1042,0,1051,448,1365,780
1042,7,1309,400,1518,775
1042,1,1455,523,1740,776
1042,9,1308,400,1518,626
1043,8,1050,448,1366,1061
1043,0,1050,448,1364,780
1043,1,1452,523,1739,776
1043,7,1311,399,1518,774
1044,8,1050,448,1366,1061
1044,0,1049,448,1364,780
1044,1,1451,523,1740,776
1044,7,1314,403,1517,778
1044,9,1311,397,1518,636
1045,0,1050,448,1366,780
1045,8,1050,448,1368,1061
1045,1,1453,522,1739,776
1045,7,1313,399,1519,778
1046,8,1050,449,1369,1061
1046,0,1050,448,1366,780
1046,1,1455,521,1740,776
1046,7,1312,396,1517,778
1047,1,1456,521,1740,776
1047,8,1051,448,1370,1060
1047,0,1052,447,1367,779
1047,7,1311,392,1514,776
1047,9,1311,391,1516,633
1048,7,1311,392,1515,775
1048,8,1051,448,1370,1060
1048,0,1053,447,1367,779
1048,1,1454,521,1740,776
1048,9,1311,390,1516,636
1049,8,1050,448,1368,1060
1049,0,1051,448,1365,779
1049,7,1309,391,1513,775
1049,1,1461,521,1739,776
1050,0,1050,448,1364,779
1050,8,1050,448,1366,1060
1050,7,1309,391,1511,775
1050,1,1456,521,1739,776
1051,8,1050,448,1367,1060
1051,0,1051,447,1364,780
1051,1,1457,522,1740,775
1051,7,1309,390,1508,775
1052,0,1051,447,1364,780
1052,8,1050,448,1367,1060
1052,7,1308,391,1508,776
1052,1,1460,522,1739,775
1053,8,1050,448,1367,1060
1053,0,1051,448,1364,780
1053,1,1460,523,1739,775
1053,7,1309,392,1505,777
1054,0,1051,448,1365,780
1054,8,1050,448,1368,1060
1054,7,1309,393,1503,777
1054,1,1462,523,1741,777
1055,8,1050,449,1368,1061
1055,0,1051,448,1365,780
1055,1,1461,523,1740,777
1055,7,1309,394,1502,776
1055,9,1315,394,1504,652
1056,8,1049,448,1367,1060
1056,0,1050,448,1365,780
1056,1,1462,522,1741,777
1056,9,1314,395,1503,642
1057,0,1050,447,1366,780
1057,8,1049,448,1368,1060
1057,1,1461,522,1741,777
1057,9,1314,395,1504,644
1057,7,1310,395,1504,774
1058,1,1461,522,1741,777
1058,8,1049,448,1369,1060
1058,0,1050,447,1366,780
1058,7,1309,396,1503,774
1058,9,1312,396,1504,642
1059,1,1461,522,1742,777
1059,8,1050,448,1369,1060
1059,0,1051,447,1366,779
1059,7,1310,398,1502,775
1059,9,1313,398,1504,646
1060,8,1050,449,1369,1060
1060,0,1051,448,1366,780
1060,1,1464,522,1741,777
1060,7,1309,398,1504,775
1060,9,1311,399,1506,641
1061,0,1051,448,1365,780
1061,8,1050,449,1368,1060
1061,1,1463,522,1741,777
1061,9,1310,399,1506,642
1061,7,1308,399,1504,774
1062,0,1051,449,1365,780
1062,8,1049,449,1368,1061
1062,7,1309,398,1506,774
1062,9,1310,399,1508,641
1062,1,1458,522,1741,777
1063,8,1049,449,1367,1060
1063,0,1050,449,1365,780
1063,9,1310,399,1507,637
1063,1,1418,522,1741,776
1064,8,1049,449,1367,1060
1064,0,1050,448,1365,780
1064,7,1309,399,1506,773
1064,9,1310,399,1507,634
1064,1,1412,522,1741,776
1065,8,1049,449,1368,1061
1065,0,1051,448,1365,780
1065,7,1310,398,1506,775
1065,9,1311,399,1507,643
1065,1,1425,522,1741,777
1066,0,1052,448,1366,780
1066,8,1050,449,1368,1060
1066,7,1310,398,1508,775
1066,9,1311,398,1510,647
1066,1,1449,522,1741,777
1067,8,1049,449,1369,1060
1067,0,1052,448,1366,780
1067,7,1310,398,1509,775
1067,9,1310,399,1510,642
1067,1,1444,522,1741,779
1068,8,1049,449,1368,1060
1068,0,1051,448,1366,780
1068,7,1310,398,1509,775
1068,1,1445,522,1741,777
1068,9,1311,399,1511,646
1069,8,1049,449,1369,1060
1069,0,1051,449,1366,780
1069,9,1311,399,1512,646
1069,7,1310,398,1510,775
1069,1,1447,522,1741,777
1070,7,1311,398,1509,775
1070,8,1049,449,1370,1060
1070,0,1051,448,1367,780
1070,9,1311,399,1512,647
1070,1,1461,522,1741,777
1071,8,1049,449,1370,1060
1071,0,1050,449,1367,780
1071,7,1311,397,1509,774
1071,9,1311,399,1512,646
1071,1,1464,522,1742,777
1072,8,1048,449,1370,1060
1072,0,1050,449,1367,780
1072,7,1311,398,1510,775
1072,1,1465,522,1742,777
1072,9,1311,399,1512,644
1073,0,1051,448,1366,780
1073,7,1311,397,1510,774
1073,9,1311,398,1513,644
1073,8,1050,449,1369,1060
1073,1,1468,522,1739,774
1074,8,1049,449,1369,1059
1074,0,1050,448,1366,780
1074,1,1468,522,1740,775
1074,7,1311,398,1510,775
1074,9,1310,399,1512,647
1075,8,1049,449,1370,1059
1075,7,1310,398,1510,774
1075,0,1051,448,1366,779
1075,9,1310,399,1513,646
1075,1,1469,522,1739,774
1076,0,1051,448,1366,779
1076,8,1049,449,1369,1059
1076,7,1310,398,1511,775
1076,1,1467,522,1742,777
1076,9,1310,398,1514,653
1077,7,1310,397,1511,775
1077,0,1052,447,1367,779
1077,8,1048,448,1370,1060
1077,9,1311,397,1514,655
1077,1,1472,521,1740,775
1078,8,1048,448,1370,1060
1078,0,1052,447,1366,779
1078,1,1473,521,1740,775
1078,7,1311,397,1513,774
1078,9,1311,397,1515,652
1079,0,1053,448,1366,779
1079,8,1051,449,1370,1059
1079,1,1475,522,1740,775
1079,7,1310,397,1512,775
1080,8,1050,449,1370,1059
1080,0,1052,448,1366,779
1080,7,1310,396,1512,774
1080,1,1477,522,1740,775
1080,9,1310,396,1514,658
1081,7,1310,396,1512,774
1081,1,1476,521,1739,774
1081,0,1051,448,1363,778
1081,8,1051,449,1365,1059
1082,8,1051,449,1366,1059
1082,0,1050,448,1363,779
1082,1,1478,521,1739,774
1082,7,1310,395,1513,775
1083,8,1051,449,1365,1059
1083,0,1051,448,1363,779
1083,1,1477,521,1739,774
1083,7,1310,396,1513,775
1084,8,1051,449,1365,1059
1084,0,1051,448,1362,778
1084,1,1476,521,1739,774
1084,7,1310,395,1513,774
1085,8,1051,449,1366,1059
1085,1,1477,520,1739,775
1085,7,1309,395,1512,776
1085,0,1053,448,1364,779
1085,9,1310,396,1515,628
1086,8,1050,449,1366,1059
1086,0,1051,448,1363,779
1086,7,1310,395,1513,774
1086,1,1473,520,1740,775
1086,9,1309,395,1515,626
1087,8,1050,449,1364,1059
1087,1,1472,520,1739,775
1087,0,1051,448,1362,779
1087,9,1309,395,1514,646
1088,8,1050,449,1364,1059
1088,0,1051,448,1362,779
1088,1,1472,521,1738,775
1088,9,1309,394,1515,636
1089,1,1472,521,1739,775
1089,8,1050,449,1365,1060
1089,0,1052,448,1363,779
1089,9,1310,395,1514,626
1090,8,1049,449,1364,1059
1090,0,1050,448,1362,779
1090,1,1473,521,1738,775
1090,9,1309,394,1515,625
1091,0,1050,448,1362,779
1091,8,1049,449,1365,1059
1091,1,1472,521,1738,775
1091,9,1309,395,1514,627
1092,0,1050,448,1362,779
1092,8,1049,449,1365,1059
1092,1,1473,521,1739,775
1092,9,1309,395,1514,626
1092,7,1309,395,1515,775
1093,0,1050,449,1362,779
1093,8,1049,450,1364,1059
1093,1,1472,521,1739,775
1093,9,1309,396,1514,626
1094,8,1049,449,1365,1059
1094,0,1050,448,1362,779
1094,9,1309,397,1513,626
1094,1,1469,521,1739,775
1095,9,1310,397,1514,626
1095,8,1049,450,1367,1059
1095,1,1472,521,1739,775
1095,0,1052,449,1364,779
1096,0,1053,449,1364,779
1096,1,1472,521,1740,776
1096,8,1046,450,1367,1060
1096,9,1311,398,1515,624
1097,8,1047,450,1367,1060
1097,0,1052,449,1364,779
1097,1,1473,521,1740,776
1097,9,1311,398,1515,625
1098,9,1310,399,1515,625
1098,0,1051,449,1364,779
1098,8,1046,450,1367,1060
1098,1,1473,521,1740,775
1099,0,1051,449,1365,779
1099,8,1045,449,1367,1060
1099,1,1471,521,1740,775
1099,9,1310,399,1515,623
1100,0,1051,449,1364,779
1100,8,1045,449,1367,1060
1100,1,1473,521,1740,776
1100,9,1310,399,1515,621
1101,0,1051,449,1364,779
1101,8,1044,450,1367,1060
1101,1,1474,521,1740,775
1101,9,1311,399,1515,623
1102,8,1044,450,1367,1060
1102,0,1051,449,1364,779
1102,1,1474,521,1740,776
1102,9,1311,399,1515,622
1103,1,1475,522,1740,776
1103,0,1051,449,1365,779
1103,8,1045,448,1368,1060
1103,9,1312,399,1516,620
1104,1,1474,522,1740,776
1104,8,1046,448,1369,1059
1104,0,1053,449,1366,778
1104,9,1313,399,1515,625
1105,1,1473,522,1740,776
1105,0,1053,448,1365,778
1105,9,1313,400,1515,626
1105,8,1045,449,1368,1060
1106,0,1053,449,1365,778
1106,1,1473,522,1740,776
1106,8,1046,447,1368,1060
1106,9,1313,399,1516,629
1107,8,1046,448,1368,1060
1107,0,1054,450,1365,778
1107,1,1474,522,1740,776
1107,9,1313,400,1516,626
1108,1,1474,522,1741,776
1108,0,1054,450,1366,778
1108,8,1045,451,1369,1061
1108,9,1314,401,1516,627
1109,8,1045,450,1370,1060
1109,0,1054,450,1366,779
1109,1,1474,522,1741,776
1109,9,1314,401,1516,627
1110,1,1474,522,1741,776
1110,8,1045,451,1370,1060
1110,0,1053,450,1366,779
1110,9,1313,401,1516,631
1111,0,1053,450,1366,779
1111,1,1472,523,1740,775
1111,8,1049,451,1369,1060
1111,9,1311,402,1515,630
1112,0,1053,450,1366,779
1112,1,1472,523,1740,775
1112,8,1049,451,1369,1060
1112,9,1312,402,1515,631
1113,1,1471,522,1740,775
1113,8,1049,451,1370,1060
1113,0,1053,450,1367,779
1113,9,1312,402,1514,628
1114,1,1471,522,1740,775
1114,8,1049,450,1371,1059
1114,0,1053,450,1367,779
1114,9,1312,402,1515,630
1115,8,1049,450,1370,1059
1115,1,1472,522,1740,775
1115,0,1052,450,1367,778
1115,9,1312,402,1514,626
1116,8,1049,450,1371,1059
1116,0,1052,450,1367,779
1116,1,1473,522,1740,775
1116,9,1312,402,1514,629
1117,1,1473,522,1740,775
1117,8,1050,450,1370,1059
1117,0,1053,450,1367,778
1117,9,1312,401,1514,628
1118,1,1473,523,1740,775
1118,0,1054,449,1364,778
1118,8,1051,450,1367,1059
1118,9,1312,400,1514,625
1119,1,1474,523,1740,775
1119,8,1051,449,1366,1058
1119,0,1054,449,1363,776
1119,9,1311,399,1515,622
1120,8,1051,450,1366,1058
1120,0,1054,449,1363,777
1120,1,1474,523,1740,775
1120,9,1311,399,1515,622
1121,0,1054,449,1363,776
1121,8,1051,449,1366,1059
1121,1,1473,522,1741,775
1121,9,1311,399,1515,631
1121,10,1311,398,1517,774
1122,0,1054,449,1363,776
1122,10,1311,397,1517,774
1122,8,1050,449,1366,1059
1122,1,1473,522,1740,774
1122,9,1312,398,1515,632
1123,0,1054,448,1363,776
1123,1,1473,522,1740,774
1123,8,1049,449,1367,1059
1123,10,1312,397,1516,773
1123,9,1312,398,1515,631
1124,1,1474,521,1740,774
1124,0,1054,448,1365,776
1124,8,1050,448,1368,1059
1124,9,1313,398,1515,629
1125,8,1050,448,1368,1058
1125,0,1054,448,1365,776
1125,1,1474,522,1741,774
1125,9,1313,398,1515,630
1126,1,1474,522,1740,773
1126,0,1055,448,1365,776
1126,8,1050,448,1369,1059
1126,9,1313,398,1515,633
1127,1,1473,521,1741,773
1127,8,1050,447,1371,1058
1127,0,1056,447,1367,776
1127,9,1313,398,1516,626
1128,0,1056,447,1367,777
1128,9,1314,398,1516,625
1128,1,1472,521,1740,773
1128,8,1053,446,1370,1059
1129,0,1056,446,1367,776
1129,8,1053,447,1370,1058
1129,1,1473,521,1741,773
1129,9,1313,397,1516,624
1130,1,1474,520,1741,772
1130,0,1057,445,1365,776
1130,9,1314,397,1516,625
1130,8,1054,447,1369,1058
1131,8,1054,446,1368,1058
1131,9,1313,397,1516,626
1131,0,1057,445,1365,776
1131,1,1471,520,1742,773
1132,0,1057,445,1365,776
1132,8,1055,446,1368,1058
1132,1,1472,520,1743,773
1132,9,1312,397,1517,626
1133,0,1056,445,1364,776
1133,9,1312,397,1516,627
1133,8,1053,446,1368,1058
1133,1,1469,519,1743,773
1134,0,1056,445,1364,776
1134,8,1053,446,1367,1058
1134,1,1470,519,1742,773
1134,9,1311,397,1516,626
1135,8,1054,446,1367,1058
1135,0,1057,445,1363,776
1135,1,1468,519,1744,773
1135,9,1312,397,1516,628
1136,0,1057,445,1363,776
1136,8,1053,446,1366,1058
1136,9,1312,396,1515,627
1136,1,1472,518,1744,773
1137,0,1056,445,1364,776
1137,8,1053,445,1367,1058
1137,1,1473,518,1745,774
1137,9,1311,396,1513,623
1138,0,1056,445,1364,776
1138,8,1053,445,1367,1058
1138,9,1311,396,1513,625
1138,1,1475,517,1745,774
1139,0,1057,445,1365,775
1139,8,1052,446,1368,1058
1139,9,1312,396,1513,623
1139,1,1478,514,1746,773
1140,0,1057,445,1365,775
1140,8,1053,445,1368,1057
1140,9,1312,396,1513,621
1140,1,1479,512,1746,773
1141,1,1480,511,1747,772
1141,0,1054,445,1364,776
1141,9,1312,396,1514,624
1141,8,1043,447,1368,1060
1142,8,1043,447,1368,1059
1142,0,1054,445,1364,775
1142,9,1312,396,1515,626
1142,1,1482,510,1747,774
1143,8,1043,447,1369,1060
1143,0,1054,445,1364,776
1143,9,1313,397,1515,625
1143,1,1490,509,1747,772
1144,0,1055,445,1364,776
1144,8,1045,445,1368,1059
1144,1,1498,507,1748,771
1144,9,1312,397,1515,644
1144,11,1313,396,1517,768
1145,0,1054,444,1364,776
1145,8,1046,444,1369,1059
1145,11,1312,396,1518,768
1145,9,1311,397,1516,637
1145,1,1505,506,1750,770
1146,0,1055,444,1364,775
1146,8,1046,444,1368,1059
1146,1,1513,506,1751,770
1146,9,1312,397,1516,649
1146,11,1313,397,1520,749
1147,0,1056,444,1365,776
1147,8,1048,444,1369,1058
1147,1,1523,504,1752,770
1147,9,1314,396,1516,682
1148,0,1056,444,1366,776
1148,8,1048,444,1370,1058
1148,1,1527,502,1755,770
1148,9,1313,396,1516,638
1149,8,1047,443,1370,1058
1149,0,1055,444,1366,776
1149,1,1517,501,1755,769
1149,11,1313,397,1520,768
1149,9,1313,396,1517,661
1150,0,1055,443,1365,776
1150,8,1049,443,1369,1057
1150,9,1312,396,1517,657
1150,11,1312,396,1518,770
1150,1,1488,501,1756,770
1151,8,1049,443,1370,1057
1151,0,1055,442,1366,776
1151,9,1313,395,1517,660
1151,1,1514,499,1757,770
1152,8,1047,443,1370,1057
1152,0,1052,442,1366,777
1152,9,1312,394,1516,664
1152,1,1534,498,1756,769
1153,8,1047,442,1370,1057
1153,0,1052,442,1365,777
1153,11,1311,394,1516,771
1153,1,1539,498,1756,771
1154,0,1053,442,1365,777
1154,8,1046,443,1368,1058
1154,1,1541,499,1756,771
1154,9,1310,389,1517,664
1155,8,1045,443,1370,1058
1155,0,1052,441,1365,777
1155,1,1544,499,1755,769
1155,11,1310,388,1511,773
1156,0,1052,440,1364,776
1156,8,1044,442,1367,1057
1156,11,1310,387,1514,771
1156,1,1548,497,1760,768
1157,8,1044,441,1366,1057
1157,0,1052,440,1363,776
1157,11,1311,384,1513,770
1157,1,1553,498,1766,767
1158,8,1045,440,1367,1056
1158,0,1051,439,1365,776
1158,11,1310,382,1512,770
1158,1,1558,496,1771,767
1159,8,1046,440,1365,1056
1159,0,1049,439,1363,775
1159,11,1310,378,1512,769
1159,1,1563,497,1779,766
1160,8,1046,440,1364,1056
1160,0,1049,439,1361,775
1160,11,1312,375,1512,768
1160,1,1568,498,1786,765
1161,8,1044,438,1364,1056
1161,0,1051,437,1360,774
1161,11,1313,371,1512,767
1161,1,1569,498,1793,765
1162,0,1051,435,1362,774
1162,11,1313,369,1513,767
1162,8,1039,436,1365,1058
1162,1,1573,497,1799,765
1163,11,1315,365,1513,767
1163,8,1042,435,1366,1055
1163,0,1047,433,1363,772
1163,1,1576,497,1805,764
1164,0,1047,432,1362,772
1164,8,1042,433,1365,1055
1164,11,1316,361,1514,767
1164,1,1582,496,1815,763
1165,0,1047,430,1361,771
1165,8,1043,431,1364,1053
1165,11,1318,357,1515,766
1165,1,1586,495,1819,762
1166,8,1043,430,1364,1052
1166,0,1050,428,1362,768
1166,11,1321,352,1518,765
1166,1,1589,495,1825,761
1167,0,1049,426,1361,768
1167,8,1044,428,1363,1052
1167,11,1322,349,1519,765
1167,1,1595,495,1830,761
1168,8,1045,428,1362,1051
1168,11,1324,347,1518,764
1168,0,1051,426,1367,767
1168,1,1600,494,1835,760
1169,8,1046,424,1360,1048
1169,11,1323,342,1519,763
1169,1,1604,494,1838,759
1169,0,1048,422,1360,766
1170,8,1046,424,1363,1049
1170,0,1048,422,1363,766
1170,11,1324,337,1519,761
1170,1,1608,494,1841,759
1171,11,1324,334,1520,760
1171,0,1047,419,1366,765
1171,8,1043,421,1367,1049
1171,1,1611,494,1844,757
1172,8,1044,419,1364,1049
1172,0,1047,418,1363,764
1172,1,1613,493,1846,755
1172,11,1321,330,1521,758
1173,8,1044,418,1362,1047
1173,0,1046,417,1362,763
1173,1,1614,492,1847,755
1173,11,1321,327,1520,755
1174,1,1615,493,1849,754
1174,8,1042,418,1359,1047
1174,11,1321,326,1522,761
1174,0,1042,417,1358,763
1175,8,1042,418,1361,1046
1175,0,1042,416,1364,761
1175,11,1324,323,1522,757
1175,1,1617,492,1853,753
1176,1,1617,491,1856,752
1176,11,1326,320,1523,755
1176,0,1041,416,1372,760
1176,8,1040,416,1370,1045
1177,8,1038,417,1369,1044
1177,1,1619,490,1856,754
1177,11,1329,318,1522,760
1177,0,1038,416,1368,764
1177,12,1331,318,1523,609
1178,1,1620,489,1861,753
1178,8,1037,418,1355,1044
1178,0,1034,417,1358,758
1178,12,1328,316,1523,639
1179,8,1035,419,1357,1045
1179,0,1032,418,1360,757
1179,1,1619,488,1866,753
1179,12,1327,312,1525,636
1180,1,1619,489,1865,752
1180,8,1034,423,1378,1048
1180,0,1034,422,1376,764
1180,12,1326,311,1525,609
1181,1,1620,490,1864,752
1181,12,1326,309,1526,607
1181,8,1032,423,1389,1051
1181,0,1032,423,1390,763
1182,1,1621,492,1865,753
1182,12,1325,307,1527,604
1182,8,1032,424,1385,1042
1182,0,1031,424,1384,760
1183,12,1326,306,1526,603
1183,1,1621,493,1867,753
1183,8,1029,424,1373,1041
1183,0,1028,424,1365,765
1184,1,1623,494,1868,753
1184,12,1327,305,1528,607
1184,8,1030,424,1407,1039
1184,0,1029,425,1408,768
1185,12,1327,304,1528,604
1185,1,1624,494,1870,754
1185,8,1025,425,1398,1038
1185,0,1025,426,1402,773
1186,1,1627,494,1871,757
1186,12,1327,303,1527,595
1186,8,1018,427,1381,1035
1186,11,1327,305,1528,752
1186,0,1019,427,1383,781
1187,11,1327,304,1528,752
1187,12,1327,302,1528,593
1187,1,1627,496,1874,759
1187,8,1011,427,1400,1036
1187,0,1012,426,1402,793
1188,11,1327,302,1528,746
1188,1,1626,497,1876,761
1188,12,1327,302,1527,586
1188,8,1002,427,1415,1035
1188,0,1004,427,1416,791
1189,11,1326,300,1528,747
1189,12,1328,302,1527,582
1189,1,1626,499,1878,762
1189,8,993,429,1412,1035
1189,0,995,428,1413,794
1190,1,1626,501,1879,762
1190,11,1325,301,1527,744
1190,12,1326,302,1526,583
1190,8,991,428,1418,1039
1191,11,1324,300,1527,744
1191,12,1326,300,1526,581
1191,1,1626,502,1883,763
1191,8,983,431,1421,1035
1192,8,981,432,1423,1034
1192,11,1322,300,1527,745
1192,12,1326,300,1527,577
1192,1,1627,502,1889,764
1193,11,1322,299,1527,747
1193,1,1626,503,1892,765
1193,8,976,435,1420,1034
1193,12,1324,299,1526,581
1193,0,975,432,1422,829
1194,11,1324,298,1527,746
1194,8,975,435,1416,1033
1194,1,1628,503,1893,766
1194,12,1326,299,1527,581
1194,0,974,432,1418,835
1195,12,1326,300,1527,584
1195,1,1630,503,1894,766
1195,11,1324,298,1529,744
1195,8,971,435,1413,1032
1196,1,1630,503,1895,766
1196,11,1323,297,1531,743
1196,12,1325,299,1529,583
1196,8,968,435,1402,1033
1196,0,967,432,1405,850
1197,1,1630,503,1896,766
1197,12,1327,300,1530,582
1197,11,1327,299,1534,742
1197,8,966,434,1379,1036
1197,0,965,433,1380,842
1198,1,1633,503,1896,766
1198,12,1330,298,1534,585
1198,8,961,436,1362,1034
1198,0,961,433,1362,809
1199,12,1330,297,1534,586
1199,1,1638,502,1895,765
1199,11,1326,301,1539,739
1199,8,956,435,1353,1033
1199,0,956,432,1355,814
1200,1,1638,503,1895,766
1200,12,1330,297,1535,587
1200,11,1329,297,1538,740
1200,8,951,434,1340,1031
1200,0,951,430,1340,816
1201,1,1637,503,1895,767
1201,11,1330,297,1540,737
1201,12,1331,297,1538,585
1201,8,950,433,1319,1031
1201,0,949,429,1317,819
1202,1,1637,503,1895,767
1202,12,1331,297,1539,585
1202,11,1330,297,1541,734
1202,0,947,429,1298,820
1202,8,947,433,1300,1032
1203,1,1638,503,1896,766
1203,12,1330,296,1541,585
1203,0,945,429,1284,820
1203,8,945,433,1285,1031
1204,12,1331,296,1540,585
1204,1,1639,503,1898,767
1204,0,946,429,1266,821
1204,8,947,431,1264,1030
1205,12,1331,296,1540,586
1205,1,1638,502,1898,767
1205,8,948,432,1257,1030
1205,0,947,430,1255,820
1206,1,1637,502,1898,769
1206,12,1331,295,1541,587
1206,8,948,432,1252,1030
1206,0,948,430,1240,820
1207,1,1637,501,1898,767
1207,12,1331,293,1539,586
1207,0,948,431,1248,820
1207,8,949,432,1262,1029
1208,1,1637,501,1899,768
1208,12,1332,293,1539,585
1208,8,949,431,1267,1029
1208,0,949,429,1247,817
1208,11,1331,299,1542,736
1209,8,948,432,1269,1029
1209,1,1638,500,1900,764
1209,11,1333,299,1547,736
1209,12,1333,291,1543,586
1210,8,948,432,1271,1030
1210,1,1638,500,1901,763
1210,11,1333,298,1549,736
1210,12,1333,291,1545,588
1211,8,948,431,1269,1029
1211,1,1640,500,1902,763
1211,12,1332,291,1547,587
1211,11,1331,297,1552,736
1212,1,1640,499,1902,762
1212,11,1330,297,1552,735
1212,12,1331,290,1547,584
1212,8,948,431,1248,1027
1212,0,949,429,1223,824
1213,1,1640,499,1903,761
1213,0,950,428,1221,821
1213,12,1331,290,1543,582
1213,8,949,430,1239,1027
1213,11,1330,289,1545,713
1214,8,949,429,1240,1026
1214,0,950,428,1221,820
1214,1,1639,499,1903,760
1214,12,1332,289,1541,579
1215,0,950,427,1221,821
1215,1,1639,498,1903,759
1215,8,950,430,1239,1029
1215,12,1332,288,1543,577
1216,8,950,431,1239,1028
1216,0,950,428,1223,821
1216,1,1639,497,1904,761
1216,12,1332,287,1545,579
1217,1,1639,496,1904,760
1217,0,950,427,1225,822
1217,8,949,430,1242,1027
1217,12,1332,286,1547,580
1218,1,1640,496,1905,761
1218,8,950,429,1240,1026
1218,0,951,427,1228,820
1218,12,1332,285,1552,580
1218,11,1330,286,1554,736
1219,1,1640,496,1905,760
1219,0,951,426,1229,820
1219,8,950,428,1239,1025
1219,12,1332,285,1556,580
1220,8,950,428,1239,1026
1220,0,951,425,1229,820
1220,1,1640,496,1905,759
1220,12,1331,284,1561,580
1220,11,1330,286,1561,737
1221,8,950,427,1239,1025
1221,0,951,424,1230,820
1221,1,1638,495,1905,758
1221,12,1331,284,1564,580
1222,0,951,425,1231,820
1222,1,1637,494,1905,758
1222,8,950,426,1241,1023
1222,12,1331,284,1565,578
1223,8,950,426,1240,1022
1223,0,952,424,1231,818
1223,1,1638,494,1906,758
1223,12,1332,284,1569,579
1224,1,1638,493,1906,757
1224,0,952,424,1232,818
1224,8,950,426,1242,1022
1224,12,1332,284,1573,580
1225,1,1638,493,1907,757
1225,8,950,426,1242,1021
1225,0,951,424,1233,818
1225,12,1333,284,1572,578
1226,0,952,423,1233,817
1226,1,1639,493,1906,755
1226,8,950,425,1244,1020
1226,12,1332,284,1572,574
1226,11,1332,285,1572,735
1227,8,950,425,1244,1021
1227,0,952,423,1234,818
1227,1,1640,492,1906,754
1227,11,1333,284,1570,734
1227,12,1334,283,1572,586
1228,0,952,422,1234,818
1228,8,951,425,1244,1023
1228,11,1333,285,1567,734
1228,1,1643,492,1908,755
1228,12,1334,284,1568,584
1229,1,1642,492,1908,755
1229,0,952,422,1235,817
1229,11,1332,285,1567,734
1229,8,951,424,1247,1023
1229,12,1333,285,1567,581
1230,11,1331,286,1566,734
1230,8,951,424,1252,1024
1230,12,1333,286,1566,585
1230,1,1639,493,1905,754
1231,1,1639,492,1905,754
1231,8,950,424,1256,1024
1231,12,1332,288,1564,591
1232,1,1639,492,1905,752
1232,12,1331,289,1556,590
1232,8,951,423,1272,1023
1232,11,1331,289,1552,722
1233,1,1639,491,1905,752
1233,8,951,423,1274,1022
1233,12,1329,292,1557,589
1233,11,1328,291,1552,726
1234,1,1639,491,1905,750
1234,8,950,422,1267,1022
1234,11,1329,293,1560,731
1234,12,1330,292,1559,574
1235,1,1639,491,1905,750
1235,8,951,420,1256,1023
1235,11,1329,292,1549,728
1235,12,1329,293,1544,589
1236,1,1637,491,1906,749
1236,8,950,418,1252,1020
1236,11,1330,294,1556,728
1236,0,951,418,1244,805
1236,12,1330,293,1552,575
1237,0,951,418,1244,804
1237,8,951,419,1252,1021
1237,1,1639,490,1906,749
1237,11,1331,295,1558,727
1237,12,1331,294,1557,572
1238,1,1640,489,1906,749
1238,12,1332,293,1558,572
1238,11,1331,296,1559,730
1238,0,952,418,1256,804
1238,8,952,419,1269,1020
1239,1,1641,489,1906,749
1239,11,1331,295,1560,729
1239,12,1331,293,1558,570
1239,0,952,418,1249,805
1239,8,951,417,1260,1020
1240,1,1641,488,1906,748
1240,11,1330,295,1559,725
1240,8,951,417,1264,1018
1240,12,1331,292,1560,572
1240,0,951,417,1255,807
1241,1,1641,488,1906,748
1241,12,1331,291,1563,571
1241,11,1331,293,1564,729
1241,8,952,417,1275,1020
1242,1,1641,488,1906,748
1242,11,1330,293,1566,729
1242,8,952,417,1271,1020
1242,12,1331,291,1564,575
1243,11,1329,293,1566,728
1243,1,1641,487,1906,748
1243,12,1330,291,1564,573
1243,0,952,417,1241,803
1243,8,951,417,1248,1020
1244,8,952,416,1248,1019
1244,1,1640,487,1906,747
1244,12,1329,291,1563,569
1244,0,953,416,1234,804
1245,1,1641,486,1906,747
1245,8,951,414,1249,1018
1245,0,953,414,1238,803
1245,12,1329,290,1538,569
1246,1,1641,486,1906,747
1246,0,953,414,1237,804
1246,8,951,414,1247,1017
1246,12,1329,290,1527,556
1247,1,1642,485,1906,746
1247,0,953,414,1233,802
1247,8,953,415,1243,1017
1247,12,1330,289,1548,549
1248,0,953,415,1232,802
1248,1,1641,485,1905,745
1248,8,952,415,1242,1016
1248,12,1329,289,1564,544
1249,8,952,415,1242,1017
1249,0,953,415,1232,802
1249,1,1641,485,1905,745
1249,12,1330,289,1568,545
1250,0,953,415,1232,802
1250,8,952,415,1242,1017
1250,1,1641,484,1905,745
1250,12,1328,289,1569,544
1251,1,1640,484,1905,744
1251,8,952,415,1242,1017
1251,0,952,414,1233,801
1251,12,1327,289,1568,545
1252,1,1640,484,1905,744
1252,0,952,414,1233,801
1252,8,953,415,1244,1016
1252,12,1321,289,1570,545
1253,0,952,414,1233,801
1253,1,1641,483,1905,744
1253,8,951,413,1243,1015
1253,12,1318,289,1573,546
1254,8,950,414,1243,1014
1254,0,952,415,1231,801
1254,1,1639,482,1905,744
1254,12,1316,288,1573,544
1255,0,952,414,1231,800
1255,1,1639,482,1905,744
1255,8,952,415,1242,1014
1255,12,1311,288,1574,545
1256,0,952,415,1231,801
1256,8,952,415,1242,1013
1256,1,1639,482,1905,744
1256,12,1309,288,1575,545
1257,0,952,415,1231,800
1257,8,951,414,1240,1012
1257,1,1636,481,1905,743
1257,12,1306,288,1577,544
1258,1,1636,481,1905,743
1258,0,951,414,1231,800
1258,8,951,415,1241,1012
1258,12,1303,287,1577,545
1259,1,1636,481,1904,743
1259,0,951,414,1231,800
1259,8,950,414,1239,1012
1259,12,1299,287,1578,544
1260,1,1636,481,1904,743
1260,8,950,414,1239,1012
1260,0,951,414,1231,800
1260,12,1299,287,1579,543
1261,8,950,413,1241,1011
1261,0,951,414,1229,799
1261,1,1638,481,1905,743
1261,12,1297,288,1573,542
1262,1,1638,481,1905,743
1262,0,951,414,1229,799
1262,8,950,414,1240,1011
1262,12,1309,289,1580,542
1263,1,1638,481,1904,743
1263,8,950,413,1240,1011
1263,0,951,414,1229,797
1263,12,1311,290,1578,542
1264,1,1637,481,1906,743
1264,8,950,413,1242,1010
1264,12,1312,290,1574,543
1264,0,950,414,1234,795
1265,0,950,414,1234,795
1265,8,950,413,1241,1010
1265,1,1638,481,1904,742
1265,12,1303,289,1548,542
1266,1,1638,481,1904,742
1266,8,951,413,1239,1010
1266,0,950,413,1233,796
1266,12,1300,289,1527,543
1267,8,951,413,1239,1009
1267,1,1638,481,1906,742
1267,0,951,413,1229,799
1267,12,1301,289,1540,543
1268,8,950,413,1240,1009
1268,1,1637,481,1905,742
1268,0,950,413,1233,795
1268,12,1302,288,1567,542
1269,1,1637,480,1905,742
1269,0,950,413,1233,794
1269,8,950,413,1239,1009
1269,12,1304,286,1521,542
1270,8,950,413,1239,1010
1270,1,1637,481,1905,742
1270,0,951,413,1230,798
1270,12,1312,287,1533,543
1271,0,950,413,1230,799
1271,8,950,413,1242,1010
1271,1,1636,479,1903,742
1271,12,1308,286,1570,541
1272,1,1635,480,1902,742
1272,0,950,413,1228,800
1272,8,949,413,1246,1010
1272,12,1311,285,1565,543
1273,0,950,413,1227,800
1273,1,1635,479,1902,742
1273,8,950,413,1243,1009
1273,12,1309,284,1566,543
1274,1,1635,479,1902,741
1274,0,950,413,1228,800
1274,8,949,412,1245,1009
1274,12,1308,284,1567,543
1275,8,949,412,1245,1010
1275,1,1635,479,1903,741
1275,12,1310,282,1567,543
1275,0,949,413,1236,796
1275,13,1312,282,1567,661
1276,1,1636,479,1903,742
1276,8,950,412,1247,1009
1276,12,1312,282,1567,541
1276,0,951,412,1228,799
1277,0,951,412,1228,799
1277,8,950,412,1246,1009
1277,1,1637,479,1902,743
1277,12,1314,282,1564,540
1278,0,951,413,1228,799
1278,1,1637,479,1902,743
1278,8,950,412,1247,1009
1278,12,1316,282,1562,541
1279,1,1635,479,1901,743
1279,8,949,412,1250,1009
1279,12,1318,282,1563,541
1279,0,949,412,1234,797
1280,1,1636,479,1901,743
1280,8,949,412,1251,1009
1280,12,1319,282,1565,541
1280,0,950,412,1228,799
1281,0,949,413,1228,799
1281,8,949,412,1252,1009
1281,1,1635,479,1902,743
1281,12,1322,282,1564,544
1282,1,1635,479,1902,743
1282,8,949,412,1250,1008
1282,0,949,412,1234,798
1282,12,1326,282,1563,546
1283,1,1635,479,1902,742
1283,8,949,411,1253,1008
1283,0,950,412,1228,797
1283,12,1328,281,1563,549
1284,0,949,412,1228,797
1284,1,1637,479,1903,743
1284,8,949,411,1251,1008
1284,12,1329,282,1561,551
1285,0,949,412,1227,797
1285,8,948,411,1252,1009
1285,1,1636,480,1904,743
1285,12,1331,283,1559,550
1286,0,949,412,1228,797
1286,8,948,411,1250,1008
1286,1,1635,479,1902,742
1286,12,1331,282,1556,551
1287,8,948,411,1250,1009
1287,0,949,412,1228,798
1287,1,1635,479,1903,741
1287,12,1331,283,1558,554
1287,13,1330,284,1561,722
1288,1,1635,479,1902,742
1288,0,949,412,1227,800
1288,8,949,412,1246,1009
1288,13,1329,286,1559,723
1288,12,1330,285,1556,551
1289,1,1636,479,1902,742
1289,8,949,411,1246,1009
1289,13,1329,288,1559,723
1289,0,950,412,1226,799
1289,12,1329,287,1557,554
1290,1,1636,479,1903,742
1290,0,950,412,1225,800
1290,8,949,411,1244,1009
1290,12,1329,288,1559,555
1291,1,1636,479,1902,742
1291,8,950,412,1243,1010
1291,0,951,412,1224,801
1291,12,1329,289,1560,551
1292,0,951,412,1223,802
1292,1,1636,479,1901,743
1292,8,949,411,1247,1010
1292,12,1329,291,1560,554
1293,1,1636,479,1901,743
1293,0,951,411,1223,801
1293,8,949,411,1245,1010
1293,12,1328,291,1563,554
1294,0,951,411,1223,801
1294,1,1636,478,1902,742
1294,12,1328,291,1565,554
1294,8,949,411,1240,1009
1295,0,950,411,1223,801
1295,1,1636,478,1903,743
1295,8,949,411,1239,1009
1295,12,1328,293,1565,553
1296,8,949,411,1238,1009
1296,0,951,411,1224,803
1296,1,1638,479,1904,743
1296,12,1329,294,1565,552
1297,1,1638,479,1904,743
1297,0,951,411,1223,803
1297,12,1329,294,1565,552
1297,8,950,411,1238,1010
1298,1,1638,479,1904,743
1298,0,951,411,1223,803
1298,8,950,411,1239,1010
1298,12,1330,298,1566,552
1299,0,951,412,1223,803
1299,8,950,411,1240,1010
1299,1,1636,478,1903,743
1299,12,1330,299,1566,550
1300,0,951,411,1223,803
1300,1,1636,478,1903,743
1300,8,950,411,1241,1010
1300,12,1329,301,1568,550
1301,1,1637,478,1903,743
1301,0,950,411,1223,802
1301,12,1331,302,1568,550
1301,8,949,411,1245,1009
1302,0,950,411,1223,802
1302,1,1636,478,1903,742
1302,8,949,411,1243,1009
1302,12,1333,303,1568,550
1303,8,949,411,1242,1009
1303,0,950,411,1223,801
1303,12,1333,303,1570,549
1303,1,1638,478,1904,742
1304,0,950,410,1223,801
1304,8,949,410,1243,1009
1304,12,1334,304,1570,550
1304,1,1637,477,1904,742
1305,0,950,410,1223,800
1305,12,1335,305,1571,549
1305,1,1636,477,1903,741
1305,8,949,409,1248,1009
1306,0,950,409,1223,799
1306,8,949,409,1249,1008
1306,1,1635,477,1902,740
1306,12,1336,306,1571,549
1307,8,949,409,1250,1009
1307,1,1635,477,1902,740
1307,0,950,410,1222,801
1307,12,1335,308,1571,548
1308,8,949,410,1250,1009
1308,0,950,410,1222,801
1308,1,1635,477,1901,740
1308,12,1335,309,1570,548
1309,0,950,410,1221,803
1309,12,1335,310,1571,546
1309,1,1637,477,1901,739
1309,8,950,411,1253,1008
1309,14,1333,311,1571,718
1310,8,950,411,1255,1008
1310,0,951,410,1222,802
1310,12,1336,310,1571,546
1310,14,1335,311,1571,717
1310,1,1635,476,1901,738
1311,1,1636,476,1900,739
1311,0,949,410,1222,801
1311,12,1334,310,1570,548
1311,8,948,410,1247,1007
1312,1,1637,476,1900,739
1312,8,948,409,1246,1007
1312,12,1332,310,1570,548
1312,0,949,409,1226,800
1313,12,1332,310,1570,548
1313,1,1636,475,1900,739
1313,0,948,409,1231,800
1313,8,947,409,1251,1008
1314,1,1636,475,1900,738
1314,12,1334,310,1571,548
1314,8,947,408,1260,1008
1314,0,948,408,1238,801
1315,1,1637,475,1900,737
1315,8,948,408,1257,1008
1315,12,1336,311,1571,546
1315,0,949,408,1242,802
1316,0,948,408,1242,801
1316,12,1336,311,1571,545
1316,1,1638,475,1900,735
1316,8,948,409,1253,1006
1317,8,948,409,1253,1005
1317,0,948,409,1243,803
1317,1,1637,473,1899,734
1317,12,1335,310,1571,543
1318,0,948,408,1243,804
1318,1,1636,473,1899,733
1318,12,1333,310,1571,541
1319,0,948,408,1242,803
1319,1,1638,473,1899,733
1319,12,1331,310,1571,542
1320,0,947,408,1242,803
1320,1,1637,473,1898,733
1320,12,1331,310,1571,541
1321,8,947,409,1253,1004
1321,12,1331,310,1571,541
1321,0,947,408,1243,801
1321,1,1638,473,1898,732
1322,0,947,408,1242,801
1322,12,1332,309,1571,540
1322,8,947,408,1251,1005
1322,1,1638,473,1899,731
1323,12,1332,309,1571,541
1323,0,947,408,1243,801
1323,1,1638,473,1898,730
1324,0,947,409,1243,799
1324,1,1637,472,1898,729
1324,12,1332,308,1570,543
1325,0,948,409,1243,800
1325,1,1637,471,1899,728
1325,8,949,409,1253,1002
1325,12,1334,307,1570,541
1326,1,1637,471,1898,728
1326,12,1334,307,1570,539
1326,0,948,407,1243,798
1327,1,1637,471,1898,727
1327,12,1334,306,1570,538
1327,0,947,407,1244,797
1327,8,947,407,1258,1001
1327,15,1333,307,1570,681
1328,1,1637,471,1898,727
1328,0,947,407,1244,797
1328,12,1334,306,1570,538
1328,15,1332,307,1570,644
1329,1,1637,471,1898,727
1329,12,1334,307,1570,538
1329,0,947,407,1243,797
1330,0,947,407,1243,797
1330,12,1335,306,1570,538
1330,1,1637,471,1899,727
1330,8,947,407,1255,1002
1331,0,947,407,1242,798
1331,12,1334,306,1570,538
1331,1,1637,470,1899,727
1331,8,947,407,1253,1002
1331,15,1333,307,1570,641
1332,0,947,406,1243,797
1332,12,1335,306,1570,536
1332,8,947,406,1256,1001
1332,1,1636,470,1899,725
1332,15,1333,307,1570,658
1333,12,1334,306,1570,536
1333,0,948,406,1243,794
1333,1,1637,469,1899,724
1333,8,948,407,1259,999
1334,8,948,407,1259,999
1334,1,1637,469,1899,724
1334,0,948,406,1243,794
1334,12,1334,306,1570,535
1335,1,1637,469,1899,724
1335,0,948,406,1243,795
1335,12,1333,306,1569,535
1335,8,948,406,1262,998
1335,15,1333,306,1569,632
1336,0,948,406,1243,793
1336,12,1333,305,1569,535
1336,1,1637,469,1898,723
1336,8,947,406,1258,999
1337,8,947,405,1257,1000
1337,12,1333,305,1570,535
1337,1,1636,469,1899,723
1337,0,948,405,1244,792
1337,15,1332,306,1570,694
1338,0,948,405,1245,792
1338,12,1333,305,1571,536
1338,1,1637,469,1900,723
1338,8,947,405,1260,1000
1338,15,1332,306,1571,655
1339,1,1638,468,1900,723
1339,12,1332,305,1571,535
1339,8,949,406,1260,999
1339,0,948,405,1243,796
1340,0,947,405,1244,795
1340,12,1333,305,1571,534
1340,8,947,406,1258,999
1340,1,1639,467,1902,724
1341,0,947,404,1244,795
1341,12,1333,304,1571,535
1341,8,947,405,1260,999
1341,1,1638,467,1901,723
1342,8,947,404,1260,999
1342,12,1333,304,1571,535
1342,0,947,404,1244,794
1342,1,1638,466,1902,725
1342,15,1333,305,1571,664
1343,12,1332,304,1570,534
1343,0,947,405,1242,792
1343,8,948,405,1257,997
1343,1,1638,465,1900,722
1343,15,1331,304,1571,689
1344,12,1332,304,1570,534
1344,1,1637,465,1900,722
1344,0,947,404,1242,792
1344,8,947,404,1255,999
1344,15,1332,304,1571,682
1345,0,947,404,1241,791
1345,12,1333,304,1570,534
1345,1,1638,466,1900,722
1345,15,1332,304,1571,684
1345,8,948,404,1253,998
1346,1,1638,466,1899,722
1346,0,948,404,1240,792
1346,12,1332,303,1570,534
1346,8,948,404,1251,997
1346,15,1331,304,1570,665
1347,0,948,404,1240,792
1347,1,1638,465,1900,722
1347,12,1332,303,1570,534
1347,8,948,404,1248,998
1348,1,1637,465,1901,722
1348,8,950,404,1250,997
1348,12,1333,303,1571,533
1348,0,950,403,1237,793
1349,12,1333,303,1571,533
1349,0,950,403,1237,792
1349,1,1638,465,1901,722
1349,8,949,403,1249,998
1350,0,950,402,1238,791
1350,1,1637,465,1900,722
1350,8,949,402,1251,997
1350,12,1332,303,1571,534
1351,1,1637,465,1900,722
1351,0,950,402,1238,791
1351,12,1334,303,1570,533
1351,8,949,402,1247,997
1352,8,949,401,1247,997
1352,1,1637,464,1900,722
1352,12,1335,303,1571,534
1352,0,950,401,1239,790
1353,8,949,401,1247,997
1353,12,1335,303,1571,533
1353,0,950,401,1238,790
1353,1,1637,464,1899,721
1354,0,950,401,1238,790
1354,12,1334,303,1571,533
1354,1,1636,464,1899,721
1354,8,949,400,1248,997
1355,12,1335,302,1570,533
1355,0,950,400,1238,789
1355,1,1636,462,1898,721
1355,8,949,400,1246,996
1356,8,949,399,1244,997
1356,0,950,399,1237,789
1356,1,1635,462,1899,721
1356,12,1336,302,1570,532
1356,15,1335,301,1572,702
1357,8,948,398,1244,997
1357,0,950,399,1235,789
1357,12,1335,302,1571,533
1357,1,1633,461,1898,720
1357,15,1335,302,1571,678
1358,12,1334,301,1570,533
1358,1,1635,461,1898,722
1358,8,947,398,1240,997
1358,15,1334,301,1570,681
1358,0,948,398,1231,789
1359,0,948,398,1231,789
1359,8,947,397,1241,996
1359,12,1333,301,1570,531
1359,1,1654,458,1897,723
1359,15,1334,301,1569,641
1360,0,948,397,1231,789
1360,8,947,397,1243,995
1360,12,1332,300,1569,531
1360,1,1656,458,1897,722
1361,8,947,396,1243,994
1361,0,948,397,1232,789
1361,12,1331,300,1569,533
1361,1,1657,456,1896,718
1362,8,947,396,1242,994
1362,12,1331,300,1568,533
1362,0,948,397,1229,788
1362,1,1651,456,1896,718
1363,0,948,397,1230,788
1363,12,1330,300,1569,533
1363,8,947,395,1240,995
1363,1,1646,455,1897,719
1364,0,948,396,1229,789
1364,8,947,396,1239,994
1364,12,1331,300,1568,533
1364,1,1638,456,1896,720
1365,8,946,395,1239,994
1365,12,1330,300,1567,532
1365,0,947,396,1227,790
1365,1,1629,456,1895,722
1366,8,946,395,1239,994
1366,0,947,396,1227,790
1366,12,1329,299,1567,532
1366,1,1620,457,1895,723
1366,15,1330,299,1568,674
1366,16,1618,456,1904,1021
1367,8,946,394,1239,993
1367,0,948,395,1226,789
1367,12,1328,298,1568,533
1367,1,1615,458,1893,720
1368,0,947,395,1226,790
1368,8,946,394,1238,993
1368,12,1329,297,1567,532
1368,1,1608,457,1893,726
1368,16,1605,457,1899,1014
1369,8,946,393,1238,993
1369,0,947,395,1225,789
1369,12,1329,297,1567,531
1369,1,1601,458,1890,731
1370,8,946,394,1238,993
1370,0,947,395,1224,789
1370,12,1328,296,1566,530
1370,1,1596,459,1885,728
1371,12,1329,296,1566,530
1371,0,947,394,1223,789
1371,1,1593,460,1881,736
1372,0,946,394,1222,788
1372,12,1327,295,1566,529
1372,1,1586,461,1876,748
1373,0,946,394,1221,789
1373,12,1328,295,1566,530
1373,1,1579,461,1873,755
1374,12,1328,294,1566,529
1374,0,945,394,1219,789
1374,1,1575,460,1872,776
1374,16,1572,460,1899,1015
1375,0,946,393,1218,788
1375,12,1329,294,1565,529
1375,1,1571,461,1872,779
1375,16,1569,461,1892,1013
1376,0,945,393,1218,787
1376,12,1328,294,1565,528
1376,1,1569,461,1871,778
1376,16,1567,461,1884,1013
1377,0,945,392,1220,786
1377,12,1328,293,1566,527
1377,1,1568,461,1866,770
1378,0,945,392,1219,786
1378,1,1567,461,1865,770
1378,12,1329,293,1565,525
1379,0,945,391,1219,787
1379,12,1328,292,1565,525
1379,1,1566,460,1864,767
1380,0,946,391,1219,786
1380,12,1328,292,1565,526
1380,1,1566,461,1855,764
1381,0,945,391,1218,786
1381,12,1329,292,1566,525
1381,1,1566,461,1848,765
1381,16,1564,458,1899,1013
1382,0,946,390,1218,786
1382,12,1330,291,1566,525
1382,1,1565,457,1845,760
1383,0,946,390,1219,786
1383,12,1330,291,1566,525
1383,1,1563,454,1840,759
1384,12,1330,291,1566,525
1384,0,947,390,1220,786
1384,1,1561,450,1834,759
1385,0,947,390,1220,786
1385,12,1331,291,1566,524
1385,1,1559,447,1828,759
1386,0,947,390,1219,786
1386,12,1330,290,1566,525
1386,1,1557,447,1824,758
1387,0,948,390,1220,786
1387,12,1332,290,1567,526
1387,1,1553,446,1821,757
1388,0,948,390,1219,785
1388,12,1332,290,1567,525
1388,1,1549,445,1820,756
1389,0,948,389,1220,786
1389,12,1332,290,1567,526
1389,1,1545,443,1818,755
1390,0,947,390,1220,786
1390,12,1332,290,1567,525
1390,1,1542,444,1815,755
1391,12,1332,290,1567,525
1391,0,948,389,1219,785
1391,1,1539,443,1810,755
1392,0,948,389,1219,785
1392,12,1331,287,1567,527
1392,1,1534,444,1806,756
1393,0,948,389,1220,785
1393,12,1330,285,1567,527
1393,1,1532,444,1801,756
1394,0,949,389,1219,784
1394,12,1330,282,1567,527
1394,1,1530,446,1796,756
1395,0,949,389,1220,784
1395,12,1330,280,1567,527
1395,1,1528,447,1790,756
1396,0,949,389,1220,785
1396,12,1329,279,1567,528
1396,1,1527,447,1781,757
1397,0,949,389,1219,785
1397,1,1524,449,1782,757
1397,12,1328,279,1573,528
1398,0,949,389,1220,786
1398,1,1522,451,1778,758
1398,12,1328,279,1592,528
1399,0,949,389,1220,785
1399,1,1519,455,1778,758
1399,12,1328,279,1557,528
1399,17,948,387,1227,986
1400,0,949,389,1219,784
1400,1,1517,457,1777,758
1400,12,1329,279,1561,527
1401,1,1515,454,1777,757
1401,17,948,387,1233,986
1401,0,949,389,1225,784
1401,12,1329,280,1567,533
1402,12,1329,280,1566,531
1402,1,1512,455,1775,757
1402,17,949,388,1247,985
1402,0,949,389,1242,784
1403,12,1327,282,1567,530
1403,1,1510,458,1772,757
1403,17,949,388,1266,986
1403,0,948,388,1266,779
1404,1,1509,460,1772,756
1404,12,1326,285,1566,532
1404,17,949,388,1302,986
1404,0,948,388,1302,780
1405,1,1507,462,1772,758
1405,12,1325,288,1567,532
1405,0,947,388,1339,779
1405,17,948,388,1340,986
1406,1,1508,465,1772,757
1406,12,1321,290,1568,539
1406,17,949,389,1372,986
1406,0,948,388,1371,781
1407,12,1319,291,1568,546
1407,1,1500,469,1771,755
1407,17,949,389,1400,986
1407,0,948,389,1403,781
1408,1,1503,468,1769,755
1408,12,1321,293,1568,550
1408,0,948,388,1423,781
1408,17,949,389,1421,986
1409,1,1504,469,1769,758
1409,0,948,389,1438,781
1409,17,949,389,1437,987
1409,12,1323,296,1569,557
1410,17,949,389,1448,987
1410,1,1501,472,1769,757
1410,0,947,389,1448,780
1410,12,1324,299,1570,559
1411,1,1503,471,1766,757
1411,0,948,389,1462,781
1411,17,950,389,1461,985
1411,12,1326,300,1569,563
1412,17,950,389,1460,985
1412,0,948,389,1460,781
1412,1,1504,470,1767,757
1412,12,1327,301,1569,563
1413,1,1502,470,1767,758
1413,12,1327,304,1568,564
1413,17,950,390,1450,986
1413,0,948,390,1450,782
1414,0,948,389,1445,782
1414,12,1327,308,1567,563
1414,1,1499,473,1766,758
1415,1,1501,471,1766,759
1415,12,1326,311,1567,563
1415,0,948,390,1423,782
1416,1,1503,471,1768,758
1416,12,1324,315,1567,565
1416,0,948,391,1396,783
1417,1,1502,472,1769,757
1417,12,1323,318,1565,565
1417,0,948,392,1374,783
1418,1,1502,472,1768,756
1418,12,1323,318,1565,564
1418,0,948,392,1356,782
1419,12,1323,319,1566,564
1419,1,1507,472,1768,757
1419,0,948,392,1347,783
1420,12,1323,319,1565,563
1420,1,1509,469,1768,756
1420,0,948,394,1336,782
1421,12,1320,319,1565,562
1421,0,948,394,1329,782
1421,1,1513,468,1770,758
1422,12,1320,318,1563,561
1422,0,948,394,1322,782
1422,1,1516,465,1771,758
1423,12,1320,318,1563,558
1423,0,949,394,1314,782
1423,1,1518,463,1771,756
1424,12,1320,317,1564,561
1424,1,1521,461,1772,756
1424,0,948,394,1307,782
1425,0,948,395,1304,782
1425,12,1320,316,1565,564
1425,1,1522,460,1776,758
1426,12,1320,316,1566,563
1426,0,948,395,1299,782
1426,1,1524,458,1779,758
1427,0,948,395,1298,782
1427,12,1320,315,1566,561
1427,1,1525,455,1783,757
1428,0,948,395,1299,782
1428,12,1320,313,1567,558
1428,1,1526,452,1785,759
1429,0,947,395,1295,783
1429,12,1320,312,1568,561
1429,1,1531,450,1787,760
1430,0,947,396,1291,782
1430,1,1531,448,1789,759
1430,12,1318,311,1572,561
1431,0,947,395,1286,783
1431,1,1535,448,1793,759
1431,12,1322,310,1569,562
1432,1,1535,448,1794,756
1432,0,947,396,1281,783
1432,12,1318,308,1571,561
1433,0,947,396,1277,784
1433,12,1318,308,1574,562
1433,1,1538,447,1791,757
1434,12,1317,308,1576,561
1434,0,946,396,1270,784
1434,1,1541,449,1804,760
1435,0,946,398,1268,783
1435,12,1316,307,1573,560
1435,1,1544,449,1818,760
1436,0,945,398,1264,784
1436,12,1316,307,1577,561
1436,1,1550,448,1820,762
1437,0,945,399,1261,784
1437,1,1552,448,1825,763
1437,12,1315,308,1584,560
1438,12,1315,308,1585,560
1438,0,945,399,1257,784
1438,1,1554,447,1841,765
1439,12,1315,308,1584,559
1439,0,945,398,1253,784
1439,1,1557,447,1862,768
1440,12,1315,309,1585,560
1440,0,945,398,1250,784
1440,1,1560,447,1872,768
1441,12,1314,308,1583,562
1441,1,1561,446,1867,765
1441,0,945,399,1244,786
1442,0,944,399,1242,787
1442,1,1565,445,1864,766
1442,12,1314,308,1580,564
1443,0,944,399,1241,787
1443,12,1314,308,1579,565
1443,1,1566,446,1860,765
1444,0,944,400,1240,787
1444,12,1314,308,1578,564
1444,1,1569,447,1863,764
1445,0,944,401,1241,787
1445,12,1315,308,1582,563
1445,1,1571,449,1866,761
1446,0,943,401,1242,787
1446,1,1574,449,1866,763
1446,12,1315,308,1578,565
1447,0,944,401,1241,786
1447,12,1315,308,1578,565
1447,1,1575,450,1869,770
1448,0,944,401,1242,786
1448,1,1581,452,1868,770
1448,12,1316,308,1583,561
1449,0,945,400,1242,786
1449,12,1316,308,1585,560
1449,1,1584,454,1866,773
1450,0,945,400,1242,786
1450,12,1316,308,1586,560
1450,1,1589,455,1867,774
1451,0,944,398,1242,785
1451,12,1316,307,1590,560
1451,1,1592,455,1865,776
1452,0,944,399,1242,785
1452,12,1315,307,1590,561
1452,1,1596,455,1866,784
1453,0,944,400,1242,786
1453,12,1317,307,1592,562
1453,1,1600,456,1863,779
1454,0,944,400,1243,785
1454,12,1317,307,1590,563
1454,1,1606,455,1860,787
1455,0,944,400,1242,785
1455,12,1317,307,1587,564
1455,1,1607,453,1855,780
1456,0,945,400,1242,787
1456,12,1317,307,1589,562
1456,1,1607,451,1853,771
1457,0,945,399,1241,787
1457,12,1317,307,1586,561
1457,1,1609,448,1849,768
1458,12,1317,307,1587,560
1458,0,944,398,1242,785
1458,1,1608,445,1847,775
1459,0,946,398,1242,787
1459,12,1317,305,1581,561
1459,1,1609,443,1847,782
1460,0,945,399,1243,787
1460,12,1318,305,1577,561
1460,1,1607,442,1846,779
1461,0,945,399,1243,786
1461,12,1317,306,1584,561
1461,1,1604,440,1847,795
1462,0,945,399,1243,786
1462,1,1602,440,1846,795
1462,12,1316,305,1582,564
1463,12,1316,305,1582,564
1463,0,945,399,1243,786
1463,1,1600,440,1845,814
1464,0,945,399,1244,786
1464,1,1598,439,1844,818
1464,12,1317,306,1585,563
1465,0,945,399,1244,786
1465,12,1317,306,1585,562
1465,1,1598,439,1837,801
1466,0,946,399,1244,786
1466,1,1596,438,1836,803
1466,12,1316,305,1580,563
1467,0,945,399,1244,786
1467,12,1316,305,1581,562
1467,1,1594,437,1834,805
1468,0,945,399,1244,786
1468,12,1316,305,1582,563
1468,1,1593,437,1836,807
1469,0,944,398,1243,785
1469,12,1316,305,1575,563
1469,1,1592,436,1836,798
1470,0,946,399,1243,786
1470,12,1317,305,1573,563
1470,1,1591,435,1839,786
1471,0,946,397,1244,785
1471,12,1316,305,1581,562
1471,1,1590,435,1847,788
1472,12,1317,305,1583,561
1472,0,945,396,1245,783
1472,1,1590,434,1848,786
1473,0,944,397,1244,784
1473,12,1317,305,1583,563
1473,1,1589,434,1847,786
1474,12,1317,305,1584,563
1474,1,1591,434,1847,787
1474,0,946,398,1244,786
1475,0,946,398,1244,786
1475,1,1591,434,1847,788
1475,12,1316,305,1582,562
1475,18,947,397,1245,986
1476,0,946,398,1244,786
1476,18,946,397,1246,987
1476,1,1591,434,1846,791
1476,12,1317,306,1585,562
1477,0,946,398,1244,786
1477,18,947,397,1246,987
1477,12,1317,306,1584,562
1477,1,1591,434,1844,791
1478,0,946,397,1245,786
1478,18,946,397,1245,986
1478,1,1591,434,1845,789
1478,12,1316,305,1584,563
1479,12,1317,305,1584,562
1479,0,947,397,1244,785
1479,18,946,397,1244,987
1479,1,1591,434,1850,788
1480,18,946,396,1245,987
1480,0,947,397,1246,785
1480,12,1318,305,1586,562
1480,1,1592,434,1857,790
1481,18,946,397,1245,986
1481,0,947,397,1246,785
1481,12,1318,305,1584,560
1481,1,1592,434,1866,791
1482,18,946,396,1245,986
1482,0,947,396,1247,784
1482,12,1318,305,1581,560
1482,1,1593,436,1879,800
1483,12,1317,305,1581,560
1483,0,948,397,1248,785
1483,18,947,396,1247,987
1483,1,1592,436,1887,779
1484,0,948,397,1248,785
1484,18,947,396,1247,986
1484,12,1317,305,1580,560
1484,1,1593,436,1896,771
1485,0,949,397,1248,785
1485,18,947,396,1247,987
1485,12,1318,305,1576,561
1485,1,1593,436,1907,772
1486,18,948,396,1247,986
1486,0,949,396,1248,785
1486,12,1318,305,1577,562
1486,1,1593,436,1914,768
1487,18,948,396,1247,987
1487,12,1320,305,1578,561
1487,0,948,396,1249,773
1487,1,1595,436,1879,764
1488,18,949,396,1248,987
1488,0,950,396,1249,774
1488,1,1596,436,1876,764
1488,12,1320,305,1587,561
1489,18,949,397,1249,986
1489,0,951,398,1249,785
1489,12,1320,304,1579,562
1489,1,1597,436,1866,762
1490,18,949,397,1249,986
1490,0,951,398,1249,784
1490,12,1320,304,1578,562
1490,1,1597,436,1864,758
1491,0,951,397,1249,784
1491,18,950,397,1250,986
1491,12,1321,304,1577,562
1491,1,1598,436,1865,760
1492,12,1321,304,1577,562
1492,0,951,397,1249,784
1492,18,950,397,1250,986
1492,1,1598,437,1864,760
1493,18,949,397,1250,986
1493,0,951,397,1249,784
1493,1,1598,437,1864,762
1493,12,1321,304,1579,562
1494,0,951,397,1249,784
1494,18,949,397,1250,985
1494,12,1321,304,1580,561
1494,1,1598,437,1866,765
1495,0,952,398,1249,784
1495,18,950,397,1249,986
1495,1,1597,437,1870,767
1495,12,1321,304,1586,560
1496,0,953,397,1248,783
1496,12,1320,305,1588,560
1496,18,951,396,1249,992
1496,1,1597,435,1876,772
1497,12,1321,305,1587,560
1497,0,953,396,1248,784
1497,18,951,396,1248,988
1497,1,1596,438,1883,776
1498,12,1320,305,1587,560
1498,0,953,395,1248,785
1498,18,951,394,1248,993
1498,1,1597,438,1896,782
1499,0,952,396,1248,785
1499,12,1322,304,1587,561
1499,18,950,396,1247,987
1499,1,1596,439,1915,767
1500,0,952,396,1248,785
1500,12,1322,304,1586,560
1500,18,950,396,1246,997
1500,1,1596,439,1917,775
1501,0,952,395,1246,786
1501,1,1596,440,1919,781
1501,12,1318,304,1583,563
1501,18,950,395,1243,1018
1502,18,950,395,1244,1018
1502,0,952,396,1247,785
1502,12,1318,304,1587,562
1502,1,1594,438,1920,785
1503,0,951,396,1246,785
1503,12,1318,304,1586,561
1503,18,950,396,1244,1020
1503,1,1593,440,1919,777
1504,0,952,396,1247,785
1504,12,1318,304,1586,562
1504,18,950,396,1244,1013
1504,1,1593,438,1920,793
1505,0,952,396,1247,785
1505,18,950,397,1243,1007
1505,12,1317,304,1582,563
1505,1,1592,439,1920,786
1506,0,952,396,1246,785
1506,18,950,396,1243,1003
1506,12,1317,304,1578,562
1506,1,1592,441,1920,807
1507,0,952,396,1246,785
1507,18,950,396,1243,1000
1507,12,1317,304,1579,563
1507,1,1592,441,1920,809
1508,0,952,397,1246,785
1508,18,950,396,1242,997
1508,12,1316,304,1579,564
1508,1,1592,443,1919,782
1509,18,949,397,1243,996
1509,0,951,398,1246,786
1509,12,1315,304,1578,566
1509,1,1592,445,1920,770
1510,0,951,398,1246,786
1510,18,949,397,1243,998
1510,12,1316,304,1578,565
1510,1,1590,445,1919,767
1511,12,1316,304,1577,564
1511,0,951,399,1247,786
1511,18,950,398,1244,995
1511,1,1587,446,1919,768
1512,0,951,399,1247,786
1512,18,950,398,1244,998
1512,12,1316,304,1578,566
1512,1,1584,447,1919,770
1513,0,951,399,1247,786
1513,12,1315,304,1579,567
1513,18,949,398,1244,993
1513,1,1573,448,1919,768
1514,0,951,399,1246,786
1514,18,949,399,1243,992
1514,12,1315,304,1577,566
1514,1,1566,450,1919,762
1515,0,951,399,1247,786
1515,18,949,399,1244,993
1515,12,1315,304,1579,566
1515,1,1560,453,1919,766
1516,0,951,399,1247,786
1516,18,949,399,1244,992
1516,12,1315,304,1578,566
1516,1,1553,456,1918,766
1517,0,951,400,1247,786
1517,18,949,400,1245,996
1517,12,1316,304,1578,564
1517,1,1550,458,1875,763
1518,12,1316,304,1579,563
1518,18,950,400,1245,998
1518,1,1549,458,1865,766
1519,12,1316,304,1579,564
1519,18,950,400,1246,995
1519,1,1546,462,1861,763
1520,12,1316,304,1580,566
1520,18,949,401,1245,1004
1520,1,1543,462,1853,762
1520,0,950,400,1248,776
1521,12,1315,304,1579,566
1521,0,949,400,1248,777
1521,18,949,401,1245,1008
1521,1,1542,461,1842,763
1522,18,949,401,1244,1007
1522,12,1315,304,1579,567
1522,0,949,401,1248,778
1522,1,1542,459,1836,764
1523,12,1315,304,1579,568
1523,0,949,401,1247,776
1523,18,948,401,1242,1004
1523,1,1541,457,1831,764
1524,0,949,401,1246,776
1524,18,949,402,1242,1004
1524,12,1315,304,1585,568
1524,1,1540,454,1827,764
1525,18,949,401,1242,999
1525,12,1315,303,1581,566
1525,0,950,402,1246,787
1525,1,1536,449,1825,762
1526,0,951,401,1246,787
1526,18,949,401,1242,993
1526,12,1315,303,1578,565
1526,1,1532,446,1824,759
1527,0,951,402,1246,787
1527,18,949,401,1242,994
1527,12,1315,303,1578,565
1527,1,1526,441,1821,755
1528,0,951,401,1246,787
1528,18,949,401,1242,993
1528,12,1315,303,1577,566
1528,1,1513,437,1820,750
1529,0,951,402,1246,787
1529,18,949,401,1242,995
1529,12,1315,303,1576,565
1529,1,1507,434,1817,750
1530,0,951,402,1246,787
1530,18,950,401,1242,992
1530,12,1315,303,1574,566
1530,1,1504,431,1815,749
1531,18,949,400,1243,992
1531,0,951,400,1246,786
1531,12,1315,303,1573,568
1531,1,1501,429,1810,749
1532,12,1315,303,1571,568
1532,18,949,400,1243,1005
1532,0,949,400,1247,778
1532,1,1500,427,1803,749
1533,0,949,400,1247,780
1533,18,949,400,1244,1007
1533,12,1315,303,1570,568
1533,1,1493,425,1796,751
1534,0,949,400,1246,780
1534,18,949,400,1243,1010
1534,12,1315,303,1567,568
1534,1,1495,425,1790,757
1535,0,949,400,1246,779
1535,18,949,400,1243,1007
1535,12,1315,303,1565,569
1535,1,1468,425,1779,760
1536,18,949,400,1243,1008
1536,0,948,400,1246,780
1536,12,1314,304,1563,567
1536,1,1457,425,1772,763
1537,12,1314,304,1562,567
1537,18,949,401,1245,1002
1537,0,949,402,1245,788
1537,1,1445,426,1766,767
1538,18,948,401,1244,1003
1538,12,1313,304,1561,568
1538,0,948,401,1246,780
1538,1,1430,427,1764,768
1539,12,1313,304,1561,568
1539,18,949,401,1244,996
1539,0,947,402,1245,785
1539,1,1420,428,1763,774
1540,0,948,402,1245,785
1540,12,1313,304,1561,566
1540,1,1404,429,1763,778
1541,0,948,402,1245,785
1541,12,1312,303,1561,567
1541,1,1398,433,1763,779
1542,12,1312,304,1560,567
1542,18,949,401,1243,994
1542,0,949,403,1244,788
1542,1,1394,434,1763,782
1543,0,949,403,1244,788
1543,1,1391,435,1763,781
1543,12,1313,304,1558,568
1544,12,1313,303,1558,568
1544,0,949,403,1246,788
1544,1,1385,438,1764,783
1545,12,1313,303,1559,568
1545,0,949,404,1247,788
1545,1,1383,440,1764,787
1545,18,949,402,1248,992
1546,12,1313,303,1558,568
1546,1,1379,442,1764,785
1546,0,947,403,1252,784
1547,12,1314,303,1557,568
1547,0,947,404,1256,784
1547,1,1375,445,1765,785
1548,12,1314,303,1556,569
1548,0,948,404,1259,784
1548,1,1372,448,1766,784
1549,12,1314,304,1556,569
1549,0,947,404,1263,784
1549,1,1371,451,1766,784
1549,18,949,404,1262,991
1550,0,947,405,1265,782
1550,12,1315,304,1559,568
1550,1,1366,451,1766,782
1551,12,1315,304,1559,567
1551,0,947,405,1268,783
1551,1,1367,454,1765,779
1552,12,1315,304,1560,567
1552,0,947,405,1270,782
1552,1,1367,457,1764,780
1553,1,1366,457,1763,780
1553,0,947,406,1271,783
1553,12,1316,304,1561,567
1553,18,949,405,1271,994
1554,12,1316,304,1561,567
1554,1,1366,458,1763,781
1554,18,948,405,1272,993
1554,0,947,406,1272,782
1555,0,947,406,1272,782
1555,18,949,406,1272,992
1555,12,1317,305,1561,567
1555,1,1367,460,1761,781
1556,0,947,407,1272,782
1556,18,949,407,1271,991
1556,12,1317,307,1560,568
1556,1,1367,464,1759,781
1557,0,947,407,1272,782
1557,18,949,407,1271,992
1557,1,1367,465,1759,782
1557,12,1317,309,1560,568
1558,0,947,407,1272,782
1558,18,948,407,1271,992
1558,1,1366,467,1761,782
1558,12,1316,311,1560,569
1559,18,948,409,1272,990
1559,0,947,407,1272,777
1559,1,1366,470,1758,783
1559,12,1314,313,1559,570
1560,18,946,409,1272,992
1560,12,1315,314,1560,569
1560,1,1366,473,1757,783
1560,0,947,408,1272,772
1561,0,947,408,1273,771
1561,18,948,410,1273,991
1561,1,1368,474,1756,783
1561,12,1316,315,1560,571
1562,18,948,411,1274,991
1562,0,947,408,1274,770
1562,12,1317,316,1560,571
1562,1,1379,474,1755,783
1563,18,949,411,1274,991
1563,12,1316,314,1562,572
1563,0,947,410,1273,775
1563,1,1393,475,1755,783
1564,0,949,410,1276,774
1564,18,951,412,1276,992
1564,12,1316,312,1561,572
1564,1,1409,478,1755,783
1565,0,949,411,1277,773
1565,12,1317,310,1562,570
1565,1,1420,480,1755,782
1566,18,957,413,1280,990
1566,1,1430,483,1755,780
1566,0,958,413,1282,771
1566,12,1316,307,1561,581
1567,18,962,414,1283,990
1567,1,1438,483,1756,779
1567,0,962,414,1286,769
1567,12,1321,305,1562,588
1568,1,1440,483,1757,779
1568,18,966,415,1288,990
1568,0,965,415,1292,768
1568,12,1318,304,1563,594
1569,1,1443,481,1757,780
1569,0,968,415,1297,766
1569,18,969,415,1294,990
1569,12,1317,301,1561,604
1570,1,1442,482,1757,779
1570,0,974,415,1306,765
1570,12,1321,299,1562,613
1571,1,1442,482,1758,780
1571,12,1323,298,1562,623
1571,0,983,416,1314,766
1572,1,1443,484,1758,779
1572,12,1327,296,1562,625
1572,0,987,417,1322,770
1573,1,1443,487,1757,780
1573,0,994,419,1332,771
1573,12,1333,295,1563,635
1574,1,1443,487,1758,780
1574,12,1336,294,1564,643
1574,0,999,419,1345,772
1575,1,1443,487,1758,780
1575,12,1336,294,1563,650
1575,0,1003,421,1353,775
1576,1,1442,487,1759,780
1576,12,1336,295,1564,642
1576,0,1009,423,1357,774
1576,18,1008,423,1353,991
1577,1,1440,488,1759,780
1577,18,1011,423,1355,991
1577,0,1012,423,1358,775
1577,12,1337,298,1561,644
1578,18,1012,424,1357,991
1578,1,1440,486,1758,780
1578,0,1013,424,1360,774
1578,12,1339,299,1560,656
1579,1,1440,486,1759,780
1579,18,1012,426,1357,991
1579,0,1013,426,1359,769
1579,12,1339,301,1556,670
1580,1,1440,487,1758,781
1580,18,1012,430,1360,989
1580,0,1013,429,1363,770
1580,12,1339,303,1554,692
1581,1,1440,487,1758,780
1581,0,1012,433,1366,769
1581,18,1011,434,1364,991
1581,12,1338,305,1551,686
1582,1,1440,487,1760,779
1582,0,1012,436,1366,770
1582,18,1012,437,1364,989
1582,12,1336,308,1549,684
1583,1,1439,487,1760,780
1583,18,1013,438,1362,989
1583,0,1013,437,1365,770
1583,12,1335,312,1546,681
1584,0,1012,438,1364,770
1584,18,1011,439,1363,991
1584,1,1438,486,1760,779
1584,12,1336,318,1543,687
1585,1,1439,486,1761,779
1585,0,1012,440,1364,770
1585,12,1333,324,1541,691
1586,1,1439,486,1761,778
1586,0,1012,442,1364,771
1586,12,1332,327,1541,696
1587,1,1437,486,1761,779
1587,12,1331,332,1540,700
1587,0,1011,442,1363,778
1588,0,1012,444,1363,778
1588,1,1436,487,1761,780
1588,12,1331,338,1541,700
1589,1,1436,488,1760,781
1589,0,1011,446,1363,779
1589,12,1331,343,1538,699
1590,1,1437,487,1760,781
1590,0,1011,446,1363,779
1590,12,1329,347,1537,698
1591,0,1010,446,1364,779
1591,12,1330,348,1538,699
1591,1,1438,488,1762,780
1592,1,1436,487,1762,780
1592,12,1328,350,1539,701
1592,0,1011,446,1366,775
1593,0,1011,448,1366,775
1593,1,1437,487,1762,780
1593,12,1328,352,1540,700
1594,1,1437,487,1762,780
1594,0,1011,449,1364,780
1594,12,1326,353,1539,694
1595,0,1011,449,1363,780
1595,1,1436,487,1762,780
1595,12,1326,354,1539,699
1596,0,1011,450,1362,780
1596,1,1435,487,1762,780
1596,12,1327,356,1539,702
1597,0,1011,450,1362,780
1597,12,1327,356,1539,701
1597,1,1436,487,1762,780
1598,1,1435,487,1762,780
1598,0,1011,452,1363,780
1598,12,1324,357,1539,701
1599,1,1436,487,1762,781
1599,0,1010,451,1364,776
1599,12,1320,358,1539,705
1600,0,1010,450,1363,776
1600,1,1434,487,1762,779
1600,12,1313,359,1538,704
1601,0,1010,451,1363,775
1601,1,1436,487,1762,779
1601,12,1310,359,1538,700
1602,0,1010,451,1363,775
1602,1,1435,487,1762,779
1602,12,1313,359,1536,702
1603,1,1435,487,1762,779
1603,0,1010,451,1362,776
1603,12,1308,359,1536,697
1604,1,1436,487,1762,779
1604,0,1010,452,1362,776
1604,12,1311,359,1536,700
1605,12,1311,360,1536,700
1605,1,1437,487,1761,779
1605,0,1011,453,1361,780
1606,1,1436,487,1761,779
1606,0,1011,453,1362,776
1606,12,1315,361,1534,698
1607,0,1011,452,1362,776
1607,1,1434,487,1761,778
1607,12,1310,361,1532,690
1608,0,1011,453,1363,776
1608,1,1435,487,1761,778
1608,12,1306,362,1532,694
1609,1,1435,488,1761,778
1609,0,1011,454,1362,776
1609,12,1309,362,1532,687
1610,1,1435,487,1761,778
1610,0,1011,454,1362,776
1610,12,1315,362,1531,689
1611,0,1011,454,1362,776
1611,1,1434,487,1761,778
1611,12,1316,361,1530,689
1612,1,1434,487,1761,777
1612,0,1011,454,1361,776
1612,12,1319,361,1530,687
1613,1,1434,487,1761,778
1613,0,1011,455,1361,780
1613,12,1309,361,1531,683
1614,1,1433,487,1761,778
1614,0,1011,454,1362,775
1614,12,1312,360,1529,694
1615,0,1011,454,1361,775
1615,1,1433,487,1761,778
1615,12,1309,360,1528,690
1616,0,1010,454,1362,776
1616,1,1433,487,1761,778
1616,12,1310,359,1528,688
1617,0,1010,454,1361,776
1617,1,1433,487,1761,778
1617,12,1311,359,1528,685
1618,0,1010,454,1362,776
1618,1,1435,487,1761,778
1618,12,1303,360,1528,684
1619,1,1436,487,1761,779
1619,0,1009,454,1360,780
1619,12,1301,360,1527,680
1620,1,1438,487,1761,779
1620,12,1299,359,1528,682
1620,0,1010,453,1361,776
1621,1,1438,487,1761,780
1621,0,1010,452,1359,776
1621,12,1309,359,1525,687
1622,1,1438,487,1761,779
1622,0,1010,452,1360,776
1622,12,1302,358,1526,691
1623,0,1010,452,1360,776
1623,1,1439,487,1761,779
1623,12,1299,358,1526,690
1624,0,1010,452,1359,775
1624,1,1441,487,1761,779
1624,12,1301,357,1526,691
1625,0,1010,451,1359,776
1625,1,1442,487,1760,779
1625,12,1309,358,1525,692
1626,1,1443,487,1761,778
1626,0,1011,451,1358,780
1626,12,1310,358,1525,697
1627,1,1443,487,1761,779
1627,0,1011,450,1358,780
1627,12,1312,358,1525,701
1628,1,1443,487,1761,778
1628,0,1011,450,1358,775
1628,12,1305,358,1523,702
1629,12,1305,358,1523,702
1629,1,1444,487,1761,778
1629,0,1010,450,1358,780
1630,0,1010,450,1358,780
1630,1,1442,487,1761,778
1630,12,1307,358,1523,702
1631,1,1442,487,1760,778
1631,12,1307,358,1524,702
1631,0,1010,450,1357,780
1632,1,1441,487,1761,778
1632,12,1308,359,1524,702
1632,0,1011,448,1358,775
1633,0,1011,448,1358,775
1633,1,1441,487,1760,778
1633,12,1302,358,1523,700
1634,1,1438,487,1761,779
1634,12,1304,359,1523,701
1634,0,1010,448,1358,780
1635,1,1438,487,1761,779
1635,0,1011,447,1358,775
1635,12,1310,359,1523,701
1636,0,1011,447,1358,775
1636,12,1310,359,1523,701
1636,1,1440,487,1761,779
1637,0,1011,447,1357,775
1637,1,1439,487,1761,779
1637,12,1312,359,1522,701
1638,0,1011,447,1357,775
1638,1,1440,486,1760,778
1638,12,1307,359,1521,700
1639,0,1011,447,1358,775
1639,1,1439,486,1760,778
1639,12,1303,358,1520,698
1640,0,1011,447,1358,775
1640,1,1439,486,1761,778
1640,12,1304,358,1521,699
1641,0,1011,447,1358,775
1641,1,1438,486,1760,778
1641,12,1303,358,1522,699
1642,0,1011,447,1358,775
1642,1,1438,486,1761,778
1642,12,1300,358,1523,698
1643,0,1011,446,1358,775
1643,1,1438,487,1761,778
1643,12,1301,358,1523,698
1644,0,1010,446,1359,775
1644,1,1438,487,1760,777
1644,12,1296,358,1524,698
1645,0,1010,446,1359,775
1645,1,1437,487,1760,777
1645,12,1296,358,1524,698
1646,0,1010,446,1359,775
1646,1,1438,487,1758,777
1646,12,1295,359,1524,700
1647,0,1010,446,1359,775
1647,1,1438,487,1758,777
1647,12,1295,359,1524,699
1648,1,1438,487,1758,777
1648,0,1010,446,1358,775
1648,12,1296,359,1524,700
1649,0,1010,446,1358,775
1649,1,1438,487,1758,777
1649,12,1298,359,1525,700
1650,0,1010,446,1358,775
1650,1,1439,488,1758,776
1650,12,1298,359,1524,700
1651,0,1011,446,1360,775
1651,12,1296,359,1525,700
1651,1,1439,488,1757,775
1652,0,1011,445,1360,775
1652,1,1439,488,1757,776
1652,12,1298,359,1525,700
1653,1,1439,488,1757,776
1653,0,1010,445,1359,775
1653,12,1296,360,1525,700
1654,0,1011,445,1360,775
1654,1,1439,489,1758,775
1654,12,1296,359,1525,700
1655,1,1439,489,1757,776
1655,0,1010,445,1360,775
1655,12,1300,359,1525,699
1656,12,1300,359,1525,699
1656,0,1010,444,1359,775
1656,1,1439,489,1757,776
1657,0,1010,444,1360,775
1657,1,1438,488,1757,776
1657,12,1297,359,1525,699
1658,0,1010,444,1360,775
1658,1,1438,488,1757,777
1658,12,1297,359,1524,700
1659,0,1010,444,1359,775
1659,1,1438,487,1757,776
1659,12,1297,359,1524,699
1660,0,1010,444,1360,775
1660,1,1438,488,1757,775
1660,12,1298,360,1523,700
1661,0,1010,444,1360,775
1661,1,1438,487,1757,776
1661,12,1299,359,1523,700
1662,0,1010,444,1360,775
1662,12,1300,359,1523,699
1662,1,1437,487,1758,776
1663,1,1438,487,1757,776
1663,0,1011,444,1361,775
1663,12,1301,360,1523,700
1664,0,1011,444,1360,775
1664,1,1439,486,1757,775
1664,12,1303,361,1523,702
1665,0,1011,444,1360,776
1665,1,1441,486,1757,775
1665,12,1301,361,1522,702
1666,0,1011,444,1359,776
1666,1,1441,486,1758,775
1666,12,1299,361,1524,701
1667,0,1011,445,1358,776
1667,1,1443,487,1758,777
1667,12,1302,362,1524,701
1668,0,1011,445,1358,776
1668,1,1443,487,1758,777
1668,12,1299,362,1524,701
1669,1,1443,487,1758,777
1669,0,1011,445,1358,776
1669,12,1298,362,1524,701
1670,0,1011,445,1358,776
1670,1,1443,487,1758,777
1670,12,1298,362,1524,701
1671,0,1011,445,1358,776
1671,1,1444,486,1758,777
1671,12,1299,362,1524,699
1672,1,1444,486,1758,777
1672,0,1011,445,1358,776
1672,12,1298,362,1524,699
1673,1,1443,486,1758,777
1673,0,1011,445,1359,776
1673,12,1295,360,1525,696
1674,0,1011,445,1359,776
1674,1,1443,486,1758,777
1674,12,1295,360,1524,696
1675,0,1011,445,1359,776
1675,1,1444,487,1759,778
1675,12,1300,362,1524,695
1676,0,1011,445,1359,776
1676,1,1443,487,1758,778
1676,12,1301,362,1524,699
1677,0,1011,445,1359,776
1677,1,1444,487,1758,778
1677,12,1303,362,1524,697
1678,0,1011,445,1360,776
1678,1,1444,487,1759,777
1678,12,1304,362,1524,694
1679,1,1443,487,1759,777
1679,0,1011,445,1359,776
1679,12,1305,362,1524,696
1680,1,1443,487,1758,777
1680,0,1011,445,1358,780
1680,12,1303,362,1525,692
1681,1,1444,487,1758,778
1681,0,1011,444,1358,775
1681,12,1307,362,1526,678
1682,1,1444,487,1758,778
1682,0,1011,444,1359,776
1682,12,1304,361,1526,680
1683,0,1011,444,1359,776
1683,1,1443,487,1758,778
1683,12,1301,361,1525,687
1684,1,1443,487,1758,778
1684,12,1298,361,1525,687
1684,0,1010,444,1358,780
1685,1,1443,487,1758,778
1685,0,1010,444,1359,780
1685,12,1298,361,1525,691
1686,0,1010,444,1358,780
1686,1,1444,487,1759,779
1686,12,1297,361,1526,689
1687,0,1010,444,1358,780
1687,1,1443,487,1758,778
1687,12,1294,361,1526,697
1688,0,1010,444,1358,780
1688,1,1443,486,1758,779
1688,12,1295,360,1526,697
1689,1,1443,487,1758,779
1689,0,1010,445,1358,781
1689,12,1295,361,1526,692
1690,0,1010,445,1358,781
1690,1,1443,487,1759,779
1690,12,1294,361,1526,697
1691,1,1443,486,1759,779
1691,0,1009,444,1358,781
1691,12,1294,360,1525,701
1692,0,1009,444,1359,781
1692,1,1443,486,1759,779
1692,12,1295,360,1525,701
1693,1,1444,487,1759,779
1693,12,1296,362,1525,701
1693,0,1011,444,1358,774
1694,1,1444,487,1759,779
1694,12,1295,360,1526,698
1694,0,1009,444,1358,781
1695,0,1009,444,1359,780
1695,1,1443,487,1759,781
1695,12,1293,362,1525,703
1696,0,1009,444,1359,780
1696,1,1444,487,1760,779
1696,12,1294,362,1524,700
1697,0,1009,445,1359,780
1697,1,1444,487,1761,779
1697,12,1296,362,1525,702
1698,1,1444,487,1761,779
1698,0,1009,445,1358,781
1698,12,1295,362,1525,703
1699,0,1009,445,1358,781
1699,1,1445,487,1761,779
1699,12,1295,362,1525,702
1700,1,1446,487,1761,779
1700,0,1010,444,1358,781
1700,12,1295,360,1527,697
1701,1,1445,487,1761,779
1701,0,1010,444,1358,781
1701,12,1296,360,1527,698
1702,0,1010,444,1358,780
1702,1,1445,488,1761,779
1702,12,1297,361,1526,700
1703,0,1010,444,1358,780
1703,1,1446,488,1761,779
1703,12,1298,361,1526,698
1704,0,1010,443,1358,781
1704,1,1447,488,1761,780
1704,12,1297,362,1527,697
1705,1,1447,488,1761,780
1705,0,1010,443,1358,781
1705,12,1299,362,1527,694
1706,0,1010,443,1359,781
1706,1,1446,488,1761,779
1706,12,1296,362,1526,695
1707,0,1010,443,1357,781
1707,1,1447,488,1761,780
1707,12,1295,362,1526,699
1708,1,1446,488,1761,779
1708,12,1296,362,1526,700
1708,0,1011,443,1359,776
1709,1,1446,488,1761,779
1709,0,1011,443,1359,776
1709,12,1294,362,1527,701
1710,1,1445,488,1761,779
1710,0,1011,443,1360,776
1710,12,1295,362,1527,700
1711,1,1445,488,1760,780
1711,0,1010,443,1358,780
1711,12,1297,360,1529,698
1712,0,1010,443,1358,780
1712,1,1445,488,1760,780
1712,12,1296,360,1529,698
1713,1,1444,488,1760,780
1713,12,1294,361,1528,700
1713,0,1011,443,1359,776
1714,1,1444,488,1761,780
1714,0,1011,443,1360,776
1714,12,1295,361,1527,698
1715,0,1010,443,1361,777
1715,1,1443,488,1761,780
1715,12,1295,361,1528,699
1716,1,1444,487,1761,780
1716,0,1011,444,1360,776
1716,12,1293,362,1528,701
1717,0,1011,443,1360,776
1717,1,1444,487,1761,780
1717,12,1294,361,1527,700
1718,0,1011,443,1361,776
1718,1,1444,487,1762,779
1718,12,1293,362,1528,700
1719,0,1011,443,1361,776
1719,1,1444,487,1761,780
1719,12,1293,361,1527,702
1720,12,1293,361,1527,702
1720,0,1011,443,1360,776
1720,1,1444,487,1762,780
1721,0,1010,443,1360,776
1721,1,1444,487,1763,780
1721,12,1294,362,1528,701
1722,1,1444,487,1763,780
1722,12,1293,362,1528,701
1722,0,1009,443,1358,781
1723,0,1009,444,1359,781
1723,1,1443,487,1763,780
1723,12,1295,364,1527,704
1724,1,1444,487,1763,781
1724,12,1295,364,1527,704
1724,0,1011,444,1361,777
1725,1,1444,487,1763,781
1725,0,1011,444,1360,776
1725,12,1297,363,1529,701
1726,0,1011,445,1360,776
1726,1,1444,487,1763,781
1726,12,1297,364,1529,701
1727,0,1011,445,1360,777
1727,1,1445,487,1764,781
1727,12,1295,363,1528,701
1728,0,1011,445,1360,777
1728,12,1295,363,1528,701
1728,1,1445,487,1764,781
1729,0,1011,445,1360,777
1729,1,1445,486,1765,781
1729,12,1295,363,1528,702
1730,0,1011,445,1361,777
1730,12,1294,363,1529,702
1730,1,1444,486,1765,781
1731,0,1011,445,1361,777
1731,1,1444,486,1766,781
1731,12,1296,363,1527,701
1732,1,1444,486,1765,781
1732,0,1011,445,1360,777
1732,12,1295,364,1527,703
1733,0,1011,445,1361,777
1733,1,1444,486,1766,780
1733,12,1294,364,1527,702
1734,12,1294,364,1527,702
1734,0,1011,445,1360,777
1734,1,1445,486,1766,780
1735,0,1011,445,1361,777
1735,1,1445,486,1768,780
1735,12,1294,364,1527,703
1736,12,1294,364,1527,703
1736,0,1011,445,1359,777
1736,1,1446,484,1770,780
1737,0,1011,445,1360,777
1737,1,1446,482,1770,780
1737,12,1296,364,1527,703
1738,0,1011,445,1361,777
1738,12,1296,364,1527,703
1738,1,1446,481,1771,780
1739,0,1011,445,1361,777
1739,12,1296,364,1528,703
1739,1,1447,480,1773,780
1740,0,1011,445,1361,777
1740,12,1298,364,1528,702
1740,1,1447,478,1774,780
1741,12,1299,365,1528,702
1741,0,1012,446,1363,777
1741,1,1448,478,1775,780
1742,0,1012,446,1362,778
1742,1,1447,477,1775,780
1742,12,1301,365,1529,702
1743,0,1011,446,1362,777
1743,1,1447,476,1777,779
1743,12,1304,365,1529,703
1744,0,1011,446,1362,777
1744,1,1446,477,1777,779
1744,12,1301,365,1528,702
1745,0,1012,447,1362,777
1745,12,1300,365,1528,701
1745,1,1446,476,1779,777
1746,0,1011,446,1362,777
1746,12,1301,365,1528,701
1746,1,1449,477,1780,775
1747,0,1012,447,1361,777
1747,12,1302,365,1528,700
1747,1,1454,478,1783,774
1748,0,1011,447,1360,777
1748,12,1301,365,1528,701
1748,1,1457,478,1783,776
1749,0,1011,447,1360,777
1749,12,1303,365,1529,702
1749,1,1461,480,1785,772
1750,0,1011,447,1360,777
1750,12,1302,366,1529,702
1750,1,1465,481,1786,772
1751,0,1011,447,1360,777
1751,12,1302,366,1529,701
1751,1,1467,482,1788,771
1752,0,1012,447,1360,777
1752,12,1303,366,1529,702
1752,1,1475,480,1789,770
1753,0,1012,446,1361,777
1753,1,1475,480,1791,770
1753,12,1296,366,1529,701
1754,0,1012,446,1361,777
1754,12,1296,367,1529,701
1754,1,1486,480,1792,767
1755,0,1012,446,1363,777
1755,12,1299,367,1530,700
1755,1,1490,482,1795,764
1756,0,1012,446,1362,777
1756,12,1303,368,1532,699
1756,1,1498,482,1795,761
1757,0,1012,446,1362,777
1757,12,1302,368,1530,699
1757,1,1503,480,1794,759
1758,0,1012,446,1361,777
1758,1,1506,479,1795,758
1758,12,1297,368,1533,694
1759,0,1012,446,1361,777
1759,1,1510,479,1796,757
1759,12,1299,369,1534,700
1760,0,1012,446,1361,777
1760,1,1510,479,1795,754
1760,12,1301,370,1536,700
1761,0,1012,446,1361,777
1761,12,1300,370,1534,701
1761,1,1513,476,1795,756
1762,0,1012,446,1361,777
1762,12,1299,369,1534,700
1762,1,1519,476,1795,754
1763,0,1012,446,1362,778
1763,12,1300,369,1534,700
1763,1,1524,475,1796,755
1764,0,1012,446,1362,778
1764,12,1302,369,1534,700
1764,1,1527,475,1797,755
1765,0,1012,446,1362,777
1765,12,1300,369,1533,702
1765,1,1532,475,1797,754
1766,12,1301,369,1533,703
1766,0,1013,447,1360,781
1766,1,1535,476,1798,755
1767,0,1013,447,1360,781
1767,12,1299,369,1533,704
1767,1,1537,476,1799,755
1768,12,1298,369,1533,702
1768,1,1538,476,1800,755
1768,0,1013,446,1362,777
1769,0,1013,446,1362,777
1769,12,1298,369,1533,703
1769,1,1542,475,1801,755
1770,0,1012,447,1362,778
1770,1,1541,475,1802,756
1770,12,1295,368,1534,701
1771,0,1012,446,1365,777
1771,1,1546,475,1804,754
1771,12,1299,369,1532,705
1772,0,1012,446,1364,777
1772,1,1548,475,1807,754
1772,12,1296,368,1533,704
1773,0,1012,446,1364,778
1773,12,1296,368,1533,704
1773,1,1551,474,1809,754
1774,0,1012,446,1364,778
1774,12,1296,368,1533,703
1774,1,1552,474,1812,755
1775,0,1012,446,1364,778
1775,12,1296,368,1533,703
1775,1,1553,473,1816,755
1776,0,1012,446,1364,778
1776,12,1295,368,1533,704
1776,1,1555,473,1819,756
1777,0,1012,446,1364,778
1777,12,1296,368,1533,703
1777,1,1555,474,1822,755
1778,0,1012,446,1364,778
1778,12,1297,369,1533,702
1778,1,1554,474,1826,756
1779,0,1012,446,1364,778
1779,12,1299,369,1532,700
1779,1,1555,472,1833,754
1780,0,1012,446,1364,778
1780,12,1301,370,1531,700
1780,1,1550,472,1840,752
1781,0,1013,446,1365,778
1781,12,1303,371,1531,702
1781,1,1549,472,1844,751
1782,0,1012,445,1364,778
1782,1,1548,473,1847,747
1782,12,1304,371,1531,692
1783,0,1013,445,1364,778
1783,12,1305,371,1530,694
1783,1,1549,474,1854,748
1784,0,1013,445,1363,778
1784,12,1304,371,1532,698
1784,1,1552,474,1862,745
1785,0,1013,445,1363,778
1785,12,1308,371,1531,700
1785,1,1563,475,1866,743
1786,0,1013,445,1363,778
1786,12,1311,371,1530,701
1786,1,1576,474,1869,743
1787,0,1012,444,1364,778
1787,12,1307,370,1532,702
1787,1,1590,476,1872,741
1788,0,1013,444,1364,778
1788,12,1308,370,1532,699
1788,1,1605,478,1877,741
1789,0,1013,444,1364,778
1789,12,1307,370,1533,695
1789,1,1615,482,1886,741
1790,0,1012,444,1364,778
1790,12,1305,370,1534,694
1790,1,1623,484,1891,742
1791,0,1012,444,1364,778
1791,12,1305,369,1533,700
1791,1,1625,485,1896,742
1792,0,1013,444,1364,778
1792,12,1306,369,1532,696
1792,1,1627,486,1901,744
1793,0,1013,444,1363,778
1793,1,1627,487,1909,743
1793,12,1310,369,1527,698
1794,0,1013,443,1361,778
1794,12,1310,368,1528,696
1794,1,1627,489,1914,746
1795,0,1013,442,1361,778
1795,1,1629,491,1919,743
1795,12,1314,365,1523,697
1796,0,1013,441,1359,778
1796,1,1628,491,1920,742
1796,12,1316,364,1523,685
1797,1,1629,492,1920,744
1797,0,1013,438,1355,782
1797,12,1316,362,1518,692
1798,1,1629,493,1920,746
1798,0,1013,436,1343,781
1798,12,1319,361,1520,686
1799,1,1631,492,1920,755
1799,0,1013,436,1335,775
1799,12,1329,360,1517,686
1800,0,1013,433,1330,779
1800,1,1638,493,1919,751
1800,12,1331,357,1514,701
1800,19,1013,434,1330,994
1801,1,1640,492,1918,745
1801,19,1012,432,1319,995
1801,0,1012,431,1318,780
1801,12,1336,353,1512,674
1802,19,1012,427,1312,995
1802,0,1012,427,1311,780
1802,1,1642,491,1920,739
1802,12,1336,351,1511,660
1803,19,1011,425,1305,995
1803,1,1645,493,1919,743
1803,0,1012,424,1304,776
1803,12,1337,350,1515,619
1804,19,1010,423,1299,995
1804,1,1646,490,1918,748
1804,0,1011,423,1297,774
1804,12,1336,347,1513,600
1805,0,1011,421,1294,773
1805,19,1009,421,1294,995
1805,1,1647,488,1920,741
1805,12,1332,341,1512,616
1806,19,1009,418,1291,995
1806,0,1010,419,1291,773
1806,1,1648,487,1919,744
1806,12,1332,333,1522,595
1807,19,1007,416,1289,995
1807,1,1650,484,1919,743
1807,0,1008,417,1288,772
1807,12,1326,326,1521,588
1808,1,1647,483,1919,743
1808,0,1003,416,1287,773
1808,19,1002,414,1288,994
1808,12,1326,318,1526,581
1809,0,1001,415,1286,772
1809,19,998,413,1287,995
1809,1,1649,481,1919,740
1809,12,1325,309,1552,579
1810,1,1649,478,1919,741
1810,19,994,411,1285,995
1810,0,998,412,1284,772
1810,12,1324,302,1533,577
1811,1,1650,477,1919,742
1811,19,990,411,1284,995
1811,0,993,412,1283,773
1811,12,1323,297,1536,579
1812,1,1650,474,1919,743
1812,19,986,410,1282,995
1812,0,988,411,1280,772
1812,12,1317,289,1547,581
1813,1,1653,472,1919,744
1813,19,983,407,1280,995
1813,0,984,407,1279,772
1813,12,1315,285,1539,578
1814,1,1653,470,1919,746
1814,19,978,405,1277,994
1814,0,979,405,1275,772
1814,12,1315,280,1547,575
1815,1,1653,469,1919,746
1815,19,974,403,1274,994
1815,12,1314,276,1548,574
1815,0,975,404,1272,772
1816,19,972,402,1272,995
1816,1,1653,466,1918,748
1816,0,973,402,1270,772
1816,12,1311,273,1546,571
1817,1,1655,466,1918,747
1817,0,970,402,1268,773
1817,19,970,402,1269,995
1817,12,1311,271,1544,568
1818,19,966,402,1268,995
1818,1,1654,463,1918,749
1818,0,966,402,1265,774
1818,12,1311,269,1550,566
1819,1,1655,461,1919,751
1819,19,963,400,1266,994
1819,0,963,401,1263,774
1819,12,1309,267,1555,562
1820,19,961,400,1265,995
1820,0,962,400,1262,774
1820,1,1655,460,1918,751
1820,12,1310,264,1557,561
1821,19,960,399,1261,995
1821,1,1657,457,1918,750
1821,0,960,400,1257,774
1821,12,1308,265,1555,558
1822,19,959,399,1258,995
1822,1,1658,454,1919,750
1822,12,1309,264,1553,556
1822,0,959,400,1254,777
1823,1,1660,453,1919,750
1823,12,1311,263,1553,556
1823,19,959,399,1255,995
1823,0,959,399,1249,778
1824,12,1313,263,1553,557
1824,1,1663,450,1920,750
1824,0,960,398,1245,780
1825,12,1313,263,1552,556
1825,1,1663,448,1919,752
1825,0,961,397,1242,782
1825,19,961,397,1247,995
1826,19,961,397,1246,996
1826,0,961,398,1241,782
1826,1,1663,447,1920,752
1826,12,1315,263,1552,558
1827,0,960,397,1240,782
1827,1,1662,446,1920,754
1827,12,1315,263,1551,557
1828,12,1314,263,1551,556
1828,0,959,397,1240,784
1828,1,1660,444,1913,751
1829,12,1315,263,1550,557
1829,0,958,397,1239,784
1829,19,958,396,1245,994
1829,1,1658,444,1907,751
1830,0,958,397,1239,785
1830,12,1315,263,1551,558
1830,19,958,397,1245,996
1830,1,1661,443,1909,752
1831,19,959,396,1245,995
1831,0,960,396,1239,785
1831,12,1314,261,1548,557
1831,1,1653,442,1905,751
1832,19,959,396,1245,995
1832,0,959,397,1239,785
1832,12,1314,262,1545,554
1832,1,1649,442,1910,759
1833,12,1313,262,1545,554
1833,19,958,397,1245,996
1833,0,958,397,1238,785
1833,1,1646,441,1908,761
1834,0,958,397,1240,784
1834,12,1313,262,1547,551
1834,1,1639,440,1905,758
1835,0,958,398,1242,784
1835,1,1635,440,1904,757
1835,12,1314,262,1541,549
1836,1,1634,440,1905,757
1836,0,957,399,1242,785
1836,12,1313,262,1540,551
1837,0,957,398,1243,784
1837,1,1633,440,1904,756
1837,12,1311,262,1537,546
1838,0,957,399,1244,783
1838,1,1633,439,1905,755
1838,12,1311,262,1535,546
1839,0,957,400,1244,783
1839,1,1635,439,1905,755
1839,19,958,400,1249,998
1839,12,1311,261,1532,543
1840,0,957,400,1244,784
1840,1,1637,439,1905,755
1840,12,1312,261,1533,541
1841,1,1637,439,1905,756
1841,12,1312,261,1533,542
1841,0,957,401,1245,783
1842,0,957,402,1245,783
1842,1,1637,439,1906,757
1842,12,1312,261,1533,540
1843,0,957,403,1246,783
1843,1,1637,439,1907,757
1843,19,957,403,1249,998
1843,12,1312,262,1534,541
1844,0,957,403,1247,783
1844,1,1638,439,1908,757
1844,19,958,404,1251,998
1844,12,1312,262,1534,540
1845,19,957,405,1250,998
1845,0,956,404,1247,781
1845,12,1312,263,1533,541
1845,1,1642,439,1908,757
1846,19,957,407,1249,998
1846,12,1313,264,1533,542
1846,0,957,406,1245,783
1846,1,1646,440,1908,756
1847,19,957,407,1249,998
1847,1,1645,440,1908,756
1847,0,956,406,1247,782
1847,12,1313,266,1534,545
1848,19,957,407,1250,998
1848,1,1646,441,1908,756
1848,0,957,406,1246,782
1848,12,1312,267,1535,553
1849,0,956,406,1246,782
1849,19,956,406,1251,997
1849,12,1313,268,1537,558
1849,1,1657,442,1908,756
1850,19,956,406,1251,998
1850,0,956,405,1247,781
1850,1,1658,442,1909,756
1850,12,1313,270,1538,559
1851,1,1658,443,1908,756
1851,0,956,406,1246,781
1851,19,956,407,1250,999
1851,12,1313,271,1538,557
1852,0,957,407,1246,781
1852,19,956,408,1250,999
1852,1,1657,443,1908,756
1852,12,1313,271,1537,554
1853,0,956,407,1246,781
1853,19,956,408,1250,998
1853,12,1313,271,1537,553
1853,1,1655,443,1908,756
1854,19,956,409,1250,998
1854,0,957,407,1246,780
1854,1,1659,443,1908,756
1854,12,1312,271,1537,557
1854,20,1313,270,1539,682
1855,0,957,408,1246,780
1855,19,957,409,1251,997
1855,1,1662,443,1908,756
1855,12,1311,271,1534,549
1855,20,1311,270,1537,705
1856,19,957,409,1250,999
1856,1,1661,444,1908,756
1856,0,959,407,1246,780
1856,12,1309,271,1533,549
1856,20,1310,270,1537,707
1857,1,1660,444,1909,756
1857,0,960,407,1246,780
1857,19,958,408,1252,1001
1857,12,1308,271,1529,547
1857,20,1309,270,1531,702
1858,1,1661,444,1909,756
1858,0,961,407,1246,779
1858,19,959,408,1251,1006
1858,12,1308,271,1524,546
1858,20,1309,270,1526,681
1859,19,960,407,1252,1006
1859,0,961,406,1247,779
1859,1,1658,444,1909,756
1859,12,1307,270,1522,546
1859,20,1304,272,1525,700
1860,0,962,405,1247,779
1860,19,961,406,1252,1007
1860,1,1660,444,1909,755
1860,12,1305,270,1535,552
1861,0,962,404,1248,778
1861,12,1305,272,1534,548
1861,19,961,405,1256,999
1861,1,1670,443,1904,756
1862,1,1670,443,1904,756
1862,0,963,404,1248,778
1862,19,962,404,1256,1000
1862,12,1304,272,1538,550
1863,1,1669,443,1905,756
1863,0,963,403,1248,778
1863,19,962,403,1256,1001
1863,12,1303,273,1537,548
1864,1,1669,443,1904,757
1864,19,962,403,1257,1002
1864,0,963,403,1248,778
1864,12,1305,273,1539,552
1865,1,1669,443,1904,756
1865,0,963,402,1248,778
1865,19,963,403,1255,1001
1865,12,1304,274,1540,552
1866,1,1668,443,1904,757
1866,0,963,401,1250,778
1866,19,962,402,1257,1000
1866,12,1305,274,1542,552
1867,1,1667,443,1904,757
1867,19,962,401,1258,1000
1867,0,963,401,1251,777
1867,12,1304,275,1543,552
1868,1,1667,443,1904,757
1868,19,962,400,1258,1002
1868,0,964,400,1252,777
1868,12,1305,275,1543,550
1869,1,1666,443,1904,756
1869,0,965,399,1253,776
1869,19,964,399,1260,1001
1869,12,1306,277,1544,551
1870,19,964,398,1260,1003
1870,1,1666,443,1903,756
1870,0,965,398,1255,776
1870,12,1307,277,1545,550
1871,1,1666,443,1904,756
1871,0,965,398,1255,776
1871,19,964,398,1260,1004
1871,12,1309,278,1542,548
1872,0,965,398,1255,776
1872,19,964,397,1259,1004
1872,1,1667,444,1903,756
1872,12,1310,278,1542,547
1873,0,965,398,1255,776
1873,1,1666,444,1903,756
1873,19,964,398,1259,1007
1873,12,1309,278,1542,549
1874,1,1665,444,1904,756
1874,12,1310,278,1543,550
1874,0,966,398,1257,776
1874,19,965,397,1261,1010
1875,1,1665,444,1904,756
1875,0,965,398,1258,775
1875,19,965,397,1262,1007
1875,12,1312,278,1542,551
1876,1,1664,444,1903,756
1876,0,965,397,1258,774
1876,19,964,397,1262,1002
1876,12,1315,277,1541,552
1877,1,1664,444,1903,755
1877,19,964,396,1263,1002
1877,0,965,397,1259,774
1877,12,1321,277,1540,552
1878,19,964,397,1263,1002
1878,0,965,397,1260,774
1878,1,1664,444,1903,756
1878,12,1319,277,1540,552
1879,1,1665,444,1903,756
1879,12,1320,277,1540,552
1879,0,966,397,1260,774
1879,19,965,397,1263,1010
1879,21,1320,276,1540,672
1880,0,966,397,1260,774
1880,1,1665,444,1903,757
1880,19,965,397,1263,1006
1880,12,1322,277,1540,552
1880,21,1322,276,1540,680
1881,19,965,397,1263,1006
1881,1,1665,445,1903,757
1881,0,966,397,1260,775
1881,12,1323,278,1539,550
1881,21,1322,276,1541,698
1882,1,1665,445,1904,757
1882,0,966,396,1260,775
1882,19,965,396,1263,1008
1882,12,1323,278,1540,550
1882,21,1322,276,1542,672
1883,1,1665,445,1904,756
1883,19,965,396,1262,1008
1883,0,966,396,1259,775
1883,12,1324,277,1540,551
1883,21,1326,283,1542,698
1884,1,1665,445,1904,757
1884,0,967,395,1258,776
1884,12,1324,277,1541,552
1884,19,966,395,1261,1003
1885,1,1666,445,1904,757
1885,12,1323,277,1542,552
1885,19,966,395,1260,1001
1885,0,966,395,1255,776
1886,1,1666,446,1904,758
1886,19,965,395,1259,1004
1886,0,966,395,1252,776
1886,12,1318,278,1541,553
1887,1,1666,446,1904,758
1887,0,966,396,1249,776
1887,19,965,395,1255,1003
1887,12,1316,278,1541,552
1888,12,1316,278,1541,552
1888,1,1666,446,1904,758
1888,0,966,396,1247,776
1888,19,965,395,1254,1000
1889,1,1667,446,1904,758
1889,12,1316,278,1541,553
1889,19,964,396,1254,999
1889,0,965,397,1246,777
1890,1,1667,446,1905,758
1890,0,963,397,1245,777
1890,12,1315,278,1542,553
1890,19,962,396,1253,1002
1891,0,964,397,1245,776
1891,12,1315,278,1540,553
1891,19,964,397,1252,1009
1891,1,1655,447,1908,757
1892,0,964,398,1245,777
1892,12,1315,278,1541,553
1892,19,964,398,1251,1001
1892,1,1660,447,1907,757
1893,12,1314,278,1541,553
1893,0,964,399,1245,778
1893,19,963,398,1251,1003
1893,1,1658,447,1907,757
1894,19,963,398,1252,1003
1894,1,1658,447,1907,758
1894,0,963,398,1245,778
1894,12,1315,278,1541,553
1895,0,964,399,1245,778
1895,12,1316,278,1541,553
1895,1,1659,447,1908,758
1895,19,963,399,1251,998
1896,1,1659,447,1908,758
1896,12,1317,278,1541,553
1896,19,963,400,1252,998
1896,0,964,400,1246,778
1897,1,1659,447,1907,758
1897,12,1316,278,1540,552
1897,0,964,400,1246,780
1897,19,963,400,1251,1001
1898,0,964,400,1246,780
1898,19,963,400,1251,1000
1898,12,1317,278,1540,552
1898,1,1660,447,1907,758
1899,1,1659,447,1908,759
1899,12,1318,278,1540,552
1899,0,964,401,1247,779
1899,19,963,402,1253,1000
1900,12,1318,279,1540,552
1900,19,963,402,1253,1000
1900,0,963,402,1247,779
1900,1,1661,447,1908,759
1901,12,1318,279,1540,552
1901,0,963,402,1247,780
1901,19,963,403,1253,998
1901,1,1658,447,1908,759
1902,1,1658,447,1908,759
1902,0,963,403,1248,780
1902,19,963,403,1254,999
1902,12,1317,279,1541,552
1903,1,1657,447,1908,759
1903,19,963,404,1254,999
1903,12,1319,278,1541,551
1903,0,963,404,1248,782
1904,0,963,404,1248,782
1904,12,1318,278,1540,552
1904,1,1658,447,1908,759
1904,19,962,405,1253,998
1905,19,962,405,1253,999
1905,12,1318,278,1540,552
1905,0,962,404,1248,783
1905,1,1663,447,1907,759
1906,12,1317,278,1541,552
1906,1,1664,446,1907,759
1906,19,961,406,1254,1000
1906,0,962,405,1249,783
1907,19,961,407,1254,999
1907,12,1317,278,1541,552
1907,0,962,406,1249,784
1907,1,1662,446,1908,759
1908,0,962,407,1249,784
1908,19,961,408,1254,998
1908,12,1316,278,1541,552
1908,1,1665,446,1908,759
1909,1,1665,446,1908,759
1909,19,962,408,1255,998
1909,0,962,407,1250,784
1909,12,1315,278,1540,552
1910,1,1665,446,1908,759
1910,19,962,409,1256,998
1910,12,1316,278,1541,552
1910,0,962,407,1251,785
1911,1,1665,446,1908,759
1911,19,962,409,1255,997
1911,0,962,408,1251,784
1911,12,1316,278,1541,552
1912,0,963,408,1250,785
1912,19,962,409,1255,999
1912,12,1314,278,1540,552
1912,1,1666,446,1907,758
1913,19,962,409,1255,999
1913,1,1666,446,1907,758
1913,0,962,409,1250,784
1913,12,1316,278,1540,552
1914,1,1666,446,1907,758
1914,19,962,410,1255,999
1914,12,1316,278,1540,552
1914,0,962,410,1250,783
1915,1,1666,446,1907,758
1915,19,961,411,1255,999
1915,0,962,411,1250,783
1915,12,1318,278,1541,552
1916,19,961,411,1254,999
1916,0,962,411,1250,783
1916,1,1667,446,1907,758
1916,12,1316,278,1540,552
1917,1,1667,446,1907,758
1917,12,1316,278,1540,552
1917,19,961,411,1254,999
1917,0,962,411,1249,784
1918,19,961,411,1254,998
1918,12,1316,278,1540,552
1918,0,962,411,1249,785
1918,1,1668,446,1907,759
1919,19,960,411,1254,998
1919,0,961,411,1249,785
1919,12,1315,278,1540,552
1919,1,1669,446,1904,760
1920,19,960,410,1254,998
1920,0,961,410,1249,786
1920,1,1669,446,1903,760
1920,12,1314,278,1540,552
1921,1,1669,446,1903,759
1921,0,961,411,1249,784
1921,19,960,411,1255,997
1921,12,1315,278,1539,552
1922,0,961,411,1249,784
1922,19,960,411,1255,996
1922,1,1668,446,1904,759
1922,12,1314,279,1539,552
1923,0,961,411,1249,784
1923,19,960,411,1255,997
1923,1,1667,446,1904,760
1923,12,1314,279,1539,553
1924,1,1668,446,1904,760
1924,19,961,411,1254,997
1924,0,961,411,1248,784
1924,12,1314,279,1539,552
1925,1,1668,446,1904,760
1925,19,960,411,1254,996
1925,0,961,411,1249,784
1925,12,1314,278,1539,553
1926,1,1668,446,1904,760
1926,0,962,411,1249,784
1926,12,1314,278,1539,553
1926,19,961,411,1254,997
1927,12,1314,278,1539,553
1927,1,1668,446,1904,760
1927,19,961,411,1255,997
1927,0,961,411,1249,783
1928,19,960,411,1255,997
1928,12,1314,278,1539,553
1928,0,961,411,1249,784
1928,1,1668,446,1904,759
1929,0,961,411,1249,784
1929,19,960,411,1254,997
1929,12,1314,278,1539,553
1929,1,1669,446,1903,759
1930,1,1669,446,1904,758
1930,0,961,411,1249,784
1930,19,960,411,1255,997
1930,12,1314,278,1539,552
1931,0,961,411,1249,784
1931,19,960,411,1255,997
1931,12,1314,278,1539,553
1931,1,1668,446,1904,759
1932,0,961,411,1249,784
1932,19,960,411,1255,997
1932,12,1314,278,1539,552
1932,1,1669,446,1903,759
1933,0,961,412,1249,784
1933,1,1669,446,1903,759
1933,19,960,412,1254,996
1933,12,1314,278,1539,553
1934,1,1669,446,1904,760
1934,0,961,412,1250,784
1934,19,960,412,1256,996
1934,12,1314,279,1540,554
1935,1,1669,446,1904,760
1935,0,961,411,1250,784
1935,19,960,411,1256,996
1935,12,1314,278,1540,554
1936,19,961,411,1256,996
1936,0,962,411,1250,784
1936,1,1669,446,1904,759
1936,12,1314,279,1540,553
1937,19,960,411,1256,996
1937,0,961,411,1250,784
1937,1,1669,446,1904,759
1937,12,1314,279,1540,554
1938,19,960,412,1256,996
1938,0,961,411,1250,785
1938,1,1668,446,1903,759
1938,12,1315,279,1541,554
1939,19,960,411,1256,996
1939,12,1314,279,1541,554
1939,0,961,411,1249,785
1939,1,1667,446,1903,759
1940,19,961,411,1256,996
1940,0,961,411,1249,786
1940,12,1315,279,1541,554
1940,1,1665,446,1903,760
1941,0,961,411,1249,786
1941,19,961,411,1257,997
1941,12,1314,279,1541,554
1941,1,1664,447,1906,759
1942,0,961,411,1249,786
1942,1,1664,447,1906,759
1942,12,1314,279,1541,555
1942,19,960,411,1256,997
1943,19,960,411,1256,997
1943,0,961,411,1249,786
1943,12,1313,279,1541,555
1943,1,1665,447,1903,759
1944,19,960,410,1256,998
1944,0,961,410,1249,786
1944,12,1312,279,1541,555
1944,1,1665,447,1904,758
1945,1,1665,447,1903,758
1945,0,960,410,1249,787
1945,19,959,410,1257,997
1945,12,1312,279,1540,554
1946,19,958,411,1257,998
1946,12,1311,280,1539,553
1946,1,1664,447,1902,759
1946,0,958,410,1252,786
1947,0,958,410,1252,786
1947,1,1664,447,1902,760
1947,19,958,411,1257,998
1947,12,1312,279,1540,553
1948,12,1312,279,1540,553
1948,19,959,410,1257,999
1948,1,1666,447,1903,760
1948,0,960,410,1248,787
1949,19,959,410,1257,998
1949,1,1666,447,1903,760
1949,12,1312,279,1540,553
1949,0,959,409,1252,786
1950,12,1312,279,1540,554
1950,1,1666,447,1903,760
1950,19,959,411,1257,998
1950,0,960,411,1248,787
1951,0,960,411,1248,786
1951,19,959,410,1256,999
1951,1,1668,447,1903,761
1951,12,1312,280,1542,556
1952,12,1312,280,1542,556
1952,1,1668,447,1903,761
1952,0,960,411,1248,786
1952,19,959,410,1255,1000
1953,19,959,411,1255,998
1953,0,960,411,1247,785
1953,12,1311,279,1542,556
1953,1,1667,447,1902,761
1954,19,959,410,1255,998
1954,0,960,410,1247,785
1954,1,1668,447,1903,761
1954,12,1311,279,1542,555
1955,12,1311,279,1542,555
1955,0,961,410,1247,785
1955,19,959,410,1255,999
1955,1,1668,447,1903,761
1956,0,961,410,1247,784
1956,19,959,410,1255,999
1956,1,1668,447,1903,761
1956,12,1311,279,1542,555
1957,0,960,410,1247,785
1957,19,959,410,1255,1000
1957,1,1669,447,1902,761
1957,12,1311,279,1541,554
1958,19,959,410,1255,1000
1958,0,961,410,1247,784
1958,12,1311,280,1541,554
1958,1,1669,447,1902,760
1959,12,1311,280,1541,554
1959,1,1669,447,1903,760
1959,19,959,410,1254,1000
1959,0,960,410,1248,785
1960,12,1311,279,1541,554
1960,1,1669,447,1903,760
1960,19,958,410,1255,1001
1960,0,960,410,1248,787
1961,12,1311,279,1541,555
1961,1,1669,446,1903,761
1961,0,959,411,1248,787
1961,19,959,411,1255,999
1962,19,959,411,1255,999
1962,1,1669,446,1903,761
1962,12,1311,279,1541,555
1962,0,959,411,1248,788
1963,12,1311,279,1541,555
1963,19,959,410,1256,1000
1963,0,959,410,1247,788
1963,1,1668,446,1903,761
1964,19,959,410,1256,999
1964,0,959,410,1248,788
1964,1,1669,446,1903,761
1964,12,1312,279,1542,556
1965,1,1669,446,1902,761
1965,12,1311,279,1541,555
1965,19,959,410,1257,999
1965,0,959,409,1252,784
1966,19,959,410,1255,998
1966,1,1667,447,1902,760
1966,12,1310,280,1541,555
1966,0,959,410,1247,790
1967,1,1667,447,1902,761
1967,12,1310,280,1541,554
1967,19,959,410,1256,998
1967,0,959,410,1247,788
1968,1,1667,447,1902,761
1968,12,1310,280,1541,554
1968,19,958,411,1256,999
1968,0,959,410,1246,787
1969,1,1667,446,1902,761
1969,19,958,410,1256,998
1969,0,958,410,1246,788
1969,12,1310,279,1541,554
1970,19,958,410,1255,998
1970,1,1667,446,1902,760
1970,12,1309,279,1540,553
1970,0,957,409,1250,783
1971,1,1666,446,1902,761
1971,19,957,410,1255,999
1971,12,1309,279,1541,554
1971,0,958,409,1246,786
1972,1,1666,446,1902,761
1972,12,1310,280,1541,554
1972,19,957,410,1256,1000
1972,0,957,408,1250,784
1973,1,1665,446,1902,761
1973,19,957,409,1257,1001
1973,0,957,408,1250,785
1973,12,1310,280,1540,556
1974,19,957,409,1257,1001
1974,1,1664,446,1902,761
1974,12,1309,279,1539,555
1974,0,958,408,1246,786
1975,1,1664,446,1901,760
1975,12,1309,279,1539,554
1975,19,956,408,1257,998
1975,0,956,407,1250,780
1976,1,1665,446,1901,760
1976,12,1309,279,1539,554
1976,19,955,408,1257,998
1976,0,955,407,1251,779
1977,12,1309,279,1539,555
1977,0,954,407,1250,780
1977,1,1664,446,1902,761
1977,19,954,408,1256,999
1978,12,1309,279,1540,556
1978,1,1664,446,1903,761
1978,19,952,408,1255,999
1978,0,952,407,1250,778
1979,1,1664,446,1903,761
1979,19,950,408,1255,999
1979,12,1310,279,1538,556
1979,0,950,408,1246,779
1980,1,1663,446,1903,762
1980,12,1310,279,1538,558
1980,0,948,408,1246,780
1980,19,948,408,1253,1000
1981,1,1663,446,1902,763
1981,19,945,409,1254,998
1981,12,1309,279,1537,554
1981,0,944,408,1249,780
1982,1,1663,446,1902,763
1982,12,1309,279,1537,555
1982,19,944,409,1255,998
1982,0,943,408,1249,782
1983,19,944,409,1255,999
1983,0,943,408,1249,781
1983,1,1664,446,1902,762
1983,12,1309,279,1538,557
1984,1,1664,446,1902,762
1984,12,1309,280,1538,558
1984,0,943,408,1249,782
1984,19,943,409,1255,999
1985,19,944,410,1255,999
1985,1,1664,447,1903,761
1985,0,943,409,1250,781
1985,12,1310,280,1536,555
1986,1,1663,447,1903,761
1986,19,944,411,1254,1000
1986,12,1309,280,1534,555
1986,0,944,411,1246,782
1987,19,945,412,1254,1000
1987,0,944,412,1247,781
1987,1,1663,446,1902,762
1987,12,1308,280,1534,555
1988,1,1664,446,1902,762
1988,19,945,413,1255,1001
1988,0,945,413,1247,782
1988,12,1308,280,1535,556
1989,1,1664,446,1902,762
1989,0,945,412,1247,783
1989,19,945,412,1253,1004
1989,12,1308,282,1536,560
1990,19,945,412,1253,1003
1990,1,1664,447,1903,761
1990,0,946,413,1247,782
1990,12,1307,283,1539,558
1991,1,1664,447,1902,761
1991,19,945,413,1254,1002
1991,0,945,413,1248,784
1991,12,1306,285,1544,559
1992,1,1664,447,1903,761
1992,0,945,413,1247,784
1992,19,944,412,1252,1004
1992,12,1306,288,1547,558
1993,1,1665,447,1902,761
1993,19,945,413,1254,1001
1993,0,945,412,1250,783
1993,12,1306,289,1552,558
1994,1,1665,446,1902,761
1994,19,946,413,1254,1001
1994,0,946,413,1247,785
1994,12,1305,290,1556,556
1995,0,946,412,1247,785
1995,1,1665,446,1902,761
1995,19,945,412,1253,1003
1995,12,1305,290,1560,554
1996,19,945,412,1253,1004
1996,1,1666,446,1903,762
1996,0,946,412,1248,787
1996,12,1306,290,1560,557
1997,19,945,411,1253,1004
1997,1,1666,446,1903,762
1997,12,1307,290,1561,559
1997,0,945,410,1251,826
1998,1,1667,446,1903,762
1998,19,945,411,1253,1003
1998,12,1307,291,1561,559
1998,0,945,410,1251,829
1999,19,945,410,1254,1003
1999,1,1667,446,1903,762
1999,12,1307,292,1559,559
1999,0,946,410,1248,787
2000,0,946,410,1249,788
2000,1,1667,446,1903,762
2000,19,944,410,1254,1002
2000,12,1308,291,1558,558
2001,0,946,410,1249,788
2001,19,945,410,1254,1002
2001,1,1666,446,1903,761
2001,12,1309,292,1558,559
2002,0,946,410,1249,787
2002,19,945,410,1254,1001
2002,1,1666,446,1904,761
2002,12,1308,292,1561,560
2003,0,946,410,1249,787
2003,19,945,410,1254,1000
2003,1,1667,446,1904,761
2003,12,1305,293,1561,560
2004,19,945,410,1254,1001
2004,0,946,410,1249,788
2004,1,1667,446,1904,761
2004,12,1307,293,1560,560
2005,19,945,411,1254,1002
2005,1,1668,446,1904,762
2005,0,946,410,1249,789
2005,12,1304,295,1564,558
2006,1,1667,446,1904,762
2006,0,946,410,1249,789
2006,19,945,411,1253,1002
2006,12,1303,295,1566,556
2007,1,1667,446,1904,762
2007,0,946,410,1249,788
2007,19,945,411,1254,1003
2007,12,1304,296,1568,557
2008,19,945,411,1254,1003
2008,1,1667,446,1903,762
2008,0,946,410,1248,789
2008,12,1306,297,1568,553
2009,0,946,410,1248,789
2009,1,1667,447,1904,762
2009,19,945,411,1252,1006
2009,12,1310,297,1568,556
2010,1,1666,447,1904,762
2010,19,945,410,1253,1007
2010,12,1312,297,1569,553
2011,0,947,410,1248,789
2011,19,946,411,1253,1006
2011,1,1667,446,1904,761
2011,12,1317,297,1569,547
2011,22,1318,297,1571,691
2012,0,947,410,1248,789
2012,1,1668,446,1903,760
2012,19,946,410,1254,1000
2012,12,1321,297,1571,545
2012,22,1322,298,1573,651
2013,19,946,410,1254,1000
2013,1,1668,446,1903,760
2013,0,947,410,1248,788
2013,12,1326,298,1571,549
2014,0,947,410,1248,788
2014,19,945,410,1254,1001
2014,1,1668,446,1903,760
2014,12,1328,298,1572,555
2014,22,1326,298,1574,704
2015,19,945,410,1254,1001
2015,1,1668,446,1903,760
2015,22,1326,299,1574,703
2015,0,947,409,1248,789
2015,12,1328,299,1571,562
2016,19,945,410,1254,1001
2016,1,1668,446,1903,761
2016,0,947,410,1248,790
2016,22,1334,299,1574,704
2016,12,1336,300,1572,570
2017,19,945,410,1254,1001
2017,0,947,410,1248,790
2017,1,1668,446,1903,762
2017,12,1340,300,1570,571
2017,22,1338,300,1571,704
2018,0,947,410,1248,789
2018,19,946,410,1255,1000
2018,1,1668,446,1902,761
2018,12,1338,302,1569,571
2018,22,1334,301,1571,703
2019,19,946,410,1255,1001
2019,0,947,410,1248,787
2019,1,1668,446,1902,761
2019,12,1340,302,1570,574
2019,22,1338,302,1570,700
2020,19,946,410,1256,1001
2020,1,1667,446,1902,761
2020,0,947,410,1248,785
2020,22,1338,302,1574,701
2020,12,1339,303,1573,571
2021,19,946,410,1256,1000
2021,1,1668,446,1902,761
2021,0,947,410,1248,783
2021,12,1339,304,1575,575
2022,19,946,410,1255,1000
2022,1,1668,446,1902,760
2022,0,947,410,1247,780
2022,22,1335,304,1575,701
2022,12,1336,305,1574,574
2023,19,945,410,1255,1000
2023,1,1667,446,1902,760
2023,0,947,410,1247,779
2023,22,1333,305,1575,703
2023,12,1335,305,1574,572
2024,0,947,410,1247,779
2024,19,946,410,1255,1000
2024,1,1668,446,1902,760
2024,22,1331,305,1571,704
2024,12,1332,305,1568,566
2025,0,947,410,1247,779
2025,19,946,410,1254,1001
2025,22,1330,305,1571,704
2025,1,1667,446,1902,760
2025,12,1332,305,1571,565
2026,19,946,410,1254,1001
2026,22,1330,305,1571,704
2026,0,947,411,1247,778
2026,1,1666,446,1902,760
2026,12,1333,306,1570,572
2027,19,946,410,1254,1002
2027,1,1665,446,1902,760
2027,22,1330,306,1573,704
2027,12,1333,307,1571,572
2027,0,947,410,1247,782
2028,19,946,410,1254,1002
2028,1,1665,446,1902,761
2028,22,1331,306,1572,705
2028,0,947,410,1247,784
2028,12,1334,307,1571,573
2029,19,946,410,1254,1002
2029,1,1666,446,1902,761
2029,0,947,410,1248,785
2029,22,1332,306,1573,706
2029,12,1335,308,1571,575
2030,0,947,410,1248,785
2030,19,946,410,1255,1002
2030,22,1332,306,1572,704
2030,1,1664,447,1902,761
2030,12,1334,308,1571,576
2031,19,946,409,1256,1002
2031,1,1665,446,1902,761
2031,0,947,410,1248,787
2031,22,1332,306,1572,703
2031,12,1333,307,1570,574
2032,0,947,410,1248,787
2032,19,946,409,1256,1002
2032,1,1665,446,1902,761
2032,12,1335,307,1572,574
2033,0,948,409,1248,787
2033,1,1664,446,1903,760
2033,19,947,409,1256,1001
2033,12,1334,307,1571,573
2034,19,947,409,1256,1002
2034,1,1664,446,1902,760
2034,0,948,409,1248,788
2034,12,1333,307,1570,571
2035,1,1665,447,1902,760
2035,0,949,409,1248,788
2035,19,948,410,1258,1001
2035,12,1333,307,1569,563
2036,1,1664,447,1902,760
2036,0,949,409,1248,789
2036,12,1334,307,1570,563
2036,19,949,410,1256,1000
2037,1,1665,447,1902,760
2037,0,949,409,1249,790
2037,19,947,409,1256,1002
2037,22,1333,306,1572,705
2037,12,1334,306,1571,565
2038,1,1664,447,1902,760
2038,19,947,408,1256,1002
2038,0,949,408,1249,790
2038,22,1332,306,1570,705
2038,12,1333,306,1570,563
2039,1,1665,447,1902,760
2039,19,948,408,1257,1002
2039,0,950,407,1249,791
2039,22,1333,306,1568,707
2039,12,1333,306,1569,553
2040,19,949,408,1257,1002
2040,1,1665,447,1902,761
2040,0,950,407,1250,793
2040,22,1334,306,1570,710
2040,12,1336,307,1570,557
2041,1,1666,447,1902,760
2041,0,954,407,1249,792
2041,22,1332,307,1571,707
2041,19,952,407,1259,1004
2041,12,1333,307,1571,555
2042,22,1332,307,1571,706
2042,1,1667,447,1902,760
2042,19,954,407,1258,1003
2042,0,956,407,1250,793
2042,12,1333,307,1570,551
2043,1,1668,447,1902,760
2043,22,1332,307,1571,706
2043,12,1334,307,1571,553
2043,19,958,407,1258,1003
2043,0,959,407,1250,794
2044,1,1668,447,1902,759
2044,12,1334,307,1570,553
2044,19,960,407,1259,1004
2044,0,963,406,1250,796
2045,1,1668,447,1902,759
2045,0,963,406,1250,796
2045,19,960,406,1259,1003
2045,12,1335,306,1571,552
2046,1,1668,447,1902,759
2046,12,1335,305,1571,552
2046,0,962,405,1249,797
2046,19,962,406,1259,1003
2047,1,1668,447,1902,759
2047,19,962,406,1259,1004
2047,0,962,405,1249,795
2047,12,1335,305,1569,554
2048,1,1668,447,1902,760
2048,12,1336,305,1568,554
2048,0,961,405,1248,794
2048,19,961,406,1257,1003
2049,0,961,406,1248,794
2049,12,1336,305,1569,554
2049,1,1669,447,1902,759
2049,19,959,406,1259,1003
2050,19,959,406,1260,1002
2050,12,1334,305,1569,554
2050,1,1668,447,1902,760
2050,22,1333,304,1570,707
2050,0,958,405,1251,792
2051,19,961,406,1260,1001
2051,22,1331,304,1569,706
2051,12,1332,305,1569,555
2051,1,1666,447,1903,761
2051,0,961,404,1249,793
2052,0,961,404,1249,793
2052,1,1666,447,1903,762
2052,19,961,406,1261,1001
2052,22,1331,304,1569,706
2052,12,1333,304,1568,555
2053,0,962,404,1249,793
2053,19,961,406,1260,1000
2053,12,1334,304,1570,556
2053,1,1664,448,1905,760
2053,22,1331,303,1572,668
2054,0,962,405,1249,793
2054,19,961,406,1259,1002
2054,12,1335,304,1571,557
2054,1,1664,447,1903,760
2054,22,1332,304,1571,706
2055,0,962,405,1249,793
2055,12,1335,303,1571,556
2055,19,961,406,1259,1000
2055,1,1659,448,1905,760
2055,22,1332,303,1573,685
2056,19,961,406,1259,1001
2056,1,1659,447,1905,760
2056,0,962,404,1249,793
2056,12,1334,303,1571,557
2056,22,1332,303,1571,706
2057,19,961,406,1259,1001
2057,12,1334,303,1570,557
2057,0,963,404,1249,793
2057,1,1657,447,1905,758
2058,12,1335,303,1571,557
2058,19,961,406,1258,1000
2058,1,1655,447,1905,758
2058,0,961,405,1252,790
2059,12,1336,303,1571,557
2059,22,1333,303,1571,707
2059,0,960,405,1254,790
2059,19,960,406,1259,1001
2059,1,1652,447,1905,758
2060,19,960,406,1259,1001
2060,12,1335,303,1571,557
2060,0,960,405,1253,791
2060,1,1655,447,1905,758
2061,12,1335,303,1572,557
2061,0,960,406,1253,790
2061,22,1332,303,1572,707
2061,19,960,407,1258,1000
2061,1,1656,447,1905,757
2062,0,960,406,1254,791
2062,19,960,407,1260,1000
2062,12,1336,303,1571,557
2062,1,1644,447,1906,758
2063,12,1336,303,1571,557
2063,0,960,406,1254,792
2063,19,960,407,1259,999
2063,1,1647,447,1905,759
2064,0,960,406,1254,792
2064,19,960,407,1259,1000
2064,1,1647,447,1905,759
2064,12,1337,303,1571,557
2065,19,960,407,1259,1000
2065,12,1336,303,1570,557
2065,1,1645,447,1905,762
2065,0,961,406,1251,795
2066,0,961,406,1251,795
2066,12,1337,303,1570,556
2066,19,960,408,1260,999
2066,1,1646,447,1905,762
2066,22,1334,303,1570,706
2067,12,1337,303,1570,556
2067,1,1646,447,1905,763
2067,0,962,407,1251,795
2067,19,961,408,1262,1000
2067,22,1334,302,1572,663
2068,0,962,407,1251,795
2068,1,1647,448,1905,762
2068,19,961,409,1262,1000
2068,12,1336,303,1571,557
2069,19,961,408,1261,1000
2069,0,963,407,1251,796
2069,1,1646,447,1905,762
2069,12,1336,303,1571,558
2070,0,962,407,1251,796
2070,19,961,408,1260,1001
2070,12,1335,302,1570,558
2070,1,1657,447,1905,760
2071,0,961,406,1251,796
2071,19,960,408,1259,1001
2071,12,1336,302,1571,556
2071,1,1666,447,1902,755
2071,22,1334,301,1571,706
2072,12,1337,302,1571,556
2072,0,962,407,1251,795
2072,1,1665,447,1902,755
2072,19,961,408,1259,1001
2072,22,1335,301,1571,706
2073,0,962,406,1251,796
2073,19,960,408,1260,1001
2073,12,1336,301,1571,556
2073,1,1665,447,1902,755
2074,19,960,408,1260,1002
2074,0,961,406,1251,796
2074,22,1334,301,1570,707
2074,12,1336,301,1570,556
2074,1,1666,447,1902,755
2075,0,961,408,1250,796
2075,19,960,408,1259,1001
2075,22,1332,302,1569,707
2075,1,1664,447,1902,757
2075,12,1333,302,1568,555
2076,19,959,408,1260,1001
2076,22,1333,301,1569,706
2076,12,1334,302,1569,555
2076,0,960,407,1250,797
2076,1,1663,447,1903,759
2077,19,959,407,1260,1001
2077,12,1334,301,1569,555
2077,0,961,407,1250,798
2077,1,1666,447,1903,761
2078,0,961,407,1250,798
2078,1,1666,447,1902,761
2078,19,959,407,1258,1001
2078,12,1333,301,1568,556
2079,19,958,407,1257,1001
2079,12,1333,301,1568,555
2079,0,959,407,1253,796
2079,1,1662,448,1905,764
2079,22,1332,301,1570,674
2080,12,1333,301,1569,556
2080,19,958,406,1258,1000
2080,1,1660,448,1905,764
2080,0,960,406,1249,798
2081,12,1333,301,1568,555
2081,19,958,405,1257,1000
2081,1,1657,447,1904,764
2081,0,959,405,1253,794
2082,12,1333,301,1568,555
2082,19,958,405,1256,1000
2082,0,958,405,1252,796
2082,1,1644,447,1904,764
2083,19,958,405,1256,1000
2083,12,1332,301,1568,555
2083,0,958,404,1252,797
2083,1,1644,446,1904,765
2084,12,1333,301,1568,555
2084,19,958,404,1257,999
2084,0,958,404,1251,796
2084,1,1650,446,1902,761
2084,22,1333,301,1569,706
2085,0,958,403,1252,796
2085,12,1332,302,1568,555
2085,19,958,403,1256,1000
2085,1,1649,446,1902,760
2085,22,1332,301,1570,675
2086,12,1333,302,1568,555
2086,0,958,403,1252,796
2086,19,958,402,1256,1002
2086,1,1661,446,1902,759
2086,22,1332,302,1569,706
2087,0,957,402,1252,796
2087,19,957,401,1257,1001
2087,1,1660,446,1902,758
2087,12,1332,302,1568,555
2087,22,1332,302,1568,706
2088,0,958,401,1252,796
2088,19,957,401,1257,1002
2088,1,1661,447,1902,757
2088,12,1333,303,1567,556
2088,22,1332,304,1566,704
2089,0,958,401,1252,797
2089,19,957,400,1256,1004
2089,1,1662,447,1902,757
2089,22,1333,304,1566,704
2089,12,1333,302,1567,555
2090,19,957,399,1256,1004
2090,0,957,400,1252,797
2090,12,1334,302,1567,555
2090,22,1333,304,1567,704
2090,1,1660,447,1902,758
2091,12,1333,302,1568,556
2091,0,957,400,1252,797
2091,19,956,399,1257,1004
2091,1,1659,446,1902,761
2092,12,1333,302,1568,555
2092,19,956,399,1257,1004
2092,0,956,400,1252,797
2092,1,1657,446,1902,761
2092,22,1332,302,1568,705
2093,0,957,400,1252,797
2093,12,1333,302,1569,555
2093,19,957,400,1257,1002
2093,1,1659,446,1901,760
2094,0,957,400,1251,796
2094,12,1332,302,1569,556
2094,19,956,399,1257,1001
2094,1,1655,446,1900,761
2095,12,1332,302,1568,556
2095,0,956,399,1252,796
2095,19,955,399,1257,1001
2095,1,1659,446,1900,760
2096,19,955,399,1257,1001
2096,1,1660,446,1900,760
2096,0,956,399,1251,796
2096,12,1332,302,1567,556
2097,22,1332,302,1568,704
2097,0,957,399,1251,797
2097,1,1659,445,1900,760
2097,19,956,399,1257,1000
2097,12,1334,302,1568,556
2098,19,957,399,1257,1000
2098,0,957,399,1251,796
2098,12,1334,303,1568,556
2098,22,1332,302,1569,705
2098,1,1649,445,1900,755
2099,19,956,399,1256,1000
2099,0,957,399,1251,795
2099,12,1333,302,1568,556
2099,22,1331,302,1569,706
2099,1,1655,445,1900,754
2100,0,957,399,1251,795
2100,19,957,399,1255,1000
2100,12,1333,302,1568,555
2100,22,1331,302,1568,707
2100,1,1658,445,1900,752
2101,19,957,399,1256,1000
2101,12,1333,302,1568,556
2101,0,957,399,1251,793
2101,1,1662,444,1900,753
2102,1,1662,444,1900,754
2102,0,957,399,1251,792
2102,12,1334,302,1568,556
2102,19,957,399,1255,1002
2103,12,1334,302,1568,556
2103,19,957,399,1256,1002
2103,0,957,400,1251,793
2103,1,1663,445,1900,754
2104,12,1334,302,1568,556
2104,19,956,399,1256,1002
2104,1,1664,445,1900,755
2104,0,957,399,1251,791
2105,12,1334,302,1568,556
2105,0,957,399,1252,791
2105,19,956,399,1256,1003
2105,1,1665,445,1901,756
2106,12,1333,302,1568,556
2106,19,956,399,1256,1002
2106,0,956,399,1251,791
2106,1,1662,445,1901,756
2107,19,956,400,1255,1003
2107,12,1334,302,1567,556
2107,0,956,400,1250,791
2107,1,1661,446,1901,760
2108,19,956,400,1255,1003
2108,12,1334,302,1567,556
2108,0,957,401,1249,791
2108,1,1658,446,1901,761
2109,0,957,401,1249,792
2109,19,957,401,1255,1002
2109,12,1334,303,1565,556
2109,1,1654,446,1901,761
2110,12,1334,303,1566,557
2110,0,956,401,1248,792
2110,19,956,401,1254,1003
2110,1,1656,445,1900,761
2111,19,956,400,1254,1002
2111,12,1334,303,1565,556
2111,0,956,401,1247,791
2111,1,1646,445,1903,762
2112,0,955,400,1247,790
2112,1,1646,445,1902,761
2112,12,1334,303,1565,557
2112,19,955,400,1252,1003
2113,12,1333,303,1566,558
2113,19,954,400,1254,1006
2113,0,956,399,1244,792
2113,1,1661,445,1901,756
2114,0,956,400,1243,792
2114,12,1334,303,1565,558
2114,1,1660,445,1901,754
2114,19,954,401,1252,1007
2114,22,1333,303,1565,707
2115,22,1332,303,1565,707
2115,12,1335,304,1565,557
2115,19,954,403,1252,1005
2115,0,956,402,1242,792
2115,1,1643,444,1900,755
2116,0,955,402,1242,792
2116,22,1332,303,1566,707
2116,12,1334,303,1565,558
2116,19,953,403,1253,1011
2116,1,1649,445,1901,753
2117,12,1334,303,1565,559
2117,0,955,402,1244,791
2117,19,953,403,1254,1008
2117,1,1662,445,1902,755
2118,0,955,402,1244,791
2118,12,1334,304,1565,559
2118,19,953,402,1254,1006
2118,1,1659,445,1902,756
2119,19,952,403,1254,1006
2119,12,1333,303,1566,558
2119,0,955,402,1243,792
2119,1,1655,445,1902,761
2120,19,953,402,1253,1008
2120,0,954,402,1242,792
2120,12,1333,304,1566,557
2120,1,1659,445,1902,760
2121,0,954,402,1242,792
2121,19,952,403,1253,1005
2121,12,1332,304,1566,558
2121,1,1650,445,1904,761
2122,19,952,404,1254,1004
2122,0,954,403,1241,794
2122,22,1331,304,1568,707
2122,12,1333,304,1567,556
2122,1,1653,445,1904,762
2123,0,953,404,1240,794
2123,19,951,404,1253,1006
2123,12,1332,304,1567,555
2123,1,1649,445,1905,761
2123,22,1329,304,1568,685
2124,0,953,404,1240,794
2124,12,1332,304,1567,556
2124,19,951,404,1249,1007
2124,1,1655,445,1903,761
2124,22,1330,304,1568,671
2125,19,951,405,1249,1007
2125,0,953,404,1240,793
2125,12,1331,305,1568,557
2125,1,1663,445,1902,757
2125,22,1330,304,1569,709
2126,19,952,405,1249,1007
2126,0,953,404,1240,794
2126,12,1331,305,1568,557
2126,22,1330,304,1569,708
2126,1,1666,445,1902,756
2127,0,953,404,1240,794
2127,12,1332,305,1568,558
2127,19,952,404,1251,1006
2127,22,1332,305,1568,712
2127,1,1668,445,1902,752
2128,0,953,403,1240,793
2128,12,1333,305,1568,558
2128,19,951,404,1252,1008
2128,1,1669,445,1903,753
2128,22,1333,304,1570,688
2129,0,953,403,1240,794
2129,1,1669,445,1903,752
2129,12,1333,305,1567,558
2129,19,951,403,1250,1008
2129,22,1333,304,1569,699
2130,19,951,403,1250,1008
2130,0,951,402,1242,792
2130,1,1666,445,1902,753
2130,22,1332,304,1570,659
2131,19,950,403,1250,1007
2131,0,950,402,1241,791
2131,1,1665,445,1903,758
2131,12,1332,305,1570,562
2131,22,1330,303,1571,707
2132,12,1334,305,1570,562
2132,19,950,402,1252,1010
2132,0,951,402,1242,788
2132,1,1650,445,1906,760
2133,12,1334,304,1570,562
2133,0,951,402,1243,788
2133,19,950,402,1254,1009
2133,1,1641,445,1905,764
2134,12,1334,304,1570,562
2134,1,1641,445,1905,763
2134,0,951,402,1245,788
2134,19,951,402,1264,1008
2135,12,1333,304,1569,561
2135,1,1641,445,1905,766
2135,0,951,401,1248,789
2135,19,951,402,1258,1010
2136,12,1333,305,1568,561
2136,19,951,402,1261,1007
2136,1,1641,445,1905,762
2136,0,951,402,1252,786
2137,12,1334,305,1569,561
2137,19,951,402,1263,1006
2137,0,951,401,1254,788
2137,1,1639,444,1903,758
2138,1,1639,445,1904,758
2138,12,1334,305,1568,561
2138,19,951,402,1265,1006
2138,0,952,402,1255,784
2139,12,1333,305,1569,560
2139,0,952,401,1256,787
2139,19,952,402,1262,1006
2139,1,1642,445,1907,759
2140,19,952,403,1262,1006
2140,1,1641,445,1907,759
2140,12,1334,305,1570,560
2140,0,952,402,1256,779
2141,19,952,402,1263,1005
2141,0,952,402,1256,781
2141,1,1640,445,1907,761
2141,12,1333,305,1568,560
2142,19,952,403,1263,1006
2142,12,1333,305,1569,560
2142,1,1640,445,1907,763
2142,0,953,403,1257,784
2143,1,1639,445,1908,765
2143,12,1333,305,1572,560
2143,19,953,403,1265,1004
2143,0,953,402,1258,779
2144,19,953,403,1265,1004
2144,12,1333,305,1571,560
2144,1,1638,444,1907,765
2144,0,954,403,1258,782
2145,0,954,403,1259,782
2145,19,953,403,1265,1004
2145,1,1638,443,1907,765
2145,12,1334,305,1571,561
2146,1,1637,443,1907,766
2146,0,954,403,1260,785
2146,19,954,403,1267,1002
2146,12,1334,305,1574,561
2147,0,955,403,1259,785
2147,12,1335,305,1573,561
2147,19,955,403,1266,1001
2147,1,1638,443,1907,768
2148,0,955,403,1259,783
2148,12,1334,305,1572,561
2148,19,954,403,1264,1004
2148,1,1637,443,1906,767
2149,1,1637,443,1906,768
2149,19,953,403,1264,1004
2149,0,954,403,1259,784
2149,12,1334,305,1570,561
2150,0,954,403,1260,785
2150,12,1334,305,1572,561
2150,1,1637,444,1908,767
2150,19,954,403,1266,1001
2151,0,954,403,1260,785
2151,19,954,403,1266,1002
2151,12,1335,305,1572,561
2151,1,1637,444,1908,766
2152,19,954,403,1267,1001
2152,0,954,403,1260,785
2152,1,1637,444,1909,766
2152,12,1334,305,1570,560
2153,0,954,404,1260,785
2153,12,1334,305,1570,561
2153,19,954,404,1266,1001
2153,1,1637,444,1910,766
2154,0,955,404,1260,785
2154,19,954,404,1267,1000
2154,1,1638,445,1910,768
2154,12,1337,305,1572,560
2155,0,955,404,1260,783
2155,19,954,404,1268,999
2155,12,1337,305,1568,561
2155,1,1637,444,1908,770
2156,19,954,404,1267,999
2156,0,954,404,1260,782
2156,1,1638,444,1908,771
2156,12,1335,304,1570,561
2157,19,954,404,1268,1001
2157,1,1639,444,1909,772
2157,12,1335,305,1573,560
2157,0,954,403,1264,815
2158,0,955,403,1264,815
2158,19,955,405,1269,999
2158,1,1639,444,1909,775
2158,12,1336,307,1571,560
2159,19,955,405,1268,999
2159,1,1639,444,1909,773
2159,0,955,403,1262,816
2159,12,1334,309,1570,560
2160,19,956,405,1267,999
2160,1,1638,445,1910,768
2160,12,1332,313,1569,560
2160,0,956,405,1260,780
2161,0,956,405,1259,781
2161,19,955,405,1264,1001
2161,1,1641,444,1909,767
2161,12,1332,317,1567,560
2162,0,956,404,1259,780
2162,19,955,405,1263,1001
2162,1,1641,444,1911,764
2162,12,1332,321,1572,557
2162,23,1330,321,1573,705
2163,19,956,405,1263,1000
2163,0,956,404,1257,782
2163,1,1641,445,1908,765
2163,23,1330,326,1574,704
2163,12,1332,327,1573,557
2164,19,956,405,1263,1000
2164,0,956,405,1257,784
2164,1,1641,445,1907,763
2164,23,1330,331,1576,705
2164,12,1331,332,1576,559
2165,19,955,405,1263,1001
2165,1,1640,445,1908,765
2165,0,956,405,1256,787
2165,23,1331,338,1575,703
2165,12,1332,338,1575,559
2166,19,955,405,1264,1001
2166,0,956,405,1256,788
2166,1,1640,445,1910,767
2166,12,1332,343,1575,560
2166,23,1332,344,1576,705
2167,19,955,405,1263,1001
2167,0,955,405,1255,786
2167,23,1329,345,1575,706
2167,12,1330,344,1574,560
2167,1,1641,446,1907,771
2168,19,955,406,1262,1001
2168,0,955,405,1254,787
2168,12,1330,345,1573,560
2168,23,1330,346,1574,706
2168,1,1639,446,1907,767
2169,19,956,406,1261,1000
2169,0,956,405,1253,787
2169,1,1640,445,1907,768
2169,23,1328,345,1570,706
2169,12,1330,344,1568,559
2170,0,955,405,1253,788
2170,19,955,406,1261,1002
2170,1,1640,446,1908,770
2170,12,1331,341,1562,561
2170,23,1331,343,1563,708
2171,1,1640,445,1908,771
2171,0,954,406,1252,788
2171,19,954,406,1260,1001
2171,12,1331,334,1557,562
2172,19,954,406,1261,1001
2172,0,954,406,1253,788
2172,1,1638,445,1908,772
2172,12,1332,329,1553,562
2172,23,1330,328,1555,707
2173,19,954,406,1262,1001
2173,0,954,406,1255,787
2173,1,1638,445,1905,769
2173,23,1329,320,1550,706
2173,12,1332,323,1550,560
2174,0,954,406,1256,786
2174,19,954,406,1263,1000
2174,23,1329,319,1549,706
2174,1,1637,445,1905,766
2174,12,1331,318,1548,565
2175,19,954,407,1263,1000
2175,0,954,406,1256,787
2175,1,1638,446,1908,765
2175,23,1327,310,1545,706
2175,12,1328,310,1543,568
2176,0,954,406,1256,787
2176,19,954,406,1264,1001
2176,1,1639,445,1905,762
2176,12,1329,302,1544,576
2177,19,954,407,1262,1001
2177,1,1637,445,1906,762
2177,0,954,406,1255,785
2177,12,1322,297,1539,576
2177,23,1318,298,1540,709
2178,1,1638,446,1906,762
2178,19,953,407,1262,1001
2178,0,953,406,1255,787
2178,23,1315,292,1535,708
2178,12,1318,293,1535,580
2179,19,953,407,1262,1001
2179,0,952,406,1255,788
2179,1,1638,445,1906,764
2179,12,1315,288,1533,581
2179,23,1314,284,1532,710
2180,19,953,407,1262,1002
2180,0,953,406,1255,787
2180,1,1638,446,1906,766
2180,23,1312,280,1530,709
2180,12,1313,283,1531,583
2181,19,953,407,1261,1001
2181,0,953,406,1255,788
2181,1,1638,445,1909,768
2181,12,1309,280,1524,586
2182,19,952,407,1261,1002
2182,0,952,406,1255,786
2182,1,1638,445,1906,768
2182,12,1304,278,1521,585
2183,19,952,407,1261,1001
2183,0,952,406,1255,787
2183,1,1639,445,1906,770
2183,12,1302,278,1516,581
2183,23,1302,277,1515,710
2184,19,952,407,1261,1002
2184,1,1638,445,1906,772
2184,0,953,407,1250,790
2184,12,1299,277,1512,587
2185,19,952,407,1261,1001
2185,1,1638,445,1905,771
2185,0,952,406,1254,788
2185,12,1295,277,1508,586
2186,19,952,407,1261,1002
2186,0,952,406,1254,789
2186,1,1639,445,1906,771
2186,23,1293,275,1501,658
2187,19,952,407,1260,1002
2187,0,952,406,1254,789
2187,1,1640,445,1906,770
2187,12,1289,276,1499,588
2188,19,952,407,1260,1002
2188,0,952,406,1254,790
2188,1,1640,445,1906,765
2188,12,1286,276,1496,596
2189,19,952,408,1260,1001
2189,0,952,407,1254,790
2189,1,1639,444,1906,762
2189,12,1283,277,1491,589
2190,0,952,407,1254,791
2190,19,952,408,1262,1001
2190,1,1639,444,1906,758
2190,23,1280,278,1491,667
2191,1,1636,444,1905,758
2191,19,952,408,1264,1007
2191,0,953,407,1250,792
2191,23,1280,279,1485,630
2192,19,952,408,1264,1005
2192,1,1637,443,1905,759
2192,0,952,407,1254,792
2192,23,1277,280,1490,652
2193,19,952,408,1264,1005
2193,1,1637,443,1905,760
2193,0,952,407,1254,791
2193,12,1275,280,1484,611
2194,0,951,407,1254,792
2194,19,952,408,1265,1004
2194,1,1637,443,1905,765
2194,12,1271,281,1487,588
2195,0,952,408,1254,792
2195,19,952,409,1263,1002
2195,1,1636,442,1905,767
2195,12,1267,283,1482,618
2196,0,952,407,1254,792
2196,1,1636,442,1904,767
2196,19,952,408,1266,1003
2196,12,1264,286,1481,583
2197,19,952,408,1266,1002
2197,0,952,407,1254,791
2197,1,1637,442,1904,768
2197,12,1261,288,1479,581
2198,0,952,407,1253,791
2198,1,1637,442,1904,767
2198,19,952,408,1264,1003
2198,12,1261,291,1476,572
2199,0,952,407,1253,791
2199,1,1637,442,1905,767
2199,19,952,408,1263,1003
2199,12,1256,293,1476,571
2200,0,952,408,1253,791
2200,1,1637,441,1905,763
2200,12,1254,294,1475,578
2201,0,952,407,1253,791
2201,19,952,408,1263,1002
2201,1,1638,441,1905,759
2201,12,1252,296,1477,578
2202,0,952,407,1253,792
2202,19,952,408,1262,1001
2202,1,1639,441,1906,757
2202,12,1247,298,1477,580
2203,0,952,407,1254,792
2203,1,1639,441,1906,758
2203,19,953,408,1266,1001
2203,12,1244,300,1476,580
2204,0,952,407,1253,791
2204,19,952,408,1264,1001
2204,1,1639,442,1905,758
2204,12,1241,302,1478,578
2205,0,952,407,1254,791
2205,19,952,407,1265,999
2205,1,1639,442,1905,761
2205,12,1239,304,1479,578
2206,19,952,407,1265,1000
2206,0,952,407,1254,791
2206,1,1639,441,1906,764
2206,12,1238,305,1480,581
2207,0,952,407,1254,792
2207,19,952,407,1263,1000
2207,1,1640,440,1906,764
2207,12,1238,307,1481,580
2208,0,951,408,1254,792
2208,19,952,408,1264,1000
2208,12,1238,307,1483,580
2208,1,1639,440,1904,765
2209,1,1640,439,1904,765
2209,0,951,408,1254,791
2209,12,1238,308,1483,581
2209,19,951,408,1261,1000
2210,1,1640,439,1905,765
2210,19,952,408,1262,1000
2210,0,951,408,1255,792
2210,12,1238,309,1487,584
2211,19,951,408,1262,1000
2211,0,951,408,1254,792
2211,1,1640,440,1905,761
2211,12,1239,310,1484,584
2212,0,951,408,1254,792
2212,19,951,408,1262,1000
2212,12,1238,311,1484,585
2212,1,1639,440,1905,758
2213,0,951,408,1254,793
2213,1,1639,440,1905,758
2213,12,1237,311,1484,584
2213,19,952,408,1262,1001
2214,0,951,408,1254,793
2214,19,952,408,1263,1001
2214,1,1640,441,1905,756
2214,12,1235,311,1484,584
2215,0,951,408,1253,793
2215,19,952,408,1261,1001
2215,1,1639,442,1905,758
2215,12,1234,311,1484,583
2216,0,951,408,1254,793
2216,19,951,408,1261,1001
2216,1,1640,442,1905,759
2216,12,1233,313,1484,582
2217,19,952,408,1260,1001
2217,0,951,408,1253,794
2217,1,1639,442,1905,763
2217,12,1232,314,1483,584
2218,19,952,408,1260,1001
2218,0,952,408,1253,794
2218,1,1640,442,1905,764
2218,12,1231,314,1482,583
2219,19,952,408,1260,1001
2219,0,952,408,1253,794
2219,12,1231,315,1482,583
2219,1,1640,442,1905,766
2220,1,1640,442,1905,766
2220,0,952,408,1253,793
2220,12,1231,316,1482,582
2220,19,952,408,1263,1002
2221,0,952,408,1253,793
2221,1,1641,442,1905,766
2221,12,1231,317,1482,583
2221,19,953,408,1261,1004
2222,0,952,408,1253,793
2222,12,1231,318,1482,583
2222,1,1641,442,1905,764
2222,19,953,408,1259,1003
2223,0,952,408,1253,793
2223,1,1641,442,1905,761
2223,12,1229,320,1481,584
2224,0,951,408,1253,794
2224,1,1641,442,1906,759
2224,12,1229,321,1482,583
2225,0,952,408,1253,794
2225,1,1641,442,1906,758
2225,12,1229,322,1482,582
2226,0,952,408,1253,793
2226,1,1641,443,1906,757
2226,12,1229,323,1482,582
2227,0,952,407,1253,794
2227,19,953,408,1260,1002
2227,1,1640,443,1906,759
2227,12,1229,322,1483,584
2228,0,952,408,1253,794
2228,19,953,408,1260,1002
2228,12,1229,322,1483,585
2228,1,1640,443,1906,763
2229,0,953,407,1254,794
2229,19,954,408,1260,1001
2229,12,1230,322,1484,584
2229,1,1641,443,1906,766
2230,0,953,407,1253,794
2230,1,1641,443,1906,766
2230,19,954,408,1259,1002
2230,12,1230,322,1485,584
2231,1,1641,443,1905,766
2231,19,955,408,1259,1002
2231,0,954,407,1253,795
2231,12,1230,321,1486,582
2232,19,955,408,1258,1002
2232,0,954,408,1253,795
2232,1,1641,443,1906,765
2232,12,1230,321,1487,582
2233,0,954,408,1253,795
2233,19,955,408,1260,1001
2233,1,1641,443,1906,762
2233,12,1230,321,1488,585
2234,0,954,408,1253,795
2234,19,954,408,1259,1001
2234,1,1641,444,1906,761
2234,12,1230,321,1488,584
2235,0,954,408,1254,794
2235,12,1230,321,1488,584
2235,1,1641,444,1907,761
2236,0,954,408,1253,795
2236,1,1641,445,1907,761
2236,12,1230,321,1489,586
2237,0,954,408,1253,795
2237,12,1230,321,1488,586
2237,19,955,409,1258,1000
2237,1,1641,445,1906,762
2238,0,954,408,1253,795
2238,19,955,409,1259,1000
2238,12,1229,321,1487,586
2238,1,1641,445,1906,765
2239,0,954,408,1253,795
2239,19,955,409,1258,1001
2239,1,1640,445,1906,767
2239,12,1230,321,1488,589
2240,19,955,409,1258,1001
2240,1,1640,445,1906,767
2240,12,1230,321,1488,591
2240,0,955,409,1250,796
2241,0,955,409,1249,795
2241,1,1643,445,1906,767
2241,12,1230,321,1488,594
2241,19,955,409,1261,1002
2242,0,955,409,1249,796
2242,19,955,409,1260,1002
2242,12,1230,321,1487,593
2242,1,1643,445,1906,766
2243,19,955,410,1260,1001
2243,12,1230,321,1487,592
2243,1,1642,445,1906,763
2243,0,954,409,1253,796
2244,0,954,409,1253,795
2244,19,955,410,1259,1001
2244,12,1230,322,1487,593
2244,1,1643,445,1906,761
2245,19,955,410,1259,1002
2245,1,1642,445,1906,760
2245,12,1230,323,1486,594
2245,0,955,410,1249,795
2246,1,1642,445,1906,760
2246,0,956,410,1249,796
2246,19,955,410,1258,1002
2246,12,1230,323,1486,593
2247,19,955,411,1257,1001
2247,0,956,410,1249,795
2247,1,1642,445,1906,762
2247,12,1229,324,1485,591
2248,19,955,411,1257,1001
2248,0,956,410,1249,795
2248,12,1229,325,1485,591
2248,1,1642,445,1906,766
2249,0,956,410,1249,795
2249,19,955,411,1258,1002
2249,12,1230,325,1484,590
2249,1,1642,445,1906,768
2250,19,955,411,1258,1002
2250,0,956,410,1250,795
2250,1,1642,445,1906,769
2250,12,1231,325,1485,589
2251,1,1642,445,1906,769
2251,12,1230,326,1485,592
2251,0,955,411,1254,794
2252,0,956,410,1254,795
2252,12,1230,326,1486,592
2252,1,1642,445,1907,767
2253,0,955,411,1254,795
2253,12,1230,327,1485,592
2253,1,1641,445,1907,765
2254,0,956,411,1254,794
2254,12,1230,328,1486,593
2254,1,1642,445,1907,761
2255,0,956,412,1254,794
2255,1,1642,445,1907,758
2255,12,1231,328,1487,592
2256,1,1642,445,1907,758
2256,0,956,412,1254,794
2256,12,1231,328,1487,594
2257,0,955,412,1254,794
2257,1,1642,445,1907,759
2257,12,1231,328,1488,595
2258,0,956,412,1255,795
2258,1,1642,445,1907,760
2258,12,1230,328,1488,596
2259,0,956,412,1254,795
2259,12,1229,328,1488,595
2259,1,1641,446,1906,763
2260,0,956,412,1254,795
2260,1,1641,446,1906,763
2260,12,1229,328,1487,597
2261,0,956,412,1254,795
2261,12,1230,328,1487,597
2261,1,1642,446,1906,762
2262,0,956,412,1254,795
2262,1,1642,446,1906,760
2262,12,1229,329,1486,598
2263,0,956,412,1253,794
2263,1,1641,445,1906,758
2263,12,1229,329,1484,597
2264,0,955,412,1253,794
2264,12,1229,329,1483,597
2264,1,1641,445,1906,754
2265,0,955,412,1253,795
2265,1,1641,445,1906,753
2265,12,1228,329,1482,595
2266,1,1641,445,1907,752
2266,0,955,412,1253,794
2266,12,1229,329,1481,597
2267,0,955,412,1253,794
2267,12,1228,329,1482,597
2267,1,1641,445,1906,753
2268,0,954,412,1253,794
2268,12,1228,329,1482,597
2268,1,1641,445,1906,757
2269,0,954,412,1253,795
2269,12,1228,329,1482,598
2269,1,1641,445,1906,759
2270,0,955,412,1253,795
2270,12,1229,329,1483,597
2270,1,1641,446,1906,762
2271,1,1641,445,1906,762
2271,12,1229,329,1482,597
2271,0,955,413,1249,794
2271,24,955,413,1261,1000
2272,0,955,412,1249,794
2272,24,955,413,1261,1000
2272,12,1229,329,1482,597
2272,1,1641,445,1906,761
2273,0,955,412,1249,795
2273,24,955,413,1260,1001
2273,1,1641,445,1906,758
2273,12,1229,328,1481,598
2274,0,955,413,1249,795
2274,24,955,413,1261,1001
2274,1,1641,445,1906,754
2274,12,1230,327,1479,598
2275,0,955,412,1249,795
2275,24,954,413,1262,1001
2275,12,1230,327,1480,599
2275,1,1641,445,1906,751
2276,1,1641,445,1906,751
2276,24,954,413,1262,1001
2276,0,955,412,1249,795
2276,12,1230,326,1482,600
2277,0,955,413,1249,795
2277,24,955,413,1261,1001
2277,1,1640,445,1906,751
2277,12,1230,326,1481,600
2278,24,955,413,1261,1001
2278,0,955,412,1248,795
2278,1,1641,445,1906,753
2278,12,1230,325,1482,600
2279,24,955,412,1261,1002
2279,0,955,412,1249,794
2279,1,1641,445,1905,755
2279,12,1229,325,1479,599
2280,0,955,413,1249,794
2280,24,955,413,1260,1001
2280,1,1641,445,1905,758
2280,12,1230,323,1478,600
2281,0,956,413,1248,794
2281,1,1641,445,1905,760
2281,12,1230,321,1480,600
2282,1,1642,445,1905,759
2282,12,1229,321,1480,601
2282,0,955,413,1252,794
2283,1,1642,445,1905,759
2283,24,955,413,1260,1001
2283,12,1229,320,1480,600
2283,0,955,413,1249,794
2284,12,1229,318,1480,600
2284,0,955,413,1253,794
2284,1,1642,445,1906,755
2285,12,1230,318,1481,600
2285,1,1642,445,1906,752
2285,0,956,413,1249,794
2286,24,955,413,1260,1001
2286,0,955,413,1249,794
2286,1,1641,445,1906,752
2286,12,1230,317,1479,601
2287,0,955,413,1248,794
2287,24,955,413,1260,1002
2287,12,1229,318,1480,601
2287,1,1642,445,1906,752
2288,12,1229,317,1480,601
2288,1,1641,446,1906,752
2288,0,955,413,1249,795
2289,12,1230,318,1479,601
2289,1,1641,445,1906,754
2289,0,954,413,1253,794
2290,12,1228,318,1479,601
2290,1,1641,445,1905,756
2290,0,955,413,1248,794
2291,0,955,413,1248,794
2291,12,1228,318,1479,601
2291,1,1642,445,1906,757
2292,1,1643,445,1906,757
2292,12,1229,318,1479,601
2292,0,955,413,1252,794
2293,0,954,413,1252,793
2293,1,1642,445,1906,756
2293,12,1229,318,1480,602
2294,0,955,413,1252,794
2294,12,1229,319,1480,602
2294,1,1643,445,1906,751
2295,0,955,412,1253,794
2295,1,1643,445,1906,752
2295,12,1229,319,1479,603
2296,0,955,412,1253,794
2296,1,1643,445,1906,752
2296,12,1229,320,1479,601
2297,1,1643,446,1906,752
2297,0,954,412,1253,795
2297,12,1229,320,1479,603
2298,0,954,412,1253,795
2298,1,1643,445,1906,753
2298,12,1230,320,1479,601
2299,0,954,413,1253,794
2299,1,1643,445,1906,754
2299,12,1230,320,1480,599
2300,0,954,413,1253,794
2300,12,1231,320,1481,599
2300,1,1643,446,1906,756
2301,0,955,413,1253,794
2301,1,1643,445,1906,757
2301,12,1231,321,1481,597
2302,0,955,413,1253,794
2302,1,1643,445,1906,757
2302,12,1231,322,1481,597
2303,0,955,413,1253,794
2303,1,1644,445,1906,757
2303,12,1231,323,1481,599
2304,0,955,413,1253,794
2304,1,1643,445,1906,756
2304,12,1232,324,1481,599
2305,0,956,413,1253,794
2305,1,1644,446,1906,755
2305,12,1233,325,1482,598
2306,0,956,413,1253,794
2306,12,1233,325,1482,598
2306,1,1644,446,1906,752
2307,0,956,413,1253,794
2307,12,1233,325,1481,598
2307,1,1644,446,1906,748
2308,0,956,413,1253,794
2308,1,1644,446,1906,748
2308,12,1232,325,1482,598
2309,0,956,413,1253,794
2309,12,1232,325,1482,599
2309,1,1643,446,1906,749
2310,0,956,413,1253,794
2310,1,1643,446,1906,748
2310,12,1232,325,1482,599
2311,0,957,413,1254,793
2311,1,1642,445,1906,748
2311,12,1231,325,1483,595
2312,0,957,413,1254,794
2312,12,1230,325,1482,596
2312,1,1642,445,1906,751
2313,0,957,413,1254,794
2313,12,1230,325,1482,596
2313,1,1641,445,1906,756
2314,0,957,413,1254,794
2314,12,1230,325,1482,595
2314,1,1640,445,1906,757
2315,0,957,413,1254,795
2315,1,1639,445,1906,755
2315,12,1231,325,1482,597
2316,0,957,413,1254,795
2316,12,1231,326,1482,597
2316,1,1640,445,1906,756
2317,0,957,413,1254,795
2317,12,1232,326,1482,597
2317,1,1640,445,1906,755
2318,0,957,413,1254,795
2318,12,1231,326,1482,596
2318,1,1640,445,1907,753
2318,25,957,413,1258,1000
2319,0,957,413,1254,794
2319,12,1232,325,1482,595
2319,1,1641,445,1907,749
2320,0,957,413,1254,793
2320,12,1231,325,1482,593
2320,1,1641,445,1908,740
2321,0,957,413,1254,793
2321,1,1641,445,1908,740
2321,12,1231,325,1483,592
2322,0,957,413,1254,793
2322,1,1641,445,1908,741
2322,12,1232,325,1483,594
2323,0,957,413,1254,794
2323,1,1641,445,1908,743
2323,12,1232,324,1483,596
2324,0,957,413,1253,794
2324,12,1232,324,1483,597
2324,1,1641,445,1907,749
2325,0,956,413,1253,794
2325,12,1232,325,1483,598
2325,1,1641,445,1907,752
2326,0,956,413,1254,795
2326,12,1232,324,1483,599
2326,1,1642,445,1907,754
2327,0,956,413,1254,794
2327,12,1232,323,1484,598
2327,1,1641,445,1907,762
2328,0,956,413,1254,794
2328,12,1232,323,1485,598
2328,1,1642,445,1907,763
2329,1,1642,445,1907,762
2329,0,956,413,1254,795
2329,25,957,414,1260,1001
2329,12,1231,322,1487,600
2330,0,956,414,1255,795
2330,12,1231,322,1487,600
2330,1,1641,445,1907,762
2331,0,956,414,1254,795
2331,12,1230,322,1487,599
2331,1,1643,445,1907,760
2332,0,956,414,1254,795
2332,12,1231,322,1486,599
2332,1,1643,445,1907,757
2333,0,956,414,1255,796
2333,12,1229,322,1487,600
2333,1,1642,445,1908,751
2334,0,956,414,1255,797
2334,12,1229,321,1487,599
2334,1,1641,445,1908,746
2335,0,956,414,1256,797
2335,12,1229,321,1488,599
2335,1,1643,446,1907,740
2336,0,956,414,1255,797
2336,12,1229,321,1488,600
2336,1,1642,446,1907,737
2337,1,1642,446,1907,737
2337,0,956,414,1256,796
2337,12,1229,322,1488,601
2338,0,955,414,1256,796
2338,12,1230,322,1489,601
2338,1,1644,446,1907,740
2339,0,955,414,1256,796
2339,12,1230,322,1489,603
2339,1,1644,446,1907,745
2340,0,957,415,1256,795
2340,12,1233,324,1490,602
2340,1,1643,446,1908,751
2341,0,957,415,1257,795
2341,1,1643,446,1908,753
2341,12,1234,324,1491,606
2342,0,957,415,1257,795
2342,12,1234,324,1490,606
2342,1,1643,446,1908,757
2343,12,1234,324,1489,606
2343,0,958,416,1258,796
2343,1,1644,446,1908,762
2344,0,958,415,1258,796
2344,12,1233,324,1489,604
2344,1,1644,447,1909,764
2345,1,1644,447,1909,764
2345,0,957,415,1258,796
2345,12,1233,324,1489,604
2345,25,958,416,1260,1006
2346,25,958,416,1260,1006
2346,0,958,415,1258,796
2346,1,1644,447,1909,764
2346,12,1233,324,1489,603
2347,0,958,416,1258,797
2347,25,959,417,1260,1003
2347,12,1235,324,1489,603
2347,1,1645,447,1910,762
2348,0,958,416,1257,798
2348,1,1645,447,1910,760
2348,12,1232,326,1490,605
2349,0,958,416,1257,798
2349,12,1233,327,1490,604
2349,1,1646,448,1909,756
2350,0,958,416,1257,798
2350,12,1233,328,1489,605
2350,1,1646,448,1909,753
2351,1,1646,448,1909,753
2351,12,1233,328,1489,604
2351,0,958,417,1257,799
2352,0,958,417,1257,799
2352,12,1232,328,1489,604
2352,1,1646,448,1909,753
2353,1,1645,448,1909,753
2353,0,958,417,1257,797
2353,12,1235,327,1489,604
2354,0,958,418,1256,798
2354,1,1645,448,1909,756
2354,12,1232,327,1490,606
2355,12,1232,327,1490,606
2355,0,959,417,1257,797
2355,1,1645,448,1909,758
2356,12,1232,327,1490,606
2356,0,959,418,1256,799
2356,1,1644,448,1909,763
2357,0,959,417,1256,799
2357,12,1232,327,1490,605
2357,1,1645,447,1912,763
2358,1,1645,448,1912,763
2358,0,959,417,1256,798
2358,12,1232,328,1490,607
2359,0,958,417,1256,798
2359,12,1234,327,1491,608
2359,1,1644,449,1910,763
2360,0,959,417,1256,798
2360,12,1234,328,1492,608
2360,1,1644,449,1910,761
2361,0,960,418,1257,799
2361,12,1234,330,1492,607
2361,1,1645,449,1910,756
2362,0,961,418,1257,798
2362,12,1234,331,1492,606
2362,1,1646,450,1910,754
2363,0,960,418,1257,799
2363,1,1647,451,1910,753
2363,12,1234,334,1490,604
2364,0,960,419,1258,799
2364,1,1648,451,1911,752
2364,12,1235,336,1492,604
2365,0,960,419,1258,799
2365,1,1648,451,1910,755
2365,12,1235,339,1491,606
2366,0,960,419,1258,800
2366,1,1648,451,1910,758
2366,12,1234,340,1486,608
2367,0,960,418,1258,798
2367,1,1649,451,1910,761
2367,12,1233,341,1483,609
2368,0,961,419,1258,801
2368,1,1648,451,1911,764
2368,12,1233,344,1482,608
2369,1,1648,451,1912,766
2369,0,962,419,1260,800
2369,12,1233,347,1482,606
2369,26,962,420,1262,1008
2370,26,962,420,1263,1007
2370,0,961,418,1261,800
2370,1,1648,451,1912,767
2370,12,1234,350,1485,606
2371,1,1648,451,1912,767
2371,26,963,421,1264,1006
2371,0,962,420,1262,801
2371,12,1237,352,1483,605
2372,0,963,420,1262,801
2372,26,963,422,1264,1007
2372,1,1650,452,1912,767
2372,12,1237,354,1487,604
2373,0,963,421,1262,801
2373,26,963,422,1264,1008
2373,1,1649,452,1912,765
2373,12,1238,356,1486,600
2374,0,963,421,1262,801
2374,26,963,422,1264,1007
2374,1,1649,452,1912,761
2374,12,1241,357,1491,600
2375,0,963,420,1262,801
2375,26,963,421,1264,1008
2375,1,1649,453,1912,758
2375,12,1243,362,1485,595
2376,0,963,420,1262,801
2376,26,963,421,1265,1008
2376,1,1651,453,1913,757
2376,12,1247,362,1486,586
2377,0,963,421,1262,801
2377,26,964,422,1264,1007
2377,1,1651,453,1913,754
2377,12,1248,361,1483,586
2378,0,963,421,1262,801
2378,1,1650,454,1913,754
2378,12,1247,362,1483,583
2379,0,963,421,1262,801
2379,1,1650,454,1913,754
2379,12,1251,362,1490,578
2380,0,963,421,1262,801
2380,1,1649,454,1913,755
2380,12,1253,362,1488,573
2381,0,963,421,1262,801
2381,1,1649,453,1913,756
2381,12,1257,360,1500,567
2382,26,964,423,1264,1007
2382,0,963,421,1262,800
2382,1,1649,453,1912,757
2382,12,1261,364,1509,574
2383,0,963,421,1261,800
2383,26,964,423,1263,1008
2383,1,1649,453,1911,757
2383,12,1263,367,1512,572
2384,26,964,423,1264,1012
2384,1,1650,452,1910,758
2384,0,964,421,1259,800
2384,12,1264,367,1519,569
2385,0,964,421,1258,801
2385,26,963,422,1266,1013
2385,1,1650,453,1911,761
2385,12,1264,371,1520,569
2386,0,963,421,1258,801
2386,26,963,421,1265,1013
2386,1,1650,453,1911,760
2386,12,1266,369,1521,562
2386,27,1262,368,1521,711
2387,0,963,421,1258,800
2387,26,963,422,1265,1011
2387,1,1650,453,1912,761
2387,27,1263,368,1523,710
2387,12,1266,368,1523,572
2388,0,964,421,1258,801
2388,26,963,422,1265,1010
2388,1,1649,453,1912,760
2388,12,1266,367,1525,572
2388,27,1263,367,1526,700
2389,0,964,421,1258,800
2389,26,963,421,1266,1011
2389,1,1650,453,1912,759
2389,27,1267,366,1527,705
2389,12,1266,366,1527,581
2390,0,963,421,1258,800
2390,26,962,422,1265,1010
2390,1,1650,452,1912,756
2390,12,1268,361,1528,584
2391,0,964,421,1257,800
2391,26,963,422,1264,1012
2391,1,1651,452,1912,754
2391,12,1272,356,1527,584
2391,27,1272,358,1526,697
2392,0,963,421,1257,801
2392,26,962,421,1263,1011
2392,1,1650,452,1912,753
2392,27,1272,350,1527,708
2392,12,1274,349,1525,575
2393,0,963,421,1257,801
2393,1,1650,452,1912,752
2393,26,962,421,1264,1012
2393,27,1275,346,1526,711
2393,12,1278,345,1525,577
2394,0,963,421,1258,800
2394,1,1649,452,1912,751
2394,26,962,421,1266,1013
2394,27,1280,334,1523,712
2394,12,1282,333,1523,567
2395,26,962,421,1266,1013
2395,0,963,421,1257,801
2395,1,1649,453,1912,751
2395,12,1284,327,1520,566
2395,27,1284,327,1521,676
2396,0,963,420,1257,801
2396,26,962,421,1265,1013
2396,1,1650,452,1912,753
2396,12,1289,322,1519,563
2396,27,1288,322,1518,714
2397,26,963,421,1265,1013
2397,0,963,420,1257,802
2397,1,1650,452,1912,754
2397,12,1295,316,1519,559
2397,27,1294,315,1523,712
2398,0,963,419,1258,802
2398,26,962,420,1266,1011
2398,1,1649,452,1911,755
2398,12,1297,309,1518,558
2399,0,963,419,1258,802
2399,1,1650,452,1911,755
2399,26,962,420,1267,1009
2399,12,1299,304,1516,551
2400,0,963,419,1258,802
2400,26,962,419,1266,1011
2400,1,1650,452,1911,759
2400,12,1297,299,1528,562
2401,26,962,418,1266,1009
2401,0,963,417,1258,802
2401,1,1651,452,1911,762
2401,12,1300,296,1541,578
2401,27,1298,296,1542,714
2402,0,963,417,1257,802
2402,1,1650,452,1911,762
2402,26,962,417,1264,1010
2402,27,1299,295,1541,713
2402,12,1300,294,1540,567
2403,1,1650,452,1911,762
2403,0,963,416,1257,802
2403,26,962,415,1264,1009
2403,27,1302,292,1541,713
2403,12,1303,291,1540,566
2404,0,963,416,1258,801
2404,1,1649,452,1912,761
2404,26,962,417,1266,1009
2404,12,1303,289,1539,566
2404,27,1302,289,1543,714
2405,26,962,415,1266,1009
2405,0,963,415,1257,801
2405,27,1303,288,1543,715
2405,1,1650,452,1911,758
2405,12,1304,288,1538,561
2406,26,961,414,1266,1008
2406,27,1302,286,1543,715
2406,0,961,414,1260,801
2406,1,1650,452,1911,753
2406,12,1303,287,1534,558
2407,26,961,413,1265,1008
2407,0,961,413,1260,801
2407,1,1650,452,1911,752
2407,12,1303,285,1530,557
2407,27,1303,285,1540,670
2408,1,1651,453,1912,752
2408,26,961,412,1265,1010
2408,0,961,412,1260,799
2408,27,1303,282,1546,716
2409,1,1651,453,1911,751
2409,27,1303,282,1546,716
2409,0,961,412,1260,799
2409,26,961,413,1265,1009
2409,12,1304,283,1544,571
2410,0,960,412,1260,800
2410,1,1651,453,1911,752
2410,26,961,413,1267,1009
2410,27,1301,281,1546,716
2411,26,961,411,1266,1011
2411,1,1651,453,1912,754
2411,0,960,410,1260,797
2411,27,1303,283,1546,719
2412,26,961,410,1266,1010
2412,0,961,411,1261,799
2412,1,1651,453,1911,758
2412,27,1302,280,1546,716
2413,26,962,411,1266,1007
2413,0,961,410,1260,801
2413,1,1651,453,1911,760
2413,27,1304,281,1539,719
2413,12,1303,281,1512,554
2414,26,961,411,1266,1008
2414,1,1650,452,1911,762
2414,0,961,410,1259,803
2414,27,1304,279,1535,720
2414,12,1304,280,1504,550
