frame,person_id,x1,y1,x2,y2
1,0,116,244,280,467
1,1,561,274,735,462
1,2,158,114,271,292
1,3,526,103,647,330
2,1,561,274,735,462
2,3,526,103,647,330
2,0,116,244,280,466
2,2,158,114,271,291
3,0,116,245,280,467
3,1,561,274,735,462
3,2,158,114,271,289
3,3,525,103,647,311
4,0,116,245,280,467
4,2,158,114,271,289
4,1,561,273,735,462
4,3,525,103,646,310
5,0,116,245,280,467
5,2,158,114,271,291
5,1,562,274,736,462
5,3,526,103,647,304
6,2,158,113,271,292
6,0,117,245,280,467
6,1,562,273,735,462
6,3,526,103,647,298
7,1,562,273,735,462
7,0,117,245,280,467
7,3,526,104,647,299
7,2,158,113,271,294
8,1,562,274,735,463
8,0,118,245,280,466
8,2,158,113,271,292
8,3,526,103,647,303
9,1,562,274,735,463
9,2,158,114,271,293
9,0,119,245,280,467
9,3,526,104,647,293
10,0,119,245,280,467
10,2,158,114,271,294
10,1,562,274,736,463
10,3,526,104,647,285
11,0,119,245,280,467
11,2,158,114,271,296
11,1,562,274,736,463
11,3,526,104,647,288
12,0,119,245,280,466
12,2,158,114,271,296
12,1,563,273,735,463
12,3,526,104,647,299
13,1,562,273,735,463
13,2,157,113,271,296
13,0,119,245,281,467
13,3,526,104,647,287
14,2,157,113,271,297
14,1,562,274,736,463
14,0,119,246,281,468
14,3,526,104,647,295
15,1,562,273,736,463
15,3,526,104,647,295
15,2,157,113,270,295
15,0,117,246,281,469
16,1,562,273,736,463
16,0,117,246,281,468
16,2,157,113,270,293
16,3,526,104,647,299
17,0,116,246,281,468
17,1,561,273,736,463
17,3,526,104,647,297
17,2,157,113,270,290
18,3,526,104,647,295
18,1,562,274,736,463
18,0,115,246,280,469
18,2,157,113,270,287
19,0,115,245,280,469
19,2,157,113,270,287
19,1,561,273,735,463
19,3,525,104,646,309
20,1,561,273,735,463
20,0,115,246,279,468
20,2,157,113,269,286
20,3,525,104,646,323
21,1,560,273,735,463
21,0,114,245,279,467
21,3,525,104,646,328
21,2,156,113,270,283
22,0,114,245,278,467
22,2,155,114,269,283
22,1,559,274,736,463
22,3,525,104,647,325
23,1,559,274,735,463
23,2,155,114,269,284
23,0,114,245,277,468
23,3,525,104,646,321
24,1,559,274,735,463
24,0,114,245,277,468
24,2,155,114,269,286
24,3,525,104,646,315
25,2,154,113,269,286
25,1,558,274,735,464
25,0,113,245,277,468
25,3,525,104,646,319
26,1,558,274,735,463
26,0,112,245,277,468
26,2,155,113,269,289
26,3,525,104,645,309
27,1,558,273,734,463
27,0,112,245,277,468
27,3,525,104,645,311
27,2,154,113,268,286
28,1,558,273,734,463
28,0,111,245,276,467
28,2,154,113,268,285
28,3,524,104,645,314
29,1,558,273,734,463
29,0,111,245,276,466
29,2,154,113,268,283
29,3,524,104,645,298
30,1,557,274,734,463
30,0,110,245,276,466
30,2,154,113,268,281
30,3,524,104,645,319
31,0,110,245,276,466
31,2,154,113,267,281
31,1,557,274,734,463
31,3,524,104,645,316
32,2,154,112,267,281
32,1,557,273,734,463
32,0,110,245,275,465
32,3,524,104,644,324
33,2,154,112,267,281
33,0,110,245,275,464
33,1,558,273,733,463
33,3,523,104,644,305
34,1,558,273,733,463
34,2,153,112,267,281
34,0,111,245,275,464
34,3,523,104,644,293
35,1,558,272,733,463
35,0,111,245,275,464
35,2,153,112,267,282
35,3,523,104,644,286
36,1,558,272,733,463
36,0,111,245,275,465
36,2,154,113,268,286
36,3,524,104,644,280
37,0,111,245,275,465
37,1,558,272,732,463
37,2,154,113,268,287
37,3,523,104,644,286
38,0,111,245,275,465
38,1,558,272,732,463
38,2,154,113,268,290
38,3,523,104,644,290
39,0,111,245,275,465
39,1,558,272,733,463
39,2,154,113,268,292
39,3,523,104,644,287
40,1,558,272,733,463
40,0,111,245,275,464
40,2,154,113,268,291
40,3,524,104,644,319
41,0,111,245,275,464
41,1,559,272,733,463
41,3,524,104,644,320
41,2,154,113,268,290
42,0,111,245,275,465
42,1,558,273,733,463
42,2,154,113,268,288
42,3,523,104,644,291
43,1,558,273,734,463
43,0,111,245,275,466
43,2,154,113,268,285
43,3,524,104,644,295
44,1,558,272,734,463
44,0,111,245,275,466
44,2,154,113,268,288
44,3,523,104,644,307
45,0,111,245,275,466
45,1,559,272,734,463
45,2,155,113,268,290
45,3,524,104,644,313
46,1,559,272,734,463
46,3,524,104,644,312
46,2,155,113,268,289
46,0,112,245,276,466
47,1,559,272,734,463
47,2,155,113,268,289
47,0,112,245,276,467
47,3,524,104,645,310
48,1,560,272,734,463
48,0,113,244,276,466
48,3,524,104,645,305
48,2,154,112,268,285
49,1,560,272,734,462
49,2,154,113,268,284
49,3,525,104,645,306
49,0,114,245,276,467
50,1,559,272,734,462
50,2,154,113,268,285
50,3,525,104,645,307
50,0,115,244,276,466
51,1,559,272,734,462
51,2,154,113,268,285
51,0,116,243,276,466
51,3,525,104,645,302
52,0,117,243,276,466
52,2,154,113,268,286
52,3,525,104,645,304
52,1,559,273,734,462
53,1,559,272,735,463
53,3,525,104,646,304
53,0,117,244,276,467
53,2,154,113,269,288
54,2,154,113,269,288
54,1,559,272,735,462
54,0,116,244,276,467
54,3,525,104,645,302
55,2,154,113,269,288
55,1,559,272,735,462
55,0,116,244,277,467
55,3,525,104,646,306
56,1,559,272,735,462
56,0,116,244,277,467
56,3,525,104,646,310
56,2,156,113,269,295
57,1,559,272,735,462
57,0,115,244,277,467
57,2,156,113,269,295
57,3,525,104,646,312
58,2,156,113,269,296
58,0,115,244,277,468
58,1,559,272,735,462
58,3,525,104,646,310
59,0,116,244,277,467
59,1,559,271,734,461
59,2,156,113,269,297
59,3,525,104,646,314
60,1,559,271,734,461
60,3,525,104,646,314
60,2,156,113,269,296
60,0,117,244,277,467
61,1,560,271,734,461
61,0,117,244,278,467
61,2,156,113,269,295
61,3,526,104,646,327
62,1,560,271,734,461
62,2,156,113,269,294
62,0,118,244,278,467
62,3,525,104,646,309
63,1,560,271,735,461
63,2,156,113,269,295
63,0,119,244,278,467
63,3,525,104,646,311
64,1,560,271,735,460
64,2,157,113,269,295
64,0,119,243,278,466
64,3,525,104,646,309
65,1,559,271,735,460
65,3,525,104,646,309
65,2,157,113,270,294
65,0,120,243,279,467
66,0,119,244,278,467
66,1,560,271,735,460
66,2,155,112,270,286
66,3,526,104,646,294
67,1,561,270,735,460
67,0,120,243,280,466
67,3,525,103,646,300
67,2,157,112,270,291
68,0,119,243,280,466
68,1,561,271,736,460
68,2,157,112,271,297
68,3,526,104,647,289
69,0,119,244,280,468
69,1,563,271,737,460
69,2,157,112,271,300
69,3,526,104,647,283
70,1,563,271,737,460
70,2,157,112,271,302
70,0,118,244,281,466
70,3,527,104,647,277
71,1,564,271,738,460
71,0,118,244,281,463
71,2,158,112,272,300
71,3,527,104,647,282
72,1,563,271,738,460
72,3,527,104,647,285
72,0,118,243,281,461
72,2,158,112,273,303
73,2,158,112,273,304
73,1,564,271,738,460
73,0,118,244,281,456
73,3,528,104,649,337
74,2,158,112,273,304
74,1,563,269,738,460
74,0,119,243,281,449
74,3,527,104,648,302
75,1,563,270,739,460
75,2,159,112,273,303
75,0,120,243,281,447
75,3,527,104,649,323
76,2,159,112,273,303
76,1,563,270,739,460
76,3,527,104,649,319
76,0,120,242,281,451
77,2,159,112,273,303
77,1,563,270,739,460
77,3,528,104,649,321
77,0,121,242,280,455
78,2,159,112,273,304
78,1,562,270,739,459
78,0,122,241,280,456
78,3,528,104,649,301
79,2,159,112,273,304
79,0,122,241,280,457
79,1,562,270,738,461
79,3,528,104,650,337
80,2,159,112,273,304
80,1,563,269,738,460
80,0,122,241,280,455
80,3,528,104,648,298
81,1,563,269,738,460
81,2,159,112,273,304
81,0,121,241,279,453
81,3,528,104,648,292
82,1,563,269,738,461
82,2,159,112,273,304
82,0,121,241,279,453
82,3,527,104,648,288
83,1,563,269,738,461
83,2,158,112,273,303
83,0,119,241,279,450
83,3,527,104,648,283
84,1,563,269,738,461
84,2,159,112,273,303
84,3,527,104,648,282
84,0,118,241,280,446
85,2,159,112,273,302
85,1,563,270,738,461
85,0,117,241,279,440
85,3,527,104,648,294
86,1,564,269,738,461
86,2,159,112,273,301
86,0,116,241,278,439
86,3,527,104,648,281
87,1,563,269,738,461
87,2,159,112,273,300
87,0,117,240,278,439
87,3,527,104,648,289
88,1,563,269,738,461
88,2,159,112,273,299
88,0,117,240,278,441
88,3,527,104,648,286
89,1,563,269,738,461
89,2,159,112,273,299
89,3,527,104,648,285
89,0,118,240,278,446
90,3,527,104,648,286
90,2,159,112,273,299
90,1,564,268,738,460
90,0,120,240,278,450
91,2,159,112,273,299
91,1,563,268,738,460
91,3,527,104,648,284
91,0,121,239,278,452
92,3,528,104,648,284
92,1,563,268,738,460
92,2,159,112,273,302
92,0,122,239,278,457
93,2,159,112,273,302
93,1,563,267,738,460
93,0,122,238,278,458
93,3,528,104,648,282
94,1,562,267,738,459
94,2,159,112,273,304
94,0,122,238,278,456
94,3,528,104,648,280
95,2,160,112,274,304
95,1,562,267,738,459
95,3,528,104,648,279
95,0,122,238,278,453
96,1,561,267,739,459
96,2,160,112,274,303
96,3,528,104,648,278
96,0,122,238,278,452
97,2,160,112,274,302
97,1,562,268,739,459
97,0,122,239,278,444
97,3,528,104,649,291
98,1,562,267,739,459
98,2,160,112,274,303
98,0,121,239,278,439
98,3,528,104,650,337
99,3,528,104,650,337
99,2,160,112,274,304
99,0,122,239,278,439
99,1,562,267,739,459
100,2,160,112,274,303
100,3,528,104,650,337
100,1,561,267,739,459
100,0,123,239,278,439
101,3,528,104,650,337
101,2,160,112,274,303
101,1,562,267,739,459
101,0,123,239,278,440
102,3,528,104,650,337
102,1,562,267,739,459
102,2,160,111,274,302
102,0,123,239,278,443
103,2,160,111,274,302
103,1,561,267,739,459
103,0,123,238,279,445
103,3,528,103,648,290
104,1,561,267,738,458
104,2,159,111,273,302
104,0,123,238,278,450
104,3,528,104,649,337
105,2,159,111,273,302
105,1,560,267,738,459
105,0,123,237,278,454
105,3,528,103,648,295
106,2,159,112,273,302
106,0,123,237,277,454
106,1,561,267,738,459
106,3,528,104,648,293
107,0,123,236,277,454
107,2,159,111,273,303
107,1,560,267,738,458
107,3,528,103,648,288
108,2,159,111,273,303
108,0,122,236,276,452
108,1,561,267,738,459
108,3,528,104,649,336
109,3,528,104,649,337
109,1,562,267,738,459
109,2,159,111,273,301
109,0,121,236,276,450
110,1,562,267,737,458
110,2,159,111,272,300
110,3,527,104,648,332
110,0,120,237,275,443
111,1,562,267,737,459
111,3,527,104,648,331
111,2,158,111,272,298
111,0,118,237,275,439
112,1,562,267,738,459
112,3,527,104,648,332
112,2,158,111,272,297
112,0,116,237,275,438
113,1,562,267,738,459
113,2,158,111,272,298
113,0,115,238,275,438
113,3,528,104,649,337
114,3,528,104,649,337
114,1,561,267,738,460
114,2,158,111,272,300
114,0,114,238,275,439
115,1,562,267,738,460
115,2,158,111,272,299
115,0,115,238,275,441
115,3,527,104,648,293
116,2,158,111,272,299
116,1,562,267,738,460
116,0,117,238,275,446
116,3,527,104,648,284
117,1,562,267,738,460
117,3,527,104,648,283
117,2,159,111,273,299
117,0,118,238,275,447
118,1,562,267,738,459
118,2,159,111,273,297
118,0,119,236,276,451
118,3,528,104,649,336
119,1,561,267,738,459
119,0,119,236,276,451
119,2,159,111,273,298
119,3,527,104,648,288
120,0,118,236,276,451
120,2,159,111,273,300
120,1,560,267,738,458
120,3,528,104,649,291
121,2,160,111,272,297
121,1,565,266,738,459
121,3,527,104,649,333
121,0,95,235,275,477
122,1,565,267,738,459
122,2,160,111,273,298
122,3,528,104,649,332
122,0,119,235,276,462
123,2,160,111,273,298
123,3,528,104,649,331
123,1,565,266,738,459
123,0,119,235,276,470
124,1,565,266,738,459
124,2,160,111,273,298
124,3,528,103,649,330
124,0,120,235,277,462
125,1,565,266,738,459
125,2,160,111,273,298
125,3,528,103,649,331
125,0,120,235,277,461
126,3,528,103,649,331
126,1,565,266,738,458
126,2,160,111,274,298
126,0,120,235,277,466
127,2,160,111,274,298
127,1,565,266,739,458
127,0,120,235,277,466
127,3,528,103,649,332
128,2,160,111,274,298
128,3,528,103,649,331
128,1,564,266,739,458
128,0,120,236,277,460
129,3,528,103,649,331
129,1,564,266,739,459
129,2,160,111,273,295
129,0,119,235,277,464
130,2,160,110,273,295
130,1,564,267,739,458
130,3,527,103,649,329
130,0,104,235,276,472
131,2,160,110,273,297
131,1,563,266,738,459
131,3,528,103,649,332
131,0,99,235,276,474
132,3,528,104,650,334
132,2,160,110,273,298
132,1,562,267,738,458
132,0,116,236,275,471
133,2,160,110,273,299
133,3,528,104,649,334
133,1,558,267,738,457
133,0,119,235,276,468
134,2,159,110,273,299
134,0,118,235,275,468
134,3,528,104,649,336
134,1,556,266,737,459
135,2,159,110,272,299
135,3,528,104,649,336
135,0,117,235,275,471
135,1,551,266,737,459
136,3,528,104,649,337
136,2,159,110,272,298
136,0,117,235,275,469
136,1,551,266,737,461
137,3,528,104,648,337
137,0,117,235,274,470
137,2,159,110,272,297
137,1,546,265,737,460
138,3,527,104,648,337
138,0,117,235,274,470
138,2,158,110,272,298
138,1,544,266,737,460
139,3,527,104,648,337
139,2,158,110,272,298
139,1,543,266,737,460
139,0,118,235,274,469
140,3,527,104,648,338
140,1,542,267,736,460
140,2,158,110,271,295
140,0,118,234,274,452
141,2,158,110,271,295
141,3,527,104,648,337
141,1,542,267,736,461
141,0,117,235,274,469
142,3,527,104,648,337
142,1,542,268,737,461
142,2,158,110,271,290
142,0,114,235,273,473
143,3,527,104,648,337
143,1,542,268,737,461
143,0,114,234,273,471
143,2,157,110,271,271
144,3,527,104,648,337
144,1,541,269,737,461
144,2,157,110,271,268
144,0,114,234,272,464
145,1,541,270,736,461
145,2,157,110,271,267
145,0,113,234,271,443
145,3,526,104,647,276
146,1,541,270,737,461
146,2,157,110,271,267
146,3,527,104,646,276
146,0,113,234,271,442
147,1,541,270,736,461
147,2,157,110,271,266
147,3,527,104,646,274
147,0,112,234,271,463
148,1,540,270,736,461
148,2,157,110,271,265
148,3,527,104,646,277
148,0,98,233,271,475
149,2,157,110,271,265
149,1,540,269,736,461
149,0,97,233,270,475
149,3,526,103,646,285
150,1,540,269,736,461
150,2,157,110,270,265
150,0,97,233,269,472
150,3,526,103,646,296
151,2,157,110,270,265
151,1,540,269,736,460
151,0,105,232,270,441
151,3,527,104,647,335
152,2,157,110,270,265
152,1,540,269,736,460
152,3,527,104,647,336
152,0,109,232,270,434
153,2,156,110,270,265
153,3,527,104,647,335
153,1,540,269,736,459
153,0,109,232,271,431
154,2,156,110,270,265
154,1,540,269,735,459
154,3,527,104,647,334
154,0,108,232,271,421
155,1,540,269,736,459
155,2,156,110,270,265
155,0,109,231,272,419
155,3,526,103,646,311
156,1,540,269,736,459
156,2,156,110,270,264
156,3,526,103,646,314
156,0,109,232,269,416
157,1,539,269,735,458
157,2,156,110,270,265
157,3,525,103,646,318
157,0,110,232,269,412
158,1,539,269,735,458
158,2,156,110,269,265
158,3,525,103,646,317
158,0,110,231,270,413
159,1,539,269,735,457
159,2,156,110,269,266
159,0,111,232,270,414
159,3,526,103,646,336
160,2,156,110,269,266
160,3,526,103,646,336
160,1,539,269,735,457
160,0,112,231,272,418
161,3,526,103,646,336
161,1,539,269,735,457
161,2,156,110,269,268
161,0,115,231,274,415
162,1,539,269,735,457
162,3,526,103,646,336
162,2,156,110,269,270
162,0,117,230,273,411
163,3,526,103,646,336
163,1,539,269,735,456
163,2,156,110,269,272
163,0,120,229,275,411
164,3,526,103,646,336
164,1,539,268,734,455
164,0,122,229,276,411
164,2,156,110,269,276
165,3,526,103,646,336
165,1,539,268,734,454
165,2,156,110,269,275
165,0,125,230,279,408
166,1,539,268,734,454
166,3,526,103,645,336
166,2,156,110,269,272
166,0,126,227,281,402
167,1,538,267,734,454
167,2,156,110,269,272
167,3,527,103,645,336
167,0,132,228,286,401
168,2,156,110,269,272
168,1,538,267,733,454
168,3,526,103,645,336
168,0,135,226,291,401
169,3,526,103,646,336
169,2,156,110,269,272
169,1,538,267,733,453
169,0,139,226,295,401
170,3,526,103,646,336
170,1,539,267,733,453
170,2,156,110,269,269
170,0,145,225,300,400
171,2,157,110,269,269
171,3,526,102,646,335
171,1,539,265,733,454
171,0,150,225,309,397
171,4,149,226,318,480
172,3,526,102,645,335
172,2,156,109,270,270
172,1,539,264,734,453
172,0,154,225,311,398
173,3,527,102,645,335
173,1,539,264,734,454
173,2,157,109,270,268
173,0,157,225,317,397
174,3,527,102,646,335
174,1,539,263,734,453
174,2,157,109,270,267
174,0,161,225,321,398
175,3,527,102,646,335
175,2,157,109,270,267
175,1,539,263,735,454
175,0,164,227,333,398
176,1,540,263,735,454
176,3,527,102,646,335
176,2,157,109,270,265
176,0,168,228,335,399
176,4,170,227,337,480
177,1,540,262,735,454
177,3,527,102,646,334
177,2,157,109,270,264
177,4,173,227,342,480
177,0,172,228,343,399
178,1,540,262,735,454
178,3,527,102,646,335
178,2,157,109,271,263
178,4,176,228,349,480
178,0,174,228,351,402
179,2,157,109,271,263
179,3,527,102,647,335
179,1,540,262,735,453
179,0,177,230,353,400
180,3,527,102,647,335
180,1,540,261,735,453
180,2,157,109,271,264
180,0,179,231,360,403
181,3,527,102,647,335
181,2,158,109,272,263
181,1,541,260,736,452
181,0,180,232,369,404
182,1,541,259,736,452
182,3,527,101,647,334
182,2,158,108,271,264
182,0,180,233,378,404
183,3,527,100,647,334
183,1,541,259,736,453
183,2,158,108,272,264
183,0,181,235,382,406
184,2,158,108,272,264
184,3,527,100,647,334
184,1,540,258,736,453
184,0,182,237,385,407
185,2,158,108,272,264
185,3,527,100,647,333
185,1,538,257,736,452
185,0,183,237,392,408
186,2,158,108,272,265
186,3,527,100,647,332
186,1,536,256,736,452
186,0,184,238,396,414
187,3,527,100,647,332
187,2,158,108,272,265
187,1,536,256,736,452
187,0,185,241,400,416
188,2,158,108,272,265
188,1,535,254,736,451
188,3,528,100,648,333
188,0,186,243,402,418
189,3,527,100,648,333
189,2,158,108,272,265
189,1,534,253,735,451
189,0,186,246,404,476
190,2,158,108,272,265
190,1,534,252,734,452
190,3,526,100,647,333
190,0,187,248,411,477
191,2,158,108,272,265
191,3,526,100,646,332
191,1,534,249,734,452
191,0,187,250,415,477
192,3,526,100,646,332
192,2,158,108,272,266
192,1,534,248,733,452
192,0,188,252,421,477
193,3,526,100,646,332
193,2,158,108,271,265
193,0,188,253,424,477
193,1,533,245,732,451
194,2,158,108,271,265
194,3,526,100,646,331
194,0,189,254,424,477
194,1,533,244,731,450
195,2,158,108,271,265
195,0,190,256,424,477
195,1,533,242,731,451
195,3,527,100,646,326
196,2,158,107,271,265
196,1,533,241,729,452
196,3,527,100,646,329
196,0,190,259,423,477
197,2,158,107,271,265
197,3,526,100,646,329
197,0,190,262,422,477
197,1,532,239,727,451
198,2,158,107,271,265
198,0,190,263,422,477
198,3,526,100,646,328
198,1,532,239,724,451
199,2,158,107,271,265
199,3,526,100,646,329
199,1,531,239,724,451
199,0,190,264,427,477
200,2,158,107,272,264
200,3,526,100,646,326
200,0,189,264,430,477
200,1,530,238,722,452
201,2,158,107,272,265
201,1,529,237,722,451
201,0,188,265,432,477
201,3,527,100,646,303
202,2,158,107,272,265
202,1,527,236,721,452
202,0,188,267,439,477
202,3,527,100,646,288
203,2,158,107,272,265
203,1,526,235,720,452
203,0,187,268,442,477
203,3,528,100,647,269
204,2,158,107,272,265
204,1,526,235,719,452
204,0,186,270,443,477
204,3,528,101,647,265
205,2,158,107,272,265
205,3,529,101,647,264
205,1,525,235,718,452
205,0,185,270,436,477
206,2,158,107,272,265
206,3,528,101,647,263
206,1,525,234,717,452
206,0,186,271,424,478
207,2,158,107,272,265
207,3,528,101,647,262
207,1,524,234,716,453
207,0,185,272,409,477
208,2,158,107,271,265
208,3,528,101,647,260
208,1,524,233,714,453
208,0,184,272,403,475
209,2,157,107,271,265
209,3,529,101,647,259
209,1,523,232,713,453
209,0,184,273,398,472
210,2,157,107,271,265
210,3,529,100,646,260
210,1,521,232,711,454
210,0,184,273,395,472
211,2,157,107,271,265
211,3,529,100,646,259
211,1,521,231,711,454
211,0,183,274,397,474
212,2,157,107,271,265
212,3,529,100,646,260
212,1,520,231,710,454
212,0,183,274,398,477
213,2,157,107,271,265
213,3,529,100,646,260
213,0,183,275,400,478
213,1,517,231,709,453
214,2,157,107,271,265
214,3,529,100,646,260
214,1,516,231,709,453
214,0,183,275,402,477
215,2,157,107,271,265
215,3,529,100,646,260
215,0,183,276,404,478
215,1,514,233,708,453
216,2,157,107,271,265
216,3,529,100,646,260
216,1,512,233,708,452
216,0,183,276,406,477
217,2,158,107,271,265
217,3,529,100,646,261
217,1,511,234,708,452
217,0,183,277,411,478
218,2,158,107,271,265
218,3,528,100,646,261
218,0,184,277,411,477
218,1,509,234,707,452
219,2,158,107,272,265
219,0,184,277,412,477
219,3,528,100,647,262
219,1,506,234,708,452
220,3,528,100,647,262
220,2,158,107,272,265
220,0,184,277,412,478
220,1,504,235,708,454
221,2,158,107,272,265
221,3,528,100,647,262
221,0,186,277,413,478
221,1,502,235,708,453
222,2,158,107,272,265
222,0,187,277,413,478
222,3,528,100,647,263
222,1,500,236,708,454
223,2,158,107,272,265
223,3,529,100,648,263
223,0,187,278,411,478
223,1,497,237,709,454
224,3,529,100,648,263
224,0,187,278,410,478
224,2,159,107,272,264
224,1,495,237,708,453
225,2,159,107,272,264
225,3,529,100,648,264
225,0,186,278,407,478
225,1,493,238,708,453
226,3,529,100,648,263
226,0,187,278,408,477
226,2,159,106,272,264
226,1,490,240,708,453
227,2,159,106,272,264
227,0,186,278,408,477
227,3,529,100,648,264
227,1,488,240,707,454
228,3,529,100,649,264
228,2,159,106,273,264
228,0,186,278,409,477
228,1,485,241,707,455
229,2,159,107,273,264
229,0,186,278,409,477
229,3,529,100,649,264
229,1,480,243,707,455
230,2,159,107,273,264
230,3,530,100,649,265
230,0,187,278,409,477
230,1,479,245,707,455
231,2,159,107,273,264
231,0,187,278,409,477
231,3,529,100,649,266
231,1,477,248,706,455
232,2,159,107,273,264
232,0,187,278,409,477
232,3,530,101,649,270
232,1,475,252,706,455
233,0,187,278,409,477
233,2,159,107,272,264
233,3,530,101,649,270
233,1,474,253,707,455
234,2,159,107,272,264
234,0,187,278,409,477
234,3,530,101,649,270
234,1,473,255,706,455
235,2,159,107,272,265
235,0,187,278,410,477
235,3,530,101,649,271
235,1,471,256,706,455
236,2,159,107,272,265
236,0,187,278,410,477
236,1,470,256,706,456
236,3,530,101,649,269
237,2,159,107,272,265
237,0,187,278,410,477
237,1,470,256,706,456
237,3,530,101,649,268
238,2,159,107,272,265
238,3,530,101,649,268
238,0,187,278,410,477
238,1,469,257,706,456
239,1,469,257,706,456
239,2,159,107,272,265
239,0,187,278,411,477
239,3,530,101,649,267
240,2,159,107,272,265
240,1,468,257,706,456
240,3,530,101,649,267
240,0,187,278,413,477
241,1,468,257,705,456
241,0,187,278,415,477
241,2,160,108,272,266
241,3,531,102,648,272
242,1,468,257,705,456
242,2,160,108,272,266
242,0,187,278,416,477
242,3,530,102,649,269
243,1,468,257,705,456
243,2,160,108,272,266
243,0,187,278,416,477
243,3,530,102,648,269
244,1,468,257,705,456
244,0,187,278,416,477
244,3,530,102,648,269
244,2,160,108,272,266
245,2,160,108,272,266
245,1,468,257,705,456
245,3,530,102,648,268
245,0,187,279,416,478
246,2,160,108,272,266
246,1,468,257,704,456
246,3,530,102,648,268
246,0,186,279,416,478
247,2,160,107,272,266
247,3,530,102,648,267
247,1,469,256,705,456
247,0,186,280,416,478
248,2,160,107,272,266
248,3,530,102,648,268
248,1,469,256,704,456
248,0,186,280,418,478
249,2,160,107,272,266
249,3,530,102,648,268
249,1,470,256,705,456
249,0,186,281,417,478
250,0,186,281,417,478
250,3,530,102,648,268
250,2,159,107,272,266
250,1,471,256,705,456
251,0,187,281,416,478
251,3,530,102,648,267
251,2,159,107,272,266
251,1,471,255,705,456
252,2,159,107,272,266
252,0,187,281,416,478
252,3,530,102,648,269
252,1,473,255,704,456
253,3,530,102,648,269
253,2,159,107,272,266
253,0,187,282,416,478
253,1,473,255,704,456
254,2,159,107,272,266
254,3,530,102,648,269
254,0,187,282,415,478
254,1,474,254,703,456
255,2,159,107,272,266
255,0,187,282,415,478
255,1,475,254,703,456
255,3,531,102,648,273
256,2,159,107,272,266
256,0,187,282,416,478
256,1,476,254,703,456
256,3,531,102,648,275
257,2,159,107,272,266
257,0,187,282,416,478
257,3,531,102,648,273
257,1,477,253,703,456
258,2,159,107,272,266
258,0,187,282,417,478
258,1,478,252,703,456
258,3,531,102,648,271
259,2,159,107,272,266
259,0,187,282,419,477
259,1,479,251,704,456
259,3,530,102,648,267
260,2,159,107,272,266
260,3,530,102,648,266
260,0,187,282,422,477
260,1,481,249,703,455
261,2,159,107,272,266
261,3,530,102,648,265
261,0,187,282,424,477
261,1,483,249,704,454
262,2,159,107,272,266
262,0,187,282,427,477
262,3,531,101,648,264
262,1,486,247,705,453
263,2,159,107,271,266
263,3,531,102,648,264
263,0,187,282,431,478
263,1,487,247,706,460
264,0,187,282,433,478
264,2,159,107,272,266
264,3,531,101,648,263
264,1,488,246,705,454
265,3,530,101,648,263
265,2,159,107,271,266
265,0,187,282,436,478
265,1,490,246,705,456
266,3,530,101,648,263
266,2,158,107,271,266
266,0,187,282,432,478
266,1,473,245,704,454
267,3,530,101,648,263
267,2,158,107,271,266
267,0,187,282,430,478
267,1,460,245,704,454
268,3,530,101,648,263
268,2,158,107,271,267
268,0,187,282,424,478
268,1,446,245,703,454
269,3,530,101,648,263
269,2,158,107,271,267
269,0,187,282,421,478
269,1,440,245,703,455
270,2,158,107,271,267
270,3,530,101,648,263
270,0,187,282,418,477
270,1,435,244,704,455
271,2,157,107,271,267
271,3,529,101,648,263
271,0,187,282,415,477
271,1,419,244,704,455
272,0,186,282,415,477
272,3,529,101,648,263
272,2,157,107,270,267
272,1,417,244,704,455
273,3,529,101,648,263
273,1,416,244,704,455
273,0,186,282,414,477
273,2,157,107,271,267
274,1,416,244,704,455
274,3,529,101,647,264
274,2,157,107,271,267
274,0,186,282,412,477
275,2,157,107,271,267
275,3,529,101,647,264
275,1,417,244,704,455
275,0,186,282,410,477
276,3,529,101,647,264
276,1,418,244,704,455
276,0,186,282,411,477
276,2,157,107,270,267
277,2,157,107,270,267
277,3,529,101,647,264
277,1,420,243,704,455
277,0,186,282,405,477
278,2,157,107,270,267
278,3,529,101,647,264
278,0,186,282,403,477
278,1,426,243,704,455
279,3,529,101,647,264
279,2,157,107,270,267
279,0,186,282,403,477
279,1,428,242,704,455
280,2,157,107,270,267
280,3,529,101,647,264
280,0,186,282,403,477
280,1,431,242,704,455
281,2,157,107,270,267
281,3,529,101,647,264
281,0,186,282,402,477
281,1,433,242,704,455
282,2,157,107,270,267
282,1,433,242,704,455
282,3,529,102,647,264
282,0,185,283,402,477
283,2,157,107,270,267
283,3,529,102,647,264
283,0,185,283,402,477
283,1,434,241,704,455
284,3,529,102,647,264
284,1,434,241,704,455
284,2,157,107,270,267
284,0,186,282,401,477
285,2,157,107,270,267
285,3,529,102,647,265
285,1,433,241,704,455
285,0,185,282,401,477
286,3,529,102,647,265
286,2,157,107,270,267
286,0,185,282,401,477
286,1,433,241,704,455
287,3,529,102,647,265
287,2,157,107,270,268
287,0,185,282,401,477
287,1,432,241,704,455
288,0,185,282,401,477
288,3,529,102,647,265
288,1,431,241,704,455
288,2,157,107,270,268
289,3,529,102,647,265
289,0,185,282,401,477
289,2,157,107,270,267
289,1,432,241,704,455
290,0,185,281,401,477
290,3,529,102,647,265
290,2,157,107,270,268
290,1,430,241,704,456
291,0,185,281,401,477
291,3,529,102,647,265
291,2,157,108,270,268
291,1,431,242,703,455
292,0,185,282,401,477
292,3,529,102,647,265
292,2,157,108,270,268
292,1,431,243,703,455
293,2,157,108,270,268
293,0,185,282,401,477
293,3,529,102,647,265
293,1,431,243,703,456
294,0,185,282,401,477
294,3,529,102,647,265
294,2,157,108,270,268
294,1,434,243,703,456
295,3,529,103,647,265
295,2,157,108,270,268
295,0,185,282,401,477
295,1,432,244,703,456
296,3,529,103,647,265
296,2,157,108,270,268
296,0,185,282,401,477
296,1,432,244,703,457
297,0,185,282,401,477
297,3,529,103,647,265
297,1,434,244,703,457
297,2,157,108,270,268
298,3,529,103,646,265
298,0,185,282,400,477
298,2,157,108,270,268
298,1,437,244,703,457
299,0,185,282,400,477
299,2,157,109,270,268
299,3,529,103,647,266
299,1,442,245,703,457
300,0,185,282,400,477
300,3,529,103,647,265
300,2,157,109,270,268
300,1,449,245,702,457
301,2,157,109,270,268
301,0,185,282,400,477
301,3,529,103,647,265
301,1,460,246,703,458
302,2,157,109,270,269
302,0,185,282,399,477
302,3,529,103,647,265
302,1,465,248,703,458
303,2,157,109,270,269
303,0,185,282,400,477
303,3,528,103,648,266
303,1,469,251,703,460
304,0,185,282,400,477
304,2,157,109,270,269
304,3,528,103,646,266
304,1,473,251,703,459
305,2,157,109,270,269
305,0,185,282,400,477
305,3,528,103,647,266
305,1,476,253,703,459
306,0,185,283,400,477
306,3,528,103,647,266
306,2,157,109,270,269
306,1,478,254,702,460
307,2,157,109,270,269
307,0,185,283,400,477
307,3,528,103,647,266
307,1,477,255,702,460
308,0,184,283,400,477
308,2,157,110,270,269
308,3,528,103,646,266
308,1,474,257,702,459
309,0,184,283,399,477
309,2,157,110,270,269
309,3,528,103,646,266
309,1,472,257,702,459
310,2,157,110,270,269
310,0,184,283,400,477
310,3,528,103,646,267
310,1,472,258,702,459
311,2,157,110,269,269
311,1,472,258,702,459
311,0,184,283,400,477
311,3,527,103,646,267
312,1,472,258,702,459
312,0,184,283,400,477
312,2,156,110,269,270
312,3,527,103,645,267
313,2,156,110,269,270
313,3,527,103,645,267
313,0,184,283,400,477
313,1,473,259,702,459
314,3,527,103,645,267
314,2,156,110,269,270
314,0,184,284,400,477
314,1,473,260,702,459
315,3,527,103,645,267
315,2,156,110,269,270
315,1,475,261,701,460
315,0,184,284,408,477
316,2,156,110,269,270
316,3,527,103,645,267
316,1,476,262,701,460
316,0,184,284,412,477
317,3,527,103,645,267
317,2,156,110,269,270
317,1,475,261,701,460
317,0,184,284,418,477
318,3,527,104,645,267
318,1,475,262,701,460
318,2,156,110,269,270
318,0,184,284,421,477
319,3,527,104,645,267
319,1,475,262,701,460
319,2,156,110,269,270
319,0,184,283,420,477
320,1,475,262,701,460
320,3,527,104,645,267
320,2,156,110,269,270
320,0,184,283,418,477
321,2,156,110,269,270
321,3,527,104,645,267
321,1,473,262,701,460
321,0,184,284,414,477
322,2,156,110,269,270
322,3,527,104,645,267
322,1,473,262,701,460
322,0,184,284,407,477
323,3,527,104,645,267
323,2,156,110,269,270
323,1,472,262,701,459
323,0,184,284,399,477
324,3,527,104,645,266
324,1,472,262,701,459
324,2,156,110,269,270
324,0,185,284,395,477
325,3,527,104,645,266
325,2,156,110,269,270
325,1,472,262,701,460
325,0,184,284,394,477
326,1,472,262,701,460
326,3,527,104,645,266
326,2,156,110,269,271
326,0,184,284,395,477
327,3,527,104,645,266
327,2,156,110,269,271
327,1,472,261,701,460
327,0,184,285,398,477
328,3,527,104,645,266
328,1,472,261,701,460
328,2,156,110,269,271
328,0,184,285,402,477
329,1,472,261,701,460
329,3,527,104,645,266
329,2,157,111,269,271
329,0,184,285,416,477
330,3,527,104,645,266
330,2,157,111,269,271
330,1,472,261,701,460
330,0,184,286,401,477
331,2,157,111,269,271
331,3,527,104,645,266
331,1,472,261,701,460
331,0,184,287,398,477
332,3,527,104,645,266
332,2,157,111,269,271
332,1,473,261,701,460
332,0,184,287,396,477
333,3,527,104,645,266
333,2,157,111,269,271
333,1,473,261,701,460
333,0,184,286,395,477
334,3,527,104,645,266
334,2,157,111,269,271
334,1,472,261,702,461
334,0,184,286,396,477
335,3,527,104,645,266
335,2,157,111,269,271
335,1,472,262,702,461
335,0,184,286,397,477
336,3,527,104,645,266
336,2,157,111,269,271
336,1,472,261,701,461
336,0,183,286,399,477
337,2,157,111,269,271
337,3,528,104,645,266
337,1,471,262,702,461
337,0,183,286,401,477
338,2,157,111,269,271
338,3,527,104,645,267
338,0,183,286,401,477
338,1,471,262,702,461
339,3,528,104,645,267
339,2,157,111,269,271
339,1,471,262,702,461
339,0,183,287,403,477
340,2,157,111,269,271
340,3,528,104,645,267
340,1,470,263,702,461
340,0,183,287,405,477
341,2,157,111,269,271
341,3,528,104,645,268
341,1,469,264,702,461
341,0,183,287,408,477
342,2,157,111,269,271
342,0,183,287,408,477
342,3,528,104,645,268
342,1,468,264,702,461
343,2,157,112,269,271
343,0,183,287,408,477
343,1,468,265,702,462
343,3,527,105,644,270
344,2,157,112,269,271
344,0,183,287,408,477
344,1,467,266,702,462
344,3,527,105,644,271
345,2,157,112,269,271
345,0,183,287,408,477
345,1,466,266,702,462
345,3,527,105,644,272
346,2,157,112,269,271
346,0,183,287,407,477
346,3,527,105,644,273
346,1,464,268,702,462
347,2,157,112,269,271
347,3,527,105,644,274
347,0,183,287,407,476
347,1,453,269,702,462
348,2,157,112,269,271
348,0,183,288,407,477
348,3,527,105,644,276
348,1,442,270,702,462
349,2,157,112,269,271
349,0,182,288,406,477
349,3,527,105,644,275
349,1,434,272,703,464
350,2,156,112,269,271
350,0,183,288,409,476
350,1,427,273,703,463
350,3,527,104,645,272
351,2,156,112,269,271
351,0,182,288,407,477
351,1,423,274,703,463
351,3,526,104,645,279
352,2,156,112,269,271
352,0,182,288,406,477
352,1,421,274,703,464
352,3,527,104,645,276
353,2,156,112,269,271
353,0,182,288,405,477
353,1,422,275,702,465
353,3,527,104,645,273
354,2,156,112,268,272
354,0,183,288,404,477
354,1,421,276,703,464
354,3,526,104,645,281
355,2,156,111,268,272
355,1,422,277,702,464
355,0,182,289,405,477
355,3,526,104,645,289
356,3,526,104,645,289
356,2,155,111,268,272
356,1,422,277,702,464
356,0,182,289,401,477
357,2,155,111,268,272
357,1,422,277,701,465
357,0,182,289,404,477
357,3,526,104,645,295
358,2,155,111,268,272
358,3,526,104,644,294
358,1,420,277,701,465
358,0,182,290,402,477
359,3,526,104,644,294
359,1,420,277,701,465
359,0,182,290,401,476
359,2,155,110,268,272
360,0,181,290,400,476
360,1,419,278,700,464
360,2,154,110,268,271
360,3,525,104,644,296
361,3,525,104,643,297
361,2,154,110,267,270
361,0,181,290,398,476
361,1,419,277,700,469
361,5,154,111,267,360
362,2,154,110,267,269
362,0,180,290,396,476
362,1,418,276,700,469
362,3,525,103,643,294
363,1,417,275,700,469
363,2,153,110,267,269
363,0,180,290,394,476
363,3,525,102,643,292
364,0,180,290,394,476
364,3,525,102,643,292
364,2,153,109,266,269
364,1,417,274,700,469
365,0,180,290,394,476
365,3,525,102,643,293
365,2,153,109,266,268
365,1,417,273,700,467
366,0,180,290,394,476
366,1,417,272,700,467
366,2,152,109,266,267
366,3,525,101,642,287
367,0,179,289,395,476
367,2,152,108,266,267
367,1,417,270,700,463
367,3,525,100,642,282
368,0,179,289,396,476
368,2,152,108,265,267
368,1,417,269,702,457
368,3,523,99,642,273
369,0,178,288,396,476
369,2,152,108,265,266
369,3,523,99,642,271
369,1,418,268,701,457
370,0,178,288,396,476
370,2,151,107,265,266
370,1,418,267,701,459
370,3,523,99,642,268
371,2,151,106,265,266
371,0,178,287,395,476
371,3,522,98,642,269
371,1,419,266,700,456
372,3,522,98,642,269
372,0,179,287,395,476
372,2,151,106,264,265
372,1,419,265,700,455
373,2,151,106,264,265
373,0,179,286,396,476
373,1,418,265,698,455
373,3,522,97,642,268
374,0,179,285,396,476
374,2,151,106,264,265
374,3,522,96,642,268
374,1,418,264,698,455
375,2,151,106,264,264
375,3,522,96,642,268
375,0,179,285,397,476
375,1,416,263,698,454
376,0,179,284,398,476
376,2,151,105,264,264
376,1,417,261,699,455
376,3,522,96,642,274
377,0,179,284,398,476
377,2,151,104,264,264
377,1,415,259,699,454
377,3,522,96,642,269
378,0,179,284,397,476
378,2,151,104,263,264
378,1,413,258,699,455
378,3,522,95,642,273
379,2,151,104,263,264
379,0,179,283,396,476
379,1,411,258,699,454
379,3,522,94,642,276
380,0,179,283,395,476
380,2,151,103,263,263
380,3,522,94,641,277
380,1,411,256,699,453
381,2,151,103,263,263
381,0,179,283,395,476
381,3,522,93,641,277
381,1,410,256,700,450
382,2,151,103,263,263
382,0,179,283,396,476
382,1,410,254,700,451
382,3,522,93,641,273
383,2,150,102,263,263
383,3,522,93,641,272
383,0,179,283,397,477
383,1,410,253,700,452
384,1,409,253,700,452
384,3,522,92,641,273
384,0,179,282,399,477
384,2,150,102,263,262
385,0,178,282,399,477
385,2,149,102,262,262
385,3,522,91,641,274
385,1,408,253,700,449
386,2,149,101,262,262
386,0,178,282,398,477
386,3,522,91,641,272
386,1,410,252,699,449
387,3,522,91,641,272
387,2,149,101,262,261
387,0,178,282,397,477
387,1,410,251,699,449
388,2,149,101,262,261
388,1,410,250,699,448
388,3,522,90,641,271
388,0,178,281,394,477
389,3,522,90,641,271
389,2,149,100,262,261
389,0,178,281,396,477
389,1,416,250,699,448
390,3,522,89,641,270
390,2,149,100,262,261
390,0,178,280,397,477
390,1,417,249,700,448
391,2,148,100,262,261
391,0,179,280,397,477
391,3,522,89,641,269
391,1,424,249,700,448
392,0,179,279,397,476
392,2,148,99,262,260
392,3,522,89,641,264
392,1,416,248,701,447
393,2,148,99,262,260
393,1,419,248,700,447
393,3,522,89,641,261
393,0,179,279,401,477
394,2,148,98,262,260
394,1,417,248,701,447
394,3,522,88,641,260
394,0,179,279,395,476
395,3,522,88,641,260
395,2,148,98,262,259
395,0,179,278,397,476
395,1,412,248,701,446
396,0,179,278,397,476
396,3,522,88,641,259
396,2,148,97,262,259
396,1,409,248,701,445
397,3,522,88,641,259
397,2,148,97,262,259
397,0,179,277,398,476
397,1,407,248,700,445
398,3,522,87,641,259
398,2,148,96,262,259
398,0,179,277,396,476
398,1,414,248,700,445
399,2,148,96,262,259
399,3,522,87,641,260
399,0,179,277,395,476
399,1,405,248,700,444
400,3,522,87,641,260
400,2,148,96,262,258
400,1,404,248,700,444
400,0,179,276,393,476
401,3,522,87,641,260
401,2,148,96,262,258
401,1,401,247,700,444
401,0,180,276,392,477
402,2,148,95,262,258
402,3,522,87,641,260
402,1,400,248,700,444
402,0,180,276,393,477
403,3,522,87,641,259
403,2,148,95,262,258
403,1,398,248,700,444
403,0,180,276,394,476
404,3,522,87,641,259
404,2,148,95,262,258
404,1,399,248,700,444
404,0,180,275,395,477
405,3,522,87,641,259
405,2,148,95,262,258
405,0,180,275,393,476
405,1,400,249,700,443
406,3,522,86,641,259
406,2,148,95,261,258
406,0,180,275,393,476
406,1,398,249,700,443
407,2,148,95,261,258
407,3,522,86,641,259
407,1,397,249,700,443
407,0,180,274,392,476
408,3,522,86,641,259
408,2,148,95,261,257
408,1,400,249,700,443
408,0,180,274,390,476
409,2,148,95,262,257
409,3,522,86,641,259
409,1,400,249,699,443
409,0,180,274,387,476
410,3,522,86,641,259
410,1,400,249,700,443
410,2,148,95,261,257
410,0,180,274,388,476
411,2,148,95,261,257
411,3,522,86,641,258
411,1,400,249,699,443
411,0,180,275,388,476
412,2,148,95,261,257
412,3,522,86,641,258
412,1,399,248,699,443
412,0,179,274,393,476
413,3,522,86,641,258
413,2,148,95,261,257
413,1,398,247,699,443
413,0,179,274,396,476
414,2,148,95,261,257
414,3,522,85,640,258
414,1,398,246,699,443
414,0,179,274,403,476
415,2,148,95,261,257
415,3,522,86,641,257
415,0,179,273,405,476
415,1,401,246,699,443
416,2,148,95,261,257
416,3,522,85,641,257
416,1,402,245,699,443
416,0,179,273,407,476
417,2,148,94,261,257
417,3,522,85,641,256
417,0,179,273,406,476
417,1,404,245,700,442
418,2,148,95,261,257
418,0,179,273,406,476
418,3,522,86,641,255
418,1,403,244,700,442
419,3,522,86,641,255
419,0,180,272,405,476
419,2,148,94,262,257
419,1,405,243,700,442
420,3,522,86,641,254
420,2,148,94,262,257
420,1,407,243,699,442
420,0,180,272,401,476
421,3,522,86,641,254
421,2,148,94,262,257
421,0,179,272,400,476
421,1,408,242,700,442
422,3,522,85,641,254
422,2,148,94,262,257
422,1,409,241,700,442
422,0,180,272,398,476
423,3,522,85,641,254
423,2,148,94,262,257
423,1,410,241,700,442
423,0,180,272,397,476
424,1,410,241,700,442
424,3,522,85,641,254
424,0,179,272,397,476
424,2,148,94,262,257
425,3,522,85,641,254
425,0,179,272,397,476
425,2,148,94,262,257
425,1,411,241,700,442
426,3,522,85,641,254
426,0,179,272,397,476
426,1,411,241,699,442
426,2,148,94,262,258
427,3,522,85,641,254
427,0,179,272,397,476
427,1,411,241,699,442
427,2,147,94,262,256
428,3,522,85,641,254
428,1,410,241,699,442
428,0,179,272,397,476
428,2,146,94,262,255
429,1,411,241,699,442
429,0,179,272,397,476
429,3,522,85,641,254
429,2,146,94,262,256
430,3,522,85,641,254
430,1,412,241,699,442
430,0,179,272,396,476
430,2,145,94,262,256
431,3,522,85,641,254
431,0,179,272,396,476
431,2,145,94,262,256
431,1,414,240,699,442
432,3,522,85,641,253
432,0,179,272,396,476
432,1,416,240,699,441
432,2,144,94,262,255
433,3,522,85,641,253
433,0,179,272,397,476
433,2,144,94,262,256
433,1,419,240,700,442
434,0,179,272,396,476
434,3,522,85,641,254
434,2,143,94,262,256
434,1,421,240,700,442
435,3,522,85,641,253
435,0,179,272,396,476
435,1,424,240,700,442
435,2,143,94,262,256
436,3,522,85,641,253
436,0,180,272,396,476
436,2,142,93,263,255
436,1,430,240,700,442
437,3,522,85,641,253
437,0,180,272,396,476
437,2,142,93,263,255
437,1,436,240,700,441
438,3,522,85,641,253
438,0,180,272,397,476
438,2,141,93,263,255
438,1,442,240,701,441
439,3,522,85,641,253
439,0,180,272,398,476
439,2,141,93,263,256
439,1,447,240,701,440
440,3,522,85,641,253
440,2,140,93,263,256
440,0,180,272,396,477
440,1,454,240,701,440
441,3,522,85,641,253
441,2,140,93,263,256
441,0,180,272,397,477
441,1,455,240,701,440
442,3,522,85,641,253
442,0,180,272,396,477
442,2,140,93,263,256
442,1,458,240,701,440
443,3,522,85,641,253
443,0,180,272,397,477
443,2,139,93,262,256
443,1,463,240,701,441
444,3,522,85,641,253
444,2,140,93,263,256
444,0,180,271,398,477
444,1,465,240,701,441
445,3,522,85,641,253
445,2,140,93,263,256
445,0,179,270,398,477
445,1,468,240,701,441
446,3,522,85,641,253
446,2,140,93,263,255
446,1,470,240,701,441
446,0,179,268,401,477
447,3,522,85,641,253
447,2,140,92,263,255
447,1,472,240,701,441
447,0,178,266,404,477
448,3,522,85,641,253
448,2,140,92,263,255
448,1,474,240,701,442
448,0,177,264,406,477
449,3,522,85,641,253
449,2,140,92,263,256
449,1,475,240,700,442
449,0,177,262,404,477
450,3,522,85,641,253
450,1,475,239,699,442
450,2,140,92,263,256
450,0,176,260,399,477
451,3,522,86,641,253
451,2,140,92,263,256
451,1,475,239,699,442
451,0,176,258,396,477
452,3,522,85,641,252
452,1,474,239,699,441
452,0,175,257,396,477
452,2,141,93,263,257
453,1,474,238,699,441
453,2,141,92,263,258
453,3,522,85,641,251
453,0,175,255,400,477
454,3,522,85,641,251
454,1,474,238,699,441
454,2,141,92,264,257
454,0,175,255,404,477
455,3,522,85,641,251
455,2,141,93,264,258
455,1,474,239,698,440
455,0,174,254,411,477
456,3,522,85,641,251
456,1,473,238,698,440
456,0,173,254,412,477
456,2,142,92,264,258
457,3,522,86,641,250
457,0,173,253,413,477
457,2,143,92,265,258
457,1,471,238,698,440
458,3,522,86,642,250
458,0,173,253,412,477
458,1,470,236,698,440
458,2,144,92,265,259
459,1,470,236,698,440
459,3,522,86,642,250
459,0,173,252,411,477
459,2,145,92,265,259
460,1,470,236,698,439
460,3,522,85,642,249
460,2,145,92,265,258
460,0,173,251,407,477
461,3,522,85,642,249
461,1,470,236,698,439
461,2,147,92,265,257
461,0,173,250,404,476
462,3,522,85,642,249
462,1,472,235,699,439
462,2,148,92,265,259
462,0,173,249,402,480
462,6,174,248,403,406
463,3,522,85,642,249
463,2,148,92,265,259
463,1,473,235,699,439
463,0,173,248,401,478
463,6,174,248,401,403
464,3,522,85,642,249
464,2,148,92,265,258
464,1,475,234,699,439
464,0,173,246,400,477
464,6,174,246,399,401
465,3,523,85,642,249
465,2,148,92,266,258
465,1,478,233,699,439
465,0,174,245,393,478
465,6,174,245,392,397
466,3,523,85,642,249
466,2,149,92,265,257
466,1,480,231,699,440
466,6,174,243,383,397
467,2,149,92,265,256
467,1,481,230,699,440
467,3,523,85,642,247
467,6,174,242,381,395
468,2,149,92,265,256
468,3,523,85,642,247
468,1,484,230,700,441
468,6,174,240,375,393
469,2,149,93,266,256
469,3,523,85,643,246
469,1,486,228,700,441
469,6,174,239,368,392
470,3,523,85,643,246
470,2,150,93,265,256
470,6,174,237,362,392
470,1,494,226,700,441
471,3,523,85,643,245
471,2,150,93,266,256
471,1,499,223,700,441
471,6,173,234,361,388
472,3,523,85,642,246
472,2,150,93,265,256
472,1,503,221,700,441
472,6,173,232,353,388
473,2,150,93,265,256
473,3,524,85,643,246
473,1,506,220,701,440
473,6,174,231,345,381
474,2,150,93,265,256
474,3,524,85,643,246
474,1,508,221,702,440
474,6,172,228,338,378
475,2,150,93,265,256
475,3,524,85,643,247
475,1,511,220,703,440
475,6,167,225,333,377
476,2,150,93,265,256
476,1,514,220,703,440
476,3,524,86,643,245
476,6,159,223,327,375
477,2,150,93,265,256
477,3,524,86,644,247
477,1,518,220,703,440
477,6,154,221,321,373
478,2,150,93,265,256
478,3,524,86,644,244
478,1,521,220,704,439
478,6,148,220,314,371
479,2,150,93,265,255
479,1,523,220,705,439
479,3,523,84,644,248
479,6,142,217,310,369
480,2,150,93,265,255
480,1,524,220,706,439
480,6,138,216,307,377
480,3,524,85,644,262
481,2,150,93,265,253
481,1,527,220,706,439
481,3,524,85,644,267
481,0,124,212,327,476
482,3,524,85,644,266
482,1,527,220,708,439
482,2,150,93,265,255
482,0,123,211,324,472
482,6,124,211,312,376
483,2,150,93,265,255
483,3,524,85,644,267
483,1,529,219,709,439
483,6,118,209,301,376
484,2,149,93,266,255
484,1,533,218,711,439
484,6,111,209,294,381
484,3,523,86,643,314
484,0,111,208,304,442
485,1,534,217,712,439
485,3,523,86,644,317
485,2,149,93,267,259
485,0,107,207,308,444
486,2,149,93,266,259
486,1,534,216,713,439
486,3,523,86,643,314
486,0,102,207,310,449
487,3,523,86,642,316
487,2,149,93,266,262
487,1,536,214,714,439
487,0,98,207,299,417
488,2,149,93,266,262
488,3,524,86,642,315
488,1,538,213,715,439
488,6,94,207,293,386
489,1,538,214,716,440
489,3,523,86,644,315
489,2,149,93,265,268
489,6,89,205,292,382
490,3,523,86,643,316
490,1,538,215,719,441
490,2,149,93,266,272
490,6,87,208,295,373
490,0,87,208,311,476
491,3,523,86,641,316
491,1,538,216,722,440
491,0,84,207,310,478
491,2,149,93,266,277
492,3,524,86,642,316
492,1,538,217,724,440
492,0,82,206,307,478
492,2,149,93,266,272
493,3,524,86,643,316
493,1,538,218,727,440
493,2,149,94,265,275
493,6,80,206,292,385
494,3,524,86,643,317
494,1,539,218,729,441
494,2,150,93,265,256
494,6,78,207,275,380
495,3,524,86,642,317
495,1,539,218,731,441
495,2,150,94,265,258
495,6,78,206,289,383
496,2,150,94,265,257
496,3,524,86,642,318
496,1,539,219,733,440
496,6,78,205,287,382
497,3,524,86,642,318
497,2,150,94,265,256
497,1,540,219,734,440
497,6,78,207,288,382
498,2,151,94,265,256
498,3,524,86,643,319
498,1,541,219,736,441
498,6,78,206,288,383
499,2,151,94,265,256
499,1,540,219,736,440
499,3,524,86,644,318
499,6,79,205,288,384
500,1,539,219,736,441
500,3,524,86,645,319
500,2,150,94,266,256
500,6,79,205,289,388
501,2,150,93,266,256
501,3,524,86,644,319
501,1,539,220,738,440
501,6,79,205,289,391
502,2,150,93,266,256
502,3,525,86,644,319
502,1,539,220,739,440
502,6,80,205,289,396
503,2,150,93,266,256
503,3,525,86,645,319
503,1,540,220,740,440
503,6,81,206,290,398
504,2,150,93,266,256
504,3,525,85,645,320
504,1,540,221,741,439
504,6,82,206,289,402
505,2,150,93,266,257
505,3,525,86,646,321
505,1,540,221,742,439
505,6,83,206,288,405
506,3,525,86,646,321
506,2,150,93,266,257
506,1,541,221,741,439
506,6,84,207,288,409
507,3,525,85,646,320
507,2,150,94,266,257
507,1,542,222,741,439
507,6,85,209,288,415
508,2,150,93,266,257
508,3,525,85,646,321
508,1,544,222,741,439
508,6,86,210,288,417
509,3,525,85,646,321
509,2,151,93,266,257
509,6,86,211,288,419
509,1,549,223,741,439
510,3,525,85,646,321
510,2,151,93,266,257
510,1,548,223,741,439
510,6,85,211,289,420
511,2,151,93,266,257
511,3,525,85,646,321
511,1,548,223,742,439
511,6,85,212,289,419
512,2,151,93,266,258
512,6,85,212,289,419
512,3,525,85,646,321
512,1,550,223,740,440
513,1,550,224,740,440
513,2,151,93,266,258
513,3,525,85,645,320
513,6,85,213,289,418
514,2,151,93,266,258
514,3,525,85,645,320
514,1,548,224,740,440
514,6,87,214,289,418
515,3,525,85,645,319
515,2,150,93,266,258
515,1,547,224,740,440
515,6,88,216,290,417
516,3,525,85,645,320
516,2,150,93,266,258
516,1,549,224,740,440
516,6,89,218,289,418
517,2,150,93,266,257
517,3,525,85,645,319
517,6,90,218,289,418
517,1,548,224,741,439
518,1,548,225,741,439
518,3,525,85,645,320
518,2,150,93,266,257
518,6,91,218,290,416
519,2,150,93,266,257
519,1,547,225,740,439
519,3,525,85,645,319
519,6,92,218,285,416
520,2,150,93,266,256
520,3,525,85,645,319
520,1,546,225,740,439
520,6,94,219,281,415
521,3,525,85,645,319
521,2,150,93,266,257
521,1,547,225,740,439
521,6,96,219,278,415
522,3,525,85,645,319
522,1,547,224,740,439
522,2,150,93,266,258
522,6,98,218,280,415
523,2,150,93,266,258
523,1,548,224,740,439
523,6,100,218,280,416
523,3,524,84,644,299
524,1,548,224,740,439
524,2,150,93,266,259
524,6,101,219,281,417
524,3,524,84,644,291
525,1,548,223,740,440
525,2,150,93,266,265
525,3,524,84,644,299
525,6,102,218,287,417
526,3,524,84,644,298
526,1,548,223,740,440
526,2,150,93,266,267
526,6,102,219,294,418
527,2,150,93,266,267
527,1,549,223,740,439
527,6,102,219,295,418
527,3,523,84,644,293
528,2,150,93,266,268
528,1,548,223,740,439
528,6,102,219,293,418
528,3,524,84,644,274
529,1,548,223,740,439
529,6,101,219,291,416
529,3,524,84,644,269
529,2,149,93,267,283
530,1,548,223,739,439
530,3,524,84,644,270
530,2,149,93,267,282
530,6,101,220,292,418
531,1,548,223,739,439
531,6,101,220,292,418
531,2,149,93,267,280
531,3,524,84,644,265
532,1,548,223,739,439
532,2,149,93,267,281
532,6,101,221,290,417
532,3,524,84,644,268
533,1,548,224,739,439
533,6,101,220,288,416
533,2,149,93,267,271
533,3,524,84,644,296
534,1,547,224,740,439
534,2,149,94,266,272
534,6,101,221,287,414
534,3,525,85,644,316
535,2,149,94,266,272
535,1,547,225,740,439
535,6,102,221,287,413
535,3,524,84,644,290
536,2,149,94,266,272
536,1,545,224,739,439
536,6,102,221,288,411
536,3,524,84,643,297
537,2,148,94,266,273
537,1,545,225,739,439
537,6,102,222,288,414
537,3,525,85,644,315
538,1,545,225,739,439
538,6,102,222,287,415
538,2,148,94,266,271
538,3,524,84,643,303
539,1,544,225,738,440
539,2,148,94,266,273
539,6,102,221,287,412
539,3,524,84,643,290
540,1,543,225,738,440
540,2,148,94,266,274
540,6,102,220,286,412
540,3,525,85,644,314
541,6,103,220,286,412
541,2,148,94,266,273
541,1,542,226,738,440
541,3,524,85,643,317
542,2,148,94,266,273
542,3,524,85,643,316
542,1,541,226,738,440
542,6,103,220,288,414
543,1,540,226,737,441
543,2,148,94,266,274
543,3,524,85,643,317
543,6,103,219,290,416
544,3,524,84,643,317
544,2,148,94,266,275
544,1,539,227,737,441
544,6,104,219,290,415
545,3,524,84,643,316
545,1,539,228,736,441
545,6,104,219,291,415
545,2,148,94,266,272
546,3,524,84,643,316
546,1,538,228,736,441
546,2,147,94,266,274
546,6,103,218,290,415
547,3,524,84,643,316
547,1,537,229,736,442
547,6,103,218,291,413
547,2,147,94,265,271
548,3,524,84,643,314
548,1,535,229,736,441
548,6,103,218,289,413
548,2,147,94,265,268
549,3,523,84,643,315
549,1,534,229,736,441
549,2,147,94,265,264
549,6,104,218,287,408
550,3,523,84,643,313
550,1,531,229,736,442
550,2,146,94,265,262
550,6,105,218,285,405
551,3,524,84,643,313
551,1,531,229,735,442
551,2,146,94,265,264
551,6,106,218,284,403
552,3,524,84,643,313
552,1,530,229,735,442
552,2,146,94,264,264
552,6,107,218,284,402
553,1,530,229,735,442
553,3,524,84,643,314
553,2,146,94,264,266
553,6,108,218,286,400
554,3,524,84,643,314
554,1,530,229,735,442
554,2,146,94,264,267
554,6,108,218,286,399
555,1,531,229,735,442
555,3,524,84,643,318
555,2,146,94,265,269
555,6,108,219,287,397
556,3,524,84,643,318
556,1,532,229,735,442
556,6,109,219,287,397
556,2,146,94,265,271
557,3,523,84,643,318
557,2,147,94,264,270
557,1,533,229,734,442
557,6,110,219,289,399
558,2,147,94,264,269
558,1,534,229,734,442
558,3,524,84,643,317
558,6,111,219,290,397
559,1,534,229,734,442
559,2,147,94,265,270
559,3,524,84,643,314
559,6,112,219,291,403
560,3,523,84,643,314
560,2,147,94,265,270
560,1,536,229,733,443
560,6,113,219,293,402
561,1,537,229,733,442
561,3,524,84,643,315
561,2,147,94,265,270
561,6,113,219,294,401
562,1,538,230,733,442
562,3,523,84,643,318
562,2,147,94,265,272
562,6,114,219,294,399
563,2,147,94,265,272
563,1,538,230,733,442
563,3,523,84,643,320
563,6,114,220,294,400
564,2,147,94,265,271
564,6,114,220,294,399
564,3,523,84,643,318
564,1,540,231,733,443
565,2,147,94,265,271
565,3,523,84,643,320
565,6,115,220,294,397
565,1,543,231,733,443
566,3,523,84,643,320
566,2,147,94,265,272
566,1,544,232,733,443
566,6,115,220,289,388
567,3,523,85,643,320
567,2,147,94,264,272
567,1,544,232,733,443
567,6,114,220,287,384
568,2,147,94,264,272
568,3,523,85,643,319
568,1,545,233,733,443
568,6,114,220,287,381
569,3,523,85,643,318
569,1,546,234,733,443
569,2,147,94,264,270
569,6,113,219,286,378
570,2,147,94,264,270
570,1,546,234,733,443
570,6,113,219,287,379
570,3,522,85,642,321
571,3,522,85,642,322
571,2,147,94,264,274
571,6,112,220,288,382
571,1,559,236,734,443
572,3,522,85,642,323
572,6,112,220,288,381
572,1,560,238,734,443
572,2,147,94,264,267
573,3,522,85,642,322
573,2,147,94,264,265
573,6,112,220,287,385
573,1,554,239,734,442
574,3,522,85,642,319
574,2,147,94,264,267
574,1,561,240,734,443
574,6,111,220,288,393
575,2,147,94,264,266
575,1,561,241,734,443
575,6,110,220,288,395
575,3,522,84,642,307
576,1,561,241,733,443
576,2,147,94,264,267
576,6,109,221,289,401
576,3,522,85,642,321
577,1,561,243,733,442
577,6,108,222,288,401
577,2,147,94,264,271
577,3,521,84,642,301
578,3,521,84,642,301
578,2,147,94,264,272
578,1,561,244,733,443
578,6,107,222,289,405
579,2,147,94,264,273
579,1,560,245,733,442
579,6,108,222,289,408
579,3,521,84,642,306
580,2,147,94,264,273
580,6,107,222,289,408
580,1,560,246,733,442
580,3,521,84,642,303
581,1,560,247,733,442
581,2,147,94,264,277
581,6,107,223,289,413
581,3,522,85,642,322
582,2,147,94,264,276
582,1,560,248,733,442
582,6,107,223,289,415
582,3,521,84,642,314
583,3,521,84,641,314
583,1,559,249,733,442
583,2,147,93,263,275
583,6,107,224,291,417
584,1,559,249,733,442
584,2,147,93,263,278
584,6,107,226,291,419
584,3,521,85,642,322
585,2,147,93,263,278
585,1,558,249,733,442
585,6,107,226,291,417
585,3,521,84,641,316
586,2,147,93,263,278
586,1,558,249,733,442
586,6,107,226,289,415
586,3,521,84,641,304
587,1,558,250,733,442
587,6,107,226,290,416
587,2,147,94,263,276
587,3,521,84,641,283
588,1,558,250,733,442
588,2,146,94,263,273
588,6,107,227,289,415
588,3,521,84,641,302
589,1,558,251,733,442
589,2,146,94,263,272
589,6,107,226,290,410
589,3,521,84,641,314
590,2,146,94,263,271
590,1,558,252,733,441
590,6,106,226,290,413
590,3,521,85,642,322
591,2,146,94,263,272
591,1,558,253,733,441
591,6,105,227,290,414
591,3,521,84,642,314
592,3,521,85,642,313
592,1,558,254,733,441
592,2,146,93,263,271
592,6,104,227,290,415
593,1,558,255,733,441
593,2,146,94,263,269
593,6,104,227,289,414
593,3,521,85,642,324
593,7,522,86,641,255
594,1,557,256,733,442
594,6,103,227,286,414
594,2,146,94,263,276
594,3,521,85,642,302
595,1,556,256,733,442
595,6,103,228,285,415
595,2,146,94,263,272
595,7,521,85,642,272
596,1,556,257,733,442
596,2,146,94,263,270
596,6,102,228,287,415
596,7,521,85,641,280
597,2,146,94,263,271
597,1,557,257,733,443
597,6,102,228,287,416
597,7,521,85,641,290
598,7,521,85,641,290
598,1,557,257,733,443
598,2,146,94,263,270
598,6,101,228,288,417
599,1,557,257,733,443
599,6,101,228,289,418
599,2,146,94,263,276
599,7,521,85,641,280
600,1,557,258,733,443
600,6,101,229,289,417
600,2,146,94,263,278
600,7,521,85,641,277
601,2,146,94,262,278
601,1,557,259,733,442
601,6,101,229,290,416
601,3,521,85,642,310
602,1,556,259,733,442
602,6,102,229,290,416
602,3,521,85,642,309
602,2,146,94,263,282
603,2,145,94,263,282
603,1,556,259,733,442
603,6,103,229,290,417
603,3,521,85,642,302
604,2,145,94,263,282
604,1,555,259,733,442
604,3,521,85,642,301
604,6,104,229,290,419
605,2,145,94,263,282
605,1,555,260,733,442
605,6,104,227,291,420
605,3,521,85,641,294
606,1,555,260,733,442
606,2,145,94,262,281
606,6,105,228,289,417
606,7,521,85,641,267
607,1,555,260,733,442
607,7,521,85,641,265
607,6,104,227,289,418
607,2,145,93,262,268
608,1,555,260,732,442
608,7,521,84,641,267
608,6,103,227,289,420
608,2,145,93,262,275
609,1,554,260,732,442
609,2,145,93,262,278
609,6,104,228,287,423
609,3,521,84,641,300
610,1,554,260,732,442
610,6,104,228,287,425
610,3,521,84,641,304
610,2,144,93,262,274
611,6,104,228,287,425
611,1,554,260,732,442
611,2,144,93,261,274
611,3,520,84,641,310
612,1,553,259,732,442
612,6,103,228,286,427
612,2,144,93,261,277
612,3,520,84,641,322
613,1,552,259,732,442
613,6,103,228,286,431
613,3,520,83,641,313
613,2,144,93,261,268
614,1,552,259,732,442
614,2,143,93,261,269
614,6,104,226,286,434
614,7,520,83,641,286
615,1,552,259,732,442
615,6,104,226,286,436
615,2,143,92,261,272
615,7,520,83,641,260
616,1,552,258,732,442
616,7,520,83,640,261
616,6,104,226,286,436
616,2,143,92,261,274
617,1,552,258,732,441
617,7,520,82,640,260
617,6,104,225,285,436
617,2,143,92,261,276
618,1,553,258,732,441
618,7,520,82,640,261
618,6,103,225,285,435
618,2,142,92,260,267
619,1,553,258,732,441
619,7,520,82,640,260
619,2,142,92,259,265
619,6,102,228,285,431
620,1,553,257,732,441
620,7,520,82,640,261
620,2,142,92,259,266
620,6,101,228,285,428
621,1,553,257,732,441
621,7,520,82,640,261
621,2,142,92,259,264
621,6,100,228,286,426
622,1,553,257,732,441
622,6,100,228,286,427
622,2,142,92,259,263
622,7,520,82,640,259
623,7,520,82,640,257
623,1,553,256,731,440
623,6,100,227,286,429
623,2,142,92,259,260
624,1,553,256,731,440
624,2,141,92,259,261
624,7,520,81,640,256
624,6,101,227,286,432
625,1,553,255,731,439
625,7,520,80,640,256
625,2,141,92,259,259
625,6,101,225,286,434
626,7,520,80,640,255
626,1,553,255,731,439
626,2,141,92,259,257
626,6,102,224,286,435
627,7,520,80,640,256
627,1,553,255,731,438
627,6,102,223,286,435
627,2,141,92,258,256
628,1,552,254,731,438
628,7,519,79,639,256
628,6,101,222,285,434
628,2,140,91,258,259
629,1,552,254,731,437
629,7,519,79,639,254
629,2,140,91,258,257
629,6,101,224,284,430
630,1,553,254,730,437
630,2,140,91,258,257
630,7,519,79,638,255
630,6,100,223,283,426
631,1,552,253,730,436
631,2,139,91,257,259
631,7,518,79,638,257
631,6,99,222,282,423
632,1,553,253,730,436
632,7,518,78,638,258
632,6,99,222,282,420
632,2,139,91,257,261
633,2,139,91,257,261
633,1,553,252,730,436
633,7,518,78,638,258
633,6,99,222,282,422
634,1,552,252,730,436
634,2,139,91,257,262
634,6,99,221,282,424
634,7,518,78,638,261
635,2,139,91,257,262
635,1,552,251,729,436
635,7,517,77,637,263
635,6,100,220,283,429
636,1,551,251,729,436
636,6,100,219,283,433
636,7,517,77,637,268
636,2,139,91,257,270
637,1,551,251,728,435
637,2,138,91,257,271
637,6,101,219,282,434
637,7,517,77,637,273
638,6,101,219,283,434
638,1,551,251,728,435
638,2,138,91,257,270
638,7,516,77,636,268
639,1,551,251,727,434
639,6,100,219,282,433
639,2,138,91,256,267
639,7,516,77,635,261
640,1,551,251,728,434
640,6,99,219,282,430
640,7,516,77,635,263
640,2,138,91,256,262
641,1,551,251,728,434
641,2,138,92,256,264
641,6,99,219,282,427
641,7,516,76,635,269
642,2,137,92,256,264
642,1,550,251,727,434
642,6,99,219,281,423
642,7,516,77,636,285
643,2,137,92,256,266
643,1,550,250,727,433
643,6,99,219,281,420
643,7,516,77,635,293
644,2,137,92,256,265
644,1,550,250,727,433
644,7,516,77,635,295
644,6,98,219,281,417
645,6,99,219,281,417
645,1,550,251,726,432
645,2,137,92,256,267
645,7,516,77,635,291
646,1,550,251,725,432
646,6,99,219,281,417
646,2,138,92,256,267
646,7,516,77,635,293
647,2,138,93,256,267
647,1,550,251,725,432
647,7,516,77,635,295
647,6,99,219,282,419
648,1,550,251,725,431
648,2,138,93,256,267
648,7,516,77,635,300
648,6,100,219,281,423
649,1,550,250,725,431
649,2,138,93,256,264
649,6,101,219,282,426
649,7,516,77,635,304
650,1,549,250,725,431
650,7,516,77,635,306
650,2,138,93,256,262
650,6,102,218,281,431
651,7,515,77,635,305
651,1,549,250,725,431
651,2,138,93,256,262
651,6,103,218,282,433
652,6,103,218,282,433
652,7,516,77,635,306
652,1,549,250,725,431
652,2,138,94,256,262
653,1,549,250,725,431
653,7,516,77,635,306
653,2,138,94,256,262
653,6,103,218,282,432
654,1,549,250,726,431
654,7,516,77,635,308
654,6,103,218,282,429
654,2,138,94,257,267
655,1,550,250,726,431
655,7,516,77,635,306
655,2,138,94,257,265
655,6,103,218,282,424
656,7,516,77,635,306
656,2,139,94,257,264
656,1,549,250,726,431
656,6,101,218,282,420
657,2,139,94,257,264
657,1,550,250,727,432
657,7,516,77,635,300
657,6,100,218,281,415
658,1,550,250,727,432
658,2,139,94,257,264
658,6,100,218,281,414
658,7,516,77,636,298
659,6,100,218,282,414
659,2,139,94,257,263
659,1,550,250,727,432
659,7,516,77,636,299
660,7,516,77,636,299
660,1,551,250,727,433
660,6,100,219,282,414
660,2,139,93,257,262
661,1,551,250,727,433
661,2,139,94,257,261
661,7,516,77,636,302
661,6,101,218,283,418
662,1,551,250,727,433
662,2,139,94,257,260
662,7,516,77,636,304
662,6,102,219,283,424
663,1,551,250,728,433
663,7,516,77,636,303
663,2,139,94,257,261
663,6,103,218,283,430
664,1,551,250,728,433
664,6,103,218,283,432
664,7,516,78,636,305
664,2,139,93,257,264
665,1,551,250,728,433
665,6,102,218,283,432
665,7,516,78,637,305
665,2,139,93,257,266
666,1,551,250,728,433
666,7,517,78,637,306
666,2,139,93,257,266
666,6,102,218,284,431
667,1,551,250,728,433
667,6,103,219,283,428
667,2,139,93,257,263
667,7,517,77,637,303
668,7,517,77,637,303
668,1,551,250,728,433
668,2,139,93,257,262
668,6,102,219,283,425
669,1,551,250,728,433
669,2,139,93,257,263
669,7,517,78,637,305
669,6,102,219,283,423
670,1,551,250,728,433
670,6,102,220,283,423
670,2,139,93,257,265
670,7,517,78,637,312
671,7,517,78,637,313
671,1,550,250,728,433
671,2,139,93,257,267
671,6,101,221,283,424
672,6,101,221,282,426
672,7,516,77,637,314
672,1,550,250,727,435
672,2,139,93,257,271
673,1,550,250,727,435
673,7,516,77,637,314
673,2,139,93,257,271
673,6,101,222,282,430
674,1,550,250,727,435
674,2,138,93,257,271
674,7,515,78,636,315
674,6,102,221,282,434
675,7,515,78,635,315
675,1,549,251,727,435
675,6,101,222,282,435
675,2,138,93,257,267
676,1,549,251,726,435
676,7,514,78,635,314
676,6,101,222,281,434
676,2,137,93,256,271
677,1,548,251,725,436
677,6,100,223,280,433
677,7,514,78,634,311
677,2,137,94,256,274
678,1,548,251,724,436
678,2,136,94,255,275
678,7,514,78,634,309
678,6,98,223,279,430
679,1,548,251,724,436
679,7,514,78,633,310
679,2,136,94,255,274
679,6,96,223,279,426
680,2,136,94,255,274
680,1,548,250,724,435
680,7,514,78,633,311
680,6,95,223,279,424
681,1,548,250,724,435
681,2,136,94,255,273
681,7,513,78,633,310
681,6,95,223,279,422
682,1,548,250,723,435
682,2,136,94,254,273
682,7,513,78,633,311
682,6,95,223,278,424
683,1,548,249,723,435
683,7,513,78,632,313
683,6,95,223,278,425
683,2,136,94,254,271
684,1,547,249,723,435
684,7,513,78,632,312
684,2,136,94,254,272
684,6,97,223,278,427
685,7,513,78,633,312
685,1,546,249,723,436
685,2,136,94,254,274
685,6,99,223,279,431
686,7,513,78,632,312
686,2,136,94,255,275
686,1,545,248,723,435
686,6,99,223,279,434
687,6,99,223,279,434
687,2,136,94,255,274
687,7,514,78,633,312
687,1,543,248,723,435
688,2,136,93,255,274
688,1,544,247,724,436
688,6,99,224,279,434
688,7,514,78,633,311
689,1,544,247,724,436
689,7,514,78,633,310
689,6,98,224,280,433
689,2,136,93,255,272
690,1,544,247,724,436
690,7,514,78,633,310
690,2,136,94,255,271
690,6,98,224,280,430
691,1,543,247,724,437
691,2,136,94,255,268
691,6,96,224,280,427
691,7,514,78,634,299
692,7,514,78,634,299
692,2,136,94,255,267
692,1,543,247,725,437
692,6,95,224,280,425
693,6,95,223,280,424
693,7,514,78,634,299
693,1,543,247,724,437
693,2,136,94,255,268
694,2,136,94,255,268
694,1,542,247,724,437
694,6,95,223,280,425
694,7,514,77,634,302
695,1,542,248,724,437
695,2,136,94,255,269
695,7,514,77,634,303
695,6,96,223,280,427
696,1,542,248,724,437
696,2,136,94,255,269
696,7,514,77,634,302
696,6,97,223,280,430
697,1,542,248,724,437
697,7,514,77,634,301
697,2,136,93,255,271
697,6,99,223,280,434
698,2,136,94,255,272
698,1,541,248,724,437
698,6,99,223,280,435
698,7,514,77,633,305
699,6,99,223,280,435
699,1,541,248,724,437
699,2,136,94,255,270
699,7,514,77,632,291
700,2,136,94,255,271
700,6,99,223,279,435
700,1,541,249,724,437
700,7,514,77,633,303
701,2,136,94,255,271
701,1,541,250,724,437
701,6,98,223,280,433
701,7,514,77,633,306
702,7,514,78,633,306
702,2,136,94,255,271
702,1,542,250,724,437
702,6,97,224,280,429
703,2,136,94,255,270
703,1,542,250,724,438
703,7,514,78,633,303
703,6,96,224,280,426
704,1,541,250,723,438
704,2,136,94,255,269
704,6,96,224,279,423
704,7,514,77,632,299
705,1,543,251,723,438
705,6,96,224,280,422
705,7,514,77,633,303
705,2,137,94,254,265
706,1,543,251,723,438
706,2,137,94,254,265
706,6,96,225,280,422
706,7,514,78,633,313
707,1,542,251,723,438
707,7,514,78,633,313
707,6,97,225,280,423
707,2,137,94,255,267
708,7,514,78,633,314
708,1,542,252,724,438
708,2,137,94,255,264
708,6,99,225,280,425
709,7,514,78,633,315
709,1,542,252,724,438
709,2,137,94,255,265
709,6,100,225,280,429
710,7,514,79,633,314
710,2,137,94,255,264
710,1,541,253,723,438
710,6,101,225,280,433
711,7,514,79,633,314
711,2,137,94,255,265
711,1,540,254,723,438
711,6,101,225,280,435
712,7,514,79,633,314
712,1,540,255,723,438
712,6,101,225,280,435
712,2,137,95,255,264
713,7,514,79,633,314
713,6,100,225,280,434
713,2,137,95,255,265
713,1,539,256,723,438
714,7,514,79,633,314
714,1,538,256,723,438
714,6,100,225,280,433
714,2,137,95,255,267
715,2,137,95,255,267
715,7,514,79,632,314
715,1,538,256,723,438
715,6,99,225,280,429
716,7,514,79,632,314
716,1,538,257,723,438
716,2,137,95,255,267
716,6,98,225,280,426
717,7,514,79,632,314
717,2,137,95,255,267
717,1,538,257,723,438
717,6,97,226,280,424
718,6,97,226,280,424
718,2,137,95,255,267
718,7,514,79,632,315
718,1,538,258,723,438
719,7,514,80,632,315
719,1,538,258,722,439
719,6,98,226,280,425
719,2,137,95,255,268
720,7,513,80,632,315
720,2,137,96,255,269
720,1,539,259,722,439
720,6,98,226,280,428
721,1,540,260,722,437
721,7,513,80,632,312
721,6,99,225,280,431
721,2,137,96,256,259
722,1,540,260,722,437
722,7,513,80,632,311
722,2,137,96,256,260
722,6,99,225,280,434
723,1,540,260,722,437
723,2,137,96,256,259
723,6,99,225,280,435
723,7,513,80,632,308
724,6,99,225,280,435
724,1,540,260,722,437
724,7,513,80,632,310
724,2,137,96,256,263
725,1,539,260,722,438
725,6,98,225,280,434
725,2,137,96,256,264
725,7,513,80,632,307
726,2,137,96,256,264
726,1,539,261,722,438
726,7,513,80,632,304
726,6,97,226,280,432
727,1,539,261,722,438
727,2,137,96,256,263
727,7,513,80,632,306
727,6,96,226,280,430
728,1,539,261,722,438
728,2,137,96,256,263
728,6,96,226,280,428
728,7,513,81,632,314
729,1,539,261,722,438
729,6,95,226,280,426
729,2,137,96,256,259
729,7,513,80,632,303
730,1,539,261,722,438
730,6,95,226,280,426
730,2,137,96,256,259
730,7,513,81,632,305
731,2,137,96,256,259
731,1,538,262,722,439
731,7,513,81,632,306
731,6,96,226,280,427
732,1,538,262,722,439
732,2,137,96,256,259
732,7,513,81,632,308
732,6,96,227,280,429
733,2,137,96,256,259
733,1,538,262,722,438
733,6,96,227,280,431
733,7,513,81,632,301
734,1,538,262,721,438
734,2,137,96,255,259
734,6,97,227,280,434
734,7,513,81,632,306
735,1,538,262,721,438
735,6,97,225,280,434
735,2,137,96,255,261
735,7,513,81,632,301
736,1,538,262,721,438
736,2,137,96,255,261
736,6,97,225,280,435
736,7,513,81,632,303
737,2,137,96,255,261
737,1,537,262,721,438
737,6,96,225,279,435
737,7,512,81,632,307
738,1,538,262,721,439
738,6,96,225,279,435
738,2,137,96,255,261
738,7,512,81,631,315
739,1,537,262,721,439
739,7,512,81,631,316
739,2,137,96,255,259
739,6,95,227,279,433
740,7,512,81,631,317
740,1,537,262,721,439
740,2,136,96,255,261
740,6,94,227,279,430
741,1,537,262,721,439
741,7,512,81,631,317
741,6,94,227,279,430
741,2,136,96,255,260
742,1,537,262,721,439
742,7,512,81,631,317
742,2,136,96,255,259
742,6,95,227,279,431
743,1,537,262,721,439
743,7,512,81,631,317
743,2,136,96,254,260
743,6,97,227,279,434
744,1,537,262,721,438
744,2,136,96,254,260
744,7,512,81,631,316
744,6,97,225,279,435
745,1,538,262,721,438
745,7,512,81,631,317
745,2,137,96,254,258
745,6,98,225,279,436
746,1,538,262,721,438
746,7,512,81,631,317
746,6,98,225,279,436
746,2,137,96,255,258
747,1,538,262,721,438
747,7,512,81,631,317
747,6,98,224,280,435
747,2,137,96,255,261
748,7,512,81,631,317
748,1,538,263,721,438
748,2,137,96,255,261
748,6,98,224,280,433
749,1,538,263,721,439
749,7,512,81,631,317
749,2,137,96,255,259
749,6,97,226,279,432
750,1,538,263,721,439
750,7,512,81,631,316
750,2,137,96,255,259
750,6,97,226,279,429
751,1,538,263,722,439
751,2,137,97,255,258
751,7,512,81,631,317
751,6,97,226,279,428
752,7,512,81,631,317
752,1,538,263,722,439
752,2,137,97,255,260
752,6,97,227,279,430
753,1,538,263,722,439
753,2,137,97,255,260
753,7,512,81,631,317
753,6,99,227,279,432
754,1,538,263,722,440
754,7,512,81,631,316
754,2,137,97,255,262
754,6,99,225,280,434
755,7,512,82,631,316
755,1,538,263,722,440
755,6,99,225,280,435
755,2,137,97,255,265
756,7,512,82,631,316
756,1,538,263,722,440
756,6,99,225,280,438
756,2,137,97,255,261
757,6,99,225,280,439
757,1,538,263,723,440
757,2,137,97,256,263
757,7,513,81,632,301
758,1,538,263,723,440
758,6,99,225,280,436
758,2,137,97,256,260
758,7,513,81,632,305
759,1,539,262,723,440
759,2,137,97,256,259
759,6,98,225,280,434
759,7,513,81,632,293
760,2,137,96,256,259
760,1,539,262,724,442
760,6,97,227,280,433
760,7,513,81,632,299
761,1,538,262,724,441
761,2,137,96,256,260
761,6,96,227,280,429
761,7,513,81,633,291
762,1,538,261,724,441
762,2,137,96,256,260
762,6,95,227,280,428
762,7,514,81,633,298
763,2,137,96,256,260
763,6,96,227,280,429
763,1,538,261,724,441
763,7,514,81,633,299
764,1,538,260,723,441
764,2,137,96,256,258
764,6,97,226,280,432
764,7,514,81,633,293
765,2,137,96,256,258
765,1,538,260,723,441
765,7,514,81,633,295
765,6,98,226,280,435
766,1,538,259,723,441
766,2,138,96,256,258
766,7,514,81,633,293
766,6,98,225,281,435
767,7,514,81,633,293
767,1,538,260,723,441
767,2,138,95,256,258
767,6,99,225,281,437
768,6,98,224,281,437
768,1,538,260,723,441
768,2,138,95,256,257
768,7,514,81,633,289
769,2,138,95,256,256
769,1,538,260,723,441
769,6,98,224,281,436
769,7,514,81,633,282
770,2,138,95,256,257
770,7,514,81,633,283
770,1,539,261,722,441
770,6,96,224,281,434
771,2,138,95,256,258
771,1,538,261,722,441
771,6,95,226,281,433
771,7,514,81,633,263
772,7,514,81,633,262
772,2,138,95,256,257
772,1,539,263,722,440
772,6,95,226,281,430
773,2,138,95,256,257
773,1,538,264,723,441
773,6,94,226,281,426
773,7,514,81,633,281
774,6,94,227,280,426
774,2,138,95,256,258
774,1,538,265,722,440
774,7,514,81,633,296
775,7,514,81,633,296
775,2,138,95,256,257
775,1,537,265,723,441
775,6,95,226,281,426
776,2,138,96,256,257
776,6,97,226,281,428
776,1,540,264,723,441
776,7,514,81,633,282
777,2,138,95,256,257
777,1,540,265,723,441
777,6,98,226,282,433
777,7,514,81,633,295
778,1,540,264,723,440
778,6,98,224,282,434
778,2,138,95,256,261
778,7,514,81,633,306
779,7,514,81,633,306
779,6,98,224,282,435
779,2,139,95,256,259
779,1,540,268,722,440
780,2,139,95,256,258
780,1,539,268,722,440
780,7,514,81,633,305
780,6,97,224,282,434
781,1,540,268,722,440
781,2,139,95,256,259
781,6,97,226,282,434
781,7,514,80,633,273
782,1,540,268,723,440
782,2,139,95,257,258
782,6,95,226,282,430
782,7,514,81,633,288
783,2,139,95,257,259
783,7,514,81,634,287
783,1,539,268,723,440
783,6,94,226,282,428
784,2,139,95,257,259
784,1,539,268,723,440
784,6,94,226,282,425
784,7,514,81,634,285
785,1,538,268,723,440
785,6,95,226,282,427
785,2,139,95,257,260
785,7,514,81,634,288
786,2,139,95,257,261
786,1,539,270,723,440
786,7,514,81,634,290
786,6,96,226,282,429
787,1,539,270,723,441
787,2,139,95,257,261
787,6,98,226,282,433
787,7,514,81,634,270
788,2,139,95,257,261
788,7,514,81,634,269
788,1,540,271,723,441
788,6,99,226,282,434
789,6,99,226,282,434
789,1,540,271,723,441
789,2,139,95,257,261
789,7,514,81,634,268
790,1,540,271,723,441
790,2,139,95,257,262
790,6,98,225,282,434
790,7,514,82,634,280
791,1,540,271,723,441
791,2,139,95,257,263
791,7,514,82,634,276
791,6,97,225,282,432
792,2,139,95,257,264
792,1,540,270,724,441
792,6,96,225,282,429
792,7,514,82,634,262
793,1,540,270,724,441
793,7,513,82,634,262
793,2,139,95,257,262
793,6,95,225,282,426
794,6,95,225,282,426
794,2,139,95,257,261
794,1,541,270,724,441
794,7,513,82,634,258
795,1,540,270,724,441
795,2,139,95,257,260
795,6,97,225,282,428
795,7,513,82,634,263
796,1,540,270,724,441
796,2,139,94,257,260
796,6,97,226,282,430
796,7,512,82,634,285
797,1,540,269,725,441
797,2,139,94,257,259
797,7,512,82,634,281
797,6,99,225,282,434
798,2,139,94,257,260
798,1,540,269,725,441
798,6,100,225,282,435
798,7,512,82,634,283
799,2,139,93,257,260
799,1,541,269,725,441
799,6,99,224,283,434
799,7,512,82,634,281
800,6,99,224,283,434
800,1,541,269,725,441
800,2,140,93,257,262
800,7,512,82,634,263
801,1,541,269,726,441
801,2,140,93,257,262
801,6,100,225,282,434
801,7,511,82,634,275
802,1,542,269,726,441
802,2,140,93,257,263
802,6,99,226,282,431
802,7,511,83,634,261
803,1,542,269,726,441
803,2,140,93,257,263
803,7,511,82,635,260
803,6,98,225,282,426
804,1,543,269,726,441
804,6,97,225,282,425
804,2,140,92,258,265
804,7,511,82,635,258
805,1,543,269,726,441
805,6,97,225,282,425
805,2,140,92,258,267
805,7,511,82,635,261
806,2,140,92,258,267
806,6,97,225,283,425
806,1,543,270,727,441
806,7,511,82,635,287
807,1,544,270,727,441
807,7,511,81,635,286
807,2,140,92,258,270
807,6,99,225,283,428
808,1,544,271,727,440
808,2,140,92,259,271
808,7,511,81,636,288
808,6,99,225,283,431
809,1,544,270,727,440
809,7,511,81,636,290
809,6,99,223,284,433
809,2,140,92,258,267
810,2,140,91,258,266
810,1,545,270,728,440
810,6,100,223,284,434
810,7,511,80,636,298
811,2,140,92,259,266
811,6,100,223,284,434
811,1,544,270,728,440
811,7,511,80,636,299
812,6,100,223,284,434
812,1,545,270,728,440
812,2,140,92,259,264
812,7,512,80,636,295
813,1,545,269,728,439
813,6,99,224,284,433
813,2,140,91,259,260
813,7,511,79,636,269
814,2,140,91,259,261
814,1,544,269,729,439
814,6,98,223,283,428
814,7,511,79,636,302
815,7,511,79,636,301
815,1,545,268,729,439
815,2,140,91,259,263
815,6,98,223,283,425
816,1,546,268,729,439
816,6,97,223,282,423
816,7,510,79,636,304
816,2,140,91,260,268
817,6,97,223,283,422
817,1,547,267,729,439
817,2,140,91,260,274
817,7,510,78,636,256
818,1,547,267,730,438
818,2,140,90,260,275
818,6,98,223,283,423
818,7,509,78,636,308
819,1,547,266,730,438
819,6,99,223,282,424
819,2,140,89,261,279
819,7,508,78,636,303
820,1,547,266,730,438
820,2,140,89,262,276
820,6,100,223,284,427
820,7,506,78,637,297
821,1,547,266,731,438
821,2,140,89,262,278
821,6,100,223,286,431
821,7,505,78,636,289
822,1,547,266,731,439
822,2,140,89,263,278
822,6,101,221,287,434
822,7,503,78,636,300
823,1,547,266,731,439
823,6,101,221,288,434
823,7,501,78,637,298
823,2,141,90,264,281
824,6,101,221,288,434
824,1,548,266,732,439
824,2,142,89,266,282
824,7,499,78,636,305
825,1,548,266,733,439
825,6,100,220,288,432
825,7,497,79,635,305
825,2,142,90,267,283
826,1,550,266,733,438
826,6,100,221,287,428
826,2,144,88,268,283
826,7,497,79,634,312
827,1,550,266,733,438
827,6,101,221,288,424
827,7,495,79,634,315
827,2,144,86,270,285
828,1,551,266,733,438
828,6,100,221,288,421
828,2,146,86,271,285
828,7,494,79,633,318
829,1,551,266,734,438
829,6,100,221,289,418
829,7,492,79,633,318
829,2,148,85,272,286
830,1,552,265,734,438
830,6,99,221,289,418
830,7,490,80,633,319
830,2,149,84,274,286
831,1,552,265,734,438
831,6,100,222,289,419
831,7,489,80,632,320
831,2,151,85,276,285
832,1,551,265,734,438
832,6,100,221,289,423
832,7,487,80,632,314
832,2,153,84,279,284
833,1,551,265,734,438
833,7,486,81,632,314
833,6,100,221,290,425
833,2,154,81,281,287
834,1,551,265,735,438
834,7,485,81,632,312
834,6,101,221,289,431
834,2,157,81,284,244
835,1,551,266,735,439
835,7,483,82,632,312
835,6,101,221,289,434
835,2,159,80,288,243
836,1,551,265,735,438
836,6,100,223,290,433
836,7,481,83,631,311
836,2,161,78,291,291
837,1,552,265,735,438
837,6,100,220,290,433
837,7,479,83,631,317
837,2,164,78,295,291
838,1,552,265,735,439
838,6,100,220,289,431
838,7,478,84,630,321
838,2,167,79,299,291
839,1,552,265,735,439
839,6,100,222,289,428
839,7,476,85,628,321
839,2,170,80,303,290
840,1,553,266,735,440
840,6,100,222,289,424
840,7,475,86,626,353
840,2,173,81,308,258
841,6,100,223,290,424
841,1,553,265,735,439
841,7,473,88,624,355
841,2,176,80,316,284
842,1,554,265,734,439
842,6,100,223,290,424
842,7,470,90,622,357
842,2,178,81,324,240
843,1,554,265,734,439
843,6,100,223,290,424
843,7,467,91,621,358
843,2,179,81,331,242
844,1,554,265,734,439
844,6,101,223,290,424
844,7,464,92,620,359
844,2,179,82,340,242
845,1,554,265,734,439
845,6,101,223,290,428
845,7,460,94,617,361
845,2,179,82,347,273
846,1,554,265,735,439
846,6,102,223,290,431
846,2,178,83,353,273
846,7,457,96,613,361
847,1,554,265,735,439
847,6,102,223,290,433
847,2,179,83,358,273
847,7,449,98,609,361
848,1,554,265,735,439
848,6,102,223,290,434
848,7,447,99,604,360
848,2,179,84,365,261
849,1,554,265,735,439
849,6,101,223,290,434
849,7,446,102,599,361
849,2,179,83,369,251
850,6,101,223,290,433
850,1,554,265,735,438
850,7,444,102,606,361
850,2,179,85,372,258
851,1,554,264,735,438
851,6,100,223,290,428
851,7,441,104,610,361
851,2,180,86,378,247
852,1,554,264,735,438
852,6,100,223,290,425
852,7,437,107,609,361
852,2,180,86,381,244
853,1,554,264,735,437
853,6,100,223,290,424
853,2,180,87,384,245
853,7,433,109,610,360
854,6,100,223,290,423
854,1,554,264,735,438
854,7,429,111,610,360
854,2,181,88,390,245
855,1,554,264,735,438
855,6,101,223,290,424
855,2,180,90,394,247
855,7,426,113,581,361
856,1,554,263,734,438
856,6,101,223,290,425
856,2,180,91,396,250
856,7,424,114,576,360
857,1,554,263,734,438
857,6,103,223,290,426
857,2,180,93,394,245
857,7,421,117,597,360
858,1,554,263,734,437
858,6,103,223,290,430
858,2,180,95,397,256
858,7,420,121,575,360
859,1,555,263,734,437
859,6,103,222,291,432
859,2,180,96,397,246
859,7,418,123,567,360
860,1,554,262,734,437
860,6,103,223,290,430
860,2,180,99,398,246
860,7,416,124,564,361
861,1,554,262,734,436
861,2,180,100,397,246
861,6,103,223,290,427
861,7,415,126,561,360
862,1,554,262,734,436
862,6,102,223,290,424
862,7,412,128,559,360
862,2,179,102,396,250
863,1,554,261,734,436
863,6,101,223,290,423
863,7,411,129,557,360
863,2,179,103,398,268
864,6,101,223,290,423
864,1,555,261,734,436
864,7,409,132,555,360
864,2,179,104,399,284
865,1,555,261,734,436
865,6,101,223,290,423
865,7,408,133,554,360
865,2,179,106,396,293
866,1,555,261,734,436
866,6,102,223,290,424
866,7,406,134,554,360
866,2,180,107,397,293
867,1,555,262,734,436
867,7,405,135,554,360
867,6,104,223,290,427
867,2,180,106,404,290
868,1,555,262,734,436
868,7,404,137,556,360
868,6,104,222,291,432
868,2,180,108,398,294
869,1,555,262,734,436
869,2,180,109,397,294
869,6,104,222,291,434
869,7,403,138,553,360
870,1,555,262,734,436
870,6,103,222,291,433
870,2,180,109,399,294
870,7,402,140,552,360
871,1,555,261,734,436
871,2,180,109,398,294
871,7,402,142,553,361
871,6,103,221,291,430
872,1,555,261,734,436
872,7,401,142,554,361
872,2,180,109,397,292
872,6,102,222,291,427
873,1,555,262,734,436
873,2,180,109,395,292
873,7,400,143,554,361
873,6,101,222,291,423
874,1,555,262,735,436
874,2,180,109,395,293
874,6,101,221,291,422
874,7,400,143,553,361
875,1,555,262,735,436
875,6,101,221,291,423
875,2,181,109,394,293
875,7,399,144,551,361
876,1,555,261,735,436
876,2,180,108,393,293
876,7,398,144,550,361
876,6,102,221,291,424
877,1,555,261,735,436
877,7,398,145,551,361
877,2,180,107,392,292
877,6,103,221,292,427
878,1,555,261,735,436
878,7,397,146,552,361
878,6,105,221,292,430
878,2,180,106,389,293
879,1,556,261,736,436
879,2,180,106,388,293
879,7,397,147,552,361
879,6,106,221,293,433
880,1,556,261,735,436
880,6,106,221,293,433
880,7,396,147,553,361
880,2,179,105,389,294
881,1,556,261,735,436
881,7,396,148,553,361
881,6,105,221,293,430
881,2,179,104,390,292
882,1,556,260,735,436
882,7,395,148,554,360
882,6,105,221,292,426
882,2,181,103,380,293
883,1,556,260,736,436
883,7,395,148,553,360
883,6,104,220,292,424
883,2,180,103,386,291
884,1,556,260,735,436
884,6,104,221,292,423
884,7,394,148,553,360
884,2,181,103,372,295
885,1,556,260,735,436
885,6,104,221,292,424
885,7,393,148,552,361
885,2,179,103,371,294
886,1,556,260,735,436
886,7,393,148,553,360
886,6,105,221,292,425
886,2,180,101,378,290
887,1,555,261,735,435
887,6,105,221,292,426
887,7,393,148,557,360
887,2,180,100,388,282
888,1,555,261,735,435
888,6,106,221,292,429
888,2,179,100,388,288
888,7,392,148,565,361
889,1,555,261,735,435
889,6,107,220,291,433
889,7,392,148,570,361
889,2,179,100,385,272
890,1,554,261,734,435
890,6,106,220,291,435
890,7,392,148,575,361
890,2,180,100,375,283
891,6,106,220,291,435
891,1,554,261,734,435
891,7,392,149,578,361
891,2,180,100,364,271
892,1,554,260,734,435
892,6,105,220,291,433
892,2,180,100,365,274
892,7,392,149,585,361
893,1,554,260,733,435
893,6,104,220,290,429
893,2,180,100,370,274
893,7,392,148,574,361
894,1,553,259,733,435
894,6,103,220,290,425
894,7,392,148,561,361
894,2,178,100,377,262
895,1,553,260,733,435
895,6,103,220,290,424
895,7,392,148,556,361
895,2,179,99,384,274
896,1,553,259,733,435
896,6,103,220,289,424
896,7,393,147,551,361
896,2,178,99,383,288
897,1,553,260,733,435
897,6,103,220,289,425
897,7,393,147,550,361
897,2,179,100,371,291
898,1,553,259,733,435
898,7,393,147,550,361
898,6,104,220,290,428
898,2,179,99,366,286
899,1,553,260,733,435
899,7,393,146,552,361
899,6,105,220,290,431
899,2,179,99,367,276
900,1,553,259,733,435
900,7,393,146,550,361
900,6,106,220,290,434
900,2,178,99,369,256
901,1,553,259,733,435
901,6,105,220,290,434
901,2,178,99,369,258
901,7,392,145,559,360
902,1,553,259,733,435
902,6,104,220,289,432
902,2,178,99,367,255
902,7,393,145,552,361
903,1,553,259,732,435
903,7,393,145,552,361
903,6,104,220,289,428
903,2,180,99,366,270
904,1,553,259,732,435
904,7,394,145,554,361
904,6,103,220,289,426
904,2,180,99,368,277
905,1,553,259,732,435
905,7,394,145,554,361
905,6,103,220,289,423
905,2,180,99,369,283
906,1,553,259,732,435
906,6,103,220,290,424
906,7,394,145,561,360
906,2,180,99,370,273
907,1,553,259,733,435
907,6,104,220,290,425
907,7,394,144,554,361
907,2,180,99,370,281
908,1,553,259,733,435
908,7,394,144,553,361
908,6,106,220,290,426
908,2,181,99,371,287
909,1,554,259,733,435
909,2,181,99,371,288
909,6,107,220,290,428
909,7,393,144,563,360
910,1,554,259,733,435
910,2,181,99,372,288
910,7,394,144,562,361
910,6,108,220,290,434
911,1,554,260,734,435
911,6,108,220,290,435
911,7,394,143,560,361
911,2,181,99,372,280
912,1,554,260,734,435
912,6,107,220,290,435
912,7,394,143,562,361
912,2,180,100,371,264
913,1,554,260,734,435
913,7,395,143,563,361
913,6,107,220,290,433
913,2,181,99,374,282
914,1,554,260,734,435
914,6,106,220,290,429
914,2,181,100,375,284
914,7,395,143,566,361
915,1,554,260,734,435
915,7,395,143,567,361
915,6,106,220,290,427
915,2,182,100,375,287
916,1,554,260,734,436
916,6,105,220,290,426
916,2,182,100,376,285
916,7,395,143,573,361
917,1,554,260,734,436
917,6,107,220,290,425
917,2,181,100,375,287
917,7,395,143,579,361
918,1,554,260,734,436
918,2,181,101,375,287
918,6,108,220,290,426
918,7,396,143,581,361
919,1,554,260,734,436
919,2,181,101,374,288
919,7,396,143,583,361
919,6,107,220,290,429
920,1,554,260,734,436
920,7,396,143,583,361
920,2,181,101,374,288
920,6,108,220,290,432
921,1,554,260,734,436
921,2,181,102,374,288
921,6,107,220,290,433
921,7,397,143,582,361
922,6,107,220,290,433
922,1,554,260,734,436
922,2,180,103,374,290
922,7,398,144,576,361
923,1,554,261,734,436
923,2,180,103,373,291
923,6,106,220,290,431
923,7,398,144,581,361
924,1,554,261,734,436
924,2,180,103,372,291
924,6,105,220,290,428
924,7,398,144,584,361
925,1,554,260,734,436
925,2,180,103,372,291
925,7,399,144,583,360
925,6,105,220,290,425
926,1,554,260,734,436
926,7,399,144,583,361
926,6,104,220,290,424
926,2,180,103,371,287
927,6,104,220,290,424
927,1,554,260,734,436
927,7,399,143,582,361
927,2,180,103,371,290
928,1,554,260,734,436
928,2,180,103,371,290
928,7,400,143,580,361
928,6,105,220,289,427
929,1,554,260,734,436
929,2,180,103,372,292
929,6,106,220,289,428
929,7,400,143,577,361
930,1,554,260,734,436
930,2,180,103,372,291
930,7,401,144,576,361
930,6,106,220,290,433
931,1,554,260,734,436
931,2,180,104,372,292
931,7,401,143,575,361
931,6,107,220,290,436
932,1,554,260,734,436
932,2,180,104,372,292
932,6,107,220,290,436
932,7,401,143,572,361
933,1,554,260,734,436
933,2,180,104,374,292
933,7,401,143,570,361
933,6,106,220,290,434
934,1,554,260,734,436
934,7,401,143,570,360
934,2,180,104,375,292
934,6,105,220,290,432
935,1,554,260,735,436
935,2,180,104,377,293
935,6,104,220,290,428
935,7,402,143,556,361
936,1,555,260,734,436
936,2,180,104,378,293
936,6,104,220,290,426
936,7,403,143,554,361
937,6,104,220,290,425
937,1,555,260,735,436
937,7,403,142,553,361
937,2,182,103,382,293
938,6,104,220,290,425
938,1,555,260,735,436
938,7,404,142,552,361
938,2,182,103,394,293
939,1,555,260,735,436
939,6,105,220,290,426
939,7,404,142,551,361
939,2,182,103,386,294
940,1,555,261,735,436
940,7,404,141,550,361
940,6,106,220,290,428
940,2,180,104,387,294
941,1,555,261,735,436
941,7,404,141,549,361
941,6,107,220,290,432
941,2,180,104,392,294
942,1,555,261,735,436
942,7,405,141,548,361
942,2,180,105,394,294
942,6,108,220,290,436
943,2,180,105,393,293
943,1,555,261,735,437
943,6,108,220,290,436
943,7,405,140,547,361
944,7,405,140,547,361
944,1,555,260,735,436
944,2,180,105,392,294
944,6,107,220,290,435
945,1,554,260,735,436
945,7,405,140,547,361
945,2,182,103,391,295
945,6,105,220,290,431
946,1,554,260,735,436
946,7,405,140,548,361
946,6,104,220,290,427
946,2,180,105,381,295
947,1,554,260,735,436
947,7,405,139,548,361
947,2,180,105,380,295
947,6,104,220,290,424
948,2,180,104,380,295
948,1,554,260,734,436
948,7,405,139,548,361
948,6,103,220,289,423
949,1,554,260,734,436
949,6,103,220,289,424
949,7,405,138,547,360
949,2,180,104,378,295
950,1,554,260,734,436
950,7,405,138,547,360
950,6,104,220,289,425
950,2,180,104,389,295
951,1,554,260,734,436
951,7,405,138,546,360
951,2,180,105,390,294
951,6,105,220,289,428
952,7,405,137,546,360
952,1,553,260,734,436
952,2,180,105,384,295
952,6,105,220,289,434
953,1,553,259,734,436
953,7,405,137,546,361
953,6,106,220,288,437
953,2,180,104,379,294
954,1,553,259,734,437
954,6,105,220,288,437
954,7,405,136,546,361
954,2,180,104,377,294
955,7,404,135,546,361
955,1,553,260,734,437
955,6,103,220,288,437
955,2,180,104,379,295
956,1,552,260,734,437
956,2,180,104,377,295
956,7,404,135,546,361
956,6,102,220,288,433
957,1,552,260,733,437
957,7,404,134,546,361
957,6,101,220,288,426
957,2,180,104,386,295
958,1,552,260,733,437
958,6,101,220,288,425
958,7,403,134,547,361
958,2,180,105,382,294
959,1,552,259,733,437
959,6,101,220,288,423
959,7,402,134,548,361
959,2,180,105,376,294
960,6,101,220,288,423
960,7,402,133,547,361
960,1,552,260,733,437
960,2,179,105,376,294
961,1,552,261,733,437
961,7,402,133,548,360
961,2,180,105,376,291
961,6,103,220,288,425
962,1,552,261,732,437
962,2,180,105,376,290
962,6,104,220,288,427
962,7,403,131,550,360
963,1,553,261,733,436
963,2,180,105,377,292
963,7,403,131,552,361
963,6,105,220,288,431
964,1,553,261,732,436
964,2,180,105,379,292
964,7,403,130,551,360
964,6,105,220,288,434
965,1,552,261,732,436
965,6,105,220,288,436
965,2,180,105,376,293
965,7,404,129,548,360
966,1,552,260,732,436
966,7,404,128,548,360
966,6,104,220,288,436
966,2,182,104,373,294
967,1,552,260,732,436
967,2,182,104,372,293
967,7,404,127,550,360
967,6,103,220,288,434
968,1,552,261,732,436
968,7,404,127,549,361
968,6,103,220,288,428
968,2,180,105,367,291
969,1,552,261,732,436
969,7,404,127,548,360
969,6,102,220,288,425
969,2,182,104,366,292
970,1,552,261,732,436
970,7,404,127,547,360
970,6,102,220,288,423
970,2,182,104,369,291
971,1,553,260,732,436
971,7,404,127,547,360
971,6,102,220,288,420
971,2,180,108,371,299
972,1,553,261,732,435
972,7,404,126,547,360
972,6,103,220,288,419
972,2,180,108,378,299
973,1,553,261,732,435
973,2,180,110,378,299
973,7,404,126,546,360
973,6,104,220,288,423
974,1,552,261,732,436
974,7,404,126,546,360
974,6,105,220,289,426
974,2,182,107,369,297
975,1,552,261,732,436
975,7,404,126,549,360
975,6,106,220,289,432
975,2,182,110,348,299
976,1,553,261,732,436
976,6,106,219,289,434
976,7,404,126,551,360
976,2,183,110,343,263
977,1,553,261,733,436
977,6,107,219,289,436
977,2,184,113,343,252
977,7,403,126,574,360
978,1,553,261,733,436
978,6,105,219,289,436
978,2,184,114,343,259
978,7,404,126,552,360
979,1,554,261,733,436
979,6,104,219,289,435
979,7,403,127,551,360
979,2,184,117,343,264
980,1,554,261,733,436
980,7,404,127,550,360
980,6,103,219,289,434
980,2,183,120,343,263
981,1,554,261,733,436
981,6,104,220,289,433
981,7,404,127,548,360
981,2,184,123,343,264
982,1,553,261,733,436
982,7,404,127,549,360
982,6,103,220,289,427
982,2,182,127,343,278
983,1,553,261,733,436
983,7,404,127,550,360
983,6,103,220,289,425
983,2,182,128,343,287
984,1,553,261,733,436
984,6,103,220,289,424
984,7,404,127,549,360
984,2,181,129,343,282
985,1,553,261,733,436
985,7,404,127,550,360
985,6,104,220,289,425
985,2,180,129,342,281
986,1,553,260,733,436
986,7,404,127,551,360
986,6,104,220,289,429
986,2,180,129,340,283
987,1,553,260,732,436
987,7,405,127,551,360
987,2,179,128,339,283
987,6,104,220,289,433
988,1,553,260,732,436
988,6,105,220,288,435
988,7,405,127,554,360
988,2,179,126,336,279
989,1,553,260,732,436
989,6,106,220,289,436
989,7,405,127,552,360
989,2,179,123,334,281
990,7,405,127,552,360
990,1,553,260,732,436
990,6,105,220,288,437
990,2,178,121,332,282
991,1,552,261,732,436
991,7,406,127,552,360
991,6,104,220,289,438
991,2,177,119,327,294
992,1,552,261,732,436
992,7,406,126,554,360
992,6,103,220,288,434
992,2,178,116,324,295
993,1,552,261,732,436
993,6,103,220,289,431
993,7,406,126,551,360
993,2,178,114,320,294
994,1,552,261,732,436
994,7,406,126,554,360
994,6,102,220,289,426
994,2,178,113,315,295
995,7,406,126,556,360
995,1,553,260,732,435
995,6,102,220,289,422
995,2,176,111,312,295
996,1,553,260,732,435
996,7,407,126,553,360
996,6,102,220,289,418
996,2,175,110,308,296
997,1,553,260,732,435
997,6,102,220,289,418
997,7,407,125,553,360
997,2,175,108,303,296
998,1,553,260,732,435
998,6,103,220,289,419
998,7,407,126,552,360
998,2,174,107,298,295
999,1,553,260,732,435
999,7,407,126,551,360
999,6,104,221,289,421
999,2,174,105,293,295
1000,1,553,260,732,435
1000,7,407,126,552,360
1000,6,104,220,289,425
1000,2,173,104,290,295
1001,1,553,260,732,436
1001,7,407,125,551,360
1001,6,105,220,289,430
1001,2,173,101,287,295
1002,1,553,260,732,435
1002,7,407,125,552,360
1002,6,104,220,289,433
1002,2,173,101,285,292
1003,1,552,260,732,435
1003,6,104,220,289,434
1003,7,407,125,553,360
1003,2,173,96,283,280
1004,1,553,260,732,435
1004,6,104,219,289,434
1004,7,406,125,574,360
1004,2,174,86,284,250
1005,1,553,260,732,435
1005,6,104,220,289,433
1005,2,174,87,285,243
1005,7,407,125,558,360
1006,1,552,260,732,436
1006,7,406,125,555,360
1006,6,103,220,289,428
1006,2,174,84,287,257
1007,1,552,260,733,436
1007,7,407,125,554,360
1007,6,103,220,289,425
1007,2,173,80,288,239
1008,1,553,260,733,436
1008,7,407,125,555,360
1008,6,102,220,289,420
1008,2,173,79,281,238
1009,1,553,261,733,436
1009,6,102,220,289,418
1009,2,173,78,277,237
1009,7,407,125,573,360
1010,6,102,220,290,418
1010,1,554,261,734,435
1010,7,409,126,562,360
1010,2,172,77,276,273
1011,1,554,261,734,435
1011,6,103,220,290,419
1011,2,172,80,276,292
1011,7,408,125,583,360
1012,1,554,261,734,435
1012,7,409,126,585,360
1012,6,105,220,290,421
1012,2,170,78,287,250
1013,1,555,262,735,436
1013,7,410,126,584,360
1013,6,106,220,291,425
1013,2,170,79,283,233
1013,8,170,80,289,293
1014,1,555,261,735,436
1014,7,411,126,582,360
1014,6,107,219,290,430
1014,8,169,78,294,290
1015,1,555,261,735,436
1015,7,411,126,583,360
1015,8,168,78,293,290
1015,6,108,219,291,432
1016,1,556,261,736,436
1016,7,411,126,582,360
1016,6,108,219,291,434
1016,8,167,79,289,292
1017,1,556,262,736,436
1017,7,411,126,583,360
1017,6,107,219,291,433
1017,8,166,77,286,290
1018,1,556,261,736,436
1018,7,412,126,585,360
1018,6,106,219,290,432
1018,8,163,77,282,289
1019,1,556,261,736,436
1019,7,412,126,588,360
1019,6,106,218,290,428
1019,8,161,78,278,292
1020,1,556,261,736,436
1020,7,412,126,588,361
1020,6,104,219,290,425
1020,8,158,78,276,293
1021,1,556,261,736,436
1021,7,413,126,588,360
1021,8,156,77,275,293
1021,6,103,218,290,421
1022,7,413,126,588,360
1022,1,555,261,735,436
1022,6,103,217,289,417
1022,8,154,79,272,294
1023,7,413,125,588,360
1023,1,555,261,735,436
1023,6,104,218,289,417
1023,8,152,80,267,292
1023,2,151,81,264,225
1024,7,413,125,587,360
1024,1,555,261,735,436
1024,6,104,219,289,419
1024,2,151,82,261,224
1024,8,151,82,264,288
1025,1,554,262,734,436
1025,7,415,125,588,362
1025,2,150,82,259,225
1025,6,104,219,289,424
1026,1,554,261,734,436
1026,7,414,124,588,362
1026,6,104,219,289,427
1026,2,149,83,258,227
1026,8,148,82,261,283
1027,1,553,261,734,437
1027,7,415,124,586,361
1027,6,104,218,289,431
1027,8,148,83,260,280
1028,1,553,261,734,437
1028,7,414,124,585,361
1028,6,104,220,289,434
1028,8,147,85,259,275
1029,1,553,261,734,437
1029,6,103,221,289,435
1029,7,416,122,587,362
1029,2,145,86,256,236
1030,1,552,261,734,437
1030,7,417,122,588,362
1030,6,102,220,288,435
1030,8,143,85,258,270
1031,1,552,261,734,437
1031,6,102,220,288,433
1031,7,421,121,587,361
1031,8,141,86,260,276
1032,7,422,121,587,361
1032,1,552,260,734,436
1032,6,102,220,288,428
1032,8,140,87,259,273
1033,1,552,260,733,436
1033,6,102,220,288,426
1033,7,423,121,586,360
1033,8,138,88,261,274
1034,1,552,260,733,436
1034,6,102,220,288,425
1034,7,425,120,585,360
1034,8,136,88,259,273
1035,1,552,260,733,436
1035,7,425,120,586,360
1035,6,102,221,288,424
1035,8,135,89,260,276
1036,1,552,260,733,436
1036,7,425,119,587,360
1036,6,102,220,288,425
1036,8,132,86,261,281
1037,1,552,261,733,436
1037,6,103,220,288,426
1037,7,426,119,588,360
1037,8,130,87,261,279
1038,1,552,261,733,436
1038,7,426,118,588,360
1038,8,129,87,261,279
1038,6,104,220,288,429
1039,1,552,261,734,436
1039,7,426,117,588,360
1039,8,129,88,262,278
1039,6,104,219,289,433
1040,1,552,261,734,436
1040,8,129,89,262,278
1040,7,427,116,588,360
1040,6,105,219,289,434
1041,1,552,261,734,436
1041,7,427,115,589,360
1041,8,129,89,262,277
1041,6,106,219,288,436
1042,1,552,261,734,436
1042,6,106,219,288,435
1042,7,428,114,589,360
1042,8,129,90,263,278
1043,1,552,261,734,436
1043,6,105,219,288,433
1043,8,131,90,263,279
1043,7,427,113,588,360
1044,1,552,261,734,436
1044,6,104,218,288,431
1044,7,424,113,588,360
1044,8,133,90,263,280
1045,1,552,261,734,436
1045,7,423,112,589,360
1045,6,105,219,287,427
1045,8,136,90,263,278
1046,1,552,261,734,436
1046,6,104,219,287,425
1046,8,137,92,263,278
1046,7,427,111,589,361
1047,1,552,261,734,436
1047,6,105,219,287,425
1047,8,138,93,263,278
1047,7,432,111,587,361
1048,1,552,261,734,436
1048,6,105,219,287,425
1048,8,138,93,263,279
1048,7,423,110,581,360
1049,1,552,261,734,436
1049,8,139,94,263,279
1049,6,105,219,287,425
1049,7,435,110,577,360
1050,1,552,261,734,436
1050,8,139,94,264,279
1050,6,106,219,288,427
1050,7,434,108,588,361
1051,1,553,261,734,436
1051,8,139,94,263,278
1051,6,106,219,288,432
1051,7,432,107,579,360
1052,1,553,261,734,436
1052,8,139,93,264,278
1052,6,107,218,288,433
1052,7,432,106,575,360
1053,1,553,261,734,436
1053,6,108,218,288,435
1053,8,140,93,262,277
1053,7,442,106,583,360
1054,6,108,218,288,435
1054,1,553,261,734,436
1054,8,140,93,263,278
1054,7,438,105,583,360
1055,1,553,262,734,436
1055,8,140,93,263,277
1055,6,108,218,288,433
1055,7,438,105,578,360
1056,8,141,93,263,278
1056,1,554,261,734,435
1056,6,106,218,288,432
1056,7,439,104,577,360
1057,8,141,92,263,277
1057,1,553,262,734,436
1057,6,106,218,288,429
1057,7,441,104,578,360
1058,1,553,262,734,436
1058,8,141,92,264,278
1058,6,105,218,288,425
1058,7,440,103,582,360
1059,1,553,261,734,435
1059,8,141,92,265,281
1059,6,104,218,289,422
1059,7,441,102,579,360
1060,8,141,92,265,281
1060,1,552,261,734,435
1060,6,103,217,288,420
1060,7,441,101,584,360
1061,1,552,261,734,435
1061,8,141,92,265,281
1061,6,103,218,288,419
1061,7,441,100,583,360
1062,8,141,92,265,282
1062,1,551,260,734,435
1062,6,105,218,289,422
1062,7,437,99,584,360
1063,8,141,92,265,282
1063,1,551,259,734,435
1063,7,434,98,585,360
1063,6,106,218,289,426
1064,8,141,92,266,282
1064,1,550,259,734,435
1064,6,107,218,288,429
1064,7,432,98,588,360
1065,8,141,92,266,281
1065,1,549,259,735,435
1065,7,434,97,586,360
1065,6,108,218,288,433
1066,1,549,260,735,435
1066,8,141,92,266,281
1066,6,109,218,288,434
1066,7,431,97,590,360
1067,6,109,218,288,435
1067,1,549,260,735,436
1067,7,431,96,590,360
1067,8,142,94,266,279
1068,1,549,260,735,436
1068,8,142,94,266,279
1068,6,108,218,288,434
1068,7,428,95,593,360
1069,1,549,260,735,436
1069,8,142,94,266,279
1069,6,108,218,289,432
1069,7,432,95,593,360
1070,1,549,259,735,436
1070,8,142,94,266,280
1070,7,430,94,595,360
1070,6,107,218,288,427
1071,1,550,259,735,436
1071,8,142,94,266,280
1071,7,433,93,595,360
1071,6,105,218,289,424
1072,1,550,259,736,436
1072,8,142,94,266,279
1072,6,104,218,289,419
1072,7,440,92,596,359
1073,1,550,259,736,436
1073,6,103,218,289,418
1073,8,142,94,265,279
1073,7,438,91,596,359
1074,8,142,94,265,279
1074,1,551,259,736,436
1074,6,105,218,290,420
1074,7,442,90,597,359
1075,8,143,94,266,279
1075,1,552,259,737,436
1075,6,106,218,290,423
1075,7,448,89,599,359
1076,8,143,94,266,279
1076,1,551,259,737,436
1076,6,108,217,290,428
1076,7,458,88,600,359
1077,8,143,94,266,278
1077,1,551,260,737,436
1077,7,460,88,600,359
1077,6,109,217,290,434
1078,1,551,260,737,435
1078,6,110,218,290,436
1078,8,143,94,266,276
1078,7,471,86,601,359
1079,1,551,260,737,435
1079,8,143,94,266,276
1079,6,110,217,290,438
1079,7,458,84,601,360
1080,1,551,260,737,436
1080,8,143,93,266,275
1080,6,110,217,290,438
1080,7,474,83,603,359
1081,8,143,92,266,275
1081,1,552,258,737,436
1081,6,110,216,289,433
1081,7,476,80,607,360
1082,1,552,258,737,436
1082,8,143,92,266,275
1082,6,109,215,289,432
1082,7,476,79,608,360
1083,1,552,258,737,436
1083,8,143,92,266,275
1083,7,476,79,608,361
1083,6,108,215,289,428
1084,1,552,258,737,436
1084,8,143,92,266,276
1084,7,477,79,610,360
1084,6,107,216,289,425
1085,8,143,92,266,276
1085,1,552,258,736,436
1085,7,477,79,610,359
1085,6,106,216,290,420
1086,1,552,258,736,436
1086,8,143,92,266,277
1086,7,478,79,611,358
1086,6,104,216,289,417
1087,8,143,92,266,276
1087,1,551,258,736,436
1087,7,478,79,611,358
1087,6,102,215,290,415
1088,1,551,258,736,436
1088,6,102,216,290,415
1088,8,142,93,266,276
1088,7,479,79,612,357
1089,1,551,258,736,436
1089,8,142,93,266,276
1089,7,479,79,612,357
1089,6,102,216,289,417
1090,7,480,79,611,357
1090,8,142,92,266,276
1090,1,551,257,736,436
1090,6,103,216,289,420
1091,7,480,79,612,357
1091,1,551,257,736,436
1091,8,142,92,266,275
1091,6,105,216,289,424
1092,7,480,79,611,357
1092,1,550,256,736,436
1092,8,142,92,265,275
1092,6,105,215,289,431
1093,1,550,256,735,436
1093,7,480,79,611,357
1093,8,142,92,264,273
1093,6,106,215,289,435
1094,1,550,256,735,436
1094,7,479,79,612,357
1094,8,142,92,265,274
1094,6,105,214,289,437
1095,1,549,255,735,436
1095,6,105,214,289,437
1095,7,478,79,612,357
1095,8,142,92,264,274
1096,1,549,255,735,436
1096,8,141,93,264,274
1096,7,478,79,613,357
1096,6,105,215,288,436
1097,1,549,255,735,436
1097,7,477,79,613,357
1097,8,142,93,264,275
1097,6,104,214,288,434
1098,7,477,79,613,357
1098,1,548,254,735,436
1098,8,141,93,264,275
1098,6,103,215,288,430
1099,7,477,79,613,357
1099,8,141,92,264,275
1099,1,547,254,734,436
1099,6,103,214,287,424
1100,1,547,254,734,436
1100,7,477,79,613,357
1100,8,141,92,264,275
1100,6,102,215,287,419
1101,1,546,254,734,436
1101,7,477,79,613,357
1101,6,102,215,288,417
1101,8,141,92,265,276
1102,1,546,254,734,436
1102,7,477,79,612,357
1102,6,101,215,288,418
1102,8,140,92,265,276
1103,1,546,253,734,436
1103,6,101,215,288,418
1103,8,140,92,266,277
1103,7,477,79,612,358
1104,1,546,253,734,436
1104,8,141,92,266,278
1104,7,478,79,611,359
1104,6,103,215,288,421
1105,1,546,253,734,436
1105,8,140,92,265,277
1105,7,478,79,612,359
1105,6,103,214,288,425
1106,8,140,92,265,278
1106,1,546,253,734,436
1106,7,478,79,612,360
1106,6,105,214,288,430
1106,9,496,79,612,221
1107,7,478,79,612,360
1107,1,545,253,734,436
1107,8,140,92,265,278
1107,6,106,214,288,434
1108,1,546,253,734,436
1108,6,106,214,288,435
1108,7,478,79,613,360
1108,8,140,91,265,280
1109,6,107,214,288,436
1109,1,546,254,734,435
1109,7,478,78,614,361
1109,8,140,92,265,278
1110,1,546,254,733,435
1110,6,106,214,288,435
1110,7,478,78,615,361
1110,8,140,92,264,278
1111,8,141,93,264,278
1111,1,545,254,733,435
1111,7,478,78,616,361
1111,6,105,214,289,433
1112,1,546,254,733,435
1112,8,141,93,264,277
1112,7,478,78,617,362
1112,6,104,214,288,428
1113,1,546,254,733,434
1113,8,141,93,264,277
1113,7,478,77,618,364
1113,6,103,214,287,424
1114,1,546,254,733,435
1114,7,478,77,619,367
1114,6,103,214,287,420
1114,8,140,92,264,281
1115,1,546,253,733,435
1115,6,102,214,287,420
1115,8,140,92,265,281
1115,7,478,77,621,369
1116,1,546,253,733,434
1116,6,103,214,288,421
1116,8,141,92,264,282
1116,7,479,77,622,372
1117,1,546,253,733,434
1117,7,479,77,622,375
1117,6,105,214,288,422
1117,8,142,92,263,279
1118,1,545,253,733,434
1118,6,105,214,288,425
1118,8,142,92,262,278
1118,7,480,77,624,377
1119,1,546,254,733,435
1119,8,143,92,262,277
1119,7,480,75,626,381
1119,6,104,214,288,434
1120,1,546,254,733,435
1120,6,105,214,288,437
1120,7,480,75,628,383
1120,8,143,92,260,273
1121,1,546,254,733,435
1121,8,143,91,260,273
1121,6,105,214,287,438
1121,7,480,74,628,384
1122,1,546,254,733,434
1122,8,143,92,260,274
1122,7,480,74,629,384
1122,6,104,214,287,437
1123,1,545,254,733,434
1123,8,143,92,261,274
1123,7,480,73,629,385
1123,6,102,214,287,435
1124,7,481,73,630,384
1124,8,142,93,261,275
1124,6,102,214,287,433
1124,1,545,253,733,435
1125,1,545,253,733,435
1125,8,142,93,261,275
1125,7,481,73,629,383
1125,6,102,215,286,426
1126,1,546,253,733,436
1126,8,142,93,261,275
1126,6,102,216,287,424
1126,7,482,73,629,379
1127,1,546,253,732,436
1127,8,142,93,261,275
1127,6,102,216,286,422
1127,7,483,73,630,363
1128,1,546,253,732,436
1128,6,102,216,286,420
1128,8,141,92,260,275
1128,7,483,73,630,358
1129,1,546,253,732,436
1129,8,141,92,260,275
1129,6,102,216,286,421
1129,7,486,73,630,358
1130,8,141,92,260,274
1130,1,546,254,732,435
1130,6,102,216,286,424
1130,7,487,73,631,355
1131,1,546,253,732,435
1131,6,102,216,286,426
1131,8,141,92,259,272
1131,7,490,71,632,348
1132,1,545,254,732,435
1132,8,141,93,259,273
1132,6,103,216,286,432
1132,7,491,71,633,344
1133,1,545,254,732,434
1133,8,141,93,260,273
1133,7,493,71,634,343
1133,6,104,216,286,435
1134,8,141,93,260,273
1134,1,545,254,732,435
1134,6,105,216,286,436
1134,7,494,71,635,344
1135,1,546,254,733,435
1135,8,141,94,260,273
1135,6,105,216,286,436
1135,7,496,71,635,342
1136,1,546,253,733,435
1136,6,105,216,286,435
1136,8,141,94,260,274
1136,7,498,71,636,340
1137,8,141,94,260,274
1137,1,545,253,733,435
1137,6,104,216,286,434
1137,7,501,71,637,338
1138,8,141,94,261,274
1138,1,546,252,733,436
1138,6,104,216,286,429
1138,7,508,71,636,237
1139,8,141,94,260,273
1139,7,508,71,636,239
1139,1,547,253,733,435
1139,6,105,217,285,425
1140,8,141,94,261,273
1140,1,546,252,733,435
1140,6,105,217,285,422
1140,7,508,71,636,247
1141,8,141,94,261,273
1141,1,546,253,733,434
1141,6,103,217,286,418
1141,7,509,71,636,311
1142,8,141,94,261,273
1142,1,546,253,733,435
1142,6,102,216,286,417
1142,7,510,71,636,329
1143,1,547,253,734,435
1143,6,102,216,285,417
1143,8,142,94,260,272
1143,7,511,71,636,301
1144,1,547,253,734,435
1144,8,141,94,260,272
1144,6,103,217,285,418
1144,7,511,71,635,248
1145,8,141,94,260,271
1145,1,545,253,733,436
1145,6,104,217,286,422
1145,7,512,71,636,321
1146,8,141,94,260,271
1146,1,545,254,733,436
1146,6,104,218,286,425
1146,7,512,71,637,330
1147,1,545,254,733,436
1147,8,141,94,260,271
1147,6,104,217,286,430
1147,7,512,71,637,309
1148,1,545,254,733,436
1148,8,141,94,259,270
1148,7,512,71,637,311
1148,6,104,216,286,433
1149,1,545,254,733,436
1149,8,141,94,259,270
1149,6,104,216,286,435
1149,7,512,71,638,316
1150,6,104,216,286,435
1150,1,545,254,733,436
1150,8,141,94,258,269
1150,7,512,71,637,308
1151,1,545,254,733,436
1151,7,512,71,637,308
1151,6,103,216,286,433
1151,8,141,94,258,267
1152,1,546,254,733,436
1152,8,141,94,257,265
1152,6,102,216,286,429
1152,7,512,71,638,327
1153,1,546,254,733,436
1153,7,511,71,638,324
1153,8,141,94,258,267
1153,6,102,217,285,424
1154,1,547,254,733,435
1154,7,511,71,638,326
1154,8,141,94,258,268
1154,6,102,216,285,419
1155,1,546,254,733,436
1155,7,511,71,638,326
1155,8,141,94,258,270
1155,6,101,217,286,418
1156,1,546,254,733,436
1156,6,101,217,286,418
1156,7,511,71,637,328
1156,8,141,94,257,268
1157,1,546,254,733,436
1157,8,141,94,258,271
1157,6,103,218,285,418
1157,7,510,71,637,325
1158,7,510,71,637,325
1158,1,546,254,733,436
1158,8,141,94,257,271
1158,6,104,218,285,422
1159,1,546,255,733,435
1159,8,141,94,258,273
1159,6,105,218,285,425
1159,7,510,71,638,330
1160,1,546,254,733,435
1160,8,141,94,258,272
1160,7,510,71,638,331
1160,6,105,217,286,432
1161,7,510,71,638,332
1161,1,547,254,733,435
1161,8,141,94,258,270
1161,6,106,217,285,435
1162,1,547,254,732,435
1162,7,510,72,637,330
1162,6,107,217,285,437
1162,8,141,94,257,268
1163,1,546,254,732,435
1163,6,105,217,285,436
1163,7,510,71,637,334
1163,8,141,94,257,266
1164,1,546,254,732,435
1164,7,510,72,637,333
1164,6,104,217,285,435
1164,8,141,95,256,263
1165,1,546,254,732,435
1165,8,140,95,256,265
1165,7,510,72,637,329
1165,6,102,217,284,432
1166,1,546,254,732,435
1166,7,510,72,637,329
1166,8,140,95,257,266
1166,6,101,218,283,426
1167,1,546,254,732,435
1167,8,140,95,258,266
1167,6,101,219,283,423
1167,7,510,72,636,316
1168,7,509,72,636,317
1168,8,140,95,257,265
1168,1,547,254,733,436
1168,6,101,219,282,420
1169,1,547,254,733,436
1169,7,509,72,636,316
1169,6,101,219,282,420
1169,8,140,95,258,267
1170,7,509,71,636,316
1170,1,545,253,732,436
1170,6,102,219,282,422
1170,8,140,95,259,270
1171,8,140,95,259,270
1171,7,509,71,636,317
1171,1,546,254,732,434
1171,6,104,219,281,424
1172,1,546,254,732,434
1172,8,140,95,258,269
1172,6,104,219,282,431
1172,7,509,71,638,330
1173,1,546,254,732,435
1173,7,509,71,637,334
1173,6,105,218,282,435
1173,8,139,94,261,280
1174,1,546,253,732,435
1174,7,509,71,637,333
1174,6,106,218,282,438
1174,8,139,94,257,270
1175,1,546,253,732,434
1175,7,509,71,637,332
1175,6,106,217,282,440
1175,8,139,94,256,268
1176,7,509,70,637,332
1176,1,546,252,732,434
1176,8,139,94,257,269
1176,6,105,217,281,438
1177,7,509,70,637,331
1177,1,546,253,732,434
1177,8,139,94,256,268
1177,6,104,216,281,436
1178,1,546,252,732,434
1178,6,101,217,281,435
1178,8,139,94,257,271
1178,7,509,70,636,325
1179,1,546,252,731,434
1179,7,508,70,636,320
1179,6,101,216,280,427
1179,8,139,94,260,278
1180,1,546,252,731,434
1180,7,508,70,636,319
1180,8,139,94,259,278
1180,6,101,216,280,423
1181,7,508,70,636,320
1181,1,546,252,731,433
1181,6,101,216,280,424
1181,8,138,94,251,259
1182,1,545,251,731,433
1182,7,508,69,636,318
1182,8,138,94,251,258
1182,6,102,215,280,427
1183,7,509,69,635,318
1183,1,545,252,731,432
1183,8,138,94,251,257
1183,6,104,215,280,433
1184,1,545,251,731,431
1184,7,509,69,635,314
1184,6,104,215,281,435
1184,8,138,93,250,255
1185,1,545,251,731,430
1185,7,509,69,635,315
1185,6,105,215,281,437
1185,8,138,93,249,250
1186,1,545,251,731,430
1186,8,138,93,249,249
1186,6,105,215,280,439
1186,7,509,69,635,318
1187,1,545,250,731,430
1187,6,105,215,279,438
1187,8,138,93,249,247
1187,7,509,68,634,324
1188,1,545,250,731,430
1188,7,509,68,634,326
1188,8,138,93,250,246
1188,6,104,215,280,436
1189,1,545,250,731,429
1189,7,509,68,634,327
1189,8,138,93,250,245
1189,6,104,214,280,434
1190,1,545,250,731,429
1190,8,138,93,250,244
1190,7,509,68,634,326
1190,6,103,214,279,428
1191,1,545,250,731,429
1191,7,509,68,635,325
1191,8,138,93,250,245
1191,6,102,214,279,424
1192,1,545,250,731,429
1192,7,509,68,635,321
1192,8,138,93,249,244
1192,6,101,215,281,422
1193,6,101,214,281,422
1193,1,545,250,731,429
1193,8,138,93,250,244
1193,7,509,68,635,324
1194,1,545,250,731,429
1194,7,510,68,635,323
1194,6,102,214,279,422
1194,8,138,93,251,247
1195,1,545,250,731,429
1195,7,509,68,635,325
1195,8,138,93,251,246
1195,6,105,214,279,424
1196,1,545,250,731,429
1196,7,509,69,635,324
1196,8,138,93,251,247
1196,6,106,214,280,427
1197,7,509,68,635,324
1197,1,545,249,732,429
1197,8,139,93,252,250
1197,6,107,214,279,432
1198,7,509,68,635,324
1198,1,546,249,732,429
1198,8,139,93,252,248
1198,6,109,215,281,434
1199,7,509,68,635,324
1199,6,109,214,281,434
1199,8,139,93,252,250
1199,1,545,249,732,430
1200,7,510,68,635,324
1200,1,545,248,732,430
1200,8,139,93,252,248
1200,6,108,214,282,431
1201,7,510,68,636,321
1201,1,546,249,731,429
1201,6,107,213,280,426
1201,8,140,93,258,271
1202,7,510,68,636,321
1202,1,546,249,731,429
1202,8,140,93,258,271
1202,6,106,213,280,423
1203,7,510,68,636,322
1203,8,140,93,258,271
1203,1,546,249,731,429
1203,6,104,213,281,417
1204,1,546,249,731,429
1204,7,510,68,636,321
1204,8,140,93,258,271
1204,6,102,214,281,414
1205,8,140,93,258,271
1205,1,546,249,731,429
1205,7,510,68,636,320
1205,6,102,214,281,413
1206,8,140,93,258,271
1206,1,546,249,731,429
1206,7,510,68,636,319
1206,6,103,214,281,414
1207,1,546,249,731,429
1207,7,510,68,636,315
1207,6,104,213,281,417
1207,8,140,93,257,269
1208,1,546,249,731,429
1208,8,140,93,257,269
1208,7,510,68,636,318
1208,6,106,212,281,421
1209,1,546,249,731,429
1209,7,510,68,636,317
1209,8,140,93,259,271
1209,6,107,212,282,424
1210,1,546,249,731,429
1210,8,140,93,259,272
1210,7,510,68,636,314
1210,6,109,213,284,431
1211,1,546,248,731,429
1211,8,140,93,260,272
1211,6,109,213,284,433
1211,7,510,68,636,309
1212,6,109,213,284,433
1212,1,547,248,731,428
1212,7,510,68,636,307
1212,8,140,93,259,270
1213,8,140,93,259,269
1213,6,109,213,284,430
1213,1,547,248,732,430
1213,7,511,68,636,259
1214,8,140,93,259,269
1214,1,547,248,732,428
1214,6,107,212,284,427
1214,7,510,68,637,286
1215,1,547,248,732,428
1215,6,107,212,284,424
1215,8,141,93,261,271
1215,7,511,69,638,252
1216,1,547,248,732,428
1216,8,141,93,262,272
1216,7,511,69,638,249
1216,6,105,213,284,417
1217,1,547,248,732,428
1217,8,141,93,262,271
1217,7,511,69,638,247
1217,6,105,213,284,414
1218,1,548,248,732,428
1218,6,105,214,284,412
1218,7,511,69,638,245
1218,8,141,93,261,267
1219,1,547,248,732,428
1219,8,141,93,261,267
1219,6,106,214,285,414
1219,7,511,69,638,248
1220,1,547,248,732,428
1220,6,107,214,285,417
1220,8,141,93,263,271
1220,7,512,68,638,242
1221,1,548,247,732,428
1221,8,141,93,263,271
1221,7,512,69,638,240
1221,6,109,214,285,423
1222,1,548,247,732,428
1222,8,141,93,263,271
1222,7,512,69,638,241
1222,6,110,213,285,425
1223,7,512,68,638,241
1223,1,547,247,733,428
1223,8,141,93,262,270
1223,6,110,214,286,431
1224,7,512,69,638,241
1224,1,548,247,732,428
1224,8,141,93,263,270
1224,6,110,214,286,432
1225,1,547,247,732,428
1225,7,512,69,638,241
1225,6,109,214,286,431
1225,8,141,93,263,272
1226,1,547,247,732,428
1226,8,141,93,263,273
1226,7,512,68,638,242
1226,6,108,214,286,429
1227,8,141,93,263,273
1227,1,547,246,732,428
1227,7,511,68,638,243
1227,6,108,214,285,427
1228,1,547,246,732,429
1228,8,140,93,262,272
1228,6,107,213,283,423
1228,7,511,69,638,249
1229,8,140,93,262,272
1229,1,547,245,732,429
1229,7,511,68,638,247
1229,6,106,214,284,421
1230,8,140,93,262,273
1230,1,547,244,732,429
1230,6,105,214,283,419
1230,7,511,68,638,250
1231,6,105,214,283,419
1231,1,547,243,732,429
1231,8,140,93,262,273
1231,7,510,68,637,257
1232,8,140,93,262,273
1232,1,547,242,732,429
1232,6,106,213,283,421
1232,7,510,68,637,314
1233,1,546,241,732,429
1233,8,140,93,262,272
1233,6,105,213,283,424
1233,7,510,68,637,303
1234,1,544,241,732,429
1234,8,140,93,261,271
1234,6,105,213,284,426
1234,7,510,68,637,311
1235,8,140,93,261,272
1235,7,510,68,637,313
1235,1,543,239,732,431
1235,6,105,214,285,431
1236,6,104,214,285,431
1236,7,511,68,636,312
1236,1,543,238,732,431
1236,8,140,93,262,273
1237,8,140,93,262,273
1237,6,103,214,284,431
1237,7,511,68,636,310
1237,1,541,237,732,431
1238,7,511,68,637,309
1238,8,140,93,263,274
1238,6,102,214,284,427
1238,1,542,235,732,429
1239,8,140,93,263,274
1239,1,541,233,732,429
1239,6,101,214,284,424
1239,7,511,68,638,300
1240,8,140,93,263,274
1240,1,540,231,733,428
1240,6,101,214,284,420
1240,7,511,68,638,292
1241,7,511,68,638,291
1241,8,140,92,264,274
1241,1,540,230,733,429
1241,6,100,214,284,418
1242,8,140,92,263,274
1242,6,100,214,284,418
1242,1,541,228,733,429
1242,7,511,68,638,302
1243,8,140,92,263,274
1243,6,101,214,285,418
1243,1,539,226,733,429
1243,7,511,68,639,291
1244,8,140,92,263,273
1244,1,540,225,733,429
1244,6,103,214,285,421
1244,7,511,68,638,284
1245,8,140,92,263,273
1245,1,540,222,733,428
1245,6,103,213,286,424
1245,7,511,67,638,253
1246,8,140,92,263,272
1246,1,539,220,733,427
1246,6,104,214,286,428
1246,7,512,67,638,242
1247,7,512,67,638,242
1247,6,104,214,286,428
1247,8,140,92,263,272
1247,1,540,219,732,426
1248,8,140,92,263,273
1248,1,540,217,732,426
1248,6,103,214,286,427
1248,7,511,66,637,275
1249,8,140,92,263,273
1249,1,541,215,732,426
1249,6,103,213,285,424
1249,7,511,66,637,299
1250,8,140,92,263,273
1250,1,540,213,732,427
1250,6,102,214,285,422
1250,7,510,68,637,334
1250,10,512,67,637,242
1251,8,140,92,263,273
1251,1,539,211,732,427
1251,7,511,67,637,331
1251,6,101,214,285,416
1251,10,511,66,637,252
1252,8,140,91,263,273
1252,6,101,213,285,414
1252,7,510,66,637,334
1252,1,542,210,732,427
1253,8,140,91,264,273
1253,6,101,214,284,415
1253,1,544,207,732,426
1253,10,512,67,636,249
1253,7,510,66,637,328
1254,8,140,91,263,273
1254,6,101,214,284,416
1254,1,546,205,733,426
1254,7,510,65,636,292
1255,8,140,91,263,273
1255,6,102,214,284,418
1255,1,551,201,734,427
1255,7,510,65,636,269
1256,8,140,91,263,273
1256,6,103,213,283,422
1256,1,555,200,735,427
1256,7,510,65,637,329
1257,8,140,91,263,273
1257,7,510,65,638,331
1257,6,104,213,284,425
1257,1,558,200,736,426
1258,8,140,91,262,272
1258,7,510,65,636,331
1258,1,559,198,737,426
1258,6,103,213,285,427
1259,8,140,91,263,272
1259,1,561,197,737,426
1259,6,104,212,285,424
1259,7,510,65,638,335
1260,8,140,91,262,272
1260,6,102,213,285,425
1260,1,561,194,737,426
1260,7,510,65,635,335
1261,8,140,91,262,272
1261,7,510,65,634,332
1261,1,562,191,737,426
1261,6,102,213,285,421
1262,8,140,91,262,272
1262,7,510,65,634,332
1262,6,102,213,285,416
1262,1,564,187,736,426
1263,7,510,65,634,332
1263,8,140,91,262,272
1263,6,102,213,285,414
1263,1,562,186,736,426
1264,7,510,65,634,330
1264,6,102,213,284,413
1264,8,140,91,261,269
1264,1,558,183,735,426
1265,7,510,65,633,331
1265,8,140,92,261,270
1265,6,102,213,284,414
1265,1,555,182,735,426
1266,8,140,91,261,270
1266,7,510,64,633,331
1266,6,103,213,284,415
1266,1,550,182,735,426
1267,6,103,213,285,416
1267,8,140,91,260,268
1267,7,510,64,633,327
1267,1,546,182,735,427
1268,8,139,91,260,268
1268,7,509,64,633,328
1268,6,103,212,285,420
1268,1,550,181,734,426
1269,8,139,91,261,269
1269,7,509,64,634,331
1269,6,103,212,285,424
1269,1,560,180,734,426
1270,7,509,64,635,330
1270,6,104,212,285,426
1270,8,139,91,261,270
1270,1,551,180,733,426
1271,6,104,212,284,426
1271,8,139,91,261,271
1271,7,509,64,634,341
1271,1,560,179,732,426
1272,6,103,211,284,426
1272,8,139,91,262,272
1272,7,509,64,633,337
1272,1,556,179,731,426
1273,8,139,91,261,271
1273,6,103,212,283,424
1273,7,509,63,633,325
1273,1,537,179,731,426
1274,8,139,91,262,271
1274,1,538,179,730,426
1274,7,509,64,632,324
1274,6,102,212,283,421
1275,8,139,91,262,271
1275,7,509,64,632,320
1275,6,102,212,283,417
1275,1,533,180,729,429
1276,8,139,91,262,272
1276,7,509,64,631,320
1276,6,101,212,283,414
1276,1,538,177,730,426
1277,8,139,91,262,273
1277,7,509,64,630,320
1277,6,101,211,284,412
1277,1,535,177,730,429
1278,6,101,211,284,412
1278,8,139,91,262,273
1278,1,537,177,730,428
1278,7,509,64,630,321
1279,6,101,211,285,413
1279,8,139,91,262,271
1279,1,536,176,730,428
1279,7,509,64,630,318
1280,7,509,64,630,319
1280,8,139,91,261,271
1280,6,101,211,285,415
1280,1,538,177,729,428
1281,8,139,91,261,271
1281,7,509,64,630,318
1281,1,536,174,730,428
1281,6,101,211,285,420
1282,8,139,91,261,271
1282,7,509,64,630,319
1282,1,539,173,729,428
1282,6,102,210,285,424
1283,8,139,91,261,270
1283,7,509,64,630,322
1283,6,102,210,286,427
1283,1,535,171,729,427
1284,6,103,210,286,427
1284,1,534,170,729,427
1284,8,139,91,261,272
1284,7,509,64,631,326
1285,6,102,210,286,427
1285,8,139,91,261,271
1285,7,509,64,632,326
1285,1,530,168,729,465
1286,6,102,210,286,427
1286,8,139,91,261,272
1286,7,509,64,632,324
1286,1,529,168,728,471
1287,8,139,91,261,271
1287,7,509,64,632,325
1287,6,102,210,286,425
1287,1,528,167,727,473
1288,7,509,64,632,325
1288,8,139,91,261,272
1288,1,527,166,727,475
1288,6,102,210,286,419
1289,8,138,91,261,272
1289,7,509,64,632,326
1289,1,527,165,727,475
1289,6,101,210,286,417
1290,7,509,64,632,327
1290,1,527,164,726,475
1290,8,138,91,261,271
1290,6,101,211,285,413
1291,8,138,91,260,271
1291,6,101,211,285,413
1291,1,526,163,726,476
1291,7,509,64,631,328
1292,8,138,91,260,270
1292,6,101,211,285,414
1292,7,509,65,630,329
1292,1,526,162,725,476
1293,7,509,65,630,330
1293,6,101,211,285,415
1293,8,138,91,261,272
1293,1,524,161,724,476
1294,8,138,91,260,271
1294,7,509,65,630,330
1294,1,524,160,722,476
1294,6,101,210,283,416
1295,8,138,91,260,271
1295,7,509,64,630,331
1295,1,525,159,720,472
1295,6,102,211,285,424
1296,6,102,211,285,426
1296,8,138,91,259,270
1296,7,509,64,629,332
1296,1,523,159,718,475
1297,6,102,211,285,427
1297,7,509,64,630,330
1297,1,525,158,717,475
1297,8,138,91,258,267
1298,6,102,211,285,427
1298,8,138,91,259,266
1298,1,525,157,715,475
1298,7,509,64,627,333
1299,7,509,64,627,333
1299,6,102,211,284,426
1299,1,525,156,714,475
1299,8,138,91,258,266
1300,7,509,64,626,334
1300,8,137,91,258,268
1300,6,101,211,284,425
1300,1,526,156,713,474
1301,7,509,64,626,333
1301,8,137,91,258,269
1301,1,525,156,711,475
1301,6,101,211,284,421
1302,7,509,64,626,333
1302,1,524,155,710,475
1302,8,137,91,258,267
1302,6,101,211,284,414
1303,7,509,64,626,334
1303,6,100,211,284,413
1303,1,523,155,709,475
1303,8,138,91,259,269
1304,7,509,64,626,334
1304,8,138,91,258,268
1304,1,523,155,709,475
1304,6,100,211,284,412
1305,7,509,64,626,334
1305,8,138,91,258,268
1305,1,522,155,708,476
1305,6,99,209,282,410
1306,7,509,64,626,333
1306,8,138,91,258,269
1306,1,521,155,708,476
1306,6,100,211,284,413
1307,1,520,155,708,476
1307,7,509,64,626,333
1307,8,138,91,258,269
1307,6,100,211,284,414
1308,7,509,64,627,333
1308,8,138,91,257,270
1308,1,519,154,708,476
1308,6,100,209,282,418
1309,8,138,91,257,270
1309,7,509,64,626,332
1309,1,517,155,708,475
1309,6,101,211,285,424
1310,7,509,64,626,332
1310,8,138,91,257,269
1310,1,516,155,708,476
1310,6,102,211,283,426
1311,8,138,91,258,269
1311,6,102,211,283,427
1311,1,515,155,708,476
1311,7,509,64,626,330
1312,1,514,155,709,476
1312,6,102,211,283,427
1312,8,138,91,258,268
1312,7,509,65,625,329
1313,8,138,91,258,268
1313,1,514,155,709,476
1313,7,509,67,625,327
1313,6,101,211,283,424
1314,1,513,156,708,476
1314,8,138,91,259,268
1314,7,509,69,625,325
1314,6,101,209,282,417
1315,1,513,156,708,476
1315,8,138,91,259,268
1315,7,509,70,624,325
1315,6,100,209,283,413
1316,1,514,156,708,476
1316,8,138,91,259,268
1316,7,509,71,624,326
1316,6,100,209,283,409
1317,1,514,156,708,476
1317,7,509,72,624,326
1317,8,138,91,258,266
1317,6,100,211,286,410
1318,6,100,211,286,410
1318,1,514,155,708,476
1318,7,509,72,624,327
1318,8,138,91,257,264
1319,1,514,156,708,476
1319,7,509,72,624,327
1319,8,138,91,257,265
1319,6,101,209,284,408
1320,1,514,155,708,476
1320,8,138,91,257,264
1320,7,510,73,624,328
1320,6,101,209,285,411
1321,1,514,155,708,476
1321,7,510,72,624,329
1321,6,103,210,285,419
1321,8,139,92,254,260
1322,1,515,155,708,476
1322,8,139,92,254,262
1322,7,510,72,625,328
1322,6,103,208,283,421
1323,1,515,155,708,476
1323,7,510,72,625,328
1323,8,139,92,254,263
1323,6,104,208,283,424
1324,1,515,155,708,476
1324,6,103,208,283,424
1324,7,510,71,625,328
1324,8,139,92,254,264
1325,1,515,155,708,476
1325,6,103,208,283,423
1325,7,510,71,625,328
1325,8,139,92,254,262
1326,1,515,155,708,476
1326,6,103,208,283,422
1326,7,510,71,625,330
1326,8,139,91,255,264
1327,1,515,155,708,476
1327,7,510,71,626,331
1327,6,103,209,285,421
1327,8,139,92,254,262
1328,1,515,154,708,476
1328,7,510,71,626,334
1328,8,139,91,254,260
1328,6,103,209,285,417
1329,1,515,154,708,476
1329,8,139,91,254,260
1329,7,510,71,626,334
1329,6,102,209,285,414
1330,1,515,154,708,476
1330,8,139,91,254,260
1330,7,510,72,627,334
1330,6,102,209,285,410
1331,1,515,154,708,476
1331,8,139,91,254,261
1331,7,510,72,627,335
1331,6,103,209,285,408
1332,1,515,154,708,476
1332,6,103,209,285,408
1332,7,511,73,627,334
1332,8,139,91,254,262
1333,1,516,154,708,476
1333,6,103,209,286,409
1333,7,511,74,627,332
1333,8,139,91,254,259
1334,1,516,154,709,476
1334,7,511,75,627,331
1334,8,139,91,253,258
1334,6,104,209,286,411
1335,1,516,155,709,477
1335,7,511,75,627,332
1335,8,139,91,253,256
1335,6,104,209,286,414
1336,1,516,154,709,477
1336,8,139,91,253,255
1336,7,511,76,627,334
1336,6,106,209,287,420
1337,1,516,155,709,477
1337,8,140,91,253,255
1337,7,511,76,627,334
1337,6,107,209,287,424
1338,1,516,155,709,477
1338,6,107,209,287,424
1338,7,511,76,627,334
1338,8,140,91,254,257
1339,6,107,209,287,423
1339,1,517,155,709,477
1339,7,511,76,627,335
1339,8,140,91,253,255
1340,1,517,155,710,477
1340,7,511,76,627,336
1340,8,140,91,253,253
1340,6,106,208,287,419
1341,7,511,76,627,336
1341,1,517,155,710,477
1341,8,140,91,253,255
1341,6,106,208,287,414
1342,7,511,76,626,336
1342,1,517,155,710,477
1342,6,106,208,287,411
1342,8,140,91,254,259
1343,1,517,155,711,477
1343,7,511,76,626,335
1343,8,140,91,254,260
1343,6,105,208,287,409
1344,1,517,155,711,477
1344,7,511,76,626,335
1344,6,105,208,287,408
1344,8,140,90,254,258
1345,6,105,208,287,408
1345,7,512,76,626,334
1345,1,517,155,712,477
1345,8,140,90,253,256
1346,7,512,76,626,334
1346,8,140,90,253,256
1346,1,516,155,713,477
1346,6,106,208,287,409
1347,7,512,76,626,334
1347,1,517,156,714,477
1347,8,140,90,253,254
1347,6,106,208,287,413
1348,7,512,75,626,334
1348,1,517,156,715,477
1348,8,139,90,253,256
1348,6,106,208,287,418
1349,1,518,156,715,477
1349,7,512,75,626,335
1349,8,139,90,254,258
1349,6,107,208,287,423
1350,1,518,156,716,477
1350,6,106,208,287,424
1350,8,139,90,254,256
1350,7,512,76,627,323
1351,1,518,156,716,476
1351,6,105,208,286,424
1351,8,139,90,254,260
1351,7,512,76,627,330
1352,1,518,157,715,476
1352,7,511,76,627,332
1352,8,138,90,255,262
1352,6,103,207,286,423
1353,1,518,157,715,476
1353,7,511,75,626,333
1353,6,102,207,285,420
1353,8,138,90,253,255
1354,1,518,157,715,476
1354,7,512,75,626,330
1354,6,102,207,285,413
1354,8,138,90,252,246
1355,1,518,157,715,476
1355,7,511,75,626,329
1355,6,102,207,284,409
1355,8,138,90,254,258
1356,1,518,157,715,476
1356,7,511,75,625,329
1356,8,138,90,253,258
1356,6,101,207,284,409
1357,7,511,75,625,328
1357,1,517,156,715,475
1357,6,101,206,284,407
1357,8,138,89,252,246
1358,8,138,89,251,246
1358,1,517,156,715,476
1358,7,511,74,625,327
1358,6,102,206,284,406
1359,1,517,156,715,476
1359,7,511,74,626,327
1359,6,102,206,283,408
1359,8,138,89,253,257
1360,1,516,155,715,475
1360,7,511,74,626,328
1360,6,103,206,283,411
1360,8,138,89,253,261
1361,1,516,155,715,475
1361,7,511,73,626,326
1361,6,103,206,283,413
1361,8,138,89,254,263
1362,7,511,73,626,325
1362,1,516,155,714,476
1362,8,138,89,255,265
1362,6,104,206,284,419
1363,1,516,155,714,475
1363,8,138,89,255,266
1363,6,104,206,284,421
1363,7,512,73,626,322
1364,6,104,206,284,421
1364,1,517,156,714,475
1364,7,511,73,626,324
1364,8,138,89,254,264
1365,1,517,156,715,475
1365,7,511,73,626,324
1365,8,138,89,254,264
1365,6,103,205,284,419
1366,1,517,157,715,475
1366,7,511,73,626,322
1366,6,102,205,284,417
1366,8,138,89,253,262
1367,7,511,73,626,322
1367,1,517,156,715,475
1367,6,101,205,284,412
1367,8,138,89,252,247
1368,1,517,156,715,475
1368,8,138,89,251,246
1368,7,512,72,626,323
1368,6,101,205,284,408
1369,1,517,156,715,475
1369,7,512,72,626,324
1369,8,138,89,251,245
1369,6,100,205,284,405
1370,1,517,156,715,475
1370,8,138,89,251,244
1370,6,101,205,284,404
1370,7,512,71,627,324
1371,1,517,156,715,475
1371,7,512,71,627,324
1371,8,138,89,251,243
1371,6,101,206,284,403
1372,1,517,156,715,475
1372,7,512,70,627,323
1372,8,138,88,251,244
1372,6,102,205,285,406
1373,1,518,156,715,475
1373,8,138,89,251,245
1373,7,512,70,626,324
1373,6,102,206,285,409
1374,1,518,156,715,475
1374,7,512,69,626,324
1374,8,138,89,252,246
1374,6,102,206,285,414
1375,1,518,156,715,474
1375,7,512,69,626,324
1375,6,103,206,285,419
1375,8,138,88,252,257
1376,1,518,156,714,474
1376,8,138,88,252,258
1376,7,512,69,626,323
1376,6,103,205,284,422
1377,1,518,155,714,475
1377,8,138,88,252,257
1377,6,103,205,283,423
1377,7,512,68,626,322
1378,1,517,154,714,475
1378,7,512,68,626,321
1378,8,138,88,251,257
1378,6,102,205,285,423
1379,1,518,154,714,475
1379,7,512,67,626,320
1379,8,138,88,252,258
1379,6,102,205,285,420
1380,1,518,154,714,475
1380,7,511,67,626,320
1380,8,138,88,252,257
1380,6,101,204,284,416
1381,1,518,153,714,475
1381,7,511,67,626,319
1381,8,138,88,252,256
1381,6,101,204,285,414
1382,7,511,67,626,320
1382,1,517,153,714,475
1382,8,138,88,252,255
1382,6,100,204,285,410
1383,1,518,153,714,475
1383,7,511,67,626,319
1383,6,100,205,284,408
1383,8,138,88,253,258
1384,1,518,153,714,475
1384,6,101,205,284,409
1384,7,512,67,626,319
1384,8,138,88,251,254
1385,1,518,153,714,475
1385,6,101,205,284,409
1385,7,512,68,627,320
1385,8,138,88,254,257
1386,1,518,153,714,475
1386,8,138,88,254,256
1386,7,512,68,627,322
1386,6,102,205,284,412
1387,1,518,153,715,475
1387,7,512,68,628,320
1387,6,103,205,284,414
1387,8,138,87,257,261
1388,1,518,153,715,475
1388,7,512,68,628,319
1388,8,138,87,258,261
1388,6,104,205,285,420
1389,1,518,153,715,475
1389,7,512,69,629,319
1389,8,138,87,258,262
1389,6,104,205,285,424
1390,1,519,154,715,475
1390,7,513,69,629,321
1390,6,105,204,285,423
1390,8,138,87,258,259
1391,8,138,87,258,259
1391,1,519,154,715,475
1391,7,513,69,629,320
1391,6,104,204,285,421
1392,1,519,154,716,475
1392,7,513,70,629,320
1392,8,139,87,259,260
1392,6,104,204,286,417
1393,1,519,154,716,475
1393,7,513,70,629,320
1393,8,139,87,259,259
1393,6,103,204,286,414
1394,1,519,155,715,475
1394,7,513,70,628,319
1394,6,104,204,287,412
1394,8,139,87,258,255
1395,1,519,155,715,475
1395,7,513,70,629,319
1395,8,139,87,257,253
1395,6,103,205,287,409
1396,1,519,155,716,475
1396,6,104,205,287,408
1396,7,513,71,629,319
1396,8,139,87,257,252
1397,1,519,155,715,475
1397,7,513,71,630,318
1397,6,104,205,287,408
1397,8,139,87,257,249
1398,1,519,156,715,475
1398,7,513,71,630,318
1398,8,139,87,256,249
1398,6,105,205,287,409
1399,7,513,71,630,317
1399,1,519,156,715,475
1399,8,139,87,256,247
1399,6,106,205,287,415
1400,7,513,72,630,317
1400,1,519,156,714,475
1400,8,139,87,256,246
1400,6,107,205,287,417
1401,1,519,156,713,475
1401,7,514,72,630,316
1401,6,108,205,287,418
1401,8,140,87,255,241
1402,7,514,73,630,316
1402,1,519,155,712,475
1402,6,108,205,287,421
1402,8,139,87,256,246
1403,7,514,73,630,316
1403,6,109,204,287,420
1403,1,519,155,711,475
1403,8,140,87,255,241
1404,8,140,87,255,240
1404,1,519,155,710,474
1404,7,513,74,631,316
1404,6,107,204,287,415
1405,8,140,87,255,241
1405,1,518,155,710,474
1405,7,513,75,631,317
1405,6,106,204,287,413
1406,8,140,87,255,241
1406,7,513,76,631,317
1406,1,518,155,709,474
1406,6,105,204,287,411
1407,7,513,77,631,317
1407,8,140,87,255,241
1407,1,518,155,708,474
1407,6,104,204,287,407
1408,1,517,154,707,474
1408,7,513,77,631,317
1408,6,104,204,287,404
1408,8,140,87,256,245
1409,8,140,87,256,245
1409,6,104,204,287,404
1409,7,514,77,631,317
1409,1,518,155,707,473
1410,8,140,87,256,245
1410,7,514,77,631,317
1410,1,517,155,706,473
1410,6,105,204,287,405
1411,7,514,78,632,317
1411,1,517,155,705,473
1411,8,140,87,256,246
1411,6,107,205,288,409
1412,7,514,78,632,317
1412,1,517,155,705,473
1412,8,140,87,256,245
1412,6,107,205,288,415
1413,1,517,154,704,473
1413,7,514,78,632,317
1413,6,108,204,287,415
1413,8,140,87,255,244
1414,8,140,87,255,244
1414,7,514,78,632,317
1414,1,517,154,704,473
1414,6,109,205,288,417
1415,6,109,205,288,417
1415,1,517,154,704,473
1415,7,514,78,633,316
1415,8,140,87,255,243
1416,7,513,78,633,317
1416,1,517,154,703,472
1416,6,109,205,288,415
1416,8,140,87,256,245
1417,1,516,154,703,473
1417,7,513,78,633,318
1417,6,108,205,288,413
1417,8,140,87,256,248
1418,1,517,154,703,471
1418,7,514,78,633,317
1418,6,107,204,288,408
1418,8,140,87,255,242
1419,1,517,154,703,471
1419,7,514,78,633,316
1419,8,141,87,255,239
1419,6,106,204,288,404
1420,1,517,154,703,471
1420,7,514,78,633,316
1420,8,141,86,254,238
1420,6,106,204,288,401
1421,8,141,86,255,238
1421,1,517,154,703,472
1421,7,514,78,633,316
1421,6,107,205,288,401
1422,1,518,154,703,472
1422,7,515,78,633,316
1422,8,141,87,255,239
1422,6,109,205,288,403
1423,1,518,154,703,472
1423,8,141,87,255,240
1423,7,515,78,632,316
1423,6,109,205,288,407
1424,1,518,154,703,472
1424,7,515,78,633,316
1424,8,141,87,255,240
1424,6,110,205,288,411
1425,7,515,78,633,317
1425,1,518,154,704,470
1425,8,141,87,256,241
1425,6,110,205,288,417
1426,7,515,78,633,317
1426,1,518,154,704,470
1426,6,110,205,289,418
1426,8,141,86,256,242
1427,7,515,78,633,317
1427,1,517,154,704,469
1427,8,141,87,256,241
1427,6,111,205,288,417
1428,7,515,78,633,317
1428,8,141,86,256,241
1428,1,517,154,704,468
1428,6,110,204,288,415
1429,1,517,155,704,468
1429,8,141,87,255,240
1429,7,515,78,632,315
1429,6,109,204,288,416
1430,1,516,155,704,468
1430,7,515,78,633,315
1430,8,141,86,256,241
1430,6,108,204,288,409
1431,1,516,155,703,468
1431,6,107,204,288,407
1431,8,140,87,257,245
1431,7,510,78,634,317
1432,1,515,155,703,467
1432,7,510,78,633,319
1432,8,140,87,257,249
1432,6,105,204,287,403
1433,6,105,204,287,403
1433,1,515,155,703,466
1433,7,508,78,633,319
1433,8,140,87,256,250
1434,1,515,154,702,466
1434,7,510,78,634,320
1434,6,106,204,287,406
1434,8,139,87,255,248
1435,6,106,204,287,407
1435,1,514,154,702,469
1435,7,512,78,633,319
1435,8,138,87,257,254
1436,1,514,154,701,469
1436,7,512,78,633,318
1436,8,138,87,257,255
1436,6,108,204,286,413
1437,1,514,154,701,469
1437,6,108,204,286,415
1437,7,512,78,632,319
1437,8,138,87,256,253
1438,1,513,155,701,469
1438,7,512,78,632,319
1438,6,108,204,286,417
1438,8,138,87,254,242
1439,8,138,87,253,242
1439,6,108,204,286,417
1439,1,513,155,701,471
1439,7,512,78,632,322
1440,8,138,87,253,242
1440,1,513,155,701,471
1440,6,107,204,286,417
1440,7,512,77,633,323
1441,1,513,156,700,473
1441,6,108,203,283,416
1441,7,513,77,631,317
1441,8,138,86,255,249
1442,1,513,156,700,473
1442,8,138,86,255,249
1442,7,513,77,631,317
1442,6,107,203,283,412
1443,1,513,156,700,473
1443,8,138,86,255,249
1443,7,513,77,631,317
1443,6,106,203,283,408
1444,1,513,156,701,473
1444,7,513,78,632,317
1444,6,106,203,284,404
1444,8,138,86,256,254
1445,1,514,156,701,473
1445,7,513,78,632,317
1445,8,138,86,256,252
1445,6,107,203,285,403
1446,1,514,156,701,472
1446,7,514,78,632,316
1446,8,138,86,257,252
1446,6,108,203,285,404
1447,1,514,156,701,472
1447,7,514,78,632,316
1447,8,139,86,257,254
1447,6,109,203,285,406
1448,8,139,86,257,254
1448,1,514,156,701,472
1448,7,514,78,632,316
1448,6,109,203,286,410
1449,7,514,78,632,316
1449,1,514,156,701,472
1449,8,139,86,257,254
1449,6,110,203,287,414
1450,7,514,78,632,316
1450,1,514,156,702,473
1450,8,139,86,257,254
1450,6,110,203,287,416
1451,1,514,155,702,473
1451,6,110,203,287,417
1451,7,514,78,631,316
1451,8,139,86,258,255
1452,1,514,156,702,472
1452,6,110,203,287,416
1452,8,139,86,258,256
1452,7,514,78,632,315
1453,1,514,156,702,472
1453,7,514,78,632,315
1453,8,139,86,259,257
1453,6,110,203,287,415
1454,7,514,79,632,315
1454,1,514,155,702,472
1454,8,139,86,258,257
1454,6,109,204,286,409
1455,7,513,79,632,315
1455,1,514,155,702,471
1455,8,139,86,258,256
1455,6,108,204,286,406
1456,7,513,79,632,315
1456,1,513,154,701,470
1456,6,106,203,285,404
1456,8,139,86,257,249
1457,7,513,79,632,315
1457,1,513,155,701,471
1457,6,106,203,285,402
1457,8,138,86,257,254
1458,1,513,156,701,470
1458,7,513,79,631,315
1458,6,105,203,285,402
1458,8,138,86,256,252
1459,7,512,80,631,315
1459,1,512,156,701,472
1459,8,138,86,255,252
1459,6,106,204,284,404
1460,1,512,156,701,471
1460,7,512,80,631,316
1460,8,138,86,254,250
1460,6,106,203,284,408
1461,1,512,156,701,472
1461,7,512,80,631,315
1461,8,138,86,255,251
1461,6,106,203,284,412
1462,7,511,80,631,315
1462,1,511,156,701,471
1462,8,137,86,254,252
1462,6,106,203,284,414
1463,7,511,79,631,316
1463,1,511,156,700,471
1463,8,137,86,255,254
1463,6,106,203,284,417
1464,7,511,79,631,316
1464,6,106,203,284,417
1464,1,511,156,700,470
1464,8,137,86,254,252
1465,7,511,79,631,316
1465,1,511,156,700,470
1465,6,105,203,284,414
1465,8,137,86,254,249
1466,1,511,156,700,470
1466,8,137,86,254,249
1466,7,511,79,630,316
1466,6,104,203,284,412
1467,1,510,156,700,470
1467,7,511,80,630,316
1467,6,103,203,283,409
1467,8,137,86,253,244
1468,1,510,156,700,469
1468,8,137,86,253,243
1468,7,511,80,631,315
1468,6,103,203,283,407
1469,1,510,155,700,469
1469,7,511,81,632,315
1469,8,137,86,253,242
1469,6,103,203,283,405
1470,1,510,156,700,469
1470,8,137,86,253,243
1470,6,104,203,283,406
1470,7,511,81,631,315
1471,7,511,82,631,315
1471,6,104,203,283,406
1471,1,511,156,700,471
1471,8,137,86,253,248
1472,1,511,156,700,471
1472,7,511,82,631,315
1472,6,105,203,284,408
1472,8,137,86,254,251
1473,1,511,156,700,471
1473,8,138,86,254,250
1473,7,511,82,631,316
1473,6,106,203,284,410
1474,1,511,156,700,472
1474,7,511,83,631,316
1474,8,138,86,254,249
1474,6,108,202,284,413
1475,7,511,83,631,315
1475,1,511,156,700,473
1475,6,109,203,285,413
1475,8,138,85,259,262
1476,7,511,83,631,315
1476,6,109,203,285,413
1476,1,512,156,701,472
1476,8,138,85,260,263
1477,7,512,83,631,315
1477,1,512,156,701,471
1477,6,109,203,285,410
1477,8,138,84,262,267
1478,7,512,83,632,314
1478,1,512,156,701,469
1478,8,139,84,263,268
1478,6,109,202,286,410
1479,8,139,84,264,268
1479,1,512,156,701,471
1479,7,512,83,632,315
1479,6,109,203,286,405
1480,1,513,156,702,471
1480,7,512,83,632,316
1480,8,139,85,263,267
1480,6,108,203,286,402
1481,7,512,84,632,316
1481,1,513,156,702,472
1481,6,108,203,286,401
1481,8,139,84,263,268
1482,1,513,156,702,471
1482,7,513,84,632,316
1482,6,108,202,286,402
1482,8,139,85,262,266
1483,7,513,84,632,316
1483,1,514,156,702,472
1483,6,109,202,287,403
1483,8,140,85,264,270
1484,7,513,84,632,316
1484,8,140,85,265,270
1484,1,514,156,703,471
1484,6,109,202,287,406
1485,1,514,156,703,471
1485,7,513,84,632,316
1485,8,140,85,264,269
1485,6,110,202,288,409
1486,1,515,156,703,470
1486,7,514,84,632,315
1486,6,111,202,288,414
1486,8,140,86,260,258
1487,1,515,157,704,470
1487,7,514,84,632,315
1487,6,112,202,288,415
1487,8,140,85,263,266
1488,1,515,157,704,470
1488,6,112,202,288,416
1488,7,514,84,633,316
1488,8,141,86,258,255
1489,1,515,157,704,471
1489,6,112,202,288,416
1489,8,141,86,258,254
1489,7,514,85,632,316
1490,1,515,157,704,471
1490,8,141,86,258,254
1490,7,514,85,632,316
1490,6,111,202,288,414
1491,1,515,157,704,471
1491,8,141,86,258,254
1491,7,514,86,632,316
1491,6,111,202,288,409
1492,1,515,157,704,470
1492,8,141,86,258,255
1492,7,514,86,633,316
1492,6,110,202,288,406
1493,1,515,157,704,470
1493,7,514,86,632,317
1493,6,111,203,288,404
1493,8,140,85,261,266
1494,1,515,156,704,470
1494,7,514,87,632,318
1494,6,110,203,287,403
1494,8,140,85,262,269
1495,6,110,203,287,403
1495,1,514,156,704,471
1495,7,514,87,633,318
1495,8,140,85,263,269
1496,8,140,85,263,270
1496,1,514,156,704,471
1496,7,514,87,633,318
1496,6,111,203,287,404
1497,1,514,157,703,471
1497,8,140,85,263,269
1497,7,514,87,634,318
1497,6,110,201,287,408
1498,1,514,157,703,471
1498,8,140,85,263,269
1498,7,514,87,633,319
1498,6,110,201,287,413
1499,1,514,157,703,472
1499,7,514,87,633,319
1499,6,111,201,287,417
1499,8,140,86,259,258
1500,1,514,157,703,471
1500,7,514,87,633,319
1500,8,140,86,260,260
1500,6,111,202,287,419
1501,7,514,87,633,320
1501,8,140,86,260,260
1501,1,514,157,703,472
1501,6,111,202,287,420
1502,7,514,87,633,320
1502,1,514,157,703,472
1502,8,140,86,260,260
1502,6,111,201,287,419
1503,1,514,157,703,472
1503,7,514,87,633,319
1503,8,140,86,260,260
1503,6,111,201,286,418
1504,1,514,157,703,472
1504,8,140,86,260,260
1504,7,514,87,633,319
1504,6,110,201,286,415
1505,1,514,157,703,472
1505,8,140,86,260,259
1505,7,514,86,633,319
1505,6,109,201,286,410
1506,1,514,157,703,472
1506,7,514,86,633,318
1506,6,108,201,286,406
1506,8,140,85,263,268
1507,1,514,157,703,472
1507,7,514,86,633,319
1507,8,140,85,262,269
1507,6,108,201,287,404
1508,7,514,86,633,319
1508,1,514,156,703,472
1508,8,140,85,263,269
1508,6,108,203,287,402
1509,7,514,85,633,319
1509,1,514,156,703,472
1509,8,140,85,263,270
1509,6,109,203,287,404
1510,8,140,85,263,270
1510,1,514,156,704,472
1510,7,514,85,634,319
1510,6,109,203,287,407
1511,1,514,157,704,472
1511,7,514,85,634,319
1511,6,110,203,288,412
1511,8,141,86,260,258
1512,1,515,157,705,472
1512,8,140,86,260,259
1512,7,515,85,635,317
1512,6,110,203,288,416
1513,8,141,86,260,259
1513,7,515,85,635,317
1513,1,515,158,705,472
1513,6,111,203,288,419
1514,8,141,86,260,259
1514,1,515,158,705,473
1514,7,515,85,635,316
1514,6,111,203,288,420
1515,1,515,158,705,472
1515,7,515,84,635,316
1515,6,111,203,289,420
1515,8,141,86,260,257
1516,7,515,84,635,316
1516,1,515,158,706,473
1516,8,141,86,259,256
1516,6,110,202,289,419
1517,8,141,86,260,256
1517,1,515,158,706,473
1517,7,515,84,635,316
1517,6,109,202,289,417
1518,7,515,84,635,316
1518,1,516,158,706,472
1518,6,109,202,289,411
1518,8,140,85,262,265
1519,1,516,159,706,473
1519,7,515,84,635,316
1519,8,141,85,262,264
1519,6,109,203,289,405
1520,1,516,159,706,472
1520,7,516,84,635,315
1520,8,141,85,262,264
1520,6,107,203,289,400
1521,1,516,159,706,473
1521,7,515,84,635,316
1521,6,106,203,289,398
1521,8,141,85,259,255
1522,1,515,159,706,473
1522,7,515,84,635,316
1522,6,106,202,289,399
1522,8,141,85,259,254
1523,1,515,159,706,473
1523,7,515,84,635,317
1523,8,140,85,259,254
1523,6,106,202,288,408
1524,1,515,159,706,473
1524,7,515,84,635,317
1524,8,140,85,260,255
1524,6,108,203,288,407
1525,1,515,159,706,472
1525,7,514,84,635,317
1525,6,108,202,288,410
1525,8,140,85,261,257
1526,7,514,84,635,316
1526,8,139,85,261,257
1526,1,514,159,705,473
1526,6,108,202,288,417
1527,7,514,84,634,317
1527,1,514,158,705,473
1527,8,139,84,261,256
1527,6,109,202,287,419
1528,7,514,84,634,316
1528,1,514,158,705,473
1528,6,108,202,287,420
1528,8,139,85,259,254
1529,1,513,158,704,474
1529,7,514,84,634,317
1529,6,107,202,287,419
1529,8,139,84,260,255
1530,1,513,157,704,474
1530,7,513,84,633,317
1530,8,139,84,261,256
1530,6,104,201,287,478
1531,7,513,83,634,316
1531,1,513,157,703,474
1531,8,139,84,260,256
1531,6,105,201,286,410
1532,1,512,156,703,473
1532,7,513,83,633,315
1532,8,138,83,260,255
1532,6,103,201,286,407
1533,1,512,156,702,473
1533,7,513,83,633,316
1533,8,138,83,261,256
1533,6,102,201,286,403
1534,1,512,155,702,472
1534,7,512,83,632,316
1534,8,138,83,261,257
1534,6,101,201,286,400
1535,6,102,201,286,400
1535,1,512,154,702,472
1535,7,512,83,632,317
1535,8,138,83,262,258
1536,1,512,154,702,472
1536,7,512,83,632,317
1536,8,138,83,261,257
1536,6,103,200,286,405
1537,7,512,82,631,317
1537,1,512,154,702,470
1537,8,138,83,260,257
1537,6,104,200,286,410
1538,8,138,83,260,257
1538,7,512,82,632,316
1538,1,512,154,702,472
1538,6,104,200,286,414
1539,7,512,82,632,316
1539,8,138,83,260,256
1539,1,512,154,702,469
1539,6,104,202,285,416
1540,7,513,82,631,316
1540,1,512,154,702,467
1540,8,138,83,260,253
1540,6,106,201,285,420
1541,8,138,83,260,253
1541,7,513,82,632,316
1541,1,513,154,703,468
1541,6,106,201,285,421
1542,1,513,153,703,468
1542,7,513,82,632,316
1542,8,138,83,260,252
1542,6,107,201,285,417
1543,1,513,153,704,468
1543,7,513,82,632,318
1543,8,138,83,260,254
1543,6,105,201,286,414
1544,8,139,82,260,255
1544,7,514,82,632,320
1544,1,513,153,705,464
1544,6,104,200,286,409
1545,1,514,152,705,464
1545,7,514,82,633,321
1545,6,104,200,286,404
1545,8,139,82,264,265
1546,1,514,153,705,462
1546,8,139,82,263,264
1546,7,514,82,633,318
1546,6,103,200,287,400
1547,1,514,153,705,462
1547,7,514,82,633,318
1547,6,104,200,287,400
1547,8,139,82,264,265
1548,1,514,153,705,463
1548,8,139,82,265,266
1548,7,515,82,633,316
1548,6,106,199,287,404
1549,7,515,82,632,316
1549,1,515,152,705,465
1549,6,107,201,287,407
1549,8,140,82,262,255
1550,1,515,152,706,464
1550,8,140,82,263,255
1550,7,515,82,632,315
1550,6,108,200,288,415
1551,8,140,82,263,255
1551,7,515,82,632,315
1551,1,515,152,706,467
1551,6,111,202,288,416
1552,7,516,82,632,315
1552,8,141,82,262,254
1552,1,516,152,707,468
1552,6,111,202,288,419
1553,6,112,202,288,420
1553,1,516,151,707,469
1553,8,141,82,263,255
1553,7,516,82,631,315
1554,1,516,151,707,470
1554,7,516,82,630,314
1554,6,111,201,288,417
1554,8,141,82,262,252
1555,7,516,82,630,313
1555,1,516,151,708,471
1555,8,141,82,263,251
1555,6,110,201,288,414
1556,1,516,150,708,470
1556,8,141,82,264,252
1556,7,516,82,632,313
1556,6,109,199,288,410
1557,1,517,150,708,470
1557,8,141,82,264,253
1557,7,517,82,631,312
1557,6,108,199,289,405
1558,1,518,150,708,470
1558,7,517,82,630,312
1558,8,142,82,264,251
1558,6,108,199,288,401
1559,7,517,81,630,312
1559,1,518,150,709,470
1559,8,142,82,264,250
1559,6,109,199,289,401
1560,1,519,150,709,469
1560,6,110,199,289,402
1560,7,517,81,632,313
1560,8,142,82,266,265
1561,1,518,148,708,470
1561,6,111,199,289,405
1561,7,518,82,634,314
1561,8,143,81,259,238
1561,11,0,0,44,48
1562,11,0,0,44,48
1562,7,518,82,634,314
1562,8,143,81,260,238
1562,1,518,148,708,471
1562,6,112,199,290,411
1563,1,518,148,708,471
1563,8,143,81,260,238
1563,7,518,82,634,314
1563,11,0,0,44,48
1563,6,112,198,290,418
1564,7,518,82,634,314
1564,8,143,81,260,239
1564,1,518,148,708,471
1564,11,0,0,44,48
1564,6,113,199,290,419
1565,11,0,0,44,48
1565,7,518,82,634,314
1565,1,518,148,709,471
1565,6,113,199,290,420
1565,8,143,81,260,239
1566,1,518,148,709,471
1566,7,518,82,634,314
1566,11,0,0,44,48
1566,6,112,199,290,420
1566,8,143,81,260,238
1567,1,519,148,709,472
1567,8,143,81,260,238
1567,7,518,82,634,315
1567,6,111,199,289,417
1568,1,519,148,709,472
1568,7,518,82,634,316
1568,8,143,81,259,237
1568,6,109,199,289,412
1569,1,518,148,708,472
1569,7,518,82,634,316
1569,8,143,81,259,238
1569,6,106,199,289,406
1570,7,518,82,634,316
1570,1,519,148,708,472
1570,8,143,81,259,237
1570,6,104,199,289,402
1571,1,519,148,708,472
1571,7,518,82,634,315
1571,8,143,81,259,238
1571,6,104,199,289,401
1572,8,143,81,259,238
1572,1,519,149,709,472
1572,7,518,81,635,316
1572,6,104,199,289,403
1573,1,519,150,709,473
1573,8,142,81,259,239
1573,7,518,81,635,316
1573,6,105,199,289,407
1574,7,518,81,635,316
1574,1,519,151,710,473
1574,8,142,80,259,238
1574,6,106,200,289,412
1575,1,519,151,711,473
1575,7,518,81,636,316
1575,8,142,80,258,238
1575,6,107,200,289,417
1576,8,142,80,258,238
1576,7,518,81,636,315
1576,1,520,151,712,473
1576,6,108,200,288,422
1577,6,108,200,288,422
1577,8,142,80,258,238
1577,7,517,81,636,314
1577,1,521,151,714,472
1578,8,142,80,258,237
1578,7,517,81,637,313
1578,6,107,200,288,421
1578,1,522,152,715,472
1579,7,517,81,637,314
1579,8,142,80,259,238
1579,1,523,153,716,472
1579,6,106,200,287,416
1580,8,142,80,258,238
1580,7,517,81,638,313
1580,1,523,154,717,471
1580,6,105,200,287,412
1581,8,142,80,258,237
1581,7,517,81,638,313
1581,1,525,156,718,471
1581,6,103,200,287,405
1582,8,142,81,259,237
1582,7,517,81,637,313
1582,6,102,200,287,403
1582,1,526,157,719,468
1583,7,517,81,637,312
1583,6,104,200,287,403
1583,1,528,157,719,469
1583,8,142,81,259,239
1584,8,142,80,260,239
1584,7,517,81,637,312
1584,1,529,158,720,471
1584,6,105,201,288,405
1585,7,517,81,637,312
1585,8,142,80,260,239
1585,1,530,159,721,472
1585,6,108,201,288,411
1586,7,517,81,638,312
1586,1,531,159,721,471
1586,6,109,202,288,416
1586,8,142,80,263,244
1587,8,142,80,263,243
1587,7,517,81,635,312
1587,1,533,160,721,468
1587,6,110,201,288,421
1588,8,141,80,262,243
1588,1,534,161,722,468
1588,7,517,81,636,314
1588,6,111,201,288,424
1589,8,141,80,262,243
1589,6,110,201,288,423
1589,7,517,81,635,316
1589,1,538,162,724,415
1590,8,141,80,262,243
1590,7,517,81,636,317
1590,1,540,162,723,412
1590,6,108,201,288,420
1591,7,517,81,637,317
1591,8,141,80,261,243
1591,1,541,164,723,413
1591,6,105,201,287,414
1592,7,517,81,637,315
1592,1,541,165,724,413
1592,8,141,80,262,244
1592,6,103,201,287,408
1593,7,517,81,638,314
1593,8,141,80,261,244
1593,1,541,167,725,414
1593,6,101,201,287,403
1594,7,516,81,638,313
1594,1,540,168,725,414
1594,6,101,201,287,402
1594,8,141,80,260,241
1595,6,102,201,287,403
1595,1,541,168,725,414
1595,7,516,81,638,314
1595,8,140,80,258,238
1596,7,516,81,638,316
1596,6,102,201,287,405
1596,8,140,80,257,236
1596,1,546,169,725,414
1597,8,140,80,257,236
1597,1,545,170,725,415
1597,7,516,81,636,317
1597,6,103,201,287,411
1598,7,516,81,635,318
1598,8,140,80,256,236
1598,6,103,201,287,414
1598,1,541,172,725,414
1599,8,140,80,256,236
1599,1,542,172,726,414
1599,7,516,81,637,316
1599,6,105,200,288,419
1600,8,140,80,256,237
1600,1,542,174,726,414
1600,6,106,201,288,422
1600,7,516,80,649,317
1601,8,140,80,256,236
1601,7,516,80,648,319
1601,6,106,200,286,423
1601,1,544,175,727,414
1602,8,141,80,256,237
1602,1,544,177,727,414
1602,7,516,80,650,320
1602,6,105,200,285,420
1603,8,141,80,256,237
1603,7,516,80,651,324
1603,6,106,200,285,417
1603,1,549,177,727,414
1604,8,141,79,256,237
1604,7,516,80,651,327
1604,1,550,179,728,414
1604,6,105,200,284,412
1605,8,141,79,257,238
1605,7,516,80,652,329
1605,6,104,200,284,409
1605,1,554,180,729,415
1606,8,141,79,256,238
1606,7,516,80,653,330
1606,6,103,199,284,406
1606,1,550,182,730,415
1607,8,141,79,256,238
1607,7,516,79,653,328
1607,6,103,199,284,404
1607,1,545,183,731,415
1608,6,103,199,283,404
1608,1,543,185,731,415
1608,7,516,79,654,332
1608,8,141,79,255,235
1609,7,516,79,654,332
1609,8,141,79,255,235
1609,6,103,199,283,405
1609,1,541,186,731,415
1610,8,141,78,255,236
1610,1,541,188,731,414
1610,6,104,199,283,407
1610,7,516,78,654,329
1611,8,140,78,255,237
1611,7,516,78,653,330
1611,1,542,189,731,414
1611,6,105,198,283,409
1612,1,541,189,731,414
1612,8,140,78,256,238
1612,6,107,198,284,413
1612,7,516,78,654,323
1613,1,541,189,731,414
1613,7,516,78,654,325
1613,8,140,78,256,240
1613,6,108,198,284,416
1614,7,516,77,654,323
1614,1,543,189,731,414
1614,8,140,77,257,241
1614,6,109,197,283,419
1615,8,140,77,257,242
1615,7,516,77,654,321
1615,6,109,196,283,417
1615,1,545,189,731,414
1616,7,516,77,654,320
1616,8,140,77,257,243
1616,6,108,195,282,415
1616,1,549,189,731,413
1617,7,516,77,653,322
1617,1,552,188,730,413
1617,6,107,196,282,412
1617,8,140,76,256,239
1618,1,552,189,730,413
1618,8,140,76,256,237
1618,7,516,77,653,318
1618,6,105,197,282,406
1619,8,140,76,256,236
1619,1,552,191,730,413
1619,7,516,76,653,312
1619,6,104,197,282,402
1620,7,516,76,652,314
1620,1,552,193,729,413
1620,8,140,76,255,235
1620,6,104,196,281,397
1621,6,104,197,282,397
1621,7,516,76,652,313
1621,1,552,195,729,412
1621,8,140,76,256,238
1622,1,553,196,729,412
1622,7,517,75,652,311
1622,6,106,195,280,401
1622,8,140,75,260,261
1623,7,517,75,652,310
1623,1,554,197,729,411
1623,8,140,74,261,263
1623,6,107,195,283,405
1624,8,140,74,262,263
1624,1,556,197,729,411
1624,7,517,74,653,312
1624,6,109,194,283,409
1625,1,556,197,729,410
1625,6,110,194,284,414
1625,7,517,74,654,320
1625,8,140,74,260,256
1626,7,517,74,654,321
1626,6,111,194,285,415
1626,1,559,198,729,408
1626,8,141,74,258,241
1627,6,110,193,284,415
1627,7,518,74,655,323
1627,1,561,198,729,411
1627,8,141,74,259,238
1628,7,518,74,655,321
1628,8,142,73,259,238
1628,1,562,198,730,413
1628,6,110,193,284,412
1629,7,518,73,655,323
1629,1,563,199,730,414
1629,6,110,192,283,408
1629,8,142,73,257,228
1630,7,518,73,655,323
1630,8,142,73,256,226
1630,6,110,192,283,404
1630,1,559,198,731,415
1631,8,142,73,257,226
1631,7,519,74,655,320
1631,6,110,192,283,399
1631,1,568,199,732,414
1632,8,142,73,257,225
1632,1,569,200,732,414
1632,7,519,73,655,323
1632,6,110,193,284,396
1633,8,142,73,257,226
1633,6,110,193,284,396
1633,1,569,201,732,414
1633,7,519,73,656,322
1634,7,519,73,656,322
1634,8,143,73,257,226
1634,1,570,204,733,413
1634,6,110,193,287,399
1635,7,519,73,656,322
1635,8,143,72,257,227
1635,6,111,193,286,404
1635,1,563,206,732,415
1636,8,143,72,258,226
1636,7,519,72,656,323
1636,6,112,193,286,407
1636,1,550,209,733,423
1637,8,143,72,257,226
1637,7,519,72,656,322
1637,6,112,193,287,411
1637,1,549,211,733,418
1638,8,143,72,258,226
1638,7,520,72,656,322
1638,6,114,192,286,413
1638,1,532,212,734,459
1639,6,114,192,286,413
1639,7,520,72,656,321
1639,8,143,72,258,225
1639,1,529,217,734,465
1640,8,143,72,258,226
1640,6,113,192,286,412
1640,7,520,72,656,319
1640,1,527,217,734,466
1641,7,520,72,656,318
1641,8,143,72,257,226
1641,1,525,218,734,469
1641,6,111,191,286,407
1642,8,143,71,258,226
1642,7,520,72,656,317
1642,6,111,191,286,405
1642,1,524,218,734,466
1643,7,520,72,656,317
1643,8,143,71,258,226
1643,1,523,219,734,467
1643,6,110,191,285,399
1644,7,520,72,657,317
1644,8,142,71,258,225
1644,1,520,219,733,466
1644,6,109,190,285,394
1645,7,520,72,657,318
1645,8,143,71,258,227
1645,6,110,190,286,391
1645,1,518,219,734,463
1646,7,520,72,657,317
1646,8,143,71,258,226
1646,6,110,190,286,392
1646,1,516,220,734,454
1647,7,520,72,657,318
1647,8,143,71,258,226
1647,1,514,220,734,453
1647,6,109,191,287,393
1648,7,520,72,657,318
1648,8,143,71,258,225
1648,6,110,191,287,398
1648,1,512,220,734,447
1649,8,142,70,258,226
1649,7,520,72,657,317
1649,1,511,219,733,447
1649,6,111,190,286,403
1650,7,520,71,657,317
1650,1,510,220,733,446
1650,8,142,70,258,226
1650,6,112,190,286,405
1651,1,510,220,733,446
1651,7,520,71,657,316
1651,6,112,190,285,406
1651,8,142,70,259,228
1652,7,520,71,657,317
1652,1,510,220,733,445
1652,8,142,70,259,229
1652,6,112,189,284,407
1653,7,520,71,657,316
1653,1,510,219,733,446
1653,8,142,70,259,229
1653,6,111,189,284,404
1654,7,520,72,657,316
1654,1,510,219,733,447
1654,6,110,189,284,403
1654,8,142,70,258,227
1655,1,510,219,733,448
1655,7,520,72,657,315
1655,8,142,70,258,224
1655,6,108,190,283,397
1656,7,519,72,657,315
1656,1,510,219,733,447
1656,8,142,70,258,222
1656,6,107,190,283,393
1657,7,519,72,657,316
1657,1,510,218,733,447
1657,6,105,191,284,392
1657,8,142,70,259,226
1658,7,519,72,657,315
1658,1,510,218,733,447
1658,8,142,70,259,224
1658,6,104,192,284,394
1659,7,519,72,657,315
1659,1,509,217,733,449
1659,8,142,70,258,222
1659,6,103,193,286,395
1660,7,519,72,657,315
1660,8,142,69,259,223
1660,1,510,217,732,449
1660,6,101,194,284,400
1661,1,509,217,732,449
1661,7,519,71,657,313
1661,8,142,70,259,224
1661,6,101,195,285,403
1662,1,509,217,732,448
1662,7,519,71,656,312
1662,8,142,70,259,227
1662,6,100,197,285,408
1663,1,509,217,732,448
1663,7,519,70,656,312
1663,8,142,69,260,229
1663,6,99,198,286,412
1664,1,509,217,732,447
1664,7,518,70,656,311
1664,6,95,200,286,410
1664,8,141,69,261,249
1665,1,509,217,732,447
1665,7,517,69,656,310
1665,6,92,202,286,407
1665,8,142,70,259,226
1666,1,510,217,731,447
1666,7,516,68,656,308
1666,8,142,70,258,223
1666,6,88,205,285,402
1667,1,509,217,731,447
1667,8,142,70,258,222
1667,7,515,67,656,308
1667,6,85,208,285,398
1668,1,509,217,731,448
1668,7,514,67,656,309
1668,8,141,69,256,222
1668,6,83,212,285,397
1669,1,509,217,731,448
1669,8,141,69,256,222
1669,7,513,65,656,309
1669,6,82,214,286,401
1670,8,141,69,256,223
1670,1,509,216,730,449
1670,7,512,65,656,311
1670,6,83,218,286,405
1671,1,508,216,730,451
1671,7,512,63,656,310
1671,8,141,69,256,225
1671,6,83,223,287,412
1672,7,512,62,656,310
1672,8,141,69,256,224
1672,1,508,216,730,454
1672,6,83,223,287,421
1673,8,141,69,256,224
1673,7,512,62,656,309
1673,6,83,225,287,420
1673,1,509,216,731,456
1674,8,141,69,256,224
1674,7,512,61,656,305
1674,1,508,216,730,452
1674,6,83,227,287,414
1675,8,141,69,256,223
1675,7,513,61,655,305
1675,1,508,215,730,453
1675,6,83,228,287,406
1676,8,141,69,256,224
1676,7,514,60,655,306
1676,1,507,215,730,457
1676,6,82,229,286,402
1676,12,82,229,288,480
1677,8,141,69,256,223
1677,1,507,215,729,456
1677,7,514,60,655,306
1677,6,82,230,289,394
1678,8,141,69,256,223
1678,12,82,229,288,480
1678,7,515,59,655,305
1678,1,508,214,730,453
1678,6,82,230,286,391
1679,8,141,69,255,223
1679,12,82,229,288,480
1679,6,82,229,285,391
1679,1,508,214,730,453
1679,7,515,59,655,305
1680,8,141,69,255,223
1680,7,516,59,655,305
1680,1,508,214,729,454
1680,6,83,230,288,396
1681,7,516,58,655,303
1681,1,508,216,728,456
1681,8,141,68,257,222
1681,6,84,228,289,404
1682,7,516,58,655,303
1682,8,141,68,257,223
1682,1,508,215,728,458
1682,6,87,227,289,408
1683,7,516,58,655,303
1683,8,142,68,257,222
1683,6,88,227,290,408
1683,1,509,215,729,462
1684,7,516,58,655,303
1684,8,142,68,257,222
1684,1,509,214,730,460
1684,6,88,225,290,405
1685,8,142,68,257,222
1685,7,517,58,655,304
1685,1,509,212,730,454
1685,6,88,223,290,400
1686,8,142,68,256,222
1686,7,516,58,656,305
1686,6,88,223,290,392
1686,1,510,210,730,464
1687,8,142,68,256,222
1687,7,516,59,656,306
1687,1,510,209,730,466
1687,6,89,222,290,391
1688,8,142,68,257,222
1688,7,516,59,656,305
1688,6,89,222,290,391
1688,1,509,208,730,470
1689,7,516,59,656,305
1689,8,142,68,257,222
1689,1,509,209,729,468
1689,6,90,221,290,395
1690,8,142,68,257,222
1690,7,516,60,656,305
1690,1,509,209,730,472
1690,6,91,221,290,401
1691,8,142,68,257,222
1691,7,516,60,656,304
1691,1,509,209,730,474
1691,6,91,221,290,404
1692,7,516,61,656,304
1692,8,142,68,257,222
1692,6,91,221,290,404
1692,1,509,209,728,471
1693,8,142,68,257,223
1693,7,516,61,656,305
1693,1,509,209,728,469
1693,6,90,221,290,402
1694,7,516,61,656,305
1694,1,509,209,728,469
1694,8,142,68,258,223
1694,6,90,221,290,398
1695,7,515,61,656,305
1695,8,142,68,257,223
1695,1,509,208,728,467
1695,6,90,221,290,394
1696,7,515,61,656,305
1696,6,90,221,290,394
1696,8,141,68,258,224
1696,1,509,208,728,464
1697,7,515,61,656,304
1697,1,508,208,728,465
1697,8,141,68,258,224
1697,6,90,221,290,396
1698,8,141,68,257,224
1698,7,515,62,656,302
1698,1,508,208,727,468
1698,6,90,220,290,400
1699,1,508,208,727,468
1699,7,515,61,656,302
1699,8,141,68,257,224
1699,6,91,221,289,404
1700,7,514,61,656,302
1700,8,141,68,257,224
1700,1,508,208,727,469
1700,6,90,221,289,405
1701,7,514,61,656,303
1701,1,508,208,727,468
1701,8,141,68,256,223
1701,6,89,221,289,403
1702,1,508,208,727,467
1702,7,514,61,656,304
1702,8,141,68,257,224
1702,6,89,220,289,400
1703,8,141,68,256,224
1703,1,508,208,727,468
1703,7,514,61,656,305
1703,6,88,221,288,393
1704,8,141,68,256,224
1704,7,514,61,656,306
1704,1,508,207,727,469
1704,6,88,221,288,390
1705,8,141,68,256,224
1705,6,88,221,288,390
1705,7,514,61,656,305
1705,1,508,208,727,466
1706,8,141,68,256,224
1706,7,515,61,656,303
1706,6,88,221,288,392
1706,1,509,207,727,454
1707,1,509,207,727,454
1707,7,515,62,656,303
1707,8,141,68,257,224
1707,6,88,221,288,396
1708,1,509,206,727,452
1708,7,515,61,656,300
1708,6,88,221,288,400
1708,8,141,68,260,236
1709,7,515,61,657,299
1709,6,88,221,289,401
1709,1,509,206,727,449
1709,8,141,68,257,224
1710,6,87,221,289,401
1710,8,141,68,256,224
1710,1,509,206,727,450
1710,7,515,61,658,299
1711,8,141,68,256,223
1711,1,509,206,727,450
1711,7,515,61,659,300
1711,6,87,221,289,399
1712,8,141,68,257,224
1712,1,509,206,727,451
1712,7,515,62,661,300
1712,6,87,221,289,397
1713,7,515,62,661,300
1713,1,509,206,727,453
1713,8,141,67,257,223
1713,6,87,221,289,392
1714,8,141,67,258,223
1714,6,87,220,288,391
1714,7,515,62,663,301
1714,1,508,207,727,466
1715,7,515,62,663,300
1715,1,508,207,727,468
1715,6,87,220,288,389
1715,8,141,67,260,245
1716,1,508,206,727,467
1716,7,515,63,664,301
1716,6,88,219,289,388
1716,8,141,67,261,253
1717,7,515,63,664,302
1717,8,141,67,260,252
1717,1,509,206,727,468
1717,6,89,218,289,388
1718,7,515,63,664,302
1718,1,509,206,727,467
1718,6,91,217,289,389
1718,8,142,67,261,256
1719,7,515,63,665,301
1719,1,509,206,728,466
1719,8,142,68,262,253
1719,6,93,216,289,391
1720,1,509,207,728,468
1720,7,515,64,666,303
1720,6,95,215,290,392
1720,8,142,68,263,260
1721,8,142,68,263,260
1721,7,515,65,666,303
1721,1,509,207,728,463
1721,6,98,213,290,397
1722,1,509,207,728,462
1722,7,515,65,667,303
1722,8,142,68,264,263
1722,6,99,212,290,401
1723,8,142,68,264,263
1723,1,509,207,729,461
1723,7,514,65,667,304
1723,6,101,209,289,402
1724,1,509,207,729,461
1724,7,514,65,668,304
1724,6,103,206,286,402
1724,8,142,68,262,256
1725,1,509,207,729,461
1725,7,513,65,668,303
1725,6,103,204,286,401
1725,8,141,68,262,260
1726,1,509,207,729,461
1726,7,512,65,668,304
1726,8,141,68,263,262
1726,6,104,203,285,397
1727,1,509,207,729,461
1727,8,141,68,264,262
1727,7,512,64,668,304
1727,6,104,202,284,393
1728,7,511,64,668,304
1728,1,509,207,729,460
1728,8,141,68,263,261
1728,6,104,201,284,391
1729,7,511,64,668,304
1729,8,141,68,263,261
1729,1,509,207,729,461
1729,6,103,200,284,390
1730,7,511,64,668,304
1730,8,141,68,263,259
1730,6,101,200,284,390
1730,1,509,207,728,457
1731,8,141,68,263,258
1731,7,511,63,668,303
1731,1,509,207,729,460
1731,6,100,200,285,392
1732,7,511,63,668,304
1732,1,508,207,729,457
1732,8,141,68,263,260
1732,6,98,200,286,395
1733,7,511,62,668,304
1733,1,508,208,729,460
1733,8,140,68,262,260
1733,6,96,200,285,401
1734,7,511,62,668,304
1734,1,508,208,729,461
1734,8,140,68,261,258
1734,6,94,201,284,406
1735,1,508,208,729,462
1735,7,511,62,668,305
1735,8,140,68,260,255
1735,6,92,204,283,413
1736,7,512,62,668,304
1736,1,508,208,729,465
1736,6,90,206,282,417
1736,8,140,68,257,222
1737,8,140,68,256,221
1737,7,512,61,668,302
1737,1,508,208,728,468
1737,6,88,209,280,421
1738,1,508,209,729,470
1738,8,140,68,256,222
1738,7,513,61,668,305
1738,6,86,213,281,422
1739,8,140,68,256,222
1739,1,508,209,729,469
1739,7,514,61,668,306
1739,6,84,215,281,428
1740,7,514,61,668,306
1740,1,508,210,729,470
1740,8,140,68,255,223
1740,6,81,218,282,432
1741,1,508,210,729,470
1741,7,514,61,668,306
1741,8,140,68,256,223
1741,6,81,222,282,432
1742,7,515,61,668,305
1742,1,509,210,729,467
1742,8,141,68,257,224
1742,6,81,223,280,436
1743,7,516,61,668,304
1743,1,509,210,730,469
1743,8,141,67,256,225
1743,6,81,225,279,436
1744,7,516,61,668,305
1744,1,509,211,730,466
1744,8,141,67,256,223
1744,6,80,226,272,435
1745,8,141,67,257,223
1745,7,516,62,669,303
1745,6,81,227,268,433
1745,1,510,210,730,454
1746,7,516,62,669,303
1746,8,141,67,257,223
1746,1,510,210,730,453
1746,6,82,227,265,431
1747,7,516,63,669,301
1747,1,510,210,730,456
1747,8,141,67,258,222
1747,6,81,227,263,429
1748,8,141,67,258,222
1748,1,510,210,730,456
1748,7,516,63,669,301
1748,6,80,228,264,429
1749,7,516,63,669,301
1749,8,141,68,257,223
1749,6,79,229,262,430
1749,1,510,210,730,450
1750,8,141,68,257,223
1750,6,79,230,262,428
1750,7,516,63,669,296
1750,1,509,210,731,467
1751,8,141,68,258,223
1751,7,516,63,669,297
1751,6,78,230,261,427
1751,1,510,210,731,457
1752,1,510,210,731,456
1752,8,141,68,257,222
1752,6,78,230,261,427
1752,7,516,64,669,301
1753,8,141,68,257,222
1753,1,510,210,731,456
1753,7,516,65,669,302
1753,6,76,231,260,428
1754,8,142,68,257,222
1754,1,510,210,731,455
1754,7,516,65,670,303
1754,6,76,231,260,428
1755,8,141,68,257,222
1755,7,517,66,670,303
1755,6,75,231,258,429
1755,1,511,210,731,458
1756,7,517,65,671,303
1756,8,141,68,256,222
1756,6,74,231,256,427
1756,1,512,210,732,466
1757,8,141,68,256,222
1757,7,517,66,671,304
1757,1,513,210,732,468
1757,6,73,230,256,424
1758,8,141,68,257,222
1758,7,517,66,671,303
1758,1,514,210,732,470
1758,6,73,229,253,421
1759,8,141,68,257,222
1759,7,517,66,672,304
1759,1,515,210,732,467
1759,6,73,228,252,420
1760,7,517,66,672,304
1760,8,141,68,257,222
1760,1,515,210,732,467
1760,6,72,225,250,424
1761,8,141,68,257,221
1761,1,516,210,732,467
1761,7,517,67,672,305
1761,6,73,223,248,424
1762,7,517,67,672,306
1762,8,141,68,256,222
1762,1,517,210,732,464
1762,6,73,221,244,414
1763,7,517,67,672,306
1763,1,518,210,732,465
1763,8,141,68,257,221
1763,6,73,217,242,404
1764,7,517,67,672,306
1764,1,519,210,732,464
1764,8,141,68,257,219
1764,6,77,212,240,398
1765,7,517,67,672,306
1765,1,521,210,732,464
1765,8,140,68,256,217
1765,6,79,209,241,395
1766,7,517,67,672,306
1766,8,140,67,256,216
1766,1,522,211,731,462
1766,6,82,204,242,389
1767,7,517,67,672,305
1767,8,140,67,257,217
1767,1,523,211,732,467
1767,6,86,199,241,386
1768,1,524,211,732,466
1768,8,140,67,257,217
1768,7,517,66,672,304
1768,6,89,196,250,384
1769,7,517,67,672,302
1769,8,139,67,256,217
1769,1,525,210,732,468
1769,6,92,192,251,383
1770,7,517,67,672,301
1770,1,526,211,731,469
1770,8,138,66,256,217
1770,6,94,190,252,380
1771,7,517,66,671,301
1771,8,137,66,256,217
1771,1,529,210,731,469
1771,6,97,182,256,379
1772,8,136,66,256,217
1772,1,531,210,731,470
1772,7,517,64,671,299
1772,6,100,178,257,372
1773,8,136,66,256,217
1773,7,516,64,670,298
1773,1,532,209,732,473
1773,6,101,176,256,368
1774,7,516,64,669,298
1774,1,534,209,732,473
1774,8,135,66,255,217
1774,6,101,175,253,359
1775,8,134,65,255,217
1775,7,516,64,670,297
1775,1,536,209,732,475
1775,6,99,170,252,353
1775,13,555,210,729,399
1776,7,516,64,671,295
1776,8,135,65,256,216
1776,13,556,210,729,401
1776,1,540,210,731,476
1776,6,97,169,253,350
1777,1,540,209,731,476
1777,7,517,64,671,295
1777,13,557,209,729,402
1777,8,136,64,256,217
1777,6,96,165,261,350
1778,1,540,209,731,477
1778,7,517,64,671,295
1778,13,556,209,729,402
1778,8,136,64,256,216
1778,6,97,165,270,350
1779,7,517,64,671,296
1779,13,557,209,729,402
1779,1,542,210,731,477
1779,8,137,63,255,213
1779,6,97,163,283,348
1779,14,97,162,301,442
1780,13,558,209,729,402
1780,7,517,64,671,297
1780,1,545,210,731,477
1780,14,99,160,297,448
1780,8,138,63,255,208
1780,6,98,160,274,350
1781,13,558,209,729,402
1781,7,516,64,670,297
1781,6,98,158,276,350
1781,14,99,158,296,441
1781,8,138,62,255,203
1782,13,558,209,729,402
1782,7,516,63,669,297
1782,8,138,62,254,201
1782,1,552,210,732,477
1782,14,101,159,302,441
1782,6,101,159,287,349
1783,13,558,209,729,402
1783,7,516,63,670,297
1783,8,138,62,255,198
1783,14,101,157,306,471
1784,13,558,209,729,401
1784,7,516,64,670,296
1784,8,138,61,255,197
1784,14,103,153,306,473
1785,7,516,64,670,296
1785,14,103,153,306,474
1785,13,559,209,729,401
1785,8,138,61,254,196
1786,13,558,209,729,401
1786,7,515,64,670,295
1786,8,138,61,254,196
1786,14,103,153,306,473
1787,13,558,209,729,401
1787,8,139,61,254,196
1787,7,515,64,670,294
1787,14,101,152,309,468
1788,13,558,209,729,401
1788,7,515,64,670,293
1788,8,139,61,254,196
1788,14,89,152,308,464
1789,13,558,209,728,401
1789,7,515,64,670,292
1789,8,140,61,254,196
1789,14,93,150,310,461
1790,7,515,64,670,292
1790,8,140,60,254,196
1790,13,557,210,728,401
1790,14,84,150,310,455
1791,13,557,209,728,401
1791,7,515,65,670,291
1791,8,140,61,254,196
1791,14,72,149,311,457
1792,7,515,65,671,290
1792,13,558,209,728,400
1792,8,142,61,254,195
1792,14,73,148,312,441
1793,13,558,209,728,400
1793,7,515,65,671,291
1793,14,73,148,311,437
1793,8,142,61,255,198
1793,6,72,149,261,374
1794,13,558,209,729,400
1794,7,516,65,671,292
1794,8,142,60,255,200
1794,6,73,148,264,407
1795,13,558,209,729,400
1795,7,516,66,671,292
1795,8,142,60,256,204
1795,14,76,147,315,430
1795,6,74,148,256,397
1796,13,558,209,729,400
1796,7,516,66,671,293
1796,8,142,60,255,199
1796,6,75,148,271,412
1796,14,75,148,248,351
1797,13,558,209,729,400
1797,7,516,66,670,293
1797,8,142,60,256,199
1797,14,76,147,246,379
1797,6,78,146,319,425
1798,13,559,209,729,400
1798,6,79,147,319,423
1798,8,142,60,255,198
1798,7,516,66,671,294
1798,14,77,147,248,385
1799,8,142,60,255,198
1799,7,516,66,671,294
1799,13,559,209,729,400
1799,6,78,145,304,419
1799,14,78,145,248,351
1800,13,559,209,729,399
1800,7,516,66,671,294
1800,8,142,60,255,197
1800,6,81,144,316,420
1801,13,560,209,728,399
1801,7,516,67,672,289
1801,6,80,144,308,417
1801,8,142,60,259,229
1802,7,516,67,672,289
1802,13,560,209,728,399
1802,6,81,144,309,419
1802,8,143,59,258,207
1803,13,560,209,728,399
1803,7,516,67,672,289
1803,8,143,59,257,205
1803,6,82,143,312,421
1804,13,560,210,727,399
1804,7,516,67,672,289
1804,8,143,60,256,201
1804,6,85,143,316,424
1805,13,560,210,727,399
1805,7,516,67,672,288
1805,6,87,143,315,424
1805,8,143,59,257,203
1806,13,559,210,727,399
1806,7,516,67,672,288
1806,8,143,59,257,202
1806,6,90,144,313,422
1807,13,559,210,727,399
1807,7,516,67,672,288
1807,8,143,59,257,202
1807,6,108,145,315,421
1808,13,559,210,727,399
1808,7,516,67,671,288
1808,8,143,59,257,201
1808,6,91,143,313,424
1809,13,559,210,727,399
1809,7,516,67,671,288
1809,8,142,59,256,200
1809,6,114,145,317,423
1810,13,559,210,727,399
1810,7,516,67,671,287
1810,6,115,144,318,422
1810,8,142,59,257,205
1811,13,559,210,727,399
1811,7,516,67,671,288
1811,6,118,142,319,423
1811,8,142,59,255,199
1812,7,516,68,671,288
1812,13,559,210,727,399
1812,8,142,59,255,199
1812,6,104,140,319,422
1813,13,559,210,727,399
1813,7,516,68,672,289
1813,8,141,59,255,198
1813,6,112,140,319,422
1814,13,559,210,727,399
1814,7,515,68,671,290
1814,8,141,59,255,197
1814,6,105,138,319,423
1815,8,141,59,255,197
1815,13,559,210,727,399
1815,7,515,68,671,290
1815,6,108,138,319,422
1816,7,516,68,671,289
1816,13,559,210,727,399
1816,6,107,137,319,422
1816,8,141,59,255,198
1817,13,559,210,727,399
1817,7,516,68,671,289
1817,8,141,59,255,200
1817,6,111,137,320,422
1818,13,559,210,727,399
1818,7,516,68,671,290
1818,8,141,59,255,200
1818,6,110,136,321,423
1819,13,559,210,727,399
1819,7,516,68,671,289
1819,8,141,59,255,199
1819,6,113,136,320,423
1820,13,559,210,727,398
1820,7,516,68,672,289
1820,8,141,59,255,199
1820,6,113,135,319,423
1821,13,559,210,727,398
1821,7,516,68,672,289
1821,8,141,59,255,198
1821,6,115,136,319,423
1822,13,559,210,727,398
1822,8,141,59,255,198
1822,7,516,68,671,289
1822,6,116,135,320,422
1823,13,559,210,727,398
1823,7,516,68,671,289
1823,8,141,59,255,197
1823,6,115,135,319,422
1824,13,559,210,727,399
1824,7,516,68,671,290
1824,8,141,59,255,196
1824,6,114,135,319,422
1825,13,559,210,727,399
1825,6,114,135,319,422
1825,7,516,68,671,291
1825,8,141,59,255,196
1826,13,559,210,727,399
1826,7,516,68,671,291
1826,8,141,59,255,195
1826,6,111,136,319,423
1827,13,559,210,727,398
1827,7,516,68,671,291
1827,8,141,59,255,195
1827,6,108,135,318,423
1828,13,559,210,727,398
1828,6,108,135,319,423
1828,7,516,69,671,292
1828,8,141,59,255,220
1828,15,141,60,257,315
1829,13,559,210,727,398
1829,7,515,69,671,292
1829,15,141,60,258,316
1829,6,109,134,319,424
1829,8,141,59,255,222
1830,13,559,210,727,398
1830,15,140,60,257,315
1830,7,516,69,671,292
1830,8,140,59,255,219
1830,6,114,135,319,424
1831,13,559,209,727,398
1831,15,140,60,257,315
1831,7,517,69,671,291
1831,6,113,135,319,424
1831,8,140,59,255,223
1831,16,518,69,672,224
1832,13,559,209,727,398
1832,15,140,60,257,314
1832,6,112,136,320,425
1832,8,140,59,255,226
1832,7,518,69,671,289
1832,16,518,69,672,216
1833,13,559,209,727,398
1833,8,141,59,255,226
1833,15,140,60,257,313
1833,6,111,135,319,425
1833,7,517,69,671,292
1834,13,559,209,727,398
1834,6,111,135,319,425
1834,7,517,69,672,292
1834,15,141,60,258,313
1834,8,141,59,256,227
1835,13,559,209,727,399
1835,7,517,69,672,292
1835,8,141,59,256,227
1835,15,141,60,258,312
1835,6,110,135,318,424
1836,13,559,209,727,399
1836,7,517,68,672,292
1836,15,141,59,258,313
1836,6,109,135,318,424
1836,8,141,59,256,223
1837,6,109,135,318,423
1837,13,560,209,727,398
1837,7,517,68,672,292
1837,15,141,59,259,312
1837,8,142,58,256,209
1838,7,517,68,672,292
1838,6,110,135,318,424
1838,13,560,209,727,398
1838,15,142,59,259,313
1838,8,142,58,256,206
1839,13,560,209,727,398
1839,6,110,134,318,425
1839,7,517,69,673,292
1839,8,142,58,256,202
1840,13,560,209,727,398
1840,6,109,134,318,425
1840,8,142,58,256,201
1840,7,517,69,673,291
1841,7,516,69,673,291
1841,13,560,209,727,398
1841,8,142,59,256,201
1841,6,110,134,318,425
1841,15,142,60,260,313
1842,7,516,69,673,291
1842,13,560,209,727,398
1842,6,110,134,318,424
1842,15,142,59,260,314
1842,8,142,59,256,201
1843,7,516,69,673,291
1843,13,560,209,727,398
1843,6,110,134,318,425
1843,15,142,59,260,313
1843,8,142,59,256,200
1844,13,560,209,727,398
1844,8,142,59,256,200
1844,7,516,69,673,291
1844,15,142,59,260,313
1844,6,109,133,318,425
1845,7,517,69,673,291
1845,13,560,209,727,398
1845,6,109,133,318,425
1845,15,142,60,260,313
1845,8,142,59,256,200
1846,13,560,209,727,398
1846,15,142,60,260,313
1846,7,516,69,672,290
1846,6,108,133,318,425
1846,8,142,59,257,201
1847,13,560,209,727,398
1847,7,516,68,672,290
1847,6,107,134,318,424
1847,15,142,60,260,313
1847,8,142,60,256,205
1848,6,107,134,318,424
1848,13,560,209,727,398
1848,7,516,68,672,290
1848,15,142,60,259,313
1848,8,142,59,257,211
1849,13,559,209,727,398
1849,7,516,68,672,290
1849,6,107,134,318,424
1849,15,141,60,259,314
1849,8,142,59,256,214
1850,7,516,68,672,290
1850,13,559,209,727,398
1850,6,108,134,318,424
1850,15,141,60,259,314
1850,8,142,59,256,210
1851,15,141,60,259,314
1851,13,559,209,727,398
1851,7,516,68,672,290
1851,6,106,134,319,424
1851,8,142,59,256,208
1852,13,559,209,727,398
1852,15,141,60,259,313
1852,6,106,134,319,424
1852,7,516,68,672,290
1852,8,142,60,256,209
1853,6,105,135,319,424
1853,13,559,208,727,398
1853,15,142,60,258,313
1853,7,516,68,672,289
1853,8,142,60,256,200
1854,6,106,135,319,424
1854,15,142,61,259,313
1854,13,559,208,728,398
1854,7,516,68,671,290
1854,8,142,60,256,209
1855,6,106,135,319,424
1855,15,141,61,259,313
1855,13,560,208,728,398
1855,8,142,60,256,210
1855,7,516,68,672,288
1856,15,142,61,259,313
1856,6,107,135,319,425
1856,13,560,208,728,398
1856,7,516,68,672,290
1856,8,142,60,256,212
1857,7,516,68,673,290
1857,13,560,208,728,399
1857,6,107,135,319,425
1857,15,142,61,259,312
1857,8,142,60,257,213
1858,15,142,61,259,313
1858,13,560,208,729,398
1858,6,108,135,319,424
1858,7,516,68,673,292
1858,8,142,60,257,214
1859,6,108,135,319,424
1859,13,560,208,729,398
1859,15,142,61,260,313
1859,7,516,68,673,292
1859,8,143,60,257,214
1860,7,516,68,673,293
1860,13,560,208,729,398
1860,15,142,61,260,313
1860,6,107,135,320,424
1860,8,143,60,257,215
1861,7,516,68,673,292
1861,6,107,135,320,424
1861,15,142,61,260,313
1861,8,143,60,257,215
1861,13,561,207,729,398
1862,13,561,207,729,398
1862,15,142,60,260,314
1862,8,143,60,257,216
1862,6,107,135,319,424
1862,7,516,68,673,295
1863,13,561,207,729,398
1863,8,143,60,257,216
1863,15,142,60,260,313
1863,6,108,135,320,424
1863,7,516,68,674,292
1864,15,142,60,260,313
1864,6,109,135,320,424
1864,8,143,59,257,217
1864,13,561,205,729,398
1864,7,516,68,673,293
1865,6,109,135,320,424
1865,13,561,205,729,398
1865,7,516,68,673,294
1865,15,142,60,260,313
1865,8,143,59,257,218
1866,13,561,206,729,398
1866,7,516,68,673,294
1866,15,142,60,260,313
1866,6,108,135,320,424
1866,8,143,59,257,218
1867,7,516,68,673,294
1867,8,143,60,257,218
1867,15,142,60,260,314
1867,6,107,135,320,424
1867,13,561,207,729,398
1868,15,142,60,260,314
1868,7,516,68,673,294
1868,13,561,206,729,398
1868,6,106,135,320,424
1868,8,143,60,257,217
1869,15,142,60,260,313
1869,8,143,60,257,217
1869,7,516,69,673,294
1869,13,560,206,729,398
1869,6,106,135,319,423
1870,15,142,60,260,313
1870,8,143,60,257,217
1870,13,560,206,729,398
1870,7,516,69,673,294
1870,6,106,135,319,423
1871,7,516,69,673,294
1871,15,142,60,260,313
1871,6,105,135,319,423
1871,13,560,204,729,398
1871,8,143,60,257,214
1872,15,142,60,259,312
1872,13,560,205,729,398
1872,8,143,60,257,215
1872,6,107,135,319,423
1872,7,516,69,673,296
1873,7,516,69,673,296
1873,13,560,204,729,398
1873,6,106,135,319,423
1873,8,143,61,257,215
1873,15,142,61,260,313
1874,13,560,205,729,398
1874,7,516,69,673,296
1874,6,105,135,319,423
1874,8,143,61,257,214
1874,15,142,61,261,313
1875,13,560,205,729,399
1875,15,142,61,261,313
1875,6,106,135,319,423
1875,7,515,70,673,294
1875,8,143,61,257,212
1876,15,142,61,261,312
1876,8,143,61,257,213
1876,6,107,135,319,423
1876,7,515,69,673,295
1876,13,560,204,729,398
1877,7,515,69,673,295
1877,8,143,61,257,212
1877,15,142,61,261,313
1877,13,560,203,728,398
1877,6,108,135,319,423
1878,15,142,61,261,313
1878,6,109,135,319,423
1878,13,559,203,729,398
1878,7,515,69,673,294
1878,8,142,61,257,202
1879,7,515,69,673,294
1879,15,142,61,261,313
1879,13,559,203,729,398
1879,6,111,135,318,423
1879,8,142,61,257,201
1880,7,515,69,673,294
1880,13,559,203,728,398
1880,15,142,61,261,313
1880,6,111,135,318,423
1880,8,142,61,257,197
1881,15,142,61,261,313
1881,7,515,69,673,294
1881,6,111,135,318,423
1881,13,559,202,728,398
1881,8,142,61,257,196
1882,15,142,61,261,314
1882,7,515,70,673,293
1882,13,559,202,728,398
1882,6,110,135,318,423
1882,8,142,61,257,200
1883,7,515,70,673,294
1883,15,142,62,261,314
1883,13,558,201,728,398
1883,6,109,135,317,423
1883,8,142,61,257,198
1884,13,558,201,728,398
1884,7,515,69,674,293
1884,6,108,135,317,423
1884,15,142,62,261,314
1884,8,142,62,257,195
1885,13,559,201,728,398
1885,7,515,70,674,295
1885,15,143,62,260,314
1885,6,106,135,317,422
1885,8,143,62,257,197
1886,15,143,62,260,314
1886,7,515,70,675,295
1886,6,107,135,317,422
1886,13,559,200,728,398
1886,8,143,62,257,198
1887,13,559,200,728,398
1887,7,515,70,675,296
1887,8,143,62,257,199
1887,15,142,62,260,313
1887,6,105,135,317,423
1888,13,559,200,728,398
1888,7,515,70,675,295
1888,8,142,62,257,199
1888,15,142,62,260,314
1888,6,103,135,317,423
1889,15,142,62,260,314
1889,7,515,70,675,295
1889,13,558,200,728,398
1889,6,103,136,317,423
1889,8,142,62,257,200
1890,15,142,62,260,314
1890,13,559,200,728,399
1890,6,103,136,318,423
1890,8,142,62,257,198
1890,7,515,70,675,297
1891,15,142,62,260,314
1891,6,104,136,318,423
1891,13,559,200,728,399
1891,7,515,70,675,299
1891,8,142,62,257,196
1892,15,142,62,260,314
1892,6,104,136,318,424
1892,8,142,62,257,196
1892,13,559,201,729,399
1892,7,515,71,675,299
1893,15,142,62,260,314
1893,6,104,136,318,424
1893,7,515,71,676,299
1893,13,559,201,729,399
1893,8,142,62,257,198
1894,13,559,200,729,399
1894,6,104,136,318,424
1894,15,142,62,260,314
1894,7,515,71,676,299
1894,8,142,62,257,197
1895,15,142,62,260,314
1895,13,559,200,729,399
1895,7,515,70,676,298
1895,6,104,135,318,424
1895,8,142,62,257,196
1896,6,104,135,318,424
1896,15,142,62,260,314
1896,13,559,200,729,399
1896,8,143,62,257,196
1896,7,515,70,676,298
1897,13,559,200,729,399
1897,6,104,136,318,424
1897,15,142,62,260,313
1897,7,515,70,676,296
1897,8,142,62,257,195
1898,13,560,200,729,399
1898,15,142,62,260,314
1898,8,142,62,257,194
1898,6,103,135,319,424
1898,7,515,70,675,298
1899,13,559,200,729,399
1899,6,103,135,318,424
1899,15,142,62,260,314
1899,7,515,69,675,298
1899,8,142,61,256,195
1900,13,559,200,729,399
1900,8,142,61,256,195
1900,15,142,62,260,313
1900,6,104,135,318,424
1900,7,515,69,675,297
1901,6,104,135,318,424
1901,13,559,200,729,399
1901,15,142,62,260,313
1901,8,142,61,256,194
1901,7,515,69,675,295
1902,7,515,69,675,295
1902,13,559,200,729,399
1902,8,142,61,256,194
1902,15,142,62,259,313
1902,6,104,134,318,424
1903,13,559,200,729,398
1903,6,104,134,318,423
1903,15,141,61,260,312
1903,7,515,68,675,294
1903,8,142,61,256,198
1904,6,105,134,318,423
1904,13,558,200,729,398
1904,15,141,61,259,312
1904,7,515,68,675,293
1904,8,142,60,256,203
1905,6,105,134,318,423
1905,13,558,200,729,398
1905,7,515,67,675,292
1905,8,142,60,256,204
1905,15,141,61,259,311
1906,13,558,200,728,398
1906,6,106,134,318,423
1906,7,515,67,675,291
1906,8,141,60,256,203
1906,15,141,60,259,308
1907,13,558,200,729,398
1907,7,515,67,675,291
1907,6,105,134,318,422
1907,8,141,59,256,202
1908,7,515,67,675,291
1908,13,558,200,728,398
1908,6,104,134,318,422
1908,8,141,59,256,200
1909,6,105,134,317,422
1909,7,515,67,675,291
1909,8,141,59,256,201
1909,13,557,200,728,399
1910,7,515,66,675,291
1910,6,105,134,317,423
1910,8,141,59,256,201
1910,13,557,199,728,398
1911,7,515,66,675,291
1911,13,558,200,729,398
1911,6,105,134,317,421
1911,8,141,59,256,198
1912,13,558,200,729,398
1912,7,515,66,675,290
1912,6,104,133,317,420
1912,8,141,59,256,201
1913,13,558,200,728,397
1913,6,105,133,317,421
1913,7,515,66,675,289
1913,8,141,59,256,212
1914,6,105,133,318,421
1914,13,559,200,729,397
1914,7,515,65,675,289
1914,8,141,59,256,208
1915,7,515,65,675,289
1915,13,558,200,729,397
1915,6,105,133,317,420
1915,8,142,58,256,203
1916,13,558,199,729,397
1916,7,515,65,674,289
1916,6,104,132,316,418
1916,8,142,58,256,200
1917,7,515,65,674,289
1917,13,558,199,728,397
1917,6,105,132,316,417
1917,8,142,58,256,198
1918,7,515,64,674,290
1918,13,558,199,728,396
1918,8,142,58,256,199
1918,6,107,132,314,416
1919,13,558,199,728,396
1919,6,106,132,314,416
1919,7,514,65,675,290
1919,8,142,58,256,193
1920,13,558,199,729,395
1920,6,107,132,314,417
1920,7,514,65,675,290
1920,8,143,58,256,196
1921,7,514,65,675,291
1921,13,559,200,728,396
1921,8,142,58,256,193
1921,6,111,130,309,417
1922,13,559,200,728,396
1922,8,142,58,256,194
1922,6,111,130,309,417
1922,7,514,65,675,290
1923,8,143,57,256,194
1923,7,514,65,675,290
1923,13,559,200,728,396
1923,6,111,130,308,417
1924,13,559,200,728,396
1924,6,111,130,308,417
1924,7,515,65,675,290
1924,8,143,57,256,199
1925,13,559,200,729,396
1925,7,515,65,675,290
1925,6,111,130,308,417
1925,8,143,56,256,199
1926,6,111,130,309,417
1926,7,515,65,675,290
1926,13,560,200,729,396
1926,8,143,56,256,194
1927,13,560,200,729,396
1927,6,111,130,309,417
1927,7,515,64,675,289
1927,8,143,56,256,193
1928,13,560,200,729,396
1928,6,111,129,309,416
1928,7,515,64,675,289
1928,8,143,57,256,192
1929,13,560,200,729,396
1929,6,111,129,308,416
1929,8,143,57,256,192
1929,7,515,64,675,288
1930,7,515,64,675,288
1930,13,560,200,729,396
1930,6,111,129,308,416
1930,8,143,57,256,192
1931,7,515,64,675,288
1931,6,111,129,308,416
1931,13,560,200,729,396
1931,8,143,57,256,190
1932,13,560,200,729,396
1932,8,143,57,256,190
1932,7,515,64,676,288
1932,6,111,129,309,416
1933,13,560,200,729,395
1933,7,515,64,676,287
1933,6,112,129,310,415
1933,8,143,57,256,187
1934,7,515,64,676,287
1934,6,112,129,310,415
1934,13,560,200,729,395
1934,8,143,57,257,187
1935,7,515,64,676,287
1935,13,560,199,729,394
1935,6,110,128,311,413
1935,8,143,58,257,189
1936,7,515,63,676,287
1936,13,560,199,729,394
1936,6,110,128,309,412
1936,8,144,60,257,187
1937,7,515,63,676,287
1937,13,560,199,729,394
1937,6,109,128,312,412
1937,8,143,58,257,186
1938,13,560,199,729,393
1938,6,109,128,311,412
1938,7,515,63,675,288
1938,8,143,59,256,182
1939,13,560,199,729,393
1939,7,514,63,675,289
1939,6,109,128,312,412
1939,8,143,60,256,182
1940,7,514,63,675,288
1940,13,560,199,729,393
1940,6,108,127,310,412
1940,8,143,59,256,181
1941,13,560,199,729,393
1941,7,514,63,675,289
1941,6,109,128,309,410
1941,8,143,56,256,182
1942,7,514,62,675,289
1942,13,559,199,728,393
1942,6,109,128,309,411
1942,8,142,56,256,185
1943,7,514,63,675,289
1943,13,560,198,729,393
1943,6,108,128,308,411
1943,8,142,55,256,186
1944,13,560,198,728,393
1944,6,108,128,309,411
1944,7,514,63,675,288
1944,8,142,55,256,184
1945,13,560,198,728,392
1945,8,142,55,257,184
1945,7,514,63,675,289
1945,6,108,128,310,411
1946,7,514,63,675,289
1946,13,560,198,729,393
1946,8,142,55,257,184
1946,6,109,128,312,411
1947,13,560,198,729,393
1947,7,514,63,675,291
1947,6,109,128,313,411
1947,8,142,55,256,186
1948,13,560,198,729,392
1948,7,514,63,674,290
1948,6,109,128,311,411
1948,8,142,55,256,187
1949,13,560,198,729,392
1949,7,515,62,675,290
1949,8,143,55,256,188
1949,6,107,128,312,411
1950,13,560,198,729,392
1950,7,515,62,675,289
1950,8,142,55,256,187
1950,6,108,127,312,411
1951,7,515,62,675,290
1951,13,560,198,729,392
1951,8,142,55,257,186
1951,6,110,127,312,411
1952,13,560,198,729,393
1952,7,515,62,675,289
1952,6,110,127,313,411
1952,8,142,55,256,190
1953,13,560,198,729,393
1953,7,514,62,675,290
1953,8,142,55,257,191
1953,6,110,127,316,411
1954,13,560,198,729,393
1954,7,514,62,675,290
1954,8,142,55,257,190
1954,6,110,126,316,411
1955,7,514,62,675,290
1955,13,560,198,729,392
1955,6,109,126,317,411
1955,8,142,55,256,189
1956,7,514,62,674,290
1956,13,560,198,728,392
1956,6,109,126,316,411
1956,8,142,54,256,186
1957,13,559,198,728,392
1957,6,107,126,317,410
1957,7,513,62,675,292
1957,8,142,54,256,188
1958,13,559,198,727,392
1958,7,513,62,674,293
1958,6,109,126,316,411
1958,8,142,54,257,200
1959,13,559,197,727,391
1959,7,513,62,674,293
1959,6,109,126,315,411
1959,8,141,54,256,201
1960,6,109,126,314,411
1960,13,558,197,726,391
1960,8,141,54,256,204
1960,7,512,62,674,296
1961,13,558,197,727,391
1961,6,108,126,314,411
1961,7,512,62,674,295
1961,8,141,54,256,188
1962,13,558,197,726,391
1962,6,108,126,314,410
1962,7,512,62,674,293
1962,8,142,54,256,198
1963,13,558,197,726,391
1963,6,108,125,314,410
1963,7,512,62,674,295
1963,8,141,54,256,196
1964,13,558,198,727,391
1964,6,108,125,314,410
1964,8,141,54,256,195
1964,7,513,62,674,294
1965,13,558,198,727,392
1965,6,108,125,314,411
1965,8,141,54,256,195
1965,7,513,62,674,295
1966,13,558,198,727,392
1966,6,108,125,314,411
1966,7,513,62,674,294
1966,8,142,54,256,199
1967,13,559,198,727,392
1967,7,513,62,674,293
1967,6,107,125,315,411
1967,8,141,54,256,197
1968,7,513,62,674,294
1968,13,559,198,727,391
1968,6,107,125,315,411
1968,8,141,54,256,199
1969,13,559,198,727,391
1969,8,141,54,256,199
1969,6,108,125,316,411
1969,7,513,62,674,292
1970,8,141,54,256,199
1970,7,513,62,674,292
1970,13,559,198,728,391
1970,6,108,125,316,411
1971,13,559,198,728,391
1971,7,513,61,674,291
1971,6,108,125,317,411
1971,8,142,54,256,194
1972,7,514,61,674,291
1972,13,560,198,728,391
1972,6,109,125,317,411
1972,8,141,54,256,199
1973,7,514,62,674,290
1973,13,560,198,728,390
1973,6,108,125,317,411
1973,8,142,54,256,195
1974,13,560,198,728,390
1974,7,514,62,674,290
1974,6,106,125,318,411
1974,8,142,54,257,193
1975,7,514,61,674,289
1975,13,560,198,728,390
1975,6,105,126,318,410
1975,8,142,54,256,194
1975,17,556,198,729,476
1976,13,560,198,728,390
1976,7,514,61,674,289
1976,6,107,126,318,410
1976,8,141,54,256,192
1977,7,514,62,674,289
1977,6,108,126,318,410
1977,13,560,198,728,391
1977,8,141,54,256,188
1978,7,513,62,674,289
1978,13,559,198,727,391
1978,6,108,126,318,410
1978,8,141,54,256,194
1979,7,513,62,674,289
1979,6,108,126,318,409
1979,13,559,198,727,392
1979,8,142,54,256,191
1980,7,513,61,674,290
1980,13,559,198,727,392
1980,6,109,126,318,409
1980,8,142,54,256,192
1981,13,559,198,727,392
1981,7,513,61,674,290
1981,6,109,126,318,409
1981,8,142,55,256,198
1982,6,109,126,318,409
1982,13,559,198,726,392
1982,7,513,61,674,290
1982,8,142,54,256,187
1983,13,559,198,726,392
1983,7,513,61,674,290
1983,6,110,126,318,409
1983,8,142,55,256,193
1984,7,513,61,674,291
1984,13,559,198,727,392
1984,8,142,55,256,192
1984,6,108,127,318,408
1985,13,559,198,727,392
1985,7,513,61,674,290
1985,6,107,127,317,409
1985,8,142,54,256,186
1986,13,559,198,727,391
1986,7,513,61,674,290
1986,6,108,127,318,410
1986,8,142,55,257,194
1987,7,514,61,674,290
1987,13,559,198,727,391
1987,6,108,127,318,410
1987,8,142,54,256,187
1988,7,514,61,675,290
1988,6,108,127,318,410
1988,17,556,199,729,476
1988,13,559,198,728,390
1988,8,142,54,256,191
1989,7,514,62,674,289
1989,6,108,127,318,410
1989,13,560,198,728,391
1989,8,142,55,257,189
1990,7,514,62,675,289
1990,6,108,128,318,410
1990,8,142,55,257,190
1990,13,560,198,728,391
1991,7,514,62,675,289
1991,6,109,128,318,410
1991,13,560,199,729,391
1991,8,142,55,257,192
1992,13,560,199,729,391
1992,7,514,62,675,289
1992,6,109,128,318,410
1992,8,142,55,257,194
1993,13,560,199,728,391
1993,7,514,61,675,289
1993,6,109,129,318,410
1993,8,142,55,257,196
1994,7,515,61,675,289
1994,13,560,199,729,391
1994,6,108,129,318,410
1994,8,141,55,257,200
1995,13,560,199,729,391
1995,7,515,61,675,290
1995,6,108,129,318,410
1995,8,141,55,257,190
1996,7,515,61,675,290
1996,13,561,198,729,391
1996,6,108,129,318,410
1996,8,141,55,257,189
1997,7,515,61,674,290
1997,13,561,198,729,391
1997,6,108,130,318,410
1997,8,141,55,257,186
1998,13,560,198,729,391
1998,6,107,130,319,410
1998,7,515,61,674,289
1998,8,142,55,257,189
1999,6,107,130,319,410
1999,13,560,198,729,391
1999,7,514,61,674,288
1999,17,557,199,730,476
1999,8,141,55,257,200
2000,13,560,199,728,391
2000,17,557,199,730,476
2000,7,514,61,674,289
2000,6,107,130,318,410
2000,8,141,55,257,188
2001,7,514,61,674,289
2001,13,560,198,728,391
2001,17,557,199,730,476
2001,6,107,129,318,411
2001,8,141,55,257,190
2002,7,514,61,674,289
2002,6,107,129,318,410
2002,13,560,198,729,391
2002,8,140,55,256,184
2003,7,514,61,675,289
2003,13,560,198,728,391
2003,6,108,129,318,410
2003,8,140,55,257,190
2004,13,559,198,728,391
2004,7,513,61,674,289
2004,6,107,129,317,409
2004,8,140,55,256,196
2005,7,513,61,674,289
2005,13,559,198,728,391
2005,6,108,128,317,409
2005,8,140,55,256,196
2005,17,556,199,729,476
2006,7,513,61,674,289
2006,13,559,198,727,392
2006,17,556,198,729,476
2006,6,109,129,317,409
2006,8,139,55,256,188
2007,6,109,129,317,408
2007,7,513,61,674,289
2007,13,559,198,727,391
2007,8,139,54,256,187
2008,13,559,198,727,391
2008,7,513,61,674,288
2008,6,110,129,316,407
2008,8,140,54,256,182
2009,7,513,61,674,287
2009,13,559,198,727,392
2009,6,108,129,316,407
2009,8,140,54,256,185
2010,13,559,198,727,392
2010,7,512,61,674,288
2010,6,109,128,315,407
2010,8,140,54,256,182
2011,13,559,198,727,392
2011,7,512,61,674,289
2011,8,140,54,256,181
2011,6,108,128,316,407
2012,13,559,198,727,392
2012,7,512,61,674,288
2012,8,139,55,256,181
2012,6,107,128,316,406
2013,13,559,198,727,391
2013,7,512,61,674,289
2013,8,139,55,256,181
2013,6,105,127,316,406
2014,7,512,61,674,289
2014,13,558,198,727,391
2014,8,139,55,256,181
2014,6,106,127,316,406
2015,13,558,198,727,391
2015,7,512,60,674,289
2015,8,139,54,255,181
2015,6,106,126,317,410
2016,7,512,60,674,289
2016,13,558,198,727,391
2016,8,139,54,255,180
2016,6,102,126,316,411
2017,13,558,198,727,391
2017,7,512,60,674,289
2017,8,139,54,256,182
2017,6,101,126,313,413
2018,7,512,60,674,289
2018,13,558,198,727,391
2018,8,139,55,255,179
2018,6,99,126,307,415
2019,7,512,60,674,289
2019,13,558,199,727,391
2019,8,138,55,255,179
2019,6,99,126,311,420
2020,13,558,199,727,391
2020,7,512,60,674,289
2020,8,138,55,255,180
2020,6,96,126,307,428
2021,13,558,199,727,392
2021,7,512,60,674,288
2021,8,138,54,255,180
2021,6,90,127,307,434
2022,13,558,199,727,392
2022,7,512,60,674,289
2022,8,138,54,255,180
2022,6,87,129,307,432
2023,13,558,199,727,392
2023,7,512,60,674,288
2023,6,89,130,307,432
2023,8,137,54,254,181
2024,7,512,60,674,288
2024,13,558,199,727,391
2024,8,137,54,254,182
2024,6,93,132,307,433
2025,7,512,60,674,289
2025,13,557,199,727,391
2025,8,136,54,254,183
2025,6,99,132,307,436
2026,13,558,199,726,391
2026,7,512,59,674,291
2026,6,98,135,307,436
2026,8,136,53,254,185
2027,7,512,59,674,290
2027,13,557,199,726,391
2027,6,98,136,308,434
2027,8,136,53,254,186
2027,18,136,53,259,306
2028,13,557,199,726,390
2028,7,512,59,673,291
2028,8,137,53,254,187
2028,6,99,139,308,436
2029,13,557,198,726,391
2029,7,512,59,674,293
2029,6,99,141,308,436
2029,8,137,53,254,189
2030,13,558,199,726,391
2030,7,512,59,674,294
2030,8,137,53,253,192
2030,6,96,141,309,438
2031,7,512,59,674,294
2031,13,557,198,726,391
2031,6,96,142,308,437
2031,8,138,53,253,193
2032,13,557,198,726,391
2032,7,512,59,674,294
2032,8,139,53,253,193
2032,6,94,144,308,439
2033,13,557,198,726,391
2033,7,512,59,674,291
2033,6,93,145,308,441
2033,8,139,51,253,194
2034,13,557,198,727,390
2034,7,512,59,673,289
2034,6,92,147,308,443
2034,8,137,51,253,195
2035,7,512,59,674,289
2035,13,558,198,727,390
2035,8,137,51,253,197
2035,6,94,148,307,445
2035,18,94,147,248,337
2036,13,558,198,727,390
2036,7,512,59,674,288
2036,6,94,149,307,446
2036,18,95,150,250,338
2036,8,137,50,254,202
2037,13,558,199,727,390
2037,7,512,59,674,288
2037,6,96,149,308,447
2037,8,137,51,254,203
2037,18,97,150,249,337
2037,19,137,50,255,298
2038,13,558,199,727,390
2038,7,512,59,674,288
2038,19,137,50,255,303
2038,6,97,149,307,454
2038,8,136,50,254,207
2038,18,98,147,246,337
2039,7,512,59,674,288
2039,13,558,199,727,390
2039,6,99,152,306,451
2039,8,135,50,254,211
2039,18,102,152,241,337
2040,7,512,59,674,288
2040,13,558,199,727,389
2040,6,101,154,308,450
2040,18,102,155,241,337
2040,8,133,50,255,219
2041,7,512,59,673,290
2041,13,558,199,726,387
2041,6,99,157,307,457
2041,8,136,50,255,222
2041,18,100,158,227,338
2041,20,554,199,728,476
2042,13,558,199,726,387
2042,20,554,199,728,476
2042,7,512,59,673,290
2042,6,95,161,307,451
2042,8,136,50,254,231
2042,18,96,161,230,338
2043,7,512,59,673,289
2043,13,558,199,726,388
2043,6,91,160,306,451
2043,8,136,50,254,241
2043,18,92,160,226,337
2044,7,512,59,673,290
2044,13,557,199,726,387
2044,8,136,50,255,246
2044,18,90,161,236,337
2045,13,557,199,726,387
2045,7,512,59,673,289
2045,8,135,50,255,232
2045,18,85,163,248,337
2046,7,512,59,673,288
2046,13,557,199,726,387
2046,8,135,50,256,258
2046,18,80,167,222,337
2047,13,557,199,726,387
2047,7,512,59,673,288
2047,8,135,50,257,266
2047,18,77,167,227,337
2047,6,76,167,304,468
2048,13,557,199,726,387
2048,7,512,59,673,288
2048,6,73,168,305,464
2048,18,72,169,227,337
2048,8,135,50,261,277
2048,19,135,51,255,200
2049,7,512,59,673,288
2049,13,557,199,726,387
2049,19,136,51,255,202
2049,6,69,168,305,459
2049,18,70,170,230,338
2050,7,512,59,673,287
2050,13,557,199,726,388
2050,19,136,51,254,204
2050,6,66,168,306,455
2050,18,67,169,269,342
2051,7,512,59,673,287
2051,13,557,199,726,388
2051,19,136,51,254,203
2051,6,63,168,306,461
2051,18,64,169,273,349
2052,13,558,199,726,388
2052,7,512,59,673,288
2052,19,136,50,254,202
2052,6,63,170,306,452
2052,18,63,170,291,354
2053,7,512,59,673,288
2053,13,558,199,726,388
2053,19,136,51,255,202
2053,6,62,170,307,449
2053,18,62,171,298,353
2054,13,558,199,726,388
2054,19,136,51,255,202
2054,7,512,59,673,289
2054,6,61,172,308,452
2055,7,512,59,673,288
2055,13,558,199,726,387
2055,19,136,51,255,202
2055,20,554,198,728,477
2055,6,61,172,308,454
2056,7,512,59,673,289
2056,19,136,51,254,202
2056,20,553,198,728,476
2056,13,558,199,726,387
2056,6,62,173,309,452
2057,20,553,198,728,476
2057,7,512,59,673,288
2057,19,136,51,254,203
2057,13,558,199,726,386
2057,6,63,173,309,452
2058,20,553,198,728,476
2058,7,512,59,673,288
2058,13,558,199,726,386
2058,19,136,51,254,202
2058,6,65,173,309,453
2059,20,553,198,728,476
2059,13,558,199,726,387
2059,19,136,51,254,202
2059,7,512,59,673,287
2059,6,67,173,309,454
2060,13,558,199,726,387
2060,19,136,50,254,202
2060,20,553,198,728,476
2060,7,512,58,673,286
2060,6,67,173,309,458
2061,13,558,199,726,387
2061,20,552,199,728,476
2061,19,136,50,254,202
2061,7,512,58,673,286
2061,6,66,172,309,456
2062,7,512,58,673,286
2062,13,557,199,726,388
2062,19,136,50,254,203
2062,20,553,199,728,476
2062,6,66,172,308,458
2063,7,512,58,673,286
2063,13,557,199,726,388
2063,20,553,199,728,476
2063,19,136,51,254,203
2063,6,66,172,307,459
2063,18,69,172,260,384
2064,7,512,58,673,286
2064,13,558,199,726,388
2064,19,136,51,254,202
2064,20,554,199,728,477
2064,6,68,172,303,455
2065,13,558,199,726,388
2065,20,555,199,728,476
2065,19,136,51,254,203
2065,7,512,59,673,288
2065,6,71,171,305,461
2066,19,136,51,254,203
2066,13,558,199,727,388
2066,7,512,58,673,288
2066,20,556,199,728,477
2066,6,73,172,283,466
2067,19,135,51,254,203
2067,20,556,199,728,477
2067,13,558,199,727,388
2067,7,512,58,674,289
2067,18,75,173,254,394
2068,19,135,51,254,203
2068,20,556,199,729,476
2068,7,512,58,674,289
2068,13,558,199,727,388
2068,18,76,173,254,395
2069,7,512,58,674,289
2069,19,135,51,254,203
2069,20,556,199,729,476
2069,13,559,199,727,388
2069,18,77,174,253,397
2070,13,559,199,727,388
2070,20,556,199,729,476
2070,7,512,58,674,289
2070,19,135,51,254,203
2070,6,77,174,255,476
2071,7,512,58,674,289
2071,13,558,199,727,388
2071,20,556,199,729,476
2071,19,135,50,254,203
2071,18,77,174,255,392
2072,13,558,199,727,388
2072,7,512,58,674,288
2072,19,135,50,254,202
2072,20,555,199,729,476
2072,18,77,174,255,387
2073,7,512,58,674,288
2073,13,558,199,727,388
2073,19,135,50,254,203
2073,20,556,198,729,476
2073,18,77,174,257,377
2074,20,556,198,729,477
2074,13,558,198,727,388
2074,19,135,50,254,203
2074,7,512,58,673,287
2074,18,77,175,257,372
2075,7,512,58,673,287
2075,13,558,198,727,388
2075,19,135,50,254,203
2075,18,76,175,258,367
2076,13,558,198,727,388
2076,7,512,58,673,287
2076,20,556,198,728,477
2076,19,135,49,253,202
2076,18,74,175,258,362
2077,20,556,198,728,477
2077,7,512,58,673,287
2077,13,558,198,727,388
2077,19,135,49,253,202
2077,18,73,175,259,358
2078,20,555,198,728,477
2078,13,558,198,727,388
2078,7,512,58,673,286
2078,19,135,49,252,202
2078,18,73,175,259,354
2079,20,555,198,728,477
2079,13,558,198,727,388
2079,19,135,49,252,201
2079,7,512,57,673,287
2079,18,75,173,258,352
2080,20,555,198,728,477
2080,7,512,57,673,286
2080,13,558,198,727,388
2080,19,135,49,252,201
2080,18,76,173,258,355
2081,20,555,198,728,477
2081,7,512,57,673,287
2081,13,558,198,726,387
2081,19,134,48,251,200
2081,18,77,173,258,360
2082,7,512,57,673,287
2082,13,558,198,726,388
2082,20,555,198,728,476
2082,19,134,48,251,200
2082,18,79,173,258,365
2083,20,555,198,728,476
2083,19,134,48,251,200
2083,7,512,56,673,287
2083,13,558,198,726,387
2083,18,79,172,258,366
2084,7,512,56,673,287
2084,20,554,198,728,476
2084,19,134,47,251,200
2084,13,558,198,726,386
2084,18,79,172,258,362
2085,19,134,47,251,200
2085,20,555,198,728,476
2085,13,557,198,726,386
2085,7,513,56,673,287
2085,18,79,172,258,359
2086,20,554,198,728,476
2086,13,557,198,726,385
2086,19,134,47,250,200
2086,7,514,56,673,282
2086,18,79,171,257,353
2087,19,134,47,250,200
2087,20,554,197,728,476
2087,13,557,197,726,385
2087,18,79,171,257,349
2087,7,514,55,673,287
2087,21,520,56,673,190
2088,19,134,47,250,200
2088,20,554,197,729,477
2088,13,557,197,726,386
2088,18,79,171,257,350
2088,21,517,55,672,193
2089,13,557,197,726,386
2089,19,134,47,250,200
2089,21,518,55,672,192
2089,18,79,171,257,355
2090,13,557,197,726,386
2090,19,134,46,250,200
2090,18,80,171,257,361
2090,21,519,54,673,188
2090,7,516,54,673,272
2091,19,134,46,250,199
2091,20,554,197,728,477
2091,13,557,196,726,386
2091,18,80,171,257,365
2091,21,520,54,673,193
2091,7,515,53,673,285
2092,20,554,196,728,476
2092,13,557,196,726,386
2092,19,134,46,250,198
2092,7,515,53,673,286
2092,18,80,171,257,368
2092,21,520,53,673,196
2093,13,557,196,726,386
2093,20,554,196,728,476
2093,21,520,53,673,196
2093,19,134,46,250,198
2093,18,80,170,257,367
2093,7,515,53,673,273
2094,19,134,46,250,198
2094,13,557,195,726,385
2094,21,520,53,673,196
2094,18,80,169,257,362
2094,7,516,53,673,254
2095,20,554,196,729,477
2095,19,134,46,250,198
2095,21,520,53,673,195
2095,13,557,196,726,386
2095,18,80,169,257,359
2095,7,516,53,673,267
2096,20,554,196,729,477
2096,19,134,46,250,198
2096,13,557,196,726,386
2096,21,521,53,672,195
2096,18,79,169,257,354
2096,7,514,52,673,289
2097,13,558,196,726,386
2097,19,134,45,250,197
2097,7,514,52,673,289
2097,21,521,53,672,195
2097,18,79,169,257,353
2098,19,134,45,251,197
2098,18,79,169,257,352
2098,21,522,53,672,194
2098,13,558,195,726,385
2098,7,517,52,673,249
2099,19,134,45,251,197
2099,21,523,53,673,194
2099,13,558,196,727,385
2099,18,79,169,257,354
2099,7,514,52,674,287
2100,19,134,45,251,197
2100,13,559,196,727,385
2100,21,523,52,673,193
2100,18,80,169,257,357
2100,7,515,53,675,285
2101,19,134,45,251,197
2101,7,515,52,675,284
2101,13,558,197,728,385
2101,21,523,52,673,192
2101,18,80,169,257,360
2102,19,134,45,251,197
2102,13,558,197,728,385
2102,21,524,52,673,189
2102,7,514,51,674,287
2102,18,80,169,257,365
2103,13,558,197,728,385
2103,19,134,44,251,196
2103,21,524,52,674,190
2103,18,80,170,257,369
2103,7,514,52,675,282
2104,13,558,197,728,385
2104,19,134,44,251,196
2104,18,80,170,257,368
2104,7,514,51,675,281
2105,13,558,197,728,385
2105,19,134,44,251,196
2105,7,515,51,675,280
2105,21,524,51,674,188
2105,18,79,169,257,364
2106,19,134,44,251,196
2106,13,558,196,728,385
2106,7,515,50,676,279
2106,18,77,170,258,360
2107,13,558,196,728,385
2107,19,133,44,251,196
2107,18,76,170,258,359
2107,7,514,50,674,284
2108,13,558,196,729,384
2108,7,513,49,674,285
2108,19,133,43,250,195
2108,18,75,170,258,355
2109,13,558,196,728,385
2109,18,75,170,258,355
2109,19,133,43,250,195
2109,7,514,49,674,285
2110,7,514,49,674,285
2110,13,558,196,728,384
2110,19,133,43,250,195
2110,18,75,170,258,358
2111,13,558,195,728,384
2111,19,132,43,250,194
2111,7,514,48,674,284
2111,21,524,49,674,188
2111,18,77,168,257,358
2112,13,557,195,728,384
2112,21,524,49,674,188
2112,19,132,43,250,194
2112,7,513,48,674,285
2112,18,78,168,257,362
2113,21,524,49,673,187
2113,19,132,43,250,194
2113,7,514,48,674,285
2113,13,557,194,728,384
2113,18,78,168,257,366
2114,19,132,42,250,194
2114,13,557,194,727,384
2114,7,514,48,674,286
2114,18,77,167,256,365
2114,21,524,49,673,188
2115,7,513,47,674,285
2115,13,557,194,727,384
2115,19,132,42,249,194
2115,21,523,48,673,187
2115,18,76,167,256,362
2116,19,132,42,249,193
2116,13,557,193,727,384
2116,7,513,47,674,286
2116,21,523,48,673,188
2116,18,75,167,256,358
2117,13,557,193,727,384
2117,19,132,42,249,193
2117,7,513,47,674,285
2117,18,74,167,256,354
2118,13,557,193,727,384
2118,19,132,42,249,193
2118,7,512,47,674,286
2118,18,72,167,256,353
2119,19,132,42,249,193
2119,13,557,193,727,384
2119,7,513,47,674,284
2119,18,73,167,256,355
2120,19,132,42,249,193
2120,13,557,192,728,384
2120,7,513,47,674,283
2120,18,73,167,256,359
2121,7,513,47,674,284
2121,19,132,42,249,192
2121,13,557,192,728,384
2121,18,74,167,256,362
2122,19,132,42,249,193
2122,13,557,192,728,383
2122,7,514,47,675,283
2122,21,521,47,674,188
2122,18,76,167,256,366
2123,13,557,192,728,384
2123,19,132,41,249,192
2123,18,76,167,256,368
2123,7,512,46,675,283
2124,19,132,41,249,192
2124,7,512,46,675,281
2124,18,75,166,256,366
2124,13,558,189,728,381
2124,22,554,189,730,477
2125,13,558,189,728,381
2125,22,555,188,731,477
2125,19,131,41,249,191
2125,7,513,46,675,279
2125,18,74,166,256,363
2126,22,555,188,731,477
2126,13,558,189,728,381
2126,19,131,40,249,191
2126,7,512,45,674,280
2126,18,73,166,256,361
2127,22,554,187,731,477
2127,19,131,40,249,191
2127,13,558,187,728,380
2127,7,512,45,674,282
2127,18,72,166,256,357
2128,22,555,187,731,477
2128,13,557,187,728,380
2128,7,512,45,674,283
2128,19,132,40,249,192
2128,18,71,166,256,355
2129,18,71,166,256,356
2129,7,512,44,674,283
2129,19,131,40,249,191
2129,22,555,187,731,479
2129,13,557,186,728,379
2130,22,556,186,731,479
2130,19,131,40,249,191
2130,13,557,186,728,378
2130,7,512,44,675,284
2130,18,71,166,255,359
2131,22,555,186,731,479
2131,18,72,166,255,360
2131,13,557,185,727,377
2131,7,512,43,674,282
2131,19,130,39,248,190
2132,22,555,185,732,479
2132,13,556,185,727,377
2132,7,511,43,674,279
2132,19,130,39,249,192
2132,18,72,165,255,363
2133,18,72,165,255,363
2133,7,511,43,674,278
2133,22,555,184,730,478
2133,13,555,182,726,378
2133,19,129,39,247,190
2134,22,554,183,729,478
2134,18,72,164,255,364
2134,13,555,181,726,377
2134,19,130,38,248,191
2134,7,511,42,673,275
2135,19,130,38,248,191
2135,22,554,182,729,478
2135,7,511,42,672,276
2135,13,555,180,726,377
2135,18,72,164,255,363
2135,23,71,164,259,477
2136,19,129,38,248,191
2136,22,554,181,728,478
2136,13,556,179,725,377
2136,7,511,42,672,273
2136,18,71,163,255,361
2137,22,553,181,728,478
2137,19,129,37,248,191
2137,7,510,42,672,274
2137,13,554,179,725,377
2137,18,71,163,255,357
2138,22,553,180,728,478
2138,13,554,179,724,377
2138,19,129,37,248,191
2138,7,510,42,672,273
2138,23,70,163,257,476
2138,18,70,163,254,353
2139,18,70,162,254,353
2139,7,510,42,672,272
2139,19,128,37,247,190
2139,22,552,180,728,478
2139,23,70,163,258,476
2139,13,554,178,724,376
2140,22,552,179,728,478
2140,13,554,178,724,376
2140,19,128,37,247,190
2140,23,70,163,259,476
2140,18,70,162,254,354
2140,7,510,41,672,271
2141,22,552,179,728,478
2141,7,510,41,672,271
2141,19,128,36,247,190
2141,13,554,178,724,377
2141,18,71,162,254,354
2142,22,553,179,728,478
2142,13,554,178,724,377
2142,7,510,41,672,270
2142,19,128,36,248,190
2142,18,71,162,254,359
2143,13,554,178,724,377
2143,22,552,179,727,478
2143,19,128,36,248,190
2143,7,510,41,672,267
2143,18,71,161,254,363
2144,7,510,41,672,268
2144,19,128,35,248,190
2144,13,554,177,724,377
2144,22,553,178,728,478
2144,18,71,162,254,361
2145,18,71,162,254,361
2145,19,128,35,248,190
2145,22,554,178,728,478
2145,7,510,41,672,267
2145,13,555,177,724,377
2146,7,511,41,673,267
2146,22,553,177,728,478
2146,19,128,35,248,190
2146,13,556,176,724,376
2146,18,71,162,254,358
2147,22,554,177,728,478
2147,13,556,176,725,377
2147,7,511,40,673,267
2147,19,129,34,248,190
2147,18,71,161,254,353
2148,19,129,34,248,190
2148,7,511,40,673,268
2148,22,553,176,728,478
2148,13,556,175,725,376
2148,18,71,161,255,351
2149,19,129,34,248,190
2149,22,553,176,729,478
2149,7,511,40,673,269
2149,18,70,161,255,350
2149,13,555,175,725,376
2150,19,129,34,248,190
2150,18,70,161,255,350
2150,22,553,176,729,478
2150,7,511,40,673,269
2150,13,555,175,725,376
2151,19,129,34,248,189
2151,22,554,176,729,478
2151,7,511,40,673,270
2151,13,555,175,726,376
2151,18,70,161,255,354
2152,19,129,34,248,189
2152,22,554,175,730,478
2152,13,555,174,726,376
2152,7,511,40,673,271
2152,18,71,161,255,358
2153,19,129,34,248,189
2153,22,554,175,730,478
2153,13,555,174,726,376
2153,7,511,40,673,272
2153,18,72,161,255,362
2154,22,554,175,729,478
2154,19,129,34,248,189
2154,13,555,174,726,376
2154,7,511,41,673,271
2154,18,72,160,255,362
2155,7,511,41,673,271
2155,13,555,173,726,376
2155,22,554,174,730,478
2155,18,72,160,255,363
2155,19,129,34,248,189
2156,22,554,174,730,478
2156,13,555,173,725,376
2156,7,511,41,673,271
2156,19,129,34,248,188
2156,18,72,160,255,361
2157,7,511,41,673,271
2157,19,129,34,248,188
2157,22,554,173,730,478
2157,13,555,172,725,375
2157,18,71,160,255,358
2158,19,129,34,248,188
2158,7,511,41,673,270
2158,22,554,172,729,478
2158,13,555,172,725,375
2158,18,71,160,255,354
2159,7,511,41,673,271
2159,22,554,172,729,478
2159,19,129,34,248,188
2159,13,555,172,725,374
2159,18,70,159,255,351
2160,22,554,172,730,478
2160,19,129,34,248,188
2160,7,511,41,673,270
2160,13,555,172,725,375
2160,18,70,160,255,350
2161,13,555,172,726,374
2161,18,71,160,256,349
2161,22,551,172,730,477
2161,7,511,42,673,267
2161,19,130,36,249,188
2162,13,555,172,726,374
2162,22,551,172,730,477
2162,19,129,36,249,188
2162,7,511,42,673,267
2162,18,72,160,254,353
2162,24,71,161,256,477
2163,13,555,171,726,374
2163,22,551,172,730,477
2163,19,129,35,249,189
2163,7,511,42,673,268
2163,18,71,160,256,353
2164,7,511,41,673,268
2164,13,555,171,726,374
2164,22,551,172,730,477
2164,19,129,35,249,189
2164,18,72,160,256,359
2165,19,129,35,249,189
2165,7,510,41,673,267
2165,22,551,172,730,477
2165,13,555,171,725,374
2165,18,72,161,256,363
2166,19,129,35,249,188
2166,22,551,172,730,478
2166,7,510,41,673,268
2166,18,72,160,256,362
2166,13,555,171,725,372
2167,7,510,41,673,267
2167,18,72,160,256,361
2167,19,129,35,249,187
2167,24,71,160,258,478
2167,13,555,170,725,374
2167,22,550,171,731,476
2168,13,555,170,725,373
2168,19,129,35,248,188
2168,7,510,41,673,266
2168,18,72,160,254,360
2168,24,71,160,261,477
2168,22,553,171,728,478
2169,13,555,170,725,373
2169,19,128,35,248,188
2169,24,70,160,261,477
2169,7,510,41,673,265
2169,22,550,171,731,476
2169,18,71,160,254,354
2170,7,509,41,673,265
2170,24,69,160,261,477
2170,19,128,34,248,188
2170,18,70,160,254,350
2170,22,552,171,728,479
2171,22,552,171,728,479
2171,19,128,34,248,188
2171,18,69,160,254,350
2171,7,509,41,673,264
2171,24,68,160,261,477
2172,22,552,171,728,479
2172,24,68,160,260,477
2172,7,509,41,673,263
2172,18,69,160,254,349
2172,19,128,34,248,188
2172,13,554,171,725,373
2173,13,554,171,725,372
2173,7,509,41,672,264
2173,24,68,160,259,477
2173,18,69,160,253,350
2173,19,127,34,247,189
2173,22,550,171,730,477
2174,7,509,40,672,264
2174,19,127,34,247,189
2174,24,69,160,260,477
2174,22,552,171,727,479
2174,18,70,160,253,358
2175,22,551,171,727,479
2175,19,127,34,247,190
2175,24,70,159,261,477
2175,7,509,40,672,262
2175,18,71,159,253,363
2176,24,70,159,260,477
2176,22,551,170,728,479
2176,7,509,39,672,262
2176,18,71,159,253,364
2176,19,127,33,247,189
2177,18,71,158,253,364
2177,7,509,39,672,262
2177,22,551,170,728,479
2177,24,70,158,260,477
2177,19,127,33,247,189
2178,22,551,170,728,479
2178,19,127,33,247,189
2178,7,509,39,672,261
2178,24,70,158,258,479
2178,18,70,158,253,361
2179,7,509,39,672,261
2179,19,127,33,248,189
2179,13,554,169,725,372
2179,24,69,158,260,477
2179,18,70,158,253,357
2179,22,549,170,731,476
2180,7,509,39,672,262
2180,22,549,169,731,476
2180,13,554,169,725,372
2180,24,68,158,260,477
2180,19,127,33,249,189
2180,18,68,158,253,352
2181,13,554,169,725,372
2181,24,67,157,261,477
2181,22,549,169,732,476
2181,7,509,38,672,263
2181,19,127,33,248,191
2181,18,68,158,253,350
2182,22,549,169,731,476
2182,19,127,33,249,190
2182,24,67,157,260,477
2182,7,509,38,672,262
2182,18,68,157,253,349
2182,13,553,169,725,364
2183,22,550,169,732,476
2183,18,68,157,254,348
2183,7,509,37,672,262
2183,24,68,157,259,477
2183,19,127,33,249,189
2183,13,553,169,726,366
2184,22,550,168,732,476
2184,24,69,157,258,477
2184,19,127,32,250,189
2184,13,554,168,726,368
2184,18,70,156,254,350
2184,7,510,37,673,259
2185,19,127,32,250,189
2185,24,69,157,258,477
2185,22,551,168,732,476
2185,7,510,36,673,260
2185,18,70,156,254,352
2185,13,554,168,726,369
2186,22,551,168,732,476
2186,19,127,32,250,189
2186,13,554,168,726,369
2186,24,70,156,257,477
2186,7,511,35,673,262
2186,18,71,156,254,358
2187,19,127,32,250,189
2187,13,554,168,727,368
2187,24,71,155,257,477
2187,22,552,168,733,476
2187,18,72,156,254,360
2187,7,512,35,673,244
2188,19,127,32,250,189
2188,24,72,155,258,478
2188,18,72,156,254,359
2188,22,553,167,732,477
2188,13,556,167,727,371
2188,7,510,33,673,251
2189,13,557,167,727,371
2189,18,72,156,255,358
2189,19,127,32,250,188
2189,22,554,167,732,477
2189,24,72,156,259,477
2189,7,509,33,674,266
2190,24,72,156,260,477
2190,22,554,167,732,477
2190,19,127,32,250,189
2190,7,509,31,674,267
2190,13,555,167,727,368
2190,18,72,156,255,352
2191,22,554,167,732,477
2191,13,555,167,727,368
2191,19,127,31,250,189
2191,24,71,156,260,477
2191,7,509,31,674,267
2191,18,71,156,255,350
2192,22,554,166,733,477
2192,13,555,166,727,368
2192,19,127,31,250,189
2192,7,509,29,674,266
2192,24,70,155,258,477
2192,18,71,156,255,346
2193,22,554,166,733,477
2193,7,508,29,674,265
2193,19,127,30,250,188
2193,24,70,155,258,477
2193,18,70,156,254,345
2193,13,557,167,727,370
2194,22,554,166,732,477
2194,13,557,167,727,370
2194,19,127,30,250,189
2194,7,508,29,674,265
2194,18,71,156,254,344
2195,22,554,166,733,477
2195,19,127,30,250,189
2195,7,508,28,675,265
2195,24,70,155,258,477
2195,13,555,166,727,368
2195,18,70,155,254,348
2196,22,554,166,733,477
2196,24,70,155,258,477
2196,13,555,166,727,368
2196,19,127,30,250,189
2196,7,508,26,675,265
2196,18,71,155,254,350
2197,22,554,166,732,477
2197,24,71,155,258,477
2197,19,127,30,250,188
2197,7,508,26,675,265
2197,13,555,166,727,370
2197,18,72,155,254,356
2198,19,127,30,250,188
2198,22,554,166,733,477
2198,24,71,154,257,478
2198,7,508,25,675,265
2198,13,557,166,727,369
2198,18,72,154,254,361
2199,13,557,166,727,369
2199,22,554,165,733,477
2199,7,508,24,675,265
2199,19,127,29,250,188
2199,24,71,154,258,477
2199,18,72,153,254,362
2200,13,557,166,728,370
2200,22,554,165,733,477
2200,24,71,153,258,477
2200,19,127,29,250,187
2200,7,509,24,675,266
2200,18,72,152,254,360
2201,19,127,29,250,187
2201,22,554,165,733,477
2201,7,509,23,675,267
2201,24,70,153,257,477
2201,13,555,165,728,367
2201,18,71,152,254,355
2202,22,554,165,733,477
2202,19,127,29,250,187
2202,13,555,165,728,367
2202,7,509,23,675,267
2202,18,70,152,254,350
2203,22,554,165,733,477
2203,7,509,23,674,267
2203,19,127,29,250,187
2203,13,555,165,728,365
2203,18,69,153,255,347
2204,19,127,28,250,187
2204,22,554,164,733,477
2204,7,509,23,674,267
2204,13,555,165,728,363
2204,18,69,152,255,344
2205,7,508,23,674,267
2205,13,555,164,728,363
2205,22,554,164,733,476
2205,19,127,28,250,186
2205,18,69,151,254,340
2206,7,508,22,674,267
2206,19,126,28,250,186
2206,13,555,164,728,364
2206,22,554,165,734,476
2206,24,69,151,259,476
2206,18,70,151,254,343
2207,24,70,151,259,476
2207,19,126,27,250,186
2207,22,555,164,733,476
2207,7,509,21,673,266
2207,13,555,164,729,360
2207,18,71,151,254,346
2208,19,126,27,250,185
2208,22,555,164,734,476
2208,13,555,164,729,361
2208,24,70,151,259,476
2208,7,509,21,674,266
2208,18,70,151,255,349
2209,22,555,163,734,476
2209,19,126,27,250,185
2209,7,508,20,674,266
2209,24,70,151,261,477
2209,13,555,163,728,365
2209,18,71,151,254,353
2210,22,555,163,734,476
2210,19,126,27,250,185
2210,7,509,20,674,267
2210,13,555,162,728,363
2210,24,71,150,262,477
2210,18,72,150,254,357
2211,19,126,27,250,185
2211,24,71,150,262,477
2211,7,509,20,674,268
2211,22,555,162,733,475
2211,13,555,162,728,362
2211,18,71,149,256,356
2212,22,554,162,733,475
2212,19,127,27,250,185
2212,7,509,20,673,266
2212,18,71,149,256,354
2212,24,71,149,265,477
2212,13,556,162,728,365
2213,22,555,162,733,475
2213,13,557,162,728,365
2213,19,127,26,251,185
2213,7,508,19,674,264
2213,24,70,149,263,477
2213,18,71,149,254,353
2214,19,127,26,250,185
2214,22,554,162,733,475
2214,7,508,19,674,261
2214,13,555,161,728,363
2214,18,71,148,255,347
2215,13,555,161,728,362
2215,22,554,161,733,475
2215,19,127,26,251,185
2215,7,508,19,674,265
2215,18,70,148,254,344
2216,13,555,161,728,362
2216,22,554,161,733,474
2216,19,127,26,251,185
2216,7,509,18,674,269
2216,18,70,148,254,339
2217,22,554,161,734,474
2217,19,127,26,251,184
2217,7,509,18,674,268
2217,18,70,148,254,337
2217,13,554,161,729,360
2218,22,554,161,734,474
2218,18,70,148,254,337
2218,19,127,26,251,185
2218,13,555,161,729,362
2218,7,510,17,675,304
2219,13,555,161,729,362
2219,19,127,26,251,185
2219,22,555,161,734,474
2219,18,71,148,254,340
2219,7,511,17,674,309
2220,22,555,161,735,474
2220,19,127,26,252,187
2220,13,557,161,729,363
2220,18,71,148,255,344
2220,7,503,17,675,314
2221,22,555,160,735,474
2221,13,557,161,729,362
2221,7,500,17,675,314
2221,18,71,148,255,348
2221,19,126,25,252,199
2222,22,555,160,735,474
2222,13,557,161,729,362
2222,24,71,148,262,477
2222,18,72,147,255,350
2222,7,497,19,674,315
2222,19,127,25,251,186
2223,22,555,160,735,473
2223,13,557,161,729,362
2223,24,71,148,262,477
2223,19,127,25,251,185
2223,18,72,148,254,352
2223,7,492,20,674,315
2224,13,557,161,729,362
2224,22,555,160,734,473
2224,24,71,149,262,477
2224,19,126,25,250,184
2224,18,72,149,254,350
2224,7,493,21,674,311
2225,19,126,25,250,184
2225,22,555,160,734,473
2225,18,70,148,254,350
2225,13,556,160,729,363
2225,7,496,22,674,307
2226,22,555,160,734,473
2226,13,557,161,729,363
2226,19,126,25,250,182
2226,7,496,23,673,303
2226,18,70,148,254,346
2227,13,557,161,729,363
2227,22,556,160,734,473
2227,19,126,25,250,182
2227,18,69,148,254,342
2227,24,68,149,259,477
2227,7,497,28,673,297
2228,22,555,160,734,473
2228,13,557,160,729,362
2228,24,67,148,259,477
2228,19,126,24,249,182
2228,18,68,148,254,340
2228,7,498,31,671,294
2229,22,555,160,733,473
2229,19,126,24,249,182
2229,13,557,160,728,364
2229,18,68,148,253,339
2229,24,67,148,258,476
2229,7,498,35,670,292
2229,25,504,36,670,169
2230,19,126,24,249,182
2230,22,554,159,733,474
2230,18,68,147,253,339
2230,13,556,160,728,362
2230,24,68,147,258,477
2230,7,496,40,669,292
2231,24,68,147,258,477
2231,13,557,160,728,362
2231,22,554,159,733,473
2231,19,126,24,250,183
2231,18,68,146,253,341
2231,7,497,43,668,290
2232,22,554,159,733,473
2232,13,557,160,728,363
2232,19,125,24,249,182
2232,24,68,147,259,476
2232,7,497,45,668,290
2232,18,69,147,254,343
2232,25,500,45,667,172
2233,22,555,158,733,473
2233,13,557,159,728,363
2233,7,497,46,667,290
2233,19,125,23,249,181
2233,25,501,46,666,173
2233,18,69,146,253,347
2234,22,554,158,733,473
2234,13,557,159,728,362
2234,19,125,23,249,180
2234,7,498,48,667,289
2234,24,70,146,258,476
2234,25,500,48,666,172
2234,18,70,145,254,349
2235,7,497,48,667,289
2235,22,555,158,733,473
2235,13,557,159,728,361
2235,19,125,23,249,181
2235,18,70,146,254,347
2235,24,69,145,260,477
2236,22,554,157,733,472
2236,19,125,23,249,182
2236,18,69,145,253,346
2236,24,68,145,261,477
2236,7,498,47,666,288
2236,25,499,47,666,184
2237,22,554,157,733,472
2237,24,68,144,260,477
2237,18,69,145,253,345
2237,19,125,22,248,181
2237,7,499,46,663,285
2237,25,500,46,663,181
2238,22,554,157,732,473
2238,19,125,22,248,180
2238,24,68,143,261,477
2238,7,500,45,664,282
2238,18,69,145,253,339
2238,25,502,45,664,170
2239,22,554,157,732,472
2239,19,125,22,248,179
2239,24,66,143,262,477
2239,7,500,43,662,281
2239,18,68,143,253,338
2239,25,502,43,662,170
2240,22,554,157,732,472
2240,24,67,143,262,477
2240,18,68,143,253,335
2240,19,125,21,248,181
2240,7,500,41,661,278
2241,22,553,157,732,473
2241,24,67,143,260,477
2241,19,125,21,248,180
2241,18,68,142,253,334
2241,7,501,39,658,282
2242,18,68,142,252,334
2242,24,67,142,259,477
2242,22,553,157,732,473
2242,19,125,20,248,180
2242,7,502,35,658,285
2242,25,504,35,658,168
2243,22,553,157,732,472
2243,19,125,20,248,181
2243,18,68,142,252,335
2243,24,67,142,258,478
2243,7,501,33,657,285
2244,19,124,20,248,181
2244,18,67,141,252,336
2244,24,67,142,258,477
2244,22,553,157,731,472
2244,7,499,28,657,288
2245,24,67,142,259,477
2245,22,553,156,731,471
2245,18,67,141,252,338
2245,19,124,20,247,179
2245,7,496,26,656,289
2246,22,553,156,731,471
2246,24,67,141,259,478
2246,19,124,19,247,178
2246,7,496,22,656,289
2246,18,68,142,252,339
2247,22,553,156,731,471
2247,24,68,141,259,478
2247,19,124,20,247,178
2247,18,69,142,252,340
2247,7,496,21,655,290
2248,22,553,156,731,471
2248,24,67,141,259,477
2248,18,68,142,251,340
2248,19,124,19,247,177
2248,7,495,19,655,292
2248,13,555,157,727,360
2249,22,553,156,730,471
2249,19,124,19,247,176
2249,13,554,157,726,360
2249,18,69,142,251,341
2249,24,67,141,257,478
2249,7,496,18,654,295
2250,24,66,141,257,478
2250,22,551,156,730,471
2250,19,124,19,247,178
2250,18,67,141,252,341
2250,7,494,18,654,298
2251,22,551,156,730,471
2251,24,65,142,258,477
2251,19,123,19,246,177
2251,7,494,18,653,302
2252,22,551,156,730,471
2252,24,65,141,257,477
2252,19,123,19,246,176
2252,7,495,18,652,306
2252,18,65,140,251,336
2253,22,551,156,729,471
2253,7,495,18,652,306
2253,18,64,141,251,336
2253,19,123,19,245,176
2253,24,64,142,257,477
2253,13,554,157,726,359
2254,22,550,156,729,471
2254,13,554,156,726,359
2254,19,123,19,245,176
2254,24,64,141,258,477
2254,7,496,18,651,306
2254,18,64,140,251,332
2255,22,550,156,729,471
2255,24,63,141,258,476
2255,13,554,156,726,359
2255,18,63,140,251,331
2255,19,123,18,245,174
2255,7,496,19,650,305
2256,13,554,156,726,359
2256,18,63,140,251,331
2256,24,63,141,257,477
2256,19,123,18,245,174
2256,22,551,156,729,471
2256,7,494,20,647,308
2257,13,554,156,725,359
2257,22,552,156,729,470
2257,19,122,18,245,174
2257,24,63,141,256,477
2257,18,63,140,251,332
2257,7,496,21,645,305
2258,22,552,156,729,470
2258,24,63,141,256,477
2258,19,122,18,244,174
2258,13,554,156,725,359
2258,7,496,22,643,304
2258,18,64,139,252,334
2259,13,554,156,725,359
2259,22,551,155,728,470
2259,24,64,141,256,476
2259,19,122,18,244,174
2259,7,494,22,640,303
2259,18,65,140,252,338
2260,22,552,155,728,470
2260,24,63,141,256,477
2260,19,122,17,244,174
2260,13,554,156,724,358
2260,18,64,139,252,338
2260,7,494,22,638,305
2261,24,64,141,256,477
2261,19,122,17,244,174
2261,22,551,155,728,470
2261,13,553,156,724,359
2261,18,65,140,252,342
2261,7,493,24,635,306
2262,19,122,17,244,174
2262,22,551,155,728,471
2262,13,553,155,724,358
2262,24,63,141,256,477
2262,18,65,140,252,343
2262,7,491,25,633,306
2263,19,122,17,244,174
2263,13,553,155,724,358
2263,22,551,155,728,471
2263,24,63,140,257,477
2263,7,490,25,630,307
2263,18,63,141,250,339
2264,24,63,140,257,477
2264,13,553,155,724,358
2264,22,551,155,728,471
2264,19,123,18,244,174
2264,18,63,141,250,337
2264,7,488,27,628,306
2265,19,123,17,244,174
2265,22,550,155,728,471
2265,24,63,140,256,477
2265,7,489,27,627,305
2265,18,64,138,252,338
2265,13,550,156,723,362
2266,19,123,17,244,174
2266,22,551,155,728,470
2266,13,550,156,723,361
2266,24,63,140,255,478
2266,7,488,28,627,306
2266,18,63,139,251,333
2267,19,123,18,244,174
2267,13,550,156,723,361
2267,24,64,139,255,478
2267,18,63,139,251,331
2267,22,551,155,726,471
2267,7,487,30,627,306
2268,19,123,17,244,174
2268,22,550,155,726,471
2268,18,63,139,251,330
2268,7,486,29,626,306
2268,24,63,140,257,477
2268,13,553,155,723,358
2269,19,123,18,244,174
2269,24,63,140,257,477
2269,13,552,155,723,358
2269,18,63,139,251,331
2269,7,485,30,626,305
2269,22,549,155,727,470
2270,13,552,155,723,358
2270,18,63,139,251,331
2270,19,123,17,245,174
2270,7,484,30,626,305
2270,22,550,155,725,471
2270,24,64,140,255,479
2271,19,123,17,244,174
2271,13,552,155,723,358
2271,7,483,30,626,305
2271,24,64,140,254,480
2271,18,64,140,250,333
2271,22,549,155,727,470
2272,13,552,155,723,357
2272,24,65,141,254,479
2272,22,548,155,727,471
2272,19,123,17,244,175
2272,7,482,30,626,305
2272,18,66,139,251,338
2273,22,549,155,726,471
2273,13,552,155,722,357
2273,19,123,17,244,175
2273,7,481,30,626,304
2273,24,65,141,255,477
2273,18,66,142,249,339
2274,24,65,141,255,477
2274,13,552,155,722,357
2274,19,123,17,244,174
2274,22,549,155,725,471
2274,7,479,30,626,304
2274,18,66,140,252,344
2275,13,552,155,722,357
2275,24,65,141,255,477
2275,18,66,141,252,343
2275,19,123,17,244,175
2275,7,477,31,626,304
2275,22,548,155,726,470
2276,13,552,155,722,357
2276,22,548,155,726,470
2276,19,123,17,244,175
2276,24,64,142,255,477
2276,18,65,141,252,342
2276,7,475,31,626,305
2277,13,551,155,722,358
2277,19,123,17,244,176
2277,22,548,154,726,469
2277,24,64,142,255,477
2277,18,65,141,251,342
2277,7,473,31,626,305
2278,22,548,154,726,469
2278,19,123,17,244,175
2278,24,64,142,254,476
2278,18,65,141,251,341
2278,7,471,32,626,305
2278,13,551,155,722,361
2279,22,548,154,726,469
2279,13,551,155,722,361
2279,19,123,17,244,175
2279,24,63,142,255,476
2279,18,64,141,251,339
2279,7,470,32,625,305
2280,18,64,141,252,338
2280,19,123,17,244,174
2280,22,549,154,725,469
2280,7,469,32,625,305
2280,24,63,142,257,476
2280,13,551,154,721,358
2281,19,123,17,244,173
2281,22,548,154,725,471
2281,24,64,141,256,478
2281,7,468,32,625,307
2281,13,552,154,721,362
2281,18,64,142,248,330
2282,19,123,17,244,173
2282,22,548,153,724,471
2282,13,551,153,721,361
2282,24,64,141,258,478
2282,7,466,32,625,308
2282,18,64,140,250,336
2283,24,65,141,258,478
2283,22,548,152,724,470
2283,7,466,33,625,308
2283,19,122,17,244,174
2283,18,65,140,250,338
2283,13,552,151,721,361
2284,19,122,17,244,174
2284,22,548,152,724,470
2284,24,65,141,258,478
2284,13,552,151,721,359
2284,7,465,34,625,309
2285,24,66,141,257,478
2285,22,548,151,724,470
2285,19,123,17,244,173
2285,13,552,150,721,359
2285,7,464,35,625,309
2286,19,123,17,244,173
2286,22,548,151,724,470
2286,24,66,141,259,478
2286,13,552,150,721,357
2286,7,463,37,625,309
2287,19,123,17,244,173
2287,24,66,141,259,478
2287,22,549,151,724,469
2287,7,462,38,625,309
2287,13,554,149,721,360
2287,18,67,142,249,330
2288,19,123,17,245,174
2288,7,462,39,625,309
2288,22,550,150,724,469
2288,24,66,140,261,477
2288,13,554,149,721,357
2288,18,66,140,250,333
2289,24,66,140,261,477
2289,22,551,150,725,469
2289,7,462,40,625,309
2289,13,554,149,721,359
2289,19,123,16,245,175
2290,19,123,16,245,175
2290,24,65,140,262,478
2290,22,550,149,725,469
2290,7,461,41,626,310
2290,13,554,148,722,357
2291,24,65,140,262,478
2291,19,123,16,245,175
2291,7,460,41,626,310
2291,22,549,148,725,468
2291,13,553,147,722,357
2292,24,66,140,262,477
2292,22,549,146,726,468
2292,13,553,146,722,357
2292,7,460,42,626,310
2292,19,123,17,245,174
2293,24,66,140,261,477
2293,7,459,43,626,309
2293,22,551,146,726,469
2293,19,123,16,245,175
2293,13,554,145,722,357
2294,19,123,16,246,175
2294,24,66,140,260,478
2294,7,458,44,626,310
2294,13,555,144,723,358
2294,22,552,145,726,468
2295,19,123,16,246,175
2295,24,66,140,260,478
2295,22,552,143,727,468
2295,7,458,44,625,310
2295,13,555,142,723,357
2296,19,123,16,246,175
2296,24,67,140,260,478
2296,22,553,141,726,469
2296,13,556,140,723,358
2296,7,457,46,623,310
2297,19,123,16,245,175
2297,24,67,140,260,478
2297,7,457,46,621,310
2297,13,557,139,723,358
2297,22,555,140,726,469
2298,24,67,140,260,478
2298,19,123,16,246,175
2298,13,557,139,724,357
2298,7,457,49,621,310
2299,7,457,48,621,310
2299,24,66,139,262,477
2299,22,556,138,727,469
2299,19,124,17,245,175
2299,13,559,137,724,356
2300,22,556,137,727,470
2300,24,66,139,263,477
2300,7,457,50,620,310
2300,13,559,137,724,358
2300,19,123,16,246,176
2301,7,458,51,620,310
2301,24,66,139,263,477
2301,22,555,136,728,470
2301,13,558,135,725,356
2301,19,123,17,250,188
2302,24,66,139,263,477
2302,22,556,136,728,469
2302,7,458,53,620,310
2302,19,123,17,250,191
2302,13,559,135,725,357
2302,18,66,138,251,324
2303,24,65,138,263,477
2303,22,555,135,728,469
2303,7,458,53,620,311
2303,18,66,138,251,325
2303,13,560,135,727,356
2303,19,123,17,251,198
2304,22,554,135,728,469
2304,18,66,138,251,325
2304,7,459,54,620,310
2304,24,66,139,262,477
2304,13,558,134,726,357
2304,19,123,16,248,178
2305,19,123,16,248,178
2305,24,66,139,263,477
2305,18,67,138,251,326
2305,7,459,55,620,310
2305,13,558,134,727,356
2305,22,553,135,729,469
2306,19,123,16,248,178
2306,7,459,57,620,310
2306,24,67,139,261,477
2306,13,557,134,728,356
2306,22,551,135,729,469
2306,18,68,138,250,330
2307,19,124,16,248,178
2307,24,68,140,261,477
2307,22,550,135,729,469
2307,7,459,58,620,310
2307,13,555,134,728,357
2307,18,68,139,251,333
2308,7,460,59,620,310
2308,19,124,16,247,177
2308,22,552,135,729,470
2308,13,556,134,728,356
2308,24,68,139,259,478
2309,24,68,139,259,478
2309,19,124,16,247,177
2309,7,460,60,621,310
2309,13,558,134,728,356
2309,22,553,135,730,470
2310,19,124,16,247,177
2310,13,558,134,728,356
2310,22,554,135,730,470
2310,7,460,59,622,310
2310,18,68,138,251,335
2310,24,67,139,260,478
2311,19,124,16,247,177
2311,22,554,135,730,470
2311,13,558,134,728,357
2311,24,66,139,260,477
2311,7,460,59,623,311
2311,18,67,138,250,333
2312,22,554,135,730,469
2312,24,66,139,260,477
2312,13,558,134,728,356
2312,19,124,16,247,176
2312,7,460,59,625,310
2312,18,66,138,251,329
2313,19,124,16,247,176
2313,24,65,139,261,477
2313,22,555,136,730,470
2313,13,559,134,728,355
2313,7,460,58,626,311
2314,24,65,139,261,477
2314,19,124,16,247,176
2314,13,559,135,728,355
2314,22,556,136,730,470
2314,7,460,58,629,311
2315,19,124,16,247,176
2315,24,65,138,260,477
2315,22,556,137,730,470
2315,13,560,135,728,356
2315,7,460,58,632,311
2316,19,124,16,247,176
2316,24,65,139,260,478
2316,22,556,137,730,470
2316,13,559,136,728,355
2316,7,460,58,637,312
2317,22,556,138,729,470
2317,19,124,16,247,176
2317,24,66,139,259,478
2317,13,559,136,728,354
2317,7,460,58,641,312
2318,19,124,16,247,176
2318,22,557,138,729,470
2318,24,66,139,258,478
2318,13,560,137,728,352
2318,7,460,59,647,310
2319,19,123,16,247,176
2319,7,460,59,648,310
2319,13,560,137,728,353
2319,22,557,139,729,470
2319,24,66,139,258,478
2320,19,123,16,247,176
2320,24,67,139,257,478
2320,22,557,139,729,470
2320,7,461,59,650,311
2320,13,559,138,728,357
2321,24,67,139,257,478
2321,22,556,140,729,470
2321,19,123,16,246,175
2321,7,461,59,653,311
2321,13,559,138,728,351
2322,19,123,16,246,175
2322,22,557,140,729,470
2322,13,559,139,728,352
2322,24,66,139,256,478
2322,7,461,59,655,311
2323,22,557,141,729,470
2323,24,65,139,256,478
2323,7,461,59,656,311
2323,13,559,139,727,354
2323,19,124,17,245,174
2323,18,66,137,250,332
2324,19,124,17,245,174
2324,7,461,59,657,311
2324,22,557,141,729,470
2324,24,65,138,257,478
2324,13,559,140,728,351
2325,19,124,17,245,174
2325,7,461,60,657,311
2325,24,65,138,257,478
2325,22,558,142,729,470
2325,13,560,141,728,352
2326,19,124,17,245,174
2326,24,64,138,257,478
2326,22,558,142,728,470
2326,13,559,140,727,353
2326,7,460,59,659,311
2326,18,65,139,249,327
2327,19,124,17,245,174
2327,24,64,138,257,477
2327,22,557,143,728,470
2327,7,461,60,658,310
2327,18,64,137,250,328
2327,13,559,141,727,355
2328,19,124,17,245,174
2328,24,65,138,257,477
2328,22,557,143,728,470
2328,18,64,137,250,327
2328,13,559,142,727,354
2328,7,460,59,655,311
2329,22,558,144,728,470
2329,19,124,17,245,174
2329,24,65,138,258,477
2329,13,559,143,726,354
2329,18,65,137,251,329
2329,7,461,59,649,311
2330,19,124,17,245,174
2330,22,558,144,727,469
2330,13,559,143,726,356
2330,24,66,138,257,477
2330,7,461,59,645,311
2330,18,67,137,251,333
2331,13,559,143,725,356
2331,22,558,144,727,469
2331,19,124,17,245,175
2331,24,68,137,258,478
2331,7,461,59,643,311
2332,22,558,144,727,470
2332,13,560,143,725,356
2332,19,124,17,245,174
2332,24,68,137,258,478
2332,7,461,60,640,311
2333,22,558,145,727,469
2333,19,124,17,245,175
2333,24,68,137,257,478
2333,13,560,143,725,356
2333,7,461,60,641,311
2334,22,558,145,727,469
2334,7,461,60,641,311
2334,13,560,144,725,357
2334,24,68,137,257,477
2334,19,124,17,245,173
2334,18,69,136,251,336
2335,19,124,17,245,173
2335,22,558,145,727,469
2335,7,461,60,641,311
2335,13,559,144,725,357
2335,18,68,136,251,335
2335,24,67,137,255,479
2336,13,559,144,725,357
2336,22,557,146,727,470
2336,19,124,17,245,173
2336,24,66,137,255,479
2336,7,461,59,642,312
2336,18,67,136,250,333
2337,22,557,146,727,470
2337,13,559,145,725,356
2337,7,460,59,643,312
2337,24,65,137,256,479
2337,19,123,17,245,175
2337,18,66,137,249,328
2338,22,557,146,727,470
2338,24,65,137,256,478
2338,13,559,145,725,357
2338,7,460,59,645,312
2338,18,65,136,250,326
2338,19,123,16,247,176
2339,18,65,136,250,326
2339,22,557,147,727,470
2339,19,123,16,247,176
2339,13,559,146,725,357
2339,7,461,60,645,312
2339,24,65,137,258,478
2340,22,557,147,727,471
2340,24,65,137,258,478
2340,7,461,61,645,312
2340,18,65,136,250,328
2340,19,123,16,247,177
2340,13,560,146,724,361
2341,22,558,147,727,471
2341,7,461,60,646,312
2341,24,66,137,258,478
2341,19,123,16,247,176
2341,18,66,136,251,327
2341,13,559,146,725,358
2342,22,558,148,727,470
2342,19,123,16,247,176
2342,24,66,137,258,477
2342,7,461,60,648,312
2342,13,560,147,724,361
2342,18,67,136,250,332
2343,7,461,60,648,312
2343,22,558,148,727,470
2343,19,123,16,247,176
2343,13,560,147,724,361
2343,24,68,137,259,478
2343,18,68,136,251,334
2344,7,461,60,648,312
2344,19,123,16,247,176
2344,13,561,147,725,360
2344,22,558,148,727,470
2344,24,69,137,258,478
2344,18,69,136,250,336
2345,7,461,60,648,312
2345,22,559,148,727,470
2345,13,561,147,725,360
2345,24,69,136,258,479
2345,18,69,136,251,336
2345,19,124,17,246,174
2346,22,559,148,727,469
2346,13,561,147,724,360
2346,7,461,60,648,311
2346,24,68,135,257,478
2346,18,69,135,250,336
2346,19,124,17,245,175
2347,22,559,148,727,469
2347,13,561,147,725,360
2347,19,124,17,245,175
2347,7,461,60,649,311
2347,18,69,135,250,335
2347,24,69,135,257,477
2348,22,559,148,727,469
2348,13,562,147,725,360
2348,19,124,16,245,174
2348,24,67,135,258,478
2348,7,462,60,647,311
2348,18,68,135,251,332
2349,19,124,16,245,174
2349,7,462,61,647,311
2349,22,559,148,727,470
2349,24,66,135,257,478
2349,13,560,147,725,356
2349,18,67,135,250,327
2350,22,559,148,727,470
2350,13,560,147,725,356
2350,19,124,16,246,174
2350,7,462,61,648,311
2350,24,66,136,258,478
2350,18,66,135,251,326
2351,19,124,16,246,174
2351,22,559,148,728,470
2351,7,462,61,648,311
2351,24,66,136,257,478
2351,18,66,135,250,325
2351,13,561,147,725,360
2352,22,559,148,728,470
2352,13,561,148,725,360
2352,24,66,136,258,478
2352,7,462,61,648,312
2352,18,66,135,250,325
2352,19,124,17,246,175
2353,22,559,149,728,470
2353,13,561,148,725,360
2353,7,463,61,648,312
2353,24,66,136,257,478
2353,19,125,17,246,174
2353,18,67,136,250,327
2354,19,125,17,246,174
2354,7,463,62,649,312
2354,22,559,149,728,470
2354,13,562,148,725,360
2354,24,67,136,257,478
2354,18,68,136,250,329
2355,19,125,17,246,175
2355,7,463,61,649,312
2355,22,560,149,728,470
2355,24,68,136,257,478
2355,13,562,148,726,361
2355,18,69,136,251,334
2356,7,463,62,649,312
2356,22,560,149,728,471
2356,13,563,148,726,361
2356,19,124,18,246,176
2356,24,70,137,256,479
2356,18,70,136,251,338
2357,7,463,62,649,312
2357,19,124,18,246,176
2357,22,560,149,728,471
2357,24,70,136,258,479
2357,13,562,148,726,356
2357,18,71,136,251,345
2358,22,560,149,729,471
2358,13,562,148,726,356
2358,24,70,136,258,479
2358,19,124,18,246,175
2358,18,71,136,251,343
2358,7,462,61,651,312
2359,7,462,61,651,312
2359,22,560,149,729,471
2359,13,562,148,726,356
2359,24,70,136,259,478
2359,18,70,136,251,340
2359,19,125,16,247,176
2360,22,560,149,729,471
2360,13,562,148,726,356
2360,7,462,61,651,312
2360,24,69,136,259,478
2360,19,125,18,246,175
2360,18,70,136,251,336
2361,19,125,18,246,175
2361,22,559,149,728,471
2361,24,68,136,259,478
2361,7,463,62,649,312
2361,13,561,148,726,359
2362,7,463,62,649,311
2362,13,561,148,726,359
2362,22,559,149,728,471
2362,24,68,135,259,478
2362,19,125,16,247,176
2363,7,462,62,648,311
2363,13,561,148,726,359
2363,24,68,136,259,478
2363,22,559,149,728,470
2363,19,124,18,246,175
2363,18,69,136,250,326
2364,19,124,18,246,175
2364,7,462,61,648,311
2364,24,67,136,258,478
2364,22,560,149,728,470
2364,13,561,148,726,356
2365,7,462,61,648,311
2365,24,67,136,257,478
2365,22,559,149,727,470
2365,13,561,148,725,356
2365,18,68,136,251,325
2365,19,124,16,247,176
2366,7,462,61,648,311
2366,22,559,149,727,470
2366,13,561,148,725,356
2366,19,124,16,246,176
2366,24,68,137,258,478
2367,7,462,61,648,311
2367,22,559,149,727,470
2367,24,68,137,258,479
2367,13,560,149,725,359
2367,19,124,17,245,174
2368,22,559,149,726,470
2368,7,462,62,647,311
2368,19,124,17,245,173
2368,13,561,148,724,360
2368,24,69,137,256,479
2369,22,559,149,726,470
2369,13,561,148,724,360
2369,19,124,17,245,173
2369,7,462,61,647,311
2369,24,69,137,255,479
2369,18,69,136,250,341
2370,13,561,149,724,360
2370,22,559,150,726,470
2370,19,123,17,245,173
2370,7,462,61,647,312
2370,24,69,137,255,479
2370,18,70,138,248,337
2371,22,559,150,726,470
2371,7,462,60,647,312
2371,13,561,149,724,361
2371,24,68,137,255,479
2371,18,69,138,248,337
2371,19,123,17,245,173
2372,19,123,17,245,173
2372,22,559,150,726,470
2372,7,462,60,647,312
2372,13,561,149,724,361
2372,24,67,138,254,479
2373,22,559,150,726,470
2373,19,123,17,245,173
2373,13,561,149,724,360
2373,7,463,60,647,312
2373,24,66,138,255,479
2373,18,68,138,249,333
2374,13,561,149,724,361
2374,22,559,150,726,470
2374,7,463,60,647,312
2374,19,123,17,245,173
2374,24,66,137,255,479
2375,13,561,149,724,361
2375,22,558,150,726,470
2375,7,463,60,647,312
2375,24,66,137,255,479
2375,19,123,17,245,174
2375,18,67,138,249,329
2376,22,558,150,726,470
2376,24,66,138,255,478
2376,13,561,149,724,361
2376,19,123,17,245,173
2376,18,67,138,249,329
2376,7,462,59,649,311
2377,22,558,150,726,470
2377,13,561,149,724,361
2377,7,463,59,650,311
2377,24,67,138,256,478
2377,19,123,18,245,174
2377,18,68,137,250,327
2378,7,463,59,650,311
2378,22,559,150,726,470
2378,19,124,18,245,174
2378,13,562,149,724,361
2378,24,68,138,256,478
2379,22,559,150,726,470
2379,13,562,149,724,361
2379,7,463,59,650,311
2379,19,124,18,246,174
2379,24,69,138,256,478
2380,7,463,59,650,311
2380,19,124,18,246,174
2380,22,559,151,726,470
2380,13,561,150,724,361
2380,24,69,139,255,478
2380,18,71,140,250,333
2381,19,124,18,246,174
2381,13,561,150,724,360
2381,22,558,151,727,470
2381,7,463,59,650,311
2381,24,70,139,256,478
2381,18,71,138,251,341
2382,7,463,59,650,311
2382,22,559,151,727,470
2382,19,124,18,246,174
2382,24,71,139,256,478
2382,18,71,138,251,344
2382,13,560,150,725,356
2383,7,463,59,650,311
2383,22,559,151,727,470
2383,24,70,139,257,478
2383,19,124,18,246,174
2383,13,561,150,725,356
2383,18,71,138,251,343
2384,13,561,150,725,356
2384,22,559,151,727,470
2384,7,464,59,650,311
2384,24,70,139,257,478
2384,19,124,18,246,174
2384,18,71,138,251,338
2385,7,464,59,650,311
2385,22,559,151,727,470
2385,19,125,18,247,175
2385,13,561,150,725,355
2385,24,69,139,259,478
2386,7,463,59,651,311
2386,22,559,151,727,470
2386,19,125,18,247,175
2386,13,561,150,725,355
2386,24,69,139,259,478
2387,7,463,59,651,311
2387,19,125,18,247,174
2387,22,559,151,727,470
2387,24,68,139,259,478
2387,13,561,151,725,356
2387,18,70,139,251,327
2388,19,125,18,247,175
2388,7,463,60,651,311
2388,24,68,138,258,478
2388,22,560,152,727,470
2388,18,69,138,252,329
2388,13,563,151,724,360
2389,13,563,151,724,360
2389,22,560,152,727,470
2389,7,463,60,651,311
2389,19,125,18,247,174
2389,18,70,137,252,330
2389,24,69,138,259,477
2390,7,464,60,651,311
2390,22,560,152,728,471
2390,19,125,18,247,174
2390,24,71,138,258,478
2390,13,562,152,725,355
2391,7,464,60,651,311
2391,13,562,152,725,355
2391,22,560,152,728,471
2391,19,125,18,247,174
2391,24,72,137,260,477
2391,18,73,137,253,340
2392,7,464,60,651,311
2392,19,126,17,247,174
2392,22,561,152,728,471
2392,24,74,138,260,477
2392,13,562,152,725,358
2392,18,75,137,253,344
2393,7,464,60,651,311
2393,19,126,18,247,174
2393,22,561,152,728,471
2393,24,75,137,259,478
2393,13,562,152,725,356
2393,18,76,138,253,343
2394,7,464,60,651,311
2394,19,126,17,247,174
2394,22,561,152,728,472
2394,24,75,137,260,477
2394,13,563,152,724,360
2394,18,76,137,253,348
2395,22,561,152,728,472
2395,19,126,17,247,174
2395,7,464,60,652,311
2395,13,563,152,724,360
2395,24,75,137,259,478
2395,18,75,137,253,343
2396,13,563,152,724,360
2396,7,464,60,652,311
2396,19,126,17,247,174
2396,22,561,152,728,471
2396,24,74,137,259,477
2396,18,74,136,253,339
2397,19,126,17,247,174
2397,22,560,152,728,472
2397,13,563,152,724,359
2397,7,464,61,652,311
2397,24,72,137,258,478
2398,19,126,17,247,174
2398,7,464,62,652,312
2398,22,560,153,728,472
2398,13,563,152,724,360
2398,24,71,137,258,478
2398,18,72,136,253,330
2399,22,560,153,728,472
2399,7,464,62,652,312
2399,24,71,137,258,477
2399,13,563,152,724,360
2399,19,125,17,247,174
2399,18,72,136,253,331
2400,22,560,153,728,472
2400,19,125,17,247,174
2400,7,463,63,652,312
2400,13,563,153,724,360
2400,24,71,137,259,478
2401,7,464,61,652,311
2401,13,563,153,723,359
2401,22,559,154,726,470
2401,24,71,140,256,479
2401,19,125,18,250,188
2402,7,463,61,652,311
2402,24,71,140,256,479
2402,13,562,154,723,359
2402,22,559,154,726,470
2402,19,125,18,249,186
2403,7,463,61,652,311
2403,13,562,154,723,359
2403,24,71,140,256,479
2403,22,558,154,726,470
2403,19,125,18,249,187
2404,7,463,61,652,311
2404,13,561,154,723,359
2404,22,558,154,725,470
2404,24,72,139,256,479
2404,19,125,18,249,193
2405,7,463,61,652,310
2405,22,558,154,725,470
2405,13,561,154,723,360
2405,19,125,18,249,193
2405,24,72,139,255,480
2406,13,561,154,723,360
2406,22,558,154,725,470
2406,7,463,62,652,310
2406,24,71,139,255,480
2406,19,125,18,249,191
2407,7,463,62,652,310
2407,13,561,154,723,360
2407,22,558,154,725,470
2407,19,125,18,249,192
2407,24,71,139,254,479
2408,22,558,154,725,470
2408,13,561,154,723,360
2408,7,463,61,652,310
2408,19,125,18,249,191
2408,24,71,139,254,479
2409,7,463,62,652,310
2409,13,562,154,723,360
2409,22,559,154,725,470
2409,24,70,139,255,479
2409,19,125,18,249,194
2410,22,559,154,725,470
2410,13,562,154,723,360
2410,7,463,62,652,310
2410,19,125,18,249,194
2410,24,69,139,255,479
2411,13,562,154,723,360
2411,24,70,139,255,479
2411,22,559,155,725,470
2411,7,463,62,652,310
2411,19,125,18,249,197
2412,22,559,155,725,470
2412,13,562,154,723,360
2412,24,70,139,256,479
2412,7,463,62,652,310
2412,19,125,18,249,195
2413,13,562,154,723,360
2413,22,558,154,725,470
2413,24,70,139,256,479
2413,7,464,62,651,311
2413,19,125,18,249,191
2414,13,562,154,723,359
2414,22,558,154,725,470
2414,7,464,62,652,311
2414,24,71,139,256,479
2414,19,125,18,249,188
2415,13,562,155,723,360
2415,7,464,62,652,311
2415,22,558,155,725,470
2415,19,125,18,249,188
2415,24,71,139,255,479
2416,7,464,62,652,312
2416,22,558,155,725,470
2416,13,562,155,723,360
2416,24,72,138,254,477
2416,19,125,16,248,179
2417,7,464,62,652,312
2417,19,125,16,248,179
2417,13,562,155,723,360
2417,24,72,139,255,479
2417,22,555,156,725,469
2418,13,562,155,723,360
2418,24,72,139,256,479
2418,7,463,63,652,311
2418,19,125,16,248,180
2418,22,559,155,725,470
2419,19,125,16,248,180
2419,7,464,63,652,311
2419,22,559,155,726,471
2419,24,71,139,255,479
2419,13,562,155,723,360
2420,7,463,63,652,311
2420,24,71,139,256,479
2420,13,561,155,723,360
2420,22,558,155,726,471
2420,19,125,16,248,177
2421,13,561,155,722,360
2421,22,558,155,726,471
2421,7,463,63,652,311
2421,19,125,16,249,178
2421,24,71,139,254,479
2422,13,561,155,722,360
2422,7,463,63,652,311
2422,22,558,155,726,471
2422,24,70,139,255,479
2422,19,125,18,249,192
2423,7,463,63,652,311
2423,22,559,155,726,471
2423,13,561,155,722,360
2423,24,70,138,256,479
2423,19,125,18,249,194
2424,7,463,63,652,311
2424,13,562,155,722,360
2424,24,70,138,256,478
2424,19,125,16,249,178
2425,7,463,63,652,311
2425,24,69,138,256,478
2425,13,561,155,722,361
2425,19,125,16,248,177
2426,13,561,155,722,360
2426,24,70,138,256,478
2426,19,125,16,248,177
2426,7,464,64,650,311
2427,13,561,155,722,360
2427,22,559,156,726,471
2427,19,125,16,248,178
2427,7,464,64,650,312
2427,24,70,139,256,479
2428,7,464,64,650,311
2428,22,559,156,726,471
2428,13,562,155,722,360
2428,24,71,139,257,479
2428,19,125,16,248,177
2429,7,464,64,650,311
2429,13,562,155,722,360
2429,19,125,16,248,177
2429,24,71,139,257,479
2430,13,562,155,722,360
2430,7,464,64,650,311
2430,19,125,16,248,176
2430,24,72,139,257,479
2431,13,562,155,722,360
2431,7,463,64,650,311
2431,19,125,16,248,177
2431,24,73,138,257,479
2432,7,463,64,650,312
2432,13,561,156,722,360
2432,19,125,16,247,176
2432,24,72,139,258,479
2433,7,463,64,650,312
2433,13,561,156,721,360
2433,19,125,16,248,177
2433,24,71,138,258,479
2433,22,558,156,726,471
2434,22,558,156,726,471
2434,7,463,64,650,312
2434,13,561,156,721,360
2434,19,125,16,247,176
2434,24,70,138,258,478
2435,13,561,156,721,360
2435,7,463,64,650,311
2435,22,557,156,726,471
2435,24,69,138,260,478
2435,19,125,18,249,185
2436,7,463,64,650,311
2436,13,561,156,721,360
2436,24,69,138,261,478
2436,19,125,18,249,190
2437,7,463,64,649,311
2437,13,562,156,721,360
2437,24,69,138,261,478
2437,22,558,156,725,471
2437,19,125,16,247,177
2438,7,463,64,649,311
2438,13,562,156,721,360
2438,24,69,139,261,478
2438,22,558,156,725,471
2438,19,125,16,248,177
2439,13,562,156,721,360
2439,7,463,64,649,312
2439,22,558,156,724,470
2439,24,70,139,260,478
2439,19,125,16,247,176
2440,22,557,156,724,470
2440,7,463,64,649,311
2440,13,561,156,721,360
2440,19,125,16,247,175
2440,24,70,139,260,478
2441,13,561,156,721,360
2441,7,463,64,649,311
2441,19,125,16,247,176
2441,24,71,140,260,479
2441,22,558,157,725,470
2442,7,463,64,649,311
2442,19,125,16,247,176
2442,13,561,156,721,360
2442,22,558,157,725,470
2442,24,71,140,259,478
2443,7,463,64,649,311
2443,13,561,156,721,360
2443,22,558,157,725,470
2443,24,72,140,260,478
2443,19,124,17,249,181
2444,13,561,156,721,360
2444,24,73,140,260,479
2444,22,557,157,725,469
2444,7,462,64,650,312
2444,19,125,16,248,176
2445,13,561,156,721,360
2445,7,462,63,650,312
2445,24,72,139,260,479
2445,22,558,157,725,470
2445,19,124,18,249,180
2446,7,462,63,650,313
2446,22,558,157,725,470
2446,19,124,18,249,179
2446,24,72,139,261,479
2446,13,561,156,722,357
2447,7,462,64,650,313
2447,22,558,157,725,470
2447,19,124,18,249,179
2447,24,71,139,262,478
2447,13,561,156,721,359
2448,7,463,64,650,313
2448,13,561,156,721,360
2448,22,558,157,725,470
2448,24,71,139,263,479
2448,19,125,18,246,176
2449,7,463,64,650,313
2449,13,562,156,721,360
2449,19,125,18,246,175
2449,24,70,139,263,478
2449,22,558,156,724,470
2449,26,72,139,251,327
2450,7,463,64,650,313
2450,13,561,156,721,360
2450,24,70,139,262,478
2450,22,558,157,725,470
2450,26,71,138,252,324
2450,19,125,18,250,178
2451,13,561,156,721,360
2451,7,463,64,650,313
2451,19,125,18,250,179
2451,24,71,139,261,478
2451,22,557,156,725,471
2451,26,73,140,251,325
2452,7,463,64,650,313
2452,13,561,156,721,360
2452,22,556,156,725,471
2452,26,73,138,251,325
2452,24,72,139,259,480
2452,19,125,18,247,176
2453,7,463,64,650,313
2453,13,561,156,721,360
2453,19,125,18,247,175
2453,22,555,156,725,471
2453,24,73,139,258,479
2454,7,463,64,651,313
2454,13,561,156,722,360
2454,19,125,18,247,175
2454,24,74,139,258,479
2454,22,556,157,727,471
2455,7,463,64,651,313
2455,13,561,156,722,360
2455,19,125,18,247,175
2455,22,555,157,727,471
2455,24,75,139,256,479
2456,13,561,156,722,359
2456,22,556,157,727,471
2456,19,126,18,248,176
2456,24,76,138,256,479
2456,7,463,64,652,312
2456,26,78,138,253,371
2457,7,463,64,652,312
2457,13,561,156,722,359
2457,19,126,18,248,175
2457,22,554,157,727,471
2457,24,76,138,256,476
2457,26,77,137,253,377
2458,22,555,157,727,471
2458,19,126,18,248,175
2458,7,463,64,651,312
2458,24,75,138,256,476
2458,13,561,156,723,355
2459,7,464,64,651,312
2459,13,561,156,723,355
2459,19,126,18,248,176
2459,24,74,137,256,477
2459,22,554,156,727,472
2460,22,554,156,727,472
2460,7,464,64,651,313
2460,13,561,156,723,355
2460,24,73,138,256,479
2460,19,126,18,251,183
2461,7,464,64,651,313
2461,13,561,156,723,355
2461,22,552,156,727,471
2461,24,72,138,256,477
2461,19,126,18,251,188
2462,7,464,64,651,313
2462,24,72,138,256,479
2462,22,554,157,728,471
2462,19,126,18,251,185
2462,13,562,156,722,359
2463,13,562,156,722,359
2463,24,72,138,256,479
2463,22,554,157,727,471
2463,7,463,64,653,312
2463,19,126,18,250,181
2464,13,562,156,722,359
2464,22,554,157,728,471
2464,7,463,65,653,312
2464,24,72,138,256,478
2464,19,126,18,250,179
2465,7,463,65,653,312
2465,22,554,157,728,471
2465,13,562,156,722,359
2465,24,73,139,257,478
2465,19,127,18,248,175
2466,7,463,65,653,312
2466,13,562,156,722,359
2466,22,554,157,728,471
2466,24,74,139,256,479
2466,19,126,18,249,178
2467,7,463,65,653,313
2467,22,554,157,728,471
2467,24,74,140,257,479
2467,13,562,156,722,359
2467,19,127,18,248,175
2468,13,562,156,723,359
2468,7,463,65,653,313
2468,22,555,157,728,471
2468,19,127,18,248,175
2468,24,75,139,257,480
2469,7,463,65,654,313
2469,22,555,157,728,471
2469,13,562,156,723,360
2469,24,76,139,258,480
2469,19,127,18,249,174
2470,19,127,18,249,174
2470,13,562,157,723,360
2470,22,554,158,728,471
2470,24,75,139,258,480
2470,7,464,65,652,313
2471,13,562,157,723,360
2471,7,464,65,652,313
2471,19,126,18,248,174
2471,24,74,139,258,480
2471,22,552,157,727,471
2472,19,126,18,249,174
2472,24,73,139,258,480
2472,22,553,158,727,471
2472,13,561,157,723,359
2472,7,463,65,654,313
2473,19,126,18,249,174
2473,22,553,158,727,471
2473,7,463,65,653,313
2473,24,72,139,260,479
2473,13,560,157,723,354
2474,7,463,65,653,313
2474,19,126,18,249,174
2474,22,554,158,727,471
2474,24,71,139,260,478
2474,13,561,157,722,360
2474,27,72,137,254,325
2475,19,126,18,248,174
2475,7,463,65,653,312
2475,13,561,157,722,360
2475,24,71,139,259,479
2475,22,552,158,726,471
2476,7,463,66,653,312
2476,19,126,18,249,174
2476,13,561,157,721,359
2476,24,72,139,258,478
2476,22,554,159,726,470
2476,27,73,137,253,316
2477,7,462,66,653,312
2477,13,561,157,721,360
2477,19,126,18,248,174
2477,22,554,159,726,470
2477,24,73,139,258,479
2478,13,561,157,721,360
2478,7,462,66,651,313
2478,22,555,159,725,469
2478,24,73,139,257,479
2478,19,125,18,248,173
2479,7,462,65,651,313
2479,13,561,158,720,360
2479,22,556,159,724,469
2479,24,74,139,257,479
2479,19,126,18,247,175
2480,7,462,66,651,313
2480,13,561,158,720,359
2480,19,126,18,248,175
2480,22,557,159,724,469
2480,24,75,139,259,479
2481,7,462,66,651,312
2481,13,561,158,720,359
2481,22,556,159,723,469
2481,19,126,18,247,175
2481,24,76,139,258,479
2482,13,561,158,720,359
2482,7,462,66,651,313
2482,19,126,18,247,175
2482,22,555,159,724,469
2482,24,75,139,260,479
2483,7,462,66,651,313
2483,13,561,158,720,359
2483,19,126,19,247,176
2483,22,555,159,724,469
2483,24,74,139,258,479
2484,7,462,66,651,313
2484,13,561,158,720,360
2484,19,126,19,248,176
2484,24,73,139,260,479
2484,22,551,158,723,469
2485,7,462,65,651,313
2485,13,561,158,720,360
2485,19,126,19,248,176
2485,22,551,158,723,469
2485,24,72,139,259,480
2486,13,561,158,720,360
2486,22,551,158,723,469
2486,7,462,65,651,313
2486,19,126,19,247,176
2486,24,71,139,257,479
2487,7,462,65,651,313
2487,13,561,158,719,360
2487,19,126,19,248,176
2487,22,548,158,723,469
2487,24,70,139,259,479
2488,7,462,65,651,313
2488,13,561,158,719,360
2488,19,126,19,248,176
2488,24,70,139,260,478
2488,22,547,158,723,468
2489,7,462,65,651,313
2489,13,561,158,720,360
2489,22,547,158,723,468
2489,19,126,19,247,176
2489,24,71,139,261,479
2490,7,462,65,651,313
2490,13,561,158,720,360
2490,22,547,158,723,469
2490,19,126,19,247,176
2490,24,71,139,261,479
2491,7,462,65,651,313
2491,19,125,19,247,176
2491,13,561,158,720,360
2491,22,549,158,723,469
2491,24,73,139,259,477
2492,13,561,158,720,360
2492,7,462,65,651,313
2492,19,125,19,247,175
2492,24,73,139,259,479
2492,22,551,159,723,468
2493,22,551,159,723,468
2493,13,561,158,720,360
2493,7,462,66,651,313
2493,19,125,19,247,175
2493,24,74,138,258,479
2494,13,561,158,720,360
2494,7,462,66,651,313
2494,19,125,19,247,176
2494,24,74,138,257,478
2494,22,549,158,723,468
2495,7,462,66,651,313
2495,13,561,158,720,360
2495,19,125,19,247,176
2495,24,73,138,257,478
2495,22,552,159,724,468
2496,7,462,66,651,313
2496,13,561,158,720,360
2496,24,72,138,257,479
2496,19,126,17,248,177
2496,22,549,158,723,468
2497,13,561,158,720,360
2497,19,126,17,248,177
2497,7,462,66,651,313
2497,22,550,158,723,468
2497,24,72,138,258,480
2497,28,72,138,252,349
2498,13,561,158,720,360
2498,7,462,66,651,313
2498,19,126,17,248,177
2498,24,71,138,259,479
2498,22,552,159,724,468
2499,7,462,66,651,313
2499,13,561,158,720,360
2499,19,126,17,249,178
2499,24,71,138,257,479
2499,22,548,158,723,468
2500,7,462,66,651,313
2500,19,126,17,249,178
2500,13,561,158,720,360
2500,24,71,138,257,480
2500,22,548,158,723,468
2500,28,73,139,251,326
2501,13,561,158,720,360
2501,7,462,66,651,313
2501,22,548,158,723,469
2501,19,126,17,248,177
2501,24,72,138,259,478
2502,7,462,66,651,313
2502,13,561,158,720,360
2502,22,549,158,723,469
2502,19,126,17,248,177
2502,24,73,138,258,480
2503,7,462,66,651,313
2503,13,561,158,720,360
2503,22,549,158,723,469
2503,24,74,138,258,478
2503,19,126,18,248,176
2504,7,462,66,651,313
2504,13,561,158,719,361
2504,22,549,158,723,469
2504,19,126,18,247,176
2504,24,74,138,258,476
2505,7,462,66,651,313
2505,13,561,158,719,360
2505,19,126,18,247,176
2505,24,75,138,257,477
2505,22,554,159,723,469
2506,7,462,66,651,313
2506,13,561,158,719,361
2506,19,126,18,247,175
2506,22,555,160,723,469
2506,24,76,138,257,478
2507,7,462,66,651,313
2507,13,561,158,719,360
2507,19,126,19,247,175
2507,22,554,160,722,469
2507,24,77,138,257,478
2508,13,561,159,719,360
2508,19,126,19,247,175
2508,7,462,66,651,313
2508,24,77,137,256,477
2508,22,554,160,722,469
2509,19,126,19,247,175
2509,24,77,137,256,478
2509,13,560,159,719,360
2509,22,553,160,722,469
2509,7,461,66,651,312
2510,7,461,66,651,312
2510,19,126,19,247,175
2510,13,560,158,718,360
2510,22,553,160,722,469
2510,24,77,137,256,479
2511,7,461,66,651,312
2511,22,553,160,722,469
2511,19,126,19,247,175
2511,13,560,158,718,360
2511,24,77,138,256,478
2512,13,560,158,718,360
2512,19,126,19,247,175
2512,7,461,66,651,312
2512,22,552,160,722,469
2512,24,78,138,257,479
2513,13,560,158,718,360
2513,7,461,66,651,312
2513,22,552,160,722,470
2513,19,125,19,246,175
2513,24,79,138,258,479
2514,13,560,159,718,360
2514,7,461,66,651,312
2514,22,551,160,722,470
2514,24,79,138,258,479
2514,19,126,19,247,176
2515,13,560,159,718,360
2515,7,461,66,651,312
2515,19,126,19,247,176
2515,22,552,160,722,470
2515,24,80,139,258,479
2516,13,560,159,718,360
2516,7,461,66,651,312
2516,24,80,139,258,479
2516,22,553,160,722,470
2516,19,126,19,247,176
2517,13,560,159,718,361
2517,22,553,160,722,470
2517,7,461,67,651,312
2517,19,126,20,247,176
2517,24,80,139,256,474
2518,13,560,159,718,361
2518,7,462,67,651,312
2518,22,553,160,722,470
2518,24,80,139,257,474
2518,19,126,20,248,177
2519,13,560,159,718,361
2519,7,462,67,651,312
2519,22,553,160,722,469
2519,19,127,19,249,177
2519,24,81,138,254,399
2520,13,560,159,718,360
2520,7,462,68,651,312
2520,22,552,160,722,469
2520,24,82,139,254,399
2520,19,127,20,249,177
2521,7,462,69,651,312
2521,13,559,160,718,360
2521,19,128,19,249,177
2521,22,556,161,722,469
2521,24,83,140,256,479
2522,13,559,160,718,360
2522,22,555,161,722,469
2522,7,462,70,651,312
2522,24,82,140,256,479
2522,19,128,19,250,177
2522,29,127,20,252,253
2523,22,555,161,722,469
2523,13,559,160,718,360
2523,7,462,70,651,312
2523,24,82,141,256,479
2523,19,128,20,251,178
2523,29,128,21,253,256
2524,7,462,70,651,312
2524,13,560,160,718,360
2524,19,128,20,251,178
2524,22,556,161,722,469
2524,24,83,141,257,478
2524,29,128,21,253,253
2524,30,83,143,253,326
2525,7,462,70,651,312
2525,13,560,160,718,360
2525,22,556,161,722,469
2525,30,83,143,253,326
2525,24,83,142,258,478
2525,19,128,20,250,177
2526,22,556,161,722,469
2526,7,462,71,651,312
2526,13,560,160,718,360
2526,30,84,144,253,326
2526,24,82,142,258,478
2526,19,128,22,252,195
2527,7,463,71,651,312
2527,13,560,160,718,360
2527,22,557,161,722,469
2527,24,82,142,257,478
2527,30,83,141,254,322
2527,19,128,22,253,216
2528,24,82,142,257,478
2528,7,463,71,651,312
2528,13,559,160,718,360
2528,22,557,161,722,469
2528,30,84,143,254,325
2528,19,129,22,253,208
2529,22,557,161,723,469
2529,13,559,160,718,360
2529,7,463,71,651,312
2529,24,83,141,257,478
2529,30,84,143,254,326
2529,19,129,22,254,205
2530,22,557,161,723,469
2530,7,463,71,652,312
2530,13,559,160,719,360
2530,24,83,141,258,478
2530,19,129,22,254,200
2531,22,557,161,723,469
2531,13,559,160,719,360
2531,7,463,71,652,313
2531,19,129,22,254,200
2531,24,84,141,258,480
2531,30,85,139,255,344
2532,13,559,160,719,360
2532,22,557,162,723,469
2532,7,463,71,652,313
2532,24,84,140,257,480
2532,30,85,138,255,348
2532,19,130,22,254,206
2533,7,463,71,651,313
2533,24,85,140,257,480
2533,13,559,160,719,361
2533,22,556,161,722,470
2533,30,85,138,255,352
2533,19,130,22,254,196
2534,7,463,70,651,313
2534,24,85,140,257,480
2534,22,557,161,722,471
2534,13,560,160,719,361
2534,19,130,22,254,201
2534,30,86,138,255,346
2535,7,463,70,651,313
2535,24,85,140,257,480
2535,22,557,161,722,471
2535,13,560,160,719,361
2535,19,130,22,254,198
2535,30,86,137,255,342
2536,22,557,161,722,472
2536,7,463,70,652,314
2536,13,560,161,719,361
2536,24,85,140,258,480
2536,19,130,23,254,208
2536,30,86,139,255,332
2537,7,463,70,652,314
2537,24,85,140,258,480
2537,19,130,23,255,209
2537,22,559,161,722,472
2537,13,561,161,719,362
2537,30,86,140,255,330
2538,7,463,70,652,315
2538,22,559,161,722,472
2538,13,562,161,719,362
2538,30,86,140,255,329
2538,19,131,23,254,206
2539,30,86,140,255,329
2539,22,558,161,722,472
2539,13,562,161,719,362
2539,7,464,70,652,315
2539,24,85,141,260,480
2539,19,130,23,253,190
2540,22,558,162,722,472
2540,13,562,162,719,362
2540,7,463,71,652,315
2540,24,84,142,262,479
2540,19,131,23,251,178
2541,22,558,162,722,472
2541,19,131,24,251,178
2541,24,85,143,261,480
2541,13,562,163,719,362
2541,7,463,72,650,316
2542,13,562,163,719,362
2542,22,558,162,722,472
2542,7,463,73,651,317
2542,24,86,143,261,480
2542,19,131,25,251,178
2543,22,558,163,722,471
2543,24,85,144,261,480
2543,13,561,163,719,363
2543,19,131,26,251,179
2543,7,463,75,650,317
2544,7,463,76,650,317
2544,19,131,27,250,179
2544,24,84,145,260,480
2544,13,559,164,718,363
2544,22,554,164,721,471
2544,30,87,145,255,340
2545,7,463,76,650,318
2545,19,131,27,250,180
2545,24,85,146,260,480
2545,13,555,164,719,359
2545,30,87,147,256,349
2546,7,463,76,650,318
2546,13,555,164,718,359
2546,24,86,146,260,480
2546,30,88,147,255,348
2546,19,131,28,250,181
2547,7,462,77,650,319
2547,13,554,165,718,360
2547,19,130,28,250,181
2547,30,87,147,255,346
2547,24,86,147,263,479
2548,19,130,28,250,182
2548,7,462,78,649,319
2548,24,87,147,264,479
2548,30,87,148,255,343
2548,13,557,166,718,365
2549,7,463,78,649,319
2549,19,130,29,250,182
2549,30,87,147,255,341
2549,22,555,166,721,473
2549,13,557,166,718,361
2549,24,86,147,261,480
2550,24,86,147,260,480
2550,13,558,166,718,362
2550,7,462,78,648,316
2550,30,86,147,255,339
2550,19,130,30,249,183
2551,24,86,148,260,480
2551,19,130,31,250,184
2551,7,462,78,649,315
2551,30,86,148,255,336
2551,13,560,168,717,366
2552,13,561,168,717,365
2552,30,86,148,255,337
2552,19,130,32,250,184
2552,7,462,79,649,316
2552,24,87,148,264,478
2553,19,130,32,250,185
2553,7,463,80,649,316
2553,13,561,169,717,366
2553,24,86,149,264,478
2553,30,86,150,256,339
2554,19,131,32,250,184
2554,30,87,149,255,339
2554,7,462,80,649,319
2554,13,558,168,718,363
2555,19,131,32,250,185
2555,7,462,81,649,320
2555,13,559,168,718,364
2555,30,87,149,255,342
2555,22,557,169,721,474
2556,7,463,81,650,321
2556,13,557,169,719,363
2556,19,131,33,251,185
2556,30,88,149,256,346
2557,7,463,81,650,321
2557,13,557,169,719,363
2557,19,130,33,251,187
2557,30,88,152,256,348
2558,19,131,33,251,187
2558,7,463,81,650,322
2558,30,89,152,256,350
2558,13,556,170,719,365
2559,7,463,81,651,322
2559,30,89,152,256,351
2559,19,132,33,251,188
2559,13,554,171,720,369
2560,30,89,152,256,351
2560,7,463,81,651,322
2560,19,132,34,251,188
2560,13,556,170,719,366
2561,7,463,82,650,323
2561,30,89,152,256,350
2561,19,131,35,251,188
2561,13,558,171,719,367
2562,7,463,82,650,323
2562,13,558,171,719,367
2562,30,89,153,256,347
2562,19,130,36,251,188
2563,7,463,82,650,324
2563,13,559,171,719,368
2563,19,130,36,251,188
2563,30,88,153,257,345
2564,7,463,82,650,324
2564,13,559,172,719,369
2564,19,129,37,250,190
2564,30,88,151,255,340
2565,7,462,82,650,324
2565,13,559,172,718,370
2565,19,130,38,251,190
2565,30,88,153,256,341
2566,7,462,82,650,324
2566,30,88,153,256,340
2566,19,130,39,251,191
2566,13,558,172,718,369
2567,7,462,82,649,324
2567,13,558,171,719,371
2567,30,88,153,255,342
2567,19,129,38,253,195
2567,24,130,38,254,258
2568,7,462,82,649,326
2568,30,88,153,255,344
2568,13,558,172,718,367
2568,22,555,173,720,476
2568,19,130,39,250,192
2569,7,462,83,648,326
2569,22,556,173,720,476
2569,13,558,172,718,368
2569,30,88,154,255,347
2569,19,128,39,255,198
2570,7,461,82,648,326
2570,13,558,173,718,368
2570,30,88,154,254,350
2570,22,552,173,720,476
2570,24,129,39,254,263
2570,19,129,39,250,193
2571,7,461,82,647,326
2571,19,129,39,249,193
2571,13,557,173,718,369
2571,30,89,154,254,352
2572,7,461,82,647,326
2572,19,130,40,249,193
2572,13,557,174,718,369
2572,30,88,154,255,358
2573,19,130,40,249,193
2573,7,460,82,648,328
2573,13,557,174,717,371
2573,30,88,154,255,360
2573,24,87,154,259,478
2574,24,86,154,259,477
2574,7,459,82,648,328
2574,19,130,40,249,193
2574,13,557,174,718,369
2574,22,554,175,720,477
2574,30,87,153,254,361
2575,13,557,175,718,370
2575,24,86,154,259,477
2575,7,459,82,647,329
2575,19,130,41,249,194
2575,22,551,175,720,477
2575,30,87,155,255,358
2576,7,459,82,648,329
2576,19,130,41,249,194
2576,13,557,175,718,369
2576,22,549,175,720,477
2576,24,86,154,262,477
2576,30,86,154,254,358
2577,7,459,82,648,329
2577,19,130,42,249,195
2577,13,556,175,718,368
2577,22,552,175,720,477
2577,30,86,155,254,355
2578,19,130,42,249,195
2578,30,86,155,254,355
2578,7,458,82,648,330
2578,13,555,176,718,368
2578,22,550,176,720,477
2578,24,85,155,263,477
2579,24,85,155,263,477
2579,22,549,176,720,477
2579,7,458,81,648,330
2579,13,554,176,718,368
2579,19,130,42,249,194
2579,30,85,155,254,352
2580,22,549,176,720,477
2580,30,85,155,254,352
2580,7,458,80,648,331
2580,13,554,176,718,368
2580,19,130,43,249,195
2580,24,84,155,264,477
2581,22,549,176,720,477
2581,13,554,176,718,368
2581,7,458,80,648,331
2581,19,130,43,249,195
2581,24,84,155,264,477
2581,30,84,155,254,353
2582,13,554,176,718,368
2582,22,549,176,720,477
2582,19,130,43,249,195
2582,24,84,155,265,477
2582,7,457,79,647,331
2582,30,84,155,254,354
2583,19,129,43,249,196
2583,13,554,177,718,369
2583,30,83,155,253,355
2583,22,549,176,720,477
2583,24,83,155,264,477
2583,7,457,80,646,331
2584,19,129,43,249,196
2584,7,457,79,646,331
2584,22,550,176,720,477
2584,24,84,155,263,477
2584,13,555,177,718,369
2584,30,84,155,253,356
2585,13,556,177,718,369
2585,7,457,80,646,331
2585,22,551,177,720,477
2585,19,129,43,249,196
2585,24,84,156,263,478
2585,30,85,156,253,361
2586,19,129,44,249,196
2586,7,458,79,646,331
2586,22,549,177,720,477
2586,24,85,156,265,478
2586,13,555,177,718,371
2586,30,86,156,255,364
2587,30,86,156,255,364
2587,19,129,44,249,196
2587,13,555,177,718,372
2587,24,85,156,264,478
2587,7,458,79,646,332
2587,22,550,177,720,477
2588,19,129,44,249,196
2588,13,555,178,718,372
2588,7,459,78,646,332
2588,22,550,178,720,477
2588,30,85,157,254,364
2589,22,550,178,720,477
2589,7,459,78,646,332
2589,13,554,178,718,372
2589,19,129,43,249,196
2589,30,84,157,255,362
2590,22,550,179,720,477
2590,19,129,44,249,196
2590,7,460,78,645,332
2590,24,83,156,264,478
2590,13,554,178,718,374
2590,30,83,157,254,359
2591,19,129,44,250,196
2591,7,461,78,645,332
2591,24,82,156,264,477
2591,13,555,178,718,375
2591,22,553,179,720,477
2591,30,83,157,255,355
2592,22,553,179,720,478
2592,19,129,44,250,197
2592,13,555,178,718,375
2592,7,461,78,645,332
2592,30,82,157,254,352
2593,19,129,44,250,197
2593,22,552,179,720,478
2593,13,554,178,717,376
2593,7,462,78,645,332
2593,30,81,157,254,352
2594,7,463,79,645,332
2594,19,129,44,250,197
2594,30,81,157,254,351
2594,22,553,179,720,478
2594,13,555,178,718,373
2595,19,129,44,250,197
2595,22,554,178,720,478
2595,30,81,157,254,352
2595,7,464,78,645,332
2595,13,556,178,717,374
2596,19,129,44,250,197
2596,30,81,157,254,352
2596,13,555,178,717,374
2596,7,465,79,645,332
2596,22,552,178,720,478
2597,22,552,179,720,478
2597,19,129,45,250,197
2597,30,81,158,254,353
2597,7,466,79,645,331
2597,13,554,178,718,374
2598,19,129,45,250,198
2598,22,552,179,720,478
2598,13,554,178,718,373
2598,24,82,157,265,477
2598,7,467,80,645,331
2598,30,83,157,256,359
2599,19,129,45,250,198
2599,22,551,179,720,478
2599,13,554,178,718,374
2599,7,468,80,645,331
2599,30,83,158,254,361
2600,19,129,45,250,198
2600,7,469,80,645,331
2600,13,554,179,718,374
2600,22,552,180,720,478
2600,30,84,158,254,364
2601,19,129,45,250,198
2601,22,552,180,720,478
2601,30,84,158,254,364
2601,7,470,81,645,331
2601,13,554,179,718,376
2602,22,553,180,720,478
2602,13,554,179,718,376
2602,19,129,45,250,198
2602,30,84,158,254,364
2602,7,472,81,645,331
2603,19,129,45,250,198
2603,22,553,180,720,478
2603,13,555,179,718,377
2603,30,84,159,254,362
2603,7,474,81,644,331
2604,22,553,180,720,478
2604,13,555,179,718,375
2604,30,83,158,254,360
2604,19,129,45,251,200
2604,7,477,82,644,330
2604,24,129,44,252,266
2605,13,555,179,719,375
2605,7,478,82,644,330
2605,19,129,45,252,201
2605,30,83,158,253,356
2606,13,555,179,718,375
2606,7,480,82,644,329
2606,19,130,45,252,203
2606,30,82,158,253,354
2607,7,480,82,644,329
2607,19,129,46,252,203
2607,13,556,179,719,375
2607,30,81,158,256,354
2608,13,556,179,719,376
2608,30,81,158,256,354
2608,19,129,46,252,204
2608,7,480,82,645,328
2609,30,81,158,256,354
2609,19,129,46,252,204
2609,13,556,179,718,375
2609,7,480,83,645,327
2610,19,129,46,252,203
2610,30,81,158,256,354
2610,13,556,179,719,376
2610,7,482,81,645,326
2610,24,129,45,253,269
2611,13,556,179,719,375
2611,19,129,46,252,202
2611,30,82,158,253,353
2611,7,484,79,645,325
2612,19,129,46,252,202
2612,30,82,158,254,353
2612,13,554,179,718,375
2612,7,483,76,647,325
2613,19,129,46,252,202
2613,7,483,72,647,324
2613,30,83,157,256,355
2613,13,553,179,719,381
2614,19,129,46,251,201
2614,13,551,179,719,381
2614,7,483,68,647,322
2614,30,84,158,253,360
2615,19,129,46,251,201
2615,13,551,179,719,381
2615,30,84,158,253,362
2615,7,484,65,648,322
2616,30,84,158,254,363
2616,13,552,178,719,381
2616,19,129,46,251,200
2616,7,483,59,649,323
2617,19,129,46,251,200
2617,30,84,158,253,362
2617,13,549,178,718,381
2617,7,485,51,652,322
2618,19,129,47,251,200
2618,13,551,178,718,381
2618,30,82,158,254,361
2618,7,483,48,654,322
2619,19,129,47,250,200
2619,13,552,178,718,381
2619,30,81,158,254,358
2619,7,481,40,656,322
2620,19,129,47,251,200
2620,13,549,178,718,381
2620,30,80,158,254,354
2620,7,481,32,656,323
2620,24,80,157,265,477
2621,24,79,158,265,477
2621,30,79,158,253,353
2621,19,129,47,251,201
2621,13,548,179,718,382
2621,7,482,26,653,322
2621,31,129,46,253,268
2622,24,79,158,265,477
2622,30,79,158,254,353
2622,19,129,47,251,201
2622,13,547,180,718,382
2622,31,129,46,252,263
2622,7,482,23,650,323
2623,30,79,158,253,353
2623,19,129,47,252,202
2623,13,548,179,718,380
2623,7,481,20,648,323
2623,31,129,46,253,267
2624,30,79,159,253,353
2624,19,129,47,251,201
2624,31,129,46,253,269
2624,13,545,180,718,382
2624,7,481,16,644,323
2625,30,79,159,253,353
2625,19,129,47,251,202
2625,31,128,46,253,266
2625,7,481,13,642,323
2625,13,544,179,717,377
2625,32,543,180,721,476
2626,31,128,46,253,266
2626,19,129,46,251,202
2626,30,80,158,253,354
2626,7,480,11,640,323
2626,13,541,180,718,382
2627,19,129,46,250,202
2627,31,128,45,252,266
2627,32,543,181,721,477
2627,30,80,159,253,359
2627,7,479,10,638,324
2627,13,543,180,717,377
2628,13,543,181,717,378
2628,32,543,181,720,477
2628,19,129,46,249,201
2628,30,81,159,253,362
2628,31,128,46,251,268
2628,7,479,7,633,325
2629,13,542,181,717,378
2629,30,81,158,253,364
2629,19,128,47,249,200
2629,7,480,6,632,324
2629,31,128,46,250,263
2630,13,542,181,717,378
2630,30,80,158,253,365
2630,19,128,46,248,200
2630,7,481,5,631,323
2630,32,541,182,718,476
2631,19,128,46,249,200
2631,31,128,45,250,264
2631,30,80,157,253,364
2631,13,542,181,717,376
2631,32,539,182,717,477
2631,7,482,4,629,323
2632,19,128,46,248,199
2632,32,539,183,717,477
2632,30,79,157,253,363
2632,24,79,156,263,477
2632,7,483,3,628,322
2632,13,545,182,717,374
2633,19,129,46,248,199
2633,24,79,156,264,477
2633,13,543,183,717,374
2633,32,537,183,717,477
2633,30,79,157,254,360
2633,7,486,3,627,322
2634,19,129,46,248,199
2634,24,77,156,265,477
2634,32,534,183,717,476
2634,7,487,3,625,321
2634,13,541,182,717,372
2634,30,78,156,254,355
2635,32,534,183,717,476
2635,19,128,46,248,199
2635,24,77,156,264,477
2635,7,488,2,625,320
2635,30,78,156,252,357
2635,13,547,182,717,375
2636,24,77,156,265,477
2636,19,128,46,248,199
2636,30,78,156,252,358
2636,32,530,183,717,473
2636,7,493,2,625,317
2636,13,544,182,717,369
2637,30,78,155,252,357
2637,24,77,155,265,477
2637,7,493,2,625,317
2637,19,128,46,248,200
2637,32,528,183,717,474
2638,24,77,155,265,477
2638,19,128,46,248,200
2638,30,78,155,252,358
2638,7,494,2,625,317
2638,32,524,182,717,475
2639,24,77,155,265,477
2639,30,78,155,252,358
2639,19,128,45,248,200
2639,7,493,2,626,317
2639,32,521,183,717,475
2640,19,128,46,248,201
2640,32,521,182,717,476
2640,24,78,155,265,477
2640,7,494,2,627,316
2640,30,79,155,251,359
2641,24,79,155,265,478
2641,7,494,2,628,315
2641,19,129,47,248,199
2641,32,515,183,716,475
2641,30,79,156,254,355
2642,24,79,155,266,478
2642,19,129,47,248,199
2642,7,495,3,629,316
2642,32,509,183,717,476
2642,30,80,156,255,363
2643,19,129,47,249,200
2643,24,80,155,264,478
2643,30,81,156,254,362
2643,7,495,5,630,315
2643,32,498,184,716,474
2644,19,129,47,249,200
2644,24,80,155,264,478
2644,30,81,156,254,364
2644,7,494,5,630,316
2644,32,489,185,716,474
2645,24,80,155,264,478
2645,19,129,47,249,200
2645,30,81,156,254,365
2645,32,485,186,716,474
2645,7,492,6,630,317
2646,19,129,47,249,200
2646,24,80,155,264,478
2646,32,485,187,716,475
2646,30,80,156,254,364
2646,7,489,8,633,320
2647,19,129,48,249,200
2647,24,79,155,265,478
2647,32,486,189,716,474
2647,30,80,156,254,361
2647,7,488,11,636,321
2648,19,129,48,249,200
2648,24,79,155,265,478
2648,32,485,190,716,473
2648,7,489,12,637,320
2648,30,80,156,254,357
2649,24,79,155,266,477
2649,32,485,191,716,473
2649,19,129,47,248,199
2649,7,489,12,638,320
2649,30,79,156,254,353
2650,19,129,47,248,199
2650,24,79,155,265,477
2650,32,485,193,716,472
2650,7,489,13,639,320
2650,30,80,155,252,352
2651,19,129,47,248,199
2651,24,79,155,264,477
2651,30,80,155,252,351
2651,7,489,14,640,320
2651,32,486,197,716,472
2652,24,79,155,263,476
2652,32,485,197,716,473
2652,19,129,47,249,199
2652,7,490,15,642,320
2652,30,79,156,253,350
2653,24,79,155,263,477
2653,30,79,156,253,351
2653,19,129,47,249,199
2653,32,485,198,716,472
2653,7,489,15,643,320
2654,19,129,47,249,199
2654,24,80,155,264,477
2654,32,486,198,716,473
2654,7,489,17,644,320
2654,30,80,155,254,353
2655,19,129,47,248,199
2655,7,489,18,645,320
2655,24,80,155,265,477
2655,32,484,198,716,471
2655,30,81,154,252,359
2656,19,129,47,248,199
2656,24,80,155,265,478
2656,7,488,18,646,321
2656,32,486,198,715,472
2656,30,81,155,254,361
2657,19,129,47,249,199
2657,24,81,155,266,478
2657,7,488,19,646,321
2657,30,81,155,255,363
2657,32,484,197,715,471
2658,19,129,47,248,199
2658,24,81,155,266,478
2658,30,81,155,254,363
2658,32,484,196,715,471
2658,7,488,19,645,321
2659,19,129,47,249,199
2659,24,81,154,266,478
2659,30,81,155,254,362
2659,32,485,197,715,471
2659,7,489,20,644,321
2660,19,130,48,249,199
2660,30,81,155,255,362
2660,24,80,155,266,478
2660,32,485,194,715,470
2660,7,489,21,643,320
2661,24,80,155,266,477
2661,19,130,48,249,199
2661,32,485,194,715,470
2661,7,490,22,643,320
2661,30,80,155,255,360
2662,19,130,48,248,199
2662,24,79,155,266,477
2662,32,485,192,715,470
2662,7,490,23,643,320
2662,30,80,154,252,359
2663,24,79,155,266,477
2663,19,130,48,248,199
2663,32,486,192,715,469
2663,7,491,25,642,320
2663,30,80,154,253,355
2664,24,79,155,266,477
2664,30,80,154,253,354
2664,7,491,26,642,320
2664,19,130,48,249,200
2664,32,486,190,716,469
2665,19,130,48,249,200
2665,24,80,155,266,477
2665,7,492,27,642,320
2665,30,80,154,253,355
2665,32,486,189,716,470
2666,19,130,48,249,199
2666,24,81,155,266,477
2666,7,491,28,643,320
2666,32,486,186,716,472
2666,30,81,155,255,354
2667,19,130,48,249,199
2667,7,492,28,642,320
2667,32,485,182,716,472
2667,24,82,155,268,476
2667,30,82,156,256,362
2668,24,83,155,268,477
2668,19,130,48,249,200
2668,7,491,29,641,320
2668,30,83,155,256,360
2668,32,485,178,715,472
2669,19,130,48,249,200
2669,7,492,29,641,320
2669,24,84,155,267,478
2669,32,484,175,715,474
2669,30,84,156,256,365
2670,24,84,155,267,478
2670,19,130,48,249,200
2670,7,492,30,641,320
2670,30,84,156,256,366
2670,32,487,173,715,475
2671,7,492,30,641,319
2671,24,83,155,267,478
2671,19,130,49,249,200
2671,30,83,156,256,364
2671,32,490,171,715,475
2672,7,492,30,641,319
2672,19,130,49,249,201
2672,30,83,156,256,365
2672,32,492,171,715,474
2672,24,83,155,269,477
2673,7,492,30,641,319
2673,19,130,49,250,201
2673,32,491,171,715,475
2673,30,83,156,257,362
2673,24,83,155,263,480
2674,19,130,49,250,201
2674,32,491,171,715,474
2674,7,491,31,641,319
2674,30,83,156,256,361
2674,24,83,155,268,476
2675,19,130,50,249,201
2675,24,83,155,268,476
2675,7,491,31,641,320
2675,30,83,156,256,361
2675,32,492,172,715,476
2676,7,490,31,641,320
2676,19,130,49,250,202
2676,30,84,157,255,361
2676,24,84,155,266,476
2676,32,494,172,716,474
2677,7,490,31,641,319
2677,19,130,50,250,201
2677,24,84,155,267,476
2677,32,496,173,716,473
2678,7,490,31,640,319
2678,19,130,50,250,201
2678,24,85,155,267,476
2678,32,496,174,716,474
2679,19,130,50,250,201
2679,32,496,174,716,474
2679,7,490,31,640,319
2679,24,85,156,266,477
2679,30,86,157,255,368
2680,32,496,175,716,474
2680,7,490,31,640,320
2680,24,86,156,266,477
2680,19,129,50,250,202
2680,30,87,157,255,370
2681,24,86,156,265,477
2681,7,490,30,640,320
2681,32,496,175,718,474
2681,19,129,50,249,200
2682,7,490,30,640,320
2682,19,129,50,249,201
2682,24,86,156,266,477
2682,32,497,175,721,474
2683,7,490,30,639,320
2683,32,497,176,721,474
2683,19,129,50,249,201
2683,24,85,157,266,477
2683,30,86,158,255,372
2684,7,490,30,639,320
2684,19,129,50,249,201
2684,24,84,157,266,477
2684,32,498,178,720,474
2684,30,84,158,255,370
2685,7,490,29,639,320
2685,19,129,50,249,203
2685,30,83,159,255,366
2685,32,499,180,716,473
2685,24,83,157,260,480
2686,7,490,29,639,320
2686,19,129,50,250,203
2686,24,82,158,261,480
2686,32,499,182,716,474
2686,30,82,159,255,363
2687,7,490,29,639,320
2687,19,129,50,250,204
2687,32,500,183,717,475
2687,30,81,159,255,360
2687,24,81,158,266,477
2688,30,81,159,255,360
2688,7,490,29,638,320
2688,32,501,184,717,475
2688,19,129,50,249,203
2688,24,81,158,260,479
2689,24,81,159,260,480
2689,32,501,185,716,475
2689,19,128,50,249,205
2689,30,81,160,255,362
2689,7,490,29,636,320
2690,19,128,50,249,205
2690,7,490,29,636,321
2690,32,501,186,716,475
2690,30,81,160,255,364
2690,24,81,158,267,477
2691,19,128,50,249,205
2691,7,490,29,636,321
2691,32,501,189,716,475
2691,30,82,159,255,363
2691,24,82,158,266,478
2692,19,128,50,249,205
2692,7,490,29,636,321
2692,24,82,158,265,478
2692,32,501,190,717,475
2692,30,82,159,254,369
2693,19,128,50,249,205
2693,7,490,29,637,321
2693,32,501,192,717,475
2693,24,81,158,266,477
2693,30,82,160,255,374
2694,19,128,50,249,205
2694,24,81,158,266,477
2694,7,490,29,637,321
2694,32,500,193,717,475
2694,30,82,160,255,375
2695,19,128,50,249,205
2695,24,80,158,266,477
2695,30,81,160,255,375
2695,32,499,194,717,475
2695,7,492,29,638,322
2696,19,128,50,249,205
2696,32,499,195,717,475
2696,7,491,29,638,322
2696,24,79,158,266,477
2696,30,79,160,255,374
2697,32,499,195,717,475
2697,7,491,30,639,322
2697,19,128,50,249,206
2697,24,78,158,265,478
2697,30,79,159,255,368
2698,32,499,195,717,475
2698,7,491,31,640,322
2698,19,128,50,249,205
2698,24,77,158,265,478
2698,30,77,159,255,364
2699,7,491,31,640,322
2699,32,499,196,717,475
2699,24,75,157,264,478
2699,19,128,50,249,203
2699,30,75,158,254,360
2700,32,499,196,717,475
2700,19,128,50,249,204
2700,7,491,32,640,322
2700,24,74,157,263,477
2700,30,74,158,254,358
2701,19,129,50,249,203
2701,7,491,32,640,322
2701,32,499,196,718,475
2701,24,73,158,263,477
2701,30,74,159,254,356
2702,32,499,196,718,475
2702,19,129,50,249,204
2702,7,491,33,640,322
2702,24,74,158,264,477
2702,30,75,159,254,357
2703,32,499,196,718,475
2703,24,75,158,264,477
2703,7,490,33,639,321
2703,19,129,50,250,205
2703,30,75,159,254,360
2704,32,499,196,718,475
2704,7,490,34,639,321
2704,19,129,50,250,204
2704,24,77,158,264,478
2704,30,77,158,255,363
2705,32,499,196,718,475
2705,7,491,34,639,321
2705,19,129,50,250,203
2705,24,78,158,265,478
2705,30,79,158,255,366
2706,32,499,196,718,475
2706,19,129,50,250,203
2706,7,491,35,639,321
2706,24,79,158,266,478
2706,30,79,158,255,369
2707,32,499,196,718,475
2707,7,491,35,639,321
2707,24,79,157,266,478
2707,30,80,158,255,369
2707,19,129,50,250,202
2708,7,491,35,639,321
2708,32,499,196,719,475
2708,24,79,156,266,478
2708,19,129,50,250,203
2708,30,79,157,255,368
2709,32,499,196,719,475
2709,24,79,156,266,478
2709,19,129,50,250,203
2709,7,492,35,640,321
2709,30,79,157,255,366
2710,32,499,196,719,475
2710,7,492,35,640,321
2710,19,129,50,251,203
2710,24,79,156,266,478
2710,30,80,158,255,361
2711,32,499,196,719,475
2711,7,492,35,640,321
2711,24,79,156,266,478
2711,19,129,49,251,203
2711,30,79,157,255,360
2712,32,499,196,719,475
2712,19,129,49,251,203
2712,24,80,156,265,477
2712,7,493,35,640,321
2712,30,80,157,255,356
2713,32,500,196,719,475
2713,19,129,49,251,203
2713,24,80,156,265,477
2713,7,493,35,640,322
2713,30,80,157,254,354
2714,30,80,157,254,354
2714,24,80,156,264,477
2714,32,499,196,719,475
2714,7,494,35,639,322
2714,19,129,49,250,202
2715,32,499,195,719,475
2715,24,80,155,264,478
2715,7,494,35,639,322
2715,19,128,50,250,202
2715,30,80,156,254,357
2716,7,493,35,639,323
2716,24,80,156,264,478
2716,32,499,196,718,476
2716,19,128,50,250,203
2716,30,80,157,254,361
2717,32,499,196,718,476
2717,24,80,155,264,478
2717,7,493,35,639,323
2717,19,128,50,250,203
2717,30,80,156,254,362
2718,32,499,196,718,476
2718,24,80,155,264,478
2718,7,493,35,639,324
2718,19,128,50,250,204
2718,30,80,156,254,364
2719,32,499,196,718,475
2719,24,80,155,264,478
2719,7,493,35,639,324
2719,30,80,156,254,365
2719,19,128,50,249,205
2720,32,499,195,718,476
2720,24,80,155,264,478
2720,7,492,35,639,324
2720,30,80,156,254,365
2720,19,128,50,248,203
2721,32,499,195,718,476
2721,7,492,35,638,324
2721,24,79,154,264,478
2721,19,128,50,249,204
2721,30,79,155,254,364
2722,32,499,195,718,476
2722,7,493,35,639,324
2722,24,79,153,264,478
2722,19,128,50,249,204
2722,30,79,153,254,361
2723,32,499,195,718,476
2723,7,493,35,639,324
2723,19,128,50,248,205
2723,24,78,153,263,478
2723,30,78,153,253,360
2724,32,499,195,718,476
2724,7,492,35,639,324
2724,19,128,50,248,204
2724,24,78,153,263,478
2724,30,78,153,253,358
2725,32,499,195,718,476
2725,7,492,35,638,324
2725,24,78,153,263,477
2725,19,128,50,248,204
2725,30,78,153,253,355
2726,32,498,195,718,476
2726,7,492,35,639,324
2726,24,78,153,263,477
2726,30,78,153,253,355
2726,19,128,50,248,204
2727,32,498,195,718,476
2727,7,492,36,639,324
2727,24,78,153,263,477
2727,19,128,50,248,204
2727,30,79,153,253,356
2728,7,492,35,639,324
2728,32,498,195,718,476
2728,19,128,50,248,204
2728,30,79,153,254,356
2728,24,79,153,264,477
2729,32,498,194,718,476
2729,19,128,50,248,204
2729,7,492,35,638,324
2729,24,79,153,264,478
2729,30,79,153,254,359
2730,32,498,194,718,476
2730,19,128,50,248,204
2730,7,492,35,638,323
2730,24,80,152,264,478
2730,30,80,153,254,360
2731,32,498,194,718,476
2731,7,492,35,639,323
2731,19,128,50,248,204
2731,24,80,152,264,478
2731,30,80,154,254,366
2732,32,498,193,718,476
2732,7,492,35,639,323
2732,19,128,50,248,203
2732,24,81,152,265,478
2732,30,81,153,254,366
2733,19,128,50,248,203
2733,32,498,193,718,476
2733,7,492,35,639,323
2733,24,81,152,264,478
2733,30,81,152,254,364
2734,32,498,193,718,476
2734,7,492,35,639,323
2734,19,128,50,249,204
2734,24,80,152,265,478
2734,30,80,153,255,368
2735,32,498,193,718,476
2735,7,492,35,639,323
2735,24,80,152,264,478
2735,19,128,50,249,205
2735,30,80,152,254,363
2736,7,492,35,639,323
2736,32,498,193,718,475
2736,24,80,152,264,478
2736,19,128,49,249,205
2736,30,80,153,254,364
2737,19,128,49,249,205
2737,32,499,193,718,476
2737,7,492,35,638,323
2737,24,79,152,263,478
2737,30,79,152,253,359
2738,32,499,193,718,476
2738,7,492,35,638,323
2738,24,78,152,263,477
2738,19,128,49,249,206
2738,30,78,152,253,352
2739,32,499,193,718,476
2739,24,78,152,263,477
2739,7,492,36,638,323
2739,30,78,152,253,351
2739,19,128,49,249,207
2740,32,499,193,718,476
2740,7,492,36,638,323
2740,30,78,152,253,351
2740,24,78,152,262,477
2740,19,128,49,250,207
2741,32,499,193,719,476
2741,7,493,36,638,324
2741,30,79,152,254,352
2741,24,79,152,264,477
2741,19,127,49,254,227
2742,32,499,193,719,476
2742,7,493,36,638,324
2742,24,79,152,265,478
2742,19,127,50,254,225
2742,30,79,152,254,359
2743,32,499,194,719,476
2743,7,493,37,638,324
2743,24,80,152,265,478
2743,30,80,152,254,362
2743,19,128,50,250,207
2744,32,499,194,719,476
2744,7,493,37,638,324
2744,24,80,152,265,478
2744,19,128,50,250,208
2744,30,80,152,254,366
2745,32,499,193,719,476
2745,24,80,152,265,478
2745,7,493,37,638,324
2745,19,128,50,250,208
2745,30,80,152,254,370
2746,32,499,194,719,476
2746,30,80,152,254,370
2746,24,80,152,265,478
2746,19,128,50,249,207
2746,7,493,37,639,323
2747,32,499,194,719,476
2747,7,493,37,639,323
2747,24,80,152,265,478
2747,19,128,50,249,206
2747,30,80,152,254,368
2748,32,499,194,719,476
2748,19,128,50,249,206
2748,7,493,37,640,323
2748,24,79,152,264,478
2748,30,79,152,254,366
2749,32,499,194,719,476
2749,7,494,38,640,323
2749,24,78,152,264,478
2749,19,128,51,249,206
2749,30,78,152,254,361
2750,32,499,193,719,476
2750,19,128,51,249,205
2750,7,494,38,640,323
2750,24,78,151,263,477
2750,30,78,151,253,358
2751,32,499,193,719,476
2751,19,128,51,249,205
2751,24,78,151,263,477
2751,7,494,38,641,323
2751,30,78,151,253,355
2752,32,499,193,719,476
2752,24,78,151,262,477
2752,30,78,151,253,355
2752,7,494,38,642,323
2752,19,128,51,249,205
2753,32,499,193,719,476
2753,19,128,51,249,205
2753,7,494,38,643,323
2753,24,79,151,263,477
2753,30,79,151,253,358
2754,19,128,51,249,205
2754,24,80,150,263,478
2754,7,494,38,644,323
2754,32,498,192,718,477
2754,30,79,151,254,364
2755,32,498,192,718,477
2755,19,128,51,249,205
2755,24,80,150,263,478
2755,7,494,38,645,323
2755,30,80,151,254,366
2756,32,498,192,718,477
2756,19,128,51,249,204
2756,24,81,150,263,478
2756,7,494,38,647,323
2756,30,80,151,254,369
2757,32,498,192,718,477
2757,19,128,51,249,204
2757,7,494,38,647,322
2757,30,81,151,254,370
2757,24,81,150,262,478
2758,32,498,192,718,477
2758,24,81,150,262,478
2758,19,128,51,249,204
2758,30,81,151,254,369
2758,7,494,38,648,322
2759,19,128,51,249,204
2759,24,80,150,262,478
2759,7,494,38,648,322
2759,32,499,192,718,476
2759,30,80,151,254,367
2760,19,128,51,249,204
2760,32,498,192,718,476
2760,24,80,150,262,478
2760,30,80,151,254,364
2760,7,495,39,650,323
2761,32,498,193,718,476
2761,24,79,149,261,480
2761,7,492,39,649,323
2761,30,79,150,255,360
2761,19,128,50,248,207
2762,32,498,193,718,476
2762,19,128,49,248,207
2762,7,491,39,650,323
2762,24,78,149,261,479
2762,30,79,150,255,356
2763,32,498,193,718,476
2763,24,78,149,261,479
2763,30,79,150,255,355
2763,7,491,39,650,323
2763,19,128,49,248,208
2764,19,128,49,248,208
2764,32,498,192,718,476
2764,7,491,39,650,323
2764,24,79,149,261,479
2764,30,79,150,255,358
2765,32,499,192,718,476
2765,7,491,39,650,323
2765,24,80,149,262,480
2765,19,127,49,249,217
2766,7,491,39,650,323
2766,24,80,150,261,480
2766,32,499,191,718,476
2766,30,81,150,255,362
2766,19,128,49,249,209
2767,7,492,39,650,323
2767,32,499,189,718,476
2767,19,128,50,249,208
2767,30,81,150,255,364
2767,24,81,150,260,479
2768,7,492,39,650,323
2768,32,498,188,718,477
2768,30,82,150,255,365
2768,19,128,49,250,210
2768,24,82,150,264,478
2769,32,499,188,718,477
2769,7,493,39,650,323
2769,30,82,151,255,366
2769,24,83,150,265,478
2769,19,127,50,251,217
2770,7,493,39,650,322
2770,32,499,187,718,476
2770,30,82,151,255,366
2770,24,82,151,266,478
2770,19,128,49,251,218
2771,7,493,39,650,323
2771,32,499,186,718,477
2771,24,82,151,267,478
2771,19,128,49,251,219
2771,30,82,151,256,364
2772,19,129,49,251,219
2772,7,493,39,650,322
2772,32,499,185,718,477
2772,30,82,151,256,362
2772,24,82,150,263,480
2773,7,493,39,650,322
2773,32,499,184,718,477
2773,30,81,151,256,361
2773,24,82,150,268,478
2773,19,129,49,251,208
2774,32,499,183,718,476
2774,7,494,39,650,322
2774,19,129,49,250,207
2774,30,81,151,256,357
2774,24,81,151,263,479
2775,19,129,49,250,207
2775,24,81,150,263,479
2775,32,499,182,718,477
2775,7,493,39,649,322
2775,30,81,151,257,354
2776,7,493,39,649,322
2776,24,81,150,264,479
2776,30,81,150,257,354
2776,32,498,180,718,477
2776,19,129,49,251,219
2777,7,493,39,649,322
2777,32,498,180,718,477
2777,30,81,150,256,353
2777,19,129,48,251,219
2777,24,81,150,268,477
2778,7,493,39,649,322
2778,24,81,150,268,477
2778,32,498,179,718,477
2778,19,129,48,251,220
2778,30,81,150,255,352
2779,24,81,150,267,478
2779,7,493,39,648,322
2779,32,498,178,717,477
2779,19,129,48,251,221
2779,30,81,150,255,357
2780,7,493,39,648,322
2780,24,81,150,267,478
2780,32,498,178,717,477
2780,19,129,48,252,223
2780,30,81,150,256,363
2781,7,492,39,648,322
2781,32,497,177,717,477
2781,24,82,150,266,478
2781,19,129,49,251,221
2781,30,82,150,255,362
2782,7,492,39,648,322
2782,32,497,177,717,477
2782,19,129,49,251,221
2782,30,82,150,255,362
2782,24,82,150,265,478
2783,32,497,177,717,477
2783,7,492,39,648,322
2783,24,82,150,265,478
2783,30,82,150,255,363
2783,19,129,49,251,219
2784,32,498,177,717,477
2784,7,492,39,648,322
2784,30,82,150,255,363
2784,24,82,150,264,478
2784,19,129,49,250,207
2785,32,498,177,717,477
2785,7,492,39,648,322
2785,19,129,49,250,208
2785,24,81,151,265,478
2785,30,81,150,255,359
2786,7,492,39,648,322
2786,32,498,178,717,477
2786,24,81,151,265,478
2786,19,129,50,250,209
2786,30,81,151,255,358
2787,32,498,179,716,477
2787,7,492,40,648,322
2787,19,129,50,250,209
2787,24,80,151,263,477
2787,30,80,151,254,353
2788,32,498,179,716,477
2788,7,492,40,648,323
2788,24,79,151,264,477
2788,30,80,151,254,351
2788,19,129,50,250,206
2789,30,80,151,254,351
2789,24,80,151,264,477
2789,32,498,178,716,477
2789,7,491,40,648,323
2789,19,129,50,250,206
2790,32,498,178,716,477
2790,24,80,151,264,477
2790,7,491,40,648,323
2790,30,80,151,254,352
2790,19,129,51,250,207
2791,32,498,178,716,478
2791,24,80,151,264,477
2791,7,491,40,647,324
2791,30,80,151,254,353
2791,19,129,50,250,208
2792,24,80,152,264,477
2792,19,129,51,250,207
2792,32,498,178,717,476
2792,7,491,40,647,324
2792,30,80,152,255,360
2793,32,498,178,716,476
2793,24,80,152,264,477
2793,19,129,51,250,207
2793,7,491,41,646,324
2793,30,81,152,255,363
2794,24,80,152,264,477
2794,32,498,178,716,476
2794,7,491,41,645,324
2794,30,81,152,255,366
2794,19,129,51,249,205
2795,24,80,152,263,477
2795,32,497,178,716,476
2795,30,81,152,254,366
2795,7,491,41,644,324
2795,19,129,52,248,204
2796,32,497,178,716,476
2796,7,491,41,643,325
2796,24,80,152,263,477
2796,19,128,52,248,203
2796,30,80,152,254,368
2797,32,497,178,716,476
2797,24,80,153,263,477
2797,7,491,41,643,325
2797,30,80,153,254,367
2797,19,128,52,248,204
2798,32,497,178,715,476
2798,7,491,42,642,325
2798,24,79,153,264,477
2798,19,128,52,247,203
2798,30,80,153,254,364
2799,24,79,152,264,477
2799,32,497,178,715,476
2799,7,491,42,642,325
2799,19,129,52,247,203
2799,30,80,152,254,362
2800,32,497,178,715,477
2800,24,79,153,264,477
2800,7,491,42,642,325
2800,19,129,53,247,204
2800,30,79,153,254,360
2801,32,497,178,715,477
2801,7,491,42,641,326
2801,24,79,153,266,477
2801,19,129,53,247,204
2801,30,79,153,254,356
2802,32,497,178,715,477
2802,7,491,42,641,326
2802,19,129,54,247,204
2802,30,80,153,255,355
2802,24,79,153,267,476
2803,24,79,153,267,476
2803,32,497,178,715,477
2803,19,129,54,247,205
2803,7,491,42,641,326
2803,30,80,153,255,357
2804,24,80,153,267,476
2804,32,497,179,715,477
2804,7,491,43,641,326
2804,19,129,54,247,206
2804,30,80,154,255,359
2805,32,497,180,715,477
2805,7,491,43,640,326
2805,24,80,154,266,478
2805,19,128,54,247,207
2805,30,80,154,254,362
2806,32,497,180,715,477
2806,7,491,43,640,327
2806,24,80,154,264,478
2806,19,128,54,247,209
2806,30,81,155,254,367
2807,7,491,43,640,328
2807,24,81,154,264,478
2807,32,496,180,715,477
2807,19,128,54,247,211
2807,30,81,155,254,369
2808,24,81,154,264,478
2808,30,81,155,254,369
2808,7,490,44,639,328
2808,19,128,54,247,211
2808,32,497,181,714,477
2809,32,497,181,714,477
2809,19,128,54,247,211
2809,24,80,155,264,478
2809,7,490,44,639,327
2809,30,81,155,253,369
2810,32,497,182,714,477
2810,24,80,155,264,478
2810,19,128,54,247,211
2810,30,80,155,253,369
2810,7,490,44,638,327
2810,33,128,54,252,271
2811,19,128,54,247,211
2811,24,80,155,264,478
2811,7,490,44,638,327
2811,32,496,182,714,477
2811,30,80,156,254,366
2812,19,128,54,247,211
2812,24,80,155,265,478
2812,7,490,44,638,327
2812,32,497,182,714,477
2812,30,80,155,254,363
2813,7,490,45,638,328
2813,24,80,155,265,478
2813,32,497,183,714,477
2813,19,128,54,247,210
2813,30,80,156,253,361
2814,32,497,183,714,477
2814,7,489,45,638,328
2814,19,128,54,247,211
2814,24,80,156,265,477
2814,33,128,54,252,270
2814,30,80,156,254,354
2815,32,497,184,714,477
2815,19,128,54,247,210
2815,24,80,156,266,477
2815,33,128,54,252,270
2815,30,81,157,254,355
2815,7,489,45,639,328
2816,24,81,156,266,477
2816,32,497,184,714,477
2816,19,128,54,247,211
2816,7,489,45,639,329
2816,30,81,157,254,359
2817,24,81,156,265,478
2817,32,496,184,713,478
2817,19,128,55,247,210
2817,7,489,45,640,329
2817,30,81,157,253,362
2818,24,81,156,265,478
2818,32,497,185,714,478
2818,7,489,45,640,330
2818,19,128,55,247,210
2818,30,81,157,253,367
2819,32,497,186,714,478
2819,19,128,55,247,210
2819,24,81,157,266,478
2819,7,490,45,641,330
2819,30,81,157,254,368
2820,32,497,186,714,478
2820,19,128,55,247,210
2820,7,490,45,641,330
2820,24,81,157,264,478
2820,30,82,157,254,371
2821,24,81,157,264,478
2821,7,490,45,641,330
2821,32,497,187,714,478
2821,30,81,157,254,370
2821,19,128,56,247,210
2821,33,128,56,252,267
2822,7,490,45,641,330
2822,24,80,157,264,478
2822,30,81,157,254,370
2822,19,128,56,247,209
2822,32,497,188,714,476
2822,33,128,56,252,271
2823,7,490,46,641,331
2823,32,497,188,714,476
2823,19,128,56,247,210
2823,24,80,157,264,478
2823,30,81,158,253,370
2823,33,128,56,250,273
2824,32,497,189,714,477
2824,24,79,157,264,478
2824,7,490,46,641,331
2824,19,128,56,247,210
2824,30,80,158,253,369
2824,33,128,57,250,275
2825,7,490,45,641,331
2825,32,497,189,714,477
2825,24,79,158,265,478
2825,30,80,158,253,366
2825,33,128,57,251,249
2826,32,497,189,714,476
2826,7,490,45,641,331
2826,24,78,159,264,477
2826,30,79,158,253,364
2826,33,127,57,252,259
2827,32,497,189,714,476
2827,7,490,45,641,331
2827,24,78,159,264,477
2827,30,78,159,253,363
2827,33,127,58,254,265
2828,32,497,189,714,477
2828,24,78,159,264,477
2828,7,490,44,641,331
2828,30,78,159,253,364
2828,33,127,58,254,262
2829,7,490,44,640,331
2829,32,497,189,714,477
2829,24,78,159,264,478
2829,33,127,58,254,263
2829,30,78,159,253,368
2830,32,497,189,714,477
2830,7,490,44,640,332
2830,24,78,159,263,478
2830,30,79,159,253,371
2830,33,127,59,255,266
2831,7,490,44,640,332
2831,32,497,190,714,477
2831,30,78,160,251,371
2831,33,127,59,255,262
2832,7,490,45,640,332
2832,30,78,160,251,371
2832,32,497,190,713,479
2832,33,126,59,254,260
2833,32,497,190,713,479
2833,30,77,161,251,370
2833,7,489,45,639,333
2833,24,77,161,261,478
2833,33,126,59,255,255
2834,24,77,161,261,478
2834,32,497,190,713,479
2834,7,488,45,638,333
2834,30,77,161,253,369
2834,33,126,59,255,249
2835,33,126,59,255,249
2835,24,77,161,262,478
2835,7,489,45,638,333
2835,32,497,191,713,477
2835,30,77,161,252,366
2836,32,497,192,713,477
2836,24,77,161,263,478
2836,7,489,45,637,333
2836,30,77,161,252,365
2836,33,126,59,255,253
2837,24,77,161,263,478
2837,30,77,161,252,365
2837,32,497,192,713,477
2837,7,489,45,637,333
2837,33,126,60,254,250
2838,32,496,192,713,478
2838,24,77,160,262,478
2838,30,77,160,252,366
2838,7,488,45,637,333
2838,33,126,60,252,247
2839,32,496,192,712,478
2839,24,77,160,261,478
2839,7,489,46,636,333
2839,30,78,160,252,369
2839,33,126,60,250,241
2840,32,496,193,712,478
2840,7,489,46,636,333
2840,33,126,60,250,242
2840,24,78,161,260,479
2840,30,78,161,250,372
2841,32,495,193,712,478
2841,7,489,46,636,333
2841,24,78,162,261,479
2841,33,125,60,250,244
2841,30,79,161,251,374
2842,32,495,193,712,478
2842,33,125,61,250,244
2842,7,489,46,635,334
2842,24,78,162,262,478
2842,30,79,162,252,376
2843,33,125,60,250,244
2843,32,495,193,712,477
2843,7,489,47,635,333
2843,24,78,162,260,478
2843,30,79,162,252,377
2844,7,489,47,635,333
2844,32,495,194,712,477
2844,33,125,61,250,245
2844,30,78,163,251,376
2844,24,78,162,259,478
2845,32,495,194,712,477
2845,24,77,163,259,478
2845,7,489,47,636,334
2845,33,125,61,249,243
2845,30,78,163,251,373
2846,32,495,194,712,477
2846,33,125,61,249,243
2846,7,490,47,636,334
2846,24,76,163,258,478
2846,30,77,163,249,371
2847,7,490,47,636,334
2847,32,495,194,712,477
2847,33,125,61,249,243
2847,30,76,163,249,369
2848,32,495,194,712,477
2848,7,490,47,636,334
2848,30,76,163,249,368
2848,33,125,61,250,244
2848,24,75,164,258,478
2849,33,125,61,249,244
2849,7,490,48,636,333
2849,30,76,163,249,368
2849,32,495,193,712,478
2850,32,495,193,712,478
2850,7,490,48,636,333
2850,30,77,163,249,370
2850,33,125,61,249,240
2851,32,495,193,712,478
2851,7,490,48,636,334
2851,33,125,61,249,239
2851,24,77,164,260,478
2851,30,78,164,251,372
2852,32,495,193,713,478
2852,7,490,48,636,334
2852,30,78,164,252,372
2852,24,78,163,261,478
2852,33,125,61,248,233
2853,32,495,193,713,478
2853,7,490,48,636,333
2853,24,78,163,261,478
2853,33,125,61,248,232
2853,30,79,164,252,375
2854,32,495,193,713,478
2854,7,490,48,636,333
2854,24,79,163,261,478
2854,30,79,164,252,374
2854,33,125,61,249,235
2855,32,495,193,713,478
2855,7,490,48,636,333
2855,24,78,163,262,478
2855,30,79,164,252,372
2855,33,125,61,250,240
2856,32,495,193,713,478
2856,33,125,61,249,239
2856,30,79,164,252,372
2856,24,78,164,261,478
2856,7,491,49,637,332
2857,32,496,193,713,479
2857,7,490,49,637,332
2857,24,78,164,262,478
2857,30,78,164,252,372
2857,33,125,61,250,249
2858,32,495,193,713,478
2858,24,78,164,262,478
2858,7,491,49,637,332
2858,30,78,164,252,370
2858,33,125,61,250,246
2859,32,495,193,714,478
2859,24,78,163,262,478
2859,30,78,163,251,369
2859,7,493,48,637,333
2859,33,125,62,249,238
2860,32,495,193,714,479
2860,7,493,48,637,334
2860,24,78,163,262,478
2860,30,79,163,251,370
2860,33,125,63,249,235
2861,32,495,193,714,478
2861,7,494,48,637,333
2861,24,79,163,263,478
2861,30,79,163,253,372
2861,33,125,64,250,226
2862,32,495,193,713,478
2862,24,79,163,262,478
2862,30,79,163,253,375
2862,7,493,49,637,333
2862,33,125,66,250,212
2863,32,496,193,713,478
2863,24,79,164,263,478
2863,30,79,164,253,375
2863,7,493,49,637,331
2863,33,124,67,251,213
2864,24,79,163,263,478
2864,32,496,194,713,479
2864,30,79,163,252,375
2864,7,495,49,637,330
2864,33,124,68,253,217
2865,24,78,164,263,478
2865,32,496,194,713,477
2865,7,496,49,637,330
2865,30,79,164,253,375
2865,33,122,68,254,220
2865,34,123,68,254,300
2866,32,496,193,713,477
2866,24,78,164,263,478
2866,30,78,164,252,375
2866,7,497,49,637,331
2866,34,123,69,256,289
2866,33,123,70,255,211
2867,32,496,193,713,477
2867,24,77,164,262,478
2867,7,496,50,637,330
2867,33,122,69,256,210
2867,30,78,164,251,372
2867,34,123,69,257,294
2868,7,496,50,637,330
2868,24,77,164,262,478
2868,32,496,192,713,477
2868,33,122,69,256,210
2868,30,78,164,250,371
2868,34,122,69,257,276
2869,24,77,164,262,478
2869,32,496,191,713,477
2869,30,78,163,250,370
2869,7,497,50,637,331
2869,33,122,68,256,208
2869,34,122,68,257,291
2870,32,496,190,713,477
2870,24,78,165,262,478
2870,30,78,164,250,370
2870,7,496,50,637,330
2870,33,120,67,256,209
2870,34,121,66,257,296
2871,32,496,190,713,477
2871,7,496,50,637,330
2871,30,78,165,251,370
2871,33,120,66,256,208
2871,34,120,66,257,302
2872,32,496,190,713,477
2872,7,496,50,637,330
2872,30,78,164,250,371
2872,34,119,64,256,301
2872,33,119,64,255,206
2873,32,496,190,713,477
2873,7,497,50,636,330
2873,30,79,165,252,375
2873,33,116,63,255,203
2873,34,117,64,255,309
2874,32,496,191,713,477
2874,7,497,50,636,330
2874,30,79,163,250,373
2874,33,114,62,254,199
2874,34,114,62,254,280
2875,30,79,163,250,373
2875,7,497,50,635,330
2875,32,496,192,712,477
2875,33,113,59,253,199
2875,34,114,59,253,306
2876,7,497,50,635,330
2876,32,495,192,712,477
2876,30,79,163,250,372
2876,33,112,54,253,198
2876,34,113,53,254,315
2877,32,495,192,712,477
2877,7,498,50,635,332
2877,34,112,51,253,316
2877,30,79,164,251,376
2877,33,112,52,253,193
2878,32,495,193,712,477
2878,30,78,165,251,375
2878,34,112,48,253,316
2878,7,496,50,635,330
2878,33,111,49,253,192
2879,32,495,193,712,477
2879,7,496,50,635,330
2879,34,113,47,252,316
2879,30,77,165,251,373
2879,33,112,48,252,194
2880,7,496,50,635,330
2880,32,495,193,711,477
2880,34,113,46,252,316
2880,33,112,47,252,194
2880,30,77,165,251,370
2881,32,494,194,711,477
2881,7,496,50,634,330
2881,24,77,160,259,477
2881,33,113,40,254,194
2881,30,77,159,250,365
2881,34,114,39,254,304
2882,32,493,194,711,477
2882,24,77,159,259,477
2882,30,77,159,250,366
2882,7,497,50,634,332
2882,33,114,39,255,198
2882,34,115,39,257,317
2883,32,493,194,711,477
2883,24,77,161,259,478
2883,7,496,50,634,330
2883,34,115,37,259,316
2883,30,77,162,253,370
2883,33,115,38,257,206
2884,7,496,50,635,331
2884,32,493,195,711,477
2884,34,116,38,259,317
2884,30,78,162,253,374
2885,7,496,50,635,331
2885,32,493,195,711,477
2885,24,78,162,259,477
2885,34,116,38,259,317
2885,30,79,163,252,372
2885,33,116,39,257,220
2886,32,493,195,710,477
2886,7,496,50,635,330
2886,34,116,39,259,318
2886,30,80,163,252,371
2886,24,78,162,260,476
2887,7,496,50,635,330
2887,32,493,195,711,477
2887,34,116,39,259,318
2887,30,80,163,252,373
2888,7,496,50,635,330
2888,34,116,39,260,319
2888,32,493,195,711,478
2888,30,79,163,253,378
2889,7,496,50,635,330
2889,24,78,162,261,476
2889,34,116,39,260,320
2889,32,493,196,711,477
2889,30,78,163,254,374
2890,32,494,196,711,477
2890,34,117,39,260,320
2890,24,78,160,261,477
2890,7,497,50,635,332
2890,30,78,162,253,370
2891,32,494,196,711,477
2891,7,497,50,635,332
2891,24,78,161,261,477
2891,34,119,41,261,319
2891,30,78,164,252,367
2892,32,494,196,711,477
2892,7,497,50,635,332
2892,24,78,162,261,477
2892,30,78,163,251,366
2892,34,120,46,261,320
2892,33,120,55,259,204
2893,32,494,196,711,477
2893,7,497,50,636,333
2893,24,78,162,262,477
2893,30,78,163,251,364
2893,34,123,41,261,318
2893,33,123,49,259,202
2894,32,494,196,711,477
2894,7,497,50,636,333
2894,24,78,160,262,477
2894,30,79,161,251,365
2894,34,125,61,262,319
2894,33,125,66,259,207
2895,7,497,50,636,333
2895,32,494,196,712,477
2895,24,79,160,263,477
2895,30,79,161,251,366
2895,34,131,65,263,322
2895,33,132,69,260,215
2896,32,494,196,712,477
2896,7,497,50,636,333
2896,24,80,161,262,477
2896,30,79,162,249,367
2896,34,136,66,264,315
2896,33,136,71,264,219
2897,7,497,50,636,333
2897,32,494,196,712,477
2897,24,80,162,262,477
2897,30,80,162,248,370
2897,33,139,71,264,217
2897,34,139,70,265,298
2898,7,497,50,636,333
2898,32,495,196,712,477
2898,30,81,161,248,371
2898,33,141,73,264,213
2898,34,139,70,266,314
2899,32,495,196,712,477
2899,7,497,50,636,333
2899,24,80,160,263,477
2899,30,80,161,250,370
2899,34,140,75,266,321
2899,33,141,77,266,217
2900,32,495,196,712,477
2900,7,497,50,636,333
2900,24,80,161,262,478
2900,30,80,162,250,371
2900,34,140,78,266,320
2900,33,141,79,265,214
2901,32,495,196,712,477
2901,7,497,50,636,333
2901,30,80,162,250,370
2901,24,79,161,264,477
2901,34,140,81,271,321
2901,33,141,82,270,218
2902,7,497,50,636,333
2902,32,495,197,712,477
2902,24,79,162,263,477
2902,30,80,163,249,370
2902,33,140,84,272,226
2902,34,140,82,275,288
2903,7,497,50,636,334
2903,32,494,197,712,477
2903,24,78,164,262,477
2903,30,79,164,248,370
2903,33,139,89,274,223
2904,7,497,50,636,334
2904,32,494,197,712,477
2904,24,78,163,262,477
2904,30,79,164,248,368
2904,33,140,93,274,225
2905,7,497,50,636,334
2905,32,494,197,712,478
2905,24,78,163,262,477
2905,30,78,165,247,364
2905,33,140,96,274,223
2905,34,139,96,274,323
2906,7,497,50,636,334
2906,30,78,165,247,364
2906,32,494,197,711,478
2906,24,77,163,262,477
2906,34,139,99,275,321
2906,33,139,99,274,220
2907,24,77,164,262,476
2907,32,493,197,711,477
2907,30,78,165,245,365
2907,7,496,50,636,332
2907,34,139,101,277,323
2908,32,493,197,711,478
2908,24,78,164,261,476
2908,30,78,165,245,367
2908,7,497,50,635,334
2908,34,138,102,278,322
2909,7,497,50,635,334
2909,32,493,197,710,478
2909,24,78,164,261,476
2909,30,78,166,245,368
2909,34,137,102,283,324
2910,32,493,197,710,478
2910,24,78,165,259,477
2910,30,78,166,246,369
2910,7,496,50,635,332
2910,34,133,100,284,328
2910,33,137,102,283,235
2911,32,493,198,710,478
2911,7,496,50,635,332
2911,30,79,165,248,371
2911,33,138,102,285,231
2911,34,137,103,284,300
2912,7,496,50,635,332
2912,24,78,165,259,477
2912,32,492,198,710,477
2912,30,79,166,249,372
2912,33,137,102,286,233
2913,32,492,198,710,477
2913,7,495,50,635,332
2913,24,78,165,259,477
2913,30,79,166,247,371
2913,33,136,101,286,234
2914,7,496,50,635,332
2914,32,492,198,710,477
2914,24,77,165,260,477
2914,30,78,166,247,371
2914,33,136,100,285,234
2915,7,495,50,635,333
2915,30,78,166,247,369
2915,32,493,198,710,478
2915,33,136,98,285,235
2916,7,496,50,635,333
2916,24,77,165,260,477
2916,32,492,198,709,477
2916,30,78,166,247,368
2916,33,136,97,283,239
2917,32,492,199,710,477
2917,7,495,50,635,333
2917,24,77,165,261,477
2917,33,135,96,284,239
2917,30,78,166,250,366
2918,32,492,199,710,477
2918,7,495,50,635,333
2918,24,77,165,261,476
2918,30,78,166,250,366
2918,33,136,95,284,239
2919,32,492,199,710,477
2919,7,495,50,636,332
2919,30,78,166,250,366
2919,24,77,165,262,477
2919,33,136,94,285,236
2920,32,492,199,710,477
2920,7,495,50,636,332
2920,24,77,165,263,476
2920,30,78,167,248,367
2920,33,135,93,284,233
2921,7,495,50,636,333
2921,32,492,200,710,477
2921,24,78,165,262,477
2921,33,135,92,284,235
2921,30,78,166,251,369
2922,32,492,200,710,477
2922,7,495,50,636,332
2922,24,78,165,261,477
2922,30,79,166,248,370
2922,33,136,93,279,236
2923,32,492,200,710,477
2923,7,496,50,636,332
2923,24,78,166,262,476
2923,30,79,167,250,372
2923,33,136,92,277,242
2924,32,492,199,710,477
2924,7,496,50,636,332
2924,30,79,166,250,374
2924,24,78,165,260,477
2924,33,136,92,274,246
2925,7,496,50,636,332
2925,24,78,164,260,477
2925,30,79,166,250,373
2925,32,493,199,710,478
2925,33,136,90,274,252
2926,7,496,50,636,332
2926,32,493,200,710,478
2926,24,78,164,261,476
2926,33,136,90,273,252
2926,30,79,165,248,371
2927,32,493,200,710,478
2927,7,496,50,635,332
2927,33,136,90,272,252
2927,30,79,165,248,371
2927,24,78,164,260,477
2928,32,493,200,710,478
2928,7,497,50,635,334
2928,30,78,167,249,370
2928,33,136,91,271,249
2929,7,497,50,635,334
2929,32,492,200,710,478
2929,30,78,167,249,369
2929,33,136,91,271,244
2930,32,493,199,710,478
2930,7,497,50,635,334
2930,24,78,165,260,477
2930,33,136,92,271,245
2930,30,78,167,250,367
2931,32,493,199,710,478
2931,7,497,50,635,334
2931,24,78,165,261,477
2931,33,136,93,271,244
2931,30,79,166,249,363
2932,32,493,199,710,478
2932,7,497,50,635,334
2932,24,79,165,261,477
2932,33,136,94,271,246
2932,30,79,166,251,361
2933,32,493,200,710,478
2933,7,497,50,635,334
2933,24,79,165,262,477
2933,30,79,166,250,361
2933,33,136,96,271,249
2934,24,79,165,262,477
2934,32,493,200,710,478
2934,7,497,51,635,334
2934,30,80,166,249,364
2934,33,136,99,271,247
2935,32,493,200,710,478
2935,24,79,165,262,477
2935,7,497,51,635,334
2935,30,79,166,250,365
2935,33,136,101,270,244
2936,32,493,200,710,478
2936,7,497,51,635,334
2936,30,80,166,250,365
2936,24,79,165,261,477
2936,33,137,103,270,244
2937,7,497,51,635,334
2937,30,80,166,250,365
2937,32,493,200,710,477
2937,24,79,165,262,477
2937,33,137,105,269,243
2938,32,493,200,710,477
2938,7,497,51,635,334
2938,30,80,166,250,365
2938,24,80,165,262,477
2938,33,137,111,270,243
2939,30,80,166,250,365
2939,7,497,51,635,334
2939,24,80,165,261,477
2939,32,493,199,710,478
2939,33,137,114,270,247
2940,32,493,199,710,478
2940,7,497,51,635,334
2940,24,80,165,260,477
2940,30,80,166,251,366
2940,33,139,117,270,244
2941,32,493,199,710,478
2941,7,497,51,635,335
2941,24,80,165,260,477
2941,30,80,166,251,366
2941,33,139,117,270,247
2942,7,497,51,635,335
2942,32,493,199,710,477
2942,24,80,165,261,477
2942,30,80,166,251,366
2942,33,139,117,270,249
2942,35,139,117,269,317
2943,32,493,200,710,477
2943,30,80,166,251,365
2943,24,80,165,260,477
2943,7,497,52,635,335
2943,33,140,117,269,250
2944,32,493,200,710,478
2944,24,80,166,260,477
2944,7,496,51,635,334
2944,30,81,167,250,362
2944,33,141,117,268,245
2945,32,493,200,710,478
2945,7,496,52,635,334
2945,24,80,166,260,477
2945,30,81,167,250,361
2945,33,141,117,268,244
2946,32,493,200,710,478
2946,7,496,52,635,334
2946,24,80,166,260,477
2946,30,81,167,251,363
2946,33,142,117,269,249
2947,32,493,200,710,478
2947,7,495,52,635,334
2947,24,80,166,260,477
2947,33,142,117,269,250
2947,30,80,167,252,366
2948,32,493,200,710,478
2948,7,495,52,635,334
2948,24,80,166,260,477
2948,30,80,167,250,365
2948,33,142,117,268,249
2949,32,493,200,711,478
2949,7,496,52,635,334
2949,30,81,167,250,365
2949,24,80,166,262,476
2949,33,143,116,269,252
2950,7,496,52,635,334
2950,24,80,166,262,476
2950,32,494,200,711,477
2950,33,143,116,269,252
2950,30,81,167,252,364
2951,24,80,166,262,476
2951,7,496,52,635,334
2951,32,494,200,711,477
2951,33,143,116,269,252
2951,30,81,166,247,368
2952,32,494,200,711,477
2952,24,80,166,262,476
2952,7,495,52,635,334
2952,33,144,116,269,252
2952,30,81,166,247,367
2952,35,142,115,269,315
2953,32,494,200,711,478
2953,7,495,52,635,334
2953,24,80,166,261,476
2953,33,144,116,269,252
2953,30,81,166,247,370
2954,32,494,200,711,478
2954,7,495,52,635,334
2954,24,80,165,261,476
2954,30,81,166,246,371
2954,33,144,115,269,254
2955,32,494,200,711,478
2955,7,495,52,636,334
2955,24,79,165,262,476
2955,30,80,166,246,370
2955,33,143,115,270,256
2956,32,494,200,711,478
2956,7,495,52,636,334
2956,24,79,165,262,476
2956,30,80,166,246,370
2956,33,143,115,270,260
2957,32,494,200,711,478
2957,7,495,52,636,335
2957,24,79,165,262,476
2957,33,142,114,270,262
2957,30,80,167,249,365
2958,32,494,200,711,478
2958,24,79,165,262,475
2958,7,496,52,635,335
2958,30,80,167,250,365
2958,33,142,115,270,265
2959,32,494,200,711,478
2959,7,495,52,635,335
2959,30,80,167,250,367
2959,24,80,167,259,476
2959,33,140,115,271,261
2960,32,493,201,711,478
2960,7,495,53,635,335
2960,24,79,167,259,476
2960,30,79,167,250,368
2960,35,141,116,270,324
2961,32,493,201,711,478
2961,30,79,166,250,368
2961,7,495,53,635,336
2961,24,79,167,258,472
2961,35,141,116,271,320
2962,32,493,201,711,478
2962,7,495,53,635,336
2962,30,79,167,249,367
2962,24,79,167,257,469
2962,35,141,116,271,324
2963,32,493,201,711,478
2963,7,495,53,635,336
2963,35,141,116,271,325
2963,30,79,166,248,367
2963,24,79,167,256,465
2964,7,495,53,635,336
2964,32,493,201,710,477
2964,30,79,166,248,365
2964,35,140,116,271,326
2964,24,79,166,260,473
2965,24,79,166,260,474
2965,7,495,53,635,336
2965,30,79,166,248,365
2965,32,492,201,710,477
2965,35,140,117,271,326
2966,32,492,201,710,477
2966,7,494,53,635,336
2966,24,79,165,258,474
2966,30,79,167,251,364
2966,35,139,116,272,328
2967,32,492,201,710,477
2967,7,494,53,635,336
2967,35,139,116,271,325
2967,30,79,166,247,367
2967,24,79,167,256,467
2968,32,492,201,710,477
2968,7,494,53,634,336
2968,24,79,167,256,467
2968,30,79,166,247,368
2968,35,139,114,272,328
2969,32,492,201,710,477
2969,7,494,53,634,335
2969,30,78,166,248,368
2969,35,138,115,272,329
2969,24,79,167,255,464
2969,33,139,116,271,218
2970,24,78,167,256,464
2970,32,492,201,710,477
2970,30,78,166,248,369
2970,7,494,54,634,336
2970,35,138,115,272,330
2970,33,139,116,271,215
2971,32,492,201,710,477
2971,7,494,54,634,336
2971,30,78,166,247,368
2971,24,78,167,256,466
2971,35,137,115,272,330
2971,33,139,116,271,216
2972,32,492,201,710,477
2972,7,494,55,634,335
2972,30,78,166,247,367
2972,35,138,115,272,329
2972,24,78,165,259,474
2972,33,139,116,272,221
2973,32,492,201,710,477
2973,7,494,55,634,336
2973,24,78,165,259,474
2973,35,138,115,273,330
2973,30,78,166,248,366
2973,33,139,116,272,222
2974,24,78,165,259,474
2974,32,492,201,710,477
2974,7,494,55,634,336
2974,30,77,166,248,366
2974,35,138,114,273,329
2974,33,138,115,273,254
2975,32,492,201,710,477
2975,7,494,55,634,336
2975,30,78,166,247,367
2975,24,78,167,257,472
2975,35,139,114,273,325
2976,32,492,201,710,477
2976,7,494,56,634,336
2976,30,78,167,248,369
2976,24,78,166,259,475
2976,33,139,113,274,259
2977,32,492,201,710,477
2977,24,78,166,260,475
2977,30,78,167,248,368
2977,7,495,57,634,337
2977,33,139,114,273,234
2978,32,492,201,710,477
2978,24,78,166,260,475
2978,7,494,58,634,335
2978,30,78,167,251,362
2978,33,139,112,273,243
2979,32,492,201,710,477
2979,24,78,168,257,475
2979,7,496,59,634,337
2979,30,78,168,248,367
2979,33,138,110,272,246
2980,32,492,201,710,477
2980,7,496,60,634,336
2980,24,78,166,261,475
2980,30,78,167,251,359
2980,33,139,106,273,239
2981,32,492,201,711,477
2981,24,78,166,261,476
2981,30,78,168,251,360
2981,7,494,60,635,335
2981,33,138,104,273,251
2982,32,493,201,711,477
2982,24,78,167,261,475
2982,30,78,168,251,361
2982,7,496,61,635,337
2982,33,138,101,273,256
2983,24,78,166,261,475
2983,32,493,201,711,477
2983,7,496,61,636,337
2983,30,78,168,251,363
2983,33,138,98,273,257
2984,32,493,201,711,478
2984,7,497,62,636,337
2984,24,78,166,260,476
2984,30,78,168,250,368
2984,33,139,96,272,259
2985,24,78,166,260,476
2985,32,493,201,712,478
2985,7,497,62,636,337
2985,30,78,168,250,369
2985,33,139,94,272,262
2986,32,493,201,712,478
2986,24,78,166,260,476
2986,7,497,62,636,337
2986,30,78,168,249,369
2986,33,140,93,271,261
2986,36,504,62,636,198
2987,32,493,201,712,478
2987,24,78,166,260,476
2987,7,496,62,636,337
2987,36,504,62,636,198
2987,30,78,168,250,368
2987,33,140,93,272,261
2988,32,493,201,712,478
2988,7,496,62,637,337
2988,24,78,166,260,476
2988,36,505,62,636,198
2988,30,78,168,249,367
2988,33,140,91,271,259
2989,32,493,201,712,478
2989,7,496,62,637,336
2989,24,78,166,260,476
2989,30,79,168,249,366
2989,36,504,62,636,198
2989,33,140,91,270,260
2990,24,78,166,260,475
2990,32,493,201,712,478
2990,30,79,168,249,366
2990,7,496,63,637,336
2990,36,504,63,636,198
2990,33,140,91,271,263
2991,32,493,201,712,478
2991,24,78,166,260,475
2991,7,496,63,637,336
2991,30,79,168,250,368
2991,33,140,92,271,265
2991,36,506,63,636,198
2992,32,493,201,712,478
2992,7,496,63,637,336
2992,24,78,166,260,475
2992,30,78,168,250,369
2992,36,505,62,636,198
2992,33,139,91,272,268
2993,32,493,201,712,478
2993,24,78,166,260,475
2993,7,496,63,637,337
2993,30,78,168,250,369
2993,33,139,91,272,267
2994,32,494,201,712,478
2994,30,78,168,250,369
2994,24,78,166,260,475
2994,7,496,63,637,337
2994,33,139,91,274,266
2995,32,493,201,712,478
2995,7,496,63,637,337
2995,24,78,166,260,476
2995,30,78,168,249,369
2995,33,139,92,273,267
2996,32,493,201,712,478
2996,7,496,63,637,336
2996,24,78,166,260,476
2996,30,78,167,249,369
2996,33,139,92,277,269
2997,32,493,201,712,478
2997,7,496,63,637,337
2997,24,78,166,259,476
2997,30,78,168,247,367
2997,33,139,93,277,273
2998,32,493,201,712,478
2998,7,496,62,637,337
2998,30,78,168,248,368
2998,33,139,93,276,281
2999,32,493,201,712,478
2999,7,496,62,637,336
2999,30,78,168,247,370
2999,33,138,93,276,287
3000,32,493,201,712,478
3000,7,496,62,637,336
3000,33,138,93,274,294
3000,30,78,168,232,370
3001,32,493,201,711,478
3001,7,497,62,637,337
3001,30,78,169,230,370
3001,33,137,93,273,297
3002,32,493,201,711,478
3002,7,497,62,637,337
3002,33,137,94,273,307
3002,30,78,169,245,370
3003,7,497,62,637,337
3003,32,493,201,712,478
3003,33,138,95,273,317
3003,30,78,169,231,368
3004,32,494,201,712,478
3004,7,497,63,637,337
3004,30,78,168,232,366
3004,33,139,96,272,326
3005,7,497,64,637,337
3005,32,494,202,711,477
3005,30,78,168,232,365
3005,33,138,97,272,288
3006,7,497,64,637,337
3006,32,494,202,711,477
3006,33,138,98,273,294
3006,30,78,169,247,368
3007,32,494,202,712,477
3007,7,497,64,637,337
3007,33,139,99,274,290
3007,30,78,169,239,368
3008,32,494,202,712,477
3008,7,497,64,637,337
3008,33,139,99,275,291
3008,30,78,169,235,369
3009,32,494,202,712,477
3009,7,497,64,637,337
3009,33,139,98,276,292
3009,30,78,169,241,368
3010,32,494,202,712,477
3010,7,497,65,637,337
3010,33,139,98,277,291
3010,30,78,169,243,366
3011,32,494,202,712,477
3011,7,497,66,637,337
3011,30,78,169,245,366
3011,33,139,98,277,285
3012,32,494,202,712,477
3012,7,497,67,637,337
3012,24,78,166,260,476
3012,30,78,169,247,368
3012,33,139,97,276,288
3013,30,78,168,247,368
3013,32,494,202,712,477
3013,24,78,166,260,476
3013,7,497,68,638,337
3013,33,140,97,277,289
3014,32,495,201,713,477
3014,7,497,68,638,337
3014,30,78,168,244,367
3014,33,140,97,278,286
3015,32,495,201,713,477
3015,7,497,69,638,337
3015,30,79,168,244,366
3015,33,140,96,279,284
3016,7,498,69,638,337
3016,32,495,201,713,477
3016,30,79,167,246,366
3016,33,140,95,278,280
3017,32,495,201,713,478
3017,7,497,69,638,337
3017,33,140,96,279,279
3017,30,79,167,248,365
3018,7,497,69,638,337
3018,32,495,201,713,478
3018,30,79,167,248,367
3018,33,140,96,284,279
3019,7,498,69,638,337
3019,32,496,201,713,478
3019,30,79,167,248,370
3019,33,140,95,281,268
3020,32,496,201,713,478
3020,30,79,167,248,369
3020,7,498,69,638,336
3020,33,140,95,283,259
3021,32,496,201,713,477
3021,7,498,69,638,336
3021,30,80,167,247,369
3021,33,140,95,276,251
3022,32,496,201,714,477
3022,7,498,69,638,336
3022,30,80,167,248,368
3022,33,140,95,277,249
3023,32,496,201,713,477
3023,7,498,69,639,336
3023,30,80,167,248,367
3023,33,140,95,274,245
3024,7,498,69,639,336
3024,32,496,200,714,477
3024,30,80,167,248,369
3024,33,141,94,272,243
3025,32,497,201,714,477
3025,7,498,69,639,336
3025,30,80,166,248,370
3025,33,140,94,272,244
3026,32,497,201,714,477
3026,7,498,69,639,336
3026,33,140,94,272,243
3026,30,80,167,249,369
3027,32,497,200,714,477
3027,30,80,167,249,368
3027,7,498,69,640,337
3027,33,140,94,272,244
3028,32,497,200,714,477
3028,7,498,69,641,337
3028,30,80,167,249,367
3028,33,140,94,273,245
3029,7,498,69,641,337
3029,32,497,200,714,477
3029,30,81,166,249,367
3029,33,140,94,273,240
3030,32,497,200,714,477
3030,7,498,69,641,337
3030,33,140,93,273,241
3030,30,81,167,250,367
3031,7,498,69,641,337
3031,32,497,200,714,477
3031,30,81,167,250,370
3031,33,140,93,273,243
3032,32,497,200,715,477
3032,7,498,69,641,337
3032,30,81,168,250,370
3032,33,140,93,273,247
3033,32,497,200,715,477
3033,30,81,168,250,370
3033,7,498,68,641,337
3033,33,140,93,272,245
3034,32,497,200,715,477
3034,30,81,168,250,369
3034,7,498,67,641,337
3034,33,140,93,272,241
3035,32,497,200,715,477
3035,30,81,168,250,369
3035,7,498,65,641,337
3035,33,140,93,272,245
3036,32,497,200,715,477
3036,7,498,65,641,337
3036,30,81,166,249,368
3036,33,140,93,272,248
3037,32,497,200,715,477
3037,33,140,93,272,248
3037,7,498,64,641,337
3037,30,81,168,250,369
3038,32,497,200,715,477
3038,7,498,64,641,337
3038,30,81,168,251,371
3038,33,141,93,271,247
3039,32,497,200,715,477
3039,30,81,168,251,370
3039,7,498,63,641,336
3039,33,140,93,272,246
3040,32,497,200,715,477
3040,7,498,62,641,337
3040,30,81,168,251,369
3040,33,140,93,272,247
3041,32,498,200,714,477
3041,7,498,62,641,337
3041,30,81,167,250,367
3041,33,141,94,270,246
3042,32,498,200,714,477
3042,7,498,62,641,337
3042,30,81,166,251,366
3042,33,141,94,272,287
3043,32,498,200,714,477
3043,7,498,62,641,337
3043,30,82,166,251,365
3043,33,141,95,273,305
3044,32,498,200,714,477
3044,7,497,61,641,337
3044,30,82,165,249,366
3044,33,141,95,274,250
3045,32,498,200,714,477
3045,7,497,60,641,337
3045,33,141,96,275,248
3045,30,82,164,249,368
3046,32,498,200,714,477
3046,30,82,163,248,370
3046,7,494,60,641,337
3046,33,141,95,273,240
3047,32,497,200,714,477
3047,30,82,163,248,369
3047,7,493,59,641,336
3047,33,141,94,274,243
3048,32,498,200,714,477
3048,33,141,94,274,242
3048,7,492,59,641,336
3048,30,82,163,249,368
3049,32,498,200,714,477
3049,30,82,163,250,366
3049,7,494,58,641,337
3049,33,140,93,273,236
3050,32,497,200,714,477
3050,30,82,163,250,366
3050,33,140,93,272,236
3050,7,497,57,641,337
3050,37,81,163,260,477
3051,32,497,200,714,477
3051,30,82,163,250,366
3051,7,498,57,640,337
3051,33,140,92,271,235
3052,32,497,200,714,477
3052,7,498,56,640,337
3052,30,82,163,250,368
3052,33,140,92,271,233
3053,32,497,200,714,477
3053,7,498,56,640,337
3053,30,82,162,251,369
3053,33,140,92,276,268
3054,32,497,200,714,477
3054,7,498,56,640,337
3054,30,82,162,251,367
3054,33,140,91,278,284
3055,32,497,200,714,477
3055,7,498,56,640,337
3055,30,81,164,251,367
3055,33,140,90,273,230
3056,32,497,200,714,477
3056,30,81,163,251,366
3056,7,497,56,641,336
3056,33,140,88,270,228
3057,32,497,200,714,477
3057,30,81,163,251,367
3057,7,498,56,640,337
3057,33,140,87,268,224
3058,7,498,56,640,337
3058,32,497,200,714,477
3058,30,80,163,251,368
3058,33,140,84,266,225
3059,32,497,200,714,477
3059,7,498,56,640,337
3059,30,80,163,251,370
3059,33,140,83,263,225
3060,7,498,56,640,337
3060,32,497,200,714,477
3060,30,80,163,251,370
3060,33,140,82,265,224
3061,7,498,56,640,337
3061,32,497,200,714,477
3061,30,79,162,251,369
3061,33,140,81,260,224
3062,32,498,200,714,477
3062,7,498,56,640,337
3062,30,80,162,250,368
3062,33,140,81,261,223
3063,32,498,200,714,477
3063,7,498,56,640,337
3063,30,79,162,252,369
3063,33,139,81,261,220
3064,32,498,200,714,477
3064,7,498,56,640,337
3064,30,80,162,250,370
3064,33,139,81,254,218
3064,37,139,79,257,314
3065,7,498,56,640,337
3065,32,497,200,715,477
3065,30,80,162,250,371
3065,37,138,78,256,313
3065,33,138,80,253,216
3066,32,497,200,715,477
3066,7,498,56,640,337
3066,30,79,163,250,370
3066,37,139,78,259,308
3066,33,138,79,250,209
3067,7,498,56,640,337
3067,32,497,200,714,477
3067,30,79,165,251,371
3067,33,137,78,249,206
3068,32,497,200,714,477
3068,7,498,56,640,337
3068,30,79,164,251,370
3068,33,134,75,247,210
3069,32,497,200,714,477
3069,7,498,56,640,338
3069,30,79,164,251,369
3069,33,131,74,245,208
3070,32,497,200,714,477
3070,7,498,56,640,337
3070,30,78,163,251,370
3070,33,129,73,244,207
3071,32,497,200,714,477
3071,7,498,56,640,337
3071,30,79,163,250,371
3071,33,127,72,248,203
3072,32,497,200,714,477
3072,7,498,56,640,337
3072,30,78,164,252,373
3072,33,123,70,252,209
3072,37,124,70,258,316
3073,7,498,56,640,337
3073,32,497,200,714,477
3073,30,78,165,251,371
3073,33,122,69,249,205
3074,32,497,200,714,477
3074,7,498,56,640,337
3074,30,78,165,250,370
3074,33,120,68,245,198
3075,7,498,56,640,337
3075,32,497,200,714,477
3075,30,78,165,250,369
3075,33,119,67,243,197
3076,7,498,56,640,337
3076,32,497,200,714,477
3076,30,79,165,250,367
3076,33,119,63,237,190
3077,7,498,56,640,337
3077,32,497,200,714,477
3077,30,78,165,250,369
3077,33,118,63,239,203
3078,7,498,56,640,337
3078,32,497,200,714,477
3078,30,78,166,250,371
3078,33,118,61,239,200
3079,7,498,56,640,337
3079,32,497,200,714,477
3079,30,78,166,249,371
3079,33,118,59,239,204
3080,7,498,56,640,337
3080,32,496,200,714,477
3080,30,78,166,249,370
3080,33,118,56,236,200
3081,32,496,200,714,477
3081,7,498,55,640,337
3081,30,78,166,249,369
3081,33,117,55,236,199
3082,32,496,200,714,477
3082,7,498,55,640,337
3082,30,77,166,249,366
3082,33,118,52,236,195
3083,32,496,200,714,477
3083,7,498,55,640,337
3083,30,77,165,249,365
3083,33,118,50,237,197
3084,32,496,200,714,477
3084,7,498,55,640,337
3084,30,77,165,249,365
3084,33,118,49,237,201
3085,32,496,200,714,477
3085,7,498,55,640,337
3085,30,77,165,248,367
3085,33,119,48,236,205
3086,7,498,55,640,337
3086,32,496,200,715,477
3086,30,77,164,248,370
3086,33,120,47,237,211
3087,7,498,55,640,338
3087,32,496,200,715,477
3087,30,77,165,248,370
3087,33,121,46,238,211
3088,32,496,200,715,477
3088,7,498,55,640,338
3088,30,77,164,249,369
3088,33,123,46,245,224
3089,7,498,55,640,338
3089,32,497,200,715,477
3089,30,77,165,249,367
3089,33,124,45,245,220
3090,32,497,200,715,477
3090,7,498,55,640,338
3090,30,77,165,248,366
3090,33,124,45,244,221
3091,7,498,55,641,338
3091,32,497,200,715,477
3091,30,77,164,249,365
3091,33,125,45,246,224
3092,7,498,55,641,338
3092,32,497,200,716,477
3092,30,77,165,249,365
3092,33,126,46,247,232
3093,7,498,55,641,338
3093,32,497,200,716,477
3093,30,77,164,249,367
3093,33,126,46,245,232
3094,7,498,55,641,338
3094,32,497,200,717,478
3094,30,77,165,250,369
3094,33,128,46,245,223
3095,7,498,55,641,338
3095,32,497,200,717,478
3095,30,77,163,250,369
3095,33,131,47,244,217
3095,38,130,47,248,297
3096,7,498,55,641,338
3096,32,497,200,717,478
3096,30,77,163,250,368
3096,33,132,47,244,217
3096,38,131,46,246,288
3097,32,497,200,717,478
3097,7,498,55,641,338
3097,30,77,162,250,367
3097,33,133,47,245,216
3098,32,497,200,717,478
3098,7,498,55,641,337
3098,30,78,162,250,365
3098,33,134,47,247,235
3099,7,498,55,641,337
3099,30,78,162,251,365
3099,32,498,199,716,477
3099,33,135,47,246,226
3100,7,498,55,641,337
3100,32,498,200,716,477
3100,30,77,162,251,368
3100,33,135,47,246,223
3101,32,498,199,716,477
3101,7,498,55,641,337
3101,30,77,162,251,370
3101,33,135,48,246,226
3102,32,497,200,716,477
3102,7,498,55,641,337
3102,30,77,162,250,370
3102,33,135,49,247,234
3103,7,498,55,641,337
3103,32,498,199,716,477
3103,30,77,163,251,369
3103,33,135,50,246,224
3104,32,498,199,716,477
3104,7,498,55,641,338
3104,30,77,163,250,369
3104,33,135,50,245,216
3105,32,498,199,716,477
3105,7,498,55,641,338
3105,30,77,164,250,368
3105,33,135,53,245,216
3106,32,498,199,716,477
3106,7,498,55,641,338
3106,30,77,164,250,368
3106,33,134,53,245,215
3107,32,498,199,716,477
3107,7,498,56,641,338
3107,30,77,164,250,369
3107,33,133,57,245,215
3108,7,498,56,641,338
3108,32,498,199,717,477
3108,33,133,58,245,216
3108,30,77,163,250,371
3109,7,498,56,641,338
3109,32,498,199,717,477
3109,30,77,164,250,371
3109,33,133,60,245,215
3110,32,498,199,717,477
3110,7,498,56,641,338
3110,30,77,164,251,371
3110,33,132,59,245,216
3111,7,498,56,641,338
3111,32,498,199,717,477
3111,33,132,59,245,216
3111,30,77,163,251,369
3111,38,131,58,250,273
3112,33,132,59,245,217
3112,7,498,56,642,338
3112,32,499,199,718,477
3112,38,131,58,249,273
3112,30,78,163,252,368
3113,32,499,199,718,477
3113,7,499,56,642,338
3113,30,78,164,252,368
3113,38,131,59,250,274
3113,33,132,60,246,216
3114,32,499,199,718,477
3114,33,132,61,246,216
3114,7,499,56,642,338
3114,30,78,164,252,368
3114,38,131,60,250,276
3115,7,499,56,642,337
3115,32,499,199,718,477
3115,30,78,163,252,370
3115,38,131,60,252,265
3116,32,499,199,719,477
3116,7,499,56,642,337
3116,30,78,164,252,370
3116,38,131,61,253,264
3117,7,499,56,642,337
3117,32,499,199,719,477
3117,30,79,164,252,370
3117,38,131,60,252,256
3118,7,499,56,642,337
3118,32,499,199,719,477
3118,30,79,164,252,369
3118,38,131,60,253,253
3119,7,499,56,642,337
3119,32,499,199,719,477
3119,30,79,164,252,369
3119,33,132,62,247,216
3120,32,499,199,718,477
3120,7,499,56,642,336
3120,30,79,165,252,368
3120,33,132,61,245,215
3121,7,500,55,642,336
3121,32,498,200,719,476
3121,30,79,164,251,367
3121,33,131,63,246,214
3122,32,498,200,719,476
3122,7,500,55,642,336
3122,33,131,63,246,214
3122,30,79,164,251,368
3123,32,498,200,719,476
3123,7,500,55,642,336
3123,33,131,63,246,214
3123,30,79,164,251,369
3124,32,498,200,719,476
3124,7,500,55,642,336
3124,33,131,63,246,214
3124,30,79,164,251,369
3125,32,498,200,719,476
3125,7,500,55,642,336
3125,33,131,63,246,214
3125,30,79,164,251,369
3126,7,500,55,642,336
3126,32,498,200,718,476
3126,33,131,63,246,214
3126,30,79,165,251,368
3127,32,498,200,718,476
3127,7,500,55,642,336
3127,33,131,64,246,214
3127,30,79,165,252,366
3128,7,500,55,642,336
3128,32,498,200,718,476
3128,30,79,165,252,366
3128,33,132,64,246,214
3129,7,500,55,642,336
3129,32,498,200,718,476
3129,33,132,65,246,214
3129,30,79,165,252,368
3129,39,78,165,261,478
3130,32,498,200,718,476
3130,7,500,55,642,336
3130,33,132,66,246,214
3130,30,79,166,251,369
3131,32,498,200,718,476
3131,7,500,56,641,336
3131,33,132,66,246,214
3131,30,79,166,252,369
3132,32,498,200,718,476
3132,7,500,56,641,336
3132,33,132,66,246,214
3132,30,79,166,252,368
3133,33,132,66,246,214
3133,32,498,200,718,477
3133,7,500,56,641,336
3133,30,79,166,252,368
3134,32,498,200,718,477
3134,7,500,56,642,336
3134,30,79,166,252,368
3134,33,132,66,246,215
3135,7,500,56,641,335
3135,33,133,66,246,215
3135,32,498,200,718,477
3135,30,79,167,252,367
3136,30,79,167,252,367
3136,33,133,66,246,214
3136,7,500,56,641,335
3136,32,498,200,717,477
3137,33,133,66,246,214
3137,32,498,200,717,477
3137,7,500,56,641,335
3137,30,79,167,252,367
3138,33,133,66,246,214
3138,32,498,200,717,477
3138,7,500,56,641,335
3138,30,79,167,252,368
3139,32,498,200,717,477
3139,30,79,167,252,368
3139,33,133,66,246,214
3139,7,500,57,641,334
3140,7,500,57,641,334
3140,32,498,200,716,477
3140,33,133,66,246,214
3140,30,79,167,251,367
3141,32,498,200,716,477
3141,7,500,57,641,334
3141,33,133,66,246,214
3141,30,79,167,251,366
3142,7,500,57,641,334
3142,32,498,200,716,477
3142,30,79,167,251,364
3142,33,133,66,246,213
3143,32,498,200,716,477
3143,7,500,57,641,335
3143,30,80,167,252,364
3143,33,133,66,246,214
3144,32,498,200,716,477
3144,30,80,167,252,364
3144,33,133,66,246,213
3144,7,498,57,641,332
3145,32,498,200,716,477
3145,33,133,66,246,213
3145,30,79,167,252,366
3145,7,500,57,641,335
3146,32,498,200,716,477
3146,7,500,57,641,335
3146,33,133,66,246,213
3146,30,79,167,252,367
3147,32,498,200,716,477
3147,33,133,66,247,213
3147,30,79,168,253,368
3147,7,499,57,641,333
3147,40,78,167,261,475
3148,7,499,57,641,333
3148,32,498,200,716,477
3148,33,133,66,247,213
3148,30,79,167,252,366
3149,32,498,199,716,477
3149,7,498,57,641,333
3149,33,133,66,247,213
3149,30,80,167,253,365
3150,32,498,200,716,477
3150,33,134,65,247,213
3150,30,80,168,253,365
3150,7,500,57,641,335
3151,32,498,200,716,477
3151,7,500,57,641,335
3151,33,134,65,247,214
3151,30,80,169,253,366
3152,7,500,57,641,335
3152,32,498,200,716,477
3152,33,134,65,247,214
3152,30,80,169,253,368
3153,32,498,199,716,477
3153,33,134,65,247,214
3153,30,80,169,253,369
3153,7,498,57,641,333
3154,32,498,199,716,477
3154,7,498,57,641,333
3154,30,80,169,254,369
3154,33,134,65,248,214
3155,32,498,199,716,477
3155,30,80,169,254,369
3155,7,498,57,641,333
3155,33,134,65,248,214
3156,7,498,57,641,333
3156,32,499,199,716,477
3156,33,134,65,248,213
3156,30,80,169,253,367
3157,32,499,199,716,477
3157,7,499,57,641,333
3157,33,134,65,248,213
3157,30,80,169,253,367
3158,32,499,200,716,477
3158,7,499,57,641,332
3158,33,134,66,248,213
3158,30,80,170,253,367
3159,7,499,57,641,333
3159,32,499,200,716,477
3159,33,134,66,248,213
3159,30,80,170,253,368
3160,32,499,200,716,477
3160,33,134,66,248,213
3160,30,80,170,253,368
3160,7,499,57,641,332
3161,32,499,200,716,477
3161,7,499,57,641,332
3161,33,135,66,248,213
3161,30,80,170,254,369
3162,32,499,200,715,477
3162,7,499,57,641,332
3162,30,80,170,254,369
3162,33,135,66,248,213
3163,33,135,66,248,213
3163,32,499,200,715,477
3163,7,499,57,641,332
3163,30,80,171,254,367
3164,33,135,66,248,214
3164,32,499,199,715,477
3164,7,499,58,641,332
3164,30,80,171,254,366
3165,33,135,66,248,214
3165,32,499,199,715,477
3165,7,499,58,641,331
3165,30,81,171,254,365
3166,32,499,199,715,477
3166,33,135,66,248,213
3166,7,499,57,641,331
3166,30,81,171,253,363
3167,7,499,57,641,331
3167,33,135,66,248,213
3167,30,81,171,253,364
3167,32,498,199,715,477
3168,32,498,200,715,477
3168,33,135,66,248,214
3168,7,499,57,641,330
3168,30,80,171,254,365
3169,7,499,57,641,330
3169,33,134,66,248,214
3169,32,498,200,715,477
3169,30,79,171,254,369
3170,32,498,200,714,477
3170,7,499,57,641,331
3170,33,134,66,248,214
3170,30,79,171,253,370
3171,30,79,171,253,370
3171,32,498,200,714,477
3171,33,134,66,248,214
3171,7,499,57,640,334
3172,32,498,200,714,477
3172,7,499,57,640,333
3172,33,134,66,247,214
3172,30,79,171,253,369
3173,7,499,57,640,333
3173,33,133,66,247,214
3173,32,497,200,714,478
3173,30,79,171,252,367
3174,32,497,200,714,478
3174,30,79,171,252,367
3174,33,133,66,247,214
3174,7,499,57,640,334
3175,32,498,200,714,478
3175,30,79,171,252,366
3175,7,499,58,640,335
3175,33,133,66,246,214
3176,32,497,200,714,478
3176,7,499,57,640,335
3176,30,79,171,252,367
3176,33,133,66,247,214
3177,7,499,57,640,335
3177,32,497,200,714,478
3177,30,79,171,252,366
3177,33,132,66,247,214
3178,32,497,200,714,478
3178,7,499,57,639,335
3178,33,132,66,246,214
3178,30,78,171,252,370
3179,7,499,57,639,335
3179,32,497,200,714,478
3179,33,132,66,246,214
3179,30,78,171,252,371
3180,7,499,57,639,335
3180,32,497,200,713,478
3180,30,78,171,252,371
3180,33,133,67,247,214
3181,32,497,200,713,478
3181,30,78,171,252,370
3181,7,499,57,639,335
3181,33,132,66,247,214
3182,7,499,57,639,335
3182,32,497,200,713,478
3182,30,78,171,252,370
3182,33,132,67,247,214
3183,32,497,200,713,478
3183,7,499,57,639,334
3183,30,78,171,252,368
3183,33,132,66,246,214
3184,7,499,57,639,334
3184,33,132,66,246,214
3184,32,496,200,714,479
3184,30,79,171,251,366
3185,7,499,57,639,334
3185,32,496,200,714,479
3185,30,78,171,251,367
3185,33,131,66,246,213
3186,7,499,57,639,334
3186,32,496,200,714,479
3186,33,131,66,246,213
3186,30,77,172,252,370
3187,32,496,200,714,479
3187,7,499,57,640,335
3187,33,131,66,246,214
3187,30,77,172,250,369
3188,30,77,172,250,369
3188,32,496,200,714,479
3188,7,499,57,640,335
3188,33,132,66,247,214
3189,32,497,200,714,479
3189,33,132,66,247,214
3189,7,499,57,640,334
3189,30,78,171,251,369
3190,7,499,57,640,334
3190,32,497,200,714,478
3190,33,132,66,247,214
3190,30,78,171,251,368
3191,7,499,57,640,334
3191,32,497,200,714,478
3191,33,132,66,247,213
3191,30,79,171,251,367
3192,32,497,199,715,478
3192,30,79,171,251,367
3192,7,499,57,640,333
3192,33,132,66,247,213
3193,32,497,199,715,478
3193,30,79,171,251,367
3193,7,499,57,640,333
3193,33,133,66,247,213
3194,32,497,199,715,478
3194,7,500,56,641,333
3194,33,133,65,247,213
3194,30,78,171,253,368
3195,32,498,199,715,478
3195,7,499,56,641,333
3195,33,133,66,247,214
3195,30,79,171,252,370
3196,32,498,199,715,478
3196,7,500,56,641,333
3196,33,133,66,248,214
3196,30,79,170,252,371
3197,32,498,199,715,478
3197,7,500,56,641,333
3197,33,133,66,248,214
3197,30,79,171,253,370
3198,32,498,199,715,478
3198,33,133,66,248,214
3198,7,500,56,641,332
3198,30,79,171,253,369
3199,32,498,199,715,478
3199,7,500,56,641,332
3199,33,134,66,248,214
3199,30,79,171,254,368
3200,33,134,66,249,214
3200,32,498,198,715,478
3200,7,500,56,641,332
3200,30,79,171,254,368
3201,7,500,56,641,332
3201,32,498,198,715,478
3201,33,134,66,249,214
3201,30,79,171,254,368
3202,32,498,198,715,478
3202,33,134,65,249,214
3202,7,499,56,641,329
3202,30,79,170,253,370
3203,32,498,198,716,478
3203,33,134,65,249,214
3203,7,499,56,641,329
3203,30,78,171,254,371
3204,32,498,198,716,478
3204,7,499,56,641,328
3204,33,134,65,249,214
3204,30,79,171,253,369
3205,32,498,198,716,478
3205,33,134,66,249,214
3205,30,79,171,252,369
3205,7,500,56,641,331
3206,33,134,66,249,214
3206,32,498,198,716,478
3206,7,500,56,641,331
3206,30,79,171,252,368
3207,32,498,198,716,478
3207,7,500,56,641,332
3207,33,134,66,249,214
3207,30,79,171,252,368
3208,7,500,56,641,332
3208,30,79,171,252,367
3208,32,498,197,715,478
3208,33,134,65,249,215
3209,7,500,56,641,333
3209,33,134,65,249,215
3209,32,499,197,715,479
3209,30,79,171,253,370
3210,33,134,65,249,215
3210,30,78,171,253,371
3210,32,498,197,715,478
3210,7,499,56,641,330
3211,33,134,65,249,215
3211,7,499,56,641,330
3211,32,498,197,715,477
3211,30,79,171,252,370
3212,33,134,65,249,215
3212,32,498,196,715,477
3212,7,499,56,641,329
3212,30,79,171,252,369
3213,7,499,56,641,329
3213,33,134,65,249,215
3213,32,498,195,715,477
3213,30,79,171,252,367
3214,30,79,171,252,367
3214,33,134,65,249,215
3214,7,499,56,641,329
3214,32,498,194,715,477
3215,33,134,65,249,215
3215,7,499,56,641,329
3215,32,498,193,715,477
3215,30,79,171,251,368
3216,7,500,56,641,329
3216,33,134,65,249,215
3216,32,498,192,715,477
3216,30,79,171,252,370
3217,33,134,65,249,215
3217,32,498,190,715,477
3217,7,499,56,641,330
3217,30,78,170,252,372
3218,33,133,65,249,216
3218,32,498,190,715,477
3218,7,499,56,641,330
3218,30,78,170,252,371
3219,7,499,56,641,330
3219,32,498,189,715,477
3219,30,78,170,252,370
3219,33,133,65,249,215
3220,33,133,65,249,216
3220,32,498,188,715,478
3220,30,79,170,252,370
3220,7,499,56,641,332
3221,32,498,188,715,478
3221,30,79,170,252,369
3221,7,499,56,641,331
3221,33,133,65,248,215
3222,7,499,56,641,331
3222,33,133,65,249,215
3222,32,498,187,715,478
3222,30,79,170,252,371
3223,7,499,56,641,331
3223,32,498,187,715,478
3223,33,134,65,249,214
3223,30,79,170,252,372
3224,32,498,187,715,478
3224,30,79,169,253,371
3224,7,499,56,641,332
3224,33,134,65,249,215
3225,7,499,55,642,331
3225,33,134,65,249,215
3225,32,499,186,715,479
3225,30,79,171,254,370
3226,7,499,55,642,331
3226,33,134,65,250,215
3226,32,499,186,715,478
3226,30,80,170,253,368
3227,7,499,55,642,332
3227,32,499,186,715,478
3227,30,80,170,253,368
3227,33,134,65,250,215
3228,32,499,185,716,478
3228,33,134,65,250,215
3228,7,499,55,642,332
3228,30,80,171,255,370
3229,33,134,65,250,215
3229,7,499,55,642,332
3229,32,501,186,716,478
3229,30,80,170,254,371
3230,33,134,65,250,215
3230,7,499,55,642,331
3230,32,500,186,717,478
3230,30,79,171,255,372
3231,7,500,55,642,331
3231,33,134,65,250,215
3231,32,499,186,717,478
3231,30,80,171,255,371
3232,7,500,55,642,330
3232,33,134,65,250,214
3232,32,500,186,716,477
3232,30,80,171,254,369
3233,33,135,65,250,214
3233,7,500,55,642,329
3233,30,80,171,254,368
3233,32,501,186,717,477
3234,33,135,65,250,214
3234,30,81,171,254,368
3234,7,501,55,642,330
3234,32,501,186,717,478
3235,33,135,65,250,214
3235,7,500,55,642,331
3235,32,500,187,717,478
3235,30,80,171,254,370
3236,7,500,55,642,331
3236,33,134,65,250,214
3236,32,500,188,717,478
3236,30,80,171,254,372
3237,33,134,65,249,214
3237,32,500,188,717,478
3237,30,80,171,254,371
3237,7,501,55,642,334
3238,33,134,65,249,214
3238,7,501,55,642,334
3238,32,500,190,717,478
3238,30,80,171,253,370
3239,7,501,55,642,334
3239,33,134,65,249,215
3239,30,80,171,254,368
3239,32,500,191,718,477
3240,7,501,55,642,334
3240,32,500,191,718,477
3240,33,134,65,249,215
3240,30,79,171,255,366
3241,32,499,191,718,477
3241,7,500,56,642,333
3241,30,81,171,254,361
3241,33,134,64,248,212
3242,7,500,56,642,334
3242,33,133,64,248,212
3242,32,501,192,718,476
3242,30,82,172,254,364
3243,33,133,64,248,212
3243,7,499,56,642,334
3243,32,500,192,718,477
3243,30,83,172,254,365
3244,32,500,193,718,477
3244,7,499,56,642,335
3244,33,133,64,247,212
3244,30,84,172,254,367
3245,7,499,56,641,335
3245,32,499,193,718,477
3245,33,133,64,247,213
3245,30,85,172,253,368
3246,32,500,193,718,477
3246,33,132,64,247,212
3246,30,85,172,253,367
3246,7,500,56,641,336
3247,7,500,56,641,336
3247,32,499,194,717,477
3247,33,132,64,247,212
3247,30,85,171,253,368
3248,7,500,56,641,336
3248,32,499,194,717,477
3248,33,132,64,247,212
3248,30,85,171,253,369
3249,7,500,56,641,336
3249,32,499,194,717,477
3249,33,132,64,247,212
3249,30,84,170,252,367
3250,7,500,56,641,336
3250,33,132,64,247,212
3250,32,499,195,717,477
3250,30,83,170,252,366
3251,33,132,64,247,212
3251,7,500,55,641,336
3251,32,498,196,717,477
3251,30,82,170,252,366
3252,33,132,64,247,212
3252,7,500,55,641,336
3252,32,498,197,717,477
3252,30,80,170,252,366
3253,7,500,55,641,336
3253,33,132,64,247,212
3253,32,498,197,717,477
3253,30,79,170,252,366
3254,7,500,55,642,336
3254,33,132,64,247,212
3254,32,499,198,717,477
3254,30,78,170,252,366
3255,33,132,64,247,212
3255,32,499,198,717,477
3255,7,500,55,642,337
3255,30,77,170,252,366
3256,32,499,198,718,477
3256,7,500,55,642,337
3256,33,132,64,247,212
3256,30,76,170,253,363
3257,7,500,55,642,337
3257,32,499,198,718,477
3257,33,133,64,247,212
3257,30,76,170,253,360
3258,32,499,198,718,477
3258,7,500,55,642,336
3258,33,133,64,247,212
3258,30,76,169,252,362
3259,32,499,198,718,477
3259,7,500,55,642,337
3259,33,133,64,248,213
3259,30,76,169,252,368
3260,7,500,55,642,337
3260,32,499,198,718,477
3260,33,133,64,247,212
3260,30,77,170,252,375
3261,7,500,55,642,337
3261,32,499,198,718,477
3261,33,133,64,247,212
3261,30,77,170,252,386
3262,32,499,198,718,477
3262,7,500,55,642,337
3262,33,133,64,247,212
3262,30,78,170,252,387
3263,32,499,198,718,477
3263,33,133,64,247,213
3263,7,500,55,642,338
3263,30,79,170,252,387
3264,7,500,55,642,337
3264,32,499,198,718,477
3264,33,133,64,247,212
3264,30,79,170,252,386
3265,7,500,55,642,337
3265,33,133,64,247,212
3265,32,498,198,718,478
3265,30,80,170,252,379
3266,7,500,55,642,337
3266,32,498,198,718,478
3266,33,132,64,247,212
3266,30,80,170,252,376
3267,32,498,198,718,478
3267,33,132,64,247,212
3267,7,500,55,642,337
3267,30,80,170,252,382
3268,7,500,55,642,337
3268,32,498,198,718,478
3268,33,132,64,247,213
3268,30,80,170,252,380
3269,7,500,55,642,337
3269,32,498,198,718,478
3269,33,132,64,247,213
3269,30,80,170,252,375
3270,7,500,55,642,337
3270,33,132,64,247,213
3270,32,498,198,718,478
3270,30,80,170,252,372
3271,32,498,198,718,478
3271,33,132,64,247,213
3271,7,500,55,642,337
3271,30,80,170,252,369
3272,32,498,198,718,478
3272,7,500,55,642,337
3272,30,80,170,252,368
3272,33,132,64,247,213
3273,7,500,55,642,337
3273,32,498,198,718,478
3273,33,133,64,247,213
3273,30,80,170,252,367
3274,7,500,55,642,337
3274,32,498,198,718,478
3274,33,133,64,247,213
3274,30,80,170,252,366
3275,32,498,198,718,478
3275,30,80,170,252,366
3275,33,133,64,247,212
3275,7,500,55,642,336
3276,7,500,55,642,336
3276,30,80,170,252,366
3276,33,133,64,247,212
3276,32,498,198,718,478
3277,7,500,55,642,336
3277,30,80,170,252,366
3277,32,498,197,718,478
3277,33,133,64,247,212
3278,33,133,64,247,212
3278,30,80,170,252,366
3278,32,499,197,718,478
3278,7,499,54,642,335
3279,30,80,170,252,367
3279,33,133,64,248,212
3279,7,499,54,642,335
3279,32,499,196,719,478
3280,33,133,64,248,212
3280,7,499,54,642,336
3280,30,80,170,252,367
3280,32,499,195,719,478
3281,7,499,54,642,336
3281,30,80,170,252,367
3281,33,133,64,248,212
3281,32,500,196,719,477
3282,33,133,64,248,212
3282,7,499,54,642,336
3282,30,80,170,252,367
3282,32,500,194,719,477
3283,7,499,54,642,336
3283,33,133,64,248,213
3283,30,80,170,252,368
3283,32,500,193,719,477
3284,33,133,64,248,213
3284,7,499,54,642,336
3284,30,80,170,252,368
3284,32,501,191,719,477
3285,33,133,64,248,213
3285,30,80,170,253,368
3285,7,499,54,642,337
3285,32,500,189,719,477
3286,33,133,64,248,213
3286,7,499,54,642,337
3286,30,80,170,253,368
3286,32,500,188,719,477
3287,33,133,64,248,213
3287,7,499,54,643,337
3287,30,80,170,253,367
3287,32,500,186,719,477
3288,33,133,64,248,213
3288,7,499,54,642,337
3288,30,80,170,252,367
3288,32,500,184,719,477
3289,7,499,54,642,337
3289,33,133,64,248,213
3289,32,500,183,719,477
3289,30,80,170,253,364
3290,33,133,64,248,213
3290,7,499,55,642,337
3290,32,500,181,719,477
3290,30,80,170,253,361
3291,7,499,54,642,337
3291,33,133,64,248,213
3291,32,500,180,719,477
3291,30,80,171,253,360
3292,33,133,64,248,212
3292,7,500,54,642,337
3292,32,500,178,719,477
3292,30,80,170,252,355
3293,33,133,64,248,212
3293,7,500,54,642,336
3293,32,500,176,719,477
3293,30,79,171,253,352
3294,7,500,54,642,336
3294,33,133,64,248,212
3294,32,500,173,719,477
3294,30,79,171,254,350
3295,7,500,54,642,336
3295,33,133,64,248,212
3295,30,78,170,254,349
3295,32,500,170,718,478
3296,33,133,64,247,212
3296,7,500,53,642,336
3296,32,500,168,718,478
3296,30,77,170,254,348
3297,7,500,53,642,336
3297,32,500,167,718,478
3297,33,133,64,247,211
3297,30,76,170,254,349
3298,7,500,53,642,336
3298,32,500,166,718,478
3298,33,132,64,247,211
3298,30,75,170,253,348
3299,7,500,53,641,335
3299,32,500,164,718,478
3299,33,130,64,248,212
3299,30,73,172,253,345
3300,7,500,53,642,335
3300,32,500,162,718,478
3300,33,131,64,248,212
3300,30,71,173,253,346
3301,33,131,64,248,212
3301,7,500,53,643,336
3301,32,499,160,719,478
3301,30,71,172,249,346
3302,33,132,64,248,212
3302,7,499,53,642,335
3302,32,499,159,719,478
3302,30,69,174,249,346
3303,7,499,53,642,335
3303,32,498,157,719,478
3303,30,68,175,249,346
3303,33,132,64,248,213
3304,32,498,157,719,477
3304,7,500,53,642,334
3304,30,68,175,249,347
3304,33,130,64,248,214
3305,7,499,53,641,334
3305,32,497,156,720,477
3305,30,68,175,251,346
3305,33,131,64,249,272
3306,7,499,53,641,334
3306,32,497,155,720,477
3306,30,69,175,251,346
3306,33,131,64,249,244
3307,7,499,53,641,334
3307,32,496,155,720,477
3307,33,130,64,250,249
3307,30,70,175,229,346
3308,7,499,53,640,334
3308,32,496,154,721,477
3308,30,71,174,245,346
3308,33,132,64,248,212
3309,32,496,153,722,477
3309,33,132,63,248,211
3309,7,500,53,640,331
3309,30,71,174,250,348
3310,7,499,52,640,332
3310,32,495,153,722,477
3310,33,132,64,247,212
3310,30,71,173,247,348
3311,7,499,52,640,331
3311,33,132,63,247,212
3311,32,495,151,723,477
3311,30,72,173,246,348
3312,7,499,52,640,332
3312,32,496,150,723,476
3312,33,132,64,248,214
3312,30,74,171,245,348
3313,32,496,149,724,476
3313,7,500,52,640,330
3313,33,131,64,247,213
3313,30,76,170,247,348
3314,7,500,52,639,329
3314,32,496,147,725,476
3314,30,76,169,249,348
3314,33,131,64,246,197
3315,7,499,51,639,329
3315,32,496,146,726,476
3315,30,77,168,252,348
3315,33,131,63,246,194
3316,32,497,146,727,476
3316,33,132,63,246,193
3316,7,499,51,638,328
3316,30,78,167,255,348
3317,7,499,51,638,327
3317,32,497,146,727,477
3317,33,132,64,246,193
3317,30,79,167,261,349
3318,7,499,51,636,327
3318,33,131,64,246,192
3318,32,498,144,728,477
3318,30,80,165,264,349
3319,32,498,143,729,478
3319,7,499,51,635,327
3319,33,133,64,245,196
3319,30,83,161,270,348
3320,7,499,50,634,327
3320,32,499,140,729,478
3320,33,131,64,246,189
3320,30,85,159,278,353
3321,7,499,50,634,327
3321,33,130,64,246,190
3321,32,499,138,729,478
3321,30,88,159,288,417
3322,7,499,50,633,326
3322,32,500,136,729,477
3322,33,131,64,246,186
3322,30,90,157,302,410
3323,32,502,136,728,477
3323,33,131,64,246,186
3323,7,499,49,633,330
3323,30,91,157,299,415
3324,33,132,64,246,185
3324,32,504,135,728,477
3324,7,499,49,634,328
3324,30,95,156,302,463
3325,7,499,48,634,328
3325,32,505,133,728,477
3325,33,134,65,247,185
3325,30,97,153,303,464
3326,7,499,48,635,328
3326,30,98,153,303,462
3326,32,506,131,727,478
3326,33,134,64,247,187
3327,7,499,48,635,330
3327,32,507,130,726,478
3327,30,98,152,304,457
3327,33,134,65,246,188
3328,7,499,48,635,331
3328,32,508,130,725,478
3328,33,134,65,246,190
3328,30,94,152,306,451
3329,7,499,47,636,330
3329,32,510,130,723,478
3329,33,134,65,246,191
3329,30,101,150,308,448
3330,7,498,47,635,330
3330,33,134,65,246,192
3330,32,511,129,723,478
3330,30,99,151,312,440
3331,32,511,129,723,478
3331,7,498,47,636,331
3331,33,134,65,247,194
3331,30,94,150,315,436
3332,32,512,129,723,478
3332,7,498,47,636,331
3332,33,134,65,246,195
3332,30,81,149,318,433
3333,32,512,129,723,478
3333,7,498,47,636,331
3333,30,84,149,322,430
3333,33,134,64,248,192
3333,41,135,64,247,245
3334,32,513,129,723,478
3334,7,498,47,636,332
3334,30,81,149,325,427
3334,33,134,64,248,198
3334,41,135,68,248,249
3335,7,497,47,635,331
3335,32,514,130,723,478
3335,33,134,63,246,196
3335,30,91,148,326,420
3336,32,514,131,723,478
3336,7,498,47,635,332
3336,30,91,147,327,416
3336,41,134,64,247,229
3337,32,515,133,723,477
3337,7,498,47,636,336
3337,41,134,64,247,227
3337,30,86,148,329,412
3338,32,515,134,724,478
3338,7,498,47,636,334
3338,30,92,148,329,412
3338,41,134,64,247,232
3339,32,516,135,724,478
3339,30,94,147,327,411
3339,7,498,47,634,333
3339,41,134,63,246,245
3339,33,133,63,246,186
3340,41,134,63,246,245
3340,32,517,135,724,478
3340,33,133,63,246,184
3340,7,499,47,633,333
3340,30,94,146,324,410
3341,32,518,136,724,478
3341,33,133,63,246,185
3341,7,498,47,634,334
3341,30,86,143,321,406
3342,32,518,137,723,478
3342,7,498,47,635,334
3342,33,133,64,246,186
3342,30,84,144,318,402
3343,32,518,138,723,478
3343,7,499,47,635,332
3343,33,133,63,246,186
3343,30,85,144,315,401
3344,33,134,63,246,186
3344,32,518,138,722,478
3344,7,499,47,634,332
3344,30,87,144,314,401
3345,32,517,138,722,478
3345,7,499,47,633,332
3345,33,134,63,246,187
3345,30,86,145,317,403
3346,32,517,138,721,478
3346,33,134,63,246,187
3346,7,499,47,633,331
3346,30,86,144,319,404
3347,30,86,144,319,404
3347,32,516,138,721,478
3347,7,499,47,632,330
3347,33,134,62,246,188
3348,33,134,62,246,188
3348,32,515,139,720,478
3348,30,86,145,320,405
3348,7,499,47,630,329
3349,30,86,145,320,405
3349,7,499,47,629,328
3349,32,514,138,719,478
3349,33,134,60,246,188
3350,33,134,60,246,188
3350,30,86,146,320,406
3350,32,513,136,719,478
3350,7,499,48,626,329
3351,30,86,146,319,405
3351,32,513,135,718,478
3351,33,133,59,246,187
3351,7,499,48,625,330
3352,30,86,147,319,406
3352,32,512,133,717,478
3352,7,499,48,623,329
3352,33,133,58,246,189
3353,30,86,146,318,406
3353,32,512,131,717,478
3353,33,134,57,246,189
3353,7,499,48,621,329
3354,33,134,57,246,189
3354,32,511,130,716,478
3354,7,499,48,620,329
3354,30,86,145,319,408
3355,32,511,130,715,478
3355,30,87,145,319,410
3355,33,134,56,246,190
3355,7,499,48,619,329
3356,7,499,48,617,329
3356,32,511,129,714,478
3356,30,89,144,320,411
3356,33,135,54,248,189
3357,7,499,49,616,330
3357,33,135,54,247,189
3357,32,511,127,712,478
3357,30,90,144,321,410
3358,7,499,49,616,330
3358,32,511,126,711,478
3358,30,93,144,321,410
3358,33,135,53,247,191
3359,30,94,144,322,410
3359,7,499,49,616,331
3359,32,511,126,709,478
3359,33,135,53,247,186
3360,32,511,126,708,478
3360,30,95,144,322,412
3360,7,498,49,615,332
3360,33,135,53,247,183
3360,42,134,53,250,244
3361,7,499,50,615,332
3361,32,510,125,706,478
3361,30,96,141,321,412
3361,33,134,51,246,183
3362,7,499,50,614,330
3362,32,510,125,704,478
3362,30,100,142,321,412
3362,33,133,51,246,184
3363,7,499,50,614,330
3363,33,133,51,247,184
3363,32,510,124,703,478
3363,30,102,143,321,411
3364,33,133,51,247,184
3364,7,499,50,615,331
3364,32,509,124,702,478
3364,30,102,141,321,411
3365,32,509,123,701,478
3365,7,499,50,615,332
3365,30,104,142,320,411
3365,33,134,52,247,185
3366,30,104,141,320,411
3366,7,499,50,615,332
3366,32,509,123,702,478
3366,33,134,52,247,184
3367,7,499,50,615,332
3367,30,104,142,320,411
3367,32,509,123,703,478
3367,33,135,51,247,184
3368,7,499,50,615,332
3368,32,509,123,705,478
3368,33,135,52,247,184
3368,30,104,139,319,410
3369,7,499,50,615,332
3369,33,135,52,248,184
3369,30,104,140,319,410
3369,32,509,123,706,478
3370,30,104,139,318,410
3370,7,500,50,615,332
3370,32,510,123,707,478
3370,33,135,52,248,183
3371,7,500,50,615,331
3371,33,135,52,248,183
3371,30,104,140,318,409
3371,32,510,123,708,478
3372,7,500,51,615,331
3372,33,135,53,248,183
3372,30,105,140,317,408
3372,32,511,122,709,478
3373,7,500,51,615,331
3373,33,134,52,248,183
3373,32,512,122,709,478
3373,30,105,140,317,407
3374,30,105,140,317,407
3374,7,500,51,615,330
3374,32,512,121,710,478
3374,33,134,54,248,183
3375,30,105,139,317,407
3375,32,513,121,711,478
3375,7,500,51,615,328
3375,33,134,55,248,183
3376,7,500,51,615,327
3376,32,513,121,711,478
3376,30,105,139,317,408
3376,33,134,56,248,183
3377,30,105,139,317,408
3377,33,134,56,248,183
3377,7,500,51,615,328
3377,32,514,121,711,479
3378,7,500,51,615,328
3378,32,514,121,711,479
3378,30,105,138,318,408
3378,33,133,56,248,183
3379,30,105,138,318,408
3379,32,514,121,711,479
3379,7,500,51,615,328
3379,33,133,56,248,183
3380,32,514,121,711,479
3380,7,500,51,615,328
3380,30,105,138,318,408
3380,33,133,56,248,183
3381,32,515,120,711,479
3381,7,500,51,615,327
3381,30,105,138,318,408
3381,33,133,57,247,183
3382,32,514,120,711,479
3382,30,105,138,318,408
3382,7,500,51,615,327
3382,33,133,57,247,183
3383,32,515,120,712,479
3383,30,105,138,319,408
3383,7,500,51,615,328
3383,33,133,58,247,183
3384,7,500,51,615,328
3384,30,105,138,319,408
3384,32,514,120,712,479
3384,33,133,58,247,183
3385,30,105,138,319,408
3385,32,514,120,712,479
3385,7,500,51,615,328
3385,33,133,59,248,183
3386,33,133,59,247,183
3386,30,105,138,319,408
3386,32,513,120,712,479
3386,7,500,51,615,328
3387,30,105,139,319,408
3387,33,133,59,247,183
3387,7,500,51,615,327
3387,32,513,120,712,479
3388,30,105,139,319,408
3388,32,513,120,712,479
3388,7,500,51,615,328
3388,33,133,59,247,183
3389,32,513,120,712,479
3389,30,105,139,319,408
3389,7,500,51,615,328
3389,33,133,59,247,183
3390,7,500,51,615,328
3390,30,105,139,319,408
3390,32,513,120,712,479
3390,33,133,59,247,183
3391,30,105,139,319,408
3391,32,513,120,712,479
3391,33,133,59,247,183
3391,7,500,51,615,328
3392,30,105,139,319,408
3392,32,513,120,712,479
3392,33,133,59,248,183
3392,7,500,51,615,327
3393,32,513,120,712,479
3393,30,105,139,319,408
3393,7,500,51,615,327
3393,33,134,60,248,183
3394,32,513,120,712,479
3394,30,105,139,319,408
3394,7,500,51,615,327
3394,33,134,60,248,184
3395,30,105,139,318,408
3395,32,513,120,711,479
3395,7,500,51,615,328
3395,33,134,60,248,184
3396,30,105,139,318,408
3396,7,500,51,615,328
3396,33,134,60,248,184
3396,32,513,120,711,479
3397,33,134,60,248,184
3397,30,105,139,318,408
3397,7,500,51,615,328
3397,32,513,120,710,479
3398,32,513,120,710,479
3398,33,134,60,248,184
3398,7,500,51,615,327
3398,30,105,141,318,409
3399,33,134,60,248,184
3399,32,513,120,710,479
3399,30,105,141,318,409
3399,7,500,51,615,327
3400,30,105,141,318,409
3400,32,512,120,710,479
3400,7,500,51,615,327
3400,33,133,59,248,184
3401,33,133,59,248,184
3401,30,105,141,318,410
3401,32,513,120,709,479
3401,7,500,51,615,329
3402,33,133,60,248,184
3402,30,105,141,318,410
3402,32,513,120,709,479
3402,7,500,52,615,329
3403,32,512,120,709,479
3403,7,500,52,615,329
3403,33,133,60,248,184
3403,30,105,142,318,410
3404,33,133,60,248,184
3404,7,500,52,615,329
3404,30,105,142,318,411
3404,32,512,120,708,479
3405,32,512,121,708,479
3405,30,105,142,318,411
3405,33,133,60,248,184
3405,7,500,52,615,330
3406,30,105,141,318,411
3406,32,512,121,708,479
3406,33,133,60,248,184
3406,7,500,52,615,330
3407,30,105,141,318,411
3407,32,512,121,707,479
3407,7,500,52,615,331
3407,33,133,60,248,184
3408,7,500,52,615,331
3408,30,105,141,318,411
3408,32,512,121,707,479
3408,33,133,60,248,183
3409,7,500,52,615,331
3409,30,105,142,318,411
3409,32,512,121,707,479
3409,33,134,61,248,183
3410,7,500,52,615,331
3410,32,512,122,707,479
3410,30,105,142,318,411
3410,33,133,60,248,183
3411,32,512,122,707,479
3411,30,104,142,318,411
3411,7,499,52,615,331
3411,33,133,61,248,183
3412,32,512,122,707,479
3412,30,104,142,318,411
3412,7,499,52,615,331
3412,33,133,61,248,183
3413,32,512,122,708,479
3413,30,104,142,318,411
3413,33,133,60,248,184
3413,7,500,52,615,328
3414,30,104,142,318,411
3414,32,512,122,707,479
3414,7,500,53,615,329
3414,33,133,60,248,184
3415,30,104,141,318,411
3415,32,512,122,707,479
3415,7,499,53,615,329
3415,33,133,60,248,184
3416,32,512,122,707,479
3416,30,104,142,318,411
3416,7,499,53,615,329
3416,33,133,60,247,184
3417,30,104,142,318,411
3417,32,512,122,707,479
3417,7,500,53,615,329
3417,33,133,61,247,184
3418,32,512,122,707,479
3418,33,133,61,247,184
3418,7,500,53,615,329
3418,30,104,142,318,412
3419,30,104,142,318,412
3419,33,133,61,247,184
3419,7,500,53,615,328
3419,32,512,121,707,479
3420,30,104,142,318,412
3420,7,500,53,615,328
3420,33,133,61,247,184
3420,32,512,121,707,479
3421,32,512,121,707,479
3421,30,104,142,318,412
3421,7,500,53,615,328
3421,33,133,61,247,184
3422,30,104,142,318,412
3422,33,133,61,247,184
3422,7,500,53,615,330
3422,32,512,121,707,478
3423,32,512,121,707,478
3423,30,103,142,318,412
3423,33,132,60,247,184
3423,7,500,53,616,330
3424,32,512,121,706,479
3424,30,104,142,318,412
3424,7,500,53,616,331
3424,33,132,61,247,184
3425,32,511,121,706,479
3425,7,500,53,615,331
3425,30,103,143,318,412
3425,33,132,61,247,185
3426,30,103,143,318,412
3426,33,132,61,247,185
3426,32,511,121,706,479
3426,7,499,53,615,331
3427,30,103,143,318,412
3427,33,132,61,247,184
3427,32,511,120,706,479
3427,7,499,53,615,330
3428,30,103,143,318,412
3428,33,132,61,247,185
3428,7,499,53,615,330
3428,32,511,121,706,479
3429,30,103,143,318,412
3429,33,132,61,246,184
3429,7,499,53,615,329
3429,32,511,120,705,479
3430,32,510,121,705,479
3430,33,131,61,247,185
3430,30,102,142,318,412
3430,7,499,53,614,330
3431,30,102,142,318,412
3431,32,510,120,705,479
3431,33,131,61,247,185
3431,7,499,53,614,330
3432,32,510,120,705,479
3432,30,102,142,318,412
3432,33,131,61,247,185
3432,7,499,53,614,330
3433,30,102,142,318,412
3433,33,131,61,246,184
3433,7,499,53,614,330
3433,32,510,120,705,479
3434,30,102,142,318,412
3434,7,499,53,614,329
3434,33,131,61,247,184
3434,32,510,121,705,479
3435,30,102,143,318,412
3435,32,511,121,705,479
3435,33,131,61,246,184
3435,7,499,53,614,330
3436,33,132,61,247,184
3436,30,102,142,318,412
3436,7,499,53,615,330
3436,32,511,120,705,479
3437,30,103,143,318,412
3437,33,132,62,246,184
3437,7,499,53,615,331
3437,32,510,120,704,478
3438,30,103,143,318,412
3438,32,511,120,704,479
3438,33,131,62,247,184
3438,7,499,53,615,330
3439,30,103,143,318,412
3439,32,511,120,704,479
3439,7,499,53,615,330
3439,33,131,62,247,185
3440,30,103,143,318,412
3440,32,511,120,704,479
3440,7,499,53,615,330
3440,33,131,61,247,185
3441,32,511,120,704,479
3441,30,103,143,318,413
3441,33,132,62,246,185
3441,7,499,53,615,330
3442,32,511,121,704,479
3442,30,103,143,318,413
3442,7,499,53,615,330
3442,33,132,62,246,185
3443,32,511,121,704,479
3443,33,131,62,246,185
3443,30,103,143,318,412
3443,7,499,53,615,332
3444,33,131,62,246,185
3444,32,511,121,704,479
3444,30,103,143,318,412
3444,7,499,53,615,334
3445,33,131,62,247,185
3445,7,499,53,615,334
3445,30,103,143,318,412
3445,32,511,120,704,479
3446,33,131,62,247,185
3446,30,103,143,318,412
3446,32,511,120,704,479
3446,7,499,53,615,334
3447,30,103,143,318,412
3447,32,511,120,704,479
3447,7,499,53,615,334
3447,33,131,62,247,185
3448,32,511,121,704,479
3448,33,131,62,247,185
3448,7,499,54,615,333
3448,30,103,143,318,412
3449,32,511,120,704,479
3449,30,103,143,318,412
3449,33,132,62,247,185
3449,7,500,54,615,331
3450,32,511,120,704,479
3450,7,500,54,616,331
3450,30,103,142,319,412
3450,33,132,62,247,184
3451,32,511,120,704,479
3451,7,500,53,616,331
3451,30,103,142,319,412
3451,33,132,61,247,185
3452,32,511,121,704,479
3452,33,132,61,247,185
3452,30,104,142,319,411
3452,7,500,53,616,332
3453,32,511,121,704,479
3453,7,500,53,616,332
3453,30,104,141,319,410
3453,33,132,61,248,185
3454,32,511,121,704,479
3454,7,500,53,616,333
3454,30,104,141,319,410
3454,33,133,61,248,184
3455,32,511,121,704,479
3455,7,500,53,616,332
3455,30,104,141,319,410
3455,33,133,61,248,185
3456,7,500,53,616,332
3456,32,511,121,704,479
3456,33,133,61,248,185
3456,30,105,142,319,409
3457,32,511,121,704,479
3457,7,500,53,616,332
3457,30,105,141,319,409
3457,33,134,62,248,184
3458,32,511,121,704,479
3458,7,500,54,616,332
3458,30,105,141,319,408
3458,33,134,61,248,184
3459,32,511,121,704,479
3459,30,105,141,319,408
3459,7,500,54,616,332
3459,33,134,61,248,184
3460,32,511,121,704,479
3460,7,500,54,616,332
3460,30,105,142,319,408
3460,33,135,61,248,184
3461,32,511,121,704,479
3461,30,106,141,319,409
3461,33,134,62,248,184
3461,7,500,54,616,331
3462,32,511,121,704,479
3462,30,106,141,319,409
3462,33,134,62,248,184
3462,7,500,54,616,331
3463,32,511,121,704,479
3463,30,106,141,319,409
3463,33,134,62,248,184
3463,7,501,54,616,330
3464,32,511,121,704,479
3464,30,106,141,319,409
3464,7,501,54,616,330
3464,33,134,62,248,184
3465,32,511,121,704,479
3465,30,106,141,319,409
3465,33,134,63,249,184
3465,7,501,54,616,329
3466,32,511,121,704,479
3466,30,106,141,319,409
3466,7,501,54,616,330
3466,33,134,63,249,184
3467,32,511,121,704,479
3467,30,106,141,319,409
3467,7,501,54,616,329
3467,33,134,62,248,184
3468,30,106,141,320,409
3468,32,511,121,704,479
3468,33,134,62,248,184
3468,7,501,54,616,328
3469,30,105,141,320,409
3469,32,511,121,704,478
3469,33,134,61,248,185
3469,7,501,54,616,327
3470,32,511,121,704,478
3470,7,501,54,616,326
3470,30,105,141,319,408
3470,33,133,62,248,184
3471,32,511,121,704,478
3471,33,133,62,248,184
3471,30,105,141,319,409
3471,7,501,54,616,329
3472,32,511,121,704,478
3472,33,133,62,248,184
3472,30,105,142,319,408
3472,7,501,54,616,328
3473,32,511,121,704,478
3473,30,105,141,319,408
3473,33,132,62,248,185
3473,7,501,54,616,330
3474,32,511,121,704,478
3474,33,132,62,248,185
3474,30,105,142,319,408
3474,7,500,54,615,330
3475,32,511,121,703,478
3475,30,105,142,319,409
3475,7,500,54,615,330
3475,33,132,62,248,185
3476,32,511,121,703,478
3476,7,500,54,615,331
3476,33,132,62,248,185
3476,30,105,142,319,409
3477,32,511,121,703,478
3477,30,105,142,319,409
3477,7,500,54,615,331
3477,33,132,62,248,184
3478,30,105,142,319,409
3478,32,511,121,703,478
3478,33,132,62,248,184
3478,7,500,54,615,330
3479,32,511,121,703,478
3479,7,500,54,615,330
3479,30,105,142,319,409
3479,33,132,62,248,184
3480,32,511,121,703,478
3480,30,105,142,319,409
3480,7,500,53,615,329
3480,33,132,63,248,184
3481,32,511,122,703,478
3481,30,105,142,318,411
3481,33,132,62,248,185
3481,7,500,54,617,331
3482,30,105,142,318,410
3482,33,132,62,248,184
3482,32,511,122,703,478
3482,7,500,53,617,330
3483,30,105,142,318,410
3483,33,132,62,248,184
3483,32,511,122,703,478
3483,7,500,53,617,330
3484,30,105,142,318,410
3484,32,512,122,703,478
3484,33,132,62,248,185
3484,7,500,53,617,330
3485,33,132,63,248,185
3485,30,105,142,319,410
3485,32,512,122,703,478
3485,7,500,53,618,331
3486,7,500,53,618,331
3486,33,132,63,248,185
3486,30,105,143,319,410
3486,32,513,122,703,478
3487,33,132,63,248,185
3487,30,105,143,319,410
3487,7,500,53,618,331
3487,32,514,122,703,478
3488,33,132,63,248,185
3488,30,105,143,319,410
3488,7,500,53,618,331
3488,32,514,123,703,478
3489,33,132,63,248,185
3489,30,105,143,319,410
3489,7,500,53,617,331
3489,32,514,123,702,478
3490,33,132,63,248,185
3490,30,105,143,319,410
3490,32,514,123,702,478
3490,7,501,53,617,331
3491,30,105,143,319,410
3491,32,514,123,702,478
3491,33,132,63,248,185
3491,7,500,53,617,332
3492,30,106,143,319,409
3492,32,514,123,702,478
3492,33,132,63,248,185
3492,7,500,53,618,332
3493,30,105,143,319,409
3493,33,132,63,248,185
3493,7,500,53,618,332
3493,32,514,123,701,478
3494,30,105,143,319,410
3494,33,132,63,248,185
3494,32,514,123,701,478
3494,7,500,53,618,332
3495,30,106,143,319,410
3495,7,500,53,618,332
3495,33,132,63,248,185
3495,32,514,123,700,478
3496,30,106,143,319,410
3496,32,513,123,700,478
3496,33,132,62,248,185
3496,7,500,53,618,332
3497,33,132,63,248,185
3497,7,500,53,618,332
3497,30,106,143,319,410
3497,32,513,124,700,478
3498,33,132,63,248,185
3498,30,106,143,319,410
3498,32,513,124,700,478
3498,7,500,53,619,332
3499,30,106,143,319,410
3499,7,500,53,619,332
3499,32,513,124,700,478
3499,33,132,63,248,185
3500,30,106,143,319,410
3500,32,513,124,700,478
3500,33,132,63,248,185
3500,7,500,53,619,332
3501,30,106,143,319,410
3501,7,500,53,619,332
3501,32,512,124,700,478
3501,33,133,64,249,186
3502,30,106,143,319,410
3502,33,133,64,249,186
3502,7,500,53,619,332
3502,32,512,124,700,478
3503,7,500,53,619,332
3503,30,106,143,319,409
3503,32,512,124,699,477
3503,33,133,64,249,186
3504,33,133,64,248,186
3504,32,512,124,699,477
3504,7,500,53,619,333
3504,30,106,142,319,409
3505,30,106,142,319,409
3505,7,500,53,619,333
3505,32,512,125,699,477
3505,33,133,64,249,186
3506,30,106,142,319,409
3506,7,500,53,619,333
3506,32,512,125,700,477
3506,33,133,64,249,186
3507,32,512,125,700,477
3507,30,106,142,319,409
3507,7,500,53,619,332
3507,33,133,64,249,186
3508,32,512,125,700,477
3508,30,106,141,319,408
3508,33,133,63,249,186
3508,7,500,53,619,332
3509,32,512,125,700,477
3509,30,106,141,319,408
3509,7,500,53,619,332
3509,33,133,63,249,187
3510,30,106,141,319,408
3510,32,512,125,700,477
3510,33,133,63,249,186
3510,7,500,53,619,332
3511,30,106,142,319,408
3511,7,500,53,619,332
3511,32,512,125,700,477
3511,33,133,63,249,187
3512,30,106,141,319,408
3512,7,500,53,619,331
3512,33,133,63,249,187
3512,32,512,125,700,477
3513,32,512,125,701,477
3513,7,500,53,619,331
3513,30,106,141,319,408
3513,33,133,63,249,187
3514,30,106,141,319,408
3514,32,512,125,701,477
3514,7,500,53,619,331
3514,33,133,62,249,184
3515,30,106,141,319,407
3515,7,500,53,619,331
3515,32,512,125,701,477
3515,33,133,63,249,186
3516,32,512,125,701,477
3516,30,106,141,319,407
3516,7,500,53,619,331
3516,33,133,62,249,185
3517,30,106,141,319,407
3517,32,512,125,701,477
3517,33,133,63,249,185
3517,7,500,53,619,332
3518,32,512,126,701,478
3518,7,500,53,619,331
3518,30,106,142,318,407
3518,33,133,64,249,188
3519,32,512,126,701,478
3519,7,500,53,619,330
3519,30,106,141,319,407
3519,33,133,63,249,185
3520,32,512,126,701,478
3520,33,133,62,248,185
3520,30,106,141,319,408
3520,7,500,53,619,330
3521,32,512,126,701,478
3521,7,500,53,619,330
3521,30,106,140,319,408
3521,33,132,62,249,185
3522,32,512,126,701,478
3522,30,106,141,319,409
3522,33,132,62,248,184
3522,7,500,53,619,329
3523,30,106,140,319,409
3523,33,132,62,248,184
3523,32,511,126,701,477
3523,7,500,54,618,324
3524,30,106,140,319,409
3524,32,511,126,700,477
3524,33,132,62,249,184
3524,7,500,54,618,324
3524,43,133,64,249,236
3525,30,106,140,319,409
3525,32,511,126,701,477
3525,33,132,62,249,184
3525,43,133,64,249,237
3525,7,500,54,618,322
3526,32,511,126,701,478
3526,30,106,140,319,409
3526,33,132,62,249,185
3526,7,501,53,617,322
3527,30,106,140,319,409
3527,43,133,64,249,237
3527,32,511,126,700,477
3527,7,500,53,617,323
3527,33,132,62,248,184
3528,30,106,140,318,410
3528,7,500,53,617,323
3528,32,510,126,700,478
3528,33,132,62,248,185
3529,30,106,140,319,410
3529,32,510,125,700,477
3529,33,133,63,248,184
3529,7,500,53,617,321
3530,30,106,140,319,410
3530,32,510,126,700,478
3530,33,133,62,248,183
3530,7,500,53,618,323
3531,30,106,140,319,409
3531,7,500,53,618,324
3531,33,133,62,248,183
3531,32,510,127,699,478
3532,32,509,127,699,478
3532,33,133,62,248,184
3532,30,106,140,318,408
3532,7,500,53,618,322
3533,33,133,62,248,184
3533,30,106,140,318,408
3533,32,509,127,699,478
3533,7,501,53,618,318
3534,33,132,62,248,184
3534,32,509,127,699,478
3534,30,106,140,318,408
3534,7,500,53,618,319
3535,32,509,127,699,478
3535,30,106,140,318,409
3535,33,132,62,248,184
3535,7,500,53,618,323
3536,33,132,62,248,184
3536,7,500,53,618,323
3536,32,509,128,699,478
3536,30,106,139,318,409
3537,30,106,139,318,409
3537,32,510,129,699,478
3537,7,499,54,618,324
3537,33,132,62,248,185
3538,30,105,139,318,410
3538,33,132,62,248,185
3538,32,510,130,700,478
3538,7,499,54,619,325
3539,30,105,139,318,410
3539,33,132,63,248,185
3539,32,510,129,700,478
3539,7,499,54,620,327
3540,30,105,139,318,411
3540,32,510,128,700,478
3540,33,132,63,248,186
3540,7,499,54,621,327
3541,33,132,63,248,186
3541,30,105,140,318,410
3541,32,510,130,701,478
3541,7,499,54,623,326
3542,30,105,140,318,410
3542,7,499,54,622,326
3542,33,132,63,248,186
3542,32,510,131,701,478
3543,32,510,131,701,478
3543,33,132,63,248,186
3543,7,499,54,623,325
3543,30,105,142,318,410
3544,32,510,131,701,478
3544,30,105,142,318,410
3544,7,499,54,623,325
3544,33,132,63,248,186
3545,32,510,131,701,478
3545,30,105,142,318,409
3545,33,133,63,248,185
3545,7,499,54,622,324
3546,30,105,142,318,410
3546,7,499,54,623,324
3546,32,510,131,701,477
3546,33,133,64,248,185
3547,30,105,142,318,409
3547,32,510,131,702,477
3547,33,133,64,248,186
3547,7,499,54,622,326
3548,32,510,131,702,478
3548,30,105,142,319,410
3548,7,499,54,623,325
3548,33,133,63,248,185
3549,32,510,130,702,478
3549,7,499,54,623,325
3549,30,106,142,319,410
3549,33,133,64,249,185
3550,32,510,130,702,478
3550,30,106,142,319,410
3550,7,500,54,623,325
3550,33,133,64,249,186
3551,32,510,130,702,478
3551,30,106,142,319,410
3551,7,499,54,623,326
3551,33,134,64,249,185
3552,32,510,130,702,478
3552,30,106,142,319,410
3552,7,499,54,623,327
3552,33,134,64,249,186
3553,30,106,141,319,410
3553,32,510,132,702,478
3553,33,133,64,249,186
3553,7,499,54,624,326
3554,30,106,141,318,410
3554,32,510,132,702,478
3554,7,499,54,624,327
3554,33,133,64,249,185
3555,30,106,141,318,410
3555,32,510,132,702,478
3555,7,499,54,624,326
3555,33,133,64,249,186
3556,32,510,132,702,478
3556,30,106,142,318,410
3556,7,499,54,625,325
3556,33,133,64,249,185
3557,30,106,141,318,411
3557,32,509,132,702,478
3557,7,500,54,625,325
3557,33,133,65,249,186
3558,7,499,54,626,325
3558,32,509,133,702,478
3558,30,106,142,318,411
3558,33,133,64,249,186
3559,32,509,132,702,478
3559,30,105,142,318,412
3559,33,133,65,249,186
3559,7,500,54,627,323
3560,32,509,133,703,478
3560,30,105,141,318,411
3560,7,500,54,627,323
3560,33,132,63,249,185
3561,32,509,133,703,478
3561,30,104,142,318,412
3561,33,132,64,249,186
3561,7,499,54,628,324
3562,30,104,141,318,412
3562,32,508,134,703,478
3562,33,132,64,248,186
3562,7,499,54,629,325
3563,32,508,134,703,478
3563,30,103,142,317,413
3563,7,499,54,631,326
3563,33,132,63,250,260
3564,32,508,135,703,478
3564,33,132,63,251,261
3564,30,102,140,318,412
3564,7,498,54,632,326
3564,44,132,63,249,196
3565,32,508,135,703,478
3565,7,498,54,633,327
3565,30,102,139,317,413
3565,33,132,64,250,247
3566,32,508,135,703,478
3566,30,101,139,317,412
3566,7,498,55,632,327
3566,33,132,63,250,256
3567,32,508,135,703,478
3567,7,498,55,632,326
3567,30,101,141,317,413
3567,44,131,63,250,193
3567,33,132,64,251,278
3568,32,508,135,703,478
3568,30,102,142,317,413
3568,7,498,55,631,326
3568,44,131,63,249,187
3568,33,132,64,253,299
3569,32,508,135,703,478
3569,30,103,142,317,414
3569,7,498,55,632,325
3569,44,131,64,250,185
3569,33,132,64,254,301
3570,32,508,136,703,478
3570,7,498,55,633,325
3570,33,132,64,254,300
3570,30,103,142,317,415
3570,44,131,64,250,184
3571,32,508,136,703,478
3571,7,498,55,632,326
3571,44,131,64,250,185
3571,30,105,140,317,415
3571,33,132,64,253,297
3572,32,508,137,704,478
3572,33,132,64,253,298
3572,30,106,140,317,416
3572,44,131,64,250,186
3572,7,498,55,634,327
3573,32,508,137,704,478
3573,7,498,55,635,327
3573,44,131,64,250,186
3573,30,105,139,317,416
3573,33,132,64,253,292
3574,32,508,137,704,478
3574,7,498,55,635,327
3574,30,107,141,316,417
3574,33,132,64,253,301
3574,44,131,64,250,198
3575,32,508,137,704,478
3575,7,498,55,636,327
3575,30,107,141,317,417
3575,44,131,64,250,199
3575,33,132,64,251,275
3576,32,508,137,704,478
3576,7,498,55,636,327
3576,30,107,142,317,417
3576,44,131,64,250,191
3576,33,132,64,251,289
3577,32,508,138,704,478
3577,30,107,141,317,417
3577,7,498,55,635,329
3577,44,131,63,249,181
3578,32,508,137,704,478
3578,30,107,141,318,417
3578,7,498,55,636,329
3578,44,131,64,249,179
3579,32,508,138,704,478
3579,7,498,55,636,330
3579,30,108,140,318,418
3579,44,132,64,248,177
3579,33,132,64,249,245
3580,32,508,137,704,477
3580,7,498,55,637,330
3580,44,132,64,248,176
3580,33,132,64,250,247
3580,30,113,142,318,421
3581,32,508,137,704,477
3581,44,131,64,248,177
3581,7,498,55,636,330
3581,33,131,63,249,248
3581,30,116,145,318,421
3582,32,508,137,705,477
3582,7,498,55,636,331
3582,44,131,64,248,176
3582,30,118,147,319,421
3582,33,131,63,249,251
3583,32,508,137,705,477
3583,7,498,55,636,331
3583,30,118,146,319,423
3583,33,131,63,249,254
3583,44,132,63,248,178
3584,32,507,138,705,477
3584,7,498,55,637,330
3584,44,131,63,248,178
3584,30,121,147,319,423
3584,33,130,64,250,267
3585,32,507,137,705,477
3585,7,498,55,637,330
3585,44,130,63,248,178
3585,30,124,148,320,423
3586,32,507,138,705,477
3586,7,498,55,637,329
3586,30,125,149,320,422
3586,33,128,64,257,277
3586,44,125,64,254,369
3587,32,507,138,705,477
3587,7,498,55,638,330
3587,30,126,148,320,422
3587,33,130,63,249,178
3588,7,498,55,638,329
3588,32,507,137,705,477
3588,30,127,149,320,422
3588,44,128,64,254,365
3589,32,507,137,705,477
3589,30,127,150,321,422
3589,7,498,55,637,328
3589,44,126,64,251,357
3589,33,130,63,249,187
3590,32,507,137,705,477
3590,7,498,55,637,328
3590,30,128,150,320,422
3590,33,130,63,248,188
3591,32,507,137,705,477
3591,7,498,55,637,327
3591,30,129,155,320,421
3591,44,125,63,251,349
3592,32,507,137,705,477
3592,7,498,55,637,327
3592,30,129,153,318,421
3592,44,127,62,250,345
3593,32,506,137,705,477
3593,7,498,55,637,328
3593,30,130,151,317,421
3593,33,129,63,249,195
3594,32,506,137,705,477
3594,7,498,55,636,329
3594,30,129,154,317,422
3594,33,129,63,248,208
3595,32,507,137,705,477
3595,7,498,55,635,329
3595,30,129,153,316,422
3595,33,129,63,247,210
3596,32,506,137,705,477
3596,30,129,153,315,421
3596,7,498,55,634,329
3596,33,128,63,248,213
3597,32,507,136,705,477
3597,30,130,153,316,422
3597,7,498,55,635,328
3597,33,128,63,248,216
3598,32,506,136,705,477
3598,7,498,55,636,327
3598,30,130,154,316,422
3598,33,128,63,249,218
3599,32,507,135,706,477
3599,7,498,55,637,328
3599,33,129,62,248,218
3599,30,131,156,316,424
3600,32,507,135,706,477
3600,30,131,157,317,427
3600,7,499,55,635,328
3600,33,129,62,248,222
3601,32,507,134,706,477
3601,30,133,159,317,428
3601,7,500,55,639,327
3601,33,129,60,248,232
3602,32,507,133,706,477
3602,33,130,60,248,231
3602,7,500,55,637,326
3602,30,133,160,318,432
3603,32,507,133,706,477
3603,7,500,55,639,325
3603,30,134,160,318,434
3603,33,130,60,248,228
3604,32,508,133,706,477
3604,7,500,54,638,325
3604,30,135,164,319,455
3604,33,131,61,249,243
3604,44,134,162,259,346
3605,32,508,133,706,477
3605,7,500,54,638,326
3605,44,134,162,258,345
3605,33,131,61,249,246
3605,30,134,163,319,462
3606,32,508,133,706,477
3606,7,500,54,638,325
3606,33,132,61,249,247
3606,30,132,161,319,457
3606,44,131,160,260,345
3607,32,508,134,706,477
3607,7,500,53,636,326
3607,30,128,160,318,448
3607,44,128,158,266,346
3607,33,132,61,249,216
3608,32,508,134,706,477
3608,7,501,53,636,326
3608,33,133,62,250,214
3608,44,126,156,266,345
3608,30,125,156,316,450
3609,32,509,134,706,477
3609,33,133,62,250,213
3609,7,501,53,634,327
3609,44,123,160,266,345
3609,30,123,162,315,440
3610,32,509,133,706,477
3610,33,133,62,250,213
3610,7,501,53,632,327
3610,30,121,160,315,448
3611,32,509,133,706,477
3611,33,133,62,250,212
3611,7,501,52,630,327
3611,30,119,162,313,437
3612,32,509,133,707,477
3612,33,133,62,250,212
3612,7,501,51,628,328
3612,30,113,159,310,427
3613,32,509,133,707,477
3613,7,501,51,627,328
3613,33,133,62,250,209
3613,30,109,159,307,428
3614,32,509,132,707,477
3614,7,501,51,627,328
3614,30,108,155,307,431
3614,33,132,62,250,211
3615,32,509,132,707,477
3615,7,501,51,627,329
3615,30,106,157,305,431
3615,33,133,62,250,207
3616,32,509,132,707,477
3616,7,501,51,627,330
3616,33,132,62,250,212
3616,30,106,157,305,454
3617,32,509,132,707,477
3617,7,501,50,627,330
3617,33,132,62,250,216
3617,30,104,158,304,461
3618,32,509,133,707,477
3618,7,501,50,627,331
3618,33,132,62,250,211
3618,30,101,157,301,457
3619,32,509,133,707,477
3619,7,501,50,627,331
3619,30,100,156,298,456
3619,33,133,63,250,210
3620,32,509,133,707,477
3620,7,501,50,627,332
3620,30,99,158,297,457
3620,33,132,62,251,213
3621,32,509,133,708,477
3621,7,501,50,627,332
3621,33,133,62,250,214
3621,30,97,157,294,457
3622,32,509,133,708,477
3622,7,501,50,627,332
3622,30,96,157,291,457
3622,33,134,62,251,218
3623,32,509,133,708,477
3623,7,501,50,628,332
3623,30,92,156,288,456
3623,33,134,62,251,226
3624,32,509,133,708,477
3624,7,501,50,628,332
3624,30,92,157,288,463
3624,33,133,62,253,237
3624,44,93,157,275,343
3625,32,509,133,708,477
3625,7,500,49,627,333
3625,33,133,62,253,238
3625,44,92,157,276,343
3625,30,91,158,287,464
3626,32,509,133,708,477
3626,7,500,49,628,333
3626,30,90,157,287,464
3626,44,91,158,274,343
3626,33,133,62,253,240
3627,32,509,133,708,477
3627,7,500,50,627,334
3627,33,133,62,252,240
3627,44,90,158,273,346
3627,30,89,158,284,442
3628,32,509,133,708,477
3628,7,500,50,628,333
3628,44,88,158,272,347
3628,33,133,62,250,233
3628,30,88,157,282,462
3629,32,508,133,708,477
3629,44,88,158,272,348
3629,30,88,157,280,462
3629,33,133,62,250,235
3629,7,500,49,630,331
3630,32,508,134,708,477
3630,7,499,49,630,330
3630,33,133,61,250,237
3630,44,87,158,271,348
3630,30,87,157,277,463
3631,32,508,134,708,477
3631,33,133,61,250,238
3631,7,499,49,631,330
3631,44,87,158,269,350
3631,30,87,157,275,460
3632,32,508,135,708,477
3632,33,133,62,250,237
3632,44,87,158,268,350
3632,7,499,49,634,329
3632,30,86,157,273,465
3633,33,132,62,250,237
3633,7,500,49,633,329
3633,32,509,134,709,477
3633,44,86,158,266,353
3633,30,86,157,271,456
3634,7,500,49,632,329
3634,32,509,134,709,477
3634,33,132,61,250,236
3634,44,86,157,264,356
3635,7,500,49,633,330
3635,33,132,61,249,237
3635,32,509,134,710,477
3635,44,86,157,264,360
3635,30,86,156,270,475
3636,33,132,61,249,236
3636,7,500,50,632,330
3636,32,511,134,711,477
3636,44,87,157,264,362
3637,33,132,61,249,237
3637,7,500,50,632,332
3637,32,511,135,712,477
3637,44,87,157,265,365
3638,33,132,61,249,236
3638,32,513,134,713,477
3638,7,500,50,631,332
3638,44,88,158,266,368
3639,33,132,61,250,236
3639,7,500,50,634,332
3639,32,514,138,714,478
3639,44,88,159,265,374
3640,33,132,61,249,236
3640,32,514,140,715,478
3640,44,89,159,266,372
3640,7,500,50,635,331
3641,33,132,61,249,237
3641,44,89,160,266,367
3641,32,515,143,716,478
3641,7,501,50,631,332
3642,33,132,61,249,237
3642,7,501,50,632,332
3642,32,517,146,717,478
3642,44,89,161,267,366
3643,33,132,61,250,239
3643,7,501,50,632,331
3643,44,89,161,267,363
3643,32,517,149,719,478
3644,33,132,61,250,239
3644,32,518,152,720,477
3644,44,89,160,266,361
3644,7,501,50,641,333
3645,33,132,61,250,239
3645,44,89,160,266,362
3645,7,502,49,642,334
3645,32,519,154,722,477
3646,32,519,155,723,477
3646,44,90,160,266,362
3646,33,132,61,250,238
3646,7,502,50,643,334
3647,33,132,61,250,238
3647,7,501,50,644,335
3647,44,91,161,266,362
3647,32,519,159,726,477
3648,33,132,61,251,239
3648,7,501,49,644,337
3648,44,91,161,267,363
3648,32,520,161,728,477
3649,33,132,61,251,239
3649,7,501,50,644,337
3649,44,92,162,267,365
3649,32,520,164,729,478
3650,7,501,49,644,337
3650,33,131,61,251,239
3650,32,520,164,730,477
3650,44,92,162,267,368
3651,7,501,49,644,337
3651,33,131,61,251,239
3651,32,520,165,731,477
3651,44,93,163,267,372
3652,32,521,165,731,478
3652,44,93,163,267,373
3652,33,131,61,252,239
3652,7,502,49,645,338
3653,44,93,163,267,373
3653,33,131,61,253,239
3653,7,502,49,645,336
3653,32,522,167,731,478
3654,7,502,49,645,336
3654,33,131,61,253,238
3654,44,93,164,267,370
3654,32,524,171,731,478
3655,33,131,60,253,238
3655,7,502,49,645,335
3655,32,525,173,731,478
3655,44,93,163,267,366
3656,7,503,49,645,335
3656,32,524,174,732,478
3656,33,131,60,252,238
3656,44,93,164,267,362
3656,45,524,173,731,383
3657,33,131,60,252,238
3657,32,523,174,732,477
3657,44,93,165,267,360
3657,7,503,49,645,338
3657,45,523,174,731,385
3658,7,504,49,646,337
3658,32,524,176,732,477
3658,44,92,164,267,359
3658,45,524,174,732,387
3658,33,132,60,252,238
3659,7,503,49,646,338
3659,44,93,165,267,359
3659,33,132,61,252,238
3659,45,524,175,732,388
3659,32,522,178,732,475
3660,7,504,49,646,337
3660,44,93,165,267,360
3660,45,525,176,732,388
3660,33,131,60,251,238
3660,32,526,180,732,476
3661,33,131,60,251,238
3661,7,504,49,646,338
3661,44,93,165,267,361
3661,45,527,177,732,388
3662,7,504,49,645,338
3662,33,131,60,251,239
3662,44,93,165,267,364
3662,45,530,177,732,388
3663,7,504,49,645,339
3663,33,131,60,251,239
3663,45,532,179,731,390
3663,44,94,164,267,369
3664,33,132,60,251,239
3664,7,504,49,644,338
3664,45,533,180,731,387
3664,44,95,163,267,373
3665,33,132,60,251,239
3665,45,534,180,731,387
3665,7,503,49,644,338
3665,44,95,163,267,376
3666,44,95,163,267,375
3666,33,132,60,250,239
3666,7,503,50,644,339
3666,45,534,181,731,386
3667,45,534,181,731,386
3667,33,131,60,251,239
3667,7,502,50,644,339
3667,44,94,164,267,372
3668,33,132,60,251,240
3668,7,502,50,644,339
3668,45,537,181,731,388
3668,44,93,163,267,368
3669,7,502,50,644,340
3669,33,132,61,251,240
3669,45,539,183,731,388
3669,44,93,164,267,363
3670,7,502,50,644,340
3670,33,132,61,251,240
3670,44,92,165,267,362
3670,45,542,184,731,387
3671,7,502,50,644,339
3671,33,132,61,251,240
3671,44,91,165,267,359
3671,45,544,186,731,387
3672,44,91,166,267,359
3672,33,132,61,251,240
3672,7,502,51,644,339
3672,45,545,188,732,387
3673,7,502,51,644,339
3673,33,132,61,251,241
3673,44,92,166,267,360
3673,45,545,189,732,388
3674,7,502,51,644,339
3674,33,132,61,252,241
3674,45,545,190,732,388
3674,44,92,166,267,361
3675,7,502,51,644,339
3675,33,132,61,252,240
3675,45,546,192,732,389
3675,44,93,165,267,365
3676,7,502,51,644,339
3676,33,132,61,251,240
3676,45,546,195,733,390
3676,44,93,165,267,370
3677,7,503,51,644,339
3677,33,132,61,251,239
3677,45,545,196,733,389
3677,44,95,166,267,374
3678,7,503,51,645,339
3678,45,546,196,733,389
3678,44,95,166,267,375
3678,33,132,61,250,235
3679,7,503,51,645,339
3679,44,95,166,267,375
3679,45,546,197,734,389
3679,33,132,61,250,236
3680,7,503,51,645,339
3680,33,132,61,250,235
3680,45,547,198,734,389
3680,44,94,166,268,371
3681,7,503,51,645,339
3681,45,547,198,734,390
3681,33,132,61,250,234
3681,44,93,166,268,366
3682,33,132,61,250,234
3682,7,503,51,646,338
3682,45,547,200,735,388
3682,44,92,166,268,363
3682,46,541,199,734,478
3683,7,503,51,646,338
3683,33,132,61,251,236
3683,46,540,200,734,478
3683,44,92,167,268,360
3683,45,544,200,735,388
3684,44,92,167,268,360
3684,7,503,51,646,338
3684,45,544,202,736,389
3684,33,132,61,250,234
3684,46,539,202,735,478
3685,33,132,61,250,234
3685,7,504,51,646,338
3685,45,544,203,736,389
3685,44,92,167,268,362
3685,46,540,203,735,477
3686,7,504,51,646,338
3686,46,539,204,735,477
3686,33,132,61,251,236
3686,45,547,203,736,390
3686,44,93,167,269,366
3687,33,132,61,251,236
3687,7,503,51,646,338
3687,45,547,205,736,391
3687,44,94,167,268,369
3688,7,503,51,646,338
3688,33,132,61,251,237
3688,45,546,206,736,391
3688,44,94,168,269,371
3689,7,503,52,646,338
3689,45,546,206,736,390
3689,33,132,61,251,237
3689,44,94,167,269,374
3690,45,546,206,736,391
3690,7,503,52,646,338
3690,33,132,61,251,239
3690,44,94,168,268,373
3691,7,503,52,646,338
3691,45,546,207,736,391
3691,33,132,61,251,239
3691,44,94,168,268,369
3692,7,503,52,646,338
3692,45,546,206,736,391
3692,33,133,61,252,240
3692,44,93,167,268,364
3693,7,503,52,646,338
3693,45,545,206,736,391
3693,33,133,61,252,240
3693,44,93,168,268,360
3694,7,503,52,646,338
3694,33,133,61,252,239
3694,45,545,206,736,391
3694,44,92,168,268,358
3695,7,503,52,646,338
3695,33,133,61,252,239
3695,45,545,205,736,391
3695,44,92,167,268,357
3696,7,503,52,646,338
3696,45,545,205,736,391
3696,44,92,167,268,358
3696,33,132,61,251,236
3697,7,503,52,646,338
3697,45,546,205,735,391
3697,33,132,61,251,234
3697,44,92,166,268,361
3698,7,503,52,646,337
3698,45,545,205,735,391
3698,33,132,61,251,236
3698,44,92,167,268,367
3699,7,503,52,646,337
3699,45,545,205,735,391
3699,33,132,61,251,237
3699,44,93,167,267,372
3700,7,503,52,646,337
3700,45,545,205,735,391
3700,33,132,61,251,236
3700,44,93,167,267,376
3701,7,503,52,646,337
3701,45,545,205,735,391
3701,33,131,61,250,236
3701,44,93,166,267,377
3702,7,503,52,646,337
3702,45,544,205,735,391
3702,33,131,61,250,235
3702,44,92,166,267,374
3703,7,503,52,646,337
3703,45,545,205,735,391
3703,33,131,61,250,236
3703,44,91,165,267,366
3704,45,544,205,735,391
3704,7,503,52,646,337
3704,33,131,61,250,236
3704,44,89,166,267,358
3705,7,503,52,646,337
3705,45,545,205,735,391
3705,33,131,61,251,237
3705,44,88,166,267,356
3706,45,545,205,735,391
3706,7,503,52,646,336
3706,44,88,165,266,357
3706,33,131,61,250,236
3707,7,503,52,646,336
3707,45,544,205,735,391
3707,33,131,61,250,237
3707,44,89,165,266,359
3708,45,544,205,735,391
3708,7,503,52,646,336
3708,33,131,61,250,236
3708,44,90,165,266,365
3709,7,503,52,646,336
3709,45,544,205,735,391
3709,33,131,61,250,236
3709,44,92,165,266,372
3710,7,503,52,646,336
3710,45,544,205,735,391
3710,33,131,61,250,235
3710,44,92,165,266,368
3711,7,503,52,646,336
3711,45,543,205,735,391
3711,33,131,61,250,235
3711,44,92,165,266,375
3712,7,503,52,646,336
3712,45,544,205,735,391
3712,33,131,61,250,234
3712,44,92,165,266,377
3713,7,503,52,646,336
3713,45,544,205,735,391
3713,33,131,61,250,233
3713,44,93,165,266,370
3714,45,544,205,735,391
3714,7,503,51,646,336
3714,44,93,165,266,371
3714,33,131,61,250,234
3715,7,503,51,646,336
3715,45,544,205,734,391
3715,33,131,61,250,236
3715,44,93,165,266,374
3716,45,544,205,734,391
3716,7,503,51,646,335
3716,33,131,61,250,237
3716,44,93,165,266,372
3717,45,544,205,734,391
3717,7,503,51,646,335
3717,33,131,61,250,236
3717,44,93,165,266,371
3718,45,544,205,734,391
3718,7,503,50,646,335
3718,33,131,61,250,236
3718,44,93,164,266,364
3719,45,544,205,734,391
3719,7,504,50,646,334
3719,33,131,61,250,235
3719,44,93,164,266,358
3720,45,544,205,735,391
3720,44,94,164,266,359
3720,7,503,50,646,336
3720,33,131,61,251,239
3721,45,546,205,734,391
3721,7,503,50,645,339
3721,33,131,61,251,240
3721,44,95,163,266,363
3722,45,546,205,734,391
3722,7,503,50,645,339
3722,44,95,163,266,363
3722,33,131,61,251,241
3723,45,546,205,734,391
3723,7,503,50,645,339
3723,33,131,61,251,241
3723,44,95,163,266,351
3724,45,546,205,734,391
3724,7,503,50,645,339
3724,33,131,61,251,240
3724,44,95,163,266,349
3725,45,546,205,734,391
3725,7,503,49,645,339
3725,33,131,61,251,239
3725,44,94,162,266,349
3726,45,546,205,734,391
3726,7,503,49,645,339
3726,33,131,61,251,239
3726,44,94,162,266,347
3727,7,504,49,645,339
3727,45,546,205,734,391
3727,33,131,61,251,239
3727,44,94,162,266,345
3728,45,546,205,734,391
3728,7,503,49,645,339
3728,33,131,61,250,238
3728,44,93,162,267,344
3729,45,546,205,734,391
3729,7,503,48,645,339
3729,44,93,162,267,344
3729,33,131,61,251,238
3730,45,546,204,735,391
3730,7,503,48,645,339
3730,33,132,61,250,238
3730,44,93,161,266,345
3731,45,546,204,735,391
3731,33,132,61,251,238
3731,7,503,47,646,339
3731,44,94,161,266,345
3732,33,132,61,251,238
3732,45,546,204,735,391
3732,7,503,47,646,339
3732,44,93,161,266,346
3733,7,503,47,646,339
3733,45,546,204,734,391
3733,33,132,61,251,237
3733,44,93,160,266,347
3734,45,546,204,734,391
3734,7,503,47,646,339
3734,44,93,161,266,347
3734,33,132,61,251,236
3735,45,546,205,734,391
3735,7,503,46,646,339
3735,44,93,161,266,347
3735,33,132,61,251,237
3736,45,546,205,734,391
3736,33,132,61,251,237
3736,44,93,161,266,346
3736,7,502,46,646,339
3737,45,546,205,734,391
3737,33,132,61,251,237
3737,7,502,46,646,338
3737,44,92,161,266,345
3738,44,92,161,266,344
3738,45,547,205,734,391
3738,33,132,61,251,238
3738,7,500,45,646,338
3739,45,547,205,734,391
3739,33,132,61,251,237
3739,44,92,159,266,344
3739,7,499,45,646,338
3740,45,547,205,734,391
3740,33,132,61,251,237
3740,44,91,159,266,344
3740,7,493,44,646,338
3741,45,547,205,734,391
3741,33,133,61,251,234
3741,44,89,160,268,344
3741,7,486,43,646,339
3742,45,548,205,734,391
3742,33,133,62,252,234
3742,44,88,160,268,344
3742,7,483,43,646,339
3743,45,548,205,735,391
3743,44,88,160,268,344
3743,33,133,61,252,233
3743,7,481,42,645,339
3744,45,548,206,735,391
3744,33,133,61,252,232
3744,44,88,160,268,345
3744,7,478,42,645,339
3745,45,548,206,735,391
3745,33,133,61,252,233
3745,44,89,160,268,346
3745,7,475,41,644,338
3746,45,547,206,735,391
3746,33,133,61,252,231
3746,44,89,163,269,347
3746,7,470,41,644,336
3747,45,547,206,735,390
3747,44,91,161,268,346
3747,7,466,41,644,335
3747,33,134,61,252,224
3748,45,547,206,735,390
3748,33,134,61,253,224
3748,7,462,41,643,334
3748,44,92,161,264,339
3749,45,547,206,735,390
3749,33,135,61,253,225
3749,7,458,40,642,331
3749,44,93,161,252,337
3750,33,135,61,253,224
3750,45,548,205,735,390
3750,7,455,40,642,330
3750,44,96,158,255,338
3750,47,95,158,288,471
3751,45,548,205,735,390
3751,33,135,61,253,223
3751,7,452,39,640,331
3751,47,98,158,299,465
3752,45,547,205,735,390
3752,33,135,61,253,219
3752,7,449,40,638,329
3752,47,103,155,308,460
3753,45,547,205,736,391
3753,33,135,61,253,222
3753,7,448,40,636,327
3753,47,107,152,316,461
3753,44,108,154,254,347
3753,48,0,89,54,192
3754,45,548,205,736,390
3754,33,135,61,253,221
3754,48,0,90,54,192
3754,7,447,42,634,325
3754,44,108,154,259,349
3755,45,548,205,736,390
3755,48,0,90,53,192
3755,7,446,43,632,325
3755,33,135,61,253,217
3755,47,114,152,335,452
3756,45,548,206,736,391
3756,48,0,90,53,192
3756,33,135,61,253,215
3756,7,446,44,629,326
3756,47,125,152,341,460
3757,45,547,207,736,390
3757,33,136,62,253,214
3757,7,445,45,626,326
3757,47,134,154,347,446
3758,33,135,62,253,213
3758,45,548,206,736,391
3758,7,445,46,623,327
3758,47,139,153,356,440
3759,45,548,206,736,391
3759,7,445,49,621,327
3759,33,135,61,254,219
3759,47,144,153,363,436
3760,45,547,206,736,391
3760,7,445,51,619,327
3760,33,135,62,253,214
3760,47,147,146,368,434
3761,45,547,206,736,391
3761,7,444,53,616,327
3761,47,151,142,371,427
3761,33,135,62,257,220
3762,45,547,206,736,391
3762,7,445,56,613,326
3762,47,153,140,374,424
3762,33,135,62,255,214
3763,45,546,206,736,391
3763,48,0,90,52,193
3763,7,444,58,610,325
3763,47,157,139,375,422
3763,33,136,62,252,213
3764,45,546,206,736,391
3764,33,136,61,252,212
3764,48,0,90,52,193
3764,47,159,138,376,423
3764,7,443,62,607,324
3765,45,546,206,736,391
3765,33,136,61,251,212
3765,48,0,89,52,193
3765,47,162,139,376,423
3765,7,443,65,604,323
3766,45,546,206,736,391
3766,48,0,89,52,193
3766,33,136,61,251,212
3766,47,167,139,376,423
3766,7,443,67,599,323
3767,48,0,89,52,193
3767,45,546,207,736,391
3767,33,136,61,252,212
3767,47,168,139,377,423
3767,7,441,71,597,323
3768,45,546,207,736,391
3768,33,136,61,252,212
3768,48,0,89,52,193
3768,47,171,140,376,422
3768,7,440,75,594,323
3769,45,546,207,736,390
3769,33,136,61,252,212
3769,48,0,88,53,193
3769,47,173,140,376,422
3769,7,438,80,591,323
3770,33,136,61,251,212
3770,45,546,207,736,390
3770,48,0,88,53,193
3770,47,176,141,377,422
3770,7,437,83,586,323
3771,45,546,207,736,390
3771,48,0,88,53,192
3771,33,136,61,252,211
3771,47,177,141,378,422
3771,7,433,87,584,324
3772,45,546,207,736,391
3772,48,0,87,53,193
3772,33,136,62,253,212
3772,47,178,142,379,423
3772,7,430,91,581,324
3773,45,546,207,735,391
3773,48,0,87,53,193
3773,33,135,62,254,212
3773,47,178,144,382,423
3773,7,427,94,578,324
3774,45,547,207,735,391
3774,33,135,62,253,212
3774,48,0,87,53,193
3774,47,178,145,385,423
3774,7,425,98,576,324
3775,45,546,207,735,391
3775,47,178,146,385,423
3775,48,0,88,52,193
3775,33,135,62,254,212
3775,7,422,99,575,324
3776,33,135,62,254,212
3776,45,546,207,735,391
3776,48,0,88,52,193
3776,47,179,148,384,422
3776,7,419,102,574,323
3777,45,546,207,735,391
3777,33,135,62,255,212
3777,48,0,88,52,193
3777,47,179,150,385,422
3777,7,417,103,573,323
3778,45,546,207,735,391
3778,33,135,62,254,212
3778,48,0,88,52,193
3778,47,179,151,385,422
3778,7,416,104,572,323
3779,45,547,207,735,391
3779,33,135,62,255,212
3779,48,0,88,52,193
3779,47,180,152,387,423
3779,7,414,106,570,324
3780,48,0,88,52,193
3780,45,547,207,735,391
3780,33,135,62,256,212
3780,7,412,107,570,325
3780,47,180,152,382,423
3781,48,0,88,52,193
3781,45,546,206,736,391
3781,7,411,108,569,325
3781,33,135,61,257,213
3781,47,180,153,377,423
3782,45,546,206,736,391
3782,47,180,153,375,423
3782,7,410,109,569,324
3782,33,136,62,256,212
3783,45,547,206,736,390
3783,47,180,154,376,422
3783,33,136,62,256,212
3783,7,411,111,569,324
3784,33,136,62,256,212
3784,47,180,154,375,422
3784,7,411,111,569,324
3784,45,547,206,736,390
3784,48,0,88,52,193
3785,33,136,62,256,212
3785,47,180,154,375,422
3785,7,411,112,568,324
3785,45,547,205,736,389
3785,48,0,87,53,193
3786,47,180,154,375,422
3786,33,136,62,256,212
3786,7,411,112,568,324
3786,48,0,87,53,193
3786,45,547,204,735,390
3787,33,136,62,256,212
3787,47,180,155,375,422
3787,48,0,87,54,192
3787,45,548,204,735,391
3787,7,411,112,568,324
3788,47,180,155,375,422
3788,33,136,62,256,212
3788,48,0,87,54,192
3788,7,412,112,568,324
3788,45,548,203,735,391
3789,33,136,62,256,212
3789,47,180,155,375,422
3789,48,0,87,54,192
3789,45,547,204,734,390
3789,7,410,113,567,324
3790,47,180,155,375,422
3790,33,136,62,256,212
3790,48,0,87,53,192
3790,7,409,113,567,324
3790,45,547,203,733,391
3791,33,136,62,256,212
3791,47,180,155,375,422
3791,7,409,113,566,324
3791,48,0,87,53,192
3791,45,547,203,731,391
3792,33,136,62,256,212
3792,7,409,113,566,324
3792,47,180,155,375,422
3792,45,547,203,730,391
3792,48,0,87,54,192
3793,47,180,155,375,422
3793,33,136,62,256,212
3793,7,409,113,566,324
3793,48,0,87,54,193
3793,45,547,204,730,391
3794,7,409,113,566,325
3794,48,0,87,54,193
3794,33,135,62,256,212
3794,47,179,155,375,422
3794,45,547,204,730,391
3795,47,179,155,375,422
3795,33,135,61,256,212
3795,45,547,204,730,391
3795,48,0,87,54,193
3795,7,408,113,566,325
3796,47,179,155,375,422
3796,33,135,61,255,212
3796,45,547,205,730,391
3796,7,408,113,566,325
3796,48,0,87,54,193
3797,47,179,156,375,422
3797,33,135,61,256,212
3797,7,408,113,566,324
3797,45,547,205,729,392
3797,48,0,87,54,192
3798,47,179,155,374,422
3798,45,547,206,730,392
3798,7,408,112,566,324
3798,33,136,62,255,212
3799,33,136,61,255,212
3799,47,179,156,374,422
3799,45,547,206,730,392
3799,7,409,113,566,324
3800,47,179,156,374,422
3800,33,136,61,255,212
3800,45,547,207,730,392
3800,7,408,113,566,324
3801,47,179,156,374,422
3801,33,136,61,255,212
3801,48,0,87,54,192
3801,45,547,207,729,392
3801,7,409,113,566,324
3802,47,179,156,375,422
3802,33,136,61,255,212
3802,45,547,208,729,392
3802,7,410,113,566,324
3803,47,179,156,375,422
3803,7,410,113,566,324
3803,45,547,208,729,392
3803,33,135,62,255,212
3804,47,179,156,375,422
3804,33,136,61,255,212
3804,7,411,113,566,323
3804,45,547,209,730,392
3805,47,179,156,375,422
3805,7,411,113,566,323
3805,33,136,62,255,212
3805,45,547,210,730,392
3806,33,136,62,255,212
3806,47,179,156,375,422
3806,45,547,211,730,392
3806,7,412,113,567,323
3807,45,547,210,730,392
3807,47,179,156,374,422
3807,33,136,62,255,212
3807,7,410,113,566,323
3808,45,547,211,730,392
3808,47,179,156,374,422
3808,33,136,61,255,212
3808,7,410,114,566,323
3809,33,136,62,255,212
3809,45,547,210,730,392
3809,47,179,156,374,422
3809,7,409,114,566,323
3810,45,546,210,730,392
3810,33,136,62,255,212
3810,47,178,156,375,422
3810,7,408,114,566,323
3810,48,0,87,53,192
3811,47,178,156,375,422
3811,33,136,61,255,212
3811,45,546,210,730,392
3811,7,408,115,566,323
3811,48,0,87,53,192
3812,33,136,61,255,212
3812,48,0,87,53,192
3812,47,178,155,375,421
3812,45,547,210,730,392
3812,7,408,115,566,323
3813,33,136,61,255,212
3813,48,0,87,53,192
3813,47,178,155,375,422
3813,7,408,115,566,323
3813,45,546,209,730,391
3814,33,136,61,255,212
3814,47,178,156,374,422
3814,45,546,209,729,392
3814,48,0,87,53,192
3814,7,412,116,566,323
3815,33,136,61,255,212
3815,47,178,156,374,422
3815,48,0,87,53,192
3815,45,546,209,729,392
3815,7,410,116,566,323
3816,47,178,156,375,422
3816,33,136,61,255,212
3816,48,0,87,53,192
3816,45,546,209,729,392
3816,7,410,116,566,323
3817,33,135,61,255,212
3817,47,178,155,374,422
3817,7,409,116,566,323
3817,45,545,210,729,392
3817,48,0,87,53,193
3818,33,135,61,255,212
3818,47,177,155,374,422
3818,7,409,117,566,323
3818,48,0,87,53,192
3818,45,545,211,729,392
3819,48,0,87,53,192
3819,47,177,155,374,422
3819,45,545,211,729,392
3819,33,135,61,255,212
3819,7,412,117,566,323
3820,47,177,156,374,422
3820,33,135,61,256,213
3820,45,545,212,729,392
3820,7,413,117,565,323
3821,33,135,61,256,213
3821,47,176,156,374,422
3821,45,545,213,729,392
3821,7,412,117,565,324
3822,33,135,61,256,213
3822,47,176,156,374,422
3822,45,545,213,730,392
3822,7,411,117,565,324
3823,47,176,156,374,422
3823,45,545,214,730,392
3823,7,412,117,565,324
3823,33,135,61,255,212
3824,47,176,155,374,422
3824,45,544,215,730,392
3824,7,412,117,565,324
3824,33,135,61,256,213
3825,47,176,155,374,422
3825,33,135,61,256,213
3825,45,544,214,730,391
3825,7,413,117,565,323
3826,47,175,155,374,422
3826,45,544,215,731,391
3826,33,135,61,256,212
3826,7,410,117,565,323
3827,47,176,155,374,422
3827,33,135,61,256,212
3827,7,409,117,565,323
3827,45,545,215,731,391
3828,33,135,62,255,212
3828,47,176,155,374,422
3828,45,545,215,732,391
3828,7,405,117,565,324
3829,33,135,62,255,212
3829,45,545,215,731,390
3829,47,177,155,374,422
3829,7,407,117,565,324
3830,47,177,155,374,422
3830,33,135,62,255,212
3830,45,545,215,731,390
3830,7,413,118,565,324
3831,33,135,62,255,212
3831,47,178,155,374,422
3831,45,545,215,731,390
3831,7,412,118,565,324
3832,47,178,155,374,422
3832,33,135,62,255,212
3832,45,545,215,731,391
3832,7,408,118,565,324
3833,47,178,155,374,422
3833,33,135,62,255,212
3833,45,545,215,731,392
3833,7,409,118,565,323
3834,47,178,155,374,421
3834,33,135,62,255,212
3834,45,545,215,731,392
3834,7,411,118,565,323
3835,47,178,155,374,421
3835,33,135,61,255,212
3835,7,411,118,565,323
3835,45,545,216,731,392
3835,48,0,86,53,192
3836,47,178,155,374,421
3836,45,545,216,731,392
3836,48,0,87,53,192
3836,33,135,61,255,212
3836,7,411,118,566,323
3837,48,0,87,53,192
3837,47,178,155,374,422
3837,33,135,61,255,212
3837,45,546,216,732,392
3837,7,411,118,566,323
3838,47,178,155,374,422
3838,48,0,87,53,192
3838,33,135,61,255,212
3838,45,546,216,732,392
3838,7,411,118,566,324
3839,47,178,155,374,422
3839,33,135,61,255,212
3839,45,545,216,732,392
3839,7,412,119,566,324
3840,7,412,119,566,324
3840,33,135,61,256,212
3840,47,177,155,374,421
3840,45,545,216,731,392
3841,45,545,216,731,392
3841,47,178,155,375,422
3841,7,413,119,565,324
3841,33,136,60,254,213
3842,33,136,60,254,213
3842,47,177,155,375,422
3842,45,545,216,731,393
3842,7,412,119,565,324
3843,47,177,155,375,422
3843,33,136,60,254,213
3843,45,545,216,731,393
3843,7,411,119,565,324
3844,47,177,155,375,422
3844,33,136,60,254,213
3844,45,545,216,731,392
3844,7,410,119,565,324
3845,47,177,155,375,422
3845,33,136,60,254,213
3845,45,545,216,731,392
3845,7,410,119,565,324
3846,45,545,215,731,392
3846,47,178,155,375,422
3846,33,136,60,254,213
3846,7,411,119,565,324
3847,45,544,216,731,393
3847,47,177,155,374,421
3847,7,410,119,565,324
3847,33,135,61,254,213
3848,33,135,60,254,214
3848,47,177,155,374,421
3848,7,410,119,564,324
3848,45,545,216,731,392
3849,47,177,155,374,421
3849,33,135,61,254,214
3849,45,545,216,731,393
3849,7,410,119,564,324
3850,47,177,155,374,421
3850,45,544,215,731,393
3850,33,135,60,254,213
3850,7,409,119,564,324
3851,33,135,60,254,214
3851,45,544,215,731,393
3851,47,177,155,374,421
3851,7,409,119,564,324
3852,47,177,155,374,421
3852,33,135,60,254,214
3852,45,544,215,731,393
3852,7,409,118,564,324
3853,33,135,60,254,214
3853,47,177,155,374,421
3853,45,545,216,731,393
3853,7,414,118,564,324
3854,47,177,155,375,422
3854,33,135,60,254,213
3854,45,545,216,731,393
3854,7,414,118,564,324
3855,47,177,155,375,422
3855,33,135,60,254,213
3855,45,545,216,731,393
3855,7,414,118,564,324
3856,47,177,155,375,422
3856,33,135,60,254,213
3856,45,544,215,731,393
3856,7,414,117,564,324
3857,33,135,60,254,213
3857,47,178,155,375,422
3857,45,544,215,731,393
3857,7,415,117,564,324
3858,47,178,155,375,422
3858,33,135,60,254,213
3858,45,544,215,731,392
3858,7,415,116,564,324
3859,33,135,60,254,213
3859,45,544,215,731,393
3859,7,415,116,564,324
3859,47,178,155,375,422
3860,47,178,155,375,422
3860,33,135,60,254,213
3860,45,544,215,731,393
3860,7,415,116,565,324
3861,47,178,155,375,422
3861,33,135,60,254,213
3861,45,544,215,731,393
3861,7,415,116,565,324
3862,47,178,155,375,422
3862,45,544,215,731,392
3862,33,135,60,254,213
3862,7,415,115,565,324
3863,47,178,155,375,422
3863,33,135,60,254,213
3863,45,544,215,731,392
3863,7,415,115,564,324
3864,33,135,60,254,213
3864,47,177,155,375,422
3864,45,544,215,731,393
3864,7,412,115,565,324
3865,33,135,60,254,213
3865,45,544,215,731,393
3865,47,177,155,375,421
3865,7,412,115,565,325
3866,47,177,155,375,421
3866,45,544,215,731,393
3866,33,135,61,254,212
3866,7,414,115,565,325
3867,33,135,61,254,212
3867,47,177,155,375,421
3867,45,543,215,731,393
3867,7,414,115,565,324
3868,47,177,155,375,422
3868,33,135,61,254,212
3868,45,543,215,731,393
3868,7,413,115,564,324
3869,47,177,155,375,421
3869,7,413,115,564,324
3869,45,543,215,731,392
3869,33,135,61,253,212
3869,49,0,88,54,192
3870,7,413,115,564,324
3870,33,135,61,253,212
3870,47,177,155,374,421
3870,45,543,215,731,392
3871,47,177,155,374,421
3871,45,543,215,731,392
3871,33,135,61,253,212
3871,7,414,115,564,324
3872,47,177,155,374,422
3872,45,542,215,731,392
3872,33,135,61,253,212
3872,7,413,115,564,324
3873,47,177,155,375,422
3873,45,543,215,731,392
3873,33,135,61,254,212
3873,7,410,115,564,324
3874,45,543,215,731,392
3874,47,177,155,375,422
3874,33,135,61,254,212
3874,7,413,115,564,324
3875,45,543,215,731,392
3875,33,135,61,254,212
3875,47,177,155,375,422
3875,7,413,115,564,324
3876,33,135,61,254,212
3876,47,177,155,375,421
3876,45,543,215,731,392
3876,7,409,115,564,324
3877,33,135,61,254,212
3877,45,543,215,731,392
3877,47,177,155,375,421
3877,7,412,114,564,324
3878,47,177,155,375,421
3878,33,135,61,254,212
3878,45,543,215,731,392
3878,7,412,114,564,324
3879,47,177,155,375,421
3879,45,543,215,731,392
3879,33,135,61,255,212
3879,7,413,114,565,323
3880,47,178,155,375,421
3880,45,543,215,731,392
3880,33,135,60,254,212
3880,7,414,114,565,323
3881,47,178,155,375,421
3881,7,413,114,565,323
3881,33,136,60,254,212
3881,45,544,215,731,392
3882,7,413,114,565,323
3882,33,136,60,254,212
3882,47,178,155,375,421
3882,45,544,215,731,392
3883,47,178,155,375,421
3883,33,136,60,254,212
3883,45,544,215,732,392
3883,7,412,114,565,324
3884,47,178,155,375,421
3884,33,136,60,254,212
3884,45,543,215,731,392
3884,7,410,114,565,323
3885,47,178,155,375,421
3885,33,136,60,254,212
3885,45,544,214,731,392
3885,7,411,114,565,323
3886,47,178,155,375,421
3886,33,136,60,254,212
3886,45,544,214,732,392
3886,7,410,115,565,323
3887,47,178,155,375,421
3887,45,543,215,731,392
3887,33,136,60,254,212
3887,7,409,115,565,323
3888,47,178,155,375,421
3888,45,543,214,731,392
3888,33,136,60,254,212
3888,7,410,115,565,323
3889,47,178,155,375,421
3889,33,136,60,254,212
3889,45,544,214,731,392
3889,7,411,115,565,324
3890,47,178,155,375,421
3890,33,136,60,254,212
3890,45,543,214,731,392
3890,7,411,115,565,324
3891,47,178,155,375,421
3891,33,136,60,254,212
3891,45,543,214,731,392
3891,7,412,115,564,324
3892,47,177,155,375,421
3892,33,135,60,254,212
3892,45,543,214,731,392
3892,7,410,115,564,324
3893,45,543,214,731,392
3893,47,177,155,375,421
3893,33,135,60,254,212
3893,7,414,115,564,324
3894,47,177,155,375,422
3894,33,135,60,254,212
3894,45,543,214,731,392
3894,7,411,115,564,324
3895,45,544,214,731,392
3895,47,177,155,374,422
3895,33,135,60,254,212
3895,7,413,115,564,324
3896,7,413,115,564,324
3896,47,177,155,374,422
3896,45,542,214,731,392
3896,33,135,60,254,213
3897,47,176,155,374,422
3897,7,413,115,564,324
3897,45,542,214,730,393
3897,33,135,60,254,212
3898,45,542,214,730,393
3898,47,176,155,374,422
3898,7,413,115,564,324
3898,33,134,60,253,213
3899,47,176,155,374,422
3899,45,543,214,730,393
3899,7,413,115,564,324
3899,33,135,60,253,213
3900,47,176,155,374,422
3900,7,412,115,564,324
3900,33,135,61,253,213
3900,45,543,214,730,393
3901,7,412,115,564,324
3901,47,176,155,374,422
3901,33,135,61,253,213
3901,45,542,214,730,393
3901,50,0,89,54,192
3902,47,176,155,374,421
3902,33,135,61,253,213
3902,7,412,115,564,324
3902,50,0,89,54,192
3902,45,542,214,730,393
3903,50,0,89,54,192
3903,33,135,61,253,213
3903,47,176,155,374,421
3903,45,542,213,730,393
3903,7,411,115,563,324
3904,50,0,89,54,192
3904,47,176,155,374,422
3904,45,542,213,731,393
3904,33,134,61,253,214
3904,7,409,115,563,324
3905,47,176,155,374,421
3905,33,134,61,253,213
3905,50,0,89,54,192
3905,45,542,213,731,393
3905,7,405,115,563,324
3906,45,542,213,731,393
3906,47,176,155,374,422
3906,50,0,89,54,192
3906,33,134,61,253,213
3906,7,407,115,563,324
3907,47,176,155,374,422
3907,50,0,89,54,192
3907,33,134,61,253,213
3907,45,542,213,731,393
3907,7,411,115,563,324
3908,50,0,89,54,192
3908,47,176,155,374,422
3908,33,134,61,253,213
3908,45,542,213,731,393
3908,7,410,115,563,324
3909,45,542,213,731,393
3909,47,176,155,374,422
3909,33,134,61,253,213
3909,50,0,89,54,192
3909,7,408,115,563,324
3910,50,0,89,54,192
3910,47,176,155,374,422
3910,45,542,213,731,393
3910,33,135,61,253,213
3910,7,413,115,563,324
3911,45,542,213,731,393
3911,50,0,89,54,192
3911,47,176,155,375,421
3911,7,412,115,563,324
3911,33,134,61,253,213
3912,50,0,89,54,192
3912,45,542,214,731,393
3912,47,176,155,375,421
3912,33,134,61,253,213
3912,7,410,115,563,324
3913,50,0,89,54,192
3913,45,542,214,731,393
3913,33,134,61,253,213
3913,7,410,115,563,324
3913,47,176,155,375,422
3914,45,542,214,731,393
3914,50,0,89,54,192
3914,33,134,61,253,213
3914,47,176,155,376,422
3914,7,412,115,563,324
3915,50,0,89,54,192
3915,33,134,61,253,213
3915,45,542,214,731,393
3915,47,176,155,377,421
3915,7,407,115,563,324
3916,33,134,61,253,213
3916,45,543,214,731,393
3916,50,0,88,54,192
3916,47,176,155,379,421
3916,7,413,115,564,324
3917,33,134,61,253,213
3917,50,0,88,54,192
3917,7,413,115,564,324
3917,45,543,214,731,393
3917,47,176,155,382,422
3918,33,134,61,253,213
3918,50,0,88,54,192
3918,45,543,214,731,394
3918,7,413,115,564,324
3918,47,176,155,383,422
3919,50,0,88,54,192
3919,33,134,61,253,213
3919,45,543,214,731,394
3919,7,413,115,564,324
3919,47,176,155,384,422
3920,33,134,61,253,213
3920,50,0,88,54,192
3920,7,413,116,564,325
3920,45,543,214,731,394
3920,47,176,155,382,422
3921,33,134,61,253,213
3921,45,543,214,731,394
3921,50,0,89,54,192
3921,7,413,115,564,324
3921,47,176,155,380,422
3922,50,0,88,54,192
3922,33,134,61,253,213
3922,7,413,115,564,324
3922,45,543,214,731,394
3922,47,176,155,379,422
3923,45,543,214,731,394
3923,7,413,115,564,324
3923,33,134,61,253,214
3923,47,176,155,378,422
3923,50,0,88,54,192
3924,7,413,115,564,324
3924,33,134,61,253,214
3924,50,0,88,54,192
3924,45,543,214,731,394
3924,47,176,155,380,421
3925,33,134,61,254,213
3925,50,0,88,54,192
3925,45,543,214,731,394
3925,47,176,155,380,421
3925,7,412,115,564,324
3926,50,0,88,54,192
3926,47,176,155,380,421
3926,45,543,214,731,394
3926,33,134,61,253,214
3926,7,412,115,564,324
3927,33,134,61,253,214
3927,50,0,88,54,192
3927,47,176,155,381,422
3927,45,543,214,731,394
3927,7,409,115,564,324
3928,45,543,214,731,394
3928,50,0,88,54,192
3928,33,134,61,253,214
3928,47,176,155,381,422
3928,7,412,115,564,324
3929,7,412,115,564,324
3929,45,543,214,731,394
3929,33,134,61,253,214
3929,50,0,88,54,192
3929,47,175,155,380,422
3930,45,543,214,731,394
3930,33,134,61,253,214
3930,47,175,155,380,422
3930,50,0,88,54,192
3930,7,412,115,564,324
3931,45,543,214,731,394
3931,7,412,115,564,324
3931,33,134,61,253,214
3931,50,0,88,54,192
3931,47,175,155,380,422
3932,45,543,214,731,394
3932,50,0,88,53,192
3932,7,411,115,564,324
3932,47,175,155,379,422
3932,33,133,61,252,214
3933,45,543,214,731,394
3933,33,133,61,252,214
3933,7,411,115,564,324
3933,50,0,88,53,192
3933,47,174,155,377,422
3934,45,542,214,731,394
3934,47,174,155,377,422
3934,33,133,61,251,214
3934,50,0,88,53,192
3934,7,412,115,564,324
3935,33,133,61,252,214
3935,47,174,155,377,421
3935,7,412,115,564,324
3935,45,542,214,730,394
3935,50,0,89,53,192
3936,50,0,88,53,192
3936,7,412,115,564,324
3936,45,542,214,730,394
3936,47,174,155,376,422
3936,33,133,61,251,213
3937,45,542,214,730,394
3937,7,411,115,564,324
3937,47,174,155,375,422
3937,50,0,89,53,192
3937,33,132,61,250,213
3938,7,411,116,563,325
3938,47,174,155,376,422
3938,45,542,214,730,394
3938,33,132,61,250,213
3938,50,0,89,52,192
3939,50,0,89,53,192
3939,33,132,61,250,213
3939,47,174,155,376,422
3939,7,411,115,563,324
3939,45,541,214,730,394
3940,33,132,61,250,213
3940,50,0,89,53,192
3940,7,411,115,563,324
3940,45,541,214,730,394
3940,47,173,155,377,422
3941,45,541,214,730,394
3941,7,411,115,563,324
3941,47,173,155,377,421
3941,50,0,89,53,192
3941,33,132,61,250,213
3942,50,0,89,52,192
3942,7,411,115,563,324
3942,45,541,214,730,394
3942,33,132,61,250,213
3942,47,173,155,377,421
3943,33,131,60,250,213
3943,7,411,115,563,324
3943,45,540,214,730,394
3943,47,173,155,380,421
3944,7,411,115,563,324
3944,45,540,214,730,394
3944,33,131,60,250,213
3944,47,173,155,378,421
3945,7,411,115,563,324
3945,45,540,214,730,393
3945,33,131,60,249,213
3945,47,173,155,374,421
3946,7,411,115,563,324
3946,45,541,214,730,393
3946,33,131,60,249,213
3946,47,173,155,374,421
3947,47,173,155,374,421
3947,7,411,115,563,324
3947,45,542,214,729,393
3947,33,131,60,250,213
3948,47,173,155,374,421
3948,7,411,115,562,324
3948,45,541,214,729,393
3948,33,131,60,250,213
3949,47,173,155,374,421
3949,33,131,60,250,213
3949,45,541,214,729,393
3949,7,410,115,562,324
3950,7,410,115,562,324
3950,45,541,214,729,393
3950,33,131,60,250,213
3950,47,173,155,374,421
3951,45,541,214,729,393
3951,47,173,155,374,421
3951,33,131,60,250,213
3951,7,410,115,562,323
3952,45,541,214,729,393
3952,33,131,60,250,213
3952,7,410,115,562,323
3952,47,173,155,374,421
3953,47,173,155,374,421
3953,45,541,214,729,393
3953,7,410,115,563,323
3953,33,131,60,251,213
3954,7,410,115,563,323
3954,47,173,155,374,421
3954,45,541,214,729,392
3954,33,131,60,252,213
3955,7,411,115,563,323
3955,45,541,214,729,392
3955,47,174,155,374,421
3955,33,132,61,252,213
3956,7,411,115,563,323
3956,47,174,155,374,421
3956,33,132,61,252,213
3956,45,541,214,729,393
3957,7,411,115,563,323
3957,45,542,214,729,393
3957,47,174,155,374,421
3957,33,132,61,252,213
3958,47,174,155,374,421
3958,33,132,61,252,213
3958,7,411,115,563,324
3958,45,542,214,729,394
3959,47,174,155,374,421
3959,33,132,61,251,213
3959,7,410,115,563,323
3959,45,541,213,729,395
3960,33,132,61,251,213
3960,47,174,155,374,421
3960,7,410,116,562,323
3960,45,539,214,729,395
3961,47,174,156,373,420
3961,7,408,116,563,323
3961,33,133,60,250,213
3961,45,544,215,729,394
3962,33,133,60,250,213
3962,47,174,156,373,420
3962,7,408,116,563,323
3962,45,543,214,729,394
3963,47,174,156,373,420
3963,33,133,60,250,213
3963,7,408,116,563,323
3963,45,535,214,729,394
3964,33,133,60,250,213
3964,47,174,156,373,420
3964,7,409,116,563,322
3964,45,535,214,729,394
3965,33,133,60,250,213
3965,47,174,156,374,420
3965,7,410,116,563,322
3965,45,534,213,729,394
3966,33,133,60,250,213
3966,47,174,156,374,420
3966,7,410,116,563,322
3966,45,534,212,730,394
3967,7,410,116,563,322
3967,33,133,60,250,213
3967,47,174,156,374,420
3967,45,533,212,730,395
3968,33,133,60,250,213
3968,47,175,156,374,420
3968,7,411,116,563,322
3968,45,534,212,730,395
3969,47,174,156,374,420
3969,7,411,116,563,323
3969,45,537,212,730,395
3969,33,134,60,251,213
3970,47,174,156,374,420
3970,7,410,116,563,323
3970,33,133,60,251,213
3970,45,545,212,730,395
3971,47,174,156,374,420
3971,33,133,60,251,213
3971,7,409,116,563,323
3971,45,548,212,730,395
3972,47,174,156,374,420
3972,33,133,60,251,213
3972,7,409,116,563,323
3972,45,553,212,730,395
3973,47,174,156,374,419
3973,45,552,212,730,395
3973,7,408,116,563,323
3973,33,134,60,251,212
3974,33,134,60,251,212
3974,47,174,156,374,419
3974,7,409,116,563,322
3974,45,553,212,730,395
3975,33,134,60,251,212
3975,47,174,156,374,419
3975,45,553,213,730,395
3975,7,410,116,563,322
3976,7,410,116,563,322
3976,47,174,156,374,419
3976,45,554,213,730,395
3976,33,133,60,251,213
3977,33,133,60,251,213
3977,7,410,116,563,322
3977,47,174,156,374,419
3977,45,555,213,730,394
3978,7,410,116,563,322
3978,47,174,156,374,419
3978,33,133,60,251,213
3978,45,555,213,730,394
3979,47,173,156,374,419
3979,45,555,213,730,394
3979,7,409,116,563,322
3979,33,134,60,251,212
3980,45,555,214,730,394
3980,47,173,156,373,419
3980,7,408,116,563,322
3980,33,133,60,251,213
3981,47,173,156,373,419
3981,45,556,214,730,394
3981,7,409,116,563,323
3981,33,134,60,252,212
3982,45,555,214,730,394
3982,47,172,156,374,419
3982,7,409,116,563,323
3982,33,133,60,251,214
3983,47,172,155,374,419
3983,33,133,60,252,214
3983,7,408,116,563,323
3983,45,554,214,730,394
3984,45,554,214,730,394
3984,7,408,116,563,323
3984,33,133,60,252,214
3984,47,172,155,373,419
3985,7,408,116,563,323
3985,47,172,155,373,419
3985,45,555,214,730,394
3985,33,134,60,252,212
3986,7,408,116,563,323
3986,47,172,154,372,419
3986,45,554,214,730,395
3986,33,133,60,251,214
3987,45,554,214,730,395
3987,7,408,116,563,323
3987,47,172,154,372,419
3987,33,133,60,252,213
3988,45,555,214,730,395
3988,7,408,116,563,323
3988,47,172,153,372,419
3988,33,134,60,252,212
3989,47,172,153,372,419
3989,33,134,60,252,212
3989,45,555,214,730,394
3989,7,408,116,563,323
3990,45,555,214,730,394
3990,33,134,60,252,212
3990,47,172,153,372,419
3990,7,410,116,563,323
3991,45,555,214,730,394
3991,7,409,116,564,322
3991,47,172,152,372,419
3991,33,134,60,252,211
3992,45,555,214,730,394
3992,47,172,151,372,419
3992,33,134,60,252,211
3992,7,406,116,564,323
3993,45,555,214,730,394
3993,33,134,60,252,211
3993,47,172,150,372,419
3993,7,407,116,564,323
3994,45,555,214,730,394
3994,33,134,60,252,211
3994,47,171,149,372,419
3994,7,410,116,564,323
3995,45,555,214,730,395
3995,33,134,60,251,212
3995,47,171,149,372,420
3995,7,411,116,564,323
3996,45,555,214,730,395
3996,33,134,60,251,212
3996,47,170,147,373,420
3996,7,412,116,564,323
3997,45,555,214,730,395
3997,47,170,146,372,420
3997,7,412,115,564,323
3997,33,134,60,251,211
3998,45,555,214,730,395
3998,33,134,60,250,211
3998,47,168,145,372,420
3998,7,411,115,565,323
3999,45,555,214,730,395
3999,33,134,60,250,212
3999,47,167,145,372,420
3999,7,403,114,565,323
4000,45,555,214,730,395
4000,33,134,60,250,212
4000,47,165,144,372,420
4000,7,413,113,565,323
4001,45,554,214,730,395
4001,33,134,60,250,212
4001,7,412,112,565,323
4001,47,164,145,372,420
4002,45,554,214,730,395
4002,33,134,60,250,212
4002,47,162,144,372,420
4002,7,417,112,566,323
4003,45,554,214,730,395
4003,33,134,60,251,212
4003,47,160,143,372,420
4003,7,416,110,566,323
4004,45,554,214,730,395
4004,33,133,61,249,212
4004,47,157,144,371,420
4004,7,396,108,567,323
4005,33,133,61,250,212
4005,45,554,214,730,395
4005,7,397,106,567,323
4005,47,156,145,371,419
4006,45,554,214,730,394
4006,47,154,145,370,419
4006,33,133,60,248,211
4006,7,399,103,567,323
4007,45,554,214,729,394
4007,33,133,61,249,212
4007,7,398,101,568,323
4007,47,152,140,371,419
4008,33,133,61,249,212
4008,45,553,214,729,394
4008,47,150,140,371,419
4008,7,403,97,568,323
4009,45,553,214,730,394
4009,33,133,61,249,212
4009,47,147,142,371,418
4009,7,414,94,569,323
4010,45,553,214,730,394
4010,47,145,141,371,419
4010,33,133,61,252,212
4010,7,428,91,570,323
4011,45,553,214,730,393
4011,47,143,146,371,420
4011,7,436,88,571,323
4011,33,132,60,257,219
4012,45,554,214,730,393
4012,47,141,146,371,419
4012,33,132,60,255,220
4012,7,438,83,573,322
4013,45,554,214,730,393
4013,7,437,80,573,322
4013,47,139,150,371,420
4013,33,133,60,252,215
4014,45,554,214,730,393
4014,47,135,151,371,420
4014,7,438,75,577,322
4014,33,132,60,252,226
4015,45,554,214,730,393
4015,47,130,154,372,420
4015,33,133,60,251,221
4015,7,433,71,580,323
4016,45,553,213,730,393
4016,33,132,60,251,224
4016,47,126,151,372,421
4016,7,438,67,582,322
4017,45,553,213,730,393
4017,33,133,60,251,224
4017,47,119,149,371,422
4017,7,438,64,585,322
4018,45,554,213,730,393
4018,47,113,146,369,423
4018,7,439,60,591,322
4018,33,137,60,252,238
4019,45,554,213,730,393
4019,33,136,61,254,239
4019,7,439,56,596,322
4019,47,107,150,366,425
4020,45,554,213,731,393
4020,7,439,52,599,322
4020,47,102,150,361,426
4020,33,135,60,252,247
4020,51,476,51,598,183
4021,45,554,213,731,393
4021,33,137,59,252,245
4021,7,439,48,603,322
4021,47,97,152,355,428
4022,45,554,213,731,394
4022,33,138,59,252,251
4022,7,439,45,609,322
4022,47,92,152,347,429
4023,33,138,59,252,252
4023,45,554,214,731,392
4023,7,440,42,610,323
4023,47,91,151,341,434
4024,45,554,214,731,393
4024,33,137,59,252,253
4024,7,440,39,614,322
4024,47,88,152,333,436
4025,45,554,213,731,394
4025,7,440,39,616,322
4025,33,137,60,253,252
4025,47,85,153,325,438
4025,51,483,39,617,186
4026,45,554,213,731,393
4026,7,443,37,619,321
4026,47,82,152,317,440
4026,33,138,58,252,212
4027,45,554,213,731,392
4027,33,138,58,252,208
4027,7,446,36,620,320
4027,47,80,153,308,445
4028,33,138,58,252,208
4028,45,555,213,731,393
4028,7,451,33,623,321
4028,47,78,151,297,452
4029,45,555,214,731,393
4029,33,137,59,251,208
4029,7,453,32,623,320
4029,47,76,152,289,457
4030,45,555,213,731,393
4030,33,138,59,252,208
4030,47,76,153,284,458
4030,7,459,31,625,320
4031,45,555,213,731,393
4031,33,138,59,252,208
4031,47,75,153,280,460
4031,7,463,31,628,320
4032,45,554,213,731,393
4032,33,137,58,252,209
4032,47,75,154,275,458
4032,7,466,31,629,321
4032,52,74,154,274,341
4033,45,554,213,731,393
4033,33,137,58,252,209
4033,7,469,30,630,321
4033,52,74,155,271,339
4034,45,555,213,731,393
4034,33,137,59,252,210
4034,52,74,156,271,340
4034,7,471,30,633,321
4035,45,555,213,731,393
4035,52,74,156,272,342
4035,7,474,30,634,322
4035,33,137,59,252,229
4036,45,555,213,731,393
4036,52,75,156,272,342
4036,7,476,30,635,322
4036,33,136,59,252,209
4037,45,554,213,731,393
4037,52,76,156,272,342
4037,33,136,59,252,210
4037,7,477,30,637,322
4038,33,136,59,252,210
4038,45,555,213,731,393
4038,52,76,156,272,343
4038,7,479,30,639,322
4039,45,555,213,731,393
4039,33,136,58,251,210
4039,52,77,156,272,344
4039,7,480,31,640,322
4040,45,554,213,731,394
4040,7,480,31,640,323
4040,52,78,157,272,344
4040,33,135,59,251,211
4041,45,554,214,731,394
4041,33,135,59,251,210
4041,7,480,33,641,323
4041,52,80,157,272,344
4042,33,135,59,251,211
4042,7,479,34,641,323
4042,45,556,213,731,394
4042,52,81,157,271,345
4043,45,556,213,731,394
4043,7,480,34,641,323
4043,52,82,156,271,345
4043,33,134,59,250,210
4044,45,556,213,730,394
4044,7,480,35,642,323
4044,33,135,59,251,210
4044,52,82,158,270,347
4045,45,556,213,731,394
4045,33,135,59,251,209
4045,7,480,37,643,323
4045,52,84,159,269,348
4046,45,556,213,731,394
4046,33,135,59,251,208
4046,7,481,38,643,322
4046,52,84,161,268,348
4047,45,555,213,730,394
4047,33,135,59,251,209
4047,7,483,39,644,323
4047,52,85,164,267,349
4048,45,555,213,731,394
4048,52,86,164,267,351
4048,7,485,40,644,321
4048,33,134,59,251,210
4049,45,555,213,731,394
4049,33,134,59,251,210
4049,52,86,166,268,352
4049,7,488,41,644,320
4050,45,555,213,731,394
4050,33,134,59,251,211
4050,7,489,42,644,318
4050,52,87,167,269,354
4051,45,555,213,731,394
4051,33,134,59,251,209
4051,7,489,43,645,316
4051,52,87,169,269,358
4052,33,134,59,251,209
4052,45,555,212,731,394
4052,7,490,44,645,314
4052,52,87,170,269,365
4053,45,555,213,731,394
4053,33,134,59,251,209
4053,52,87,170,269,368
4053,7,490,47,646,310
4054,45,555,213,731,394
4054,33,134,59,251,209
4054,7,489,49,646,309
4054,52,86,170,269,369
4055,45,554,213,731,394
4055,33,135,59,251,208
4055,52,85,170,269,370
4055,7,488,49,646,307
4056,45,554,213,731,394
4056,33,135,59,251,209
4056,52,84,170,269,368
4056,7,488,50,646,306
4057,45,554,213,731,394
4057,33,135,59,251,209
4057,52,84,170,269,369
4057,7,487,51,646,306
4058,45,554,213,731,394
4058,33,135,59,252,209
4058,7,486,51,646,306
4058,52,84,171,269,368
4059,45,554,213,731,394
4059,7,486,52,646,306
4059,33,135,59,252,210
4059,52,85,172,269,368
4060,45,554,213,731,394
4060,7,485,52,646,305
4060,33,134,59,251,211
4060,52,86,175,269,370
4061,45,554,213,731,394
4061,7,485,52,646,305
4061,33,134,59,251,213
4061,52,87,176,269,373
4062,45,554,213,731,394
4062,7,485,53,646,304
4062,33,134,59,251,213
4062,52,88,177,269,375
4063,45,554,213,731,394
4063,7,485,53,646,304
4063,33,135,59,252,213
4063,52,89,178,269,379
4064,45,554,213,731,394
4064,7,485,54,646,304
4064,33,135,59,252,215
4064,52,91,180,269,382
4065,45,554,213,731,394
4065,7,484,54,646,304
4065,33,135,59,252,215
4065,52,92,181,269,384
4066,45,554,213,731,394
4066,7,484,54,646,304
4066,33,135,59,252,214
4066,52,92,182,268,386
4067,45,554,213,731,394
4067,33,135,59,252,215
4067,7,483,54,646,304
4067,52,92,183,268,387
4068,45,554,213,731,394
4068,7,483,55,646,304
4068,52,92,184,268,388
4068,33,134,59,252,217
4069,45,554,213,731,394
4069,7,483,54,646,304
4069,52,92,185,268,388
4069,33,135,59,252,216
4070,45,554,213,731,394
4070,33,135,59,252,216
4070,52,92,185,268,386
4070,7,482,55,646,305
4071,45,554,213,731,394
4071,7,482,55,646,305
4071,52,91,185,268,384
4071,33,134,59,252,219
4072,45,554,213,731,394
4072,7,482,55,646,305
4072,33,134,59,253,220
4072,52,90,186,268,382
4073,45,554,213,731,394
4073,7,481,54,646,305
4073,33,134,59,253,220
4073,52,89,186,268,381
4074,45,554,213,731,394
4074,7,481,54,646,305
4074,33,134,58,253,219
4074,52,89,186,268,382
4075,45,554,213,731,394
4075,7,481,54,646,305
4075,33,134,58,253,218
4075,52,90,186,267,383
4076,45,554,213,731,394
4076,7,481,54,646,305
4076,33,135,58,253,218
4076,52,91,186,265,384
4077,7,481,54,646,305
4077,45,554,213,731,394
4077,33,135,58,253,217
4077,52,93,186,264,387
4078,7,481,54,646,305
4078,45,555,213,731,394
4078,33,135,58,253,217
4078,52,95,186,262,388
4079,7,481,54,646,305
4079,45,555,213,731,394
4079,33,135,58,253,218
4079,52,96,185,263,389
4080,7,481,54,646,305
4080,45,555,213,731,393
4080,52,98,186,262,387
4080,33,134,58,253,226
4081,7,482,54,647,306
4081,45,557,213,730,394
4081,52,99,187,263,384
4081,33,133,60,252,242
4082,45,557,213,730,394
4082,7,482,54,647,306
4082,33,133,60,252,241
4082,52,99,186,263,383
4083,45,557,213,730,393
4083,7,482,54,647,306
4083,33,133,60,252,241
4083,52,99,186,262,381
4084,45,557,213,730,393
4084,7,481,54,647,306
4084,33,133,60,252,242
4084,52,98,186,262,380
4085,45,557,213,730,393
4085,7,481,54,647,306
4085,52,98,186,262,379
4085,33,133,60,252,241
4086,7,481,54,647,306
4086,45,557,213,730,393
4086,33,133,60,252,240
4086,52,98,186,262,380
4087,45,557,213,730,393
4087,7,481,54,647,306
4087,33,133,60,252,239
4087,52,97,186,261,380
4088,7,481,54,647,306
4088,45,557,212,730,393
4088,33,133,60,252,238
4088,52,98,185,261,381
4089,7,481,54,646,306
4089,45,556,212,730,393
4089,33,133,60,252,237
4089,52,98,185,261,384
4090,7,481,54,646,306
4090,45,556,212,730,393
4090,52,98,184,260,386
4090,33,134,59,253,233
4091,7,481,54,646,306
4091,45,556,212,730,393
4091,52,98,184,260,388
4091,33,133,60,252,238
4092,7,481,54,646,306
4092,45,556,212,730,393
4092,52,97,184,260,388
4092,33,133,60,252,237
4093,45,556,212,730,393
4093,7,481,54,646,306
4093,33,133,60,252,238
4093,52,96,184,260,387
4094,7,481,54,646,306
4094,33,133,60,252,238
4094,45,555,213,730,393
4094,52,95,184,261,385
4095,7,481,54,646,306
4095,45,555,213,730,394
4095,33,134,60,252,240
4095,52,94,184,261,383
4096,7,481,54,646,306
4096,45,555,213,730,394
4096,33,134,60,252,240
4096,52,94,184,262,383
4097,7,481,54,646,306
4097,45,555,213,730,394
4097,33,134,60,253,241
4097,52,94,184,262,383
4098,33,134,60,253,241
4098,7,481,54,646,306
4098,45,555,213,730,394
4098,52,94,184,261,384
4099,33,134,60,253,241
4099,7,481,54,646,306
4099,52,94,184,261,384
4099,45,557,212,731,394
4100,45,557,212,731,394
4100,33,134,60,253,240
4100,7,481,54,646,306
4100,52,95,184,262,386
4101,33,134,60,253,240
4101,7,481,54,646,307
4101,45,557,212,730,394
4101,52,96,184,261,389
4102,7,481,54,646,307
4102,45,557,212,730,394
4102,33,134,60,253,241
4102,52,97,183,261,390
4103,45,557,212,731,394
4103,7,481,54,646,307
4103,33,134,60,253,241
4103,52,97,181,261,389
4104,7,481,54,646,307
4104,45,557,212,731,394
4104,33,134,60,253,242
4104,52,97,182,261,389
4105,7,481,54,646,307
4105,45,557,212,731,394
4105,33,134,60,253,242
4105,52,96,182,261,386
4106,7,481,54,646,307
4106,45,557,212,730,394
4106,33,134,60,253,242
4106,52,96,182,261,384
4107,7,481,54,646,307
4107,45,557,212,731,393
4107,33,134,60,253,241
4107,52,95,182,262,383
4108,7,481,54,646,307
4108,45,557,212,731,394
4108,33,133,60,253,241
4108,52,94,182,262,382
4109,7,481,54,646,307
4109,45,557,212,731,394
4109,52,94,182,262,383
4109,33,133,60,253,240
4110,7,481,54,646,307
4110,45,557,212,731,394
4110,52,94,182,262,383
4110,33,133,60,253,240
4111,7,481,54,646,307
4111,45,556,212,731,394
4111,33,133,60,253,239
4111,52,94,182,263,385
4112,7,481,54,647,307
4112,45,556,212,731,394
4112,33,133,60,253,238
4112,52,94,182,264,386
4113,7,481,54,647,307
4113,45,556,212,731,394
4113,33,133,60,252,237
4113,52,95,182,264,388
4114,7,481,54,647,307
4114,45,556,212,731,394
4114,33,133,60,252,237
4114,52,95,182,264,391
4115,7,481,54,647,306
4115,45,557,212,731,395
4115,33,133,60,252,238
4115,52,96,181,265,391
4116,7,482,54,647,306
4116,52,96,181,265,391
4116,45,556,212,731,395
4116,33,134,60,252,230
4117,45,556,212,731,395
4117,7,481,54,647,306
4117,52,96,181,264,390
4117,33,134,59,252,217
4118,45,556,213,731,395
4118,7,481,54,647,307
4118,33,134,59,252,218
4118,52,95,181,264,386
4119,7,481,54,646,307
4119,45,556,213,731,395
4119,33,134,60,252,220
4119,52,93,181,263,384
4120,7,481,54,646,307
4120,45,556,213,731,395
4120,52,92,181,263,383
4120,33,134,60,252,223
4121,52,92,181,263,383
4121,7,481,54,646,307
4121,45,555,213,731,395
4121,33,134,59,252,222
4122,7,481,54,646,307
4122,45,555,213,731,395
4122,52,92,182,264,383
4122,33,133,60,251,230
4123,7,481,54,646,307
4123,45,556,213,730,395
4123,33,133,60,251,229
4123,52,92,182,265,384
4124,45,555,213,730,395
4124,7,481,54,646,307
4124,52,92,183,265,386
4124,33,132,60,251,237
4125,7,481,54,646,307
4125,45,555,213,730,395
4125,33,132,61,251,235
4125,52,92,183,265,388
4126,7,481,54,646,307
4126,45,556,213,730,395
4126,33,132,60,251,236
4126,52,93,183,265,390
4127,7,481,54,646,307
4127,33,132,60,251,236
4127,45,556,213,730,395
4127,52,94,183,265,392
4128,7,481,54,646,307
4128,45,556,213,730,395
4128,52,95,183,265,392
4128,33,132,60,251,237
4129,45,556,213,730,394
4129,7,480,54,646,307
4129,33,132,60,251,236
4129,52,95,183,262,392
4130,33,132,60,251,236
4130,45,556,213,730,394
4130,7,480,54,646,307
4130,52,95,180,260,391
4131,45,556,213,730,394
4131,7,480,54,646,307
4131,33,132,60,251,234
4131,52,95,182,260,389
4132,45,556,212,730,394
4132,7,481,54,646,307
4132,33,132,60,251,235
4132,52,95,180,260,386
4133,7,481,54,646,306
4133,45,556,212,731,394
4133,33,132,60,251,232
4133,52,92,182,259,382
4134,7,481,54,646,306
4134,45,556,212,731,394
4134,52,92,182,259,380
4134,33,133,60,251,230
4135,45,556,212,731,394
4135,7,481,54,646,306
4135,33,133,60,251,229
4135,52,91,182,261,381
4136,45,556,212,731,394
4136,7,481,54,646,305
4136,52,92,181,261,382
4136,33,133,58,251,220
4137,7,481,54,646,305
4137,45,556,212,731,394
4137,33,133,58,252,220
4137,52,92,181,263,383
4138,45,556,212,731,395
4138,7,481,54,646,306
4138,33,133,58,252,219
4138,52,92,182,260,384
4139,7,481,54,646,306
4139,45,556,212,731,395
4139,33,133,58,251,218
4139,52,92,182,261,387
4140,7,481,54,646,306
4140,45,556,212,731,395
4140,33,133,58,251,218
4140,52,93,182,261,390
4141,7,481,54,646,306
4141,45,556,212,731,395
4141,33,133,58,251,218
4141,52,93,181,261,391
4142,7,481,54,646,306
4142,45,556,212,731,395
4142,52,94,182,261,392
4142,33,133,58,251,220
4143,7,481,54,646,306
4143,45,555,213,731,395
4143,52,94,181,260,392
4143,33,132,58,251,219
4144,52,94,181,260,392
4144,7,480,54,646,306
4144,45,555,213,731,395
4144,33,132,58,251,221
4145,45,555,213,731,395
4145,7,480,54,647,306
4145,33,132,59,251,222
4145,52,94,180,260,390
4146,45,555,213,731,395
4146,7,480,54,647,306
4146,33,132,59,251,220
4146,52,92,181,258,388
4147,45,555,213,731,395
4147,7,480,54,647,306
4147,33,132,59,251,220
4147,52,92,181,258,385
4148,45,555,213,731,395
4148,7,481,54,647,306
4148,33,132,59,251,220
4148,52,92,181,259,383
4149,7,481,54,648,306
4149,45,556,213,731,395
4149,52,92,180,261,382
4149,33,132,59,251,225
4150,7,481,54,648,306
4150,45,556,212,731,395
4150,33,132,59,251,225
4150,52,92,181,259,381
4151,7,481,54,648,305
4151,52,92,181,260,381
4151,45,556,212,731,396
4151,33,133,58,252,229
4152,7,481,54,648,306
4152,45,557,212,732,396
4152,52,93,180,262,382
4152,33,133,58,252,233
4153,7,482,54,649,306
4153,45,557,212,732,395
4153,52,94,180,264,382
4153,33,133,59,252,238
4154,7,482,54,649,305
4154,45,558,212,732,396
4154,52,95,179,263,384
4154,33,135,58,253,240
4155,7,483,53,650,305
4155,45,559,212,733,395
4155,33,136,58,254,240
4155,52,96,181,264,386
4156,7,483,53,650,305
4156,45,559,212,733,394
4156,33,136,58,254,242
4156,52,97,179,265,387
4157,7,483,53,650,305
4157,33,135,58,254,242
4157,45,559,212,734,394
4157,52,98,180,265,389
4158,45,559,212,734,394
4158,7,483,53,651,305
4158,33,135,58,255,242
4158,52,99,179,266,389
4159,7,483,53,651,305
4159,45,560,212,734,394
4159,52,99,180,266,389
4159,33,135,59,255,242
4160,45,560,212,734,394
4160,7,484,53,651,305
4160,52,99,179,266,387
4160,33,136,58,255,242
4161,7,484,52,651,305
4161,45,561,212,734,394
4161,33,136,58,255,241
4161,52,99,181,265,386
4162,7,484,52,651,305
4162,45,561,212,734,394
4162,33,136,58,255,241
4162,52,98,179,265,384
4163,7,484,52,651,305
4163,45,561,212,734,394
4163,33,137,58,255,241
4163,52,97,181,265,383
4164,7,484,52,651,305
4164,45,560,212,734,394
4164,33,137,58,255,239
4164,52,97,181,267,380
4165,7,484,52,651,305
4165,45,561,212,734,394
4165,33,137,58,255,239
4165,52,97,181,267,380
4166,7,484,52,651,305
4166,33,137,58,255,239
4166,45,560,212,734,394
4166,52,96,181,267,380
4167,7,484,52,651,305
4167,33,137,58,255,239
4167,45,560,212,734,394
4167,52,96,181,267,383
4168,45,560,212,734,394
4168,7,484,52,651,305
4168,33,137,58,255,240
4168,52,96,181,267,384
4169,45,560,212,734,394
4169,7,483,52,651,304
4169,33,137,58,255,239
4169,52,96,180,267,386
4170,7,484,52,651,304
4170,45,560,212,734,394
4170,33,137,58,255,240
4170,52,96,180,267,388
4171,45,560,211,734,394
4171,33,137,58,255,240
4171,7,483,52,651,303
4171,52,97,180,268,387
4172,45,560,211,734,394
4172,7,483,52,651,303
4172,33,137,58,255,240
4172,52,96,180,267,386
4173,45,560,211,734,394
4173,7,483,52,651,304
4173,33,137,58,255,240
4173,52,97,180,267,385
4174,45,560,211,734,394
4174,7,483,52,651,304
4174,33,136,58,254,239
4174,52,97,180,267,385
4175,33,136,58,254,240
4175,45,559,211,734,394
4175,7,483,52,651,305
4175,52,97,180,266,384
4176,7,483,52,651,305
4176,45,559,211,734,394
4176,33,137,58,254,239
4176,52,97,180,266,382
4177,45,559,211,734,394
4177,7,483,52,651,305
4177,33,136,58,254,240
4177,52,96,180,266,377
4178,45,559,211,733,394
4178,7,483,52,651,304
4178,33,136,58,254,240
4178,52,98,181,267,372
4179,45,559,211,733,394
4179,33,136,57,254,240
4179,7,483,52,651,305
4179,52,91,180,267,368
4180,45,559,211,733,394
4180,33,136,57,254,240
4180,7,483,52,650,304
4180,52,79,180,268,367
4181,7,483,51,650,304
4181,33,136,57,254,240
4181,45,558,211,733,394
4181,52,65,180,268,368
4182,7,483,51,650,304
4182,45,558,211,733,394
4182,33,136,57,254,239
4182,52,61,180,268,368
4183,7,483,51,650,304
4183,45,558,211,733,394
4183,52,62,180,268,368
4183,33,136,57,254,239
4184,45,558,211,733,394
4184,7,483,51,650,304
4184,33,136,57,254,239
4184,52,64,180,268,368
4185,45,557,211,732,394
4185,7,482,51,650,305
4185,33,135,57,254,238
4185,52,73,179,267,369
4186,7,482,51,649,304
4186,33,135,58,253,238
4186,45,556,212,732,394
4186,52,81,180,267,368
4187,7,481,51,649,304
4187,45,557,211,732,394
4187,33,135,58,253,237
4187,52,92,180,266,367
4188,45,557,211,731,394
4188,7,481,51,648,305
4188,33,134,58,252,235
4188,52,98,180,264,368
4189,7,481,51,648,304
4189,45,556,211,731,394
4189,33,134,58,252,233
4189,52,101,180,263,368
4190,45,556,211,731,394
4190,7,481,51,648,304
4190,33,134,58,251,232
4190,52,101,179,263,369
4191,7,481,51,648,304
4191,45,555,211,731,394
4191,52,101,179,263,370
4191,33,133,58,251,230
4192,45,555,211,731,394
4192,33,133,58,251,230
4192,7,481,51,648,305
4192,52,100,179,262,371
4193,7,481,51,648,305
4193,45,555,211,731,394
4193,33,133,58,251,231
4193,52,100,179,262,371
4194,45,555,211,731,394
4194,7,481,51,648,305
4194,33,133,58,251,231
4194,52,99,179,262,371
4195,7,480,51,648,305
4195,45,555,211,731,394
4195,52,99,179,262,372
4195,33,133,58,251,232
4196,33,133,58,251,232
4196,45,555,211,730,394
4196,7,480,51,647,305
4196,52,98,179,262,372
4197,45,555,211,731,394
4197,33,134,58,251,233
4197,7,481,51,647,304
4197,52,97,179,261,373
4198,7,481,51,647,304
4198,52,97,178,261,373
4198,33,133,58,251,231
4198,45,554,212,731,394
4199,45,554,212,731,394
4199,7,481,51,647,303
4199,52,97,178,262,372
4199,33,134,58,251,230
4200,45,554,212,731,394
4200,7,481,51,647,304
4200,52,96,178,262,372
4200,33,134,58,252,228
4201,7,481,52,648,306
4201,45,557,213,731,395
4201,52,96,176,267,371
4201,33,133,58,252,236
4202,7,481,52,648,306
4202,45,557,213,731,395
4202,52,96,177,267,370
4202,33,132,58,251,234
4203,7,481,52,648,306
4203,45,557,213,731,395
4203,52,94,176,267,372
4203,33,133,59,252,231
4204,7,481,52,648,306
4204,45,557,213,731,395
4204,52,93,176,267,373
4204,33,133,58,252,218
4205,45,557,213,731,395
4205,7,481,52,648,306
4205,52,93,177,266,374
4205,33,133,58,252,212
4206,45,557,213,731,395
4206,7,481,52,648,306
4206,52,92,177,267,375
4206,33,133,58,252,211
4207,7,481,52,648,306
4207,45,557,213,731,395
4207,33,133,58,252,211
4207,52,91,176,266,375
4208,45,557,213,731,395
4208,7,481,52,648,306
4208,33,134,58,252,211
4208,52,89,176,266,377
4209,7,481,52,648,306
4209,45,557,212,731,395
4209,33,134,58,252,209
4209,52,86,176,266,381
4210,7,481,52,648,306
4210,45,557,212,731,395
4210,33,134,58,251,209
4210,52,82,175,264,378
4211,7,481,52,648,306
4211,45,557,213,731,395
4211,33,134,58,252,208
4211,52,79,174,265,382
4212,7,481,52,648,306
4212,45,557,213,731,396
4212,33,135,58,252,207
4212,52,71,177,262,378
4212,53,58,177,266,478
4212,54,542,213,732,476
4213,7,481,52,648,306
4213,45,557,213,731,396
4213,33,135,58,252,207
4213,52,72,176,262,382
4214,7,481,52,648,306
4214,45,557,213,731,396
4214,33,135,58,252,207
4214,54,541,213,731,476
4214,52,68,174,260,381
4215,7,481,52,648,305
4215,54,541,213,731,476
4215,45,557,212,731,397
4215,33,135,58,252,208
4215,52,57,175,254,380
4216,7,481,52,648,305
4216,54,541,213,731,476
4216,45,557,213,731,396
4216,33,135,58,252,208
4216,52,53,176,253,383
4217,33,135,58,252,208
4217,7,481,52,648,306
4217,45,554,213,731,392
4217,52,43,177,250,385
4218,7,481,52,648,306
4218,33,136,58,252,209
4218,52,36,178,248,385
4218,45,557,213,731,397
4219,7,481,52,648,306
4219,45,558,212,731,396
4219,33,135,58,252,210
4219,52,12,180,248,385
4220,7,481,52,648,306
4220,33,135,58,252,210
4220,45,557,212,731,396
4220,52,2,181,242,407
4221,45,557,213,731,396
4221,7,481,52,648,306
4221,33,135,58,252,211
4221,52,0,183,241,399
4222,7,481,52,648,306
4222,45,557,212,731,396
4222,33,135,58,252,211
4222,52,0,185,240,412
4223,7,481,52,648,306
4223,45,557,213,731,396
4223,33,135,58,252,212
4223,52,0,186,239,410
4224,33,135,58,252,212
4224,7,481,52,648,305
4224,45,556,213,731,396
4224,52,0,188,238,400
4225,7,481,53,647,305
4225,45,556,213,731,396
4225,33,135,58,252,211
4225,52,0,190,237,393
4226,7,481,53,647,305
4226,33,134,58,252,212
4226,45,554,213,731,395
4226,52,0,192,235,389
4227,7,481,53,647,305
4227,33,134,58,252,212
4227,45,554,213,730,395
4227,52,0,196,230,377
4228,7,481,53,647,305
4228,33,134,58,252,212
4228,45,554,213,730,395
4228,52,0,198,226,375
4229,7,481,53,647,305
4229,33,134,58,252,211
4229,45,554,213,730,394
4229,52,0,201,224,373
4230,33,134,58,252,212
4230,45,554,213,730,394
4230,7,481,53,647,305
4230,52,0,204,223,374
4231,33,134,58,252,212
4231,7,481,53,647,305
4231,45,554,213,730,394
4231,52,0,208,222,375
4232,7,481,53,647,305
4232,45,554,213,730,395
4232,33,134,58,252,211
4232,52,0,213,220,376
4233,7,481,53,647,305
4233,45,554,213,730,395
4233,33,134,58,252,212
4233,52,0,218,218,382
4234,7,481,53,647,305
4234,33,134,58,252,212
4234,45,556,213,731,395
4234,52,0,222,216,381
4235,7,481,53,647,305
4235,33,135,58,252,211
4235,45,556,213,731,395
4235,52,0,225,218,382
4236,7,481,53,647,305
4236,45,556,213,731,394
4236,33,135,58,252,212
4236,52,0,228,217,382
4237,45,556,213,731,394
4237,7,481,53,648,306
4237,33,135,58,253,211
4237,52,0,230,218,382
4238,7,481,53,648,305
4238,33,135,58,253,211
4238,45,557,212,731,395
4238,52,0,232,217,382
4239,7,481,53,648,305
4239,45,557,212,731,395
4239,33,135,58,253,211
4239,52,0,235,216,382
4240,7,481,53,648,305
4240,33,135,58,253,211
4240,45,557,212,731,395
4240,52,0,238,214,382
4241,7,481,53,648,305
4241,33,135,58,253,211
4241,45,557,212,731,395
4241,52,0,239,213,382
4242,7,481,53,648,305
4242,45,557,212,731,394
4242,33,135,57,253,211
4242,52,0,241,212,384
4243,7,481,53,648,305
4243,45,557,212,731,394
4243,33,135,57,253,211
4243,52,0,241,211,385
4244,7,481,53,648,305
4244,33,135,57,253,211
4244,45,557,212,731,395
4244,52,0,241,211,386
4245,33,135,57,253,211
4245,45,557,212,731,394
4245,7,481,53,648,305
4245,52,0,239,210,387
4246,33,135,57,253,211
4246,45,557,212,731,394
4246,7,482,53,648,305
4246,52,0,238,210,388
4247,33,135,57,253,211
4247,7,481,53,648,305
4247,45,557,212,731,394
4247,52,0,239,211,388
4248,7,482,53,648,305
4248,33,136,57,253,211
4248,45,557,212,731,395
4248,52,0,238,211,386
4249,7,482,53,648,305
4249,33,136,57,253,211
4249,45,557,212,731,395
4249,52,0,238,211,385
4250,7,482,53,648,305
4250,33,136,57,253,211
4250,52,0,238,211,385
4250,45,556,212,731,395
4251,7,482,53,648,305
4251,33,136,57,253,211
4251,45,556,212,731,395
4251,52,0,238,211,385
4252,7,482,53,648,305
4252,33,136,57,253,211
4252,45,556,212,731,395
4252,52,0,238,211,385
4253,33,136,57,253,211
4253,7,482,53,648,305
4253,45,556,212,731,395
4253,52,0,238,211,385
4254,33,136,57,253,211
4254,45,556,212,731,395
4254,7,482,53,648,305
4254,52,0,239,211,385
4255,45,556,212,731,395
4255,33,136,57,253,211
4255,7,482,53,648,305
4255,52,0,239,211,384
4256,33,136,57,253,211
4256,45,556,212,731,395
4256,7,482,53,648,305
4256,52,0,239,211,384
4257,7,482,53,648,305
4257,33,136,57,253,211
4257,52,0,240,212,385
4257,45,558,212,731,395
4258,7,482,53,648,305
4258,33,136,57,253,211
4258,45,558,212,731,395
4258,52,0,240,212,385
4259,7,482,53,649,304
4259,33,136,57,254,211
4259,52,0,238,211,385
4259,45,555,212,731,392
4260,33,136,57,254,210
4260,7,482,53,649,304
4260,52,0,239,211,385
4260,45,557,212,731,395
4261,52,0,239,211,385
4261,33,136,57,254,210
4261,7,482,53,649,304
4261,45,558,212,731,394
4262,33,136,57,254,210
4262,45,558,211,732,394
4262,7,482,53,649,304
4262,52,0,238,211,386
4263,33,136,57,254,210
4263,7,482,52,650,304
4263,45,558,212,732,394
4263,52,0,239,211,389
4264,33,136,57,254,210
4264,7,482,52,649,304
4264,52,0,238,211,388
4264,45,556,212,732,394
4265,33,136,57,254,210
4265,45,556,212,732,394
4265,52,0,238,211,388
4265,7,482,52,649,304
4266,33,136,57,254,210
4266,45,556,212,732,394
4266,52,0,238,211,388
4266,7,482,52,649,304
4267,33,136,57,254,210
4267,7,482,53,649,304
4267,45,556,212,731,394
4267,52,0,238,211,390
4268,33,136,57,254,210
4268,7,482,53,649,304
4268,45,556,212,731,394
4268,52,0,239,210,390
4269,33,136,57,254,210
4269,7,482,53,649,304
4269,52,0,238,210,389
4269,45,558,212,732,394
4270,7,482,53,649,304
4270,33,136,57,254,211
4270,45,558,212,732,395
4270,52,0,238,211,382
4271,33,136,57,254,211
4271,7,482,53,649,304
4271,45,557,212,731,394
4271,52,0,239,210,386
4271,55,136,58,253,306
4272,33,136,57,254,211
4272,55,136,58,253,305
4272,7,482,53,649,304
4272,45,557,212,731,394
4272,52,0,237,210,385
4273,33,136,57,254,211
4273,55,136,58,254,305
4273,45,557,212,731,394
4273,7,482,53,649,304
4273,52,0,236,210,386
4274,45,557,212,731,394
4274,52,0,236,210,386
4274,33,136,57,254,211
4274,55,136,58,253,305
4274,7,482,53,648,305
4275,33,136,57,254,211
4275,7,481,54,649,305
4275,52,0,234,210,385
4275,45,555,212,731,393
4276,7,481,53,648,305
4276,33,136,57,254,211
4276,52,0,233,210,385
4276,45,557,212,731,393
4277,33,136,57,254,211
4277,7,481,54,648,304
4277,45,557,212,731,393
4277,52,0,231,210,384
4278,7,481,54,649,304
4278,45,557,212,731,392
4278,33,136,57,254,210
4278,52,0,233,210,385
4279,7,482,54,648,304
4279,33,136,57,255,210
4279,45,557,212,731,393
4279,52,0,232,210,384
4280,45,557,212,731,393
4280,33,137,58,255,210
4280,7,482,54,648,304
4280,52,0,231,210,385
4281,33,137,58,255,210
4281,7,482,54,649,304
4281,45,557,212,730,392
4281,52,0,229,209,387
4281,55,135,58,255,301
4282,7,482,54,649,304
4282,45,557,211,731,393
4282,33,137,57,255,210
4282,52,0,231,210,385
4283,7,482,54,649,304
4283,45,557,211,731,393
4283,33,137,57,256,210
4283,52,0,230,209,384
4284,7,482,54,649,304
4284,45,557,211,731,392
4284,33,137,57,256,209
4284,52,0,227,210,387
4285,7,482,54,649,304
4285,45,557,211,731,392
4285,33,137,57,256,209
4285,52,0,220,210,391
4286,7,482,53,649,304
4286,45,557,211,731,392
4286,33,138,58,255,209
4286,52,0,223,209,391
4287,7,483,53,649,304
4287,45,557,211,731,392
4287,33,138,57,256,209
4287,52,0,224,208,392
4288,45,558,211,731,392
4288,7,483,53,650,304
4288,33,138,57,256,209
4288,52,0,221,208,393
4289,7,483,53,650,304
4289,33,138,57,257,209
4289,45,558,211,731,392
4289,52,0,219,207,396
4290,45,558,211,731,392
4290,7,483,53,650,304
4290,33,138,57,257,210
4290,52,0,217,207,394
4290,55,138,58,258,305
4291,45,558,211,731,392
4291,7,483,54,650,303
4291,33,138,57,257,212
4291,52,0,217,206,390
4292,7,483,54,650,303
4292,45,559,211,733,392
4292,55,137,58,258,301
4292,33,139,57,258,210
4292,52,0,216,206,384
4293,33,139,57,258,210
4293,55,137,58,259,301
4293,7,484,54,651,303
4293,52,0,217,206,383
4293,45,558,212,732,392
4294,55,137,58,259,301
4294,7,484,54,651,303
4294,45,557,212,733,392
4294,33,140,57,258,209
4294,52,0,230,206,383
4295,7,484,54,651,303
4295,52,0,229,206,383
4295,33,140,58,257,209
4295,45,559,211,733,392
4296,45,559,211,733,392
4296,7,484,54,651,302
4296,33,140,58,257,209
4296,52,0,232,206,380
4297,33,140,58,257,209
4297,45,559,211,733,392
4297,7,484,54,651,303
4297,52,0,231,205,381
4298,33,141,58,257,209
4298,45,560,211,733,392
4298,7,484,54,651,304
4298,52,0,231,204,379
4299,7,485,54,651,304
4299,33,141,58,257,210
4299,45,560,211,733,392
4299,52,0,229,203,379
4300,33,141,58,257,209
4300,45,560,211,733,392
4300,7,484,54,651,304
4300,52,0,228,201,380
4301,45,560,211,733,392
4301,33,141,58,257,209
4301,7,484,54,651,305
4301,52,0,222,201,383
4302,33,141,58,257,210
4302,7,484,54,651,305
4302,45,560,211,733,392
4302,52,0,227,201,381
4303,33,141,58,257,209
4303,7,484,54,651,306
4303,45,560,212,733,392
4303,52,0,226,200,381
4304,7,484,54,651,305
4304,33,141,58,257,210
4304,45,559,212,733,392
4304,52,0,226,200,382
4305,7,484,54,651,305
4305,45,559,212,733,392
4305,33,140,58,257,210
4305,52,0,214,199,391
4306,33,140,58,257,210
4306,45,559,212,733,392
4306,7,484,54,651,305
4306,52,0,218,200,386
4307,7,484,54,651,305
4307,45,559,212,733,392
4307,33,140,58,257,210
4307,52,0,223,200,387
4308,7,484,54,651,305
4308,45,559,212,733,393
4308,33,140,58,257,210
4308,52,0,221,200,393
4309,7,484,55,651,305
4309,33,140,58,257,210
4309,45,558,212,733,393
4309,52,0,216,200,398
4310,7,484,55,650,305
4310,33,140,59,257,210
4310,45,559,212,733,393
4310,52,0,212,200,403
4311,7,484,55,650,304
4311,45,558,213,733,393
4311,33,141,58,258,209
4311,52,0,206,199,406
4312,7,484,55,650,304
4312,33,141,58,258,209
4312,45,559,212,733,393
4312,52,0,202,200,410
4313,33,141,58,258,209
4313,45,559,212,733,393
4313,7,484,55,650,305
4313,52,0,205,200,406
4314,33,141,58,258,209
4314,7,484,55,650,305
4314,45,559,212,733,393
4314,52,0,206,201,404
4315,33,141,58,258,209
4315,45,559,212,733,393
4315,7,484,55,650,305
4315,52,0,203,201,404
4316,7,484,55,650,305
4316,45,559,212,733,393
4316,33,141,59,258,209
4316,52,0,208,201,399
4317,45,558,212,733,393
4317,7,484,55,650,305
4317,33,141,59,258,209
4317,52,0,209,200,397
4318,45,558,212,733,393
4318,7,484,55,650,305
4318,33,141,59,258,209
4318,52,0,208,201,398
4319,7,484,55,650,305
4319,33,141,59,258,209
4319,45,558,212,733,393
4319,52,0,205,200,398
4320,7,484,55,650,305
4320,45,559,212,733,393
4320,33,140,59,257,210
4320,52,0,225,202,392
4321,33,140,60,257,210
4321,7,484,54,649,305
4321,45,561,213,732,394
4321,52,0,216,200,388
4322,7,484,54,649,305
4322,33,140,60,257,210
4322,45,561,213,732,394
4322,52,0,215,199,389
4323,7,484,54,649,305
4323,33,140,60,257,210
4323,45,561,213,732,393
4323,52,0,218,196,388
4324,33,140,60,257,210
4324,7,485,54,649,305
4324,45,561,213,732,393
4324,52,0,219,191,387
4325,7,484,54,649,305
4325,45,561,213,732,393
4325,33,140,60,257,209
4325,52,0,217,187,387
4326,7,484,54,649,305
4326,45,561,213,732,393
4326,33,140,60,257,209
4326,52,0,217,186,387
4327,45,561,213,732,393
4327,7,484,54,649,305
4327,33,140,60,257,209
4327,52,0,216,184,386
4328,7,484,54,649,305
4328,45,561,213,732,394
4328,52,0,217,185,386
4328,33,140,60,257,210
4329,33,140,60,257,210
4329,45,561,213,732,393
4329,7,485,54,649,305
4329,52,0,215,185,386
4330,33,140,60,257,210
4330,7,485,54,649,305
4330,45,561,213,732,393
4330,52,0,217,185,386
4331,33,140,60,257,210
4331,7,485,54,649,305
4331,45,561,213,732,393
4331,52,0,220,189,390
4332,45,561,213,732,393
4332,33,140,60,257,209
4332,7,485,55,649,304
4332,52,0,219,198,393
4333,45,561,212,732,393
4333,33,140,60,257,209
4333,7,484,55,650,305
4333,52,0,220,200,395
4334,7,484,55,650,305
4334,33,140,60,257,209
4334,45,561,212,732,393
4334,52,0,217,201,390
4335,45,561,212,732,393
4335,7,484,55,650,305
4335,33,140,59,257,209
4335,52,0,215,201,390
4336,7,484,55,650,305
4336,45,561,212,732,393
4336,33,140,59,257,209
4336,52,0,212,202,390
4337,33,140,59,257,209
4337,7,484,55,650,304
4337,45,559,212,732,393
4337,52,0,214,203,393
4338,7,484,55,650,304
4338,45,560,212,732,393
4338,33,140,59,257,209
4338,52,0,215,203,391
4339,7,485,55,650,304
4339,33,141,59,258,209
4339,45,561,212,732,393
4339,52,0,213,204,391
4340,7,485,55,650,303
4340,45,561,212,732,392
4340,33,141,59,258,209
4340,52,0,213,204,390
4341,7,485,55,650,303
4341,45,561,212,733,393
4341,33,141,59,258,209
4341,52,0,216,205,388
4342,7,485,55,650,303
4342,33,141,59,258,209
4342,45,561,212,733,393
4342,52,0,215,206,387
4343,45,561,212,733,392
4343,7,485,55,650,303
4343,33,141,59,258,209
4343,52,0,220,205,386
4344,7,485,55,650,303
4344,45,561,212,733,393
4344,33,141,59,258,209
4344,52,0,225,206,386
4345,45,561,212,733,393
4345,33,141,59,258,209
4345,7,485,54,650,303
4345,52,0,227,206,386
4346,7,484,55,650,303
4346,33,141,59,258,209
4346,45,559,213,732,392
4346,52,0,229,206,385
4347,33,141,59,257,209
4347,52,0,229,206,386
4347,45,559,213,732,392
4347,7,485,54,649,299
4348,45,559,213,732,392
4348,33,140,59,258,209
4348,52,0,228,206,387
4348,7,484,55,650,302
4349,45,559,213,732,392
4349,33,140,59,258,209
4349,7,484,55,650,303
4349,52,0,226,206,388
4350,45,559,213,731,392
4350,33,140,59,257,209
4350,52,0,222,205,388
4350,7,485,54,648,284
4351,33,140,59,257,209
4351,45,559,213,731,392
4351,52,0,222,205,388
4351,7,485,54,649,259
4352,33,140,59,257,209
4352,45,559,213,731,392
4352,7,485,54,649,260
4352,52,0,224,205,388
4353,33,140,59,257,208
4353,45,559,213,731,392
4353,52,0,225,205,387
4353,7,485,54,649,269
4354,33,140,59,257,208
4354,45,558,213,731,392
4354,52,0,227,205,387
4354,7,484,54,648,284
4355,33,140,59,257,208
4355,45,558,213,731,391
4355,7,484,54,648,287
4355,52,0,228,205,385
4356,45,558,213,731,391
4356,33,140,59,257,208
4356,52,0,228,205,384
4356,7,484,54,648,289
4357,45,558,213,731,391
4357,33,140,59,257,209
4357,52,0,229,205,384
4357,7,484,54,648,282
4358,7,484,54,648,282
4358,45,558,213,731,391
4358,33,140,59,257,209
4358,52,0,229,205,384
4359,45,558,213,731,391
4359,52,0,229,205,384
4359,33,141,59,258,208
4359,7,484,54,649,277
4360,45,559,213,731,391
4360,33,141,59,258,208
4360,52,0,229,205,382
4360,7,484,54,649,271
4361,33,141,59,258,208
4361,45,559,213,731,391
4361,52,0,230,206,382
4361,7,485,54,649,265
4362,33,141,59,258,208
4362,45,559,213,731,391
4362,52,0,229,206,381
4362,7,485,54,649,260
4363,45,559,213,731,391
4363,33,141,59,258,209
4363,52,0,231,206,379
4363,7,485,54,649,270
4364,45,559,213,731,391
4364,33,141,59,258,209
4364,52,0,232,207,377
4364,7,485,54,649,287
4365,45,559,213,732,391
4365,52,0,232,207,376
4365,33,141,59,259,210
4365,7,484,54,650,292
4366,45,559,212,732,391
4366,7,484,54,650,291
4366,33,142,59,259,209
4366,52,0,231,208,377
4367,45,559,212,732,390
4367,52,0,232,209,378
4367,33,142,59,259,208
4367,7,485,54,649,289
4368,45,559,212,732,390
4368,33,142,59,259,208
4368,52,0,232,209,377
4368,7,484,54,650,291
4369,45,560,212,732,390
4369,33,142,59,259,208
4369,52,0,232,209,376
4369,7,485,53,650,289
4370,45,560,212,732,390
4370,7,485,53,650,289
4370,52,0,231,209,376
4370,33,143,60,259,209
4371,52,0,232,210,376
4371,33,143,60,259,210
4371,7,485,54,650,289
4371,45,560,212,732,390
4371,56,140,61,261,299
4372,52,0,232,210,376
4372,45,561,211,732,390
4372,33,143,59,259,210
4372,7,485,54,650,292
4373,7,485,54,650,292
4373,45,561,211,732,390
4373,52,0,232,210,376
4373,56,140,61,262,299
4373,33,143,60,260,208
4374,33,143,60,260,208
4374,52,0,232,210,375
4374,45,561,211,733,390
4374,56,140,61,262,299
4374,7,485,54,650,288
4375,45,561,211,733,390
4375,56,140,61,262,299
4375,33,143,60,260,208
4375,52,0,232,210,375
4375,7,485,54,650,289
4376,45,561,211,733,390
4376,33,143,60,260,208
4376,56,140,61,262,299
4376,52,0,232,210,375
4376,7,485,54,650,291
4377,56,140,61,262,299
4377,7,485,55,650,291
4377,45,561,211,733,390
4377,52,0,232,210,375
4377,33,143,60,259,210
4378,45,561,211,733,390
4378,56,140,61,262,299
4378,52,0,232,210,376
4378,33,143,60,260,211
4378,7,485,55,650,289
4379,56,140,61,261,299
4379,52,0,232,210,376
4379,45,560,212,732,390
4379,7,485,54,650,293
4379,33,143,60,259,209
4380,7,485,54,650,293
4380,52,0,232,209,377
4380,56,140,61,261,300
4380,45,560,212,732,390
4380,33,142,60,259,208
4381,45,560,212,732,390
4381,56,140,61,261,300
4381,7,485,54,650,294
4381,33,142,60,259,208
4381,52,0,232,208,375
4382,52,0,232,208,375
4382,56,140,61,261,300
4382,45,560,212,732,391
4382,33,142,59,259,209
4382,7,485,54,650,298
4383,52,0,232,208,375
4383,33,142,59,259,209
4383,45,560,212,732,391
4383,7,485,54,650,299
4383,56,140,61,261,299
4384,56,140,61,261,299
4384,45,559,212,732,391
4384,52,0,232,208,376
4384,33,142,59,259,208
4384,7,485,54,650,294
4385,33,142,59,259,208
4385,45,559,212,732,391
4385,52,0,232,208,375
4385,7,484,54,650,291
4385,56,141,60,261,300
4386,45,559,212,732,391
4386,52,0,232,208,375
4386,33,142,59,259,208
4386,7,484,54,649,293
4386,56,140,61,261,299
4387,45,559,212,732,391
4387,52,0,232,208,376
4387,56,140,61,261,300
4387,33,142,59,259,209
4387,7,484,54,649,296
4388,45,559,212,732,391
4388,52,0,232,208,376
4388,33,141,59,259,209
4388,7,484,54,649,294
4389,52,0,231,208,376
4389,45,559,212,732,391
4389,33,142,59,259,209
4389,7,484,54,649,295
4390,45,559,212,732,391
4390,7,484,54,649,294
4390,52,0,231,208,376
4390,33,141,59,259,208
4391,33,141,59,259,208
4391,52,0,231,208,377
4391,45,559,212,731,391
4391,7,484,54,649,295
4392,45,559,212,731,390
4392,7,484,54,649,294
4392,52,0,231,208,377
4392,33,141,59,259,208
4393,45,559,212,731,390
4393,52,0,231,208,377
4393,7,484,54,649,294
4393,33,141,59,259,208
4394,45,559,212,731,390
4394,52,0,231,208,377
4394,33,141,59,258,207
4394,7,484,54,649,295
4395,45,558,212,731,391
4395,7,484,54,649,295
4395,52,0,231,208,377
4395,33,141,59,258,208
4396,45,558,212,731,391
4396,7,484,54,649,295
4396,52,0,231,208,377
4396,33,141,59,259,208
4397,7,484,54,649,296
4397,52,0,231,208,377
4397,33,141,59,258,208
4397,45,557,212,731,390
4398,45,557,212,731,390
4398,52,0,231,208,377
4398,7,484,54,649,296
4398,33,141,59,258,208
4399,45,557,212,731,390
4399,52,0,231,208,377
4399,33,141,59,259,208
4399,7,484,54,649,295
4400,52,0,231,207,377
4400,45,558,212,731,391
4400,33,141,60,258,208
4400,7,484,55,650,301
4401,52,0,231,207,378
4401,7,484,55,650,300
4401,33,141,59,258,207
4401,45,557,212,731,391
4402,45,557,212,731,391
4402,52,0,231,207,377
4402,33,141,59,258,207
4402,7,484,55,650,298
4403,45,557,212,731,391
4403,33,141,59,258,207
4403,52,0,231,208,378
4403,7,484,55,650,297
4404,45,557,212,731,391
4404,52,0,232,207,377
4404,33,141,60,258,207
4404,7,484,54,649,295
4405,45,557,212,731,391
4405,52,0,232,207,377
4405,33,142,59,258,208
4405,7,484,55,650,298
4406,45,557,213,731,391
4406,7,484,55,650,298
4406,52,0,232,207,377
4406,33,141,59,258,208
4407,45,557,213,731,391
4407,52,0,232,207,377
4407,33,141,59,258,208
4407,7,484,54,649,296
4408,52,0,232,207,377
4408,33,141,59,258,209
4408,45,557,213,731,391
4408,7,484,54,649,297
4409,33,141,59,258,209
4409,52,0,232,207,376
4409,45,557,213,731,391
4409,7,484,54,649,298
4410,52,0,232,207,377
4410,33,141,59,258,208
4410,45,558,212,731,391
4410,7,484,55,650,301
4411,45,558,212,731,391
4411,7,484,55,650,300
4411,52,0,232,207,377
4411,33,142,60,258,208
4412,33,142,60,258,208
4412,7,484,55,650,299
4412,45,557,212,731,391
4412,52,0,232,207,378
4413,52,0,232,207,378
4413,7,484,55,650,299
4413,33,142,60,258,208
4413,45,557,212,730,391
4414,52,0,232,207,378
4414,33,142,60,258,208
4414,45,557,212,730,391
4414,7,484,55,649,300
4415,7,484,55,649,300
4415,45,557,212,730,390
4415,52,0,232,208,378
4415,33,142,60,258,208
4416,45,557,212,730,391
4416,52,0,232,208,378
4416,7,483,55,649,301
4416,33,141,59,258,208
4417,33,141,59,258,208
4417,52,0,233,208,378
4417,45,556,212,730,390
4417,7,483,55,649,298
4418,33,141,59,258,208
4418,45,556,212,730,390
4418,52,0,233,208,378
4418,7,483,55,649,298
4419,52,0,233,208,378
4419,7,483,55,649,299
4419,33,142,60,258,207
4419,45,555,212,730,389
4420,33,142,60,258,208
4420,52,0,233,208,378
4420,45,555,212,730,389
4420,7,483,55,649,298
4421,45,554,212,730,388
4421,33,141,60,258,207
4421,52,0,233,208,378
4421,7,483,55,649,296
4422,45,554,212,730,389
4422,33,141,60,258,207
4422,52,0,233,208,377
4422,7,483,55,649,295
4423,33,141,60,258,208
4423,45,554,212,730,389
4423,52,0,232,208,378
4423,7,483,55,649,293
4424,33,141,60,258,208
4424,52,0,232,208,378
4424,7,483,54,649,292
4424,45,556,212,730,390
4425,33,141,60,258,208
4425,45,556,212,730,390
4425,52,0,231,208,376
4425,7,483,55,649,295
4426,33,141,60,258,208
4426,45,556,212,730,391
4426,7,483,55,649,295
4426,52,0,231,208,376
4427,33,141,60,258,208
4427,45,555,212,730,391
4427,7,483,55,649,295
4427,52,0,230,208,374
4428,45,555,212,730,391
4428,33,141,60,258,208
4428,7,483,55,649,296
4428,52,0,230,208,374
4429,45,555,212,730,390
4429,7,483,55,649,295
4429,33,141,59,258,208
4429,52,0,229,208,372
4430,7,483,55,649,295
4430,33,141,59,258,208
4430,45,555,212,730,390
4430,52,0,228,209,371
4431,45,555,212,730,390
4431,33,141,59,258,208
4431,7,483,56,649,294
4431,52,0,227,209,371
4432,45,555,212,730,390
4432,33,141,59,258,208
4432,7,483,56,649,296
4432,52,0,227,209,371
4433,33,141,59,258,208
4433,45,555,212,730,390
4433,7,483,56,649,299
4433,52,0,225,209,372
4433,57,139,60,260,300
4434,7,483,56,649,299
4434,33,141,59,258,208
4434,57,139,60,259,300
4434,45,555,212,729,390
4434,52,0,225,209,372
4435,7,483,56,649,299
4435,57,139,60,259,300
4435,33,141,59,258,208
4435,45,555,212,729,391
4435,52,0,225,210,372
4436,45,555,212,729,391
4436,7,483,57,649,299
4436,57,139,60,259,300
4436,33,141,59,258,208
4436,52,0,224,211,371
4437,33,141,59,258,208
4437,45,555,212,729,391
4437,7,483,57,649,298
4437,52,0,224,210,370
4438,45,555,212,729,391
4438,7,483,57,649,298
4438,33,141,59,258,208
4438,52,0,223,210,370
4439,45,555,212,730,391
4439,7,483,57,649,297
4439,33,141,59,258,208
4439,57,139,60,259,300
4439,52,0,223,210,371
4440,33,141,59,258,208
4440,57,139,60,260,300
4440,45,556,212,730,390
4440,52,0,222,210,370
4440,7,483,57,648,293
4441,33,142,60,257,208
4441,52,0,224,210,371
4441,45,558,213,730,390
4441,7,483,57,649,305
4442,7,483,57,649,305
4442,45,558,213,730,390
4442,52,0,224,210,371
4442,33,142,60,257,208
4443,7,483,57,649,305
4443,45,558,213,730,390
4443,33,142,60,257,208
4443,52,0,224,210,372
4444,33,142,60,257,209
4444,7,483,57,649,306
4444,45,558,213,730,391
4444,52,0,224,210,370
4445,33,142,60,257,209
4445,45,558,213,730,391
4445,7,483,58,649,306
4445,52,0,224,210,366
4446,33,142,60,257,209
4446,7,483,58,649,306
4446,45,559,213,730,391
4446,52,0,224,208,361
4447,45,559,213,730,391
4447,33,142,60,257,209
4447,7,483,58,649,306
4447,52,0,224,208,359
4448,7,483,58,650,306
4448,33,142,60,258,208
4448,45,559,213,731,391
4448,52,0,224,209,360
4449,7,483,58,650,306
4449,45,559,213,731,391
4449,33,142,60,257,209
4449,52,0,224,208,357
4450,45,559,213,731,391
4450,7,483,58,650,306
4450,33,142,60,257,209
4450,52,0,224,210,354
4451,7,483,58,650,306
4451,45,559,213,731,391
4451,33,142,60,257,209
4451,52,0,224,209,353
4452,7,483,58,650,306
4452,33,142,60,257,209
4452,45,559,213,731,392
4452,52,0,224,209,353
4453,7,483,58,650,306
4453,45,558,213,731,392
4453,52,0,224,209,353
4453,33,142,60,257,209
4454,7,483,58,650,306
4454,45,558,213,731,392
4454,33,141,60,257,209
4454,52,0,224,209,354
4455,7,483,58,650,306
4455,45,558,213,731,392
4455,52,0,224,209,353
4455,33,141,60,257,210
4456,45,558,213,731,392
4456,7,483,57,650,307
4456,33,141,60,257,209
4456,52,0,223,208,354
4457,7,483,57,650,307
4457,45,558,213,731,392
4457,33,140,60,257,210
4457,52,0,224,209,353
4458,7,483,57,650,307
4458,45,558,213,730,392
4458,52,0,223,209,352
4458,33,140,59,257,210
4459,52,0,223,209,352
4459,7,483,57,650,307
4459,45,558,214,730,392
4459,33,140,60,257,209
4460,7,483,57,650,307
4460,52,0,223,209,352
4460,45,558,214,730,392
4460,33,140,60,257,209
4461,7,483,57,649,307
4461,33,140,60,257,209
4461,45,557,214,730,392
4461,52,0,223,207,353
4462,52,0,223,207,353
4462,45,557,214,730,392
4462,7,483,57,649,306
4462,33,140,60,256,209
4463,7,482,57,649,306
4463,45,557,214,730,392
4463,52,0,223,208,353
4463,33,140,60,256,209
4464,7,482,56,650,306
4464,33,139,60,256,209
4464,52,0,223,208,354
4464,45,556,213,730,392
4465,45,556,213,730,392
4465,7,482,56,649,306
4465,33,139,60,256,209
4465,52,0,223,208,351
4466,7,482,56,649,306
4466,45,556,213,730,392
4466,52,0,222,208,351
4466,33,138,60,256,210
4467,45,556,213,730,392
4467,7,482,56,649,306
4467,33,138,60,256,210
4467,52,0,221,208,352
4468,45,556,213,729,392
4468,7,482,56,649,306
4468,52,0,221,208,352
4468,33,138,60,256,209
4469,45,556,213,729,392
4469,7,482,56,649,307
4469,52,0,220,207,352
4469,33,138,60,256,208
4470,45,556,213,729,392
4470,7,482,56,649,307
4470,33,138,60,256,208
4470,52,0,220,207,352
4471,7,482,56,649,307
4471,45,556,214,729,392
4471,33,137,60,256,207
4471,52,0,220,207,351
4472,7,482,56,649,307
4472,45,556,214,729,392
4472,33,137,60,256,207
4472,52,0,218,207,353
4473,7,482,56,649,307
4473,45,556,213,729,392
4473,33,137,60,256,207
4473,52,0,220,207,355
4474,7,482,56,649,307
4474,45,556,213,730,392
4474,33,137,60,256,207
4474,52,0,221,208,356
4475,7,482,56,649,307
4475,45,556,214,730,392
4475,33,137,60,255,208
4475,52,0,218,208,351
4476,7,482,56,649,307
4476,45,556,214,730,392
4476,33,137,60,256,207
4476,52,0,218,208,354
4477,45,556,214,730,392
4477,7,482,56,649,306
4477,33,136,60,256,207
4477,52,0,217,208,356
4478,7,482,56,649,306
4478,45,557,214,730,393
4478,33,135,60,256,208
4478,52,0,213,207,350
4479,7,482,56,650,306
4479,45,557,214,730,393
4479,33,135,60,256,207
4479,52,0,210,209,350
4480,7,482,56,650,306
4480,45,557,214,731,394
4480,33,135,60,256,207
4480,52,0,206,210,350
4480,58,133,61,258,303
4481,7,482,56,650,306
4481,45,557,213,731,393
4481,33,134,60,256,207
4481,58,133,61,258,307
4481,52,0,203,211,349
4482,45,557,214,731,393
4482,7,483,55,650,306
4482,33,134,60,256,207
4482,52,0,199,212,349
4482,58,134,60,257,313
4483,7,483,55,650,306
4483,45,557,214,731,394
4483,33,134,60,256,207
4483,52,0,196,213,349
4484,45,557,214,731,394
4484,7,483,56,650,306
4484,33,133,60,256,207
4484,52,0,193,213,351
4485,33,133,60,256,207
4485,7,483,56,650,305
4485,45,557,213,731,394
4485,52,0,191,213,351
4486,7,483,56,650,305
4486,45,557,213,731,393
4486,33,133,60,256,207
4486,52,0,188,214,353
4487,45,557,213,731,394
4487,7,483,56,650,305
4487,33,133,60,256,208
4487,52,0,186,214,357
4488,7,483,56,650,306
4488,45,557,213,731,393
4488,33,134,59,256,207
4488,52,0,185,216,361
4489,7,483,56,650,305
4489,45,557,213,731,393
4489,33,134,59,256,207
4489,52,0,182,216,369
4490,7,482,56,650,306
4490,33,133,59,256,208
4490,45,557,214,731,395
4490,52,0,177,217,377
4491,7,482,56,650,305
4491,33,133,59,256,207
4491,45,557,213,731,395
4491,52,0,176,217,378
4492,7,482,56,650,305
4492,33,133,59,256,207
4492,45,557,214,730,395
4492,52,0,174,218,377
4493,7,482,56,650,305
4493,33,133,59,256,207
4493,45,554,214,731,394
4493,52,0,173,220,370
4494,7,482,56,650,306
4494,33,132,59,256,207
4494,52,0,172,222,369
4494,45,555,214,730,396
4495,7,482,56,650,306
4495,45,554,214,730,396
4495,33,132,58,256,207
4495,52,0,171,222,372
4496,7,482,56,650,306
4496,33,131,59,256,207
4496,52,3,171,222,371
4496,45,554,214,731,394
4497,33,131,59,256,207
4497,7,482,56,650,305
4497,45,554,214,731,393
4497,52,20,170,223,368
4498,7,482,56,650,304
4498,33,132,58,256,207
4498,45,555,214,731,396
4498,52,29,170,224,368
4499,7,482,56,650,304
4499,33,131,58,255,207
4499,45,554,214,731,393
4499,52,40,168,227,370
4500,7,482,56,650,305
4500,33,131,58,255,207
4500,45,554,215,731,393
4500,52,49,167,227,368
4501,7,482,56,650,304
4501,45,555,215,731,393
4501,33,131,58,255,206
4501,52,54,164,228,370
4502,7,483,55,651,304
4502,33,131,59,255,206
4502,45,555,214,732,392
4502,52,57,164,232,368
4503,7,483,55,651,303
4503,45,555,214,732,391
4503,33,132,59,255,206
4503,52,62,162,236,369
4504,45,555,214,732,392
4504,7,483,55,651,300
4504,33,133,58,255,207
4504,52,67,160,242,368
4505,45,555,214,732,392
4505,7,483,55,651,298
4505,33,134,59,256,206
4505,52,73,159,248,367
4506,45,556,214,733,394
4506,33,136,59,256,205
4506,7,484,55,650,290
4506,52,77,161,253,368
4507,7,484,55,650,291
4507,45,557,214,733,393
4507,33,137,59,256,205
4507,52,82,162,256,369
4508,45,557,214,733,394
4508,7,484,55,651,289
4508,33,138,58,257,206
4508,52,87,160,259,369
4509,45,557,214,733,395
4509,7,484,55,651,294
4509,52,91,159,262,368
4509,33,136,59,258,231
4510,7,484,55,652,294
4510,45,557,214,734,394
4510,33,137,59,258,227
4510,52,95,161,264,366
4511,7,484,55,652,297
4511,33,136,58,258,228
4511,45,558,214,733,397
4511,52,98,163,267,367
4512,33,136,58,258,228
4512,7,484,55,652,298
4512,45,558,214,733,396
4512,52,99,165,269,373
4513,45,558,214,733,396
4513,33,136,58,258,227
4513,7,484,55,652,301
4513,52,100,163,268,370
4514,45,558,214,734,396
4514,7,484,55,652,302
4514,33,135,58,258,228
4514,52,101,164,270,374
4515,33,135,58,258,228
4515,45,558,214,733,397
4515,7,484,55,652,304
4515,52,102,163,269,376
4516,7,484,55,652,304
4516,45,558,214,733,397
4516,33,135,58,258,229
4516,52,102,164,268,379
4517,7,484,55,652,302
4517,33,135,58,258,231
4517,45,557,214,733,397
4517,52,103,165,266,382
4518,7,484,55,651,303
4518,52,103,166,265,382
4518,45,557,214,733,395
4518,33,135,58,258,233
4519,45,557,214,733,395
4519,7,484,55,651,304
4519,52,103,168,264,382
4519,33,135,58,257,230
4520,7,484,55,651,304
4520,45,557,214,733,394
4520,33,134,58,258,230
4520,52,102,167,264,381
4521,7,483,55,651,306
4521,33,134,58,257,231
4521,45,557,214,733,392
4521,52,101,168,263,378
4522,7,483,55,651,305
4522,33,134,57,257,233
4522,45,558,214,733,395
4522,52,100,170,263,374
4523,45,558,214,732,395
4523,7,483,55,651,306
4523,33,134,57,256,235
4523,52,98,169,262,372
4524,7,483,55,651,306
4524,45,558,214,732,395
4524,33,134,57,256,236
4524,52,96,170,261,371
4525,7,483,55,651,306
4525,45,558,214,732,396
4525,33,134,57,256,238
4525,52,95,171,260,372
4526,45,557,214,732,395
4526,7,483,55,651,304
4526,52,94,171,260,373
4526,33,134,59,256,241
4527,45,557,214,732,395
4527,7,483,55,651,303
4527,33,134,59,257,241
4527,52,94,173,259,377
4528,45,557,214,732,395
4528,7,483,55,651,304
4528,33,134,59,256,240
4528,52,94,172,259,380
4529,45,557,214,732,396
4529,7,483,55,650,305
4529,52,95,172,258,382
4529,33,135,58,257,211
4530,7,483,55,650,306
4530,52,96,171,258,383
4530,33,135,58,257,209
4530,45,555,214,732,393
4531,7,483,55,650,305
4531,45,555,214,732,393
4531,52,96,171,258,383
4531,33,135,59,257,234
4532,7,483,55,650,305
4532,52,95,171,258,382
4532,45,555,214,731,395
4532,33,135,57,257,209
4533,7,483,55,650,304
4533,45,555,214,731,395
4533,52,95,171,258,380
4533,33,134,58,256,238
4534,7,483,55,650,304
4534,45,557,214,731,395
4534,52,94,170,258,376
4534,33,135,59,257,234
4535,7,483,55,650,304
4535,33,135,58,256,236
4535,52,93,170,257,373
4535,45,555,214,732,393
4536,7,483,55,650,304
4536,45,555,214,732,393
4536,52,92,170,257,371
4536,33,134,58,256,244
4537,7,483,55,650,304
4537,45,555,214,732,392
4537,52,93,170,257,370
4537,33,135,58,256,231
4538,7,483,54,650,304
4538,45,556,214,732,393
4538,52,93,170,256,371
4538,33,135,57,257,207
4539,33,135,57,257,207
4539,7,483,54,650,304
4539,45,556,214,732,393
4539,52,94,170,256,372
4540,45,556,214,732,393
4540,7,483,53,650,304
4540,33,135,57,257,208
4540,52,95,169,256,375
4541,33,135,57,256,208
4541,7,483,52,650,304
4541,45,556,214,732,392
4541,52,96,169,256,379
4542,33,135,57,256,208
4542,45,556,214,732,392
4542,7,483,51,650,304
4542,52,96,169,256,381
4543,45,556,214,732,392
4543,33,135,57,256,208
4543,7,483,50,650,304
4543,52,95,168,256,381
4544,33,135,57,256,208
4544,7,483,50,650,305
4544,45,556,214,732,392
4544,52,95,169,256,380
4545,7,483,50,650,304
4545,33,135,57,256,208
4545,45,556,214,731,392
4545,52,95,169,256,378
4546,7,483,50,650,304
4546,45,556,214,732,392
4546,33,135,58,256,209
4546,52,93,169,256,373
4547,7,483,49,650,304
4547,45,556,214,732,392
4547,33,135,58,256,210
4547,52,92,169,256,371
4548,7,483,49,650,304
4548,45,556,214,732,393
4548,52,92,169,255,368
4548,33,135,58,256,215
4549,7,482,49,650,304
4549,45,555,213,731,393
4549,33,134,58,256,214
4549,52,92,169,255,366
4550,52,92,169,255,367
4550,7,482,49,649,303
4550,45,555,213,731,395
4550,33,134,58,256,219
4551,33,134,58,256,220
4551,7,482,49,649,303
4551,45,555,213,731,394
4551,52,93,169,255,369
4552,7,482,49,649,303
4552,45,555,213,731,394
4552,33,134,58,256,221
4552,52,93,169,255,372
4553,45,555,213,730,394
4553,7,482,49,649,304
4553,52,94,169,255,374
4553,33,134,57,256,208
4554,33,134,57,256,207
4554,7,482,49,649,305
4554,45,557,213,731,394
4554,52,95,169,255,378
4555,33,134,57,256,207
4555,7,482,49,649,305
4555,45,557,213,730,393
4555,52,95,169,255,380
4556,7,482,49,649,305
4556,33,134,57,256,207
4556,45,557,213,730,393
4556,52,96,169,255,379
4557,7,482,49,650,305
4557,33,134,57,256,207
4557,52,95,169,255,378
4557,45,554,213,730,393
4558,7,482,49,650,306
4558,33,134,57,256,207
4558,45,554,213,730,393
4558,52,95,169,255,376
4559,7,482,48,650,306
4559,45,556,212,730,393
4559,52,94,169,255,372
4559,33,134,58,256,221
4560,7,482,48,650,305
4560,52,93,169,254,369
4560,45,554,213,729,391
4560,33,134,57,255,217
4561,7,482,48,648,305
4561,52,94,170,254,367
4561,45,557,213,730,393
4561,33,133,57,255,205
4562,33,133,57,255,205
4562,45,557,213,730,393
4562,7,482,49,648,305
4562,52,94,170,255,367
4563,33,133,57,255,205
4563,45,557,213,730,393
4563,7,482,49,648,305
4563,52,95,170,255,367
4564,7,482,49,648,305
4564,33,133,57,255,205
4564,45,557,213,730,393
4564,52,95,170,255,370
4565,33,133,57,255,205
4565,45,557,213,730,393
4565,7,483,49,647,303
4565,52,95,170,255,372
4566,7,483,49,647,303
4566,33,133,57,256,206
4566,45,557,213,730,393
4566,52,96,170,255,374
4567,33,133,57,255,206
4567,45,557,214,730,393
4567,7,483,48,647,304
4567,52,97,170,255,378
4568,45,557,214,730,393
4568,7,483,48,648,303
4568,33,134,57,255,206
4568,52,97,170,255,379
4569,33,134,57,255,206
4569,7,483,49,648,304
4569,45,557,214,730,393
4569,52,96,170,255,378
4570,7,483,48,647,304
4570,33,134,57,256,206
4570,45,558,214,730,393
4570,52,96,170,255,377
4571,7,483,48,648,303
4571,33,134,57,256,206
4571,52,96,170,255,374
4571,45,556,214,730,394
4572,7,483,48,648,303
4572,33,134,57,256,206
4572,45,556,213,730,394
4572,52,96,170,255,371
4573,33,134,57,256,206
4573,45,556,213,730,393
4573,7,483,48,648,305
4573,52,95,170,255,369
4574,7,483,48,648,305
4574,33,134,57,256,206
4574,52,95,170,255,368
4574,45,558,213,731,393
4575,45,558,213,731,393
4575,52,95,170,255,367
4575,33,134,57,256,205
4575,7,483,48,648,305
4576,45,558,214,731,393
4576,33,134,57,256,206
4576,7,483,48,648,304
4576,52,95,170,255,369
4577,33,134,57,256,206
4577,7,483,49,647,305
4577,45,558,214,731,393
4577,52,95,170,255,371
4578,7,483,49,647,305
4578,33,134,57,256,206
4578,45,558,214,731,394
4578,52,96,170,255,373
4579,45,558,214,731,394
4579,7,483,49,648,305
4579,33,134,57,256,206
4579,52,97,170,255,376
4580,7,483,49,648,305
4580,45,558,214,731,394
4580,33,133,57,256,206
4580,52,97,171,255,378
4581,7,483,49,648,305
4581,45,558,215,731,394
4581,52,97,171,255,380
4581,33,134,58,255,206
4582,33,134,58,255,206
4582,45,558,215,731,394
4582,52,97,171,255,380
4582,7,483,49,647,305
4583,33,134,58,255,206
4583,7,482,49,648,305
4583,45,558,214,731,394
4583,52,97,170,255,378
4584,45,558,214,731,394
4584,33,134,57,255,205
4584,7,482,48,648,306
4584,52,96,170,255,375
4585,33,133,57,256,205
4585,45,557,214,731,394
4585,7,482,48,648,305
4585,52,95,170,254,372
4586,7,482,49,648,304
4586,33,133,57,256,205
4586,45,557,214,731,393
4586,52,95,170,254,370
4587,33,133,57,256,205
4587,7,482,49,648,305
4587,45,557,214,730,394
4587,52,94,170,254,368
4588,7,482,49,648,305
4588,45,557,214,730,394
4588,52,94,170,254,368
4588,33,133,57,255,205
4589,7,482,49,648,305
4589,45,557,214,730,394
4589,52,94,170,254,368
4589,33,133,58,255,205
4590,7,482,49,647,305
4590,45,557,214,730,394
4590,33,133,58,255,205
4590,52,94,170,254,370
4591,33,133,58,255,205
4591,45,557,214,730,394
4591,7,482,49,648,306
4591,52,95,171,254,372
4592,7,482,49,648,306
4592,45,557,214,730,394
4592,33,133,58,255,205
4592,52,95,171,254,374
4593,45,557,214,730,394
4593,33,133,58,255,205
4593,7,482,49,648,305
4593,52,96,170,254,376
4594,7,482,49,648,305
4594,45,557,214,731,394
4594,33,134,58,255,205
4594,52,96,170,254,378
4595,7,482,49,648,305
4595,52,96,170,254,379
4595,45,557,214,731,394
4595,33,134,58,255,205
4596,33,134,57,255,206
4596,45,558,214,731,394
4596,52,97,170,255,378
4596,7,482,49,648,306
4597,7,482,49,648,306
4597,45,558,214,731,394
4597,33,134,58,255,206
4597,52,96,170,255,377
4598,7,482,49,648,306
4598,45,558,214,731,394
4598,33,134,58,255,206
4598,52,96,170,255,375
4599,45,558,214,731,394
4599,7,483,49,649,306
4599,33,134,58,256,206
4599,52,96,170,255,373
4600,45,558,214,731,394
4600,33,135,58,256,205
4600,7,483,49,648,305
4600,52,96,170,255,371
4601,33,135,58,256,206
4601,7,483,49,649,306
4601,52,95,170,255,369
4601,45,556,214,731,394
4602,7,483,49,649,306
4602,45,556,214,731,393
4602,33,135,58,256,206
4602,52,96,170,255,369
4603,7,483,49,649,306
4603,45,556,214,731,393
4603,33,135,58,256,206
4603,52,96,170,255,370
4604,7,483,49,649,306
4604,45,556,214,731,393
4604,33,135,57,256,206
4604,52,96,169,255,371
4605,45,556,213,731,393
4605,7,483,49,649,306
4605,33,135,58,256,206
4605,52,97,169,255,372
4606,45,557,213,731,393
4606,33,135,58,256,205
4606,7,483,49,649,306
4606,52,97,169,255,375
4607,7,483,49,649,306
4607,33,135,57,256,205
4607,45,556,213,731,393
4607,52,98,169,255,377
4608,7,483,49,649,306
4608,33,135,57,256,205
4608,45,556,213,731,393
4608,52,98,169,255,378
4609,33,135,57,256,205
4609,7,483,49,649,306
4609,45,556,213,731,393
4609,52,98,169,255,377
4610,33,135,57,256,205
4610,7,483,49,649,306
4610,52,97,169,254,376
4610,45,558,213,731,393
4611,7,483,49,649,306
4611,45,558,213,731,393
4611,33,135,57,256,206
4611,52,97,169,254,373
4612,7,483,49,649,306
4612,45,558,213,731,393
4612,33,135,57,256,206
4612,52,96,168,254,371
4613,33,135,57,256,206
4613,7,482,49,649,306
4613,45,557,213,731,393
4613,52,96,169,254,370
4614,33,135,57,256,206
4614,7,482,49,649,306
4614,45,557,213,731,393
4614,52,95,169,254,370
4615,45,557,213,731,393
4615,7,482,49,649,306
4615,33,134,57,256,206
4615,52,96,169,254,371
4616,7,482,50,649,306
4616,33,134,57,256,206
4616,45,557,213,731,393
4616,52,96,169,254,371
4617,7,482,50,649,306
4617,33,134,57,256,206
4617,45,557,212,731,393
4617,52,97,169,254,373
4618,7,482,50,649,306
4618,45,557,212,731,393
4618,33,134,57,256,205
4618,52,97,169,254,375
4619,7,482,50,649,306
4619,33,134,57,256,205
4619,45,557,212,731,393
4619,52,97,169,254,377
4620,7,482,50,649,306
4620,33,134,57,256,205
4620,45,557,212,731,393
4620,52,97,169,253,378
4621,7,482,50,649,306
4621,33,134,57,256,205
4621,52,97,169,254,378
4621,45,555,213,731,393
4622,33,134,57,256,206
4622,7,482,50,649,306
4622,45,556,213,731,393
4622,52,97,169,254,376
4623,7,482,50,649,306
4623,45,556,213,731,393
4623,33,134,57,256,206
4623,52,97,169,254,373
4624,33,134,57,256,206
4624,7,482,50,649,306
4624,45,556,213,731,393
4624,52,96,169,254,372
4625,45,556,213,731,393
4625,7,482,50,649,306
4625,33,134,57,256,206
4625,52,96,168,254,369
4626,7,482,50,649,306
4626,33,134,58,256,206
4626,45,557,212,731,393
4626,52,96,167,254,368
4627,33,134,57,256,206
4627,7,482,50,649,305
4627,52,96,167,254,369
4627,45,556,213,731,394
4628,33,134,57,256,206
4628,45,556,213,731,394
4628,7,482,50,649,306
4628,52,96,167,254,370
4629,33,134,57,256,206
4629,7,482,50,649,306
4629,45,555,213,731,394
4629,52,97,168,254,371
4630,45,555,213,731,394
4630,33,134,57,256,206
4630,7,482,50,649,306
4630,52,97,168,254,372
4631,33,134,57,256,206
4631,45,556,213,731,394
4631,7,482,50,649,306
4631,52,98,168,254,374
4632,7,482,49,649,306
4632,45,556,213,731,394
4632,33,134,57,256,206
4632,52,98,167,254,375
4633,7,482,49,649,306
4633,45,556,213,731,394
4633,33,134,57,256,206
4633,52,98,167,254,378
4634,7,482,49,649,306
4634,45,556,213,731,394
4634,33,134,57,256,206
4634,52,98,168,254,378
4635,45,556,213,731,394
4635,7,482,49,649,306
4635,33,134,57,256,206
4635,52,99,168,254,377
4636,7,482,50,649,306
4636,33,134,57,256,206
4636,52,99,169,254,375
4636,45,557,213,731,393
4637,33,134,57,256,206
4637,7,482,50,649,306
4637,45,557,213,731,394
4637,52,98,169,254,372
4638,7,482,50,649,305
4638,33,134,58,256,206
4638,45,555,213,731,394
4638,52,97,169,254,370
4639,7,482,50,649,305
4639,45,555,213,731,394
4639,33,134,58,256,205
4639,52,97,170,253,370
4640,7,482,50,649,305
4640,33,133,58,255,205
4640,52,97,170,253,369
4640,45,557,213,731,394
4641,7,481,50,649,306
4641,45,556,213,731,394
4641,52,97,170,253,369
4641,33,133,57,255,205
4642,7,481,50,649,306
4642,45,556,213,731,394
4642,33,133,57,255,205
4642,52,96,170,253,370
4643,7,481,50,649,306
4643,45,556,213,731,394
4643,52,96,170,253,370
4643,33,133,58,255,205
4644,7,481,50,648,306
4644,45,556,213,731,394
4644,33,132,58,255,205
4644,52,96,170,253,372
4645,45,555,213,731,394
4645,7,481,50,649,306
4645,33,132,58,255,205
4645,52,96,170,253,373
4646,7,481,50,649,306
4646,45,555,213,730,394
4646,33,132,58,254,205
4646,52,96,170,252,375
4647,33,132,58,254,205
4647,52,95,170,252,375
4647,7,481,50,649,306
4647,45,555,213,731,394
4648,33,132,58,254,205
4648,7,481,50,649,306
4648,45,556,214,731,394
4648,52,96,170,252,374
4649,45,556,214,731,394
4649,7,481,50,649,306
4649,33,132,58,254,205
4649,52,96,170,252,372
4650,45,556,214,731,394
4650,7,481,50,649,306
4650,33,132,58,254,205
4650,52,96,169,252,368
4651,7,481,50,649,306
4651,45,556,214,731,394
4651,33,132,58,255,205
4651,52,96,169,252,364
4652,7,481,50,649,306
4652,45,556,214,731,395
4652,33,132,58,254,205
4652,52,97,169,252,360
4653,45,556,214,731,395
4653,7,481,50,649,306
4653,33,132,58,255,205
4653,52,98,169,252,358
4654,45,556,214,732,395
4654,7,482,50,650,306
4654,33,132,57,255,205
4654,52,98,169,253,357
4655,45,556,214,732,395
4655,7,482,50,649,306
4655,52,98,169,253,357
4655,33,133,57,255,206
4656,7,482,50,649,306
4656,33,133,57,255,206
4656,45,556,214,732,395
4656,52,97,168,253,359
4657,45,557,214,732,395
4657,7,483,50,650,306
4657,33,134,57,256,206
4657,52,97,168,253,363
4658,7,483,50,650,306
4658,45,557,214,732,395
4658,33,134,57,256,206
4658,52,97,169,254,364
4659,7,483,49,650,307
4659,45,557,213,732,395
4659,33,134,57,256,206
4659,52,97,169,254,366
4660,7,483,49,651,306
4660,45,558,213,732,395
4660,33,134,57,256,206
4660,52,97,169,254,368
4661,7,483,49,651,307
4661,45,558,213,733,395
4661,33,134,56,257,206
4661,52,97,170,254,372
4662,7,483,49,651,306
4662,45,558,213,733,394
4662,33,134,55,257,206
4662,52,97,170,254,375
4663,7,483,49,651,307
4663,45,558,213,733,395
4663,33,135,54,257,205
4663,52,98,169,255,378
4664,7,483,49,651,307
4664,45,558,213,733,395
4664,33,134,53,257,206
4664,52,98,170,255,381
4665,7,484,49,651,307
4665,45,558,213,733,395
4665,52,98,170,255,381
4665,33,134,53,257,205
4666,45,558,213,733,395
4666,7,484,50,651,307
4666,52,98,170,255,380
4666,33,134,53,258,202
4667,7,484,50,651,307
4667,45,558,213,733,395
4667,33,134,52,258,202
4667,52,97,170,255,376
4668,7,484,50,651,307
4668,45,558,213,733,395
4668,52,97,170,255,373
4668,33,134,52,257,186
4669,7,484,50,651,307
4669,45,558,213,733,395
4669,52,96,170,255,370
4669,33,134,51,257,182
4670,7,483,50,651,307
4670,45,557,213,733,394
4670,52,96,170,255,366
4670,33,133,52,257,186
4671,7,483,50,651,307
4671,52,96,170,254,366
4671,45,557,213,733,394
4671,33,133,51,255,200
4672,7,483,50,651,307
4672,45,557,213,732,394
4672,52,96,170,255,367
4672,33,133,51,254,198
4673,45,557,213,732,394
4673,7,483,50,650,305
4673,52,96,170,254,369
4673,33,134,51,254,190
4674,45,557,213,732,395
4674,7,483,50,650,307
4674,52,97,170,254,371
4674,33,133,52,253,201
4675,7,483,50,650,307
4675,45,557,213,732,395
4675,52,97,170,254,374
4675,33,133,52,253,189
4676,7,483,50,650,307
4676,45,557,213,732,395
4676,52,97,170,254,379
4676,33,133,52,253,191
4677,7,483,50,650,307
4677,45,556,213,732,395
4677,52,97,170,254,381
4677,33,132,52,252,199
4678,7,483,50,650,307
4678,45,556,213,732,395
4678,33,132,52,252,200
4678,52,98,169,253,380
4679,7,483,50,650,307
4679,45,556,213,732,395
4679,33,132,52,252,199
4679,52,97,170,253,381
4680,7,483,50,650,307
4680,45,556,213,732,395
4680,52,97,170,254,380
4680,33,132,52,251,199
4681,52,97,170,254,377
4681,45,559,214,732,394
4681,7,483,51,650,304
4681,33,133,52,251,187
4682,45,559,214,732,394
4682,7,483,51,650,304
4682,33,133,52,251,187
4682,52,97,171,254,373
4683,45,559,214,732,394
4683,7,483,51,650,304
4683,52,97,171,254,370
4683,33,134,52,251,184
4684,45,559,214,732,394
4684,7,483,51,650,303
4684,33,134,52,251,183
4684,52,97,171,254,368
4685,7,483,51,651,302
4685,45,560,214,732,394
4685,52,97,171,255,367
4685,33,134,52,251,182
4686,33,134,51,251,182
4686,7,484,51,651,302
4686,45,560,214,733,394
4686,52,98,171,255,367
4687,52,98,171,255,367
4687,7,484,51,651,303
4687,33,134,51,252,182
4687,45,560,214,733,395
4688,45,560,214,733,395
4688,7,484,51,651,302
4688,33,134,52,252,182
4688,52,98,171,255,370
4689,7,484,51,651,302
4689,45,560,215,733,394
4689,33,135,52,252,182
4689,52,98,170,255,371
4690,45,560,215,734,394
4690,33,135,52,252,182
4690,7,484,50,651,300
4690,52,99,170,255,373
4691,45,560,215,734,394
4691,33,135,53,252,182
4691,7,484,50,652,303
4691,52,99,171,255,376
4692,7,484,50,652,302
4692,45,560,215,734,394
4692,33,135,53,252,181
4692,52,99,171,255,381
4693,45,560,215,734,394
4693,33,135,53,252,181
4693,52,99,171,255,381
4693,7,484,50,652,301
4694,45,560,215,734,394
4694,52,99,171,255,381
4694,7,484,50,652,302
4694,33,135,53,252,181
4695,45,560,215,734,394
4695,7,484,50,652,301
4695,33,135,52,253,181
4695,52,99,171,255,379
4696,45,560,215,734,394
4696,7,484,50,652,301
4696,33,135,52,253,181
4696,52,98,170,256,376
4697,7,484,50,652,301
4697,33,135,52,253,180
4697,45,560,214,734,394
4697,52,98,170,255,372
4698,45,560,214,734,395
4698,33,134,52,253,180
4698,7,484,50,652,302
4698,52,97,170,255,369
4699,7,484,50,652,302
4699,45,559,214,734,395
4699,33,135,52,253,180
4699,52,97,170,255,364
4700,45,559,215,733,395
4700,7,484,50,651,303
4700,33,134,52,253,181
4700,52,95,171,254,359
4701,45,558,215,733,395
4701,7,484,50,651,304
4701,52,94,171,254,359
4701,33,134,52,253,178
4702,7,483,50,651,304
4702,45,558,215,733,395
4702,52,93,173,254,359
4702,33,134,52,253,181
4703,7,483,51,651,305
4703,45,558,215,733,395
4703,52,92,172,254,359
4703,33,134,51,252,179
4704,45,557,215,732,395
4704,7,483,51,650,304
4704,52,91,173,253,359
4704,33,133,51,252,186
4705,7,483,50,650,304
4705,45,557,215,732,395
4705,52,90,171,253,359
4705,33,132,51,254,239
4706,45,557,215,732,394
4706,7,483,50,650,304
4706,52,89,172,252,360
4706,33,129,50,256,251
4707,45,557,214,732,394
4707,7,482,50,650,301
4707,52,89,171,251,360
4707,33,130,50,257,254
4708,45,557,215,732,394
4708,7,483,50,650,304
4708,52,89,171,252,363
4708,33,130,50,258,252
4709,7,483,50,650,304
4709,45,557,215,732,394
4709,33,130,50,258,252
4709,52,89,171,252,365
4710,7,483,50,650,304
4710,45,557,215,732,394
4710,33,129,50,258,252
4710,52,90,171,252,367
4711,45,557,215,732,394
4711,7,483,50,650,304
4711,33,130,50,258,251
4711,52,91,171,252,367
4712,7,483,50,650,304
4712,45,557,215,732,395
4712,52,91,171,252,368
4712,33,130,50,258,248
4713,7,483,50,650,304
4713,45,557,215,732,395
4713,52,91,171,252,369
4713,33,132,50,258,250
4714,7,483,50,650,304
4714,45,557,215,732,395
4714,52,92,170,252,369
4714,33,132,50,257,247
4715,7,483,50,650,304
4715,45,557,215,732,394
4715,33,132,50,257,246
4715,52,91,170,252,370
4716,7,483,50,650,304
4716,45,557,215,732,395
4716,52,91,170,252,370
4716,33,132,50,257,242
4717,7,482,50,650,304
4717,45,556,215,732,395
4717,52,91,170,251,369
4717,33,131,50,257,243
4718,45,556,215,732,395
4718,7,482,50,650,304
4718,33,131,50,257,244
4718,52,91,170,251,366
4719,45,556,215,732,394
4719,7,482,50,650,302
4719,33,131,50,258,246
4719,52,90,170,251,360
4720,45,556,215,732,394
4720,33,131,50,258,248
4720,7,482,50,650,300
4720,52,89,170,251,358
4721,45,556,215,732,394
4721,52,89,170,251,358
4721,33,131,50,257,247
4721,7,482,50,650,302
4722,45,556,215,732,394
4722,7,482,50,650,303
4722,52,90,170,252,360
4722,33,130,50,256,243
4723,45,556,215,732,394
4723,7,482,50,650,303
4723,52,89,170,253,361
4723,33,130,50,254,241
4724,45,556,215,731,395
4724,7,482,50,649,302
4724,52,89,171,253,361
4724,33,129,50,254,242
4725,45,556,215,732,395
4725,52,88,171,253,361
4725,7,482,50,649,303
4725,33,129,50,254,245
4726,45,556,215,732,395
4726,7,482,50,650,304
4726,52,88,170,252,360
4726,33,131,50,253,236
4727,45,556,215,732,395
4727,7,482,50,650,304
4727,52,88,171,252,362
4727,33,130,50,254,244
4728,45,556,215,732,395
4728,52,88,171,252,362
4728,7,482,50,650,305
4728,33,131,50,254,237
4729,45,556,215,732,395
4729,7,483,50,650,305
4729,52,87,170,253,361
4729,33,132,50,254,235
4730,45,556,215,732,395
4730,7,483,50,650,305
4730,52,87,170,253,361
4730,33,131,50,256,245
4731,45,556,215,732,395
4731,7,483,50,650,305
4731,33,131,50,256,245
4731,52,88,169,253,361
4732,7,483,50,650,305
4732,45,556,214,732,395
4732,52,89,170,253,361
4732,33,132,50,256,236
4733,45,556,215,732,395
4733,7,483,50,650,305
4733,52,91,169,253,361
4733,33,133,50,255,229
4734,7,483,50,650,305
4734,45,556,215,732,395
4734,52,93,169,253,361
4734,33,133,50,255,225
4735,45,557,215,732,395
4735,7,483,50,650,305
4735,52,96,169,252,360
4735,33,134,50,255,219
4736,45,557,215,732,395
4736,7,483,50,650,305
4736,52,97,168,252,361
4736,33,134,50,254,207
4737,7,483,50,650,305
4737,45,557,215,732,395
4737,33,134,50,254,207
4737,52,98,169,253,361
4738,7,483,50,651,305
4738,45,557,215,732,395
4738,33,134,50,254,207
4738,52,98,169,253,361
4739,45,557,215,732,395
4739,7,483,50,650,305
4739,33,134,50,254,207
4739,52,98,169,253,360
4740,7,483,50,650,305
4740,45,557,214,732,395
4740,33,134,50,254,207
4740,52,97,169,252,360
4741,45,557,214,732,395
4741,7,483,50,650,305
4741,33,134,50,253,207
4741,52,94,169,253,361
4742,45,557,214,732,395
4742,7,483,50,650,305
4742,33,134,50,253,206
4742,52,92,169,253,362
4743,45,557,214,732,395
4743,7,483,50,650,305
4743,33,134,50,254,206
4743,52,90,169,252,361
4744,7,483,50,650,306
4744,45,557,214,732,395
4744,33,134,50,254,207
4744,52,88,169,252,362
4745,45,557,214,732,395
4745,7,483,50,650,305
4745,33,134,50,254,206
4745,52,87,169,252,360
4746,7,483,50,650,305
4746,45,557,214,732,395
4746,33,134,50,254,206
4746,52,87,169,252,360
4747,45,557,214,732,395
4747,7,483,50,650,306
4747,33,133,51,253,206
4747,52,87,169,252,359
4748,7,483,50,650,306
4748,45,557,214,732,395
4748,33,134,50,253,207
4748,52,86,169,252,363
4749,7,483,50,650,306
4749,45,557,214,732,395
4749,33,134,50,253,206
4749,52,85,169,252,369
4750,7,483,50,650,306
4750,45,557,214,732,395
4750,33,134,50,253,207
4750,52,84,169,252,373
4751,7,483,50,650,305
4751,45,557,214,732,395
4751,52,84,169,252,372
4751,33,134,50,253,216
4752,7,483,50,650,306
4752,45,557,214,732,395
4752,52,84,169,252,372
4752,33,134,50,253,219
4753,7,483,50,650,305
4753,45,557,214,732,395
4753,52,85,169,252,373
4753,33,134,50,253,223
4754,45,557,215,732,395
4754,7,483,50,651,305
4754,52,86,169,252,375
4754,33,134,50,253,218
4755,45,557,215,732,395
4755,7,483,50,651,306
4755,33,134,50,253,217
4755,52,87,169,252,377
4756,7,483,50,651,306
4756,45,557,215,732,395
4756,52,88,169,252,378
4756,33,134,50,253,220
4757,7,483,50,651,306
4757,45,557,215,732,395
4757,52,88,170,252,377
4757,33,134,51,254,224
4758,7,483,50,651,305
4758,45,557,215,732,395
4758,52,88,170,252,377
4758,33,134,50,253,220
4759,45,557,215,732,395
4759,7,483,51,651,305
4759,52,87,170,252,375
4759,33,134,50,253,217
4760,7,483,51,651,305
4760,45,557,215,732,395
4760,33,134,50,253,218
4760,52,87,170,252,371
4761,7,483,51,651,305
4761,45,557,215,732,395
4761,33,134,50,253,218
4761,52,87,170,252,367
4762,7,483,51,651,304
4762,45,557,214,732,395
4762,52,87,171,253,367
4762,33,133,50,253,206
4763,45,557,214,732,395
4763,33,132,50,252,206
4763,7,483,51,650,302
4763,52,88,171,253,369
4764,33,132,50,252,206
4764,45,557,214,732,395
4764,52,88,171,253,370
4764,7,483,51,651,305
4765,7,483,51,651,305
4765,33,132,50,252,206
4765,45,557,214,733,395
4765,52,89,171,253,375
4766,33,132,50,252,206
4766,45,557,214,733,395
4766,7,483,51,651,305
4766,52,89,171,253,378
4767,33,132,50,252,206
4767,7,483,51,651,305
4767,45,557,214,733,395
4767,52,89,171,254,378
4768,45,557,215,733,396
4768,7,483,51,652,304
4768,52,89,171,254,377
4768,33,133,50,253,205
4769,7,483,51,652,304
4769,45,557,215,733,396
4769,33,133,50,254,205
4769,52,89,171,254,373
4770,33,133,50,254,205
4770,45,556,215,733,396
4770,7,484,51,651,301
4770,52,88,171,254,367
4771,7,484,51,651,301
4771,33,134,50,254,205
4771,45,557,215,733,396
4771,52,88,171,254,366
4772,33,134,50,254,205
4772,45,557,215,733,396
4772,52,88,171,254,365
4772,7,484,51,651,300
4773,7,484,51,651,300
4773,45,557,215,734,396
4773,33,134,50,254,206
4773,52,89,171,254,366
4774,45,557,215,734,396
4774,33,134,50,254,206
4774,52,89,171,255,366
4774,7,484,51,651,295
4775,45,557,215,734,396
4775,33,134,50,254,206
4775,7,484,51,651,296
4775,52,90,171,255,369
4776,45,558,215,734,396
4776,7,484,51,651,300
4776,33,135,50,254,207
4776,52,91,170,255,374
4777,7,484,51,651,299
4777,33,135,50,254,207
4777,45,557,214,734,395
4777,52,91,170,255,380
4778,45,557,214,734,395
4778,33,135,50,254,207
4778,7,484,50,651,299
4778,52,92,170,255,381
4779,7,484,50,651,299
4779,45,557,214,734,395
4779,33,135,50,254,207
4779,52,92,170,255,380
4780,45,557,214,734,395
4780,33,135,50,254,207
4780,7,484,50,651,297
4780,52,92,170,255,376
4781,45,557,214,734,395
4781,33,135,50,254,206
4781,7,484,50,651,296
4781,52,91,170,255,370
4782,45,557,214,734,395
4782,33,135,50,254,206
4782,7,484,51,652,297
4782,52,91,170,255,366
4783,45,557,214,734,395
4783,33,135,50,254,206
4783,52,90,170,255,366
4783,7,484,51,652,299
4784,33,135,50,254,206
4784,7,484,51,652,301
4784,52,90,170,255,364
4784,45,559,214,735,396
4785,33,135,50,254,206
4785,45,558,214,734,395
4785,52,90,170,255,366
4785,7,484,51,652,298
4786,33,135,50,254,206
4786,45,558,215,734,395
4786,52,90,170,255,366
4786,7,484,51,652,296
4787,33,135,50,254,206
4787,7,485,51,652,298
4787,45,559,215,735,396
4787,52,91,170,255,369
4788,33,135,50,254,206
4788,45,560,215,735,396
4788,7,485,51,652,301
4788,52,92,170,255,377
4789,45,560,215,735,396
4789,33,135,50,254,206
4789,7,485,51,653,299
4789,52,93,170,256,380
4790,45,560,215,735,396
4790,33,135,50,254,206
4790,7,485,51,653,297
4790,52,94,170,256,382
4791,33,136,50,254,206
4791,45,560,215,735,396
4791,52,94,170,256,382
4791,7,485,51,653,294
4792,45,560,215,735,396
4792,7,485,51,653,296
4792,33,136,50,255,206
4792,52,94,170,256,381
4793,33,136,50,255,206
4793,45,560,214,735,396
4793,7,485,51,653,298
4793,52,93,170,256,379
4794,33,136,50,255,206
4794,7,485,51,653,297
4794,45,559,215,734,395
4794,52,93,170,256,370
4795,33,136,50,255,206
4795,45,559,214,734,395
4795,7,485,51,653,299
4795,52,92,170,256,367
4796,45,559,214,734,395
4796,33,136,50,255,206
4796,52,92,170,255,367
4796,7,485,51,653,298
4797,33,136,50,255,206
4797,7,484,51,652,298
4797,45,560,214,734,395
4797,52,92,169,255,367
4798,33,135,50,255,206
4798,7,484,51,652,298
4798,52,92,169,255,367
4798,45,559,214,734,395
4799,45,559,214,734,395
4799,7,484,51,652,299
4799,33,135,50,254,206
4799,52,93,170,255,368
4800,7,484,51,652,300
4800,33,135,50,255,206
4800,45,560,214,734,395
4800,52,93,170,255,369
4801,45,560,215,733,395
4801,7,485,51,651,302
4801,33,135,50,255,207
4801,52,93,169,255,376
4802,45,560,215,733,395
4802,33,135,50,255,208
4802,7,485,51,651,303
4802,52,94,170,255,381
4803,45,560,215,733,395
4803,7,485,51,651,303
4803,33,135,50,256,208
4803,52,95,168,255,385
4804,7,485,51,651,303
4804,33,135,50,256,208
4804,45,560,215,733,395
4804,52,95,168,255,384
4805,33,135,50,256,208
4805,7,485,51,651,303
4805,45,560,215,733,396
4805,52,95,168,255,383
4806,7,485,51,651,303
4806,45,560,215,733,396
4806,33,135,50,256,208
4806,52,94,168,255,380
4807,7,485,50,651,303
4807,45,560,215,734,396
4807,33,135,50,256,208
4807,52,93,170,255,375
4808,45,560,215,734,396
4808,7,485,50,651,303
4808,33,136,50,257,209
4808,52,93,170,256,368
4809,52,93,169,256,368
4809,45,560,215,734,396
4809,7,486,50,651,302
4809,33,137,50,257,209
4810,45,561,215,734,396
4810,52,93,169,256,367
4810,7,486,50,651,300
4810,33,137,50,257,208
4811,45,561,215,734,395
4811,52,93,170,256,367
4811,7,486,50,652,298
4811,33,137,50,258,209
4812,45,561,215,734,395
4812,52,93,169,256,367
4812,33,137,50,257,208
4812,7,486,50,652,296
4813,45,561,215,734,395
4813,33,137,50,257,208
4813,52,94,169,256,370
4813,7,486,50,652,287
4814,7,485,50,652,288
4814,45,560,215,734,395
4814,33,137,50,257,209
4814,52,94,169,256,371
4815,45,560,215,734,396
4815,33,137,50,257,209
4815,7,485,50,651,288
4815,52,95,168,255,378
4816,33,137,50,257,209
4816,45,560,215,734,395
4816,7,485,50,651,289
4816,52,96,168,255,382
4817,33,137,50,257,209
4817,45,560,215,734,395
4817,52,96,168,255,382
4817,7,485,50,651,290
4818,7,485,50,651,290
4818,45,560,215,734,395
4818,52,95,168,255,382
4818,33,136,50,257,209
4819,45,559,215,733,395
4819,33,137,50,257,208
4819,7,485,51,651,294
4819,52,94,168,255,378
4820,33,137,50,256,208
4820,45,559,215,733,395
4820,7,485,50,651,292
4820,52,93,169,255,372
4821,45,559,214,733,395
4821,7,485,50,651,292
4821,33,137,49,256,208
4821,52,93,169,256,369
4822,45,559,215,733,395
4822,33,137,49,256,208
4822,7,485,51,651,290
4822,52,93,169,256,366
4823,33,137,49,257,208
4823,45,559,215,733,395
4823,7,485,50,651,290
4823,52,93,169,256,364
4824,45,559,215,733,395
4824,33,137,49,257,208
4824,7,485,50,650,289
4824,52,92,169,255,364
4825,45,559,215,733,395
4825,33,137,49,257,208
4825,52,93,169,255,364
4825,7,485,51,650,290
4826,45,559,215,733,395
4826,33,137,49,257,208
4826,7,485,51,650,290
4826,52,93,169,255,365
4827,7,485,51,650,289
4827,45,559,215,733,395
4827,33,137,49,257,208
4827,52,94,169,256,367
4828,45,559,215,733,395
4828,33,137,49,257,208
4828,7,485,51,650,288
4828,52,94,169,256,370
4829,45,559,215,733,395
4829,33,137,49,257,208
4829,7,485,51,650,289
4829,52,95,169,256,380
4830,33,137,49,257,208
4830,45,559,215,733,395
4830,7,485,51,650,290
4830,52,96,168,255,379
4831,45,559,215,733,395
4831,33,137,49,257,208
4831,7,485,51,650,291
4831,52,95,168,255,379
4832,45,559,215,733,395
4832,33,137,49,257,208
4832,7,485,51,650,291
4832,52,95,168,255,376
4833,7,485,51,650,291
4833,45,559,215,733,395
4833,33,137,49,257,208
4833,52,94,169,256,372
4834,7,485,51,650,291
4834,45,559,214,733,395
4834,33,137,49,257,209
4834,52,94,169,255,369
4835,33,137,49,257,209
4835,45,559,214,733,395
4835,7,485,51,650,291
4835,52,93,169,255,365
4836,45,559,214,733,395
4836,7,485,51,650,290
4836,33,137,49,257,209
4836,52,92,169,255,362
4837,45,559,214,733,395
4837,33,137,49,257,209
4837,7,485,51,650,289
4837,52,91,169,255,361
4838,7,485,51,650,289
4838,33,137,49,257,209
4838,45,559,215,733,395
4838,52,91,169,255,361
4839,7,485,51,650,289
4839,45,559,215,733,395
4839,52,92,169,255,361
4839,33,137,49,258,210
4840,45,559,215,734,395
4840,7,485,51,650,288
4840,33,137,49,258,210
4840,52,92,169,255,364
4841,45,559,215,734,395
4841,7,485,51,650,289
4841,33,137,49,258,210
4841,52,93,170,255,366
4842,7,485,51,650,289
4842,45,559,215,733,395
4842,33,137,49,257,209
4842,52,93,170,254,371
4843,33,137,49,257,209
4843,45,558,214,733,395
4843,7,485,51,650,292
4843,52,94,168,254,377
4844,45,558,214,733,395
4844,52,94,168,253,378
4844,33,136,49,256,208
4844,7,484,52,651,301
4845,45,558,214,733,395
4845,7,484,52,651,300
4845,52,93,168,253,378
4845,33,136,50,256,208
4846,45,558,214,733,395
4846,33,136,50,255,207
4846,7,484,51,649,296
4846,52,92,169,253,372
4847,33,136,50,255,207
4847,45,557,214,732,395
4847,52,90,170,253,368
4847,7,483,52,650,304
4848,45,556,214,732,395
4848,7,483,52,650,305
4848,52,88,170,253,364
4848,33,136,49,256,211
4849,45,556,214,732,394
4849,7,483,52,650,306
4849,33,136,49,257,216
4849,52,86,170,253,358
4850,7,483,52,650,306
4850,45,556,214,732,394
4850,33,136,49,257,215
4850,52,84,170,252,357
4851,7,483,52,650,306
4851,45,556,214,731,394
4851,52,83,170,252,357
4851,33,136,49,257,216
4852,45,556,214,731,394
4852,7,483,52,649,306
4852,52,83,169,252,357
4852,33,135,49,257,216
4853,45,556,214,731,394
4853,7,482,52,649,306
4853,33,135,49,256,213
4853,52,83,170,252,362
4854,45,555,214,731,394
4854,7,482,52,649,306
4854,33,135,49,256,212
4854,52,85,170,251,367
4855,7,482,52,649,306
4855,45,555,214,731,394
4855,33,135,49,256,212
4855,52,87,169,251,373
4856,7,482,52,649,306
4856,45,556,214,730,394
4856,33,135,49,256,213
4856,52,88,169,251,376
4857,45,556,214,731,394
4857,7,482,52,649,306
4857,33,135,49,256,212
4857,52,87,169,252,374
4858,45,556,214,731,394
4858,7,483,52,649,306
4858,33,135,49,257,215
4858,52,87,169,252,367
4859,7,483,52,649,306
4859,45,556,213,731,394
4859,33,135,49,257,214
4859,52,86,169,252,365
4860,45,556,214,731,394
4860,7,483,52,649,306
4860,33,135,49,256,212
4860,52,86,169,252,358
4861,7,483,52,649,305
4861,45,556,214,731,394
4861,52,86,169,251,358
4861,33,136,49,256,210
4862,45,556,214,731,394
4862,7,483,52,649,305
4862,33,136,49,256,210
4862,52,87,169,252,358
4863,45,556,213,731,394
4863,7,483,52,649,304
4863,33,136,49,256,209
4863,52,88,169,252,357
4864,33,136,49,256,209
4864,7,483,52,649,304
4864,45,556,213,731,393
4864,52,89,169,252,358
4865,7,483,52,649,304
4865,45,556,213,731,394
4865,33,136,49,256,209
4865,52,90,169,252,361
4866,33,136,49,256,209
4866,45,556,213,731,394
4866,7,483,52,650,304
4866,52,91,169,252,367
4867,7,483,52,650,304
4867,45,556,213,731,394
4867,33,135,49,255,206
4867,52,92,168,251,377
4868,45,556,213,731,394
4868,7,483,52,650,304
4868,33,135,49,255,206
4868,52,92,168,252,379
4869,45,556,214,731,395
4869,7,483,52,650,305
4869,33,135,49,255,206
4869,52,91,168,252,376
4870,7,483,52,650,304
4870,45,556,214,731,394
4870,33,136,49,255,208
4870,52,90,169,252,369
4871,45,556,214,731,394
4871,7,483,52,650,303
4871,33,135,49,255,209
4871,52,89,169,252,365
4872,7,483,52,650,303
4872,45,556,214,731,394
4872,33,135,49,256,209
4872,52,86,169,252,364
4873,45,556,214,731,394
4873,7,483,52,650,304
4873,33,135,49,255,208
4873,52,85,169,252,361
4874,45,556,214,731,394
4874,7,483,52,650,304
4874,52,85,169,252,362
4874,33,135,50,255,206
4875,45,556,214,731,394
4875,52,85,169,252,362
4875,33,135,50,254,206
4875,7,483,52,649,301
4876,45,556,214,731,394
4876,33,135,50,254,206
4876,7,483,52,649,300
4876,52,86,169,252,365
4877,33,135,50,254,206
4877,7,483,52,649,300
4877,45,556,214,731,394
4877,52,87,169,252,372
4878,45,556,214,731,394
4878,33,135,50,254,206
4878,7,483,52,649,301
4878,52,88,168,251,377
4879,7,483,52,649,300
4879,45,556,214,731,394
4879,33,135,50,255,206
4879,52,89,168,252,382
4880,45,556,214,731,394
4880,7,483,52,649,301
4880,33,135,50,255,206
4880,52,88,168,252,383
4881,45,556,214,731,394
4881,7,483,52,649,302
4881,33,135,50,255,206
4881,52,86,168,252,380
4882,45,556,214,731,394
4882,33,135,50,254,206
4882,7,483,52,649,302
4882,52,85,169,253,381
4883,45,555,214,731,394
4883,7,482,52,649,302
4883,33,135,50,255,206
4883,52,84,169,252,380
4884,45,555,214,731,394
4884,7,482,52,649,302
4884,33,135,50,255,206
4884,52,84,169,251,381
4885,45,555,214,731,394
4885,7,483,52,649,302
4885,33,134,50,255,206
4885,52,85,168,250,383
4886,45,555,214,731,394
4886,7,482,52,649,302
4886,33,135,49,255,207
4886,52,86,168,251,391
4887,45,555,214,731,394
4887,7,483,52,649,303
4887,33,135,50,255,206
4887,52,87,168,251,386
4888,45,555,214,731,394
4888,7,483,52,649,303
4888,52,86,168,251,386
4888,33,135,49,255,207
4889,7,483,52,649,303
4889,45,555,214,731,394
4889,33,135,49,255,207
4889,52,86,169,251,387
4890,45,555,214,731,394
4890,7,483,52,649,302
4890,33,135,50,254,206
4890,52,85,169,251,375
4891,7,483,52,649,302
4891,45,555,214,731,394
4891,33,135,50,254,205
4891,52,85,169,251,378
4892,7,483,52,649,302
4892,45,555,214,731,393
4892,33,135,50,254,205
4892,52,85,169,251,382
4893,45,555,214,731,394
4893,7,483,52,649,301
4893,33,135,50,254,205
4893,52,84,169,252,381
4894,45,555,214,731,394
4894,33,135,50,254,205
4894,7,483,52,649,302
4894,52,82,169,252,380
4895,45,555,214,731,394
4895,33,135,50,254,205
4895,7,483,52,650,303
4895,52,82,169,252,375
4896,33,135,50,254,205
4896,45,555,214,731,394
4896,7,483,52,650,303
4896,52,81,169,252,372
4897,33,135,50,254,205
4897,45,555,214,731,394
4897,7,483,52,650,302
4897,52,81,169,252,370
4898,7,483,52,650,301
4898,33,135,50,254,205
4898,45,555,214,732,395
4898,52,81,169,250,364
4899,33,135,50,254,205
4899,45,556,214,732,395
4899,7,483,52,649,302
4899,52,80,169,250,362
4900,45,555,214,732,395
4900,33,136,50,254,205
4900,52,80,169,250,361
4900,7,483,52,650,303
4901,45,556,214,732,395
4901,7,483,52,650,303
4901,33,136,50,255,205
4901,52,79,169,250,361
4902,45,556,214,732,395
4902,33,137,50,255,204
4902,52,79,169,251,357
4902,7,483,51,650,296
4903,33,137,50,255,204
4903,45,557,214,732,395
4903,7,484,51,650,294
4903,52,79,169,251,354
4904,7,484,51,650,294
4904,33,137,50,255,204
4904,45,557,214,733,395
4904,52,78,169,251,351
4905,45,557,214,733,395
4905,33,137,50,255,204
4905,52,78,169,251,350
4905,7,485,51,649,292
4906,33,137,50,255,204
4906,52,78,169,251,350
4906,45,556,214,733,395
4906,7,485,51,649,290
4907,45,556,214,733,394
4907,7,485,51,648,290
4907,33,137,50,255,205
4907,52,78,169,251,349
4908,33,137,50,255,205
4908,45,557,214,733,395
4908,52,77,169,251,350
4908,7,484,51,650,292
4909,52,77,169,252,350
4909,33,137,50,255,205
4909,45,557,214,733,395
4909,7,484,51,650,294
4910,52,77,169,252,350
4910,7,484,51,650,295
4910,33,137,50,255,204
4910,45,558,214,733,395
4911,33,137,50,255,204
4911,45,558,214,733,395
4911,7,484,51,649,294
4911,52,76,170,252,351
4912,45,558,214,733,395
4912,33,137,50,255,204
4912,7,484,51,649,293
4912,52,76,169,252,353
4913,45,558,214,733,395
4913,33,137,50,255,204
4913,7,484,51,649,294
4913,52,76,169,251,353
4914,45,558,214,733,395
4914,33,137,50,255,205
4914,7,484,51,649,296
4914,52,76,169,251,356
4915,45,558,214,733,395
4915,33,137,50,255,205
4915,7,484,51,649,297
4915,52,76,169,251,359
4916,7,484,51,649,297
4916,45,557,214,733,395
4916,33,137,50,255,205
4916,52,76,170,251,361
4917,7,484,51,649,297
4917,45,557,214,733,395
4917,33,137,50,255,205
4917,52,76,170,250,365
4918,33,137,50,255,206
4918,45,557,214,733,395
4918,7,484,51,649,294
4918,52,76,170,249,368
4919,45,558,214,733,395
4919,33,137,50,255,205
4919,7,484,51,649,293
4919,52,76,169,251,371
4920,7,484,51,649,293
4920,45,558,214,733,395
4920,33,137,50,255,206
4920,52,76,170,249,372
4921,33,137,50,254,205
4921,45,558,215,733,395
4921,52,77,170,248,376
4921,7,484,51,649,304
4922,33,137,50,254,205
4922,7,484,51,649,303
4922,45,558,215,733,395
4922,52,77,170,248,375
4923,7,484,51,649,303
4923,33,137,50,254,205
4923,45,558,215,733,395
4923,52,79,170,248,377
4924,33,137,50,254,205
4924,7,484,51,649,303
4924,45,558,215,733,395
4924,52,79,170,247,372
4925,33,137,50,254,205
4925,45,558,215,733,395
4925,7,484,51,650,305
4925,52,80,170,247,374
4926,33,137,50,254,205
4926,45,558,215,733,395
4926,7,484,51,649,305
4926,52,80,170,247,372
4927,33,137,50,254,205
4927,45,558,215,733,395
4927,52,80,170,247,372
4927,7,484,51,649,304
4928,45,558,215,733,395
4928,33,137,50,254,205
4928,7,484,51,649,304
4928,52,79,170,247,373
4929,33,137,50,254,205
4929,45,558,215,733,395
4929,7,484,51,649,303
4929,52,78,170,247,374
4930,33,137,50,254,205
4930,45,558,215,733,395
4930,7,484,51,650,306
4930,52,79,170,247,376
4931,7,484,51,650,305
4931,33,137,50,254,205
4931,45,558,215,733,395
4931,52,80,170,247,380
4932,33,137,50,254,205
4932,45,558,215,733,396
4932,7,484,51,650,304
4932,52,82,170,247,383
4933,33,137,50,254,205
4933,45,558,215,733,395
4933,7,484,51,650,304
4933,52,83,170,247,385
4934,33,137,49,254,205
4934,45,559,215,734,396
4934,7,484,51,650,302
4934,52,82,170,248,383
4935,45,559,215,734,396
4935,7,484,51,650,302
4935,33,137,49,254,205
4935,52,81,170,248,379
4936,45,559,214,734,396
4936,33,137,49,254,205
4936,7,484,51,650,302
4936,52,79,170,247,375
4937,45,559,214,734,396
4937,33,137,49,254,205
4937,7,484,51,651,302
4937,52,77,170,247,371
4938,7,484,51,651,302
4938,45,559,215,734,396
4938,33,137,49,254,205
4938,52,78,170,247,370
4939,33,137,49,254,205
4939,7,484,51,651,303
4939,45,559,214,734,396
4939,52,78,170,247,371
4940,33,137,49,254,205
4940,7,484,51,651,303
4940,45,559,214,733,396
4940,52,78,170,246,373
4941,33,137,49,254,205
4941,45,559,214,734,396
4941,7,484,51,651,303
4941,52,79,170,246,377
4942,33,137,49,254,205
4942,45,558,214,734,396
4942,7,484,51,650,303
4942,52,80,170,246,381
4943,45,559,214,734,396
4943,33,137,49,254,205
4943,7,484,51,650,304
4943,52,79,170,246,381
4944,33,137,49,254,204
4944,45,559,214,733,396
4944,7,484,51,650,305
4944,52,78,170,246,380
4945,7,484,51,650,305
4945,33,137,49,254,204
4945,45,558,214,733,395
4945,52,77,170,245,376
4946,7,484,51,650,305
4946,45,558,214,733,396
4946,33,137,49,254,204
4946,52,76,170,245,371
4947,45,558,214,733,396
4947,33,137,49,254,204
4947,7,484,51,650,305
4947,52,75,170,245,368
4948,33,137,49,254,204
4948,45,558,214,733,396
4948,7,484,51,650,306
4948,52,75,171,245,368
4949,7,484,51,650,306
4949,45,558,214,733,396
4949,33,137,49,254,204
4949,52,76,171,245,370
4950,45,559,214,733,396
4950,33,136,49,254,205
4950,7,484,51,650,306
4950,52,77,171,244,372
4951,33,136,49,254,205
4951,7,484,51,650,306
4951,45,558,214,733,396
4951,52,79,171,243,377
4952,45,558,214,733,396
4952,33,136,49,254,205
4952,7,484,51,649,304
4952,52,80,171,243,380
4953,45,558,215,733,396
4953,33,136,49,254,205
4953,7,484,51,649,304
4953,52,79,171,243,378
4954,45,558,215,733,396
4954,33,136,49,253,205
4954,7,484,51,650,305
4954,52,78,171,243,373
4955,33,136,49,253,205
4955,45,558,215,733,396
4955,7,484,51,650,305
4955,52,77,171,243,369
4956,45,558,215,733,396
4956,33,136,48,254,205
4956,7,484,51,650,305
4956,52,75,171,243,366
4957,45,558,215,733,396
4957,33,136,48,254,205
4957,7,484,51,650,306
4957,52,74,171,243,366
4958,7,484,51,650,306
4958,45,558,215,733,396
4958,33,136,48,254,205
4958,52,74,171,243,369
4959,33,136,48,254,205
4959,7,484,51,650,305
4959,45,558,214,734,396
4959,52,76,170,243,371
4960,33,136,48,254,205
4960,45,558,214,734,396
4960,7,484,51,650,305
4960,52,76,170,243,377
4961,33,136,48,254,205
4961,45,558,214,734,397
4961,7,484,51,651,304
4961,52,76,170,243,380
4962,33,136,48,254,205
4962,45,559,215,734,397
4962,52,76,170,243,381
4962,7,484,51,651,300
4963,33,136,48,254,205
4963,45,558,215,735,397
4963,7,484,51,651,299
4963,52,74,170,243,376
4964,33,136,48,254,205
4964,45,559,215,735,397
4964,7,484,51,651,300
4964,52,73,170,243,374
4965,33,136,48,254,205
4965,45,559,215,735,397
4965,7,485,51,651,301
4965,52,72,170,242,370
4966,33,136,49,254,205
4966,45,559,216,735,397
4966,7,485,51,651,302
4966,52,72,171,242,368
4967,33,136,49,254,205
4967,52,72,170,243,368
4967,45,559,216,735,397
4967,7,485,51,652,301
4968,45,559,216,735,397
4968,33,136,49,254,205
4968,52,74,170,243,369
4968,7,485,51,652,299
4969,33,136,49,254,205
4969,45,559,216,735,398
4969,7,485,51,653,295
4969,52,76,170,243,371
4970,45,559,216,735,398
4970,33,137,49,254,205
4970,7,485,51,652,289
4970,52,78,170,243,375
4971,45,559,215,735,397
4971,33,137,49,254,205
4971,7,485,51,653,287
4971,52,79,170,245,378
4972,45,559,215,735,397
4972,33,137,49,255,205
4972,7,485,51,653,285
4972,52,81,170,245,379
4973,7,485,51,653,285
4973,45,559,215,735,397
4973,33,137,49,255,205
4973,52,81,170,246,379
4974,7,485,50,653,285
4974,33,137,49,255,205
4974,45,559,215,736,397
4974,52,81,170,246,376
4975,7,485,50,653,284
4975,45,559,214,736,397
4975,33,137,49,255,204
4975,52,80,170,246,373
4976,45,559,214,736,397
4976,33,137,49,256,204
4976,52,80,170,246,369
4976,7,486,50,652,288
4977,45,559,214,736,397
4977,33,138,49,256,204
4977,7,486,50,652,288
4977,52,80,170,246,368
4978,45,559,214,736,397
4978,33,138,49,256,204
4978,7,487,50,652,289
4978,52,80,170,246,368
4979,33,138,49,256,204
4979,52,81,170,247,368
4979,45,559,214,736,396
4979,7,485,50,654,286
4980,33,138,49,256,204
4980,7,485,50,653,286
4980,45,559,214,735,396
4980,52,82,170,247,369
4981,33,138,49,256,204
4981,45,560,213,735,396
4981,7,485,51,653,286
4981,52,83,170,246,370
4982,33,138,49,256,204
4982,7,485,51,653,286
4982,45,560,213,736,396
4982,52,84,170,246,371
4983,33,138,49,256,204
4983,45,560,213,736,396
4983,7,485,51,653,285
4983,52,85,169,246,375
4984,33,138,49,256,204
4984,45,560,213,736,396
4984,7,485,51,653,286
4984,52,86,169,246,375
4985,33,138,49,256,204
4985,45,560,213,736,396
4985,52,85,169,246,374
4985,7,486,51,652,289
4986,33,138,49,256,204
4986,45,560,213,736,396
4986,7,486,51,652,289
4986,52,84,169,246,370
4987,45,560,213,736,396
4987,33,138,49,256,204
4987,7,486,51,652,289
4987,52,83,169,246,370
4988,7,486,51,652,289
4988,45,560,213,736,396
4988,33,138,49,256,204
4988,52,81,169,246,370
4989,33,138,49,256,204
4989,45,560,213,736,396
4989,52,81,168,246,369
4989,7,485,51,653,286
