frame,person_id,x1,y1,x2,y2
1,0,395,411,548,717
1,1,691,396,833,576
1,2,688,396,834,715
2,1,691,396,833,575
2,2,689,396,834,715
2,0,395,412,548,716
2,3,395,412,547,579
3,0,395,412,548,716
3,2,689,396,834,714
3,1,691,396,832,575
3,3,394,412,547,576
4,0,395,411,548,716
4,3,395,412,546,576
4,2,689,395,833,714
4,1,690,395,831,575
5,0,395,411,547,716
5,2,688,395,833,713
5,3,394,412,546,578
5,1,690,395,831,575
6,0,395,411,547,717
6,2,688,394,832,712
6,1,690,394,830,574
7,2,688,394,832,711
7,0,395,410,547,717
7,3,395,411,546,578
7,1,689,394,830,573
8,0,395,410,548,717
8,2,688,394,832,711
8,1,689,394,829,573
8,3,394,411,546,576
9,0,395,410,547,716
9,2,688,393,833,711
9,3,395,410,546,575
9,1,689,393,831,573
10,0,395,409,547,715
10,1,689,392,830,572
10,3,395,410,546,572
10,2,686,394,832,710
11,0,396,408,547,713
11,2,686,394,831,709
11,3,396,409,546,570
11,1,689,393,829,570
12,0,396,408,547,712
12,3,396,409,547,569
12,2,686,393,829,709
12,1,689,392,828,570
13,0,396,407,547,713
13,1,689,392,828,569
13,3,396,408,546,571
13,2,688,392,830,709
14,0,396,406,546,712
14,2,688,391,828,709
14,1,688,392,827,569
14,3,396,407,546,569
15,0,396,405,546,711
15,3,396,406,546,569
15,2,688,391,829,708
15,1,688,391,828,568
16,0,396,405,547,711
16,2,688,390,831,708
16,3,396,405,546,567
16,1,688,390,830,568
17,3,396,405,547,567
17,0,396,404,547,709
17,2,688,389,831,706
17,1,688,389,830,567
18,0,396,404,547,709
18,3,396,405,546,567
18,2,689,388,830,704
18,1,688,388,828,567
19,1,688,387,828,567
19,2,688,387,830,704
19,0,395,404,546,708
19,3,395,405,546,566
20,2,688,387,829,703
20,1,687,387,828,566
20,0,393,403,546,708
20,3,394,404,545,565
21,2,687,387,830,704
21,1,687,387,828,566
21,0,392,403,546,708
21,3,393,404,545,566
22,0,392,403,546,708
22,2,688,386,829,703
22,1,687,387,828,565
22,3,393,404,545,564
23,0,392,403,545,707
23,1,687,387,828,565
23,2,688,386,829,702
23,3,393,404,544,560
24,2,688,386,829,702
24,0,392,403,545,707
24,1,687,386,827,564
24,3,394,404,544,558
25,2,688,386,829,702
25,3,394,403,544,558
25,0,392,402,546,707
25,1,687,386,827,565
26,1,687,386,827,564
26,2,688,386,828,702
26,3,394,404,545,558
26,0,392,403,546,707
27,0,392,403,546,707
27,2,688,386,829,702
27,1,687,386,827,564
27,3,394,404,545,558
28,2,688,386,829,702
28,0,392,403,546,706
28,1,687,386,828,565
29,1,687,386,828,565
29,2,688,386,830,702
29,0,392,403,547,707
29,3,395,404,545,558
30,0,393,403,547,707
30,3,395,404,546,557
30,2,688,386,828,702
30,1,687,386,826,565
31,3,395,404,546,557
31,0,393,403,547,706
31,2,688,387,829,702
31,1,687,387,826,565
32,0,394,404,547,706
32,3,396,404,546,559
32,1,687,388,825,565
32,2,688,388,826,642
33,0,394,404,547,706
33,3,395,405,546,558
33,1,688,388,827,566
33,2,689,388,829,702
34,0,394,404,548,707
34,3,395,405,547,559
34,2,689,388,829,702
34,1,688,388,828,566
35,0,393,404,548,707
35,1,688,388,828,567
35,2,689,388,830,704
35,3,395,405,547,560
36,2,689,388,830,704
36,0,393,404,548,707
36,1,688,389,828,566
36,3,395,405,547,561
37,2,689,388,830,703
37,0,394,404,549,707
37,3,395,405,547,560
37,1,689,388,829,567
38,2,689,388,829,703
38,1,689,388,827,567
38,0,395,404,549,707
38,3,396,405,548,560
39,2,689,388,829,702
39,1,689,388,828,567
39,0,395,404,549,706
39,3,397,404,548,560
40,1,689,389,828,566
40,3,398,404,548,560
40,0,396,404,549,706
40,2,690,389,829,668
41,0,396,404,549,707
41,3,398,405,548,560
41,1,689,389,828,567
41,2,690,389,829,645
42,0,396,404,549,707
42,1,690,389,829,567
42,3,398,405,548,561
42,2,690,389,830,703
43,2,690,389,830,703
43,3,398,405,548,560
43,1,690,389,828,567
43,0,396,404,550,708
44,1,690,389,829,567
44,2,690,389,830,704
44,0,397,404,551,707
44,3,399,405,549,559
45,0,398,404,551,707
45,1,690,389,831,567
45,2,690,389,832,703
46,0,398,404,551,707
46,2,691,389,833,703
46,1,691,389,831,567
47,0,399,404,552,707
47,2,691,389,833,703
47,1,691,389,831,566
48,0,399,404,552,707
48,2,691,389,833,702
48,1,691,389,831,566
49,0,399,404,552,707
49,2,692,389,833,702
49,1,691,389,831,566
50,0,399,404,552,707
50,2,692,389,833,702
50,1,692,389,832,566
51,0,399,404,552,707
51,2,692,389,834,702
51,1,692,389,832,566
52,0,399,404,552,707
52,2,692,389,833,702
52,1,692,389,832,566
53,2,692,389,834,702
53,0,399,404,553,707
53,1,692,389,832,566
54,1,692,389,832,566
54,2,693,389,834,703
54,0,399,404,552,707
55,0,399,404,552,707
55,2,693,389,834,703
55,1,692,389,833,566
56,0,399,404,552,707
56,2,693,389,835,703
56,1,693,389,834,567
57,0,399,404,552,707
57,2,692,389,835,703
57,1,693,389,834,566
58,0,399,404,552,707
58,2,692,389,836,703
58,1,693,389,834,567
59,2,693,389,836,703
59,0,399,404,553,707
59,1,693,389,834,567
60,1,693,389,835,567
60,2,693,389,836,703
60,0,400,404,553,708
61,0,399,404,553,708
61,1,693,389,835,567
61,2,693,389,837,704
62,1,693,389,835,567
62,0,399,404,553,708
62,2,693,389,837,704
63,0,399,404,553,708
63,1,693,389,835,567
63,2,693,389,837,704
64,0,399,404,553,707
64,1,693,389,835,567
64,2,693,389,837,704
65,2,693,389,837,704
65,0,399,404,552,707
65,1,694,389,835,567
66,2,694,389,837,704
66,1,694,389,835,567
66,0,400,405,553,708
67,1,694,389,835,568
67,2,694,389,838,705
67,0,401,405,552,709
68,2,694,389,838,705
68,1,694,389,836,568
68,0,400,405,552,709
69,0,400,405,552,709
69,2,694,389,838,704
69,1,694,389,835,568
70,1,694,389,835,568
70,2,694,390,837,704
70,0,400,404,554,707
71,1,694,390,836,568
71,0,401,405,554,708
71,2,694,390,838,705
72,2,694,390,838,705
72,1,694,390,836,568
72,0,401,405,554,708
73,2,694,390,839,705
73,0,402,405,554,708
73,1,695,390,837,568
74,2,694,390,839,705
74,1,695,390,837,568
74,0,403,405,555,708
74,4,406,405,553,558
75,2,694,391,839,705
75,1,695,391,837,568
75,0,404,405,555,707
76,2,694,391,839,705
76,1,695,391,837,568
76,0,405,405,555,708
77,2,694,391,839,705
77,0,405,405,555,708
77,1,695,391,837,569
78,0,406,405,555,708
78,1,695,391,836,568
78,2,693,392,839,706
79,0,406,405,555,708
79,1,695,391,836,569
79,2,694,391,839,706
80,0,406,405,555,708
80,2,694,391,839,707
80,1,695,391,836,569
81,0,406,405,555,708
81,1,695,392,836,569
81,2,694,391,839,707
82,0,406,405,555,709
82,2,693,392,839,708
82,1,695,392,836,569
83,0,407,405,555,709
83,1,695,392,836,569
83,2,692,393,839,707
84,0,407,405,555,709
84,1,695,392,835,569
84,2,692,393,838,707
85,0,407,405,555,708
85,1,695,392,836,569
85,2,692,393,839,707
86,1,695,392,836,570
86,2,693,393,838,707
86,0,408,405,555,708
87,1,695,392,836,569
87,0,408,405,555,708
87,2,693,392,838,708
88,1,695,392,836,570
88,2,694,392,838,708
88,0,408,406,554,709
89,2,694,392,838,708
89,1,695,392,836,570
89,0,409,406,554,710
90,0,410,406,554,710
90,1,695,392,835,570
90,2,693,392,837,709
91,0,411,406,554,711
91,2,693,393,838,709
91,1,695,393,836,570
92,0,411,406,554,711
92,1,695,393,836,570
92,2,693,393,838,709
93,1,695,393,836,570
93,2,693,393,838,709
93,0,411,406,555,710
94,0,411,406,554,710
94,1,695,393,836,570
94,2,693,393,838,709
95,1,695,393,836,570
95,0,411,406,554,710
95,2,693,393,838,709
96,0,412,406,554,710
96,2,693,393,838,710
96,1,695,393,835,570
97,0,412,406,554,710
97,1,695,393,834,570
97,2,693,393,837,709
98,0,412,407,554,710
98,2,692,393,837,709
98,1,694,393,835,570
99,0,413,407,554,710
99,2,691,393,837,709
99,1,693,393,835,570
100,0,412,407,554,710
100,1,693,393,834,570
100,2,690,393,836,709
101,0,412,407,554,710
101,1,692,393,833,570
101,2,689,392,835,709
102,0,412,407,554,711
102,2,688,392,835,709
102,1,690,393,833,570
103,0,412,407,554,711
103,2,688,392,834,709
103,1,690,392,832,570
104,0,412,407,554,711
104,2,688,391,834,708
104,1,689,391,832,570
105,0,412,407,553,711
105,2,688,391,834,708
105,1,689,391,831,570
106,0,412,407,553,710
106,2,688,390,834,707
106,1,689,390,832,571
107,0,412,407,553,710
107,2,688,389,834,707
107,1,689,390,831,570
108,0,412,407,553,710
108,2,687,388,835,708
108,1,688,388,832,570
109,0,412,407,553,710
109,2,687,388,834,708
109,1,688,388,831,570
110,0,412,407,552,710
110,2,687,386,834,707
110,1,687,386,831,570
111,0,411,407,552,710
111,1,686,385,831,570
111,2,687,385,834,706
112,0,411,406,552,710
112,2,686,384,833,705
112,1,686,384,831,570
113,0,411,406,552,710
113,1,685,383,830,569
113,2,685,383,832,704
114,0,410,405,552,709
114,1,684,382,830,569
114,2,685,382,831,703
114,5,410,406,551,563
115,0,410,405,552,709
115,5,410,406,550,562
115,1,684,382,829,569
115,2,684,382,829,702
116,0,410,405,551,709
116,1,684,382,828,569
116,2,685,382,828,695
117,0,410,405,551,709
117,1,684,382,828,569
117,2,684,382,828,695
118,0,410,405,552,709
118,1,684,382,829,569
118,2,684,382,829,697
119,0,410,405,552,708
119,1,684,382,828,569
119,2,684,382,829,701
120,0,410,405,552,708
120,1,684,382,830,569
120,2,684,382,831,701
121,0,410,404,552,708
121,2,684,382,832,702
121,1,684,382,831,569
122,0,410,404,552,708
122,2,684,382,832,702
122,1,684,382,831,569
123,0,410,404,552,708
123,2,684,382,833,702
123,1,684,382,832,569
124,0,410,404,552,708
124,2,684,384,834,702
124,1,684,384,833,569
125,0,410,404,552,708
125,2,684,385,834,702
125,1,685,385,833,569
126,0,410,404,552,708
126,2,685,388,835,702
126,1,685,388,833,569
127,0,410,404,552,708
127,1,686,389,834,569
127,2,686,389,835,702
128,0,410,404,552,708
128,1,687,389,834,569
128,2,687,389,836,702
129,0,410,404,552,708
129,2,687,390,836,702
129,1,687,390,834,568
130,0,410,404,552,708
130,2,688,392,836,702
130,1,687,392,834,568
131,0,410,404,552,708
131,2,688,393,836,702
131,1,687,392,834,568
132,0,409,404,552,709
132,2,688,393,835,702
132,1,687,393,834,568
133,0,409,404,552,708
133,2,688,393,836,702
133,1,688,393,834,568
133,6,408,404,550,564
134,0,409,404,552,708
134,2,688,394,836,702
134,1,687,394,834,568
134,6,408,404,550,566
135,0,409,404,552,708
135,2,688,394,836,702
135,1,687,394,834,568
135,6,408,404,550,565
136,0,409,404,552,708
136,1,687,394,834,568
136,2,688,395,836,702
136,6,408,404,550,567
137,0,409,404,552,709
137,1,687,395,834,568
137,2,688,395,836,702
138,0,409,404,552,708
138,1,687,395,833,568
138,2,688,396,835,701
139,0,408,404,552,708
139,2,688,396,835,700
139,1,687,395,833,567
140,0,408,404,552,708
140,1,687,396,833,567
140,2,688,396,835,700
141,2,688,397,834,700
141,1,687,396,833,567
141,0,408,404,552,709
142,1,686,397,833,567
142,0,407,404,551,709
142,2,688,397,834,699
143,2,687,397,834,699
143,0,407,404,551,709
143,1,686,397,833,567
143,6,408,404,548,566
144,0,407,405,551,709
144,2,687,398,834,699
144,1,686,397,832,567
145,0,407,404,551,709
145,1,685,398,833,567
145,2,687,398,834,700
146,0,406,404,550,708
146,2,686,399,834,700
146,1,685,399,833,567
147,0,406,405,550,709
147,2,686,400,834,700
147,1,685,399,832,566
148,0,406,404,550,708
148,2,686,400,834,701
148,1,684,400,832,566
149,0,406,404,550,708
149,2,685,401,834,701
149,1,684,401,832,566
150,0,406,404,550,709
150,1,684,402,832,566
150,2,685,402,833,700
151,0,406,404,549,709
151,2,685,402,834,701
151,1,684,402,832,566
152,2,685,403,833,699
152,1,684,402,832,566
152,0,407,403,549,708
153,0,406,403,549,708
153,1,684,403,832,566
153,2,684,403,833,699
154,2,684,404,833,699
154,1,684,404,832,566
154,0,406,404,548,707
155,0,406,404,548,707
155,2,684,405,833,699
155,1,684,404,832,566
156,2,684,405,833,699
156,0,406,404,548,707
156,1,684,405,832,566
157,0,405,404,548,708
157,2,684,405,833,699
157,1,684,405,832,566
158,2,684,405,833,699
158,0,405,404,548,708
158,1,684,405,832,565
159,2,684,405,833,699
159,0,405,404,548,708
159,1,684,405,831,565
160,2,683,405,833,699
160,1,683,405,831,565
160,0,404,403,547,708
161,2,684,405,832,699
161,0,404,403,547,708
161,1,683,405,831,564
162,0,404,403,547,708
162,2,684,405,832,699
162,1,683,405,831,564
163,2,684,405,832,699
163,1,683,405,831,564
163,0,404,403,547,707
164,2,683,405,832,699
164,0,404,403,547,708
164,1,683,405,831,564
165,0,404,403,547,708
165,1,683,405,831,564
165,2,684,405,832,699
166,1,683,405,831,564
166,2,684,405,832,699
166,0,403,403,547,708
167,2,684,405,832,699
167,1,683,405,830,564
167,0,404,403,547,707
168,2,684,405,832,700
168,0,404,403,547,707
168,1,683,404,830,563
169,2,684,405,831,699
169,1,683,404,830,564
169,0,404,404,547,707
170,1,683,404,830,564
170,2,684,404,831,700
170,0,404,403,547,707
171,0,404,403,547,707
171,2,684,404,831,699
171,1,683,404,830,564
172,2,684,404,831,699
172,1,683,404,830,564
172,0,404,404,547,707
173,2,684,404,831,699
173,1,683,404,830,564
173,0,404,403,547,707
174,0,404,403,547,707
174,2,684,404,831,700
174,1,683,404,831,564
175,2,684,404,832,700
175,0,404,403,546,707
175,1,683,403,831,566
176,2,684,404,832,700
176,0,403,403,547,708
176,1,683,403,831,567
177,0,403,403,547,708
177,2,683,404,831,700
177,1,683,403,830,567
178,0,403,403,546,708
178,1,683,403,831,567
178,2,683,404,832,700
179,2,683,404,832,700
179,0,403,403,546,708
179,1,683,404,831,566
180,0,403,402,546,708
180,2,683,404,831,700
180,1,683,403,830,567
181,0,403,402,546,708
181,2,683,404,831,700
181,1,683,403,829,564
182,2,682,404,831,700
182,0,402,402,545,708
182,1,683,403,829,562
183,2,682,404,830,699
183,0,402,402,545,708
183,1,683,403,830,564
184,2,682,403,830,700
184,0,402,402,545,707
184,1,683,403,830,565
185,2,682,403,830,699
185,1,683,403,830,565
185,0,402,402,545,707
186,2,683,403,830,699
186,1,683,403,829,565
186,0,402,402,545,707
187,1,683,403,829,565
187,2,682,403,830,699
187,0,401,402,544,707
188,1,682,403,829,565
188,0,401,402,545,707
188,2,682,403,830,698
189,2,682,403,829,698
189,0,401,401,544,707
189,1,682,403,829,564
190,2,682,403,829,698
190,0,401,401,545,707
190,1,682,402,829,564
191,1,682,402,829,564
191,2,682,403,829,698
191,0,401,401,544,707
192,2,681,403,829,698
192,0,401,401,544,707
192,1,682,402,829,564
193,2,681,403,829,698
193,1,682,402,829,564
193,0,401,401,544,707
194,2,681,402,829,698
194,0,401,401,544,707
194,1,682,402,829,564
195,0,401,400,544,707
195,1,682,402,829,564
195,2,681,402,829,698
196,0,401,400,544,707
196,2,681,402,829,698
196,1,681,402,828,563
197,2,681,402,829,697
197,0,401,400,544,707
197,1,681,402,828,563
198,0,401,400,544,707
198,2,681,403,829,697
198,1,681,402,828,564
199,2,681,403,829,698
199,0,401,400,544,706
199,1,681,402,828,564
200,2,681,402,829,698
200,0,401,399,544,706
200,1,681,402,828,564
201,2,681,402,829,697
201,1,681,401,828,564
201,0,401,399,544,705
202,0,401,399,544,705
202,2,681,402,829,697
202,1,681,401,828,564
203,2,680,402,829,697
203,1,681,401,828,564
203,0,401,399,544,705
204,0,401,398,544,705
204,2,680,402,829,696
204,1,681,401,828,564
205,1,681,401,828,564
205,2,680,402,829,696
205,0,401,398,543,705
206,1,681,401,828,564
206,0,401,398,543,705
206,2,680,402,828,695
207,0,400,398,543,705
207,2,680,402,828,695
207,1,681,400,828,564
208,1,681,401,828,564
208,0,400,398,543,705
208,2,680,401,829,696
209,2,680,401,829,696
209,1,681,401,828,564
209,0,400,398,543,705
210,1,681,400,828,564
210,2,680,401,829,695
210,0,400,398,543,705
211,0,400,398,543,704
211,2,680,401,828,695
211,1,680,401,827,563
212,0,400,398,543,704
212,2,680,401,828,695
212,1,681,401,828,563
213,2,680,401,828,695
213,1,680,401,828,563
213,0,400,398,543,705
214,1,680,401,827,563
214,0,400,398,542,705
214,2,680,401,828,695
215,1,680,400,827,563
215,0,400,397,542,704
215,2,680,400,828,695
216,0,400,397,542,704
216,1,680,400,827,563
216,2,680,401,828,695
217,0,400,397,542,704
217,1,680,400,828,562
217,2,680,400,828,695
218,0,399,397,542,704
218,1,680,400,827,562
218,2,680,400,828,694
219,2,680,400,828,694
219,0,399,397,542,704
219,1,680,400,827,562
220,0,399,397,542,704
220,2,680,399,828,694
220,1,680,399,827,562
221,0,399,397,542,704
221,1,680,399,827,562
221,2,680,399,828,694
222,2,680,399,828,695
222,1,680,399,827,562
222,0,399,397,542,704
223,0,399,397,542,704
223,2,680,400,828,695
223,1,680,399,827,562
224,0,399,397,542,704
224,2,680,400,828,695
224,1,680,400,827,562
225,0,399,397,543,704
225,1,680,400,827,562
225,2,680,400,828,695
226,0,399,397,542,704
226,1,680,399,827,562
226,2,680,399,828,694
227,0,399,397,542,704
227,1,680,400,827,562
227,2,680,400,828,694
228,1,680,400,827,562
228,2,680,400,828,693
228,0,399,397,542,704
229,0,399,397,542,704
229,2,680,400,828,693
229,1,680,399,828,562
230,0,399,396,542,704
230,1,680,400,827,562
230,2,680,400,828,694
231,0,399,396,542,704
231,2,680,400,828,694
231,1,680,400,827,562
232,1,680,400,827,562
232,2,680,400,828,693
232,0,399,397,542,704
233,1,680,400,827,562
233,0,399,397,542,704
233,2,680,400,828,694
234,0,399,397,543,704
234,1,680,400,827,562
234,2,680,400,828,694
235,0,399,397,543,704
235,2,680,400,828,694
235,1,680,400,828,562
236,2,680,400,828,694
236,0,400,397,543,705
236,1,680,400,828,562
237,1,680,400,828,562
237,2,680,400,828,694
237,0,400,397,543,705
238,2,680,400,828,694
238,1,680,400,827,562
238,0,400,397,543,705
239,1,680,400,828,562
239,2,680,400,828,695
239,0,400,397,543,705
240,0,400,397,543,705
240,2,680,401,828,694
240,1,681,400,827,561
241,0,400,397,543,705
241,2,680,401,828,695
241,1,680,401,827,561
242,0,400,397,543,706
242,1,680,401,827,561
242,2,680,401,829,695
243,0,400,397,543,706
243,2,680,401,829,695
243,1,680,401,827,561
244,2,680,401,829,695
244,0,400,397,543,706
244,1,680,401,827,560
245,2,680,401,829,695
245,0,400,398,543,706
245,1,680,401,827,561
246,2,680,401,829,695
246,1,680,401,827,561
246,0,400,398,543,706
247,0,400,398,543,706
247,2,680,401,829,696
247,1,680,401,827,562
248,2,680,401,829,696
248,0,400,398,543,705
248,1,680,401,828,562
249,0,400,398,543,705
249,2,680,402,829,696
249,1,680,401,828,563
250,2,680,402,829,696
250,0,400,398,543,705
250,1,680,402,828,562
251,2,680,402,829,696
251,0,400,399,543,705
251,1,680,402,828,563
252,2,680,402,828,696
252,0,400,399,543,705
252,1,680,402,828,563
253,0,400,399,543,705
253,2,680,402,828,696
253,1,680,402,827,562
254,2,680,402,828,696
254,0,400,399,543,705
254,1,680,402,828,562
255,0,399,399,543,705
255,2,680,402,828,697
255,1,680,402,828,563
256,1,680,402,827,563
256,0,399,399,542,705
256,2,680,402,828,697
257,1,680,402,827,563
257,0,399,399,542,705
257,2,680,402,828,697
258,2,680,402,828,697
258,1,680,402,828,563
258,0,399,399,542,705
259,0,399,399,542,705
259,2,680,402,828,697
259,1,680,402,828,563
260,0,399,399,542,704
260,2,680,402,828,697
260,1,680,402,828,563
261,2,680,403,828,697
261,0,399,399,542,704
261,1,680,402,828,564
262,2,679,403,828,697
262,1,680,402,828,564
262,0,399,399,542,704
263,0,399,399,542,704
263,2,680,403,829,697
263,1,680,402,828,564
264,2,680,403,828,697
264,0,399,399,542,704
264,1,681,403,828,564
265,0,399,399,542,705
265,1,680,403,828,564
265,2,679,403,829,697
266,0,399,399,542,705
266,2,680,403,829,697
266,1,680,403,828,565
267,2,679,403,829,697
267,0,399,399,542,705
267,1,680,403,828,565
268,2,679,403,829,697
268,1,680,403,828,565
268,0,399,399,542,705
269,0,399,399,543,705
269,2,680,403,829,697
269,1,680,403,828,565
270,1,680,402,828,565
270,2,680,403,828,697
270,0,399,399,542,705
271,0,399,399,542,704
271,2,679,403,829,698
271,1,680,402,828,566
272,2,680,403,829,697
272,0,399,399,542,704
272,1,680,402,828,565
273,2,679,403,829,697
273,1,680,403,828,565
273,0,399,399,541,704
274,0,399,399,541,704
274,2,679,403,828,697
274,1,680,403,828,565
275,1,679,403,828,565
275,2,679,403,828,697
275,0,398,399,542,704
276,0,398,399,542,704
276,2,679,403,828,698
276,1,679,403,828,566
277,0,398,398,542,704
277,2,679,403,828,697
277,1,679,403,828,565
278,0,398,398,541,704
278,2,679,403,828,697
278,1,679,403,827,565
279,2,679,403,828,697
279,0,398,398,541,704
279,1,679,403,828,565
280,2,678,403,828,697
280,0,397,398,541,704
280,1,679,403,827,565
281,1,679,403,827,565
281,2,678,403,828,697
281,0,397,398,541,704
282,2,678,403,828,697
282,1,679,403,827,565
282,0,397,398,540,704
283,0,397,398,540,704
283,2,678,404,827,697
283,1,679,403,827,564
284,2,678,404,828,698
284,0,397,399,540,704
284,1,679,403,827,565
285,2,678,404,828,698
285,1,679,403,827,565
285,0,397,398,540,704
286,2,678,404,828,698
286,0,397,399,540,704
286,1,679,403,827,564
287,0,397,399,540,704
287,2,678,404,828,698
287,1,679,403,827,564
288,0,397,399,540,705
288,2,679,404,827,698
288,1,679,403,827,564
289,2,678,404,827,698
289,1,678,403,827,564
289,0,397,400,540,706
290,2,678,404,827,698
290,1,678,403,827,564
290,0,397,399,540,706
291,2,678,404,827,698
291,1,678,403,827,564
291,0,397,399,539,705
291,7,397,399,540,555
292,2,678,404,827,698
292,1,678,403,827,564
292,0,397,399,539,705
292,7,397,399,540,555
293,0,397,399,539,705
293,2,678,404,827,698
293,1,678,403,827,564
293,7,397,399,540,554
294,0,397,399,539,705
294,7,396,399,540,554
294,2,678,404,827,698
294,1,678,403,827,564
295,1,678,403,826,564
295,0,397,399,539,705
295,2,678,403,827,698
296,0,397,399,539,705
296,2,678,403,827,697
296,1,678,403,826,563
297,0,397,399,539,704
297,2,678,403,827,698
297,7,397,400,539,555
297,1,678,403,826,563
298,0,397,399,539,704
298,2,677,403,827,698
298,1,678,403,826,563
298,7,397,399,539,555
299,2,677,403,827,698
299,1,678,403,826,562
299,0,397,400,540,706
300,2,677,403,826,698
300,1,677,403,826,562
300,0,397,399,539,705
301,2,677,403,826,698
301,1,677,403,825,562
301,0,399,400,539,705
302,2,677,403,826,698
302,0,399,400,539,705
302,1,677,403,825,561
303,0,399,400,539,705
303,2,677,403,826,698
303,1,677,402,825,560
304,2,677,403,826,698
304,0,399,400,539,705
304,1,677,402,825,562
305,2,677,403,826,698
305,0,400,400,539,705
305,1,677,403,826,563
306,2,677,403,826,698
306,1,677,402,826,563
306,0,400,399,539,705
306,7,401,400,539,552
307,2,677,403,826,698
307,1,677,402,826,563
307,0,401,399,539,705
308,2,677,403,826,698
308,0,401,399,539,705
308,1,677,402,826,561
309,2,677,402,826,698
309,0,401,399,540,705
309,1,677,402,825,561
310,2,677,402,826,698
310,0,402,399,539,706
310,1,677,402,825,560
311,2,677,402,826,698
311,0,402,399,539,705
311,1,677,402,825,562
312,2,677,402,826,698
312,0,402,399,540,705
312,1,678,402,826,562
313,0,402,399,540,705
313,2,678,402,826,698
313,1,678,402,826,563
314,0,402,399,540,705
314,2,677,402,826,698
314,1,677,402,826,561
315,0,402,399,540,706
315,2,677,402,826,698
315,1,677,402,825,562
316,2,677,402,826,698
316,1,677,402,825,562
316,0,402,399,540,705
317,2,677,402,826,698
317,0,401,399,540,706
317,1,677,402,825,561
318,2,677,402,826,698
318,0,402,399,540,706
318,1,677,402,825,562
319,2,677,402,826,698
319,0,402,399,540,706
319,1,677,402,825,562
320,0,402,398,540,705
320,2,677,402,826,698
320,1,677,402,825,562
321,2,677,402,826,698
321,1,677,402,825,561
321,0,402,398,540,705
322,0,402,398,540,705
322,2,677,402,826,698
322,1,677,402,825,562
323,2,677,402,826,698
323,1,677,402,825,563
323,0,402,397,540,705
324,2,677,402,826,698
324,0,402,397,540,705
324,1,677,402,825,562
325,2,677,402,826,698
325,0,402,397,540,705
325,1,677,402,825,563
326,2,677,402,826,698
326,1,677,402,825,563
326,0,402,397,540,705
327,2,677,402,826,698
327,1,677,402,825,563
327,0,401,398,540,705
328,2,677,401,826,698
328,0,401,398,540,705
328,1,677,402,825,562
329,2,677,401,826,698
329,1,677,401,825,562
329,0,401,398,540,704
330,0,401,398,539,704
330,2,677,401,825,698
330,1,677,402,824,562
331,2,677,402,825,698
331,1,676,402,824,561
331,0,400,397,539,704
332,2,677,401,825,698
332,1,677,402,824,561
332,0,400,399,540,706
333,0,401,399,540,707
333,1,677,402,824,561
333,2,677,402,825,698
334,2,676,402,825,698
334,0,400,398,540,707
334,1,676,402,824,562
335,1,676,402,824,562
335,2,676,402,825,698
335,0,401,399,540,706
336,0,401,398,540,706
336,1,676,401,824,562
336,2,677,401,825,697
337,0,401,398,540,706
337,2,676,401,825,697
337,1,676,401,824,562
338,2,676,401,825,697
338,1,676,401,824,562
338,0,401,398,540,706
339,2,676,401,825,697
339,1,676,401,824,562
339,0,401,398,540,706
340,2,676,401,825,697
340,1,676,401,824,562
340,0,402,398,540,706
341,2,676,401,825,697
341,1,676,401,824,562
341,0,403,398,540,706
342,2,676,401,825,697
342,1,676,401,824,563
342,0,403,397,538,705
343,2,676,401,825,697
343,1,676,401,824,562
343,0,403,397,538,704
344,2,676,401,825,697
344,1,676,401,824,563
344,0,403,397,538,704
344,8,404,397,538,550
345,2,676,401,824,697
345,1,676,401,824,562
345,0,403,397,538,704
346,1,675,401,824,562
346,2,676,401,824,697
346,0,403,397,537,704
347,2,676,401,824,697
347,0,403,397,537,704
347,1,675,401,824,563
348,0,403,397,537,704
348,2,676,401,825,697
348,8,404,397,538,551
348,1,676,401,825,562
349,0,403,397,537,704
349,2,676,401,825,697
349,1,675,401,824,563
350,2,676,401,825,698
350,0,403,397,538,704
350,1,675,401,824,563
351,2,676,401,825,698
351,0,403,397,538,704
351,1,675,401,825,562
352,2,676,401,825,698
352,0,402,397,538,704
352,1,675,401,825,562
353,2,676,401,825,698
353,0,402,397,538,704
353,1,675,401,825,562
354,2,676,401,825,698
354,0,402,397,537,704
354,1,676,401,825,563
355,2,676,401,825,698
355,0,402,397,537,704
355,1,675,401,825,562
356,0,402,397,537,704
356,1,675,401,824,563
356,2,675,402,825,698
357,1,675,401,824,562
357,0,401,397,537,705
357,2,675,401,825,698
358,2,675,401,825,698
358,1,675,401,825,563
358,0,400,397,537,705
358,8,401,398,538,555
359,2,675,401,825,698
359,1,675,401,825,563
359,0,400,398,537,705
359,8,401,398,537,555
360,2,675,401,825,698
360,1,675,401,824,563
360,8,401,399,537,555
360,0,399,398,537,704
361,1,675,401,824,563
361,2,675,401,824,698
361,8,400,399,537,555
361,0,398,399,538,706
362,2,675,401,824,698
362,1,675,401,824,563
362,0,399,399,538,706
362,8,401,399,537,555
363,2,675,401,824,698
363,0,399,399,538,706
363,1,675,401,824,562
363,8,400,399,537,556
364,0,398,399,538,706
364,2,675,402,824,699
364,1,675,401,823,562
365,2,675,402,824,699
365,0,398,399,538,705
365,1,675,401,823,563
366,2,675,402,824,699
366,1,675,402,823,563
366,0,398,399,537,704
367,1,675,402,823,563
367,2,675,402,824,699
367,0,399,400,537,704
367,8,401,400,537,557
368,2,675,402,823,699
368,0,399,400,537,704
368,1,675,402,823,564
368,8,401,400,538,557
369,2,675,402,823,699
369,1,675,402,823,564
369,0,399,400,537,704
369,8,401,400,538,555
370,2,675,402,823,699
370,0,400,400,537,704
370,8,401,400,538,555
370,1,675,402,823,562
371,2,675,402,823,699
371,0,400,400,537,704
371,8,401,400,538,555
371,1,675,402,823,562
372,2,675,402,823,699
372,0,400,399,536,704
372,8,401,400,537,555
372,1,675,402,823,563
373,2,675,402,823,699
373,0,400,399,537,704
373,8,401,400,537,555
373,1,675,402,823,562
374,2,675,402,823,699
374,1,675,401,823,563
374,0,400,399,537,704
374,8,401,400,537,555
375,2,675,402,823,699
375,1,675,402,823,562
375,0,401,399,537,704
376,0,401,399,537,704
376,2,675,402,823,699
376,1,675,402,823,562
377,2,675,402,823,699
377,0,401,399,537,704
377,1,675,402,823,563
378,0,401,399,537,704
378,2,675,402,823,699
378,1,675,402,823,564
379,2,675,402,823,699
379,0,401,399,537,704
379,1,675,402,823,564
380,2,675,402,823,699
380,0,401,398,537,704
380,1,675,401,823,563
380,8,402,399,537,555
381,2,675,402,823,699
381,1,675,401,823,563
381,0,401,398,537,704
382,2,675,402,823,699
382,1,675,401,823,564
382,0,400,398,537,704
383,0,400,398,537,704
383,2,674,402,823,698
383,1,675,401,823,564
384,2,674,402,822,699
384,0,400,398,537,705
384,1,675,401,822,564
385,2,674,402,822,699
385,0,400,398,537,705
385,1,675,402,822,564
386,2,675,402,822,698
386,0,400,398,537,705
386,1,675,402,822,565
387,0,400,399,537,705
387,2,675,402,822,699
387,1,675,402,822,565
388,2,675,402,822,699
388,1,675,402,822,565
388,0,400,398,537,705
389,1,675,402,822,565
389,2,675,402,822,699
389,0,401,398,537,705
390,2,675,402,822,699
390,1,675,402,822,565
390,0,400,398,537,705
390,8,402,399,538,554
391,2,675,402,822,699
391,0,401,398,537,705
391,1,675,402,822,564
391,8,401,399,537,554
392,2,675,402,822,699
392,0,401,398,537,705
392,1,675,402,822,564
392,8,402,399,537,554
393,2,675,402,822,698
393,0,401,398,537,705
393,1,675,402,822,565
393,8,402,399,537,554
394,0,401,398,537,705
394,2,675,402,823,698
394,1,675,402,822,565
394,8,402,399,537,555
395,2,675,402,823,698
395,1,675,402,823,564
395,0,400,398,537,705
396,2,675,402,823,698
396,1,675,402,822,564
396,0,399,398,537,705
397,2,675,402,823,698
397,1,675,402,822,564
397,0,399,398,537,705
398,1,675,402,822,564
398,2,675,402,823,698
398,0,397,398,538,706
399,2,676,402,823,698
399,1,675,402,822,563
399,0,396,398,537,705
400,2,676,402,823,698
400,1,675,402,822,563
400,0,396,398,537,705
401,1,675,402,822,563
401,2,675,402,823,698
401,0,396,397,537,705
402,2,676,401,823,698
402,1,676,401,823,563
402,0,395,398,537,705
403,0,395,397,537,705
403,1,675,401,823,563
403,2,675,401,823,698
404,2,676,401,823,698
404,1,675,401,823,563
404,0,394,398,539,707
405,2,676,401,823,698
405,1,675,401,823,563
405,0,394,397,538,706
406,2,676,401,823,698
406,1,675,401,823,563
406,0,393,398,539,707
407,2,676,401,823,698
407,1,675,401,823,563
407,0,392,398,538,707
408,2,676,401,823,698
408,0,392,397,538,707
408,1,675,401,823,564
409,2,676,401,823,698
409,1,675,401,823,563
409,0,394,397,538,707
410,2,676,401,823,698
410,1,675,401,823,563
410,0,394,397,538,707
411,1,675,401,823,563
411,2,675,402,824,698
411,0,396,396,538,707
412,0,396,396,538,707
412,2,675,402,824,698
412,1,676,401,824,564
413,0,396,396,538,707
413,1,676,401,824,563
413,2,675,402,825,698
414,2,675,402,825,698
414,1,676,401,824,563
414,0,397,396,538,706
415,2,676,402,825,697
415,1,676,401,824,563
415,0,398,396,538,706
416,2,676,402,825,698
416,1,676,401,824,563
416,0,399,396,537,706
417,1,676,401,824,562
417,2,676,402,825,698
417,0,400,396,537,707
418,2,676,402,825,698
418,1,676,401,825,563
418,0,400,396,537,707
419,1,676,401,825,563
419,0,401,395,537,707
419,2,676,401,825,697
420,2,676,401,825,698
420,1,676,401,825,563
420,0,401,395,536,706
421,2,676,401,825,698
421,0,402,395,536,706
421,1,676,401,825,562
422,2,677,401,825,698
422,0,401,395,536,706
422,1,676,402,824,562
423,2,677,401,825,698
423,1,676,402,824,562
423,0,401,395,536,706
424,1,676,402,824,562
424,2,676,402,825,699
424,0,401,395,535,707
425,1,677,402,824,562
425,0,401,395,534,707
425,2,677,401,825,698
426,0,400,395,534,707
426,2,678,401,825,698
426,1,678,401,825,562
427,2,677,401,826,698
427,0,401,395,533,707
427,1,677,401,825,562
428,2,677,401,826,698
428,0,401,395,533,707
428,1,677,402,825,562
429,2,677,401,826,698
429,1,678,401,826,563
429,0,402,395,532,707
429,9,403,396,532,584
430,2,677,401,827,698
430,0,403,394,532,708
430,1,678,401,826,562
430,9,403,395,532,583
431,2,678,402,827,698
431,1,678,401,826,562
431,0,403,394,532,707
431,9,404,395,532,582
432,2,678,402,827,698
432,1,678,401,826,562
432,0,403,395,533,707
432,9,403,396,532,578
433,0,403,395,533,707
433,2,678,402,827,698
433,1,678,402,827,562
433,9,403,396,532,576
434,2,678,402,827,698
434,1,678,402,827,562
434,9,403,396,532,574
434,0,402,395,532,705
435,2,678,402,827,698
435,0,403,395,532,705
435,9,403,396,532,574
435,1,679,402,827,562
436,0,403,395,532,705
436,2,679,402,828,698
436,9,403,396,532,573
436,1,679,402,827,563
437,2,679,401,828,698
437,1,679,401,827,563
437,9,404,396,533,573
437,0,403,396,533,706
438,2,679,401,828,698
438,0,404,396,534,706
438,1,680,401,827,562
438,9,404,396,534,572
439,2,679,402,828,698
439,9,404,396,534,573
439,0,404,396,533,705
439,1,680,401,827,564
440,1,680,401,828,564
440,2,679,402,828,698
440,0,405,396,534,705
440,9,405,396,534,573
441,2,679,402,828,698
441,1,680,401,828,564
441,0,405,396,534,705
441,9,405,396,535,574
442,2,679,402,828,698
442,1,680,401,828,565
442,9,405,396,535,575
442,0,405,395,535,705
443,0,405,396,535,705
443,2,679,402,828,698
443,1,680,401,828,565
443,9,405,396,535,575
444,1,680,402,828,565
444,2,679,402,828,699
444,0,405,396,534,705
444,9,405,396,535,575
445,1,680,402,828,565
445,2,679,402,828,699
445,9,405,396,535,575
445,0,405,396,535,706
446,0,405,396,535,706
446,2,679,402,828,699
446,9,405,397,535,574
446,1,680,402,828,565
447,2,679,402,828,699
447,0,405,396,535,706
447,1,680,402,828,565
447,9,404,397,535,575
448,1,680,402,828,565
448,2,679,402,828,699
448,0,405,396,535,706
448,9,404,397,534,575
449,2,679,402,828,699
449,1,680,402,828,565
449,9,404,397,534,575
449,0,404,397,535,706
450,1,680,402,828,565
450,2,679,402,828,700
450,9,404,398,533,575
450,0,404,397,534,706
451,2,679,402,828,700
451,1,680,402,828,566
451,0,404,397,534,706
451,9,404,398,533,575
452,2,680,403,828,700
452,0,404,400,533,708
452,9,403,398,531,575
452,1,681,402,827,558
453,2,680,403,828,700
453,0,404,400,533,707
453,9,403,398,532,577
453,1,681,403,828,561
454,2,680,403,829,699
454,9,402,398,532,577
454,1,681,403,828,562
454,0,405,402,533,706
455,2,680,403,829,700
455,1,681,403,828,564
455,9,401,398,533,580
455,0,402,397,533,708
456,2,680,403,829,700
456,1,681,403,829,564
456,9,402,398,533,579
456,0,402,397,534,706
457,2,680,403,829,700
457,1,681,403,829,564
457,0,401,397,535,706
457,9,401,398,534,579
458,2,680,404,829,701
458,1,682,403,829,563
458,0,401,397,536,707
458,9,401,398,535,573
459,2,680,404,829,701
459,1,681,403,829,564
459,0,400,397,537,707
460,2,680,404,829,701
460,1,682,403,829,564
460,0,399,398,536,706
460,9,400,398,536,576
461,2,680,404,829,701
461,1,682,403,829,563
461,0,398,398,537,706
461,9,399,399,537,580
462,2,680,404,829,701
462,1,682,403,829,563
462,0,399,398,537,706
462,9,399,398,537,582
463,2,680,404,829,701
463,0,398,398,537,706
463,9,399,399,537,582
463,1,682,404,829,565
464,2,680,404,830,701
464,0,399,398,537,707
464,1,682,403,829,564
464,9,399,398,537,583
465,1,682,404,829,565
465,2,679,404,830,702
465,0,399,398,539,708
466,1,682,404,830,565
466,2,680,404,830,702
466,0,398,399,539,708
467,2,680,405,830,702
467,1,682,404,830,565
467,0,398,399,538,707
468,1,682,404,830,565
468,0,398,400,538,707
468,2,680,405,831,702
469,2,681,405,831,702
469,1,682,404,830,566
469,0,398,400,539,707
470,2,680,405,832,702
470,1,682,404,830,566
470,0,399,400,539,706
471,1,682,404,831,566
471,2,680,405,832,702
471,0,399,400,540,707
472,0,399,400,540,707
472,1,682,404,830,566
472,2,680,405,832,703
473,1,682,405,831,567
473,0,399,400,540,707
473,2,679,405,832,703
474,2,679,405,832,703
474,0,399,400,540,706
474,1,682,405,831,567
475,1,682,405,831,567
475,2,679,405,832,703
475,0,399,400,540,707
476,2,679,405,832,702
476,1,682,405,831,567
476,0,400,400,540,707
477,0,400,400,540,707
477,2,679,405,832,703
477,1,682,405,831,567
478,0,400,400,540,707
478,1,682,405,831,567
478,2,679,405,832,703
479,0,400,400,540,707
479,2,679,405,832,703
479,1,682,404,831,568
480,2,679,405,832,703
480,1,682,404,831,568
480,0,400,400,540,707
481,0,400,400,540,706
481,1,682,404,831,567
481,2,681,405,832,703
482,0,400,400,539,707
482,1,682,404,831,567
482,2,679,404,832,703
483,2,680,404,832,703
483,1,682,404,831,567
483,0,400,400,539,707
484,1,682,404,831,567
484,2,680,404,832,703
484,0,400,400,538,707
484,10,401,401,538,581
485,0,400,400,538,707
485,1,682,403,831,567
485,10,401,401,538,581
485,2,681,404,832,703
486,2,681,404,832,703
486,1,682,403,831,568
486,0,400,401,538,707
486,10,402,401,538,580
487,1,682,403,831,568
487,2,682,403,832,703
487,0,401,401,538,707
487,10,403,401,538,577
488,2,682,403,832,702
488,0,402,401,538,707
488,1,682,403,831,568
488,10,403,401,538,574
489,1,682,402,831,567
489,2,682,403,832,702
489,0,402,400,539,707
489,10,403,401,539,576
490,0,402,400,539,707
490,2,682,402,832,702
490,1,682,402,831,567
490,10,403,401,539,575
491,0,402,400,539,707
491,2,682,402,832,702
491,1,682,402,831,567
491,10,403,401,539,570
492,1,682,402,831,567
492,0,402,400,539,707
492,2,682,402,832,702
492,10,403,401,539,567
493,2,682,402,832,702
493,0,402,400,540,707
493,1,682,402,831,567
493,10,403,401,540,568
494,0,402,400,540,707
494,1,682,402,831,567
494,2,682,402,832,702
494,10,403,401,540,566
495,2,682,402,833,702
495,1,682,402,832,567
495,0,402,400,540,707
495,10,403,401,540,568
496,1,682,401,832,567
496,2,682,401,833,702
496,0,402,401,541,707
496,10,403,402,540,574
497,2,682,401,833,702
497,1,682,401,832,567
497,0,402,401,542,707
497,10,403,401,541,580
498,1,682,401,832,568
498,2,682,402,833,702
498,0,403,401,541,707
498,10,403,401,541,578
499,2,682,401,833,702
499,1,682,401,832,568
499,0,403,401,542,707
499,10,404,402,541,577
500,2,682,401,834,701
500,0,403,401,542,706
500,1,682,401,833,568
500,10,404,402,541,578
501,0,403,401,542,706
501,2,682,401,834,702
501,1,682,401,832,568
501,10,404,402,541,576
502,2,682,402,834,702
502,0,404,401,542,706
502,1,682,402,833,568
502,10,404,402,541,572
503,0,404,401,542,706
503,2,682,402,833,702
503,1,682,402,832,567
503,10,404,402,541,567
504,0,403,401,542,707
504,2,682,402,834,702
504,1,682,402,833,568
504,10,404,402,541,572
505,1,682,402,833,568
505,2,682,402,834,702
505,0,403,401,542,707
505,10,404,402,541,581
506,1,682,402,833,568
506,2,682,403,834,702
506,0,402,401,541,707
506,10,403,402,541,581
507,1,683,403,834,568
507,2,683,403,835,703
507,0,401,401,541,707
507,10,403,402,541,566
508,1,683,403,833,568
508,2,683,403,834,703
508,0,402,401,541,707
508,10,404,402,541,553
509,2,683,403,834,703
509,0,401,401,541,707
509,1,683,403,833,568
509,10,403,402,541,555
510,1,683,403,833,567
510,2,683,403,834,703
510,0,401,401,541,707
510,10,403,402,541,555
511,0,401,401,541,708
511,2,683,403,834,703
511,1,683,403,833,568
511,10,403,401,541,553
512,0,401,401,541,709
512,2,683,404,834,702
512,10,403,401,541,553
512,1,683,403,832,567
513,2,683,403,834,702
513,1,683,403,832,567
513,0,400,401,542,709
513,10,402,401,542,557
514,2,683,403,833,702
514,1,683,403,832,567
514,0,400,401,542,709
514,10,402,401,542,558
515,2,683,403,834,702
515,1,683,403,832,567
515,10,403,401,542,558
515,0,402,401,542,709
516,2,683,404,834,702
516,1,683,403,832,567
516,10,403,401,542,558
516,0,403,401,542,709
517,2,683,404,834,702
517,1,683,403,832,567
517,0,402,401,542,708
517,10,403,401,542,560
518,2,683,404,834,702
518,1,683,404,832,567
518,0,403,401,542,707
518,10,404,401,542,559
519,0,403,400,542,707
519,2,683,404,834,702
519,1,683,404,832,567
519,10,404,401,542,557
520,2,683,404,833,702
520,1,683,404,832,566
520,0,402,400,542,706
520,10,403,401,542,564
521,1,683,404,832,567
521,2,683,405,833,701
521,0,403,400,542,706
521,10,404,401,542,557
522,1,683,404,832,567
522,2,682,405,833,701
522,0,403,400,542,707
522,10,404,401,542,559
523,2,682,405,833,701
523,1,683,404,832,566
523,10,404,401,541,559
523,0,403,400,541,708
524,2,682,405,833,701
524,1,683,404,832,567
524,0,403,400,542,708
524,10,404,401,542,559
525,0,403,400,542,708
525,2,683,405,834,701
525,1,683,404,833,567
525,10,404,401,542,562
526,2,683,405,834,701
526,1,682,404,833,567
526,0,403,400,542,708
526,10,404,401,542,573
527,2,683,405,834,701
527,1,683,404,833,567
527,0,404,400,543,707
527,10,404,400,542,569
528,1,683,404,833,567
528,2,683,405,834,701
528,0,404,400,543,707
528,10,405,400,542,559
529,2,683,405,833,701
529,0,404,400,543,707
529,1,683,404,833,566
529,10,405,400,542,561
530,0,404,399,543,707
530,1,683,404,833,566
530,2,683,405,834,701
530,10,405,400,542,564
531,1,683,404,834,565
531,0,405,399,543,707
531,2,682,405,833,701
531,10,405,400,543,559
532,0,404,398,543,707
532,1,683,404,834,566
532,2,683,405,835,701
532,10,405,399,543,562
533,0,404,398,543,707
533,10,405,398,542,562
533,2,683,404,836,701
533,1,683,404,836,566
534,0,404,397,543,708
534,2,683,404,837,701
534,1,683,404,836,563
534,10,405,398,542,557
535,0,405,397,543,707
535,10,405,397,543,555
535,2,683,404,839,701
535,1,683,403,839,563
536,10,406,397,543,555
536,0,405,398,544,708
536,2,683,404,842,700
536,1,683,403,842,562
537,0,405,398,544,708
537,2,683,404,844,700
537,10,405,397,543,557
537,1,683,403,844,563
538,10,406,397,543,557
538,0,405,397,544,707
538,2,683,404,844,700
538,1,683,403,845,564
539,2,683,404,844,700
539,10,406,397,543,557
539,0,405,397,544,707
539,1,683,403,845,563
540,0,405,397,544,706
540,1,683,403,844,563
540,2,683,403,844,700
541,0,405,397,544,706
541,2,683,403,845,700
541,1,683,403,845,565
542,2,683,403,845,700
542,0,405,397,544,706
542,1,683,402,844,565
542,10,406,397,543,557
543,0,405,397,543,707
543,2,683,403,844,700
543,1,683,402,844,564
544,2,684,403,844,700
544,1,683,402,843,565
544,0,404,396,543,706
545,0,404,396,543,706
545,2,684,402,843,700
545,10,405,396,543,558
545,1,683,402,843,567
546,1,683,402,843,567
546,0,405,396,543,707
546,2,684,402,843,700
546,10,405,396,543,557
547,2,684,402,843,700
547,0,405,396,544,706
547,10,405,396,543,557
547,1,683,402,842,568
548,0,404,396,544,706
548,2,684,402,842,700
548,1,684,402,842,567
548,10,405,396,543,558
549,2,684,402,842,700
549,1,684,402,842,567
549,0,404,395,545,705
549,10,405,396,543,558
550,2,685,402,841,700
550,0,404,395,544,705
550,1,684,402,841,566
550,10,405,395,543,558
551,2,685,402,841,700
551,1,684,402,840,567
551,0,404,395,545,704
551,10,405,395,543,558
552,0,404,395,545,704
552,2,685,402,840,700
552,1,684,402,840,567
552,10,405,395,543,559
553,0,404,395,545,705
553,2,686,402,840,699
553,1,685,402,839,567
553,10,405,395,543,560
554,0,404,395,545,705
554,2,686,402,839,699
554,10,405,395,543,559
554,1,685,402,838,566
555,0,405,395,545,705
555,10,405,395,543,560
555,1,685,402,838,566
555,2,686,402,838,699
556,1,685,402,837,566
556,0,405,394,545,705
556,2,686,402,838,699
556,10,405,394,543,559
557,0,405,394,545,704
557,10,405,394,543,559
557,2,686,401,837,699
557,1,685,402,837,566
558,0,404,394,545,704
558,1,685,402,836,566
558,2,686,401,837,699
558,10,405,394,543,559
559,0,405,395,545,703
559,10,405,395,543,558
559,1,684,402,836,565
559,2,685,401,836,700
560,1,684,402,835,565
560,2,685,401,835,699
560,0,404,394,545,703
560,10,405,394,543,557
561,10,405,394,543,557
561,0,404,394,545,704
561,2,685,401,835,699
561,1,684,402,835,566
562,10,405,394,543,557
562,0,404,394,544,704
562,2,685,401,835,699
562,1,684,402,834,565
563,0,404,393,544,705
563,2,684,401,834,699
563,1,683,402,834,565
563,10,405,394,543,558
564,0,404,393,544,704
564,1,683,402,834,566
564,10,405,394,543,558
564,2,684,402,833,700
565,0,404,393,545,705
565,10,405,394,543,558
565,2,684,402,833,700
565,1,683,402,834,567
566,10,405,394,543,558
566,0,404,393,545,704
566,1,683,402,834,567
566,2,683,402,833,700
567,1,683,402,834,567
567,0,404,393,545,704
567,2,683,402,833,700
567,10,405,394,543,557
568,2,683,402,834,700
568,1,683,402,834,566
568,0,404,393,544,704
568,10,405,394,542,559
569,1,683,402,834,566
569,2,683,402,833,700
569,0,404,393,543,704
569,10,405,394,542,560
570,2,683,402,833,700
570,0,404,394,543,705
570,1,683,402,833,567
570,10,405,394,542,563
571,2,683,402,833,699
571,0,404,394,542,706
571,1,683,401,833,567
571,10,404,394,541,571
572,2,683,402,833,699
572,0,403,394,542,705
572,1,683,401,833,567
572,10,404,394,542,567
573,2,683,402,833,700
573,1,683,402,833,567
573,0,404,394,542,705
573,10,405,394,542,554
574,1,683,402,833,567
574,2,683,402,833,699
574,0,403,394,542,705
574,10,404,394,542,554
575,0,403,394,542,705
575,2,683,402,833,700
575,1,683,402,833,567
575,10,404,394,541,554
576,2,683,402,833,700
576,1,683,402,833,567
576,0,403,394,542,705
576,10,404,394,541,554
577,2,683,402,833,699
577,0,403,394,542,705
577,1,683,402,833,568
578,1,683,402,833,568
578,2,683,402,833,699
578,0,403,394,542,705
579,2,683,402,833,699
579,0,403,394,542,705
579,1,683,402,833,568
580,2,683,402,833,700
580,1,683,402,833,569
580,0,402,394,541,706
581,0,402,394,541,706
581,1,683,402,832,568
581,2,683,402,832,700
582,1,683,401,832,569
582,2,682,402,832,700
582,0,402,394,541,707
583,1,683,401,832,569
583,2,682,402,832,700
583,0,401,394,540,706
584,0,401,394,540,706
584,2,682,402,832,700
584,1,683,401,832,569
585,0,401,394,540,706
585,1,683,401,832,569
585,2,683,402,832,701
586,2,683,402,832,701
586,1,683,402,832,569
586,0,401,394,541,705
587,2,683,402,832,700
587,0,401,395,540,705
587,1,683,402,832,570
587,10,402,395,540,553
588,1,683,402,832,570
588,0,400,395,540,705
588,2,683,402,832,700
588,10,402,395,540,553
589,1,683,402,832,570
589,0,400,395,540,706
589,2,683,402,833,700
590,2,684,402,833,700
590,0,400,395,540,706
590,1,683,402,832,569
590,10,402,395,540,553
591,1,683,402,832,570
591,10,402,395,540,553
591,0,400,395,540,707
591,2,682,402,832,700
592,1,683,402,832,570
592,2,682,402,832,700
592,0,400,395,540,706
592,10,402,395,540,554
593,0,400,394,540,706
593,2,682,402,832,700
593,1,683,402,832,569
594,10,402,395,540,554
594,0,400,395,540,706
594,1,683,402,832,569
594,2,683,402,833,700
595,2,683,401,833,699
595,0,400,395,540,705
595,10,402,395,540,554
595,1,683,402,832,568
596,2,684,401,833,700
596,0,401,395,540,706
596,1,683,402,832,568
596,10,402,395,540,553
597,2,684,402,833,699
597,1,683,402,832,568
597,10,402,395,540,553
597,0,401,395,540,706
598,0,401,395,540,706
598,2,684,402,833,700
598,10,402,395,540,554
598,1,683,402,832,569
599,10,403,395,540,553
599,1,683,402,832,568
599,0,401,395,540,707
599,2,683,402,832,700
600,10,403,395,540,553
600,0,401,394,540,707
600,1,683,402,833,569
600,2,684,402,834,700
601,2,684,401,834,699
601,0,402,395,540,706
601,1,684,401,833,567
601,10,403,395,540,558
602,2,684,401,834,699
602,1,684,401,834,568
602,0,402,395,540,705
602,10,403,395,540,554
603,2,684,401,835,699
603,0,402,394,540,706
603,1,684,401,834,567
603,10,403,395,540,557
604,2,684,402,835,699
604,1,684,401,834,567
604,10,404,395,541,556
604,0,403,394,541,705
605,1,684,402,834,567
605,2,685,402,835,699
605,0,403,394,542,705
605,10,404,394,541,555
606,1,684,402,834,567
606,2,685,402,834,699
606,0,403,394,542,704
606,10,404,394,541,554
607,1,684,402,834,567
607,2,685,402,835,699
607,0,403,394,542,705
607,10,404,394,541,556
608,2,685,403,835,700
608,1,685,402,834,567
608,0,403,394,542,706
608,10,404,394,542,558
609,0,404,394,542,707
609,10,404,394,542,558
609,2,686,403,834,700
609,1,685,402,834,567
610,2,685,403,834,700
610,1,685,402,834,567
610,0,404,394,542,707
610,10,405,394,542,559
611,2,685,403,834,700
611,1,685,402,834,568
611,0,404,394,542,707
611,10,404,394,541,568
612,1,685,402,834,568
612,2,685,403,834,700
612,0,404,394,542,706
612,10,404,394,541,571
613,1,685,402,834,568
613,2,686,403,835,700
613,0,403,394,542,705
613,10,404,394,541,567
614,2,686,403,835,700
614,1,685,402,834,567
614,0,403,394,542,704
614,10,404,394,542,561
615,2,686,403,835,700
615,1,685,402,834,567
615,0,404,394,543,703
615,10,405,394,542,553
616,2,686,403,835,700
616,1,684,402,834,568
616,0,404,395,542,703
616,10,405,395,541,556
617,2,686,403,835,700
617,1,684,402,834,568
617,0,403,395,542,704
618,2,686,403,835,700
618,1,684,403,834,568
618,0,404,395,542,705
618,10,405,395,542,555
619,1,684,403,834,568
619,0,403,395,542,705
619,2,685,403,834,700
620,2,685,403,834,700
620,0,403,395,542,705
620,1,684,403,834,568
621,0,403,395,542,705
621,1,684,402,834,567
621,2,684,403,835,700
622,1,684,402,834,568
622,0,403,395,542,705
622,2,685,403,835,700
623,1,684,402,834,567
623,0,403,395,542,703
623,2,684,403,834,700
624,1,684,402,834,567
624,0,403,395,541,702
624,2,683,403,835,700
625,1,684,402,833,567
625,0,403,395,542,703
625,2,685,402,835,699
625,10,404,395,541,556
626,2,684,402,834,699
626,10,404,395,541,556
626,0,403,395,542,704
626,1,684,402,833,568
627,1,684,402,834,567
627,10,404,395,541,555
627,0,402,395,541,704
627,2,683,402,834,700
628,2,683,402,834,700
628,1,684,402,834,568
628,10,403,395,541,555
628,0,402,395,542,706
629,0,402,394,542,706
629,2,683,401,834,700
629,1,683,402,834,567
629,10,403,395,541,553
630,0,402,394,542,706
630,2,683,401,834,700
630,1,683,402,833,567
630,10,403,395,541,553
631,2,683,401,833,700
631,1,683,402,833,568
631,0,402,394,541,706
631,10,403,395,541,552
632,2,683,401,833,699
632,0,402,394,541,705
632,10,403,394,541,553
632,1,683,401,833,568
633,1,683,401,833,568
633,2,682,401,833,699
633,10,403,394,541,552
633,0,402,394,541,705
634,2,682,401,833,699
634,10,403,394,541,552
634,0,402,394,541,704
634,1,683,401,833,568
635,0,402,394,541,704
635,1,683,401,833,568
635,2,682,401,833,699
635,10,403,394,541,552
636,2,682,401,833,699
636,0,402,394,541,704
636,10,403,394,541,552
636,1,683,401,833,568
637,1,683,401,833,568
637,2,682,401,833,699
637,0,401,394,541,705
637,10,403,394,541,553
638,2,682,401,833,699
638,0,402,394,541,705
638,10,403,394,541,553
638,1,683,401,832,567
639,2,682,400,833,699
639,0,402,394,541,705
639,1,683,400,832,567
639,10,403,394,541,554
640,2,682,400,833,699
640,1,683,400,832,567
640,10,403,394,541,553
640,0,402,394,542,704
641,2,683,400,833,699
641,0,402,394,542,703
641,10,403,394,541,552
641,1,683,400,832,567
642,2,683,400,833,699
642,0,402,394,542,703
642,10,403,394,541,552
642,1,683,400,832,568
643,0,402,394,542,703
643,1,683,399,832,568
643,10,403,394,541,552
643,2,684,399,833,699
644,10,403,394,541,552
644,1,684,400,832,568
644,2,684,399,833,699
644,0,402,394,542,704
645,10,403,394,541,552
645,1,684,399,832,568
645,0,402,394,542,704
645,2,684,400,832,699
646,0,402,394,542,704
646,1,684,399,832,568
646,2,684,400,832,699
646,10,403,394,541,552
647,0,402,394,542,704
647,1,684,399,832,568
647,2,683,400,832,699
648,0,402,394,541,704
648,2,683,400,833,699
648,1,684,399,832,568
648,10,403,394,541,552
649,2,684,400,833,699
649,1,684,399,833,568
649,0,402,394,541,704
649,10,403,394,541,555
650,1,684,399,833,567
650,2,683,400,833,699
650,10,403,394,541,554
650,0,402,394,541,703
651,0,402,394,541,704
651,1,684,398,833,568
651,10,403,394,541,554
651,2,684,399,834,699
652,1,683,399,833,568
652,0,401,394,541,703
652,2,683,399,833,699
652,10,403,394,540,562
653,1,683,399,832,568
653,0,401,394,541,704
653,2,684,399,834,699
653,10,402,394,540,569
654,2,684,399,833,698
654,1,683,399,832,568
654,0,401,394,540,706
654,10,402,394,541,557
655,1,683,399,832,568
655,0,401,394,540,706
655,2,683,400,833,699
655,10,402,394,540,551
656,1,683,399,832,568
656,2,683,400,833,699
656,0,401,394,540,705
656,10,403,394,540,547
657,1,683,399,832,568
657,0,401,394,540,706
657,2,683,399,833,699
657,10,402,394,540,552
658,1,683,399,832,568
658,2,683,399,833,699
658,0,401,394,540,706
658,10,402,394,540,551
659,1,683,399,832,568
659,0,401,394,540,705
659,2,684,399,833,699
659,10,402,394,540,552
660,2,684,399,833,699
660,0,400,394,540,705
660,1,683,399,832,568
660,10,402,394,540,551
661,0,400,394,540,705
661,10,402,394,540,551
661,1,683,399,832,568
661,2,683,400,833,699
662,1,683,399,832,568
662,0,401,394,540,705
662,10,402,394,540,552
662,2,684,399,833,699
663,2,684,400,833,699
663,1,683,400,832,568
663,0,400,394,540,706
663,10,402,394,540,553
664,2,684,400,833,699
664,0,400,394,540,706
664,1,683,400,832,568
664,10,402,394,540,554
665,2,684,400,833,699
665,0,400,394,540,706
665,1,683,400,832,568
665,10,402,394,540,555
666,10,402,394,540,555
666,2,684,400,833,699
666,1,683,400,832,568
666,0,400,394,540,706
667,0,400,394,541,706
667,10,402,394,541,555
667,2,684,401,833,699
667,1,683,401,832,567
668,0,401,394,540,706
668,2,684,401,833,699
668,1,683,401,832,568
668,10,402,394,541,554
669,2,684,401,833,699
669,1,683,401,832,568
669,0,401,394,541,704
669,10,402,394,541,553
670,0,401,394,541,704
670,2,684,401,833,699
670,1,683,401,832,567
670,10,403,395,540,553
671,1,683,402,832,568
671,2,684,402,833,699
671,0,401,394,540,705
671,10,402,395,540,555
672,2,684,402,833,699
672,1,683,402,832,568
672,0,401,394,540,705
672,10,402,395,540,570
673,2,684,403,833,699
673,1,683,402,832,568
673,0,400,395,541,705
674,2,684,403,833,699
674,1,683,403,832,568
674,0,400,395,541,705
675,0,401,395,540,705
675,2,684,403,833,699
675,1,683,403,832,568
675,10,403,395,540,552
676,2,684,403,834,699
676,1,683,403,833,568
676,0,401,395,541,705
676,10,403,395,540,555
677,10,403,395,541,555
677,0,401,394,541,706
677,1,683,403,833,568
677,2,684,404,834,700
678,1,683,404,833,568
678,2,684,404,834,700
678,0,402,395,541,705
679,2,684,405,834,700
679,1,683,404,833,568
679,0,402,395,541,704
679,10,404,395,541,554
680,2,684,405,835,700
680,1,683,404,833,568
680,0,402,395,541,705
680,10,404,395,541,555
681,10,404,395,541,555
681,2,684,405,834,700
681,0,402,395,541,705
681,1,683,405,833,569
682,2,684,405,835,700
682,1,683,405,833,569
682,0,402,395,542,705
682,10,404,395,541,555
683,2,684,405,834,700
683,1,683,405,833,569
683,0,402,395,542,704
683,10,404,396,541,556
684,2,684,405,834,700
684,1,683,405,833,569
684,0,402,395,542,705
684,10,404,396,541,557
685,0,402,395,542,705
685,1,683,405,833,569
685,2,684,406,834,700
685,10,403,396,541,558
686,2,684,406,834,700
686,1,683,405,833,569
686,10,403,396,541,558
686,0,402,395,542,706
687,1,683,405,833,569
687,2,684,406,834,700
687,0,402,395,542,707
687,10,403,396,541,557
688,2,684,406,834,700
688,0,402,396,541,707
688,1,683,405,833,569
688,10,403,396,541,558
689,2,684,406,834,700
689,1,683,405,833,569
689,10,403,396,541,559
689,0,402,396,541,706
690,2,684,406,834,700
690,1,683,405,833,569
690,0,402,396,541,707
690,10,403,396,541,560
691,2,684,405,834,700
691,1,683,405,833,569
691,0,402,396,541,705
691,10,404,396,541,558
692,0,402,396,541,705
692,1,683,405,833,569
692,10,404,396,541,558
692,2,684,406,834,700
693,2,684,406,834,700
693,0,402,396,541,704
693,1,683,405,833,569
693,10,404,396,541,557
694,0,402,396,541,705
694,2,684,406,834,701
694,1,683,405,833,569
694,10,404,396,541,557
695,0,402,396,541,705
695,2,684,406,834,701
695,1,683,405,833,569
695,10,404,396,541,557
696,0,402,396,541,705
696,2,684,406,834,701
696,10,403,397,541,557
696,1,683,405,833,570
697,2,684,406,834,701
697,0,402,396,541,705
697,1,683,405,833,569
697,10,403,397,541,558
698,0,402,396,541,705
698,1,683,405,833,569
698,2,684,406,834,700
698,10,403,396,541,558
699,2,684,406,834,700
699,1,683,405,833,569
699,10,403,396,540,557
699,0,402,396,541,706
700,2,684,406,834,700
700,0,402,396,541,706
700,1,683,405,833,569
700,10,403,396,541,557
701,1,683,405,833,569
701,0,402,396,541,706
701,2,684,406,834,700
701,10,403,396,540,556
702,2,684,406,834,700
702,1,683,405,832,569
702,0,402,396,541,705
702,10,403,396,541,555
703,1,683,405,833,569
703,2,684,406,834,700
703,0,402,396,541,705
703,10,404,396,540,555
704,2,684,406,834,700
704,0,402,396,541,704
704,1,683,405,833,569
704,10,404,396,540,553
705,10,404,396,540,553
705,2,683,406,834,700
705,0,402,396,540,704
705,1,683,405,833,568
706,1,683,405,833,568
706,2,684,406,834,700
706,10,403,396,540,554
706,0,402,396,540,705
707,2,684,406,834,700
707,0,402,395,540,705
707,10,403,396,540,554
707,1,683,406,833,568
708,2,684,406,834,699
708,1,683,406,833,569
708,0,402,395,540,705
708,10,403,396,540,555
709,0,402,395,540,706
709,2,683,406,834,699
709,1,683,406,833,568
709,10,403,396,540,554
710,1,683,406,833,568
710,2,684,407,834,700
710,10,403,396,540,555
710,0,402,395,540,706
711,0,402,395,540,706
711,10,403,396,540,555
711,2,684,407,834,700
711,1,683,406,833,568
712,10,403,395,540,555
712,0,402,395,540,706
712,2,684,408,834,699
712,1,683,407,833,568
713,2,684,408,834,699
713,0,402,395,540,706
713,1,683,407,833,568
713,10,403,395,540,555
714,2,684,408,834,700
714,0,402,395,540,706
714,1,683,408,833,568
715,1,683,408,833,568
715,2,684,409,834,700
715,0,402,395,541,705
716,2,684,409,834,700
716,0,402,395,541,705
716,1,683,408,833,567
717,2,684,409,834,700
717,0,402,395,541,705
717,1,683,408,833,567
718,2,684,409,834,700
718,1,683,409,833,567
718,0,402,395,541,705
719,2,684,410,834,700
719,1,683,409,833,567
719,0,402,395,541,705
720,2,684,410,834,699
720,1,683,409,833,567
720,0,402,395,541,706
721,0,402,395,541,706
721,2,684,410,834,699
721,1,683,409,833,567
722,0,402,395,541,706
722,2,684,410,834,699
722,1,684,409,833,567
722,10,404,396,541,553
723,2,684,410,834,699
723,1,684,409,833,567
723,0,402,395,541,705
723,10,405,396,541,553
724,2,684,410,834,699
724,1,684,409,833,567
724,0,402,395,541,705
724,10,405,396,541,553
725,2,684,410,834,699
725,1,684,409,833,567
725,0,403,396,541,705
725,10,405,396,541,552
726,2,684,410,834,699
726,1,683,409,833,567
726,0,403,396,542,705
726,10,405,396,541,555
727,2,684,410,834,699
727,1,683,409,833,567
727,0,402,396,542,704
727,10,404,396,540,547
728,1,683,409,833,567
728,2,684,410,834,699
728,0,403,396,541,704
729,2,684,410,834,700
729,1,683,410,833,567
729,0,403,396,541,704
729,10,405,396,540,548
730,2,684,410,834,700
730,1,683,409,833,567
730,0,403,396,541,704
731,2,684,410,835,700
731,0,403,396,542,704
731,1,683,410,833,567
732,2,684,410,835,700
732,0,403,396,541,704
732,1,683,410,833,567
732,10,404,396,541,550
733,2,684,410,835,700
733,1,683,409,834,567
733,0,403,396,541,705
734,1,683,410,834,567
734,2,684,410,835,700
734,0,403,396,541,705
734,10,404,396,541,550
735,2,684,410,835,700
735,0,403,396,541,705
735,10,404,396,541,550
735,1,683,410,834,567
736,0,403,396,541,705
736,2,684,410,835,700
736,1,683,409,834,568
737,0,403,396,541,705
737,1,683,409,834,568
737,2,684,410,835,700
737,10,405,397,541,551
738,1,683,409,834,568
738,2,684,410,835,701
738,0,403,396,542,705
738,10,405,397,542,551
739,1,684,409,834,568
739,2,684,410,835,701
739,10,405,397,542,551
739,0,403,396,542,705
740,0,403,396,542,706
740,1,683,409,834,568
740,2,684,410,835,701
740,10,405,397,542,551
741,2,684,410,835,701
741,1,683,409,834,568
741,0,403,397,542,706
742,1,683,409,834,568
742,2,684,410,835,700
742,0,404,397,542,705
742,10,405,397,542,550
743,2,684,410,835,700
743,0,404,397,542,705
743,1,683,409,834,568
743,10,405,397,542,550
744,0,404,397,542,705
744,2,684,410,835,700
744,1,683,409,834,568
745,0,404,397,543,705
745,10,405,397,542,550
745,2,683,409,835,700
745,1,683,409,834,568
746,10,405,397,542,550
746,0,404,397,543,705
746,2,683,409,835,700
746,1,682,408,834,568
747,0,404,397,543,705
747,10,405,397,542,550
747,1,682,408,834,568
747,2,683,409,835,700
748,2,682,408,835,700
748,0,404,397,543,706
748,1,682,408,835,568
749,0,405,397,543,705
749,1,682,407,835,567
749,10,406,397,543,550
749,2,682,407,834,699
750,0,404,397,543,705
750,2,682,407,835,700
750,1,682,406,835,568
750,10,405,397,543,551
751,0,405,397,543,705
751,1,684,406,835,568
751,2,683,406,836,700
752,0,405,396,543,705
752,2,686,405,835,701
752,1,687,405,835,566
753,0,405,396,542,706
753,1,690,404,835,566
753,2,689,404,835,700
754,0,406,395,542,706
754,2,692,404,835,700
754,1,692,404,835,567
755,0,406,395,543,705
755,2,694,403,835,700
755,1,695,403,835,566
756,0,406,395,543,705
756,2,696,403,835,700
756,1,696,402,835,567
757,0,405,395,543,704
757,1,697,403,835,567
757,2,697,403,835,700
758,0,405,395,543,704
758,2,697,404,835,700
758,1,697,403,835,567
759,0,405,395,543,704
759,2,697,405,835,700
759,1,697,404,835,567
760,0,406,395,543,704
760,2,697,406,835,700
760,1,697,405,835,567
761,0,406,394,543,705
761,2,696,406,835,700
761,1,697,405,835,567
762,0,405,394,543,705
762,2,695,407,836,700
762,1,696,406,835,567
763,0,405,394,543,705
763,2,695,408,835,700
763,1,696,408,835,567
764,0,405,394,543,705
764,1,696,408,835,567
764,2,695,409,836,700
765,0,405,394,543,705
765,1,696,409,835,567
765,2,695,409,836,700
766,2,695,409,836,699
766,0,405,394,543,705
766,1,696,409,835,567
767,0,405,394,543,705
767,2,695,409,836,699
767,1,696,409,835,567
768,1,696,409,835,567
768,0,405,394,543,704
768,2,694,409,836,699
769,2,694,409,836,699
769,0,405,394,543,705
769,1,696,410,835,566
770,0,405,394,543,704
770,2,694,409,836,698
770,1,696,409,835,566
771,0,405,394,543,705
771,2,693,409,836,698
771,1,695,409,835,566
772,2,693,409,836,698
772,1,695,409,835,566
772,0,405,394,543,705
773,0,405,394,544,704
773,2,693,409,836,698
773,1,695,409,835,566
774,2,693,409,836,698
774,1,695,409,835,566
774,0,405,394,543,704
775,0,405,394,543,703
775,2,692,409,836,698
775,1,694,409,835,566
776,1,694,409,835,566
776,2,692,409,836,698
776,0,405,394,543,704
777,2,692,409,836,698
777,1,694,408,835,566
777,0,405,394,543,703
778,0,405,394,543,703
778,1,695,408,835,566
778,2,693,408,836,698
779,0,405,394,543,703
779,2,693,408,836,698
779,1,695,408,835,566
780,2,693,409,836,698
780,0,405,394,543,704
780,1,695,408,835,566
781,1,695,408,835,566
781,0,405,394,543,704
781,2,693,409,836,698
782,0,405,394,543,703
782,1,695,408,835,566
782,2,693,409,836,698
783,1,695,408,835,566
783,2,694,409,836,698
783,0,405,394,543,703
784,0,405,393,543,703
784,2,694,409,836,698
784,1,695,408,835,566
785,2,694,409,836,698
785,1,695,408,835,566
785,0,405,393,543,704
786,2,694,408,836,698
786,1,695,408,835,565
786,0,405,393,544,703
787,0,405,393,544,703
787,2,694,408,836,698
787,1,695,408,835,566
788,0,405,393,544,702
788,1,695,407,835,566
788,2,694,408,836,698
789,0,405,393,544,703
789,1,695,407,835,566
789,2,694,408,836,698
790,0,405,394,544,703
790,1,695,407,835,566
790,2,694,408,836,698
791,0,405,393,543,703
791,1,695,407,835,566
791,2,694,408,836,699
792,2,694,408,836,699
792,0,405,394,544,703
792,1,695,407,835,566
793,0,405,394,544,703
793,2,694,407,836,699
793,1,695,407,836,566
794,0,405,393,544,702
794,1,696,407,836,566
794,2,695,407,837,699
795,0,405,393,544,702
795,2,695,407,837,699
795,1,696,407,836,566
796,2,695,407,837,699
796,0,405,392,544,702
796,1,696,407,837,566
797,0,405,392,544,702
797,1,696,407,837,566
797,2,695,407,837,699
797,11,406,392,542,548
798,0,405,392,544,702
798,1,696,407,837,566
798,2,695,407,837,699
798,11,406,393,543,548
799,0,405,392,544,702
799,11,406,393,543,549
799,1,696,407,837,566
799,2,695,407,836,700
800,11,406,393,543,549
800,0,405,392,544,702
800,1,696,407,837,567
800,2,695,407,837,699
801,1,696,407,837,567
801,2,695,407,837,700
801,0,406,392,544,702
801,11,406,393,543,549
802,2,695,407,837,699
802,0,406,392,544,702
802,1,697,407,836,567
802,11,407,392,543,548
803,1,697,407,836,567
803,0,406,392,544,702
803,2,695,407,837,699
803,11,406,392,543,549
804,2,695,407,837,699
804,0,406,392,544,702
804,11,406,392,543,549
804,1,697,407,836,567
805,11,406,392,543,549
805,0,406,392,544,702
805,1,697,407,837,567
805,2,695,407,838,699
806,0,406,392,545,702
806,11,407,392,543,549
806,1,697,407,837,567
806,2,696,407,838,700
807,1,697,407,837,567
807,2,696,407,838,700
807,0,406,391,545,702
807,11,407,392,544,549
808,0,406,391,545,702
808,2,696,408,839,700
808,11,407,392,544,549
808,1,697,407,837,567
809,11,407,392,544,549
809,0,406,391,545,702
809,2,696,408,838,700
809,1,697,407,837,567
810,0,406,391,545,701
810,1,697,408,837,567
810,2,696,408,838,700
810,11,407,392,544,550
811,2,696,408,838,700
811,0,406,391,545,702
811,11,406,392,544,550
811,1,697,408,837,567
812,1,697,408,837,567
812,0,406,391,546,702
812,2,696,408,838,701
812,11,407,392,544,550
813,0,406,391,546,702
813,1,697,409,837,567
813,11,407,392,544,551
813,2,695,409,838,700
814,0,406,391,546,702
814,2,695,409,838,700
814,1,697,409,837,567
814,11,407,392,544,550
815,11,407,392,544,550
815,0,406,391,546,702
815,2,695,409,838,701
815,1,697,409,837,567
816,11,407,392,544,550
816,1,697,408,837,567
816,0,406,391,545,702
816,2,695,408,838,701
817,2,695,409,838,701
817,1,697,408,837,567
817,0,406,391,545,702
817,11,407,392,544,551
818,0,406,391,545,701
818,1,697,408,837,566
818,2,695,408,837,701
818,11,406,392,544,551
819,2,695,408,837,700
819,1,697,408,836,566
819,0,405,392,545,702
819,11,406,392,544,551
820,1,696,408,836,566
820,0,405,391,545,701
820,11,406,392,543,552
820,2,695,409,836,701
821,1,696,408,836,566
821,0,405,392,544,701
821,2,695,409,836,700
822,0,405,392,544,700
822,1,696,408,836,566
822,2,695,409,836,700
823,0,405,392,544,700
823,2,695,408,836,700
823,1,696,408,835,566
824,1,696,408,835,566
824,2,694,408,836,700
824,0,405,392,544,700
825,2,694,409,836,700
825,0,404,392,544,701
825,1,696,408,835,566
825,11,406,392,543,550
826,2,694,409,835,700
826,0,404,392,544,701
826,1,696,408,835,567
827,11,405,392,543,550
827,0,404,392,544,701
827,1,696,408,835,567
827,2,694,408,835,700
828,0,404,392,544,701
828,11,405,392,543,550
828,2,694,409,835,701
828,1,695,408,835,567
829,2,694,409,835,700
829,1,696,408,835,567
829,0,404,391,544,702
829,11,406,392,543,550
830,0,404,391,544,702
830,11,405,392,543,550
830,2,694,409,835,701
830,1,695,408,834,567
831,1,695,408,834,567
831,2,693,409,835,700
831,0,404,391,543,702
832,2,693,409,835,700
832,1,695,408,835,567
832,0,403,391,543,702
833,0,403,392,543,702
833,1,695,408,834,567
833,2,693,409,834,700
834,2,693,409,834,700
834,1,695,408,834,567
834,0,403,392,543,702
834,11,405,392,542,550
835,2,693,409,834,700
835,0,403,392,542,702
835,1,695,409,834,568
835,11,405,392,542,549
836,0,403,392,542,702
836,2,693,409,834,700
836,1,695,409,834,567
837,0,403,392,542,702
837,2,693,409,834,700
837,1,695,409,834,567
838,0,403,391,543,702
838,11,405,392,542,550
838,2,693,409,834,700
838,1,695,409,834,567
839,2,693,409,834,701
839,0,403,392,543,703
839,1,696,409,834,568
840,2,693,409,834,700
840,0,403,392,543,702
840,1,695,409,834,567
841,0,403,392,542,703
841,2,693,409,833,700
841,1,696,409,834,568
842,2,693,409,833,700
842,0,403,391,542,702
842,11,405,392,542,550
842,1,695,409,834,568
843,0,403,391,542,702
843,1,695,409,834,567
843,11,405,392,541,550
843,2,693,409,834,700
844,1,695,408,834,567
844,11,405,392,541,550
844,0,403,391,542,702
844,2,693,409,834,700
845,0,403,391,543,702
845,2,693,409,834,700
845,1,695,408,834,567
846,0,403,391,542,702
846,2,693,409,834,700
846,1,695,408,834,568
847,1,695,408,834,568
847,2,693,409,834,700
847,0,403,391,543,702
848,2,693,409,834,700
848,1,695,408,834,568
848,0,403,391,542,702
848,11,405,392,542,550
849,11,405,391,542,550
849,2,693,409,834,700
849,0,403,391,542,703
849,1,695,408,834,568
850,11,405,391,542,550
850,0,403,391,543,703
850,2,693,409,834,700
850,1,695,409,834,568
851,1,695,408,834,568
851,11,405,391,542,550
851,0,403,391,543,703
851,2,694,409,834,700
852,11,405,391,542,550
852,0,404,391,543,703
852,2,694,409,835,700
852,1,695,408,834,568
853,2,694,409,835,700
853,1,695,409,834,568
853,11,405,392,542,551
853,0,404,391,543,703
854,1,695,409,835,568
854,2,694,409,835,700
854,0,404,391,544,703
854,11,405,391,542,551
855,1,695,409,835,568
855,2,694,409,835,700
855,0,404,391,544,702
855,11,405,391,542,552
856,0,404,391,544,703
856,1,695,408,835,568
856,2,694,409,835,700
856,11,405,391,542,553
857,0,404,391,544,703
857,2,694,409,835,700
857,1,695,408,835,568
858,0,404,390,544,703
858,11,405,391,542,552
858,1,695,408,835,568
858,2,694,409,835,700
859,2,694,409,835,700
859,1,695,409,835,567
859,0,404,390,544,703
859,11,405,391,543,552
860,2,694,409,835,701
860,0,404,390,544,703
860,1,695,409,835,568
860,11,405,391,543,554
861,2,694,409,835,701
861,1,696,409,835,568
861,0,404,390,544,703
861,11,405,391,543,553
862,1,696,409,835,568
862,0,404,390,543,703
862,2,694,409,835,701
862,11,405,391,543,553
863,0,404,390,543,703
863,11,405,391,543,553
863,2,694,409,835,701
863,1,695,409,835,568
864,1,695,409,835,568
864,2,694,409,835,701
864,0,404,390,544,703
865,1,695,409,835,568
865,2,694,409,835,701
865,0,404,390,544,703
865,11,405,391,543,554
866,1,695,409,835,568
866,2,694,409,835,701
866,0,404,390,544,703
866,11,405,391,543,554
867,0,404,391,544,702
867,2,695,409,835,701
867,11,405,391,543,554
867,1,695,409,835,568
868,1,695,409,835,568
868,2,695,409,835,701
868,11,405,391,542,554
868,0,404,390,543,703
869,0,404,390,543,703
869,11,405,391,542,554
869,2,694,409,835,701
869,1,695,409,835,568
870,2,694,409,835,701
870,1,695,409,835,568
870,0,404,390,543,703
870,11,405,391,542,553
871,2,694,409,835,701
871,1,695,409,835,568
871,0,404,390,543,702
871,11,405,391,542,553
872,2,694,409,835,701
872,0,404,390,543,702
872,11,405,390,542,553
872,1,695,409,835,568
873,2,694,409,835,701
873,0,404,390,543,702
873,1,695,409,835,568
873,11,404,390,542,553
874,0,404,390,543,702
874,2,694,409,835,701
874,1,696,409,835,568
874,11,405,390,542,554
875,2,694,409,835,701
875,0,404,390,543,702
875,1,696,408,835,568
875,11,404,390,542,554
876,0,404,390,543,702
876,1,695,408,835,569
876,2,694,409,835,701
876,11,404,390,542,554
877,0,404,390,543,703
877,2,694,409,835,701
877,1,695,409,834,568
877,11,405,390,542,554
878,0,404,390,543,703
878,2,694,408,835,701
878,1,695,408,835,568
878,11,405,390,542,553
879,0,404,390,542,703
879,11,405,390,542,552
879,2,693,408,836,701
879,1,694,407,834,568
880,0,403,390,542,702
880,11,405,390,542,552
880,2,692,407,835,701
880,1,692,406,835,569
881,0,403,390,542,702
881,11,404,390,541,552
881,1,689,406,834,568
881,2,689,406,834,700
882,0,403,390,542,703
882,11,405,390,541,551
882,2,687,407,834,701
882,1,687,406,834,568
883,0,403,390,542,703
883,11,404,390,541,551
883,2,686,406,835,701
883,1,685,405,834,569
884,0,403,390,542,703
884,11,405,390,541,552
884,1,683,405,834,569
884,2,684,406,835,700
885,0,403,390,542,703
885,2,683,406,835,700
885,11,404,390,541,551
885,1,683,405,834,568
886,0,403,390,542,703
886,11,404,390,541,551
886,2,682,406,835,700
886,1,682,406,834,568
887,0,403,390,542,703
887,11,405,390,541,551
887,2,682,407,835,700
887,1,681,406,833,568
888,11,405,390,541,551
888,0,403,390,542,703
888,2,681,407,835,700
888,1,681,407,833,569
889,0,403,390,542,703
889,2,681,408,835,700
889,11,404,390,541,551
889,1,681,407,833,569
890,11,404,390,541,551
890,0,403,390,542,703
890,1,681,407,833,569
890,2,680,408,834,700
891,0,403,390,542,703
891,2,680,408,834,699
891,1,681,407,833,568
891,11,405,390,541,550
892,0,403,390,542,703
892,1,681,407,833,568
892,2,680,408,834,699
892,11,404,390,541,551
893,0,403,390,542,703
893,2,680,408,834,699
893,11,405,390,541,551
893,1,680,407,833,568
894,0,403,390,542,703
894,2,680,408,834,699
894,1,680,408,833,568
895,0,403,390,542,703
895,11,404,390,541,550
895,2,680,409,834,700
895,1,681,409,834,569
896,0,403,390,542,703
896,11,404,390,541,551
896,1,680,409,834,569
896,2,679,410,834,700
897,1,680,409,833,569
897,2,680,410,834,700
897,0,403,390,541,703
898,2,680,410,835,700
898,0,402,390,542,703
898,1,680,409,834,569
899,0,402,390,542,703
899,1,680,410,834,569
899,2,680,410,834,700
900,0,402,390,542,703
900,1,680,410,834,569
900,2,679,411,834,700
900,11,404,391,541,553
901,2,679,411,834,701
901,0,402,391,541,705
901,1,680,410,833,570
901,11,405,391,541,551
902,2,679,410,834,701
902,0,402,391,541,705
902,1,680,410,833,571
902,11,404,391,541,555
903,2,679,411,834,701
903,1,680,410,834,571
903,0,402,391,541,704
903,11,403,392,541,558
904,1,680,410,834,571
904,0,401,391,541,704
904,11,403,392,541,558
904,2,680,411,834,701
905,0,402,391,541,704
905,1,680,410,834,571
905,2,680,411,834,701
905,11,404,392,541,550
906,0,401,391,541,704
906,1,680,410,834,571
906,2,679,411,834,701
906,11,404,391,541,551
907,2,679,411,834,701
907,0,402,391,541,704
907,1,680,410,834,570
907,11,404,392,541,550
908,2,679,411,834,701
908,1,680,411,834,570
908,0,402,391,541,704
908,11,404,392,541,551
909,2,680,411,834,701
909,0,402,391,541,705
909,1,680,411,834,570
909,11,404,392,541,550
910,2,680,411,834,701
910,0,402,391,542,705
910,1,680,411,834,570
910,11,404,392,541,550
911,2,680,411,834,701
911,1,680,411,834,570
911,0,402,391,541,705
911,11,404,392,541,550
912,0,402,392,542,705
912,1,680,411,834,570
912,11,404,392,541,551
912,2,680,412,835,701
913,0,402,392,542,705
913,11,404,392,541,551
913,2,680,412,835,701
913,1,680,412,834,570
914,2,680,412,835,702
914,1,680,412,834,571
914,0,402,391,542,705
914,11,404,392,541,552
915,2,680,413,835,701
915,11,404,392,541,551
915,1,680,412,834,570
915,0,403,391,542,705
916,1,680,412,834,570
916,2,681,413,835,701
916,11,404,392,542,551
916,0,403,391,543,704
917,0,403,391,543,704
917,1,680,413,834,570
917,11,404,392,542,551
917,2,680,413,835,702
918,0,403,391,543,704
918,2,681,414,835,702
918,1,680,413,835,570
918,11,404,391,542,552
919,1,681,413,835,570
919,2,681,414,835,702
919,0,403,391,543,704
919,11,405,391,542,552
920,2,681,414,835,701
920,0,403,391,544,704
920,1,681,413,835,570
921,2,681,414,836,701
921,0,403,391,544,704
921,1,681,413,835,570
922,0,403,391,544,704
922,2,681,415,836,701
922,1,681,415,835,570
923,2,681,415,836,702
923,0,404,391,544,704
923,1,681,415,836,570
923,11,405,392,543,553
924,1,681,415,836,570
924,0,404,391,544,703
924,2,681,416,836,701
925,0,404,391,545,704
925,2,681,416,836,701
925,1,681,415,836,570
925,11,405,392,543,554
926,11,405,392,543,554
926,0,404,391,545,704
926,2,681,416,837,702
926,1,681,416,836,570
927,0,404,391,545,704
927,11,405,392,543,553
927,2,681,417,837,702
927,1,681,416,836,570
928,11,405,392,543,554
928,0,404,391,545,704
928,2,682,417,837,702
928,1,681,416,836,570
929,0,404,391,545,704
929,2,682,417,837,702
929,1,682,416,837,569
929,11,405,392,544,553
930,2,682,417,837,702
930,1,682,417,837,569
930,0,404,391,545,704
930,11,405,392,543,552
931,2,682,417,837,702
931,0,404,391,546,704
931,1,681,417,837,570
931,11,406,392,544,553
932,0,404,391,546,704
932,2,682,418,837,702
932,1,681,417,837,570
932,11,406,392,544,552
933,0,404,391,546,704
933,11,406,392,544,552
933,1,682,418,837,570
933,2,681,417,837,702
934,2,681,418,837,702
934,1,682,418,837,570
934,0,405,391,546,704
934,11,405,392,544,552
935,0,405,391,546,704
935,2,681,418,837,702
935,1,682,418,837,570
935,11,406,392,544,552
936,1,681,418,837,570
936,11,407,392,544,552
936,0,405,391,546,704
936,2,682,418,838,702
937,0,405,391,546,704
937,1,681,418,837,569
937,2,681,418,837,702
938,2,681,418,837,701
938,0,406,391,546,704
938,1,681,418,837,569
939,2,681,418,837,701
939,1,681,418,838,569
939,0,406,391,546,703
940,2,681,418,838,701
940,0,406,391,546,703
940,1,681,418,838,568
941,2,681,418,838,701
941,1,681,419,838,568
941,0,406,391,546,703
942,2,681,418,837,701
942,0,407,391,546,703
942,1,681,419,838,568
943,2,681,418,838,700
943,1,681,418,838,568
943,0,407,391,546,704
944,2,681,418,838,700
944,0,407,391,546,704
944,1,681,418,838,569
945,0,407,391,546,704
945,2,681,418,837,700
945,1,681,418,838,569
946,0,407,391,546,704
946,1,682,418,838,569
946,2,682,418,838,700
947,2,682,418,837,700
947,1,681,418,837,568
947,0,407,391,546,704
948,1,681,418,837,569
948,2,681,418,837,701
948,0,408,391,546,703
948,11,410,391,544,550
949,2,681,418,837,701
949,1,681,418,837,569
949,0,408,391,546,704
950,2,681,418,837,701
950,1,681,418,837,569
950,0,408,391,545,703
950,11,409,392,544,551
951,2,681,418,837,701
951,0,408,391,545,704
951,1,681,418,837,569
952,2,681,418,837,701
952,1,681,418,837,569
952,0,408,391,545,704
952,11,410,392,544,551
953,1,681,418,837,569
953,0,408,391,545,704
953,2,681,418,837,701
954,2,681,418,836,701
954,0,408,391,545,704
954,1,681,418,836,569
954,11,410,392,544,551
955,0,408,391,545,704
955,2,681,418,837,700
955,1,681,418,837,569
956,11,410,392,544,551
956,2,681,417,836,701
956,0,408,391,545,704
956,1,681,418,836,569
957,1,681,418,836,569
957,0,408,391,545,704
957,11,410,392,544,551
957,2,681,418,837,701
958,2,681,418,837,700
958,1,681,418,836,568
958,0,408,391,545,704
958,11,410,392,544,551
959,1,681,418,836,568
959,0,408,391,545,704
959,2,681,418,837,700
959,11,409,392,544,551
960,0,408,391,545,704
960,2,681,418,837,700
960,11,409,392,544,551
960,1,681,418,836,568
961,0,408,391,545,704
961,1,681,418,836,568
961,11,409,392,543,551
961,2,681,417,836,700
962,1,681,418,836,568
962,2,680,417,836,700
962,0,407,391,545,704
962,11,409,392,544,552
963,1,681,418,836,568
963,2,680,417,836,701
963,0,407,391,545,705
964,0,407,391,545,705
964,2,681,417,836,700
964,1,681,418,836,568
965,2,681,417,836,700
965,1,681,418,836,568
965,0,407,391,545,704
966,2,681,417,836,700
966,1,681,418,836,568
966,0,406,391,545,704
966,11,407,392,543,550
967,2,681,417,836,700
967,0,406,391,545,704
967,1,681,418,836,569
967,11,407,392,543,547
968,1,681,417,836,569
968,2,681,417,836,700
968,0,406,391,545,704
968,11,407,392,543,547
969,2,680,417,836,700
969,1,681,417,836,568
969,0,406,392,544,704
969,11,408,392,543,546
970,2,680,417,836,700
970,1,681,418,836,569
970,0,406,392,544,704
970,11,408,393,543,547
971,2,680,417,836,701
971,0,406,392,544,704
971,1,681,418,836,569
971,11,408,393,543,547
972,2,680,418,836,700
972,1,681,418,836,569
972,0,407,392,544,704
972,11,408,393,543,546
973,2,680,417,836,701
973,1,681,418,836,569
973,0,407,392,544,704
973,11,408,393,543,548
974,2,680,417,836,701
974,1,681,418,836,569
974,0,406,393,544,704
974,11,408,393,543,547
975,2,680,417,836,701
975,1,681,418,835,569
975,0,406,393,543,704
975,11,409,393,543,548
976,2,680,417,836,701
976,1,681,418,836,569
976,0,407,393,543,705
976,11,409,393,543,550
977,2,680,417,836,701
977,1,681,418,836,569
977,0,407,393,543,705
977,11,410,394,543,547
978,2,680,417,836,701
978,1,681,418,836,569
978,0,408,393,544,705
978,11,410,394,543,548
979,2,680,417,836,701
979,1,681,418,836,569
979,0,408,393,544,705
979,11,411,394,543,547
980,2,680,417,836,700
980,1,681,418,836,569
980,0,408,393,543,705
980,11,411,394,542,544
981,0,408,393,543,705
981,2,680,417,836,700
981,1,681,418,836,569
981,11,411,394,543,543
982,2,680,417,836,701
982,1,681,418,836,569
982,0,408,393,544,705
983,2,680,418,836,701
983,1,681,418,836,569
983,0,409,393,544,705
984,0,408,393,544,705
984,2,680,419,836,701
984,1,680,419,836,569
985,2,680,418,836,701
985,0,409,393,544,705
985,1,680,419,835,569
986,0,409,393,545,705
986,2,678,418,836,701
986,1,679,419,836,569
987,0,409,393,545,705
987,1,678,419,836,569
987,2,678,419,836,701
988,0,409,394,545,705
988,2,677,419,836,701
988,1,677,419,836,570
989,2,676,418,836,701
989,0,408,394,544,705
989,1,677,418,836,570
990,2,676,418,836,701
990,0,409,394,545,705
990,1,677,418,836,570
991,0,409,394,545,705
991,2,676,418,836,701
991,1,676,417,836,570
992,0,409,394,545,705
992,2,675,417,837,702
992,1,676,417,836,570
993,0,409,394,545,705
993,2,675,417,837,702
993,1,677,416,836,570
994,0,409,394,545,705
994,2,676,417,837,701
994,1,676,416,836,570
995,0,409,394,545,705
995,2,676,416,837,701
995,1,677,415,836,569
996,0,409,393,545,705
996,2,676,415,837,701
996,1,677,414,837,570
997,0,409,393,545,705
997,2,676,414,837,701
997,1,677,413,837,570
998,0,409,393,545,705
998,2,676,413,837,701
998,1,677,412,837,570
999,0,408,393,545,705
999,2,676,412,837,701
999,1,677,412,837,569
1000,0,408,393,545,705
1000,2,676,412,837,701
1000,1,677,411,837,569
1001,0,408,393,545,704
1001,2,676,411,837,701
1001,1,677,410,837,569
1002,0,408,393,545,705
1002,2,678,411,837,701
1002,1,678,410,837,570
1003,0,408,393,545,705
1003,2,678,410,837,701
1003,1,678,410,836,569
1004,0,408,394,545,705
1004,2,678,410,837,701
1004,1,679,409,836,569
1005,0,408,394,545,705
1005,2,679,410,837,701
1005,1,679,409,836,569
1006,0,408,394,545,705
1006,1,680,409,836,569
1006,2,680,410,837,701
1007,0,408,394,545,705
1007,2,680,410,837,701
1007,1,680,409,836,570
1008,1,681,409,836,570
1008,0,408,395,545,705
1008,2,681,410,836,701
1009,0,408,395,544,705
1009,2,680,409,836,701
1009,1,680,408,836,569
1010,2,680,408,836,701
1010,0,408,395,544,705
1010,1,680,408,836,569
1011,2,680,408,836,701
1011,1,680,408,836,569
1011,0,408,395,544,705
1012,2,680,408,836,701
1012,1,680,408,836,569
1012,0,408,395,544,705
1013,2,681,408,836,701
1013,0,408,395,544,705
1013,1,680,407,835,569
1013,12,410,396,543,547
1014,2,681,408,836,702
1014,0,408,395,544,705
1014,1,680,408,835,569
1014,12,410,396,543,548
1015,2,680,408,836,702
1015,0,408,395,544,705
1015,1,680,408,835,569
1015,12,410,396,543,547
1016,1,680,408,835,569
1016,2,680,409,836,702
1016,0,408,396,543,705
1016,12,410,396,543,549
1017,2,680,409,836,702
1017,0,408,396,543,705
1017,1,680,408,835,570
1017,12,410,396,542,549
1018,1,680,408,835,570
1018,2,680,409,836,702
1018,0,407,396,543,705
1019,2,680,409,836,702
1019,1,680,409,835,570
1019,0,407,396,543,705
1020,0,406,396,543,705
1020,2,680,410,836,703
1020,1,680,409,835,571
1021,1,679,409,835,570
1021,2,679,410,836,703
1021,0,407,397,543,705
1021,12,411,397,542,544
1022,2,679,410,836,702
1022,0,408,396,543,705
1022,1,679,409,835,570
1022,12,410,397,543,543
1023,0,408,396,543,705
1023,2,679,411,836,703
1023,1,679,410,835,570
1023,12,410,397,542,544
1024,2,679,411,836,703
1024,1,679,410,835,570
1024,0,408,396,543,704
1024,12,410,397,542,545
1025,2,679,411,835,703
1025,1,679,410,835,570
1025,0,408,397,543,704
1025,12,410,397,541,545
1026,0,408,397,543,704
1026,1,680,410,835,570
1026,2,680,412,835,702
1026,12,410,398,542,546
1027,0,408,397,542,704
1027,2,679,412,835,702
1027,12,410,398,542,545
1027,1,679,411,834,570
1028,0,408,397,542,704
1028,2,679,412,835,702
1028,1,679,411,834,570
1028,12,410,398,542,546
1029,2,679,412,835,702
1029,0,409,397,542,704
1029,12,410,398,542,547
1029,1,679,411,835,570
1030,2,679,412,835,703
1030,0,408,397,542,704
1030,12,411,398,542,547
1030,1,679,411,834,570
1031,1,679,411,834,570
1031,2,678,412,835,703
1031,0,409,397,542,704
1031,12,410,398,542,546
1032,2,678,412,835,703
1032,1,679,411,834,570
1032,0,408,397,542,705
1032,12,411,398,542,547
1033,1,679,411,834,570
1033,2,678,412,835,703
1033,0,408,398,542,705
1033,12,411,399,542,547
1034,12,411,399,541,547
1034,0,408,398,542,705
1034,1,678,411,834,570
1034,2,677,413,835,703
1035,2,677,413,835,703
1035,1,678,411,834,570
1035,0,408,398,541,705
1035,12,411,399,541,547
1036,2,677,413,835,703
1036,1,678,411,834,570
1036,12,411,399,541,547
1036,0,408,398,541,705
1037,0,408,398,541,705
1037,2,678,413,835,703
1037,1,679,412,834,570
1037,12,411,399,541,547
1038,1,679,411,834,571
1038,0,408,398,541,704
1038,12,411,399,541,547
1038,2,678,412,835,703
1039,1,679,411,834,571
1039,12,411,399,541,547
1039,2,678,412,835,703
1039,0,408,398,541,705
1040,2,678,412,835,703
1040,12,411,399,541,547
1040,0,408,398,541,704
1040,1,678,411,834,570
1041,1,678,411,834,570
1041,12,411,399,541,547
1041,2,678,412,835,704
1041,0,408,398,541,705
1042,2,677,412,835,704
1042,1,678,411,834,570
1042,0,407,398,541,705
1042,12,411,399,541,548
1043,0,407,398,541,705
1043,2,677,412,835,704
1043,1,678,411,834,570
1043,12,411,399,541,549
1044,0,407,398,541,705
1044,1,678,411,834,570
1044,2,678,412,835,703
1045,0,407,398,541,705
1045,1,678,411,834,570
1045,2,677,412,835,704
1045,12,411,399,541,549
1046,2,677,412,835,704
1046,1,678,411,834,570
1046,0,407,398,541,705
1047,2,677,412,835,704
1047,0,408,398,541,706
1047,1,678,411,834,570
1048,2,677,412,835,704
1048,1,678,411,834,570
1048,0,408,399,542,706
1049,1,678,411,834,570
1049,2,678,412,835,704
1049,0,408,399,542,706
1050,0,408,399,542,706
1050,1,679,411,834,570
1050,2,677,412,835,704
1051,0,408,399,541,706
1051,1,679,411,834,571
1051,2,678,412,835,704
1052,1,679,411,834,571
1052,2,678,412,835,705
1052,0,407,398,541,706
1053,2,678,412,835,705
1053,1,679,411,834,571
1053,0,408,398,541,707
1054,2,678,412,835,705
1054,1,679,411,834,571
1054,0,408,398,541,706
1054,12,411,399,541,547
1055,1,679,411,834,571
1055,2,677,412,835,705
1055,0,409,398,542,706
1055,12,411,399,541,546
1056,2,678,412,835,705
1056,1,679,411,834,571
1056,0,409,398,542,707
1057,1,679,411,834,571
1057,0,409,398,542,707
1057,2,678,412,835,705
1058,2,678,412,835,705
1058,1,679,411,834,571
1058,0,408,398,542,707
1059,1,679,411,835,571
1059,2,678,413,835,705
1059,0,408,398,543,707
1060,1,679,411,834,571
1060,2,678,412,835,705
1060,0,408,399,543,707
1061,1,679,411,834,571
1061,2,678,412,835,705
1061,0,408,398,542,706
1062,0,408,398,542,706
1062,2,678,412,835,705
1062,1,679,411,834,571
1063,2,678,412,835,705
1063,1,679,411,834,571
1063,0,408,399,543,706
1064,0,408,398,542,706
1064,1,679,411,835,571
1064,2,677,412,835,705
1065,0,408,398,543,706
1065,1,679,411,835,572
1065,2,678,412,836,706
1066,2,678,412,836,706
1066,1,679,411,835,572
1066,0,409,398,542,706
1067,0,409,398,542,706
1067,2,678,412,835,706
1067,1,679,411,835,572
1068,0,409,398,542,706
1068,1,679,411,835,572
1068,2,678,412,835,705
1069,2,678,412,835,706
1069,1,679,411,834,572
1069,0,409,399,543,706
1069,12,412,400,542,549
1070,1,679,411,834,572
1070,0,409,399,542,706
1070,2,677,412,835,705
1071,0,409,399,542,706
1071,1,679,411,834,572
1071,2,677,412,835,705
1072,1,679,411,834,572
1072,2,677,412,835,705
1072,0,408,399,542,706
1073,2,677,412,835,705
1073,0,408,399,542,706
1073,1,678,411,834,571
1074,2,677,412,835,705
1074,0,408,399,542,706
1074,1,678,411,834,571
1075,0,408,399,542,706
1075,2,676,412,835,706
1075,1,678,411,834,572
1076,2,676,412,834,706
1076,0,408,399,541,706
1076,1,678,411,834,572
1077,0,408,399,541,706
1077,2,676,412,834,705
1077,1,678,411,833,572
1078,1,677,411,833,572
1078,2,676,412,834,704
1078,0,408,399,541,707
1079,2,676,411,834,704
1079,1,677,410,833,571
1079,0,407,399,540,706
1080,2,676,411,834,705
1080,1,677,411,833,572
1080,0,407,398,540,707
1081,2,676,411,833,704
1081,0,407,398,540,707
1081,1,677,410,833,571
1082,1,677,410,833,571
1082,2,676,411,833,704
1082,0,407,398,539,707
1083,0,407,398,539,707
1083,1,677,410,833,571
1083,2,676,411,833,704
1083,12,410,399,539,549
1084,2,675,411,833,704
1084,0,407,398,539,707
1084,12,410,399,539,549
1084,1,677,410,833,571
1085,1,677,410,832,571
1085,2,675,411,833,705
1085,0,407,397,539,706
1085,12,410,399,539,549
1086,1,677,410,832,571
1086,2,675,411,833,705
1086,0,407,398,539,706
1086,12,409,399,539,550
1087,2,675,411,833,704
1087,0,406,398,539,705
1087,1,676,410,832,571
1088,2,675,411,833,704
1088,0,406,398,538,706
1088,1,676,410,832,572
1088,12,408,399,539,555
1089,1,676,410,832,572
1089,2,675,411,833,704
1089,0,406,397,538,706
1089,12,407,398,539,553
1090,2,675,411,833,703
1090,0,405,397,538,706
1090,1,676,410,832,571
1090,12,407,398,539,556
1091,2,675,411,833,703
1091,0,405,397,538,707
1091,1,676,410,832,571
1092,2,675,411,833,703
1092,0,405,398,538,707
1092,1,676,410,832,571
1093,2,675,411,833,703
1093,0,405,398,538,707
1093,1,676,410,832,570
1094,2,675,411,833,703
1094,0,405,398,538,706
1094,1,676,411,832,571
1095,2,675,411,832,703
1095,0,405,398,538,707
1095,1,676,411,832,571
1096,2,675,411,832,704
1096,1,676,411,832,572
1096,0,404,398,538,706
1096,12,406,399,539,579
1097,2,675,411,832,704
1097,1,676,411,832,572
1097,0,403,398,538,706
1097,12,405,399,539,581
1098,2,675,411,832,704
1098,1,676,411,832,572
1098,0,404,398,538,707
1099,1,676,411,831,572
1099,2,675,411,832,704
1099,0,404,398,538,706
1100,2,675,411,832,704
1100,1,676,411,831,572
1100,0,403,398,538,706
1101,2,675,411,832,704
1101,1,676,410,831,571
1101,0,404,398,538,706
1102,0,404,398,538,706
1102,1,676,411,831,572
1102,2,674,411,832,704
1103,2,674,411,832,704
1103,0,404,398,538,706
1103,1,676,411,831,572
1104,2,674,412,832,705
1104,1,676,411,831,572
1104,0,404,398,537,706
1104,12,408,399,538,549
1105,2,674,412,832,705
1105,0,404,398,537,706
1105,1,676,412,831,572
1106,0,404,398,537,707
1106,2,674,412,832,706
1106,1,675,412,831,573
1106,12,408,400,538,550
1107,1,675,412,831,573
1107,2,674,412,832,706
1107,12,407,400,538,550
1107,0,404,399,537,707
1108,2,674,412,832,706
1108,0,404,399,537,707
1108,1,675,412,831,573
1108,12,408,400,538,550
1109,1,675,412,831,574
1109,2,674,412,831,707
1109,0,403,399,537,707
1109,12,407,400,538,550
1110,12,407,400,538,550
1110,0,403,399,537,708
1110,1,675,412,831,574
1110,2,674,413,831,707
1111,1,675,412,831,574
1111,2,674,412,831,706
1111,0,403,400,537,707
1112,2,674,413,831,707
1112,1,675,412,831,574
1112,0,403,400,537,708
1113,0,403,400,537,708
1113,2,674,413,831,707
1113,1,675,412,831,574
1114,0,403,400,537,708
1114,2,674,413,831,707
1114,1,675,412,831,574
1115,0,403,400,537,708
1115,2,674,413,831,707
1115,1,675,412,831,574
1116,0,402,400,537,708
1116,2,674,413,831,707
1116,1,675,413,831,574
1117,2,674,413,831,707
1117,1,675,413,831,574
1117,0,403,400,537,708
1118,0,403,400,537,708
1118,1,675,413,831,574
1118,2,674,413,831,707
1119,0,403,400,537,708
1119,2,674,413,832,707
1119,1,676,413,831,574
1120,0,403,400,537,708
1120,2,674,414,832,707
1120,1,676,413,831,574
1121,1,676,413,831,574
1121,2,674,414,832,707
1121,0,403,400,537,708
1122,2,674,414,832,707
1122,1,675,413,831,574
1122,0,404,400,537,708
1123,2,674,414,832,708
1123,1,675,413,831,575
1123,0,404,400,537,708
1123,12,406,401,538,555
1124,1,675,413,831,575
1124,0,404,400,538,708
1124,2,673,413,831,709
1124,12,408,401,538,552
1125,1,675,413,831,575
1125,0,404,400,538,708
1125,2,673,413,831,709
1125,12,407,401,539,553
1126,1,675,413,831,575
1126,0,405,400,538,709
1126,2,673,413,831,710
1126,12,407,401,538,552
1127,0,405,400,538,709
1127,2,673,413,831,709
1127,1,675,413,831,575
1127,12,408,401,539,552
1128,2,673,413,831,709
1128,1,675,413,831,575
1128,0,404,400,538,709
1128,12,408,401,539,553
1129,0,404,400,538,709
1129,1,675,414,831,575
1129,12,408,401,539,552
1129,2,675,414,832,708
1130,12,408,401,539,552
1130,2,675,414,832,708
1130,0,404,400,538,709
1130,1,676,414,831,575
1131,2,675,414,832,708
1131,1,676,414,831,575
1131,0,404,401,538,709
1131,12,408,402,539,552
1132,2,675,414,832,708
1132,0,404,401,539,709
1132,1,676,413,831,575
1132,12,408,402,539,551
1133,0,404,401,538,709
1133,1,676,413,831,575
1133,2,676,414,832,708
1133,12,408,401,539,551
1134,0,404,401,539,709
1134,2,675,414,832,708
1134,1,676,413,831,575
1135,1,676,414,831,575
1135,2,675,414,832,708
1135,0,404,401,538,709
1136,1,676,413,831,575
1136,2,675,414,832,708
1136,0,404,401,538,709
1137,0,404,401,538,709
1137,2,675,414,832,708
1137,1,676,414,831,575
1137,12,408,402,539,550
1138,0,404,401,538,709
1138,1,676,414,831,575
1138,12,407,402,538,552
1138,2,673,414,831,709
1139,0,404,401,538,709
1139,1,676,414,831,575
1139,12,407,401,538,551
1139,2,675,415,831,708
1140,1,676,414,831,575
1140,2,675,415,832,708
1140,12,407,402,538,550
1140,0,402,402,538,711
1141,2,675,415,831,708
1141,1,676,414,831,575
1141,0,403,401,537,709
1142,2,675,415,831,708
1142,1,675,414,831,575
1142,0,403,401,537,710
1143,2,674,415,831,708
1143,0,402,401,537,710
1143,1,675,414,831,575
1144,0,402,401,537,710
1144,2,674,415,831,708
1144,1,675,414,831,575
1144,12,405,402,537,558
1145,2,674,415,831,708
1145,0,402,401,537,710
1145,1,675,414,831,575
1145,12,405,402,537,555
1146,2,674,415,831,708
1146,0,402,401,536,710
1146,1,675,414,830,575
1146,12,405,402,537,555
1147,0,402,401,536,710
1147,12,405,402,537,555
1147,2,674,415,831,707
1147,1,675,414,830,575
1148,0,402,401,536,710
1148,1,675,414,830,575
1148,2,673,414,830,709
1149,2,673,414,830,709
1149,1,675,414,830,575
1149,0,402,401,537,710
1150,0,402,401,536,709
1150,2,673,414,830,709
1150,1,675,414,830,575
1151,1,675,414,830,575
1151,2,673,414,830,709
1151,0,402,401,537,709
1152,1,675,415,830,575
1152,2,673,414,830,709
1152,0,402,401,536,709
1153,1,675,415,830,575
1153,0,402,400,537,710
1153,2,674,415,831,707
1154,0,402,401,537,710
1154,1,675,414,830,575
1154,2,673,414,830,709
1155,1,675,414,830,576
1155,2,673,414,830,709
1155,0,402,400,537,709
1156,2,673,414,830,709
1156,1,675,414,830,575
1156,0,402,401,537,709
1157,0,403,400,537,709
1157,2,673,414,830,708
1157,1,675,414,830,575
1158,1,675,414,830,575
1158,2,672,414,830,708
1158,0,403,401,537,709
1158,12,406,401,538,554
1159,0,403,400,537,709
1159,1,675,415,831,575
1159,12,406,401,538,554
1159,2,674,415,831,707
1160,1,675,415,830,575
1160,0,403,401,537,710
1160,12,406,401,538,553
1160,2,672,414,830,708
1161,0,403,401,537,710
1161,1,675,414,831,575
1161,2,672,414,830,708
1161,12,406,401,538,553
1162,1,675,414,831,575
1162,0,404,401,537,710
1162,12,406,401,538,552
1162,2,673,415,831,707
1163,1,675,414,831,575
1163,0,404,401,537,710
1163,2,673,414,830,708
1163,12,407,402,538,551
1164,1,675,414,831,575
1164,0,404,401,537,710
1164,2,672,414,830,708
1164,12,407,402,538,550
1165,1,675,414,831,575
1165,0,404,401,537,710
1165,2,672,414,830,708
1165,12,407,402,538,550
1166,1,675,414,830,575
1166,2,673,414,830,708
1166,0,403,401,537,710
1166,12,407,402,538,552
1167,2,673,414,830,709
1167,1,675,414,830,576
1167,0,402,402,537,711
1168,12,407,402,538,552
1168,1,675,414,830,576
1168,0,403,401,537,710
1168,2,674,415,831,708
1169,1,675,414,830,576
1169,2,674,415,831,707
1169,0,403,401,537,710
1169,12,407,402,538,551
1170,2,674,415,831,707
1170,1,675,414,831,576
1170,12,407,402,538,551
1170,0,403,401,537,710
1171,2,674,415,831,707
1171,0,403,401,538,710
1171,1,675,414,831,575
1171,12,407,402,538,552
1172,2,674,415,831,708
1172,0,403,402,538,710
1172,12,407,402,538,552
1172,1,676,414,831,576
1173,0,403,401,538,710
1173,2,674,415,831,708
1173,1,675,414,831,576
1173,12,407,402,538,551
1174,2,674,415,831,708
1174,1,675,414,831,576
1174,0,403,401,538,710
1174,12,407,402,538,551
1175,1,675,414,831,576
1175,2,674,415,831,708
1175,0,404,401,538,710
1175,12,407,402,539,551
1176,2,674,415,831,708
1176,1,675,414,831,576
1176,12,408,402,539,551
1176,0,404,402,538,709
1177,2,674,415,832,708
1177,1,676,414,831,576
1177,12,407,402,540,553
1177,0,404,402,540,711
1178,1,676,414,832,576
1178,2,674,415,832,709
1178,0,404,402,540,711
1178,12,407,402,540,553
1179,2,675,415,833,709
1179,0,405,402,540,711
1179,1,676,414,832,575
1179,12,408,402,540,552
1180,1,676,414,832,575
1180,2,675,415,833,708
1180,0,405,402,541,711
1180,12,408,402,540,552
1181,2,675,415,833,709
1181,1,676,414,832,575
1181,12,408,402,540,553
1181,0,406,402,539,710
1182,2,675,415,833,709
1182,1,676,414,833,575
1182,0,406,402,540,710
1182,12,408,402,540,553
1183,0,406,402,540,710
1183,2,675,415,833,708
1183,1,676,414,833,574
1183,12,408,402,540,555
1184,2,675,415,833,708
1184,0,406,402,540,710
1184,1,677,414,833,574
1184,12,408,402,540,556
1185,1,677,414,833,574
1185,2,675,415,833,708
1185,0,405,402,540,710
1185,12,407,403,540,563
1186,2,675,415,833,708
1186,1,677,414,833,574
1186,0,405,402,540,710
1186,12,407,403,540,565
1187,2,675,415,833,708
1187,0,405,402,540,710
1187,1,677,414,833,574
1187,12,407,403,540,565
1188,1,677,414,833,574
1188,2,675,414,833,708
1188,0,405,402,540,711
1188,12,408,403,541,565
1189,0,405,402,540,711
1189,2,676,414,833,708
1189,1,677,414,833,574
1189,12,407,403,540,566
1190,2,676,414,833,708
1190,1,677,414,833,574
1190,0,406,402,540,710
1190,12,408,403,541,563
1191,2,676,415,834,708
1191,1,677,414,833,574
1191,0,405,402,540,710
1191,12,408,402,541,565
1192,2,676,415,834,709
1192,0,406,401,540,710
1192,1,677,414,833,575
1192,12,408,402,541,566
1193,0,405,401,540,710
1193,2,676,414,834,708
1193,1,677,414,833,575
1193,12,408,402,540,566
1194,2,676,414,834,708
1194,0,406,401,540,710
1194,1,677,413,833,575
1194,12,408,402,540,567
1195,2,676,414,834,708
1195,1,677,413,833,574
1195,0,405,401,540,710
1195,12,407,402,540,569
1196,1,677,413,833,574
1196,2,676,414,834,708
1196,0,406,401,540,710
1196,12,407,402,540,571
1197,2,677,414,834,708
1197,1,678,413,833,574
1197,0,407,400,540,709
1197,12,407,401,540,577
1198,1,678,413,834,574
1198,2,677,414,835,708
1198,0,406,400,541,709
1198,12,407,401,541,580
1199,2,677,414,835,708
1199,1,678,413,834,574
1199,0,407,400,541,709
1199,12,408,401,541,576
1200,1,678,413,834,573
1200,2,677,414,835,708
1200,0,407,400,542,709
1200,12,409,401,542,562
1201,2,677,414,835,706
1201,0,407,400,541,708
1201,1,678,413,834,576
1202,2,677,414,835,706
1202,0,408,400,541,707
1202,1,678,412,834,574
1202,12,411,401,541,551
1203,0,408,400,541,707
1203,1,678,412,834,574
1203,2,677,413,835,705
1203,12,411,401,541,552
1204,1,679,412,834,574
1204,2,677,413,835,705
1204,0,407,400,541,707
1204,12,410,400,541,554
1205,2,677,413,835,705
1205,0,407,400,541,707
1205,1,679,412,834,573
1205,12,410,400,541,552
1206,1,679,412,834,573
1206,0,407,400,541,707
1206,2,678,413,835,705
1206,12,410,401,541,559
1207,2,678,413,835,705
1207,0,407,400,541,707
1207,1,679,412,834,573
1207,12,410,401,541,549
1208,1,679,412,834,573
1208,2,678,413,835,705
1208,0,407,400,542,707
1208,12,410,400,541,552
1209,2,679,413,835,705
1209,1,679,412,834,573
1209,0,408,399,542,707
1210,2,679,413,835,705
1210,1,679,412,834,573
1210,0,407,399,542,707
1211,1,679,412,834,573
1211,0,407,399,542,707
1211,2,679,413,835,705
1212,1,679,412,834,573
1212,2,679,413,835,705
1212,0,407,399,542,707
1212,12,408,400,542,572
1213,2,679,413,835,705
1213,1,679,412,835,572
1213,0,408,399,542,707
1213,12,409,400,542,566
1214,0,408,399,542,707
1214,2,678,413,835,705
1214,1,679,411,834,572
1214,12,409,400,542,561
1215,2,678,413,835,705
1215,1,679,411,834,572
1215,0,407,399,542,707
1215,12,408,400,542,557
1216,0,407,399,542,706
1216,2,678,413,835,705
1216,1,679,411,834,572
1216,12,408,400,542,557
1217,1,678,411,834,572
1217,2,678,413,835,705
1217,0,407,399,542,706
1217,12,408,400,542,555
1218,0,408,399,542,706
1218,1,679,412,835,572
1218,2,678,413,835,706
1218,12,409,400,542,552
1219,0,407,399,542,706
1219,12,409,400,541,553
1219,1,678,411,834,572
1219,2,678,412,835,705
1220,2,678,412,835,705
1220,0,408,399,542,706
1220,1,678,411,835,571
1221,2,678,412,835,705
1221,0,408,399,542,706
1221,1,678,411,834,571
1222,2,678,412,835,705
1222,0,408,398,542,706
1222,1,679,411,834,571
1223,1,679,411,834,571
1223,2,678,412,835,704
1223,0,408,398,542,706
1224,2,678,412,835,704
1224,0,408,398,542,706
1224,1,679,411,835,571
1225,2,678,412,835,704
1225,0,408,398,542,706
1225,1,678,411,834,571
1226,2,678,412,835,704
1226,0,408,398,542,706
1226,1,679,411,835,571
1227,2,677,412,835,704
1227,0,408,398,542,706
1227,1,679,411,835,571
1228,2,678,412,835,704
1228,1,679,411,835,571
1228,0,408,398,543,706
1228,12,410,399,542,549
1229,0,408,398,543,706
1229,2,678,412,835,704
1229,1,679,411,835,571
1229,12,409,399,542,551
1230,2,678,413,835,704
1230,1,679,411,835,571
1230,0,408,398,543,707
1231,0,408,398,543,706
1231,2,678,413,836,704
1231,1,679,411,835,571
1232,1,680,411,835,571
1232,0,408,398,544,707
1232,2,678,413,836,704
1232,12,410,399,543,550
1233,2,678,413,836,704
1233,1,680,412,835,571
1233,0,408,398,544,707
1233,12,410,399,543,552
1234,1,680,412,836,571
1234,0,408,398,544,707
1234,2,679,413,836,703
1234,12,409,399,543,560
1235,1,680,412,836,571
1235,0,408,398,545,707
1235,2,679,413,836,703
1236,1,680,412,836,571
1236,2,680,413,836,703
1236,0,408,398,545,706
1236,12,410,398,543,549
1237,2,679,413,836,703
1237,1,680,412,836,571
1237,0,408,398,545,706
1237,12,409,398,543,552
1238,2,679,413,836,703
1238,1,680,412,836,570
1238,0,408,398,544,707
1238,12,410,398,543,551
1239,1,680,412,836,570
1239,2,679,413,836,702
1239,0,409,398,544,706
1239,12,410,399,543,549
1240,0,408,398,544,706
1240,1,680,412,836,570
1240,2,680,413,836,702
1240,12,410,399,543,548
1241,2,680,413,836,702
1241,1,680,412,836,570
1241,0,409,397,544,706
1241,12,410,398,543,547
1242,1,681,412,836,570
1242,0,408,397,543,706
1242,2,680,413,836,702
1242,12,410,398,543,548
1243,0,408,397,544,706
1243,1,680,412,836,570
1243,2,680,413,836,702
1243,12,410,398,543,549
1244,12,410,398,543,549
1244,2,680,413,836,702
1244,0,408,397,544,706
1244,1,680,412,836,569
1245,0,408,397,544,706
1245,2,679,413,836,702
1245,1,680,412,836,569
1245,12,410,398,542,548
1246,0,408,397,544,706
1246,1,680,412,835,570
1246,2,679,413,836,702
1246,12,410,398,543,548
1247,0,408,398,544,706
1247,1,680,412,835,569
1247,12,410,399,543,548
1247,2,679,412,836,702
1248,1,680,412,835,569
1248,2,680,412,836,702
1248,0,409,397,544,706
1248,12,410,398,543,547
1249,1,680,412,836,569
1249,0,409,397,543,706
1249,2,679,412,836,702
1249,12,410,398,542,548
1250,2,679,412,836,702
1250,1,680,412,835,569
1250,0,409,397,543,706
1250,12,410,398,542,549
1251,2,679,412,836,702
1251,1,680,412,836,569
1251,12,410,398,542,549
1251,0,409,397,543,706
1252,2,679,412,836,702
1252,1,680,412,835,569
1252,0,409,398,543,706
1252,12,410,399,542,549
1253,0,408,398,543,706
1253,2,679,412,835,702
1253,12,410,399,543,548
1253,1,680,412,835,569
1254,2,678,412,835,702
1254,1,679,411,835,569
1254,0,408,398,543,706
1254,12,410,399,542,549
1255,0,408,398,543,706
1255,2,678,412,835,702
1255,1,679,411,835,569
1255,12,410,399,542,550
1256,0,408,398,543,706
1256,2,678,412,835,702
1256,12,410,399,542,550
1256,1,679,411,835,569
1257,0,408,398,543,706
1257,2,678,412,835,703
1257,1,679,411,835,570
1257,12,410,399,542,549
1258,0,408,398,543,706
1258,2,678,411,835,702
1258,12,410,399,542,549
1258,1,679,411,835,570
1259,0,408,398,543,706
1259,12,410,399,542,549
1259,2,678,411,835,702
1259,1,679,410,835,569
1260,1,679,410,835,569
1260,2,678,411,835,702
1260,0,408,398,542,706
1260,12,410,399,542,548
1261,1,679,410,835,569
1261,0,408,398,542,706
1261,2,678,411,835,701
1261,12,410,399,542,548
1262,2,678,410,835,701
1262,0,408,398,542,706
1262,1,679,410,834,569
1262,12,410,399,542,547
1263,2,678,410,835,702
1263,0,408,397,542,706
1263,1,678,410,834,569
1263,12,410,398,542,547
1264,0,408,397,542,707
1264,12,410,398,542,547
1264,2,678,410,835,701
1264,1,678,409,834,568
1265,2,678,410,834,701
1265,1,678,410,834,568
1265,0,408,397,542,706
1265,12,410,398,541,547
1266,2,678,410,834,701
1266,12,410,397,542,546
1266,0,408,397,542,707
1266,1,678,409,834,568
1267,0,408,397,542,707
1267,2,677,410,834,701
1267,1,678,409,834,568
1267,12,410,397,541,546
1268,2,677,410,834,701
1268,0,408,397,542,707
1268,1,678,409,834,569
1268,12,410,397,541,547
1269,0,408,396,542,707
1269,2,677,410,834,701
1269,1,678,409,833,568
1269,12,411,397,541,546
1270,2,677,409,834,701
1270,0,408,396,542,706
1270,1,678,409,834,568
1270,12,410,396,542,545
1271,2,677,409,834,701
1271,1,678,409,833,568
1271,0,408,396,542,706
1271,12,411,396,541,543
1272,2,677,409,834,700
1272,0,408,396,542,706
1272,1,678,408,833,568
1272,12,410,396,541,544
1273,1,678,408,833,568
1273,2,676,409,834,700
1273,0,408,396,541,706
1273,12,411,396,540,544
1274,0,408,396,541,706
1274,2,676,408,834,700
1274,1,677,408,833,568
1275,2,676,408,834,700
1275,0,408,395,541,706
1275,1,677,408,833,568
1276,2,676,408,834,700
1276,1,677,408,833,568
1276,0,408,395,541,706
1277,2,676,408,833,701
1277,0,409,395,540,706
1277,1,677,408,833,569
1277,12,411,396,539,545
1278,2,675,408,833,701
1278,1,676,408,833,569
1278,0,409,395,540,705
1278,12,411,396,539,545
1279,2,675,408,833,701
1279,1,676,407,832,569
1279,0,409,395,540,705
1279,12,411,396,539,546
1280,2,675,408,833,701
1280,1,676,407,832,569
1280,0,408,396,540,705
1280,12,411,396,539,546
1281,0,408,396,539,704
1281,1,676,407,832,569
1281,2,675,408,833,701
1282,0,408,395,539,705
1282,2,675,407,833,700
1282,1,675,407,832,569
1283,2,675,407,833,700
1283,1,675,407,832,569
1283,0,409,395,539,705
1284,2,675,407,833,700
1284,0,408,396,539,704
1284,1,675,406,832,568
1285,0,409,395,539,704
1285,2,675,406,833,700
1285,1,675,406,832,568
1286,2,675,406,832,700
1286,1,675,406,832,568
1286,0,408,396,540,705
1287,2,675,406,832,700
1287,0,407,396,540,705
1287,1,675,406,831,567
1288,2,675,406,832,700
1288,1,675,406,831,567
1288,0,407,396,540,705
1289,2,675,406,832,700
1289,1,675,406,831,567
1289,0,408,396,540,705
1290,2,675,406,832,700
1290,0,407,396,541,705
1291,2,674,406,832,701
1291,0,407,397,541,706
1291,1,675,405,831,568
1292,2,674,405,832,700
1292,0,407,396,541,706
1292,1,675,405,831,567
1293,2,674,405,832,701
1293,0,407,395,541,705
1293,1,675,405,831,568
1294,1,675,405,831,568
1294,2,674,405,832,701
1294,0,406,396,540,705
1295,1,674,405,831,568
1295,2,674,404,832,700
1295,0,406,396,540,705
1296,2,674,405,831,700
1296,1,674,405,830,568
1296,0,406,396,539,705
1297,1,674,405,830,568
1297,2,673,405,831,701
1297,0,404,397,540,706
1298,0,404,397,540,706
1298,1,674,405,830,568
1298,2,673,405,830,701
1299,0,404,397,539,706
1299,1,673,405,830,568
1299,2,672,405,830,701
1300,1,673,405,830,568
1300,2,673,405,830,701
1300,0,405,396,538,705
1301,2,673,405,830,701
1301,0,405,396,538,705
1301,1,673,404,830,568
1302,1,673,405,830,568
1302,2,673,405,830,701
1302,0,403,397,540,705
1302,13,409,397,539,548
1303,2,673,405,830,701
1303,1,674,404,830,568
1303,0,405,396,538,704
1304,2,673,405,830,701
1304,0,405,396,538,705
1304,1,674,404,829,568
1304,13,409,397,539,548
1305,2,673,404,830,701
1305,0,405,396,538,705
1305,1,674,404,829,568
1305,13,409,397,539,549
1306,13,409,397,539,549
1306,0,405,396,538,705
1306,2,673,404,830,701
1306,1,674,404,829,568
1307,2,673,404,830,701
1307,0,405,397,538,705
1307,13,409,398,539,549
1307,1,674,404,829,569
1308,0,405,396,538,704
1308,2,673,404,830,701
1308,1,674,404,829,568
1308,13,409,397,539,547
1309,2,673,404,830,701
1309,1,674,404,829,568
1309,0,404,397,538,705
1309,13,409,398,538,547
1310,2,673,404,830,701
1310,0,404,397,538,705
1310,1,674,403,829,569
1310,13,408,398,538,549
1311,1,674,403,829,569
1311,2,673,403,830,701
1311,0,404,397,537,705
1311,13,408,398,538,548
1312,1,674,403,829,569
1312,2,673,403,830,701
1312,0,403,397,538,705
1313,0,403,397,538,705
1313,2,673,403,830,701
1313,1,674,403,829,569
1313,13,408,398,538,548
1314,1,674,403,829,569
1314,0,404,397,538,705
1314,2,674,404,830,701
1315,2,674,404,830,702
1315,1,674,403,829,569
1315,0,404,397,538,705
1315,13,407,398,539,550
1316,2,674,404,830,702
1316,1,674,403,830,569
1316,0,404,397,538,705
1316,13,408,398,539,549
1317,2,674,404,830,702
1317,1,674,403,830,569
1317,0,405,397,539,705
1318,2,674,403,830,702
1318,0,405,397,539,705
1318,1,674,403,830,568
1319,2,674,403,830,702
1319,1,674,403,830,568
1319,0,405,397,539,705
1320,2,674,403,831,702
1320,1,674,403,830,568
1320,0,405,397,539,705
1321,2,674,403,831,701
1321,1,674,402,830,568
1321,0,404,397,540,705
1322,2,674,403,831,702
1322,0,404,397,540,705
1322,1,675,403,830,568
1323,2,674,402,831,701
1323,0,404,398,540,705
1323,1,675,402,831,568
1324,2,674,402,832,701
1324,1,675,402,831,568
1324,0,405,397,540,706
1325,1,675,402,831,568
1325,0,405,397,540,706
1325,2,674,402,832,702
1326,2,674,403,832,702
1326,1,675,402,831,568
1326,0,405,397,540,705
1327,2,674,403,832,702
1327,1,675,403,831,568
1327,0,405,397,540,705
1328,2,674,403,832,701
1328,0,405,397,540,705
1328,1,675,403,831,568
1329,2,674,403,831,701
1329,1,675,403,831,568
1329,0,405,397,540,706
1330,0,405,397,540,706
1330,2,674,402,832,701
1330,1,675,402,831,568
1331,0,405,397,540,706
1331,2,674,402,832,701
1331,1,675,402,831,567
1332,2,674,402,832,701
1332,1,675,402,831,568
1332,0,405,398,540,706
1333,1,675,402,831,567
1333,2,674,402,832,701
1333,0,405,397,541,706
1334,0,405,397,541,706
1334,2,674,402,832,701
1334,1,675,402,831,568
1335,0,405,397,541,706
1335,2,674,402,832,701
1335,1,675,402,831,569
1336,0,405,397,541,706
1336,2,674,402,832,701
1336,1,675,402,831,569
1337,2,674,401,832,701
1337,0,405,397,541,705
1337,1,675,401,831,568
1338,2,674,401,832,701
1338,0,405,397,540,705
1338,1,675,401,831,567
1339,2,674,401,831,701
1339,0,405,397,540,706
1339,1,675,401,831,568
1340,2,674,401,832,701
1340,1,675,401,831,568
1340,0,405,397,540,706
1341,2,674,401,831,701
1341,0,405,397,540,706
1341,1,675,401,830,568
1342,0,405,397,540,706
1342,2,674,401,831,701
1342,1,675,401,830,567
1343,2,674,401,831,701
1343,0,405,397,539,706
1343,1,675,401,830,567
1344,1,674,401,830,567
1344,2,674,400,831,701
1344,0,404,397,539,705
1345,1,674,400,830,567
1345,2,674,400,831,701
1345,0,403,396,539,705
1346,2,673,400,830,701
1346,0,403,396,539,705
1346,1,674,400,830,567
1347,2,673,400,830,701
1347,1,674,400,829,567
1347,0,402,396,539,705
1348,0,402,396,539,705
1348,1,674,400,829,568
1348,2,672,400,830,701
1349,0,401,396,539,705
1349,1,674,400,829,567
1349,2,672,400,830,701
1350,0,402,396,538,705
1350,1,673,400,829,567
1350,2,672,400,830,701
1351,2,671,400,830,700
1351,0,401,395,539,705
1351,1,674,400,829,567
1352,1,673,400,829,567
1352,2,671,401,829,700
1352,0,402,396,538,707
1353,1,673,400,829,568
1353,2,671,401,829,700
1353,0,403,396,538,707
1354,0,403,396,538,707
1354,2,671,401,830,700
1354,1,673,400,829,567
1355,1,673,400,829,567
1355,2,672,400,830,700
1355,0,402,395,538,707
1356,0,402,395,538,707
1356,2,672,400,830,700
1356,1,673,400,830,566
1357,0,402,395,538,707
1357,2,673,400,830,700
1358,1,673,399,829,566
1358,0,403,395,537,707
1358,2,673,400,830,700
1359,2,673,400,830,700
1359,1,673,399,829,566
1359,0,403,395,538,707
1360,2,673,400,830,700
1360,1,673,399,830,566
1360,0,403,395,538,707
1361,0,403,395,537,707
1361,2,672,400,830,700
1361,1,673,399,830,566
1362,2,672,400,830,700
1362,1,673,399,830,566
1362,0,403,395,537,707
1363,2,672,400,830,700
1363,0,402,395,537,707
1363,1,673,399,830,567
1364,2,673,399,830,700
1364,0,402,395,537,707
1365,2,673,400,830,700
1365,0,401,395,537,707
1366,2,673,400,830,700
1366,0,401,395,537,707
1367,2,673,400,830,700
1367,0,401,395,537,707
1368,0,401,395,537,707
1368,2,673,400,830,701
1369,2,673,400,830,701
1369,0,400,395,537,707
1370,2,673,400,830,701
1370,0,400,395,537,706
1370,1,673,400,830,566
1371,0,400,395,537,706
1371,2,673,400,831,701
1372,2,673,400,831,701
1372,0,400,396,537,706
1373,0,400,396,537,706
1373,1,674,400,830,566
1373,2,673,401,830,701
1374,1,674,400,830,567
1374,2,673,401,830,701
1374,0,399,396,537,706
1375,2,673,401,830,701
1375,1,674,400,830,567
1375,0,400,397,538,708
1376,2,673,401,830,701
1376,1,674,400,830,567
1376,0,399,397,538,708
1377,2,673,401,830,701
1377,0,399,398,539,708
1377,1,674,400,830,567
1377,14,400,398,538,555
1378,2,673,401,830,701
1378,1,674,400,830,567
1378,0,399,398,539,708
1378,14,400,398,539,554
1379,1,674,401,830,567
1379,0,400,398,539,708
1379,2,674,401,831,701
1379,14,401,398,539,556
1380,2,674,401,831,701
1380,1,674,401,830,567
1380,0,400,398,539,708
1380,14,401,398,539,555
1381,1,674,401,830,568
1381,2,674,401,830,701
1381,14,400,398,539,556
1381,0,399,398,538,706
1382,1,674,401,830,568
1382,2,674,401,831,701
1382,0,399,397,538,707
1382,14,400,398,539,556
1383,2,674,401,831,702
1383,1,674,401,830,568
1383,0,399,398,538,707
1383,14,400,398,539,557
1384,2,674,401,831,702
1384,1,674,401,830,568
1384,14,400,398,539,556
1384,0,399,398,539,709
1385,2,674,401,831,702
1385,1,674,401,830,568
1385,0,399,399,540,709
1385,14,401,398,540,558
1386,2,674,401,831,702
1386,1,674,401,830,568
1386,0,399,398,540,709
1386,14,402,398,540,562
1387,2,674,401,831,701
1387,1,674,401,830,567
1387,0,400,398,540,709
1388,2,674,401,831,701
1388,0,401,398,540,709
1389,2,674,401,830,701
1389,0,401,399,540,709
1390,2,674,401,830,701
1390,0,401,399,540,709
1391,2,674,401,830,701
1391,0,400,398,539,708
1391,14,403,399,540,560
1392,2,674,401,830,701
1392,14,403,399,540,560
1392,0,400,399,540,709
1393,0,399,399,540,709
1393,14,403,399,540,561
1393,2,673,402,830,701
1394,2,673,402,830,701
1394,14,403,399,540,561
1394,0,400,398,539,708
1395,0,402,398,539,707
1395,2,674,401,830,701
1395,14,405,399,539,560
1396,0,402,398,539,708
1396,2,673,402,829,701
1396,14,404,399,540,564
1397,0,403,398,539,707
1397,2,673,401,830,701
1397,14,406,399,539,559
1398,2,673,401,830,701
1398,0,403,398,538,707
1398,14,406,399,539,556
1399,2,673,401,830,700
1399,0,403,398,539,706
1399,14,404,399,539,557
1400,2,673,401,830,701
1400,0,403,398,538,707
1400,14,405,399,539,554
1401,0,403,398,538,707
1401,2,673,401,830,701
1401,14,404,399,539,553
1402,0,403,398,539,707
1402,14,404,399,539,553
1402,2,673,400,831,700
1403,0,403,398,539,707
1403,2,673,399,831,700
1403,14,404,399,539,552
1404,0,403,398,539,707
1404,2,673,398,832,700
1404,14,404,399,539,550
1405,0,403,398,539,707
1405,2,673,398,831,700
1405,14,405,399,539,548
1406,0,404,398,539,707
1406,14,406,399,538,547
1406,2,673,398,829,700
1407,0,404,399,538,707
1407,2,673,398,827,699
1408,0,403,399,539,707
1408,2,672,398,825,699
1409,2,672,398,825,699
1409,0,403,399,539,707
1410,0,402,399,538,706
1410,2,671,399,826,699
1411,0,402,399,538,707
1411,2,671,399,825,699
1411,15,672,399,826,551
1412,0,403,399,538,706
1412,2,671,399,825,699
1412,15,671,399,825,552
1413,0,402,399,538,706
1413,2,671,399,823,699
1413,15,672,398,824,555
1414,0,402,399,538,706
1414,2,670,398,820,699
1414,15,671,398,822,555
1415,0,402,399,538,706
1415,2,669,397,818,699
1415,15,671,397,820,556
1416,0,402,399,538,706
1416,2,669,397,817,699
1416,15,671,397,818,553
1417,0,402,398,538,706
1417,2,670,396,815,699
1417,15,670,396,815,546
1418,0,402,398,537,706
1418,2,670,396,813,699
1418,15,670,396,812,542
1419,0,401,398,537,706
1419,2,670,395,812,699
1420,0,401,398,537,706
1420,2,670,396,811,699
1420,15,672,396,810,523
1421,0,401,398,537,706
1421,2,670,396,810,698
1421,15,672,397,808,521
1422,0,401,398,537,706
1422,2,671,396,810,698
1422,15,673,397,808,520
1423,0,401,398,538,705
1423,2,672,397,809,698
1423,15,673,398,807,520
1424,2,673,397,809,698
1424,0,401,398,538,707
1424,15,676,398,807,520
1425,0,401,398,539,707
1425,2,677,398,809,698
1425,15,680,398,807,520
1426,0,401,398,539,708
1426,2,679,399,808,699
1426,15,682,399,807,520
1427,0,401,398,538,706
1427,15,684,401,808,521
1427,2,682,402,810,699
1428,0,401,398,538,706
1428,2,686,403,811,699
1428,15,686,402,809,520
1429,0,401,398,538,706
1429,2,689,403,811,700
1429,15,688,403,809,520
1430,0,401,398,538,706
1430,2,690,405,811,700
1431,0,402,398,537,706
1431,2,691,407,811,699
1431,15,690,407,810,518
1432,0,402,398,537,706
1432,2,691,408,812,699
1432,15,690,408,810,518
1433,0,402,398,537,706
1433,2,691,408,812,699
1433,15,690,408,810,518
1434,0,402,398,537,706
1434,2,690,409,812,699
1435,0,402,398,537,706
1435,2,690,409,812,699
1436,0,403,398,536,706
1436,2,689,409,811,699
1437,2,688,408,811,699
1437,0,402,399,537,707
1438,0,402,399,537,707
1438,2,687,408,812,699
1439,2,687,408,812,699
1439,0,402,400,537,707
1439,16,407,399,536,544
1440,2,687,408,812,699
1440,0,404,400,538,707
1440,16,408,399,537,541
1441,2,686,409,812,699
1441,0,404,400,538,707
1441,16,408,399,537,543
1442,0,403,400,538,707
1442,2,687,409,812,700
1443,2,687,410,812,700
1443,0,403,400,538,707
1444,2,687,409,812,700
1444,0,403,400,538,708
1444,16,408,399,538,540
1445,0,403,400,538,708
1445,2,687,409,812,700
1446,2,687,409,812,700
1446,0,405,400,538,708
1446,16,409,399,538,539
1447,2,687,410,812,700
1447,0,405,399,537,707
1448,2,687,410,812,700
1448,0,405,399,537,706
1448,16,410,400,537,544
1449,2,687,410,812,700
1449,0,406,399,537,706
1449,16,410,400,537,546
1450,2,687,410,812,700
1450,0,406,399,537,706
1450,16,410,399,538,544
1451,2,687,410,812,700
1451,0,406,399,537,706
1451,16,411,399,538,546
1452,2,687,410,812,700
1452,0,407,399,537,706
1453,0,406,399,537,706
1453,2,687,408,812,699
1454,2,687,409,812,699
1454,0,405,399,537,707
1455,2,687,409,812,699
1455,0,404,399,537,707
1456,2,687,410,812,700
1456,0,404,400,539,708
1457,2,686,410,812,700
1457,0,404,399,537,707
1458,2,687,411,812,700
1458,0,404,399,537,707
1459,0,404,399,537,707
1459,2,687,411,812,700
1460,2,687,412,812,700
1460,0,401,399,537,707
1461,2,686,412,812,700
1461,0,400,399,537,707
1462,0,401,399,537,707
1462,2,687,413,812,701
1463,0,401,399,537,707
1463,2,687,413,812,701
1464,0,401,399,537,707
1464,2,688,414,812,700
1465,2,688,414,812,700
1465,0,400,399,537,707
1466,2,688,414,812,701
1466,0,399,400,538,709
1467,2,687,414,812,701
1467,0,399,399,537,707
1468,2,688,414,812,701
1468,0,398,399,536,707
1469,2,687,414,812,701
1469,0,397,400,538,709
1470,2,687,414,812,701
1470,0,398,400,537,709
1471,2,687,414,811,701
1471,0,399,400,537,710
1471,17,401,400,537,561
1472,2,687,414,811,701
1472,0,398,400,537,709
1473,2,687,414,811,701
1473,0,398,400,537,709
1474,2,687,414,811,701
1474,0,397,399,536,708
1474,17,400,400,536,560
1475,2,687,414,811,701
1475,0,396,399,535,708
1475,17,400,400,536,557
1476,2,687,414,811,701
1476,0,396,399,535,708
1476,17,400,400,535,557
1477,2,687,414,811,701
1477,0,396,400,535,708
1477,17,398,400,536,557
1478,2,687,414,811,701
1478,0,396,400,535,708
1479,2,687,414,811,701
1479,0,398,400,535,708
1479,17,400,401,536,558
1480,2,687,414,811,701
1480,0,400,401,537,709
1480,17,404,401,536,557
1481,2,687,414,811,701
1481,0,401,401,537,709
1481,17,404,401,536,557
1482,2,686,414,811,701
1482,0,402,401,536,709
1482,17,405,401,536,557
1483,2,686,414,811,701
1483,17,404,401,536,558
1483,0,402,400,535,707
1484,2,686,414,811,701
1484,17,405,401,536,556
1484,0,402,401,537,709
1485,2,687,413,811,701
1485,17,405,401,536,557
1485,0,401,400,535,708
1486,2,687,413,811,701
1486,0,401,401,535,708
1486,17,404,401,536,558
1487,0,401,401,535,708
1487,2,686,413,811,701
1487,17,404,401,536,558
1488,2,686,413,811,701
1488,0,400,401,536,708
1488,17,403,401,536,558
1489,2,686,413,811,701
1489,0,398,401,536,708
1489,17,400,402,536,563
1490,2,687,413,811,701
1490,0,399,401,536,708
1490,17,401,402,536,567
1491,2,687,412,811,701
1491,0,402,401,536,708
1491,17,404,402,536,572
1492,2,686,411,811,701
1492,0,403,401,536,708
1492,17,405,402,537,571
1493,2,686,411,811,701
1493,0,404,401,536,708
1494,0,405,401,536,708
1494,2,687,413,812,701
1494,17,408,402,536,547
1495,0,405,401,536,708
1495,2,687,412,812,702
1496,2,686,411,812,702
1496,0,404,402,535,709
1496,17,409,402,536,548
1497,2,686,410,812,702
1497,0,405,401,536,708
1497,17,409,402,535,547
1497,18,687,411,809,521
1498,18,687,410,809,521
1498,2,686,410,812,701
1498,0,404,401,536,707
1499,2,686,409,812,701
1499,0,403,401,535,707
1499,18,686,410,809,521
1500,2,686,409,812,701
1500,0,402,401,535,707
1500,18,686,409,809,521
1501,2,686,409,811,702
1501,0,402,401,536,708
1502,2,686,408,811,702
1502,0,402,402,536,708
1502,18,686,409,809,522
1503,0,402,402,536,708
1503,2,686,408,811,702
1504,0,402,401,536,708
1504,2,686,407,811,702
1505,0,402,401,536,707
1505,2,686,407,811,702
1506,0,402,401,536,707
1506,2,686,407,811,702
1507,0,402,401,536,707
1507,2,686,407,811,702
1508,0,402,401,536,707
1508,2,686,407,811,702
1508,18,686,407,809,522
1509,0,402,401,536,707
1509,2,686,407,811,702
1509,18,686,407,809,522
1510,18,686,407,809,521
1510,2,686,407,811,702
1510,0,402,401,536,707
1511,2,686,407,812,703
1511,0,402,401,537,707
1511,18,686,407,810,521
1512,2,686,407,812,702
1512,0,403,400,537,707
1512,18,686,407,810,521
1513,2,687,407,812,702
1513,18,687,407,810,520
1513,0,402,400,537,707
1514,2,687,406,812,702
1514,0,402,401,537,707
1514,18,687,407,810,520
1515,2,687,407,812,702
1515,18,687,407,811,520
1515,0,403,401,537,707
1516,2,687,407,812,702
1516,0,403,400,538,708
1516,18,687,407,811,520
1517,2,687,406,813,702
1517,18,687,407,811,519
1517,0,405,402,539,709
1518,2,687,406,813,702
1518,18,687,407,811,518
1518,0,408,401,539,709
1519,18,687,406,811,518
1519,0,408,401,539,708
1519,2,686,406,812,702
1520,2,686,406,812,702
1520,18,687,406,811,519
1520,0,406,401,539,709
1521,18,687,407,811,519
1521,0,405,401,539,709
1521,2,687,406,812,702
1521,19,407,402,538,561
1522,19,407,402,538,561
1522,0,405,402,539,709
1522,2,687,407,812,702
1523,2,686,407,812,702
1523,0,406,402,538,709
1523,18,687,407,810,520
1524,2,686,407,812,702
1524,18,687,407,810,520
1524,0,407,402,538,709
1525,2,686,407,812,702
1525,18,687,407,810,521
1525,0,407,403,538,710
1526,2,686,407,812,703
1526,18,686,407,811,521
1526,0,406,402,537,710
1526,19,412,402,537,557
1527,2,686,407,812,703
1527,0,406,402,536,710
1527,18,686,407,810,521
1527,19,412,403,537,556
1528,2,686,407,811,703
1528,19,412,403,537,556
1528,18,686,407,810,521
1528,0,407,404,537,711
1529,0,406,404,537,711
1529,2,685,407,812,703
1529,18,686,407,810,522
1530,18,686,407,810,522
1530,2,684,406,811,703
1530,0,406,403,536,709
1531,18,686,407,810,522
1531,0,405,403,536,709
1531,2,685,407,812,703
1532,18,686,407,810,523
1532,0,404,403,536,709
1532,2,684,406,811,704
1533,18,686,407,810,523
1533,0,404,404,536,709
1533,2,685,407,812,704
1534,2,685,407,812,704
1534,0,404,404,536,710
1534,18,686,407,810,523
1534,19,409,404,536,560
1535,0,404,404,535,710
1535,2,684,407,811,703
1535,18,686,407,809,523
1535,19,409,404,536,560
1536,0,404,404,535,710
1536,2,685,407,811,704
1536,19,409,404,536,561
1537,2,685,407,811,704
1537,18,686,408,809,523
1537,19,409,405,536,560
1537,0,404,405,536,713
1538,2,684,407,811,704
1538,19,409,405,536,560
1538,18,685,408,808,523
1538,0,404,405,536,714
1539,19,409,405,536,559
1539,0,404,405,536,714
1539,2,684,407,811,704
1539,18,685,408,808,523
1540,19,409,405,536,560
1540,0,403,405,536,715
1540,18,685,408,808,523
1540,2,683,407,810,704
1541,0,403,405,536,715
1541,2,683,407,810,704
1541,18,685,408,808,523
1541,19,408,405,536,561
1542,0,404,405,536,715
1542,18,685,408,808,523
1542,2,683,408,810,704
1542,19,409,405,536,560
1543,2,684,408,810,704
1543,0,404,405,536,714
1543,18,685,408,807,523
1543,19,409,405,536,559
1544,19,409,405,536,559
1544,0,404,405,536,715
1544,18,685,409,807,523
1544,2,683,408,810,704
1545,0,404,405,536,715
1545,19,409,405,536,559
1545,2,683,408,810,704
1545,18,685,409,807,523
1546,18,684,409,807,523
1546,0,403,405,536,715
1546,2,682,408,809,704
1546,19,408,405,536,560
1547,0,403,405,535,715
1547,2,682,409,809,705
1547,18,684,410,807,523
1547,19,409,405,535,561
1548,0,403,405,535,717
1548,19,408,405,535,561
1548,2,681,410,809,706
1548,18,684,410,806,524
1549,18,684,411,806,524
1549,0,404,405,536,717
1549,19,408,405,535,560
1549,2,680,410,809,706
1550,19,408,405,535,561
1550,18,684,411,807,525
1550,0,404,404,534,714
1550,2,683,410,809,705
1551,0,404,404,534,713
1551,18,684,411,807,525
1551,19,408,404,535,562
1551,2,680,410,809,707
1552,0,404,403,534,713
1552,2,681,410,809,707
1552,19,407,404,535,561
1553,2,681,410,809,706
1553,0,403,403,534,713
1553,18,684,411,807,524
1553,19,407,404,535,562
1554,18,684,411,807,524
1554,19,406,403,535,562
1554,2,683,410,809,706
1554,0,403,403,535,717
1555,2,683,410,809,706
1555,18,684,411,807,525
1555,0,402,403,535,717
1556,18,684,411,807,525
1556,0,401,402,535,714
1556,2,681,410,809,707
1557,18,684,411,807,525
1557,0,400,401,535,714
1557,2,683,410,809,706
1558,2,683,410,809,706
1558,18,684,411,807,525
1558,0,399,401,535,713
1559,2,684,410,809,706
1559,18,684,411,807,526
1559,0,398,400,535,712
1560,2,684,410,809,706
1560,0,397,400,535,712
1561,0,396,399,535,712
1561,2,682,411,809,707
1562,0,395,400,535,712
1562,2,681,411,809,708
1563,0,395,399,535,712
1563,2,682,411,809,707
1564,0,396,397,535,713
1564,18,684,412,807,526
1564,2,683,411,809,706
1565,2,683,411,809,706
1565,0,396,396,535,713
1566,2,683,411,809,706
1566,0,397,396,535,713
1566,18,684,413,806,527
1567,2,683,412,809,706
1567,0,397,396,535,713
1568,2,683,411,809,706
1568,0,397,397,535,714
1568,18,683,413,806,527
1569,2,683,412,808,706
1569,18,683,413,806,527
1569,0,398,397,535,714
1570,2,683,411,808,707
1570,0,398,397,535,714
1570,18,683,413,806,527
1571,2,683,411,808,707
1571,18,683,413,806,527
1571,0,398,398,536,714
1572,18,683,413,805,527
1572,0,398,399,536,715
1572,2,683,412,807,707
1573,18,683,413,805,528
1573,2,683,412,807,708
1573,0,398,400,536,715
1574,2,683,411,807,708
1574,0,398,401,537,715
1575,2,683,411,807,708
1575,0,398,403,538,716
1576,2,683,411,807,708
1576,0,397,404,538,715
1576,18,683,413,805,529
1577,2,683,411,807,709
1577,0,397,405,538,715
1578,2,682,411,807,709
1578,18,683,413,805,529
1578,0,396,407,539,715
1579,2,683,411,807,709
1579,18,683,412,805,529
1579,0,396,409,539,715
1580,2,682,411,807,709
1580,18,683,412,805,529
1580,0,396,409,540,715
1581,2,682,411,806,709
1581,0,395,410,540,715
1581,18,683,412,805,529
1582,2,682,411,806,709
1582,18,683,412,805,530
1582,0,395,411,540,714
1583,2,682,411,806,709
1583,18,683,412,805,530
1583,0,395,412,541,714
1584,2,682,411,806,709
1584,18,683,412,805,530
1584,0,395,414,541,714
1585,2,682,411,806,709
1585,18,683,412,805,530
1585,0,395,415,542,714
1586,2,682,411,806,709
1586,18,683,412,805,530
1586,0,395,416,542,714
1587,2,682,411,806,709
1587,18,683,412,805,530
1587,0,395,417,542,714
1588,2,682,411,806,709
1588,0,395,418,542,714
1588,18,683,412,804,530
1589,2,682,410,806,709
1589,0,395,418,542,713
1590,2,681,410,805,709
1590,0,395,419,542,713
1590,18,682,411,804,530
1591,18,682,411,804,530
1591,2,681,410,805,709
1591,0,395,420,543,713
1592,2,681,410,805,709
1592,18,682,411,804,529
1592,0,395,421,543,713
1593,2,681,410,805,709
1593,18,682,411,804,529
1593,0,395,422,544,713
1594,18,682,410,804,529
1594,2,680,410,805,708
1594,0,395,423,543,713
1595,2,680,409,805,708
1595,0,395,423,544,713
1595,18,682,410,804,528
1596,2,680,409,805,708
1596,0,395,423,543,713
1596,18,682,410,804,529
1597,2,680,409,805,708
1597,18,682,410,804,529
1597,0,395,423,543,712
1598,0,395,424,543,712
1598,2,680,408,804,708
1598,18,681,409,804,529
1599,0,395,424,543,712
1599,2,680,408,804,708
1599,18,681,409,803,528
1600,0,395,424,543,712
1600,2,680,407,804,708
1600,18,681,408,803,528
1601,0,395,423,543,712
1601,2,680,407,804,708
1601,18,680,408,803,528
1602,0,395,424,544,712
1602,2,680,407,804,708
1602,18,680,407,803,528
1603,2,680,406,803,708
1603,0,395,424,543,712
1603,18,680,407,803,528
1604,0,395,424,543,712
1604,2,679,405,803,708
1604,18,680,406,803,528
1605,0,394,424,543,712
1605,2,679,405,803,707
1605,18,680,405,803,528
1606,0,395,424,543,712
1606,2,679,404,804,707
1606,18,680,404,803,528
1607,0,395,425,543,712
1607,2,678,403,804,707
1607,18,678,404,803,528
1608,0,395,425,543,711
1608,2,676,403,804,707
1608,18,676,403,803,531
1609,0,394,425,543,711
1609,2,675,402,804,708
1610,0,394,425,543,711
1610,2,674,402,804,708
1611,0,393,426,543,711
1611,2,673,401,804,707
1611,18,673,402,803,547
1612,2,672,401,804,707
1612,0,392,426,543,712
1612,18,673,401,803,557
1613,2,672,400,804,707
1613,0,392,427,542,712
1613,18,673,401,803,552
1614,2,672,400,804,707
1614,0,392,427,542,712
1614,18,672,400,803,553
1615,0,391,427,541,711
1615,2,671,399,804,707
1615,18,671,399,803,553
1616,0,391,427,541,711
1616,2,670,398,803,706
1616,18,671,398,802,553
1617,2,670,397,804,706
1617,0,391,428,541,711
1617,18,670,397,802,559
1618,2,669,396,803,707
1618,0,390,428,541,710
1618,18,670,396,803,561
1619,2,669,395,803,707
1619,0,389,428,541,710
1619,18,670,395,802,566
1620,0,389,428,540,711
1620,2,670,395,803,706
1620,18,670,395,802,568
1621,2,670,395,803,706
1621,0,389,428,540,712
1621,18,670,395,802,567
1622,2,669,396,803,706
1622,0,389,427,540,711
1622,18,670,396,801,566
1623,0,390,427,539,711
1623,2,669,397,802,706
1623,18,669,398,801,570
1624,0,390,427,539,711
1624,2,669,398,802,706
1624,18,669,399,801,570
1625,2,668,400,802,706
1625,18,669,400,801,570
1625,0,389,428,539,712
1626,2,668,400,802,706
1626,18,669,400,801,568
1626,0,390,426,538,711
1627,2,668,400,802,706
1627,0,390,426,538,711
1627,18,669,401,801,567
1628,2,668,400,802,706
1628,0,390,426,538,711
1628,18,669,401,801,565
1629,2,668,400,802,706
1629,0,389,426,538,710
1629,18,668,401,801,564
1630,2,668,400,802,706
1630,0,389,425,539,710
1630,18,668,401,801,568
1631,2,668,400,802,706
1631,0,389,425,539,710
1631,18,668,401,801,567
1632,2,668,400,802,706
1632,0,389,425,539,711
1632,18,669,400,801,566
1633,2,668,400,802,707
1633,0,389,425,539,711
1633,18,668,400,801,567
1634,2,668,401,802,706
1634,0,389,424,539,711
1634,18,668,401,801,568
1635,2,668,401,802,706
1635,0,388,424,539,711
1635,18,668,402,801,566
1636,0,388,424,539,711
1636,2,668,402,802,706
1636,18,669,402,801,567
1637,0,388,424,539,711
1637,2,669,402,802,706
1637,18,669,403,801,567
1638,2,669,402,802,706
1638,0,388,424,539,711
1638,18,669,403,801,566
1639,2,669,402,802,706
1639,0,388,424,538,711
1639,18,669,403,801,564
1640,2,669,402,802,707
1640,0,388,424,538,711
1640,18,669,402,801,564
1640,20,390,426,538,554
1641,2,669,402,802,707
1641,0,388,425,538,711
1641,20,390,426,538,554
1641,18,669,402,801,562
1642,2,668,402,803,707
1642,0,387,425,539,711
1642,18,669,402,801,566
1643,0,387,425,539,711
1643,2,669,402,803,707
1643,18,669,402,801,570
1644,2,669,402,803,707
1644,18,669,402,802,569
1644,0,387,424,539,712
1645,2,668,402,803,707
1645,0,387,424,540,712
1645,18,669,402,802,568
1646,2,668,402,803,707
1646,0,388,424,540,712
1646,18,669,402,802,567
1647,2,668,402,803,707
1647,18,669,402,802,565
1647,0,385,423,540,712
1648,2,668,402,803,708
1648,0,385,423,540,712
1648,18,669,403,802,567
1649,2,668,403,803,708
1649,0,383,422,540,712
1649,18,669,403,802,562
1649,20,383,423,538,554
1650,2,668,403,803,707
1650,18,669,403,802,562
1650,20,382,423,538,554
1650,0,382,422,540,712
1651,2,669,403,803,708
1651,0,380,422,540,712
1651,20,381,423,538,554
1651,18,669,403,802,564
1652,2,669,403,803,708
1652,18,669,403,802,567
1652,0,378,423,540,713
1653,2,669,403,803,708
1653,0,378,424,540,712
1653,18,669,403,802,561
1654,2,669,403,803,708
1654,0,373,425,540,712
1654,18,670,403,802,556
1654,20,376,426,539,556
1655,2,669,403,803,708
1655,20,378,427,539,556
1655,0,376,426,540,712
1655,18,670,403,802,561
1656,2,669,403,803,708
1656,18,670,403,802,564
1656,0,381,427,541,712
1656,20,383,428,539,555
1657,2,669,403,803,708
1657,18,670,403,802,565
1657,0,381,429,541,712
1658,2,669,403,804,708
1658,0,384,430,541,712
1658,18,670,403,803,562
1659,2,669,403,804,708
1659,0,385,432,541,712
1659,18,670,403,803,567
1660,2,670,403,804,708
1660,0,386,432,541,713
1660,18,671,403,803,565
1661,2,670,403,804,708
1661,0,387,432,541,712
1661,18,671,403,803,562
1662,2,670,403,804,708
1662,0,387,433,541,712
1662,18,671,403,803,559
1663,0,387,433,541,712
1663,2,670,403,804,708
1663,18,670,404,803,554
1664,0,387,433,541,712
1664,2,669,404,804,709
1664,18,670,404,803,559
1665,2,669,404,804,709
1665,18,670,404,803,560
1665,0,387,434,542,713
1666,0,387,436,543,713
1666,2,670,404,804,709
1666,18,670,405,803,557
1667,2,669,404,804,709
1667,0,387,437,543,713
1667,18,670,405,803,556
1668,2,669,404,804,709
1668,0,387,438,544,713
1668,18,669,405,803,557
1669,2,668,405,805,709
1669,0,386,439,543,713
1669,18,669,405,804,574
1670,0,386,440,544,713
1670,2,667,405,804,709
1670,18,667,405,803,579
1671,0,387,441,544,713
1671,2,666,405,804,709
1671,18,666,405,803,579
1672,0,386,441,545,713
1672,2,665,406,804,709
1672,18,666,406,803,578
1673,2,666,406,804,709
1673,0,386,442,544,713
1673,18,666,406,803,578
1674,0,386,442,544,713
1674,2,666,407,804,709
1674,18,666,407,803,577
1675,2,666,407,804,709
1675,18,667,407,803,577
1675,0,386,443,544,713
1676,2,666,407,804,709
1676,0,386,443,544,713
1676,18,667,407,803,576
1677,18,666,407,803,576
1677,2,666,407,804,709
1677,0,386,443,544,713
1678,2,666,407,804,710
1678,18,666,407,803,577
1678,0,386,443,544,713
1679,2,666,407,804,710
1679,0,385,443,544,713
1679,18,666,407,803,577
1680,0,385,443,544,713
1680,2,666,406,804,710
1680,18,666,407,803,577
1681,2,666,406,804,710
1681,18,666,407,803,578
1681,0,385,444,543,713
1682,2,666,406,804,710
1682,0,385,444,543,713
1682,18,666,407,803,575
1683,2,665,406,804,710
1683,0,384,444,543,713
1683,18,666,407,803,572
1684,2,664,406,804,710
1684,0,384,444,543,713
1684,18,665,407,803,566
1685,2,665,406,804,710
1685,0,383,444,543,713
1685,18,665,407,803,559
1686,0,382,445,543,713
1686,2,664,406,804,710
1686,18,665,407,803,559
1687,2,664,406,804,710
1687,0,382,445,542,713
1687,18,665,407,803,562
1688,2,663,406,804,710
1688,0,382,445,543,714
1688,18,665,407,803,556
1689,2,663,406,804,710
1689,0,382,445,543,714
1689,18,664,407,803,560
1690,2,663,406,804,710
1690,0,382,446,543,713
1690,18,664,407,803,563
1691,2,663,406,803,710
1691,0,382,446,543,714
1691,18,664,407,802,567
1692,0,382,446,543,714
1692,2,663,406,803,710
1692,18,664,407,802,567
1693,2,663,406,803,710
1693,0,381,446,543,714
1693,18,664,407,802,565
1694,0,381,446,543,714
1694,2,662,406,803,710
1694,18,664,407,802,562
1695,2,662,406,803,710
1695,0,381,447,543,714
1695,18,664,407,802,563
1696,2,663,406,803,710
1696,0,381,447,544,715
1696,18,664,407,802,560
1697,2,663,406,803,710
1697,0,381,447,545,715
1697,18,664,407,802,558
1698,2,662,406,803,710
1698,0,381,447,545,715
1698,18,664,407,802,556
1699,2,663,406,803,710
1699,0,381,447,545,715
1699,18,664,407,802,561
1700,0,381,447,545,715
1700,2,662,406,803,710
1700,18,663,407,802,559
1701,2,662,406,803,710
1701,0,381,447,544,716
1701,18,663,407,802,558
1702,2,662,406,803,710
1702,18,663,406,802,557
1702,0,381,447,544,716
1703,18,663,406,801,558
1703,2,661,406,803,711
1703,0,380,447,543,716
1704,2,661,406,803,711
1704,0,380,447,543,716
1704,18,663,407,801,559
1705,2,661,406,803,711
1705,0,380,447,542,717
1705,18,663,407,801,557
1706,2,661,406,803,711
1706,0,380,447,541,716
1706,18,663,407,801,560
1707,2,661,406,802,711
1707,0,381,447,540,716
1707,18,663,407,801,556
1708,2,661,406,802,711
1708,0,381,447,540,716
1708,18,663,407,801,556
1709,2,662,406,802,711
1709,0,381,447,540,716
1709,18,663,407,801,559
1710,2,662,406,802,711
1710,0,381,447,539,716
1710,18,663,407,801,557
1711,0,381,447,538,716
1711,2,661,406,802,711
1711,18,663,407,801,562
1712,2,661,406,802,711
1712,18,663,407,801,561
1712,0,381,447,540,716
1713,2,662,406,802,711
1713,0,381,447,540,716
1713,18,663,407,801,558
1714,2,661,406,802,711
1714,0,381,448,540,716
1714,18,662,407,801,557
1715,2,661,406,802,711
1715,0,381,448,540,716
1715,18,663,407,801,562
1716,2,661,406,802,711
1716,0,381,448,539,716
1716,18,662,407,801,559
1717,0,381,448,539,716
1717,2,661,406,802,711
1717,18,662,407,801,558
1718,2,661,406,802,711
1718,0,381,448,540,716
1718,18,662,407,801,549
1719,18,662,407,801,549
1719,2,660,406,802,711
1719,0,381,449,540,716
1720,2,660,406,802,711
1720,0,381,449,542,717
1720,18,662,407,800,548
1721,0,381,449,540,716
1721,2,661,407,801,711
1721,18,662,407,800,557
1722,0,380,449,539,716
1722,2,659,406,801,711
1722,18,662,407,800,552
1723,0,380,449,539,717
1723,2,661,408,801,711
1723,18,662,408,800,559
1724,2,661,408,801,711
1724,0,381,450,539,716
1724,18,662,408,800,564
1725,2,661,408,801,711
1725,0,381,450,538,717
1725,18,662,408,800,559
1726,0,381,450,537,717
1726,2,660,407,801,712
1726,18,662,408,800,554
1727,2,660,407,801,712
1727,0,381,451,537,717
1727,18,662,408,800,560
1728,2,660,407,801,712
1728,0,380,451,537,717
1728,18,662,408,800,554
1729,0,381,451,537,717
1729,2,659,407,801,712
1729,18,662,408,800,553
1730,2,660,407,801,712
1730,0,381,451,538,717
1730,18,662,408,800,556
1731,2,660,408,801,712
1731,0,381,451,538,717
1731,18,662,408,800,560
1732,0,381,451,538,717
1732,2,660,408,801,712
1732,18,662,409,800,556
1733,2,659,408,801,712
1733,18,662,409,800,557
1733,0,381,452,539,717
1734,2,660,408,801,712
1734,0,381,452,539,717
1734,18,662,409,800,558
1735,2,659,408,801,712
1735,0,382,452,539,716
1735,18,661,409,800,567
1736,2,659,409,801,712
1736,0,382,452,538,717
1736,18,661,409,800,555
1737,2,659,409,801,712
1737,18,662,409,800,556
1737,0,382,453,538,717
1738,0,383,452,538,717
1738,2,659,409,801,712
1738,18,662,410,800,558
1739,2,659,409,801,712
1739,0,382,452,538,718
1739,18,661,410,800,556
1740,2,659,409,801,712
1740,0,382,453,537,718
1740,18,661,409,800,555
1741,0,382,453,537,718
1741,2,659,409,801,712
1741,18,661,410,800,558
1742,0,382,453,537,718
1742,2,659,409,801,712
1742,18,661,410,800,562
1743,2,659,409,801,712
1743,18,661,409,800,562
1743,0,382,452,538,717
1744,0,383,452,538,717
1744,2,659,409,801,712
1744,18,661,409,800,562
1745,0,382,452,538,717
1745,2,659,409,800,712
1745,18,661,409,799,559
1746,2,659,408,800,712
1746,0,383,452,538,717
1746,18,661,409,799,557
1747,0,383,452,538,717
1747,18,661,409,799,557
1747,2,658,408,801,712
1748,2,658,409,801,712
1748,0,382,452,538,717
1748,18,661,409,799,561
1749,2,658,409,801,712
1749,0,382,452,538,717
1749,18,661,409,799,559
1750,2,658,408,801,712
1750,0,382,453,537,718
1750,18,661,409,799,556
1751,2,658,408,800,712
1751,0,382,452,538,717
1751,18,661,409,799,559
1752,2,658,408,800,712
1752,0,382,453,538,717
1752,18,661,409,799,556
1753,0,382,453,537,718
1753,2,659,408,799,712
1753,18,661,409,799,561
1754,2,659,408,800,712
1754,0,382,452,538,717
1754,18,661,409,799,555
1755,2,658,408,800,712
1755,0,383,452,538,718
1755,18,661,409,799,558
1756,0,382,452,538,718
1756,2,658,409,800,712
1756,18,661,409,799,563
1757,2,658,409,800,712
1757,0,382,452,538,718
1757,18,661,409,799,565
1758,0,382,452,538,718
1758,2,658,409,800,712
1758,18,661,409,799,559
1759,2,658,408,800,712
1759,18,661,409,799,560
1759,0,382,453,537,718
1760,2,658,408,800,712
1760,0,382,453,537,718
1760,18,661,409,799,558
1761,0,382,453,537,718
1761,2,658,408,800,712
1761,18,660,409,799,556
1762,0,382,452,537,718
1762,2,658,409,799,712
1762,18,660,409,799,563
1763,2,657,409,799,712
1763,0,382,452,538,717
1763,18,660,409,799,556
1764,2,657,409,800,712
1764,0,382,453,537,718
1764,18,660,409,799,561
1765,0,382,452,537,718
1765,2,658,409,800,712
1765,18,661,409,799,567
1766,0,382,452,537,718
1766,2,657,409,800,712
1766,18,661,409,799,563
1767,0,382,452,537,718
1767,2,658,409,800,712
1767,18,661,409,799,565
1768,2,658,409,800,711
1768,0,382,452,538,718
1768,18,661,409,799,563
1769,0,382,452,538,718
1769,2,658,409,800,711
1769,18,660,409,799,561
1770,0,382,451,537,718
1770,2,658,409,799,711
1770,18,660,409,799,565
1771,0,382,451,538,718
1771,2,658,409,799,711
1771,18,660,409,799,559
1772,0,382,451,538,718
1772,2,658,409,799,711
1772,18,660,409,799,561
1773,2,658,409,799,711
1773,0,382,451,538,718
1773,18,660,409,799,564
1774,0,382,451,537,718
1774,2,658,409,799,712
1774,18,660,409,799,563
1775,2,658,409,799,711
1775,0,382,451,537,718
1775,18,660,409,799,567
1776,2,658,409,799,711
1776,0,382,451,538,718
1776,18,660,409,799,565
1777,0,382,451,538,718
1777,2,657,409,799,711
1777,18,660,409,799,564
1778,2,657,409,799,711
1778,0,382,451,538,718
1778,18,660,409,799,562
1779,0,383,451,538,718
1779,2,658,409,799,711
1779,18,660,409,799,567
1780,2,658,409,799,711
1780,0,383,451,538,717
1780,18,660,409,799,567
1781,0,383,451,538,717
1781,2,658,409,799,711
1781,18,660,409,799,560
1782,2,658,409,799,711
1782,0,383,451,537,718
1782,18,661,409,799,567
1783,0,383,451,538,717
1783,18,660,409,799,567
1783,2,658,409,799,711
1784,0,383,452,538,718
1784,2,658,409,799,712
1784,18,661,409,799,567
1785,0,383,452,538,718
1785,2,658,409,799,711
1785,18,660,409,799,561
1786,2,657,409,799,711
1786,0,383,452,538,718
1786,18,660,409,799,556
1787,0,383,452,538,718
1787,18,660,409,799,556
1787,2,657,409,800,711
1788,2,657,409,799,711
1788,0,383,452,539,717
1788,18,660,409,799,553
1789,2,657,409,799,711
1789,18,660,409,799,553
1789,0,383,451,537,718
1790,0,383,451,538,717
1790,2,656,409,799,711
1790,18,660,409,799,553
1791,0,383,451,538,717
1791,2,657,409,799,711
1791,18,660,409,799,556
1792,0,383,451,538,717
1792,2,657,409,799,711
1792,18,660,409,799,554
1793,0,383,451,537,717
1793,2,657,409,798,711
1793,18,660,409,799,557
1794,2,656,409,798,711
1794,0,382,451,537,717
1794,18,660,409,798,560
1795,2,657,409,798,711
1795,0,383,452,537,717
1795,18,660,409,798,558
1796,0,382,451,537,717
1796,2,656,409,799,711
1796,18,660,409,799,559
1797,0,382,451,537,717
1797,18,660,409,798,559
1797,2,656,409,798,711
1798,0,382,451,537,717
1798,2,656,409,798,711
1798,18,660,409,799,562
1799,2,656,409,798,711
1799,0,382,451,538,717
1799,18,660,409,799,561
1800,2,656,409,798,711
1800,0,383,451,537,717
1800,18,660,409,798,558
1801,0,383,452,538,718
1801,2,656,409,799,711
1801,18,659,410,799,562
1802,2,657,409,799,711
1802,18,659,410,799,562
1802,0,383,452,537,718
1803,2,657,409,799,711
1803,0,383,451,538,718
1803,18,660,410,799,566
1804,0,383,451,537,718
1804,2,657,409,799,711
1804,18,659,409,799,562
1805,0,383,451,538,718
1805,2,657,409,799,710
1805,18,660,409,799,559
1806,2,657,409,799,710
1806,0,382,450,538,718
1806,18,659,409,799,560
1807,0,381,450,538,718
1807,2,657,409,799,711
1807,18,659,409,798,560
1808,0,381,450,538,718
1808,2,656,409,798,711
1808,18,659,409,798,563
1809,2,656,408,797,711
1809,0,380,450,538,717
1809,18,659,409,798,566
1810,0,381,450,538,717
1810,2,656,408,796,711
1810,18,659,409,797,565
1811,0,380,450,538,717
1811,2,656,408,796,711
1811,18,659,409,797,558
1812,0,380,450,538,717
1812,2,656,408,796,711
1812,18,659,409,797,560
1813,0,380,450,538,717
1813,2,656,408,796,711
1813,18,658,408,797,555
1814,0,380,450,538,717
1814,2,656,408,796,711
1814,18,658,408,796,556
1815,0,380,450,538,718
1815,2,655,408,796,711
1815,18,658,408,796,554
1816,2,655,408,796,711
1816,0,380,450,538,718
1816,18,658,408,797,555
1817,0,380,450,538,718
1817,18,658,408,796,555
1817,2,655,408,795,711
1818,0,379,450,538,717
1818,2,655,408,795,711
1818,18,658,408,796,569
1819,2,655,408,795,711
1819,0,379,450,537,718
1819,18,657,408,796,558
1820,2,655,408,795,711
1820,0,379,450,537,718
1820,18,657,408,796,561
1821,0,379,450,537,718
1821,2,655,408,795,711
1821,18,658,408,796,558
1822,0,379,450,537,718
1822,2,654,408,795,711
1822,18,658,408,796,557
1823,0,379,449,537,718
1823,2,654,408,795,711
1823,18,658,408,796,559
1824,2,654,408,795,711
1824,0,379,449,537,718
1824,18,657,408,796,557
1825,2,654,408,794,711
1825,0,379,449,537,718
1825,18,657,408,796,559
1826,0,379,448,537,718
1826,2,654,408,794,711
1826,18,657,408,796,558
1827,0,379,447,537,718
1827,2,654,407,794,711
1827,18,657,408,796,568
1828,2,654,407,794,711
1828,0,378,446,537,718
1828,18,657,408,795,558
1829,0,378,445,537,718
1829,2,654,407,794,711
1829,18,657,408,795,555
1830,0,378,445,537,718
1830,2,653,408,794,711
1830,18,657,408,795,556
1831,2,653,408,793,711
1831,0,378,444,536,718
1831,18,657,408,795,559
1832,2,654,407,793,711
1832,0,378,442,536,718
1832,18,657,408,795,556
1833,2,653,407,793,711
1833,0,378,441,535,718
1833,18,657,408,795,551
1834,2,654,407,793,711
1834,18,657,408,795,552
1834,0,377,439,536,718
1835,18,657,408,795,552
1835,2,654,407,793,711
1835,0,377,438,536,718
1836,0,377,436,536,718
1836,2,654,408,795,712
1836,18,656,408,795,557
1837,2,654,408,795,712
1837,0,376,436,535,718
1837,18,656,408,795,562
1838,0,375,435,535,718
1838,2,654,407,793,711
1838,18,656,408,795,555
1839,0,375,435,535,718
1839,18,656,408,794,553
1839,2,654,408,795,712
1840,2,653,408,794,713
1840,0,374,435,535,718
1840,18,656,408,794,554
1841,0,374,435,536,718
1841,2,653,407,793,711
1841,18,656,408,794,551
1842,0,374,435,535,718
1842,2,653,407,792,711
1842,18,656,408,794,554
1843,2,653,407,793,711
1843,18,656,408,794,556
1843,0,375,435,536,718
1844,2,653,407,793,711
1844,0,376,435,536,718
1844,18,656,408,794,554
1845,0,376,436,536,718
1845,2,653,408,794,712
1845,18,656,408,794,557
1846,0,377,436,536,718
1846,2,653,408,793,711
1846,18,656,408,795,563
1847,2,653,408,793,711
1847,0,377,436,536,718
1847,18,656,408,795,558
1848,2,653,408,793,711
1848,0,378,436,535,718
1848,18,656,408,794,557
1849,0,378,437,535,718
1849,2,653,408,794,712
1849,18,656,408,794,552
1850,18,656,408,794,553
1850,2,653,408,794,712
1850,0,378,438,535,718
1851,18,656,408,794,552
1851,0,377,439,535,718
1851,2,653,408,793,711
1852,2,653,408,793,711
1852,0,377,439,536,718
1852,18,656,408,794,554
1853,2,653,408,793,710
1853,0,378,440,536,718
1853,18,656,408,794,550
1854,0,378,440,536,718
1854,2,654,408,792,710
1854,18,656,408,794,556
1855,2,654,407,793,710
1855,0,378,441,537,718
1855,18,656,408,794,557
1856,2,654,407,793,710
1856,0,378,441,537,718
1856,18,657,408,794,560
1857,2,653,407,793,711
1857,18,657,408,795,561
1857,0,378,441,538,718
1858,2,653,407,793,710
1858,0,378,442,538,718
1858,18,656,408,795,564
1859,2,653,407,793,710
1859,0,378,442,537,718
1859,18,656,408,795,565
1860,2,653,407,793,710
1860,0,378,442,538,718
1860,18,657,407,795,562
1861,2,653,407,793,710
1861,0,377,443,538,717
1861,18,657,407,795,563
1862,0,377,443,538,717
1862,2,654,407,794,710
1862,18,657,407,795,565
1863,2,654,407,794,710
1863,0,377,443,538,718
1863,18,657,408,795,562
1864,2,654,407,794,710
1864,0,377,443,538,717
1864,18,657,407,795,564
1865,18,657,407,796,564
1865,0,377,443,538,717
1865,2,654,407,794,710
1866,0,378,442,539,717
1866,2,655,407,796,710
1866,18,657,406,796,567
1867,18,657,406,796,567
1867,0,378,441,538,717
1867,2,655,406,795,709
1868,0,378,441,538,717
1868,18,657,406,796,567
1868,2,655,406,795,708
1869,2,655,406,795,708
1869,18,657,406,796,568
1869,0,378,441,537,716
1870,2,655,406,795,708
1870,0,378,440,537,716
1870,18,657,406,796,567
1871,18,657,406,796,567
1871,2,655,406,795,708
1871,0,378,439,537,716
1872,2,656,406,795,708
1872,18,658,406,796,567
1872,0,378,439,537,716
1873,2,656,406,795,708
1873,18,658,406,796,567
1873,0,378,439,537,716
1874,2,656,406,795,707
1874,18,658,406,797,566
1874,0,378,438,537,715
1875,2,656,406,796,707
1875,18,658,406,797,566
1875,0,378,437,536,715
1876,18,658,406,797,566
1876,2,656,406,796,707
1876,0,379,436,537,714
1877,2,656,406,796,706
1877,0,379,435,536,714
1877,18,658,406,797,563
1878,2,657,406,796,706
1878,0,379,435,536,713
1878,18,658,406,797,564
1879,2,656,406,796,706
1879,0,379,434,536,713
1879,18,658,406,797,565
1880,2,656,406,796,706
1880,0,379,433,536,713
1880,18,658,407,797,565
1881,2,656,406,796,706
1881,0,379,432,536,713
1881,18,658,407,797,567
1882,2,656,407,796,706
1882,0,379,431,536,713
1882,18,658,407,797,568
1883,2,656,407,796,706
1883,18,659,407,797,568
1883,0,380,431,536,714
1884,2,656,407,796,706
1884,0,380,430,536,713
1884,18,659,408,797,567
1885,2,656,407,796,706
1885,0,380,430,536,713
1885,18,659,408,797,565
1886,0,380,429,537,713
1886,2,657,408,797,707
1886,18,658,408,797,562
1887,18,658,408,797,562
1887,0,380,428,537,713
1887,2,656,407,796,706
1888,2,656,408,796,706
1888,18,658,408,797,562
1888,0,379,428,537,713
1889,2,656,407,795,706
1889,0,380,427,537,713
1889,18,658,408,797,561
1890,2,656,407,795,706
1890,0,379,427,537,712
1890,18,658,408,796,562
1891,2,655,408,795,706
1891,18,658,408,796,562
1891,0,379,427,537,713
1891,21,379,427,534,555
1892,0,379,426,537,713
1892,21,379,427,534,555
1892,2,656,408,796,707
1893,0,379,426,537,713
1893,18,658,408,796,562
1893,21,379,427,534,555
1893,2,656,408,797,707
1894,0,379,426,537,713
1894,2,656,408,795,706
1894,18,658,408,796,564
1895,0,379,425,537,713
1895,2,656,409,797,707
1895,18,657,408,796,560
1896,0,380,425,537,713
1896,2,656,409,797,707
1897,2,656,409,797,707
1897,0,379,425,536,713
1898,2,656,409,797,707
1898,0,380,425,536,713
1898,18,658,408,797,566
1899,0,379,424,536,713
1899,2,657,409,797,707
1900,2,657,409,797,707
1900,0,380,424,537,713
1901,0,380,424,537,713
1901,2,656,408,796,706
1901,18,659,409,797,564
1902,0,380,425,537,711
1902,18,659,409,798,564
1902,2,656,409,797,707
1903,0,381,425,537,713
1903,2,656,409,797,706
1903,18,658,409,798,554
1904,0,381,425,537,712
1904,2,656,409,797,707
1904,18,659,409,798,558
1905,18,659,409,798,558
1905,2,657,409,797,706
1905,0,381,425,537,712
1906,0,381,425,537,712
1906,2,657,409,797,707
1906,18,659,409,798,559
1906,21,382,425,537,556
1907,0,381,425,537,712
1907,2,657,409,797,706
1907,18,660,409,798,559
1908,0,381,425,537,712
1908,2,658,409,798,706
1908,21,383,425,537,555
1908,18,660,409,798,557
1909,21,383,425,537,555
1909,2,658,409,798,706
1909,0,382,424,537,712
1909,18,660,409,798,558
1910,0,382,424,537,712
1910,2,658,408,798,706
1910,21,383,425,537,554
1910,18,660,409,798,557
1911,2,659,408,798,706
1911,0,382,424,537,712
1911,21,383,425,537,555
1911,18,660,409,798,559
1912,0,382,424,537,712
1912,2,659,408,798,706
1912,21,383,425,537,554
1912,18,660,409,798,558
1913,2,659,409,798,706
1913,0,383,424,537,712
1913,18,660,409,798,560
1914,0,383,425,537,712
1914,2,659,409,798,707
1914,18,661,409,798,565
1915,0,383,425,537,713
1915,2,659,409,798,707
1915,18,661,410,798,567
1916,0,383,425,537,713
1916,2,659,410,798,707
1916,18,661,410,798,568
1917,2,659,410,798,707
1917,0,382,425,537,713
1917,18,661,410,798,568
1918,2,659,410,798,708
1918,0,382,425,537,713
1918,18,661,410,798,568
1919,2,659,410,798,708
1919,0,382,425,537,713
1919,18,661,410,798,568
1920,18,661,410,798,568
1920,2,659,410,798,708
1920,0,382,426,537,714
1921,0,381,425,537,714
1921,18,661,410,798,567
1921,2,660,411,798,707
1922,18,661,410,798,566
1922,0,381,425,538,714
1922,2,659,410,798,708
1923,2,659,410,798,708
1923,0,381,426,538,714
1923,18,661,410,798,567
1924,2,659,410,798,707
1924,18,661,410,798,567
1924,0,381,425,537,714
1925,2,659,410,798,707
1925,18,661,410,798,567
1925,0,380,426,538,714
1926,2,659,410,798,707
1926,18,661,410,798,566
1926,0,379,426,537,714
1927,2,659,410,798,707
1927,0,379,426,537,714
1927,18,661,410,798,567
1928,2,659,410,798,707
1928,18,661,410,798,567
1928,0,378,426,537,713
1929,2,659,410,798,707
1929,0,378,427,537,714
1929,18,661,410,798,566
1930,2,659,410,798,707
1930,0,378,427,537,714
1930,18,660,410,798,566
1931,0,377,427,537,714
1931,2,659,409,798,707
1931,18,660,410,798,567
1932,2,659,409,798,707
1932,0,377,427,537,713
1932,18,660,410,798,563
1933,2,659,409,798,707
1933,0,377,427,536,713
1933,18,660,409,798,564
1934,2,659,409,798,707
1934,0,376,427,536,713
1934,18,660,409,798,563
1935,0,376,427,537,713
1935,2,658,409,798,707
1935,18,660,409,798,565
1936,0,376,427,537,713
1936,2,658,409,798,707
1936,18,660,409,798,555
1937,2,658,409,798,707
1937,0,376,427,537,713
1937,18,660,409,798,551
1938,2,658,409,797,707
1938,0,376,427,537,713
1938,18,660,409,798,552
1939,2,658,408,797,707
1939,0,376,427,537,713
1939,18,659,409,798,551
1940,2,657,408,797,706
1940,18,659,409,798,551
1940,0,376,427,536,713
1941,0,376,427,536,713
1941,2,657,408,797,706
1941,18,659,409,798,549
1942,2,657,408,797,706
1942,0,376,427,536,713
1942,18,658,409,797,548
1943,0,377,427,536,712
1943,2,657,408,797,706
1943,18,659,409,798,550
1944,2,657,408,797,706
1944,0,377,427,536,712
1944,18,659,409,797,549
1945,0,377,427,536,712
1945,2,657,408,797,706
1945,18,658,409,797,548
1946,0,377,427,536,712
1946,2,657,408,797,706
1946,18,658,409,797,549
1947,0,377,427,536,712
1947,2,657,408,796,706
1947,18,658,409,797,550
1948,0,377,427,536,712
1948,2,657,408,796,706
1948,18,659,409,797,555
1949,0,377,427,536,712
1949,2,657,408,796,707
1949,18,659,409,797,558
1950,2,657,408,796,707
1950,0,378,427,536,712
1950,18,659,409,797,560
1951,18,659,409,797,560
1951,0,378,427,536,712
1951,2,656,408,796,707
1952,0,378,427,536,714
1952,2,657,408,794,706
1952,18,660,409,796,566
1953,0,378,428,536,714
1953,2,657,408,795,706
1953,18,659,409,797,567
1954,0,378,428,536,714
1954,2,657,408,795,706
1954,18,659,409,797,567
1955,0,377,428,537,714
1955,18,659,409,797,567
1955,2,657,408,795,706
1956,2,657,408,795,706
1956,0,377,428,536,714
1956,18,659,409,797,566
1957,2,657,408,795,706
1957,18,659,408,797,566
1957,0,378,428,536,712
1958,2,657,408,795,706
1958,0,378,428,536,712
1958,18,659,408,797,565
1959,2,657,408,795,706
1959,18,659,408,797,565
1959,0,378,428,535,711
1960,2,657,408,795,706
1960,0,378,428,535,711
1960,18,659,408,797,565
1961,2,657,408,795,706
1961,0,378,428,535,712
1961,18,659,408,797,566
1962,18,659,408,797,566
1962,2,657,408,795,706
1962,0,379,427,535,712
1963,18,659,408,797,566
1963,2,657,408,795,706
1963,0,379,427,534,712
1964,0,379,427,533,712
1964,18,659,408,797,563
1964,2,657,409,797,707
1965,2,657,408,797,707
1965,0,379,427,532,712
1965,18,659,408,797,563
1966,2,657,408,797,707
1966,0,379,426,532,712
1966,18,659,408,797,561
1967,2,657,408,797,707
1967,0,379,426,532,712
1968,2,657,408,796,707
1968,0,379,425,532,712
1968,18,658,408,796,563
1969,2,657,408,796,707
1969,18,658,408,796,562
1969,0,379,425,530,712
1970,2,657,408,796,707
1970,0,379,424,529,712
1970,18,658,408,796,564
1971,18,658,408,796,565
1971,0,379,423,528,712
1971,2,656,407,795,706
1972,0,379,422,528,712
1972,18,658,407,796,562
1972,2,656,408,796,707
1973,2,656,408,796,707
1973,0,378,420,528,712
1973,18,658,408,796,560
1974,0,378,419,528,712
1974,18,658,408,796,563
1974,2,656,407,795,705
1975,0,378,417,528,712
1975,2,656,408,796,707
1976,2,657,408,796,706
1976,0,378,416,529,712
1977,2,657,408,796,706
1977,0,378,415,529,712
1978,0,378,414,529,712
1978,18,658,407,796,561
1978,2,657,407,795,705
1979,0,379,413,528,712
1979,2,657,408,796,706
1980,2,657,407,796,706
1980,0,379,413,528,712
1981,2,657,407,796,706
1981,0,379,412,528,712
1982,0,379,412,529,712
1982,18,658,407,796,559
1982,2,657,407,795,705
1983,2,657,407,795,705
1983,0,380,411,529,712
1984,0,380,411,529,712
1984,2,657,406,795,705
1985,0,380,411,529,712
1985,2,657,407,796,705
1985,18,659,407,797,565
1986,2,657,406,796,705
1986,0,381,411,529,712
1986,18,659,407,797,565
1987,2,657,406,796,705
1987,0,380,411,529,711
1988,0,381,411,530,711
1988,2,657,406,797,705
1988,18,659,407,798,565
1989,2,657,407,797,705
1989,0,381,411,530,711
1989,18,659,407,798,565
1990,0,381,411,530,711
1990,2,657,407,797,705
1990,18,659,407,798,564
1991,0,381,411,530,711
1991,2,657,407,798,705
1991,18,660,407,798,563
1992,2,657,407,798,705
1992,18,660,407,798,563
1992,0,381,411,530,711
1993,2,657,407,798,705
1993,0,382,411,531,711
1993,18,659,407,798,563
1994,0,382,411,530,711
1994,2,658,407,798,706
1994,18,660,408,798,563
1995,0,382,411,530,710
1995,2,658,407,798,705
1995,18,660,408,798,563
1996,2,658,407,798,705
1996,0,382,411,530,710
1996,18,660,408,798,563
1997,0,382,411,530,710
1997,2,658,408,798,705
1997,18,660,408,798,561
1998,0,382,411,531,710
1998,2,658,408,799,705
1998,18,660,408,798,560
1999,2,658,408,799,706
1999,0,382,411,532,709
1999,18,661,408,799,564
2000,0,382,411,532,709
2000,2,659,408,799,705
2001,0,382,411,532,709
2001,2,659,408,799,705
2002,2,659,408,799,705
2002,0,382,411,532,709
2003,2,659,408,800,705
2003,0,382,411,533,709
2004,0,383,411,533,709
2004,2,660,408,800,704
2005,2,659,408,800,704
2005,0,382,412,533,709
2006,2,659,409,800,704
2006,0,382,412,532,709
2006,22,383,411,531,563
2007,0,382,412,533,709
2007,2,659,409,800,705
2008,2,659,409,800,705
2008,0,382,412,533,709
2008,18,661,409,799,561
2009,2,659,408,800,704
2009,0,382,412,533,709
2010,0,382,412,533,709
2010,2,659,409,800,704
2011,0,382,412,533,709
2011,2,659,409,800,704
2011,18,662,409,799,560
2012,2,660,409,800,704
2012,0,382,412,533,709
2012,18,662,409,799,561
2013,2,660,409,800,704
2013,0,382,412,533,709
2013,18,662,409,799,560
2014,18,662,409,799,560
2014,2,660,409,800,705
2014,0,381,412,533,709
2015,0,381,412,533,709
2015,2,659,409,800,705
2015,18,662,409,799,561
2016,2,660,409,800,705
2016,0,380,412,533,709
2016,18,662,409,799,559
2017,2,660,408,800,704
2017,0,380,412,533,709
2018,2,660,408,800,704
2018,0,379,413,533,709
2019,0,379,412,533,709
2019,2,660,408,800,704
2020,2,660,408,800,704
2020,0,379,413,533,709
2020,18,661,409,799,553
2021,0,379,413,533,709
2021,2,660,408,800,704
2022,0,379,413,533,709
2022,2,660,408,800,704
2022,18,661,409,799,555
2023,0,379,413,533,709
2023,2,660,408,800,704
2023,18,662,409,799,560
2024,0,379,413,533,709
2024,18,662,409,799,561
2024,2,659,408,800,705
2025,2,659,408,800,705
2025,0,379,413,533,709
2025,18,661,409,799,560
2026,2,660,408,800,705
2026,0,379,413,533,709
2026,18,661,409,799,559
2027,2,660,408,800,705
2027,0,379,412,533,709
2027,18,661,409,799,561
2028,2,660,408,800,704
2028,18,662,409,799,562
2028,0,378,412,533,709
2029,18,661,409,799,562
2029,2,659,408,800,704
2029,0,376,412,533,709
2030,2,660,408,800,704
2030,18,662,409,799,562
2030,0,374,412,534,709
2031,2,660,408,800,704
2031,18,662,409,799,562
2031,0,373,412,533,709
2032,18,662,408,799,562
2032,2,660,408,799,704
2032,0,371,412,533,709
2033,0,371,412,533,709
2033,2,660,408,800,704
2033,18,661,408,799,561
2034,18,662,408,799,561
2034,2,660,408,799,703
2034,0,371,412,533,709
2035,2,660,408,800,704
2035,0,372,412,533,709
2035,18,662,408,799,562
2036,18,662,408,799,562
2036,2,660,408,800,704
2036,0,372,412,533,709
2037,18,662,408,799,562
2037,2,660,408,800,704
2037,0,373,412,533,709
2038,2,660,408,800,703
2038,0,374,412,533,709
2038,18,662,408,799,561
2039,2,660,408,800,704
2039,0,374,412,533,708
2039,18,662,408,799,562
2040,2,660,407,800,704
2040,18,662,408,799,561
2040,0,375,412,534,708
2041,2,660,408,801,704
2041,18,662,408,800,562
2041,0,376,412,533,709
2042,2,660,407,800,703
2042,0,376,412,535,708
2042,18,662,408,799,559
2043,2,660,407,801,703
2043,0,377,412,535,708
2043,18,662,408,800,558
2044,2,660,407,801,703
2044,0,378,412,535,708
2044,18,662,408,800,556
2045,2,660,407,801,703
2045,0,378,412,536,708
2045,18,662,408,800,557
2046,2,660,407,801,703
2046,0,379,412,535,709
2046,18,662,408,800,559
2047,2,660,407,802,703
2047,18,662,408,800,558
2047,0,380,412,534,709
2048,2,661,407,802,703
2048,18,663,408,800,557
2048,0,380,412,535,709
2049,2,661,407,802,703
2049,0,381,412,535,709
2049,18,663,408,800,558
2050,2,661,407,802,703
2050,0,382,412,535,709
2050,18,663,408,800,558
2051,2,661,408,802,703
2051,0,382,412,535,709
2051,18,663,409,801,558
2052,2,661,408,802,703
2052,18,663,409,801,558
2052,0,382,412,535,708
2053,2,661,408,802,703
2053,18,663,409,801,558
2053,0,382,412,536,708
2054,0,382,413,536,708
2054,2,661,408,802,703
2054,18,663,409,801,558
2055,2,661,408,802,703
2055,0,382,412,535,708
2055,18,663,409,801,556
2056,2,661,408,802,703
2056,0,383,412,535,708
2056,18,663,409,801,560
2057,2,662,408,802,703
2057,0,383,412,535,708
2057,18,663,409,801,558
2058,0,383,412,535,708
2058,2,662,409,802,703
2059,2,662,409,803,703
2059,0,383,412,535,708
2060,2,662,409,803,703
2060,0,383,413,536,708
2060,18,664,410,800,553
2061,0,384,413,537,708
2061,2,663,409,803,704
2062,0,384,413,537,708
2062,2,664,410,803,704
2062,18,665,411,801,554
2063,0,384,413,536,708
2063,2,664,410,804,704
2064,0,384,413,536,708
2064,2,664,411,804,704
2064,18,665,411,802,557
2065,0,385,413,537,708
2065,2,665,411,804,704
2065,18,666,412,802,557
2066,0,385,413,537,708
2066,2,665,411,804,704
2067,2,665,411,804,704
2067,0,385,413,537,708
2068,2,665,411,804,704
2068,0,385,413,537,707
2069,2,665,412,804,704
2069,0,386,412,538,709
2070,0,386,412,538,709
2070,2,665,412,805,704
2071,2,665,412,805,704
2071,0,386,413,538,707
2072,0,386,413,538,706
2072,2,666,412,806,704
2073,2,666,412,806,704
2073,0,387,413,538,706
2074,2,666,412,806,704
2074,0,387,413,538,706
2075,2,666,412,806,704
2075,0,387,413,538,706
2076,2,666,412,806,704
2076,0,387,413,538,705
2077,2,666,412,806,704
2077,0,387,413,539,705
2078,2,666,412,806,704
2078,0,387,413,538,705
2079,2,666,412,806,704
2079,0,387,413,539,705
2080,0,387,413,539,705
2080,2,666,412,806,704
2081,0,387,413,539,704
2081,2,666,412,807,703
2082,0,387,413,539,704
2082,2,666,411,807,703
2083,2,666,411,807,703
2083,0,387,413,539,704
2084,0,386,413,539,704
2084,2,666,411,807,703
2085,0,386,413,539,704
2085,2,666,411,807,703
2086,2,666,411,807,703
2086,0,387,413,539,704
2087,2,666,411,807,703
2087,0,387,413,539,704
2088,2,666,412,807,703
2088,0,387,414,539,704
2089,0,387,414,538,704
2089,2,667,413,807,704
2090,0,387,415,538,704
2090,2,667,413,807,704
2091,2,667,413,807,705
2091,0,388,414,539,704
2092,2,667,414,807,705
2092,0,388,414,539,704
2093,0,388,414,539,705
2093,2,667,414,807,705
2094,2,667,414,807,704
2094,0,388,414,539,705
2095,2,667,414,807,704
2095,0,387,415,539,705
2096,0,387,415,539,705
2096,2,667,414,807,704
2097,0,388,415,539,705
2097,2,667,414,807,704
2098,2,667,414,807,704
2098,0,388,415,539,705
2099,2,667,414,808,704
2099,0,388,416,539,705
2099,23,668,415,805,557
2100,2,667,414,808,704
2100,0,388,416,540,705
2101,2,669,414,808,704
2101,0,390,416,540,706
2102,2,669,414,808,705
2102,0,390,416,539,706
2103,2,669,414,808,705
2103,0,390,416,539,706
2103,23,670,415,806,560
2104,2,669,414,808,705
2104,0,390,417,539,705
2105,2,669,414,808,705
2105,0,390,417,539,705
2105,23,670,414,806,561
2106,23,670,415,806,561
2106,2,668,414,809,705
2106,0,390,417,539,706
2107,2,668,414,809,705
2107,23,670,415,806,562
2107,0,390,418,537,706
2108,2,668,414,808,705
2108,0,390,419,537,707
2109,23,670,415,806,562
2109,2,668,414,808,705
2109,0,390,419,536,707
2110,2,668,414,808,705
2110,0,390,420,534,707
2111,2,669,414,808,705
2111,0,391,420,533,707
2112,2,669,414,809,705
2112,0,390,421,532,708
2113,23,670,415,806,562
2113,2,668,414,808,706
2113,0,390,422,530,709
2114,2,668,415,808,706
2114,0,388,422,529,710
2115,2,668,415,808,706
2115,23,670,415,806,562
2115,0,387,423,529,710
2116,2,668,415,808,706
2116,23,670,416,806,562
2116,0,386,423,529,711
2117,2,668,415,808,706
2117,23,669,416,806,563
2117,0,383,424,529,711
2118,2,668,415,808,707
2118,23,669,416,806,562
2118,0,380,425,529,711
2119,2,668,415,808,707
2119,23,669,416,806,563
2119,0,377,426,529,711
2120,23,669,415,806,563
2120,2,667,414,808,706
2120,0,374,426,529,712
2121,2,667,414,808,707
2121,23,669,415,806,563
2121,0,371,427,528,712
2122,2,668,414,808,706
2122,23,669,414,806,562
2122,0,369,427,528,712
2123,2,668,414,808,707
2123,23,670,415,806,562
2123,0,368,427,528,712
2123,24,368,428,525,592
2124,2,667,414,807,707
2124,0,367,428,529,713
2124,23,669,415,806,561
2124,24,366,428,525,593
2125,2,667,414,808,707
2125,0,367,428,529,712
2125,23,669,415,806,562
2125,24,367,429,525,592
2126,23,669,415,806,562
2126,2,667,414,807,707
2126,0,369,429,529,713
2126,24,369,430,524,594
2127,2,667,414,808,707
2127,23,669,415,806,561
2127,0,371,430,529,713
2127,24,371,431,524,594
2128,2,667,414,808,707
2128,23,669,415,806,562
2128,24,374,431,523,594
2128,0,373,431,529,716
2129,2,667,414,808,707
2129,23,669,415,806,562
2129,24,376,432,523,595
2129,0,376,432,530,716
2130,23,669,415,806,562
2130,2,667,414,807,707
2130,24,378,432,523,594
2130,0,378,432,530,715
2131,2,667,414,807,707
2131,23,669,415,806,563
2131,0,382,434,531,715
2132,2,666,414,807,707
2132,23,669,414,806,563
2132,0,386,434,533,712
2132,24,386,435,521,596
2133,23,669,414,806,563
2133,2,666,414,807,707
2133,24,390,436,521,595
2133,0,390,436,532,712
2134,2,666,414,807,707
2134,23,668,415,806,562
2134,0,394,437,530,712
2135,2,666,414,807,707
2135,23,669,414,805,564
2135,0,397,439,530,714
2136,2,666,414,807,707
2136,23,668,414,805,565
2136,0,398,441,532,714
2137,23,668,414,805,565
2137,2,665,414,807,707
2137,0,399,443,532,713
2138,2,665,414,807,707
2138,23,668,414,805,566
2138,0,397,443,534,713
2139,23,668,414,805,566
2139,2,665,414,807,707
2139,0,397,445,533,712
2140,2,665,414,807,707
2140,23,668,414,805,566
2140,0,396,445,532,712
2141,2,665,413,807,707
2141,23,668,413,805,567
2141,0,394,447,533,712
2142,2,665,413,807,707
2142,23,668,414,805,566
2142,0,394,450,533,712
2143,2,666,414,807,707
2143,0,394,449,532,712
2143,23,668,414,805,567
2144,2,665,414,807,707
2144,23,668,414,805,567
2144,0,394,451,531,713
2145,2,665,414,807,707
2145,23,668,414,805,567
2145,0,394,452,529,713
2146,2,665,414,807,707
2146,23,667,414,805,567
2146,0,394,453,528,713
2147,2,665,414,807,707
2147,23,667,414,805,567
2147,0,394,453,530,713
2148,2,665,413,806,707
2148,23,667,414,804,566
2148,0,394,454,527,712
2149,2,665,414,806,707
2149,23,667,414,804,567
2149,0,394,454,529,712
2150,2,665,414,806,708
2150,23,667,414,804,566
2150,0,394,454,528,712
2151,2,665,413,806,707
2151,0,394,455,528,712
2151,23,667,414,804,563
2152,2,665,413,806,708
2152,0,394,455,528,712
2152,23,667,414,804,564
2153,2,665,413,806,708
2153,23,667,414,804,565
2153,0,393,456,526,712
2154,2,665,413,806,708
2154,23,667,414,804,566
2154,0,394,456,525,713
2155,2,665,413,806,707
2155,23,667,414,804,567
2155,0,394,457,525,713
2156,2,665,413,806,707
2156,23,667,414,804,566
2156,0,393,457,524,713
2157,2,664,413,806,708
2157,23,667,413,804,566
2157,0,393,458,526,713
2158,0,393,458,526,713
2158,2,664,413,805,708
2158,23,667,413,804,563
2159,2,664,413,805,708
2159,23,666,413,803,563
2159,0,393,459,529,713
2160,2,664,413,805,708
2160,0,393,459,529,713
2160,23,666,413,803,563
2161,2,664,412,805,707
2161,0,393,459,529,714
2161,23,666,412,803,565
2162,2,664,412,805,708
2162,23,666,412,803,565
2162,0,393,459,532,714
2163,2,664,412,805,708
2163,23,667,412,803,565
2163,0,393,459,535,714
2164,2,664,412,805,708
2164,23,667,412,803,566
2164,0,393,459,533,715
2165,2,664,412,805,708
2165,23,667,412,803,566
2165,0,394,459,528,715
2166,2,664,412,805,708
2166,23,667,412,803,566
2166,0,394,460,529,715
2167,2,664,412,804,708
2167,23,667,412,803,566
2167,0,398,460,528,715
2168,2,664,412,804,708
2168,23,667,412,803,567
2168,0,399,460,525,715
2169,2,664,412,804,708
2169,23,666,412,802,567
2169,0,398,460,524,715
2170,2,664,412,803,708
2170,23,666,412,802,568
2170,0,397,460,523,714
2171,2,663,412,803,708
2171,23,665,412,802,567
2171,0,396,460,522,714
2172,2,663,412,803,708
2172,23,666,412,802,568
2172,0,394,460,523,714
2173,2,663,412,803,708
2173,23,665,412,802,568
2173,0,392,461,522,714
2174,23,665,412,802,568
2174,2,662,412,803,708
2174,0,387,461,523,714
2175,2,662,412,802,708
2175,23,665,412,801,568
2175,0,383,461,526,715
2176,2,661,412,802,708
2176,23,664,412,801,568
2176,0,380,461,526,714
2177,2,661,412,802,708
2177,23,664,412,801,568
2177,0,378,460,525,714
2178,2,661,412,802,708
2178,23,664,412,801,568
2178,0,377,461,524,714
2179,2,660,412,802,708
2179,23,664,411,800,568
2179,0,378,461,522,714
2180,2,660,412,801,708
2180,23,663,411,800,568
2180,0,382,461,520,714
2181,2,659,412,801,708
2181,23,663,411,800,567
2181,0,384,461,520,714
2182,2,659,411,801,708
2182,23,662,411,800,567
2182,0,384,461,518,714
2183,23,662,411,800,567
2183,2,659,411,801,708
2183,0,383,462,519,714
2184,23,662,411,800,567
2184,2,659,411,801,708
2184,0,383,462,519,714
2185,2,659,411,801,708
2185,23,662,411,800,567
2185,0,382,463,519,715
2186,2,659,412,801,708
2186,0,383,463,519,715
2186,23,662,411,799,566
2187,23,662,411,799,567
2187,2,658,411,800,708
2187,0,383,463,519,715
2188,2,658,411,800,708
2188,23,662,411,799,566
2188,0,382,463,522,715
2189,23,662,412,799,566
2189,2,658,412,800,708
2189,0,381,463,523,715
2190,2,659,412,799,707
2190,23,662,412,799,568
2190,0,381,464,521,715
2191,23,661,412,799,568
2191,2,658,412,799,708
2191,0,380,464,519,715
2192,2,657,412,799,708
2192,0,380,464,518,715
2192,23,661,412,799,567
2193,23,661,412,799,568
2193,2,658,412,798,708
2193,0,379,464,516,714
2194,23,661,412,799,568
2194,0,379,465,515,714
2194,2,658,413,798,707
2195,2,658,413,798,707
2195,23,661,413,798,569
2195,0,378,464,515,714
2196,2,658,414,798,707
2196,0,378,465,515,715
2196,23,660,413,798,569
2197,2,658,415,798,708
2197,0,378,465,515,715
2197,23,660,414,799,568
2198,2,658,415,798,708
2198,23,660,414,799,569
2198,0,377,465,515,715
2199,2,658,415,798,708
2199,23,661,415,799,568
2199,0,377,464,514,715
2200,0,376,464,514,715
2200,2,658,416,797,708
2200,23,660,415,799,567
2201,0,376,464,514,715
2201,23,660,415,799,567
2201,2,657,415,798,708
2202,0,376,464,514,715
2202,2,657,415,797,708
2202,23,660,415,799,568
2203,2,657,416,797,708
2203,0,376,464,514,714
2203,23,660,416,798,567
2204,23,660,416,798,567
2204,2,657,416,797,708
2204,0,377,463,513,714
2205,23,660,416,798,567
2205,0,377,464,513,714
2205,2,656,416,796,708
2206,2,656,416,796,708
2206,23,660,416,798,567
2206,0,376,464,513,714
2207,2,656,416,796,708
2207,23,660,416,798,567
2207,0,376,464,513,714
2208,2,657,417,796,708
2208,23,660,417,798,568
2208,0,377,464,513,718
2209,2,657,418,796,708
2209,23,660,417,798,567
2209,0,376,464,513,715
2210,23,660,417,798,567
2210,2,656,418,796,708
2210,0,377,464,513,720
2211,2,656,418,796,708
2211,23,660,418,798,567
2211,0,377,464,513,717
2212,0,377,464,513,717
2212,2,657,418,796,708
2212,23,660,418,798,567
2213,23,660,419,798,567
2213,2,658,419,796,708
2213,0,377,464,513,720
2214,2,658,420,796,708
2214,23,660,420,798,568
2214,0,378,463,513,717
2215,0,378,463,513,718
2215,2,658,421,797,708
2215,23,660,421,798,567
2216,0,378,463,512,717
2216,2,657,421,796,708
2216,23,660,421,798,567
2217,0,378,463,512,717
2217,2,657,422,797,708
2217,23,660,423,798,567
2218,0,378,462,512,718
2218,2,657,423,796,708
2218,23,660,424,798,567
2219,0,378,462,512,718
2219,2,656,423,796,708
2219,23,659,424,798,566
2220,0,378,463,512,718
2220,2,655,424,796,708
2220,23,658,425,798,566
2221,0,379,462,512,718
2221,2,654,424,796,708
2221,23,656,426,798,566
2222,0,379,462,512,718
2222,2,653,425,796,708
2222,23,654,426,798,566
2223,0,379,462,512,718
2223,2,653,425,797,708
2223,23,654,426,798,565
2224,0,379,462,512,719
2224,2,653,425,797,708
2224,23,654,427,798,566
2225,0,379,462,512,719
2225,2,653,426,797,708
2225,23,654,427,799,566
2226,2,653,426,797,708
2226,0,379,462,512,718
2226,23,654,427,799,565
2227,2,653,426,797,708
2227,0,379,461,512,719
2228,2,653,426,797,708
2228,0,379,461,512,719
2229,2,653,426,797,708
2229,0,379,461,513,719
2230,2,653,426,797,708
2230,0,379,461,513,718
2231,0,379,461,513,718
2231,2,652,426,797,709
2232,0,379,461,513,718
2232,2,653,426,797,708
2233,2,653,426,797,708
2233,0,379,461,513,718
2234,2,653,427,798,709
2234,0,379,461,513,718
2235,0,379,461,513,718
2235,2,653,427,797,709
2236,2,653,427,798,709
2236,0,379,462,514,718
2237,2,653,427,798,709
2237,0,379,461,513,718
2237,23,655,428,799,566
2238,2,653,427,798,709
2238,0,379,462,514,718
2239,0,379,462,514,718
2239,2,653,427,798,709
2240,2,653,427,798,709
2240,0,379,461,514,718
2241,2,653,427,798,709
2241,0,379,461,514,718
2241,23,655,428,799,566
2242,2,653,427,798,709
2242,23,655,429,799,567
2242,0,379,461,514,719
2243,2,653,427,797,709
2243,23,655,429,799,567
2243,0,379,461,514,719
2244,2,653,427,797,709
2244,0,378,461,514,718
2244,23,654,428,798,568
2245,2,653,427,797,709
2245,23,655,428,798,568
2245,0,379,460,513,718
2246,2,653,427,797,709
2246,0,379,460,513,719
2246,23,655,428,798,569
2247,2,653,427,797,709
2247,0,378,461,513,719
2247,23,655,428,798,568
2248,2,653,426,798,709
2248,0,378,460,513,719
2248,23,655,428,798,568
2249,23,655,428,798,567
2249,2,653,426,798,709
2249,0,378,460,513,719
2250,2,653,426,798,709
2250,0,379,461,513,719
2250,23,655,428,798,567
2251,23,655,428,798,567
2251,2,653,426,797,710
2251,0,378,461,513,719
2252,0,379,462,513,719
2252,2,654,426,797,710
2252,23,655,428,798,568
2253,2,654,426,797,710
2253,23,656,428,798,568
2253,0,379,462,513,719
2254,0,379,462,513,719
2254,2,654,426,797,710
2254,23,656,428,798,569
2255,2,654,426,797,710
2255,23,656,428,798,569
2255,0,378,462,513,719
2256,2,654,426,797,710
2256,0,378,462,513,718
2256,23,656,428,798,567
2257,2,654,427,797,710
2257,0,378,463,513,718
2257,23,656,428,798,565
2258,2,654,427,797,710
2258,0,378,463,513,718
2258,23,656,428,798,568
2259,2,654,427,797,710
2259,0,378,463,514,718
2259,23,656,428,798,567
2260,0,379,464,513,718
2260,2,655,427,798,710
2260,23,657,429,798,567
2261,0,379,463,514,719
2261,2,656,427,798,710
2261,23,659,429,799,567
2262,0,379,464,514,719
2262,2,656,428,798,710
2262,23,659,430,799,568
2263,0,379,464,514,719
2263,2,656,428,798,710
2263,23,658,430,799,568
2264,0,379,464,514,719
2264,2,655,429,798,710
2264,23,657,430,799,569
2265,0,379,463,514,719
2265,2,654,429,799,710
2265,23,657,430,800,568
2266,2,654,429,800,710
2266,0,380,463,514,718
2266,23,657,430,800,565
2267,0,380,463,514,718
2267,2,654,429,802,710
2267,23,657,430,802,563
2268,0,380,464,514,718
2268,2,655,429,803,710
2268,23,657,430,803,564
2269,0,380,464,514,718
2269,2,655,428,803,710
2269,23,658,430,803,564
2270,0,380,464,514,718
2270,2,655,428,805,710
2271,0,380,464,514,718
2271,2,655,428,806,710
2272,0,380,464,515,718
2272,2,656,427,806,710
2273,0,380,465,515,718
2273,2,656,426,810,710
2274,0,380,465,515,718
2274,2,657,427,811,710
2275,0,381,466,515,718
2275,2,657,427,813,710
2276,0,381,466,515,718
2276,2,657,427,815,710
2276,23,660,428,815,569
2277,0,381,466,515,718
2277,23,660,428,817,569
2277,2,657,427,817,710
2278,0,381,466,515,718
2278,23,660,428,819,569
2278,2,657,427,819,710
2279,0,381,466,515,718
2279,2,658,427,820,710
2279,23,660,428,820,569
2280,0,381,466,515,718
2280,2,658,427,820,711
2281,0,381,466,516,717
2281,2,658,428,821,710
2282,2,658,428,821,710
2282,0,382,466,515,718
2283,0,382,466,516,718
2283,2,658,429,822,710
2284,0,382,466,515,718
2284,2,658,429,822,710
2285,0,382,466,515,718
2285,2,658,430,823,710
2286,2,658,431,823,710
2286,0,382,466,516,718
2287,0,382,466,516,718
2287,2,659,431,823,710
2288,0,383,466,515,718
2288,2,658,431,823,710
2289,2,658,432,823,710
2289,0,383,466,516,718
2290,2,658,432,823,710
2290,0,383,466,516,718
2291,0,383,465,516,718
2291,2,658,432,823,710
2292,0,383,465,516,718
2292,2,657,432,823,710
2293,0,383,465,516,718
2293,2,657,432,823,709
2294,2,657,432,823,709
2294,0,383,465,516,717
2295,2,657,433,823,709
2295,0,384,465,516,717
2296,2,657,433,823,709
2296,0,384,465,516,717
2297,2,657,433,823,709
2297,0,384,465,516,717
2298,2,658,432,823,709
2298,0,384,466,516,717
2299,2,658,432,823,709
2299,0,383,465,516,717
2300,2,658,432,823,709
2300,0,384,466,516,717
2300,25,660,433,824,561
2301,0,384,465,516,717
2301,2,658,432,823,709
2302,0,384,465,516,717
2302,2,658,432,823,709
2303,2,658,431,824,709
2303,0,384,465,516,717
2304,2,658,431,824,709
2304,0,384,465,516,717
2304,25,660,433,824,561
2305,2,658,431,824,709
2305,0,383,464,516,717
2306,2,658,431,824,709
2306,0,384,464,516,717
2307,0,384,464,516,717
2307,2,658,431,824,709
2308,2,658,431,824,708
2308,0,384,464,516,717
2309,2,658,430,823,708
2309,0,384,464,516,717
2310,2,658,431,824,708
2310,0,384,463,516,718
2311,2,657,430,824,708
2311,0,383,463,516,718
2312,2,658,430,824,708
2312,0,384,463,516,718
2313,2,657,430,824,708
2313,0,384,463,517,718
2313,25,660,431,824,552
2314,0,384,463,517,718
2314,2,658,430,824,708
2314,25,660,431,824,554
2315,0,384,463,516,718
2315,2,658,429,824,707
2316,0,383,463,516,718
2316,2,657,429,824,707
2317,0,383,462,516,718
2317,2,658,428,824,707
2318,2,658,428,824,707
2318,0,383,462,516,718
2318,25,660,429,824,554
2319,2,658,428,824,707
2319,0,384,462,516,718
2319,25,660,429,824,558
2320,2,658,428,824,707
2320,0,384,461,516,718
2320,25,660,429,825,559
2321,2,658,428,824,707
2321,0,384,461,517,718
2321,25,660,429,824,559
2322,2,658,428,824,707
2322,0,383,460,517,718
2323,2,658,428,825,707
2323,0,383,460,517,718
2324,2,657,429,824,707
2324,0,384,461,517,718
2325,0,384,461,517,718
2325,2,657,429,824,706
2326,2,657,429,824,706
2326,0,383,460,517,718
2327,0,383,460,517,718
2327,2,658,430,824,706
2328,0,383,460,517,718
2328,2,658,430,824,706
2329,2,658,430,825,706
2329,0,383,460,518,718
2330,0,383,459,518,718
2330,2,658,430,825,705
2330,25,660,430,824,555
2331,0,383,459,518,718
2331,2,658,430,825,705
2332,0,383,459,518,719
2332,2,659,430,825,705
2333,0,383,459,518,719
2333,2,659,430,825,705
2334,2,659,430,826,705
2334,0,383,459,518,718
2335,2,659,430,826,705
2335,0,383,459,518,718
2336,0,383,459,518,718
2336,2,659,430,826,705
2337,2,659,430,826,705
2337,0,383,459,519,718
2338,0,383,459,519,718
2338,2,659,429,826,705
2339,2,658,429,826,705
2339,0,383,458,519,718
2340,0,383,459,519,718
2340,2,659,429,826,705
2341,2,659,429,826,705
2341,0,383,459,519,718
2342,0,383,458,518,718
2342,2,659,427,826,704
2343,0,383,458,518,718
2343,2,659,427,826,704
2344,0,383,458,519,718
2344,2,659,427,826,704
2345,0,383,458,519,719
2345,2,659,427,826,704
2346,0,383,458,519,718
2346,2,660,426,826,703
2347,0,384,458,519,718
2347,2,660,427,826,704
2348,0,384,458,519,718
2348,2,660,428,827,704
2349,2,660,428,827,704
2349,0,384,458,519,718
2350,0,384,458,519,718
2350,2,660,428,827,704
2351,0,384,458,519,718
2351,2,660,428,827,704
2352,2,660,428,828,704
2352,0,384,458,520,718
2353,2,660,428,827,704
2353,0,384,458,519,718
2354,0,384,458,520,718
2354,2,660,428,828,704
2355,2,660,428,828,704
2355,0,384,457,520,718
2356,2,660,427,828,704
2356,0,384,456,520,718
2357,2,660,427,828,704
2357,0,385,457,520,718
2358,2,660,427,828,704
2358,0,385,457,520,718
2359,2,661,427,828,704
2359,0,385,456,521,718
2360,2,660,427,828,704
2360,0,385,457,520,718
2361,2,660,427,827,704
2361,0,385,457,520,718
2362,2,660,427,827,703
2362,0,386,457,521,718
2363,0,386,457,521,718
2363,2,661,427,828,703
2364,0,386,457,521,718
2364,2,661,428,829,703
2365,2,661,428,829,703
2365,0,387,457,521,717
2365,26,663,428,829,556
2366,2,661,428,829,703
2366,0,387,456,521,717
2366,26,663,428,829,555
2367,2,662,427,829,703
2367,0,387,456,521,717
2367,26,663,428,829,556
2368,2,662,427,829,703
2368,26,663,428,829,556
2368,0,387,456,521,718
2369,2,662,427,829,703
2369,26,663,428,828,556
2369,0,387,457,521,718
2370,2,662,427,829,703
2370,0,387,457,521,718
2370,26,663,428,828,555
2371,0,387,457,521,718
2371,2,662,427,829,703
2372,0,387,457,521,717
2372,2,662,427,829,704
2372,26,663,427,829,554
2373,0,387,457,521,718
2373,2,662,427,829,703
2373,26,663,427,829,555
2374,2,662,427,829,703
2374,0,387,457,521,718
2375,2,662,427,829,703
2375,0,387,457,521,718
2375,26,663,427,829,556
2376,2,662,427,829,703
2376,0,387,457,521,718
2377,0,387,457,520,718
2377,2,662,427,828,703
2378,2,662,426,828,703
2378,0,388,457,520,718
2379,2,662,426,828,703
2379,0,387,458,521,718
2380,2,662,426,827,702
2380,0,388,457,520,718
2381,0,388,457,520,718
2381,2,662,426,827,702
2382,2,662,426,827,702
2382,0,388,457,520,718
2383,0,388,457,521,718
2383,2,662,426,827,702
2384,0,388,457,520,718
2384,2,662,426,827,701
2385,2,661,426,827,701
2385,0,387,457,521,718
2386,2,661,426,827,702
2386,0,387,456,520,718
2387,2,661,426,827,702
2387,0,387,456,520,717
2388,2,662,426,827,702
2388,0,386,456,520,717
2389,2,662,426,828,702
2389,0,387,456,520,718
2390,0,386,456,520,717
2390,2,661,426,827,702
2391,0,386,456,520,718
2391,2,661,425,826,701
2392,2,661,425,827,701
2392,0,386,456,520,718
2393,0,386,456,520,718
2393,2,661,425,826,701
2394,2,661,424,826,701
2394,0,386,456,520,717
2395,2,661,424,826,701
2395,0,386,456,520,718
2396,0,386,456,520,718
2396,2,661,424,825,701
2397,0,386,456,520,718
2397,2,662,422,827,701
2398,0,386,456,520,717
2398,2,662,419,826,701
2399,0,386,456,520,717
2399,2,662,417,825,701
2400,0,385,456,521,717
2400,2,662,414,826,701
2401,0,386,455,520,718
2401,2,663,412,828,701
2401,27,664,411,829,555
2402,0,386,456,520,718
2402,2,663,408,828,701
2402,27,663,408,828,554
2403,0,386,456,520,718
2403,2,663,405,828,701
2403,27,664,405,829,554
2404,0,386,455,520,717
2404,2,663,403,828,701
2404,27,664,403,829,553
2405,0,386,455,520,718
2405,2,663,400,828,701
2405,27,664,400,829,554
2406,2,663,398,829,701
2406,0,387,456,520,718
2406,27,664,398,829,553
2407,0,386,456,520,718
2407,2,663,396,829,701
2407,27,664,396,829,551
2408,0,387,456,520,718
2408,2,664,395,828,701
2408,27,664,395,829,552
2409,2,664,394,827,702
2409,0,386,455,520,718
2409,27,665,394,828,552
2410,0,386,454,520,718
2410,2,664,392,827,701
2410,27,665,393,827,557
2411,0,386,454,520,718
2411,2,665,391,826,701
2411,27,666,392,826,558
2412,0,386,455,520,719
2412,2,665,390,825,701
2412,27,666,391,825,561
2413,0,386,455,520,719
2413,2,666,389,825,702
2413,27,667,390,825,562
2414,0,386,455,520,719
2414,2,666,387,825,702
2414,27,668,387,825,561
2415,0,386,454,521,719
2415,2,668,386,826,701
2415,27,668,386,825,563
2416,0,386,454,521,719
2416,2,670,385,828,701
2416,27,670,385,827,564
2417,0,386,453,521,719
2417,2,670,384,829,701
2418,0,385,451,521,718
2418,2,672,383,829,702
2418,27,672,383,829,566
2419,0,386,451,521,718
2419,27,672,383,829,566
2419,2,673,382,829,701
2420,0,386,451,521,718
2420,2,673,382,829,701
2420,27,674,383,828,565
2421,2,673,382,829,701
2421,0,386,452,521,718
2421,27,674,382,828,563
2422,2,674,382,829,701
2422,0,386,453,521,718
2423,2,673,381,828,701
2423,0,385,453,521,718
2423,27,673,382,828,564
2424,2,673,381,828,702
2424,0,386,453,520,718
2424,27,672,382,827,567
2425,0,386,453,520,718
2425,2,673,382,828,701
2425,27,672,382,828,565
2426,0,386,453,520,718
2426,2,671,382,829,702
2427,0,385,453,521,718
2427,2,670,383,829,702
2428,0,386,451,521,718
2428,2,668,383,829,702
2429,0,386,449,521,718
2429,2,666,384,829,702
2430,0,386,449,521,718
2430,2,664,385,829,702
2431,0,386,451,521,718
2431,2,664,387,830,702
2432,2,664,389,830,701
2432,0,386,453,521,717
2432,27,665,389,829,563
2433,2,664,390,830,701
2433,27,665,390,829,563
2433,0,385,454,521,716
2434,2,665,391,830,701
2434,0,385,455,521,713
2434,27,666,392,829,563
2435,0,385,455,521,712
2435,2,667,393,830,702
2435,27,667,393,830,563
2436,0,385,455,521,713
2436,2,669,393,831,700
2437,0,385,453,522,712
2437,2,672,394,831,701
2438,0,385,454,521,711
2438,2,674,395,831,701
2439,0,385,454,522,711
2439,2,674,397,831,701
2440,0,385,455,521,711
2440,2,675,398,831,701
2440,27,675,398,830,563
2441,0,385,454,521,709
2441,2,676,401,831,701
2441,27,676,401,830,563
2442,0,385,455,521,709
2442,2,675,403,831,702
2442,27,675,403,830,563
2443,0,385,455,521,708
2443,2,675,405,831,702
2443,27,675,405,830,563
2444,0,385,455,521,707
2444,2,674,407,831,702
2444,27,674,407,831,564
2445,0,385,455,521,707
2445,2,674,409,831,702
2445,27,674,408,831,563
2446,2,674,410,831,702
2446,0,384,455,521,706
2446,27,673,409,831,564
2447,0,384,455,521,706
2447,2,673,411,831,702
2447,27,673,410,831,564
2448,0,384,455,521,706
2448,2,673,412,831,703
2448,27,673,411,830,564
2449,2,673,413,831,703
2449,27,673,412,831,564
2449,0,384,455,521,708
2450,0,384,455,521,708
2450,2,673,414,831,703
2450,27,673,413,831,564
2451,2,673,414,830,703
2451,0,384,455,520,709
2451,27,673,414,830,564
2452,0,384,455,520,710
2452,2,673,415,830,704
2452,27,673,414,830,563
2453,0,384,455,520,710
2453,2,673,415,830,704
2453,27,673,414,831,564
2454,0,384,455,520,711
2454,2,673,416,830,703
2454,27,672,415,831,564
2455,0,384,455,520,711
2455,2,672,416,830,704
2455,27,672,416,830,564
2456,2,672,416,830,703
2456,0,384,454,520,713
2456,27,672,416,831,564
2457,2,673,417,830,703
2457,27,672,417,830,564
2457,0,384,454,519,712
2458,0,384,454,520,713
2458,2,673,418,830,702
2458,27,672,418,831,564
2459,2,673,419,830,702
2459,0,384,454,520,714
2459,27,672,419,830,564
2460,2,673,419,830,702
2460,27,673,419,831,564
2460,0,384,454,520,716
2461,0,384,454,520,716
2461,2,673,419,831,702
2461,27,672,419,831,564
2462,2,672,419,831,701
2462,27,672,420,831,564
2462,0,384,454,519,716
2463,0,384,454,519,716
2463,2,672,420,831,701
2463,27,672,420,831,564
2464,2,672,419,831,700
2464,0,384,454,519,717
2464,27,672,420,831,564
2465,2,672,419,831,700
2465,27,672,419,831,564
2465,0,384,454,520,717
2466,2,672,419,831,700
2466,0,384,454,520,717
2466,27,672,419,831,563
2467,2,672,419,831,700
2467,27,672,419,831,564
2467,0,384,454,520,718
2468,2,672,419,831,700
2468,0,384,454,520,718
2468,27,672,419,831,563
2469,27,672,419,831,563
2469,2,672,419,831,700
2469,0,384,454,520,718
2470,2,672,419,831,700
2470,27,671,419,831,563
2470,0,384,453,520,718
2471,2,672,419,831,699
2471,0,384,453,520,718
2471,27,672,419,831,563
2472,27,671,419,831,563
2472,2,671,419,830,699
2472,0,384,452,520,718
2473,2,671,419,830,699
2473,27,671,419,831,564
2473,0,383,452,520,718
2474,0,383,453,520,718
2474,2,671,418,830,699
2474,27,671,418,830,563
2475,2,671,418,830,699
2475,0,383,453,520,717
2475,27,671,418,830,562
2476,2,671,418,830,699
2476,27,671,418,830,562
2476,0,383,452,519,717
2477,2,671,418,830,699
2477,0,383,452,519,717
2477,27,671,418,830,562
2478,2,671,418,830,699
2478,27,671,418,830,562
2478,0,384,452,520,717
2479,0,384,452,519,717
2479,2,671,418,830,699
2479,27,671,418,830,562
2480,2,671,418,830,699
2480,27,671,418,830,562
2480,0,384,452,519,717
2481,27,671,418,830,562
2481,2,671,418,830,699
2481,0,384,452,519,717
2482,2,672,418,830,699
2482,0,384,451,519,717
2482,27,672,418,830,562
2483,0,384,451,519,717
2483,2,672,418,830,699
2483,27,672,418,831,562
2484,2,672,418,830,699
2484,0,384,452,519,717
2484,27,672,418,831,562
2485,2,672,418,831,699
2485,27,672,418,831,562
2485,0,384,451,519,717
2486,2,672,417,831,699
2486,0,384,451,520,716
2486,27,672,417,831,562
2487,27,672,417,831,562
2487,2,673,417,831,699
2487,0,384,451,520,716
2488,2,673,417,831,699
2488,27,673,417,831,562
2488,0,384,451,519,717
2489,27,673,417,831,562
2489,2,673,417,831,699
2489,0,384,451,519,716
2490,2,673,418,831,699
2490,27,673,418,831,561
2490,0,384,451,520,717
2491,0,385,451,520,717
2491,2,673,417,832,699
2491,27,673,417,832,562
2492,27,673,417,832,561
2492,0,385,451,520,716
2492,2,672,417,832,699
2493,2,673,417,832,699
2493,27,673,417,832,561
2493,0,385,451,520,716
2494,2,673,417,832,699
2494,0,385,451,520,716
2494,27,673,417,832,561
2495,27,673,416,832,561
2495,2,673,416,832,698
2495,0,385,451,520,716
2496,2,673,416,832,698
2496,27,673,416,832,561
2496,0,386,451,521,716
2497,0,386,451,521,716
2497,2,673,416,832,698
2497,27,673,416,832,561
2498,2,673,416,832,698
2498,27,673,416,832,560
2498,0,386,451,520,717
2499,0,386,451,521,717
2499,2,673,416,832,698
2499,27,673,416,832,561
2500,0,386,451,521,717
2500,2,673,415,832,698
2500,27,674,416,832,560
2501,0,387,451,521,717
2501,27,674,415,833,560
2501,2,674,416,832,698
2502,2,674,416,833,698
2502,0,387,451,521,717
2502,27,674,415,833,560
2503,2,674,415,833,698
2503,0,387,451,521,716
2503,27,674,415,833,560
2504,2,674,415,833,698
2504,27,674,415,833,560
2504,0,387,451,520,717
2505,2,674,415,832,698
2505,0,387,450,520,717
2505,27,674,415,832,559
2506,2,674,415,832,698
2506,27,674,414,832,559
2506,0,387,451,520,716
2507,2,674,415,833,698
2507,27,674,414,832,559
2507,0,387,451,520,715
2508,2,674,415,832,698
2508,27,675,414,832,559
2508,0,386,451,520,716
2509,2,674,415,832,698
2509,0,386,450,520,715
2509,27,674,414,832,559
2510,2,673,415,832,698
2510,0,386,450,520,716
2510,27,674,414,831,559
2511,2,673,415,832,698
2511,0,386,450,520,717
2512,2,673,415,832,698
2512,0,386,450,519,715
2513,2,673,415,832,698
2513,0,385,450,519,715
2514,2,673,415,832,698
2514,0,385,450,519,716
2515,2,673,415,832,698
2515,0,385,450,519,716
2516,0,385,450,519,716
2516,2,673,415,832,698
2517,2,672,415,832,697
2517,0,385,450,519,715
2518,2,672,415,832,697
2518,0,385,450,519,716
2519,2,672,415,832,697
2519,0,385,450,519,716
2520,2,672,415,832,697
2520,0,385,450,519,716
2521,2,672,415,832,697
2521,0,385,449,518,716
2522,2,672,415,832,697
2522,0,385,450,519,716
2523,2,672,415,832,697
2523,0,385,449,518,715
2524,2,672,415,832,697
2524,0,385,449,519,715
2525,2,673,415,832,697
2525,0,385,448,519,715
2526,2,672,415,832,697
2526,0,385,448,518,715
2527,2,672,415,832,697
2527,0,385,449,519,716
2528,2,672,415,832,697
2528,0,385,448,519,715
2529,2,673,415,831,697
2529,0,384,448,519,715
2530,2,673,415,831,697
2530,0,384,449,519,715
2531,0,384,449,518,716
2531,2,672,415,831,696
2532,2,673,415,831,696
2532,0,384,448,519,715
2533,2,672,414,831,696
2533,0,385,448,518,715
2534,2,672,414,831,696
2534,0,384,448,519,715
2535,0,384,448,519,714
2535,2,672,415,831,695
2536,2,672,415,831,695
2536,0,384,448,518,714
2537,2,672,415,831,695
2537,0,384,448,519,714
2538,2,672,414,831,696
2538,0,385,448,518,713
2539,0,384,448,519,713
2539,2,672,414,831,696
2540,2,672,414,831,696
2540,0,384,448,518,714
2541,0,384,448,518,713
2541,2,672,414,831,696
2542,2,672,414,831,696
2542,0,384,448,518,714
2543,2,672,414,831,695
2543,0,385,447,518,715
2544,0,384,447,518,715
2544,2,671,414,830,695
2545,0,384,448,518,715
2545,2,671,414,831,695
2546,0,384,447,518,715
2546,2,671,414,830,695
2547,0,384,448,518,715
2547,2,672,414,830,696
2548,2,672,414,830,696
2548,0,384,447,518,715
2549,2,672,414,831,696
2549,0,385,447,518,715
2550,2,671,414,831,695
2550,0,385,447,518,715
2550,28,672,414,830,557
2551,2,671,414,831,695
2551,0,385,447,518,715
2551,28,671,414,830,557
2552,0,385,447,518,715
2552,2,671,414,830,695
2553,2,671,414,830,695
2553,0,385,447,518,715
2554,2,671,413,830,695
2554,0,385,447,518,715
2555,2,671,413,830,695
2555,0,385,447,518,715
2556,2,671,413,830,695
2556,0,385,447,518,715
2557,2,672,413,830,695
2557,0,385,447,519,715
2558,2,672,413,830,695
2558,0,385,447,518,715
2559,0,385,447,519,715
2559,2,671,413,830,694
2560,0,385,447,519,715
2560,2,671,413,830,694
2560,28,671,412,830,558
2561,2,671,413,830,694
2561,0,385,447,519,715
2561,28,672,412,830,557
2562,0,385,447,518,715
2562,2,672,412,830,695
2563,0,385,447,518,715
2563,2,672,412,830,695
2564,2,672,412,830,695
2564,0,386,447,518,715
2565,0,386,447,518,715
2565,2,672,412,831,695
2565,28,672,411,831,558
2566,0,386,447,518,715
2566,2,672,411,831,695
2566,28,672,411,831,558
2567,28,671,411,831,558
2567,2,672,411,831,695
2567,0,386,447,518,715
2568,2,672,411,831,695
2568,0,386,447,518,715
2569,0,386,447,518,716
2569,2,672,411,830,695
2569,28,671,411,831,558
2570,0,385,447,519,716
2570,2,671,411,830,695
2570,28,672,411,830,557
2571,28,672,411,829,557
2571,0,385,447,519,716
2571,2,671,411,830,695
2572,0,385,447,519,716
2572,2,671,411,830,695
2572,28,671,411,830,558
2573,2,671,411,830,695
2573,0,385,447,519,716
2573,28,671,411,829,557
2574,0,385,447,519,716
2574,2,671,411,830,695
2575,2,670,412,830,695
2575,0,384,447,519,716
2575,28,670,411,830,558
2576,2,670,411,830,695
2576,0,384,447,519,715
2577,2,670,411,830,695
2577,0,384,447,519,715
2578,0,384,447,519,715
2578,2,670,411,830,694
2579,2,670,411,830,694
2579,0,384,447,519,715
2580,2,670,411,829,694
2580,0,383,447,519,714
2581,2,670,411,829,694
2581,0,383,447,518,715
2581,28,670,411,829,557
2582,28,670,411,829,557
2582,2,670,411,829,694
2582,0,383,446,518,715
2583,0,383,446,518,715
2583,28,670,411,829,557
2583,2,670,411,829,694
2584,28,670,411,829,557
2584,2,669,411,829,694
2584,0,383,446,518,715
2585,2,669,411,829,694
2585,0,383,446,518,715
2586,2,670,411,829,694
2586,0,383,446,518,715
2587,0,383,446,518,715
2587,2,670,411,828,693
2588,0,383,446,518,714
2588,2,670,410,829,693
2589,2,670,410,829,693
2589,0,383,446,517,714
2590,2,670,410,829,693
2590,0,383,446,517,714
2591,0,383,445,517,714
2591,2,670,410,829,693
2592,2,670,409,829,693
2592,0,383,445,518,714
2593,2,670,409,829,693
2593,0,383,445,518,713
2594,2,670,409,829,693
2594,0,383,445,518,714
2595,2,670,409,829,693
2595,0,383,445,518,713
2596,2,670,409,829,693
2596,0,383,445,518,713
2596,28,670,409,829,556
2597,28,670,409,829,556
2597,0,383,445,518,714
2597,2,670,409,829,693
2598,0,383,445,518,714
2598,2,670,409,829,693
2599,2,670,409,829,693
2599,0,383,445,518,714
2600,2,670,409,829,693
2600,0,383,445,518,713
2600,28,671,409,828,555
2601,2,670,409,829,693
2601,0,383,445,518,713
2601,28,670,409,829,556
2602,2,670,409,829,693
2602,28,670,409,829,556
2602,0,383,445,518,713
2603,2,670,409,829,693
2603,28,670,409,829,557
2603,0,382,445,518,713
2604,0,382,445,518,713
2604,28,670,409,829,557
2604,2,670,409,829,692
2605,2,670,409,829,692
2605,0,382,445,518,713
2605,28,670,409,829,556
2606,0,382,445,518,713
2606,2,670,409,829,692
2606,28,670,409,829,557
2607,2,670,409,829,692
2607,28,670,409,829,556
2607,0,383,445,518,713
2608,28,670,409,829,556
2608,2,670,409,829,692
2608,0,382,445,518,713
2609,28,670,409,829,556
2609,2,670,409,829,692
2609,0,383,445,518,713
2610,2,670,409,829,691
2610,28,670,409,829,556
2610,0,383,444,518,713
2611,2,670,409,829,691
2611,28,670,409,829,556
2611,0,383,444,518,713
2612,28,670,409,829,556
2612,2,670,409,829,692
2612,0,383,444,518,713
2613,28,670,409,829,556
2613,0,384,444,518,712
2613,2,670,409,829,692
2614,2,670,409,829,692
2614,28,670,409,829,556
2614,0,383,444,518,713
2615,0,383,444,518,713
2615,2,670,409,829,692
2615,28,670,409,829,556
2616,2,670,409,829,692
2616,0,383,444,518,713
2616,28,670,409,829,556
2617,2,670,409,829,692
2617,28,670,409,829,556
2617,0,384,444,519,713
2618,2,670,409,829,692
2618,0,384,444,519,713
2618,28,671,409,828,555
2619,0,384,444,519,712
2619,2,670,409,829,692
2619,28,670,408,829,556
2620,0,384,444,519,712
2620,2,670,409,830,692
2620,28,671,409,829,554
2621,0,384,444,519,712
2621,2,671,408,830,692
2621,28,670,408,830,555
2622,0,384,444,519,712
2622,2,671,408,830,692
2622,28,671,408,830,554
2623,2,671,408,830,691
2623,28,671,408,829,554
2623,0,384,443,519,712
2624,2,671,408,831,691
2624,28,672,408,830,554
2624,0,384,443,519,711
2625,2,671,408,831,691
2625,0,384,443,519,711
2625,28,672,408,830,554
2626,2,671,408,831,691
2626,28,672,408,830,554
2626,0,385,443,519,711
2627,28,672,408,830,554
2627,2,672,408,831,691
2627,0,385,443,519,710
2628,2,672,408,831,691
2628,28,672,407,830,553
2628,0,385,443,519,711
2629,0,385,443,519,711
2629,2,672,408,831,691
2630,2,672,407,831,691
2630,0,385,443,519,711
2630,28,672,407,830,553
2631,2,672,407,831,691
2631,0,385,443,519,710
2631,28,672,407,830,553
2632,2,672,407,831,690
2632,0,385,443,519,710
2632,28,672,407,830,553
2633,2,672,407,831,690
2633,28,672,407,830,553
2633,0,385,443,519,710
2634,2,672,407,831,690
2634,28,672,406,830,553
2634,0,384,443,519,710
2635,2,672,407,831,690
2635,0,384,443,519,710
2635,28,672,406,830,553
2636,28,672,406,830,553
2636,0,384,443,519,710
2636,2,671,406,831,690
2637,2,671,406,831,690
2637,0,383,443,519,710
2637,28,672,406,830,553
2638,2,671,406,831,690
2638,0,384,443,519,710
2638,28,672,406,830,553
2639,0,384,443,519,710
2639,2,671,406,831,689
2639,28,672,405,830,552
2640,2,671,405,831,689
2640,0,384,443,519,710
2640,28,672,405,831,552
2641,0,384,442,519,710
2641,28,671,405,830,552
2641,2,671,405,831,688
2642,0,384,442,519,710
2642,2,670,405,831,689
2643,0,384,442,519,710
2643,2,670,405,831,689
2644,2,670,405,831,689
2644,0,384,442,519,709
2645,2,670,405,831,689
2645,0,384,442,519,710
2646,2,670,405,831,689
2646,0,384,442,519,710
2647,2,670,404,830,689
2647,0,384,442,519,710
2648,2,670,404,831,688
2648,0,384,442,518,710
2649,2,670,404,831,688
2649,0,383,442,518,710
2650,2,670,404,830,688
2650,0,383,442,518,710
2651,2,670,404,830,688
2651,0,383,442,518,710
2651,28,670,403,829,552
2652,2,670,404,830,688
2652,0,383,442,518,710
2653,0,383,442,518,711
2653,2,670,404,830,687
2653,28,670,403,829,552
2654,2,670,404,830,687
2654,0,383,442,518,711
2654,28,670,403,829,551
2655,2,669,403,830,687
2655,0,382,442,518,711
2656,2,669,403,830,687
2656,0,382,442,518,711
2657,2,669,403,830,687
2657,0,383,442,517,710
2658,2,669,403,830,687
2658,0,383,442,518,711
2659,2,669,403,830,687
2659,0,383,442,518,711
2659,28,670,402,829,551
2660,0,383,442,518,711
2660,2,669,402,830,687
2660,28,670,402,829,551
2661,2,670,401,830,687
2661,0,383,442,517,711
2661,28,670,401,829,551
2662,0,383,442,517,710
2662,2,670,400,829,687
2662,28,670,400,829,551
2663,0,382,442,518,709
2663,2,670,399,829,687
2663,28,670,399,829,551
2664,0,382,442,518,709
2664,2,670,397,829,687
2664,28,670,397,829,551
2665,2,670,396,829,686
2665,0,382,442,517,709
2665,28,670,396,828,551
2666,0,382,442,517,710
2666,2,670,395,829,687
2666,28,671,395,828,551
2667,0,382,442,517,710
2667,2,671,394,829,686
2668,0,382,442,517,710
2668,2,671,393,829,686
2669,0,382,442,517,710
2669,2,671,391,829,687
2670,0,382,442,517,709
2670,2,672,388,828,686
2670,28,672,389,827,552
2671,0,382,442,517,710
2671,2,672,387,827,686
2671,28,673,388,827,552
2672,0,382,442,517,710
2672,2,672,386,827,687
2673,0,382,442,517,710
2673,2,673,386,827,687
2673,28,673,386,826,552
2674,0,382,442,517,710
2674,2,673,385,826,687
2674,28,673,385,825,552
2675,0,382,442,517,710
2675,2,673,383,825,687
2676,0,382,442,517,710
2676,2,673,383,824,687
2677,0,382,442,517,710
2677,2,673,382,823,687
2678,0,382,442,517,710
2678,2,673,381,823,687
2679,0,382,442,517,710
2679,2,674,380,822,687
2680,0,382,442,517,710
2680,2,674,378,822,687
2681,0,382,442,517,710
2681,2,674,377,822,687
2682,0,382,442,517,710
2682,2,674,376,822,687
2683,0,382,442,518,710
2683,2,674,375,822,688
2684,0,383,442,518,710
2684,2,674,374,822,688
2684,28,675,375,822,553
2685,0,383,442,518,710
2685,2,675,373,822,688
2685,28,675,373,822,553
2686,0,383,442,518,711
2686,2,675,372,822,688
2687,0,383,442,518,711
2687,2,675,371,822,689
2688,2,675,371,822,689
2688,0,384,442,518,711
2689,0,384,442,518,711
2689,2,675,370,822,689
2690,0,384,442,518,711
2690,2,676,370,822,690
2691,0,384,442,519,711
2691,2,677,370,822,690
2692,0,384,442,519,710
2692,2,676,370,822,691
2693,0,384,442,519,710
2693,2,676,370,822,692
2694,0,384,442,519,710
2694,2,676,370,822,691
2695,0,384,442,519,710
2695,2,678,370,822,690
2696,0,384,442,519,710
2696,2,678,370,822,691
2697,0,384,442,519,710
2697,2,678,371,822,691
2698,2,678,371,822,690
2698,0,384,442,519,710
2699,0,384,442,519,710
2699,2,678,372,822,691
2700,0,384,442,519,710
2700,2,678,373,822,692
2701,0,385,442,518,709
2701,2,677,373,823,693
2702,0,384,441,518,708
2702,2,677,374,823,695
2703,0,385,441,518,709
2703,2,677,375,823,694
2704,0,385,442,518,709
2704,2,677,376,823,707
2705,0,385,441,518,709
2705,2,677,376,823,708
2706,0,385,442,518,709
2706,2,677,376,823,708
2707,0,385,442,518,709
2707,2,676,376,823,707
2708,0,385,442,518,709
2708,2,676,376,823,703
2709,0,385,442,517,709
2709,2,676,376,823,699
2710,0,385,442,518,710
2710,2,676,376,823,696
2711,0,385,442,518,710
2711,2,676,376,823,699
2712,0,385,442,518,710
2712,2,676,376,822,697
2713,0,385,442,518,710
2713,2,676,376,822,697
2714,0,385,442,518,710
2714,2,675,377,822,698
2715,0,385,442,518,710
2715,2,675,378,823,701
2716,0,385,442,518,710
2716,2,675,379,823,707
2717,0,384,443,518,710
2717,2,675,380,823,711
2718,0,384,443,518,710
2718,2,673,381,825,712
2718,29,675,382,824,553
2719,0,384,443,518,709
2719,2,672,383,828,711
2719,29,674,384,827,554
2720,0,384,443,518,709
2720,29,673,385,829,554
2720,2,671,384,830,711
2721,0,384,443,518,710
2721,2,670,386,830,711
2721,29,672,386,829,553
2722,0,383,443,518,710
2722,2,669,386,830,713
2722,29,670,387,830,555
2723,0,383,443,517,710
2723,2,668,387,830,712
2723,29,669,388,829,555
2724,0,382,442,517,710
2724,2,667,389,829,709
2724,29,668,389,828,554
2725,0,382,442,517,710
2725,29,668,390,827,554
2725,2,667,389,828,708
2726,0,382,442,517,710
2726,2,667,391,828,708
2726,29,668,391,827,554
2727,0,382,442,517,710
2727,2,667,392,828,708
2727,29,668,393,827,553
2728,0,382,442,517,710
2728,2,667,393,828,708
2728,29,667,393,827,554
2729,0,382,442,517,710
2729,2,667,394,828,708
2729,29,668,394,827,553
2730,0,382,442,517,710
2730,2,667,395,827,708
2730,29,668,396,826,553
2731,0,382,442,517,710
2731,29,668,397,826,554
2731,2,667,396,826,705
2732,0,382,442,517,710
2732,29,668,399,825,554
2732,2,667,399,826,708
2733,0,382,442,517,710
2733,29,669,400,826,554
2733,2,668,399,826,710
2734,29,669,400,825,554
2734,0,382,442,517,711
2734,2,668,400,826,707
2735,0,382,442,517,711
2735,29,669,400,825,554
2735,2,668,400,826,706
2736,29,669,400,825,554
2736,0,382,442,517,711
2736,2,668,400,826,714
2737,0,382,442,516,712
2737,2,668,400,826,714
2737,29,669,400,825,554
2738,29,669,400,825,554
2738,2,668,400,826,714
2738,0,382,442,517,711
2739,0,382,442,517,711
2739,2,668,401,826,715
2739,29,669,400,826,555
2740,29,669,400,826,555
2740,2,668,400,826,714
2740,0,381,442,517,710
2741,0,381,442,516,711
2741,29,668,401,826,555
2741,2,668,401,825,715
2742,0,381,442,517,711
2742,29,668,401,826,555
2742,2,668,401,826,716
2743,0,381,442,517,711
2743,2,668,402,826,716
2743,29,669,401,826,555
2744,0,381,442,517,711
2744,29,669,402,826,555
2744,2,668,402,826,717
2745,29,669,402,826,554
2745,0,381,442,517,710
2745,2,668,402,826,718
2746,0,381,442,517,710
2746,29,669,402,826,554
2746,2,668,402,827,717
2747,0,382,442,517,711
2747,2,668,402,827,716
2747,29,669,402,826,553
2748,29,669,402,826,553
2748,0,382,442,517,711
2748,2,668,402,827,716
2749,2,668,402,827,716
2749,0,382,442,517,710
2749,29,669,402,827,554
2750,0,382,442,517,710
2750,2,668,402,827,716
2750,29,669,402,826,553
2751,2,668,402,827,716
2751,0,382,442,517,711
2752,0,382,442,518,711
2752,2,668,402,828,716
2752,29,670,402,827,553
2753,0,382,442,518,711
2753,2,668,403,828,716
2753,29,670,402,827,553
2754,29,670,402,827,553
2754,0,383,442,519,710
2754,2,668,403,828,714
2755,0,383,442,519,710
2755,2,668,403,829,714
2755,29,670,403,828,553
2756,0,383,442,519,710
2756,2,669,403,829,714
2756,29,670,403,828,553
2757,0,383,442,519,710
2757,29,670,402,828,553
2757,2,669,403,830,712
2758,0,383,442,518,710
2758,2,669,403,830,712
2758,29,670,402,829,553
2759,2,669,403,830,712
2759,0,383,442,518,710
2759,29,671,403,829,553
2760,0,383,442,519,710
2760,29,671,403,829,553
2760,2,669,403,830,710
2761,0,383,442,519,710
2761,2,669,404,830,711
2761,29,670,403,829,552
2762,0,384,442,519,710
2762,29,671,403,829,553
2762,2,670,404,830,710
2763,29,671,403,830,553
2763,0,384,442,519,710
2763,2,670,404,830,709
2764,0,384,442,519,710
2764,29,671,404,829,553
2764,2,670,404,830,710
2765,29,671,404,830,553
2765,2,670,404,830,711
2765,0,384,442,519,710
2766,0,384,442,519,710
2766,2,671,404,830,710
2766,29,671,404,830,553
2767,2,671,404,830,710
2767,0,384,442,519,710
2767,29,672,404,830,553
2768,2,671,404,830,710
2768,0,384,442,520,710
2768,29,672,404,830,553
2769,2,671,404,830,710
2769,0,384,442,520,710
2769,29,672,404,830,553
2770,29,672,404,830,553
2770,0,384,442,520,709
2770,2,671,404,830,710
2771,29,672,404,830,553
2771,0,385,442,520,709
2771,2,671,404,830,711
2772,2,671,405,830,711
2772,0,385,442,520,710
2772,29,673,404,830,554
2773,0,385,442,520,710
2773,29,672,404,830,554
2773,2,671,404,831,709
2774,0,385,442,520,710
2774,29,672,404,830,554
2774,2,671,405,831,706
2775,0,385,442,520,710
2775,2,671,405,831,705
2775,29,673,404,830,554
2776,0,385,442,520,710
2776,29,673,404,830,554
2776,2,671,405,831,709
2777,0,385,442,520,710
2777,29,673,404,830,554
2777,2,671,404,831,710
2778,0,385,442,519,710
2778,2,671,404,831,712
2778,29,672,404,830,556
2779,0,385,442,519,710
2779,29,671,404,830,556
2779,2,671,404,831,711
2780,0,385,442,519,710
2780,29,671,404,830,556
2780,2,671,404,831,712
2781,0,385,443,519,710
2781,29,671,404,830,555
2781,2,671,404,830,709
2782,0,384,443,520,710
2782,2,671,404,830,710
2782,29,672,404,830,555
2783,0,384,443,520,710
2783,29,672,404,830,555
2783,2,671,404,830,711
2784,0,384,443,520,710
2784,29,672,404,829,555
2784,2,670,404,830,714
2785,29,672,404,829,555
2785,2,670,404,830,714
2785,0,384,443,519,710
2786,0,384,443,519,710
2786,2,670,405,830,713
2786,29,671,404,829,554
2787,2,670,405,830,713
2787,29,671,404,829,555
2787,0,384,443,519,710
2788,2,670,405,830,714
2788,0,383,443,519,710
2788,29,671,404,829,554
2789,2,670,405,830,713
2789,0,383,443,519,710
2789,29,670,405,829,555
2790,29,670,405,829,555
2790,2,669,405,830,713
2790,0,383,443,519,710
2791,2,669,405,830,713
2791,0,383,443,519,710
2791,29,671,404,829,554
2792,0,383,443,519,711
2792,2,669,404,829,713
2792,29,671,404,828,555
2793,0,383,443,518,711
2793,2,670,404,829,712
2793,29,670,404,829,556
2794,0,383,443,518,711
2794,2,670,403,829,712
2794,29,671,403,829,556
2795,0,383,443,518,711
2795,2,670,402,828,713
2795,29,671,402,828,556
2796,2,670,401,829,713
2796,0,382,443,518,711
2796,29,671,401,828,556
2797,0,382,443,519,711
2797,2,670,400,828,714
2797,29,671,400,828,556
2798,0,382,443,518,711
2798,2,670,399,828,714
2798,29,671,399,828,556
2799,0,383,443,518,711
2799,2,671,398,828,713
2799,29,671,398,828,557
2800,0,382,443,518,711
2800,2,671,397,828,714
2800,29,671,397,828,556
2801,0,382,443,518,711
2801,2,671,396,828,714
2801,29,672,396,828,556
2802,0,382,443,518,712
2802,2,671,396,828,714
2802,29,672,396,828,557
2803,0,382,443,518,711
2803,2,671,396,828,714
2803,29,672,396,828,556
2804,29,672,395,828,556
2804,2,671,395,828,713
2804,0,383,443,518,711
2805,0,382,443,518,711
2805,2,671,395,828,714
2805,29,672,395,828,556
2806,0,382,443,518,711
2806,2,671,394,828,713
2806,29,672,394,828,556
2807,0,382,443,518,711
2807,29,672,394,828,556
2807,2,671,394,828,710
2808,0,383,443,518,711
2808,29,672,393,828,556
2808,2,671,392,827,710
2809,0,383,443,518,711
2809,29,672,393,828,557
2809,2,671,392,828,709
2810,0,382,443,518,711
2810,2,671,391,827,709
2810,29,673,391,828,557
2811,0,383,443,518,711
2811,2,671,390,827,708
2811,29,673,390,828,557
2812,0,383,443,518,711
2812,2,671,389,827,707
2812,29,672,389,828,557
2813,0,383,443,518,711
2813,29,671,388,828,557
2813,2,671,389,828,704
2814,0,383,443,518,711
2814,29,670,388,828,557
2814,2,669,388,827,704
2815,0,383,443,518,711
2815,29,669,387,828,556
2815,2,667,387,827,707
2816,0,383,443,518,712
2816,2,665,387,827,707
2816,29,667,387,827,555
2817,0,383,443,518,712
2817,29,666,386,827,555
2817,2,663,385,827,709
2818,0,383,444,518,712
2818,2,662,386,826,709
2818,29,665,386,826,550
2819,0,383,443,518,711
2819,2,662,386,826,707
2819,29,665,386,826,546
2820,0,383,444,518,711
2820,2,663,386,826,708
2820,29,665,386,826,550
2821,0,383,444,518,711
2821,2,663,387,825,707
2822,0,383,444,518,712
2822,2,664,387,825,708
2823,0,383,444,518,712
2823,29,665,386,826,550
2823,2,664,387,825,708
2824,0,383,444,518,712
2824,2,664,387,824,707
2825,0,383,444,518,711
2825,2,663,388,824,706
2826,0,383,444,518,711
2826,2,663,388,825,707
2827,0,383,444,518,711
2827,2,664,388,825,709
2827,29,666,388,827,551
2828,0,383,444,518,711
2828,29,665,388,827,550
2828,2,664,388,826,708
2829,0,383,444,518,711
2829,29,665,388,827,549
2829,2,663,388,826,706
2830,0,383,444,519,711
2830,29,665,388,827,550
2830,2,663,388,826,704
2831,0,383,444,519,711
2831,2,663,389,826,704
2831,29,665,388,827,551
2832,0,383,444,519,711
2832,2,663,389,826,704
2832,29,665,389,827,553
2833,0,384,444,519,711
2833,29,665,389,827,552
2833,2,663,390,826,702
2834,0,384,444,519,711
2834,29,665,389,827,551
2834,2,664,389,826,701
2835,0,384,444,519,711
2835,29,665,390,828,551
2835,2,663,390,827,703
2836,0,384,444,519,712
2836,29,665,391,827,551
2836,2,664,390,826,703
2837,0,384,444,519,712
2837,2,664,391,826,702
2838,0,383,444,519,711
2838,2,664,392,826,703
2838,29,665,392,827,552
2839,0,383,444,519,711
2839,2,664,393,826,704
2840,0,383,444,519,711
2840,2,663,393,827,703
2841,0,383,444,519,711
2841,2,664,394,827,703
2842,0,383,444,519,711
2842,2,664,395,828,703
2843,0,383,444,519,711
2843,2,664,397,828,703
2844,0,383,444,519,711
2844,2,663,398,828,704
2845,0,383,444,519,711
2845,2,663,399,828,705
2846,0,383,444,519,710
2846,2,663,399,828,703
2846,29,664,400,828,553
2847,0,383,444,519,710
2847,2,663,400,828,704
2847,29,664,400,828,552
2848,0,383,444,519,711
2848,29,664,400,828,553
2848,2,663,400,828,702
2849,0,383,444,519,711
2849,29,663,400,828,553
2849,2,662,400,828,703
2850,0,383,444,519,711
2850,29,662,400,828,553
2850,2,661,400,828,706
2851,0,383,444,519,711
2851,29,661,401,828,553
2851,2,660,401,828,707
2852,0,383,444,520,710
2852,29,661,401,827,553
2852,2,660,401,826,700
2853,0,383,444,519,710
2853,2,659,402,827,700
2853,29,660,402,827,553
2854,0,383,445,519,711
2854,2,659,403,827,700
2854,29,660,403,827,553
2855,0,383,444,519,711
2855,29,660,403,827,554
2855,2,659,403,827,698
2856,0,383,444,519,711
2856,29,660,404,827,554
2856,2,659,404,826,697
2857,0,383,444,519,711
2857,29,660,405,827,554
2857,2,660,405,826,698
2858,0,383,444,519,711
2858,2,660,406,826,698
2858,29,660,406,827,554
2859,0,384,444,519,711
2859,2,660,407,826,698
2859,29,660,407,827,553
2860,0,384,444,519,711
2860,2,660,409,826,698
2860,29,660,408,827,553
2861,2,660,410,826,698
2861,0,384,444,519,711
2861,29,660,409,827,553
2862,0,384,444,519,711
2862,2,660,410,826,698
2862,29,659,409,827,553
2863,0,384,444,519,710
2863,2,660,410,826,698
2863,29,659,409,827,553
2864,29,659,409,827,553
2864,0,384,444,519,710
2864,2,660,410,826,697
2865,29,659,410,827,553
2865,0,384,444,519,711
2865,2,659,410,826,697
2866,2,659,410,826,697
2866,0,384,444,519,711
2867,29,659,410,827,553
2867,0,383,444,519,711
2867,2,658,410,826,698
2868,0,383,443,519,711
2868,29,659,410,827,553
2868,2,658,411,826,699
2869,29,659,410,827,553
2869,0,383,443,519,710
2869,2,659,411,826,699
2870,0,383,443,519,710
2870,2,659,412,826,699
2870,29,659,411,827,553
2871,0,383,443,519,710
2871,2,659,412,826,699
2871,29,659,411,827,553
2872,2,658,412,826,699
2872,0,383,443,520,710
2873,2,659,413,826,699
2873,0,383,443,519,711
2874,2,659,413,826,699
2874,0,383,443,519,711
2875,0,383,443,519,711
2875,2,659,413,826,699
2876,2,658,413,826,698
2876,0,384,443,519,711
2877,0,384,443,518,711
2877,2,658,413,825,699
2878,0,384,443,518,711
2878,2,658,412,826,700
2879,0,384,443,518,711
2879,2,658,412,826,701
2880,2,658,412,826,701
2880,0,383,443,518,711
2881,2,658,412,826,701
2881,0,383,443,518,711
2882,2,658,412,825,701
2882,0,383,442,518,711
2883,2,658,412,825,701
2883,0,383,442,518,711
2884,0,383,442,518,711
2884,2,658,411,825,699
2885,2,658,411,825,700
2885,0,383,442,518,711
2886,0,383,442,518,711
2886,2,658,411,825,700
2887,0,383,442,518,711
2887,2,658,411,825,701
2888,2,658,411,825,701
2888,0,383,442,518,711
2889,0,383,442,518,711
2889,2,658,410,825,701
2890,2,658,411,825,701
2890,0,384,442,518,711
2891,0,383,442,518,711
2891,2,658,411,824,700
2892,2,658,410,824,699
2892,0,383,442,518,710
2893,0,383,442,518,711
2893,2,658,410,824,700
2894,0,383,442,518,710
2894,2,658,410,823,701
2895,2,658,409,823,700
2895,0,383,442,519,711
2896,0,384,441,518,711
2896,2,658,409,821,700
2897,0,383,441,518,711
2897,2,658,409,820,700
2898,0,383,441,518,711
2898,2,658,409,818,700
2899,0,383,441,518,711
2899,2,658,408,816,700
2900,0,383,441,518,710
2900,2,658,408,815,700
2901,0,383,441,519,711
2901,2,658,408,813,700
2902,0,383,441,519,710
2902,2,658,407,811,700
2903,0,382,441,518,710
2903,2,658,407,810,701
2904,0,382,441,518,710
2904,2,657,407,809,701
2905,0,381,440,518,710
2905,2,657,407,808,701
2906,2,657,407,807,701
2906,0,381,440,517,710
2907,2,657,407,807,700
2907,0,380,438,518,710
2908,2,657,407,807,700
2908,0,380,439,518,710
2909,2,657,407,807,699
2909,0,380,438,518,710
2910,2,657,407,807,699
2910,0,380,438,517,710
2911,0,380,438,517,710
2911,2,657,407,808,699
2912,2,656,407,808,699
2912,0,379,437,517,711
2913,2,656,408,809,700
2913,0,379,435,517,711
2914,2,656,408,810,701
2914,0,378,431,517,712
2915,2,656,408,812,700
2915,0,378,426,517,712
2916,0,378,425,517,711
2916,2,656,408,813,701
2917,2,656,409,813,701
2917,0,377,423,517,711
2918,2,656,409,814,699
2918,0,377,420,517,711
2919,2,656,409,815,698
2919,0,377,417,517,712
2920,2,656,410,815,699
2920,0,377,414,516,712
2920,30,658,410,814,549
2921,2,656,410,814,699
2921,30,658,410,814,549
2921,0,377,412,516,712
2922,30,658,410,813,549
2922,2,656,410,814,698
2922,0,377,409,517,712
2923,2,656,411,813,698
2923,0,378,407,518,712
2923,31,378,407,514,582
2924,2,656,411,812,697
2924,0,380,405,518,712
2924,31,379,405,515,577
2925,2,656,411,810,698
2925,0,382,402,520,712
2925,31,382,403,515,569
2926,2,656,410,808,697
2926,0,383,400,521,712
2926,31,383,400,515,564
2927,2,656,410,807,698
2927,0,385,397,520,712
2927,31,386,397,516,562
2928,2,656,410,806,698
2928,0,386,396,520,712
2928,31,386,396,517,550
2929,2,656,410,806,697
2929,0,390,394,522,711
2929,31,389,394,518,543
2930,2,655,410,807,696
2930,0,390,393,523,711
2930,31,392,393,518,531
2931,2,656,410,807,696
2931,0,391,391,524,711
2932,2,656,410,807,696
2932,0,392,390,523,712
2933,2,656,410,807,696
2933,0,393,388,523,712
2934,2,656,411,808,696
2934,0,393,387,523,711
2935,2,656,411,808,698
2935,0,393,387,522,710
2936,0,393,386,522,710
2936,2,657,411,808,697
2937,2,657,411,808,697
2937,0,393,386,521,711
2938,2,657,411,808,697
2938,0,394,386,522,711
2939,2,657,411,808,698
2939,0,395,386,522,710
2940,2,657,410,808,698
2940,0,396,386,522,711
2941,0,397,386,522,710
2941,2,657,410,808,696
2942,2,657,410,808,696
2942,0,397,386,522,709
2943,0,398,386,523,710
2943,2,657,411,809,702
2944,0,397,386,523,709
2944,2,658,411,810,700
2945,2,658,411,810,698
2945,0,398,386,522,711
2946,2,658,410,810,700
2946,0,397,386,523,709
2947,0,397,385,523,709
2947,2,658,410,810,705
2948,2,658,410,810,705
2948,0,398,385,522,710
2949,0,398,385,522,710
2949,2,658,410,810,707
2950,0,398,386,522,709
2950,2,659,410,810,708
2951,2,659,410,810,709
2951,0,398,386,522,708
2952,0,398,387,523,709
2952,2,659,411,810,712
2953,2,659,411,810,712
2953,0,398,387,523,708
2954,2,659,411,811,711
2954,0,399,388,524,708
2955,2,659,411,811,711
2955,0,398,387,524,708
2956,2,660,411,811,711
2956,0,399,387,524,707
2957,2,659,411,811,711
2957,0,399,388,525,706
2958,2,659,411,811,711
2958,0,399,388,525,705
2959,2,660,411,812,711
2959,0,399,387,526,705
2960,2,660,411,811,711
2960,0,399,386,526,704
2961,2,660,411,811,711
2961,0,399,385,526,706
2962,2,660,411,811,711
2962,0,398,384,526,706
2963,2,660,411,811,711
2963,0,399,383,526,707
2964,2,660,411,812,711
2964,0,399,381,526,707
2965,2,660,410,812,710
2965,0,399,380,526,704
2965,32,402,381,525,506
2966,2,660,411,812,711
2966,0,398,379,526,702
2967,2,660,410,812,710
2967,0,398,379,526,703
2968,2,660,410,812,710
2968,0,398,379,525,702
2969,2,660,410,812,709
2969,0,398,379,525,702
2970,2,660,409,811,710
2970,0,397,380,524,703
2971,0,396,379,524,704
2971,2,660,409,811,707
2972,2,659,409,811,708
2972,0,396,380,524,706
2973,2,659,408,811,708
2973,0,394,380,524,707
2974,2,659,408,811,707
2974,0,391,380,524,706
2975,2,659,408,811,707
2975,0,389,379,524,708
2976,2,659,408,811,706
2976,0,387,379,524,708
2976,32,387,380,523,528
2977,2,658,406,811,708
2977,0,384,379,524,708
2977,32,384,380,523,530
2978,2,659,407,811,704
2978,0,381,378,524,708
2978,32,380,380,523,534
2979,2,658,406,811,705
2979,0,379,379,524,707
2979,32,378,379,523,537
2980,0,377,378,524,707
2980,32,376,379,523,538
2980,2,658,406,811,698
2981,0,375,379,524,707
2981,32,374,379,523,539
2981,2,658,406,811,708
2982,2,658,405,811,708
2982,0,375,379,524,709
2983,0,375,379,524,709
2983,2,659,405,811,707
2984,0,375,379,524,708
2984,2,659,405,811,706
2985,2,659,404,811,707
2985,0,375,379,524,706
2986,2,659,404,811,707
2986,0,375,379,524,705
2987,0,375,380,524,706
2987,2,659,404,811,706
2988,2,659,404,811,705
2988,0,375,380,524,709
2989,2,660,404,811,706
2989,0,375,381,524,710
2990,2,660,404,812,707
2990,0,375,381,524,708
2991,2,660,404,812,708
2991,0,375,381,524,707
2992,2,660,404,811,708
2992,0,375,381,524,707
2993,2,660,404,812,709
2993,0,376,382,524,709
2994,2,660,404,812,710
2994,0,376,382,524,708
2995,2,660,404,812,710
2995,0,376,382,524,702
2996,2,660,404,812,712
2996,0,377,383,525,699
2997,0,377,383,525,699
2997,2,660,403,812,712
2998,2,660,403,812,712
2998,0,378,382,524,699
2998,33,661,404,811,547
2999,33,661,404,811,547
2999,2,660,403,812,710
2999,0,379,383,525,698
3000,33,661,404,811,547
3000,2,660,403,812,708
3000,0,381,383,525,700
3001,2,660,404,812,706
3001,0,383,383,525,698
3001,34,383,384,523,544
3002,2,660,404,812,703
3002,0,386,384,524,697
3002,34,385,384,523,541
3003,2,660,404,811,701
3003,0,387,384,525,698
3003,34,388,385,525,541
3004,2,660,404,812,703
3004,0,390,384,526,698
3004,34,391,385,526,541
3005,2,660,404,811,704
3005,0,394,385,526,696
3005,34,394,385,526,533
3006,0,396,384,526,696
3006,2,660,404,812,697
3007,2,660,404,812,698
3007,0,396,384,526,697
3008,0,395,385,527,697
3008,2,660,404,811,696
3009,0,395,385,527,696
3009,2,660,404,811,699
3010,2,660,404,811,704
3010,0,396,385,527,694
3011,0,396,385,528,694
3011,2,660,404,811,700
3012,0,396,385,529,693
3012,2,660,404,811,703
3013,2,660,404,811,705
3013,0,396,385,530,693
3014,2,660,404,811,707
3014,0,396,385,530,692
3015,2,660,404,811,706
3015,0,397,385,531,692
3016,2,660,404,811,706
3016,0,397,385,532,693
3017,2,660,403,811,703
3017,0,398,385,533,694
3018,2,660,403,811,702
3018,0,398,384,533,694
3019,0,398,384,534,695
3019,2,660,403,811,704
3020,2,660,402,811,703
3020,0,399,384,535,696
3021,2,660,402,811,702
3021,0,398,384,536,696
3022,0,398,384,537,696
3022,2,659,401,811,706
3023,2,659,401,811,705
3023,0,398,384,537,695
3024,0,398,381,537,694
3024,2,659,401,811,709
3025,2,659,401,811,711
3025,0,399,381,538,695
3026,0,399,381,538,695
3026,2,659,401,811,711
3027,0,399,381,537,695
3027,2,658,400,811,715
3028,0,399,380,537,696
3028,2,658,400,811,713
3029,0,399,380,537,695
3029,2,658,400,811,711
3030,2,658,400,811,710
3030,0,399,380,537,696
3031,0,399,380,537,699
3031,2,659,400,811,705
3032,0,398,380,537,700
3032,2,659,400,811,703
3033,2,659,400,811,704
3033,0,398,380,536,697
3034,2,659,400,811,703
3034,0,397,381,536,696
3035,2,659,400,811,702
3035,0,398,381,535,695
3036,2,659,400,811,703
3036,0,398,379,535,695
3037,2,659,400,811,703
3037,0,399,379,532,695
3038,2,659,400,811,703
3038,0,399,379,529,696
3039,2,659,400,811,703
3039,0,400,379,528,697
3040,2,659,399,811,704
3040,0,400,379,526,699
3041,2,660,399,811,705
3041,0,399,380,526,697
3042,2,660,399,811,706
3042,0,399,380,525,698
3043,0,399,380,525,698
3043,2,660,400,811,706
3044,2,660,399,811,707
3044,0,399,381,525,699
3045,2,660,399,811,707
3045,0,399,381,525,699
3046,2,660,399,811,708
3046,0,398,382,525,699
3047,2,660,399,811,708
3047,0,397,382,526,699
3048,2,660,400,811,708
3048,0,397,382,526,702
3049,2,661,399,811,708
3049,0,397,382,526,700
3050,2,661,400,811,708
3050,0,397,382,526,699
3051,2,661,399,811,708
3051,0,397,383,526,699
3052,2,661,400,812,707
3052,0,397,383,526,699
3053,2,661,400,812,707
3053,0,396,384,526,698
3054,2,661,400,812,707
3054,0,397,385,526,698
3055,0,397,385,527,698
3055,2,661,400,812,708
3056,2,661,400,812,708
3056,0,397,386,527,699
3057,2,661,400,812,708
3057,0,396,386,527,699
3058,2,661,400,812,709
3058,0,396,387,528,698
3059,2,661,400,812,708
3059,0,396,387,527,698
3060,2,662,400,812,708
3060,0,397,388,527,698
3061,2,662,400,812,708
3061,0,397,388,527,697
3062,2,662,400,812,708
3062,0,398,389,528,698
3063,2,661,400,813,708
3063,0,399,389,528,700
3064,2,661,399,813,709
3064,0,398,389,529,699
3065,0,398,389,529,699
3065,2,662,400,813,708
3066,2,662,400,813,709
3066,0,398,390,529,699
3067,2,662,400,813,709
3067,0,398,389,528,699
3068,2,662,400,813,709
3068,0,399,390,529,700
3069,2,662,400,813,708
3069,0,399,390,529,699
3070,2,662,400,813,708
3070,0,398,390,530,699
3071,2,662,400,813,708
3071,0,398,390,530,698
3072,2,662,400,813,708
3072,0,398,391,529,698
3073,2,662,400,813,707
3073,0,399,391,529,700
3074,2,662,400,813,708
3074,0,399,391,529,697
3075,2,662,400,813,708
3075,0,399,391,529,699
3076,2,662,400,813,708
3076,0,398,391,529,699
3077,2,662,400,813,709
3077,0,399,391,529,700
3078,2,662,400,813,708
3078,0,399,391,529,699
3079,0,399,391,530,699
3079,2,662,399,813,709
3080,0,399,391,530,698
3080,2,662,399,813,710
3081,2,662,399,813,710
3081,0,400,390,529,699
3082,0,400,390,529,699
3082,2,662,399,813,711
3083,0,399,391,529,699
3083,2,662,400,813,717
3084,0,399,391,530,698
3084,2,662,399,813,712
3085,0,399,390,530,699
3085,2,662,399,813,713
3086,0,399,390,530,698
3086,2,662,399,813,711
3087,2,662,399,813,712
3087,0,400,390,529,698
3088,2,662,398,813,711
3088,0,399,390,529,696
3089,2,662,398,813,711
3089,0,400,390,529,694
3090,2,662,399,813,712
3090,0,400,390,529,694
3091,0,400,389,529,694
3091,2,662,398,813,710
3092,0,400,389,529,693
3092,2,662,400,812,716
3093,0,399,389,529,692
3093,2,662,399,812,707
3094,2,662,399,812,708
3094,0,399,389,529,692
3095,0,399,390,528,692
3095,2,661,398,812,706
3096,0,399,389,528,692
3096,2,662,400,812,711
3097,0,399,389,528,692
3097,2,662,398,812,706
3098,2,662,398,812,706
3098,0,399,389,528,692
3099,2,662,398,812,707
3099,0,399,389,528,692
3100,2,662,398,812,706
3100,0,398,389,528,691
3101,2,661,398,812,707
3101,0,398,389,528,690
3102,2,661,398,812,706
3102,0,399,389,528,688
3103,2,661,398,812,705
3103,0,398,389,528,689
3104,2,661,398,811,705
3104,0,398,389,528,690
3105,2,661,398,811,705
3105,0,397,389,528,689
3106,2,660,398,811,705
3106,0,397,389,528,688
3107,0,397,389,528,689
3107,2,660,397,811,703
3108,0,397,389,528,688
3108,2,660,398,811,702
3109,0,397,389,527,688
3109,2,660,398,811,699
3110,0,397,389,527,688
3110,2,660,398,811,698
3111,0,397,389,527,688
3111,2,660,398,811,698
3112,0,397,389,527,688
3112,2,660,397,811,699
3113,0,397,389,527,688
3113,2,659,397,811,702
3114,0,397,389,527,689
3114,2,660,397,811,705
3115,0,397,389,527,690
3115,2,659,398,811,706
3116,2,660,398,811,706
3116,0,397,389,527,692
3117,0,397,389,527,693
3117,2,660,398,811,705
3118,2,660,398,811,707
3118,0,397,389,527,695
3119,0,397,389,527,695
3119,2,661,398,811,706
3120,0,397,389,528,695
3120,2,661,398,812,709
3121,0,397,389,528,693
3121,2,660,398,812,712
3122,0,397,389,528,693
3122,2,660,398,812,710
3123,0,397,389,528,693
3123,2,660,398,812,711
3124,0,397,389,528,692
3124,2,660,397,812,713
3125,0,397,389,528,692
3125,2,660,397,812,713
3126,0,397,389,528,693
3126,2,661,398,812,711
3127,0,397,389,528,694
3127,2,661,397,812,709
3128,2,660,397,812,708
3128,0,397,389,528,696
3129,0,397,389,528,696
3129,2,661,397,812,707
3130,2,660,397,811,707
3130,0,397,389,527,697
3131,0,396,389,527,697
3131,2,660,397,811,705
3132,0,397,389,527,697
3132,2,660,397,811,706
3133,0,397,389,527,698
3133,2,660,397,811,705
3134,2,660,397,811,705
3134,0,396,389,527,696
3135,2,660,397,811,705
3135,0,397,389,527,695
3136,2,660,397,811,705
3136,0,397,389,528,695
3137,2,661,397,812,705
3137,0,397,388,528,696
3138,2,661,397,812,705
3138,0,397,388,528,695
3139,0,397,388,529,696
3139,2,660,396,812,705
3140,0,397,388,528,696
3140,2,660,396,812,707
3141,0,397,388,528,696
3141,2,660,397,812,708
3142,0,397,388,527,695
3142,2,661,397,811,704
3143,0,397,388,527,696
3143,2,660,397,811,703
3144,0,397,388,527,696
3144,2,661,397,811,704
3145,2,660,397,811,704
3145,0,397,388,527,695
3146,2,660,397,811,705
3146,0,397,388,527,694
3147,0,397,389,527,695
3147,2,661,397,811,705
3148,2,660,397,811,706
3148,0,397,389,527,695
3149,0,397,389,527,696
3149,2,661,397,811,705
3150,0,397,389,528,696
3150,2,661,397,812,707
3151,0,397,389,528,696
3151,2,661,397,812,706
3152,2,661,397,812,706
3152,0,397,389,527,698
3153,2,661,397,812,705
3153,0,398,389,527,696
3154,2,661,397,812,706
3154,0,398,389,528,695
3155,0,398,389,528,695
3155,2,661,396,812,708
3156,0,398,389,528,695
3156,2,661,396,812,708
3157,0,398,389,528,696
3157,2,661,396,812,707
3158,0,399,389,528,696
3158,2,661,396,812,709
3159,0,399,389,528,696
3159,2,661,396,812,711
3160,0,399,389,528,697
3160,2,661,396,812,711
3161,0,398,389,528,697
3161,2,661,397,812,712
3162,0,398,389,528,696
3162,2,661,397,812,712
3163,0,398,389,528,696
3163,2,661,398,812,714
3164,0,398,389,528,697
3164,2,661,398,812,713
3165,0,398,388,528,697
3165,2,661,398,812,708
3166,0,397,388,527,698
3166,2,660,397,812,709
3167,0,397,387,528,697
3167,2,660,397,812,707
3168,0,398,385,528,697
3168,2,661,398,812,704
3169,0,398,383,528,697
3169,2,661,397,812,707
3170,0,398,382,528,698
3170,2,661,396,812,706
3171,2,661,396,812,708
3171,0,398,381,528,698
3172,2,661,396,812,708
3172,0,398,381,528,698
3173,2,661,396,812,709
3173,0,399,380,529,698
3174,0,400,379,529,698
3174,2,661,396,812,703
3175,0,400,378,529,698
3175,2,662,395,812,705
3176,2,662,395,812,705
3176,0,400,377,529,698
3177,2,662,395,812,705
3177,0,401,374,529,697
3178,0,401,374,529,696
3178,2,661,394,813,708
3179,0,401,374,529,696
3179,2,662,394,813,707
3180,0,401,373,529,697
3180,2,662,393,813,705
3180,35,663,395,813,538
3181,0,401,373,529,698
3181,2,662,393,812,707
3181,35,663,394,812,539
3182,35,663,394,812,539
3182,0,401,371,529,698
3182,2,662,393,812,705
3183,35,663,394,812,539
3183,2,662,393,812,706
3183,0,401,370,529,697
3184,0,401,369,529,697
3184,2,662,392,812,705
3184,35,663,393,812,539
3185,35,663,393,812,538
3185,0,401,367,529,696
3185,2,662,392,812,703
3186,0,401,367,528,696
3186,2,662,391,812,703
3186,35,663,392,812,537
3187,0,400,366,529,697
3187,35,663,391,812,537
3187,2,662,391,812,701
3188,0,400,366,529,697
3188,2,662,390,812,700
3188,35,663,390,812,536
3189,0,400,365,529,697
3189,35,663,389,812,537
3189,2,662,389,812,703
3190,0,400,365,529,696
3190,2,662,389,812,703
3190,35,663,388,812,535
3191,2,662,388,812,703
3191,35,662,387,812,535
3191,0,399,365,528,697
3192,0,399,365,527,696
3192,2,662,387,812,701
3192,35,662,386,812,534
3193,0,399,364,527,695
3193,2,662,385,811,699
3193,35,662,384,811,533
3194,0,398,364,527,695
3194,35,662,384,812,532
3194,2,662,384,812,696
3195,0,398,363,527,695
3195,2,662,383,811,698
3195,35,662,383,811,534
3196,0,398,363,526,696
3196,2,662,382,812,699
3196,35,662,382,812,533
3197,0,398,363,526,695
3197,35,662,380,811,534
3197,2,661,381,812,703
3198,0,398,363,526,695
3198,2,661,380,812,703
3198,35,662,380,811,533
3198,36,400,364,527,508
3199,0,398,363,526,695
3199,35,662,380,811,534
3199,2,662,379,811,704
3200,2,662,379,811,704
3200,0,398,363,525,694
3200,36,399,364,526,509
3200,35,662,379,811,531
3201,0,398,363,525,693
3201,35,662,379,811,531
3201,2,662,379,811,706
3202,2,662,378,811,707
3202,35,662,379,810,532
3202,0,399,363,525,694
3203,0,399,362,525,694
3203,2,662,378,810,706
3203,35,662,378,810,534
3204,0,398,362,525,694
3204,2,662,377,810,707
3204,35,662,377,810,535
3205,0,398,362,525,694
3205,2,662,376,810,707
3205,35,662,377,810,534
3206,0,398,362,525,694
3206,35,663,377,810,534
3206,2,662,377,810,707
3206,36,398,363,525,518
3207,0,398,362,524,694
3207,35,663,376,810,534
3207,2,663,375,810,708
3208,0,398,362,524,693
3208,2,662,375,810,707
3208,35,663,375,810,535
3209,0,398,362,524,693
3209,2,663,375,810,707
3209,35,663,375,810,534
3209,36,398,363,524,524
3210,2,663,375,810,707
3210,0,398,361,524,693
3210,35,663,374,809,533
3210,36,400,363,524,524
3211,0,398,361,524,694
3211,2,663,373,809,708
3211,35,663,374,809,534
3211,36,399,363,524,522
3212,0,399,361,524,694
3212,2,663,373,809,708
3212,35,663,374,809,533
3213,0,399,361,524,694
3213,2,663,373,809,708
3213,35,663,374,808,533
3214,2,663,373,809,708
3214,0,399,361,524,694
3214,35,663,373,809,534
3215,2,663,373,809,707
3215,35,663,373,809,535
3215,0,399,361,525,693
3216,2,664,373,809,707
3216,35,663,373,809,535
3216,0,398,361,525,693
3217,0,398,361,526,692
3217,2,664,372,809,707
3217,35,664,372,809,535
3217,36,399,363,526,533
3218,2,664,372,809,707
3218,0,398,361,526,693
3218,35,664,372,808,534
3219,0,398,361,526,693
3219,2,663,372,809,708
3219,35,663,372,808,534
3220,0,398,361,526,693
3220,2,663,371,809,707
3220,35,663,372,808,534
3221,2,663,371,809,707
3221,0,398,361,527,693
3221,35,663,372,808,532
3221,36,400,363,527,528
3222,2,663,371,809,707
3222,35,663,372,808,531
3222,36,400,363,527,527
3222,0,398,362,527,692
3223,0,398,362,528,692
3223,2,662,371,808,707
3223,35,663,372,808,531
3224,2,662,371,808,707
3224,35,663,372,808,531
3224,0,398,362,528,692
3225,2,662,371,808,707
3225,0,398,362,528,692
3225,35,663,371,808,533
3226,0,398,362,528,692
3226,2,662,370,808,707
3226,35,663,371,808,534
3226,36,400,363,528,524
3227,2,662,370,808,708
3227,36,400,363,528,524
3227,0,398,362,528,693
3227,35,662,371,808,535
3228,0,398,362,528,693
3228,2,662,369,808,708
3228,36,400,363,528,525
3228,35,662,370,807,532
3229,0,398,362,529,694
3229,36,400,363,529,524
3229,2,662,368,808,709
3229,35,662,369,807,533
3230,0,398,362,528,694
3230,2,662,367,807,709
3230,36,400,363,528,524
3231,2,662,366,807,709
3231,0,398,362,528,693
3232,2,661,366,807,709
3232,0,398,362,528,692
3233,2,661,365,807,708
3233,0,398,362,529,692
3234,2,661,365,807,708
3234,0,398,362,530,692
3235,2,661,365,807,708
3235,0,398,362,530,693
3236,2,661,364,807,708
3236,0,398,362,529,693
3237,2,661,364,807,708
3237,0,398,362,527,693
3237,35,661,365,806,532
3238,2,661,364,806,708
3238,35,661,364,806,531
3238,0,398,362,526,693
3239,2,660,364,806,708
3239,0,398,362,524,693
3239,36,399,363,524,520
3240,2,661,364,806,708
3240,0,398,362,523,692
3240,36,399,363,523,521
3241,0,398,362,523,692
3241,2,661,364,806,708
3241,36,399,364,523,521
3242,0,398,362,523,692
3242,2,661,364,806,708
3243,35,661,365,806,531
3243,2,660,364,806,708
3243,0,398,363,524,693
3244,0,398,363,524,693
3244,2,661,364,806,708
3245,2,661,364,807,708
3245,0,398,364,524,693
3246,0,398,365,524,693
3246,2,661,364,807,708
3246,35,661,364,807,528
3247,0,397,365,524,693
3247,2,661,364,808,707
3247,35,661,364,808,529
3248,2,661,363,809,707
3248,0,397,366,523,691
3248,35,661,364,809,533
3249,0,397,367,523,691
3249,2,661,363,810,707
3249,35,661,364,810,532
3250,2,661,363,811,707
3250,0,397,368,523,692
3251,2,661,364,811,707
3251,0,396,370,523,693
3251,35,661,364,811,528
3252,0,396,371,523,693
3252,2,661,365,812,707
3252,36,395,372,522,524
3253,2,661,366,812,707
3253,0,396,372,523,693
3253,36,394,374,522,525
3253,35,661,367,812,528
3254,2,661,367,812,707
3254,0,395,374,523,693
3254,35,661,368,812,525
3254,36,394,376,522,523
3255,2,661,368,812,707
3255,0,395,375,523,691
3255,35,661,369,812,525
3255,36,394,376,522,522
3256,0,395,375,522,691
3256,2,661,369,812,707
3256,36,394,376,522,522
3257,2,661,370,812,706
3257,0,395,376,522,692
3257,36,395,377,522,522
3258,2,661,370,812,706
3258,0,396,376,522,692
3258,36,395,377,521,522
3259,0,396,377,522,692
3259,2,661,371,812,707
3259,36,395,378,521,521
3260,2,661,371,812,707
3260,36,395,378,521,521
3260,0,396,377,522,693
3261,2,661,371,812,706
3261,0,395,377,522,693
3261,36,395,378,521,520
3262,2,660,371,812,706
3262,36,395,378,521,520
3262,0,395,377,522,691
3263,2,660,372,812,706
3263,0,395,377,522,691
3263,36,395,378,521,520
3263,35,661,372,812,527
3264,2,660,372,812,706
3264,0,395,377,522,692
3264,36,395,378,521,519
3265,0,395,378,522,692
3265,2,660,372,812,706
3265,36,395,379,521,519
3265,35,661,372,813,529
3266,0,395,377,522,692
3266,2,660,373,812,707
3266,35,661,372,812,528
3266,36,395,378,521,520
3267,0,395,377,522,692
3267,2,660,373,812,706
3267,36,395,378,521,520
3267,35,661,373,812,526
3268,2,660,373,812,706
3268,0,395,377,522,692
3268,35,661,373,812,525
3268,36,395,378,521,520
3269,36,395,378,521,521
3269,2,660,373,812,706
3269,0,395,377,522,691
3269,35,661,373,812,528
3270,2,660,373,812,705
3270,0,396,377,522,691
3270,36,395,378,521,521
3270,35,661,373,812,529
3271,2,660,373,812,705
3271,36,395,378,521,521
3271,0,396,378,522,691
3271,35,661,373,812,528
3272,35,660,373,812,528
3272,2,660,373,812,705
3272,0,395,378,522,692
3272,36,395,379,521,520
3273,36,395,379,521,520
3273,2,659,373,812,705
3273,0,396,379,521,694
3273,35,660,373,812,529
3274,2,659,373,812,705
3274,36,395,379,520,520
3274,35,660,373,812,528
3274,0,396,379,521,692
3275,2,659,373,812,705
3275,0,395,380,521,691
3275,36,395,380,520,519
3275,35,660,373,812,526
3276,0,395,380,521,691
3276,2,659,373,812,705
3276,35,660,373,812,527
3276,36,395,380,520,518
3277,2,659,373,812,705
3277,0,395,380,521,690
3277,36,394,380,520,519
3278,0,395,380,521,691
3278,36,394,380,520,519
3278,2,659,373,812,705
3279,2,659,373,812,706
3279,36,394,381,520,519
3279,0,394,380,520,692
3280,2,659,373,812,706
3280,36,394,381,520,519
3280,0,394,380,520,692
3280,35,660,373,812,526
3281,36,394,381,520,519
3281,35,660,372,812,526
3281,2,659,372,812,705
3281,0,394,381,520,692
3282,2,659,372,812,704
3282,0,394,381,520,691
3282,36,394,381,520,519
3282,35,660,372,812,525
3283,36,394,381,519,519
3283,2,658,372,811,704
3283,0,394,380,519,691
3283,35,660,372,812,520
3284,35,660,372,812,520
3284,0,394,380,520,692
3284,36,394,381,520,519
3284,2,658,372,813,703
3285,0,394,380,519,692
3285,35,660,372,812,520
3285,36,394,381,519,519
3285,2,658,371,811,704
3286,36,394,381,519,519
3286,2,658,372,812,705
3286,35,659,371,812,520
3286,0,394,380,519,693
3287,2,658,371,811,705
3287,35,659,371,811,521
3287,36,393,381,519,518
3287,0,393,381,519,696
3288,2,658,371,811,705
3288,0,393,381,519,697
3288,35,659,371,811,521
3288,36,394,382,519,519
3289,36,394,382,519,519
3289,0,393,381,519,696
3289,2,658,371,811,705
3290,2,659,371,811,704
3290,36,394,382,519,519
3290,0,393,381,519,693
3291,36,394,382,519,519
3291,2,659,370,811,704
3291,0,393,381,519,693
3291,35,659,371,811,523
3292,36,394,382,519,518
3292,0,394,381,519,692
3292,35,660,370,811,520
3292,2,658,370,812,702
3293,36,394,382,519,518
3293,0,394,381,519,693
3293,2,658,370,812,701
3294,36,394,382,519,518
3294,2,658,370,811,700
3294,0,394,381,519,695
3295,36,394,382,519,518
3295,0,394,381,519,695
3295,2,658,369,811,703
3296,2,658,369,811,702
3296,0,394,381,519,695
3296,36,394,382,519,519
3297,0,394,381,518,693
3297,36,394,382,519,520
3297,2,658,369,811,699
3298,36,394,382,519,520
3298,0,394,381,519,692
3298,2,658,369,810,702
3299,2,658,369,810,702
3299,0,394,382,518,691
3299,36,394,382,519,521
3300,0,394,382,519,692
3300,36,394,383,519,522
3300,2,658,369,811,699
3300,35,659,369,810,523
3301,36,394,383,518,521
3301,0,394,382,518,695
3301,2,658,368,810,701
3301,35,659,368,810,533
3302,2,658,368,810,701
3302,35,659,368,810,532
3302,36,394,383,518,521
3302,0,394,382,518,697
3303,0,394,382,518,697
3303,36,394,383,518,521
3303,35,659,369,810,532
3303,2,657,368,811,699
3304,35,659,368,809,532
3304,2,657,368,810,699
3304,0,394,382,518,698
3304,36,394,383,518,520
3305,36,393,383,518,520
3305,2,657,368,810,698
3305,0,393,382,518,697
3306,2,657,368,810,698
3306,0,393,382,518,696
3306,36,393,383,518,521
3306,35,659,368,809,529
3307,0,393,382,518,696
3307,36,393,384,518,521
3307,2,657,368,809,698
3307,35,659,368,809,531
3308,2,657,368,809,698
3308,36,393,384,518,521
3308,0,393,382,518,698
3308,35,659,368,808,528
3309,0,393,382,518,698
3309,2,657,367,809,697
3309,36,393,383,518,522
3309,35,659,368,808,526
3310,0,393,382,518,698
3310,36,393,383,518,522
3310,2,657,367,809,698
3310,35,659,367,808,528
3311,2,657,367,809,698
3311,0,393,382,518,697
3311,36,393,383,518,523
3311,35,659,367,809,531
3312,2,657,368,809,698
3312,36,393,383,518,524
3312,35,659,368,809,531
3312,0,393,382,518,695
3313,36,393,383,518,523
3313,0,393,382,518,694
3313,2,658,367,810,698
3313,35,659,368,809,533
3314,0,393,381,518,693
3314,36,393,382,518,523
3314,2,658,368,810,699
3314,35,659,368,809,532
3315,36,393,382,518,523
3315,2,658,367,810,698
3315,35,660,368,809,533
3315,0,393,381,518,697
3316,2,658,367,810,698
3316,36,393,382,518,523
3316,0,394,381,519,699
3316,35,660,367,809,526
3317,0,394,381,519,698
3317,2,658,367,811,698
3317,36,393,382,518,523
3317,35,660,367,810,532
3318,2,659,367,811,697
3318,36,394,382,518,523
3318,0,394,380,519,697
3318,35,660,367,810,531
3319,2,659,366,811,697
3319,35,660,367,810,530
3319,36,394,381,519,523
3319,0,395,381,519,693
3320,0,395,381,519,693
3320,36,394,381,519,522
3320,2,659,367,811,696
3320,35,660,367,810,523
3321,36,394,381,519,522
3321,0,395,381,520,693
3321,2,659,366,811,696
3321,35,661,367,810,525
3322,0,395,381,520,693
3322,36,394,381,519,522
3322,2,660,368,812,696
3322,35,661,369,811,524
3323,0,395,381,520,693
3323,2,660,368,812,696
3323,36,394,381,519,523
3323,35,661,369,811,523
3324,36,394,381,519,523
3324,0,395,380,520,692
3324,2,660,370,812,696
3324,35,661,370,811,523
3325,2,660,370,812,696
3325,0,395,381,520,692
3325,36,394,381,519,522
3325,35,661,370,811,521
3326,0,395,380,520,691
3326,2,660,370,812,696
3326,36,394,380,519,522
3326,35,661,371,811,521
3327,2,659,370,812,696
3327,0,395,380,519,691
3327,36,394,380,519,522
3327,35,661,371,811,523
3328,2,659,370,812,696
3328,0,395,380,519,690
3328,36,394,380,519,522
3328,35,661,371,811,518
3329,36,394,380,519,522
3329,2,659,370,812,696
3329,0,395,380,520,691
3329,35,661,371,811,519
3330,0,395,380,519,692
3330,36,395,380,519,523
3330,2,659,370,812,696
3330,35,661,370,811,522
3331,0,396,379,520,692
3331,2,659,370,812,696
3331,36,395,380,518,523
3331,35,661,370,811,520
3332,0,395,379,520,692
3332,2,659,369,812,696
3332,36,394,380,518,523
3332,35,661,370,811,521
3333,2,659,369,811,696
3333,0,395,379,519,692
3333,36,394,380,518,522
3333,35,661,369,811,527
3334,36,394,379,518,522
3334,0,395,379,519,691
3334,2,659,369,810,697
3334,35,660,370,810,528
3335,2,660,369,810,697
3335,36,393,379,517,522
3335,0,394,379,519,691
3335,35,660,369,810,527
3336,36,393,379,517,522
3336,2,659,369,810,696
3336,0,393,379,519,691
3336,35,660,369,810,528
3337,36,393,379,517,521
3337,2,659,369,809,695
3337,0,393,379,519,693
3337,35,660,369,809,527
3338,2,659,369,809,695
3338,0,392,379,518,693
3338,36,392,379,517,521
3338,35,660,369,809,528
3339,0,392,379,518,693
3339,36,392,379,517,520
3339,2,658,369,810,695
3339,35,660,369,809,530
3340,2,658,369,809,695
3340,36,392,379,517,520
3340,0,391,379,518,692
3340,35,660,369,808,528
3341,2,658,369,809,694
3341,36,391,379,517,520
3341,0,391,379,518,691
3341,35,660,369,808,525
3342,0,391,379,518,690
3342,36,391,379,517,521
3342,2,658,368,809,694
3342,35,659,368,808,525
3343,2,658,368,809,694
3343,0,391,379,518,691
3343,36,391,379,516,521
3343,35,659,368,808,522
3344,36,391,379,516,521
3344,0,391,379,517,692
3344,2,657,368,808,694
3344,35,659,368,807,521
3345,36,391,379,516,521
3345,2,657,368,808,694
3345,0,391,379,518,691
3346,2,657,368,809,694
3346,36,391,379,517,520
3346,0,391,379,518,690
3347,0,392,379,518,690
3347,2,658,368,809,694
3347,36,392,379,517,519
3347,35,659,368,808,519
3348,2,657,368,809,694
3348,36,392,379,517,519
3348,0,392,379,518,690
3348,35,659,368,808,518
3349,0,392,379,518,690
3349,2,657,368,809,694
3349,36,392,379,517,520
3349,35,659,368,808,520
3350,36,392,379,517,520
3350,2,658,368,809,694
3350,0,392,379,518,691
3350,35,659,368,808,522
3351,2,658,368,809,694
3351,36,392,379,517,520
3351,0,392,379,518,691
3351,35,659,368,808,523
3352,0,392,379,518,691
3352,2,658,368,810,695
3352,36,392,379,517,520
3352,35,659,368,808,521
3353,36,392,379,517,520
3353,2,657,368,810,695
3353,0,392,378,518,691
3353,35,659,368,808,519
3354,2,657,367,810,695
3354,36,392,379,517,521
3354,0,392,378,518,689
3354,35,659,367,809,518
3355,0,392,378,518,689
3355,36,392,379,517,521
3355,2,658,367,810,695
3355,35,659,367,809,518
3356,36,392,379,517,521
3356,0,393,378,518,689
3356,35,659,367,809,518
3356,2,658,367,810,694
3357,36,392,379,517,521
3357,2,658,367,810,695
3357,0,393,378,518,691
3357,35,659,367,809,522
3358,0,393,378,518,691
3358,2,658,367,810,696
3358,35,659,367,808,521
3358,36,393,379,517,520
3359,2,658,366,810,696
3359,0,393,378,518,691
3359,36,393,379,517,520
3359,35,659,367,809,519
3360,2,658,367,810,696
3360,0,393,378,519,691
3360,35,660,367,809,519
3360,36,393,379,517,519
3361,0,394,378,519,690
3361,35,660,367,809,519
3361,2,658,366,811,695
3361,36,393,379,517,518
3362,2,658,366,811,695
3362,0,394,378,519,689
3362,36,393,379,517,518
3362,35,660,367,810,520
3363,0,394,378,518,689
3363,2,658,366,811,695
3363,35,660,367,810,520
3363,36,393,379,517,519
3364,35,660,367,810,520
3364,0,394,378,518,689
3364,2,659,366,811,695
3364,36,393,378,517,519
3365,2,659,366,811,695
3365,0,394,377,518,690
3365,36,393,378,517,518
3365,35,660,367,810,522
3366,2,659,366,811,695
3366,0,394,377,519,689
3366,36,393,378,518,517
3366,35,660,366,810,524
3367,2,659,366,811,695
3367,36,393,378,517,517
3367,0,394,377,519,690
3367,35,660,366,810,522
3368,36,393,378,517,517
3368,2,659,366,811,695
3368,0,394,377,519,689
3368,35,660,366,810,520
3369,2,659,366,811,696
3369,36,393,378,517,517
3369,0,394,377,518,688
3369,35,660,366,810,521
3370,2,659,366,811,696
3370,36,393,378,517,517
3370,0,393,377,518,688
3370,35,660,366,810,524
3371,2,659,365,811,695
3371,36,393,378,517,517
3371,0,393,377,518,689
3371,35,660,366,810,524
3372,2,658,366,811,695
3372,36,392,378,517,517
3372,0,393,377,518,688
3372,35,660,366,809,526
3373,36,392,378,517,517
3373,2,658,366,810,696
3373,0,392,377,518,687
3373,35,660,366,809,527
3374,2,658,366,810,696
3374,0,392,377,518,687
3374,36,392,378,517,518
3374,35,660,366,809,525
3375,36,392,378,517,518
3375,2,658,366,810,696
3375,0,392,377,518,687
3375,35,660,366,808,526
3376,2,658,366,810,696
3376,36,391,378,517,518
3376,0,392,377,518,684
3376,35,660,366,808,524
3377,35,659,366,808,524
3377,2,658,365,809,696
3377,36,391,378,517,518
3377,0,391,377,518,685
3378,2,658,365,809,696
3378,36,391,378,517,518
3378,0,391,377,518,686
3378,35,659,365,808,523
3379,0,391,377,518,686
3379,2,658,365,810,696
3379,36,391,378,517,517
3379,35,659,365,808,521
3380,0,391,378,518,686
3380,2,658,365,809,696
3380,35,659,365,808,521
3380,36,391,378,517,518
3381,0,391,378,518,686
3381,2,658,364,809,696
3381,36,391,378,517,518
3381,35,659,365,808,521
3382,35,659,365,808,521
3382,2,658,364,809,696
3382,36,391,378,517,518
3382,0,391,378,518,685
3383,2,658,364,809,696
3383,0,391,378,517,686
3383,36,391,378,516,518
3383,35,659,365,808,522
3384,2,658,364,809,696
3384,0,391,378,517,686
3384,36,391,378,516,517
3385,2,658,364,810,696
3385,0,391,378,517,686
3385,35,659,364,808,523
3385,36,391,379,516,518
3386,2,658,364,809,696
3386,0,391,378,517,687
3386,36,391,379,516,519
3386,35,659,364,808,525
3387,0,391,378,518,687
3387,2,658,363,809,696
3387,36,391,379,516,519
3387,35,659,364,808,527
3388,0,391,378,518,687
3388,2,658,363,810,696
3388,36,391,379,516,519
3388,35,659,364,808,525
3389,36,391,379,516,519
3389,2,658,363,810,696
3389,0,391,378,517,687
3389,35,659,364,808,526
3390,2,658,363,809,696
3390,36,390,379,516,519
3390,0,391,378,517,685
3390,35,659,363,808,524
3391,2,658,363,809,696
3391,0,391,378,517,686
3391,35,659,363,808,524
3391,36,391,379,516,520
3392,2,658,363,809,696
3392,0,391,378,517,686
3392,35,659,363,808,524
3392,36,391,379,516,521
3393,0,391,379,517,687
3393,2,658,363,810,696
3393,36,391,379,516,521
3394,0,391,379,517,687
3394,36,391,379,516,521
3394,2,658,363,809,696
3395,2,657,363,809,696
3395,0,391,379,517,688
3395,36,390,379,516,521
3396,0,390,379,517,688
3396,36,390,379,516,521
3396,2,657,363,808,696
3397,2,657,364,808,697
3397,0,390,379,517,688
3397,36,390,379,516,521
3398,2,657,364,808,697
3398,36,390,380,516,522
3398,0,390,379,517,686
3399,36,391,380,516,522
3399,2,657,365,809,697
3399,0,391,380,517,687
3400,2,657,365,809,697
3400,0,391,380,517,686
3400,36,391,381,516,522
3401,0,391,381,517,686
3401,2,658,366,810,696
3401,36,391,381,517,522
3401,35,659,366,809,523
3402,36,391,381,517,522
3402,0,391,381,517,686
3402,2,658,366,810,697
3402,35,660,366,809,525
3403,2,658,366,810,697
3403,36,391,381,517,523
3403,0,391,382,517,688
3403,35,660,367,809,524
3404,0,391,382,518,688
3404,2,658,366,810,697
3404,35,660,367,809,524
3404,36,391,381,517,524
3405,2,659,366,810,697
3405,0,391,382,518,689
3405,35,660,367,809,523
3405,36,391,382,517,524
3406,36,391,382,517,524
3406,2,658,367,810,698
3406,0,392,382,518,691
3406,35,660,367,810,525
3407,2,659,367,811,698
3407,36,391,382,517,524
3407,0,392,382,518,694
3407,35,660,367,810,528
3408,2,658,367,811,698
3408,0,392,382,518,696
3408,35,660,368,810,529
3408,36,392,382,517,525
3409,0,393,382,518,695
3409,36,392,382,517,525
3409,2,659,368,812,699
3409,35,660,368,811,526
3410,36,392,382,517,524
3410,0,393,382,518,694
3410,2,660,368,811,701
3411,0,394,382,519,693
3411,36,393,383,518,524
3411,2,660,369,812,700
3412,0,394,382,519,694
3412,2,660,369,812,698
3412,36,393,382,518,525
3413,36,393,382,518,526
3413,2,660,369,812,697
3413,0,394,382,519,693
3413,35,661,369,812,530
3414,35,661,369,812,530
3414,0,394,382,519,693
3414,2,660,369,812,697
3414,36,393,382,518,526
3415,36,393,382,518,526
3415,2,660,369,812,698
3415,0,394,382,519,695
3415,35,661,369,812,528
3416,2,660,369,812,697
3416,0,394,382,519,696
3416,36,393,382,517,527
3416,35,661,369,812,530
3417,2,660,369,812,697
3417,36,393,382,518,527
3417,0,395,382,519,695
3418,0,395,382,519,695
3418,2,660,369,812,698
3418,36,393,382,517,528
3419,0,394,382,519,695
3419,2,660,369,812,700
3419,36,393,383,517,529
3420,2,660,370,812,702
3420,36,393,383,517,530
3420,0,394,382,520,695
3421,0,394,382,520,695
3421,2,660,370,812,703
3421,36,394,383,518,530
3422,0,395,382,520,695
3422,2,661,369,813,705
3422,36,394,383,519,529
3422,35,661,370,813,535
3423,2,661,369,813,706
3423,36,395,384,520,530
3423,0,395,382,520,698
3423,35,662,369,813,537
3424,35,661,369,813,536
3424,2,661,369,813,703
3424,0,395,382,521,701
3424,36,395,384,519,533
3425,0,395,383,521,701
3425,2,661,370,813,703
3425,36,395,385,519,532
3425,35,661,370,813,538
3426,0,395,383,522,701
3426,36,395,386,519,532
3426,35,661,371,813,539
3426,2,660,371,813,704
3427,2,660,371,814,703
3427,0,395,383,522,699
3427,36,395,386,519,533
3427,35,661,371,814,536
3428,35,662,371,814,536
3428,2,661,371,814,703
3428,0,395,384,522,700
3428,36,395,386,520,534
3429,2,662,371,814,703
3429,35,662,371,814,535
3429,0,395,385,523,701
3429,36,396,387,520,534
3430,2,662,371,815,703
3430,35,662,371,815,536
3430,36,396,388,521,535
3430,0,396,387,522,702
3431,35,663,371,815,535
3431,2,662,371,815,704
3431,36,397,389,521,534
3431,0,396,388,522,704
3432,2,663,371,815,704
3432,0,397,389,523,705
3432,36,397,389,522,535
3432,35,663,371,815,538
3433,0,397,389,523,705
3433,35,663,371,815,538
3433,2,663,372,816,705
3433,36,397,390,521,533
3434,0,397,389,523,704
3434,2,663,372,816,706
3434,36,397,390,521,535
3434,35,664,372,816,536
3435,2,663,372,816,705
3435,35,664,372,816,536
3435,36,397,391,521,535
3435,0,397,390,523,701
3436,2,663,372,816,704
3436,0,397,391,523,700
3436,35,664,372,816,538
3436,36,397,392,521,536
3437,35,664,372,816,538
3437,0,397,392,523,700
3437,2,663,372,816,705
3437,36,398,393,521,536
3438,2,663,373,816,705
3438,0,397,392,523,699
3438,35,664,372,816,539
3438,36,398,394,521,535
3439,2,664,372,817,706
3439,0,398,392,523,698
3439,36,399,394,522,535
3439,35,664,372,816,540
3440,35,665,372,816,540
3440,2,664,372,817,706
3440,36,399,395,522,535
3440,0,398,393,523,699
3441,2,664,372,817,706
3441,35,664,372,817,541
3441,36,399,395,522,536
3441,0,398,394,523,697
3442,0,398,394,523,697
3442,36,398,396,522,536
3442,2,664,373,817,707
3442,35,665,373,817,540
3443,35,664,373,817,540
3443,2,664,373,817,708
3443,36,398,397,522,535
3443,0,397,395,522,696
3444,35,665,373,816,540
3444,2,664,372,816,707
3444,36,399,397,522,536
3444,0,398,395,523,694
3445,2,664,373,816,707
3445,36,398,398,522,535
3445,35,664,373,817,537
3445,0,397,396,523,688
3446,2,663,374,817,708
3446,35,664,374,816,536
3446,36,398,399,521,535
3446,0,397,397,522,687
3447,0,397,397,523,687
3447,2,663,374,816,707
3447,36,397,399,521,534
3447,35,664,374,816,538
3448,36,397,399,522,534
3448,0,397,397,523,688
3448,35,664,374,816,538
3448,2,663,374,816,706
3449,2,663,374,816,706
3449,0,396,397,522,687
3449,35,663,374,816,539
3449,36,397,399,522,534
3450,2,662,374,816,707
3450,0,396,398,522,688
3450,36,397,399,521,533
3450,35,664,374,816,535
3451,0,396,398,522,689
3451,2,662,374,816,708
3451,36,397,399,521,532
3451,35,663,374,816,540
3452,36,398,399,521,533
3452,2,664,373,816,705
3452,0,397,398,523,699
3452,35,665,373,816,545
3453,0,397,398,523,698
3453,2,664,374,816,706
3453,35,665,373,816,545
3453,36,398,400,522,534
3454,36,399,400,522,535
3454,35,665,373,817,545
3454,0,398,398,524,702
3454,2,665,373,817,708
3455,2,665,374,817,708
3455,35,666,374,817,545
3455,0,398,398,524,703
3455,36,399,399,522,536
3456,36,400,399,523,536
3456,2,666,373,817,711
3456,0,399,398,525,702
3456,35,667,374,819,547
3457,2,666,374,818,711
3457,36,400,399,524,536
3457,35,667,374,819,544
3457,0,400,397,525,699
3458,0,401,397,526,699
3458,35,668,374,819,544
3458,2,667,374,819,711
3458,36,401,399,525,535
3459,0,401,397,526,700
3459,36,401,398,525,535
3459,35,667,374,819,544
3459,2,667,375,819,711
3460,36,401,398,525,535
3460,2,667,375,819,712
3460,0,401,396,526,700
3460,35,667,375,819,543
3461,2,667,375,819,712
3461,35,668,375,819,544
3461,0,401,396,526,699
3461,36,401,397,525,535
3462,2,667,374,819,712
3462,35,668,375,819,542
3462,0,401,395,526,700
3462,36,401,397,525,534
3463,2,668,374,820,712
3463,36,402,396,526,534
3463,35,669,375,820,542
3463,0,402,395,527,702
3464,2,668,375,821,713
3464,35,669,376,821,543
3464,0,402,394,527,705
3464,36,403,396,526,533
3465,0,403,394,527,704
3465,35,669,376,821,543
3465,2,668,375,821,713
3465,36,403,396,526,533
3466,0,402,394,527,704
3466,2,668,375,821,712
3466,35,669,376,821,544
3466,36,403,395,526,533
3467,2,668,375,821,712
3467,36,402,395,525,533
3467,0,402,394,527,702
3467,35,668,377,823,545
3468,2,668,375,821,713
3468,36,403,395,526,533
3468,0,402,393,527,700
3468,35,669,376,821,544
3469,2,668,375,821,713
3469,35,669,376,821,544
3469,36,403,394,526,533
3469,0,402,393,527,697
3470,2,668,375,822,713
3470,35,669,377,822,544
3470,0,403,392,527,695
3470,36,404,394,526,532
3471,2,668,375,822,713
3471,35,670,376,822,543
3471,0,403,392,528,693
3471,36,404,394,527,530
3472,35,670,376,822,543
3472,2,669,375,822,713
3472,36,405,394,527,529
3472,0,404,392,528,689
3473,2,669,375,822,713
3473,35,670,376,822,543
3473,36,404,394,527,530
3473,0,404,392,528,685
3474,0,404,392,528,685
3474,2,669,375,822,713
3474,36,404,393,527,530
3474,35,670,376,822,542
3475,2,669,375,823,714
3475,36,404,393,527,530
3475,35,670,376,823,544
3475,0,404,392,528,690
3476,2,669,374,822,714
3476,36,405,393,527,531
3476,0,404,391,528,692
3476,35,670,375,823,542
3477,36,404,393,527,531
3477,2,669,375,822,714
3477,35,670,376,822,543
3477,0,404,392,527,696
3478,2,669,375,822,714
3478,35,670,376,822,543
3478,36,404,393,527,531
3478,0,403,391,527,699
3479,2,668,375,822,714
3479,36,403,392,527,531
3479,35,669,376,822,543
3479,0,403,391,528,701
3480,35,669,376,822,543
3480,2,668,375,822,714
3480,0,403,391,527,699
3480,36,403,392,527,530
3481,2,667,375,822,713
3481,35,669,376,822,543
3481,0,403,391,528,699
3481,36,404,392,527,529
3482,0,403,391,528,699
3482,2,667,374,822,713
3482,35,669,375,822,543
3482,36,403,391,527,529
3483,2,667,374,822,713
3483,35,669,375,822,543
3483,0,403,391,528,699
3483,36,403,391,527,528
3484,2,668,374,822,713
3484,0,402,390,528,698
3484,35,669,376,822,543
3484,36,403,391,527,529
3485,35,669,376,822,543
3485,2,667,374,822,712
3485,36,403,391,527,528
3485,0,403,390,527,693
3486,35,669,376,821,543
3486,2,668,374,821,712
3486,0,402,390,527,695
3486,36,402,390,527,529
3487,35,669,376,821,543
3487,2,668,374,821,713
3487,0,402,390,527,695
3487,36,402,390,527,529
3488,2,668,374,821,712
3488,0,402,390,527,695
3488,35,669,376,821,543
3488,36,403,390,527,528
3489,0,402,390,527,695
3489,35,669,376,821,542
3489,2,668,374,821,712
3489,36,403,390,527,529
3490,2,668,374,821,711
3490,35,669,376,821,542
3490,36,403,390,526,529
3490,0,402,389,527,696
3491,0,402,389,527,696
3491,36,403,389,527,529
3491,2,669,374,821,712
3491,35,669,376,821,541
3492,2,669,374,822,711
3492,0,403,389,527,696
3492,36,403,389,527,529
3492,35,669,376,822,540
3493,0,403,389,527,696
3493,35,670,376,822,540
3493,2,669,374,822,713
3493,36,404,390,526,528
3494,0,403,390,527,696
3494,35,670,376,822,540
3494,2,669,375,822,711
3494,36,404,390,527,529
3495,0,403,390,527,696
3495,36,404,390,527,529
3495,2,669,375,822,711
3495,35,670,376,822,540
3496,0,403,390,527,696
3496,36,404,390,527,529
3496,2,669,375,822,712
3496,35,670,376,822,543
3497,2,669,375,822,712
3497,0,403,390,527,696
3497,35,670,376,822,543
3497,36,404,390,527,532
3498,2,669,375,822,712
3498,36,404,390,527,532
3498,35,670,376,822,542
3498,0,401,390,527,697
3499,2,669,375,822,712
3499,35,670,376,822,542
3499,36,404,390,527,531
3499,0,403,390,527,698
3500,2,669,375,822,712
3500,35,670,376,822,542
3500,0,403,390,527,698
3500,36,404,390,527,530
3501,2,669,375,823,712
3501,35,670,376,822,542
3501,0,403,389,527,699
3501,36,404,390,527,529
3502,2,669,375,822,713
3502,0,403,389,527,699
3502,35,670,376,822,543
3502,36,404,390,527,528
3503,2,669,375,822,712
3503,35,670,376,822,543
3503,0,404,389,527,701
3503,36,404,390,527,527
3504,0,404,389,527,701
3504,2,670,375,823,712
3504,36,404,390,527,527
3504,35,671,376,823,543
3505,2,670,375,823,712
3505,36,405,390,527,526
3505,35,671,376,822,543
3505,0,404,389,528,700
3506,2,670,375,822,712
3506,35,671,376,822,543
3506,36,405,389,527,526
3506,0,404,389,528,701
3507,2,670,375,822,712
3507,0,404,389,528,701
3507,35,671,376,822,542
3507,36,405,389,527,527
3508,36,405,389,527,527
3508,2,670,375,822,713
3508,35,671,376,822,542
3508,0,404,389,529,703
3509,2,670,375,823,713
3509,36,405,389,528,527
3509,35,671,376,823,543
3509,0,404,389,528,704
3510,2,670,375,823,713
3510,35,671,376,823,544
3510,36,405,390,528,527
3510,0,404,389,529,705
3511,36,405,389,528,527
3511,0,404,389,529,705
3511,2,669,375,823,713
3511,35,670,377,824,546
3512,36,405,389,528,528
3512,2,670,375,823,713
3512,0,405,388,528,703
3512,35,671,377,823,544
3513,0,403,388,528,702
3513,36,404,389,527,528
3513,2,668,377,823,713
3513,35,669,377,824,546
3514,2,668,377,823,713
3514,35,669,377,824,546
3514,36,404,389,527,529
3514,0,402,388,528,705
3515,35,669,377,824,546
3515,36,404,389,527,529
3515,2,668,377,823,713
3515,0,403,388,527,703
3516,36,404,389,527,529
3516,2,669,377,823,713
3516,35,669,377,824,547
3516,0,403,388,528,704
3517,2,668,378,823,713
3517,36,404,389,527,529
3517,35,669,377,824,547
3517,0,403,388,527,703
3518,36,404,389,527,529
3518,2,669,377,823,713
3518,0,403,389,528,704
3518,35,670,377,824,546
3519,36,404,389,527,529
3519,35,670,377,824,545
3519,2,670,376,823,713
3519,0,403,388,528,701
3520,2,669,376,823,713
3520,36,404,389,527,529
3520,35,670,378,824,546
3520,0,403,389,528,703
3521,0,403,389,528,703
3521,35,670,378,824,546
3521,2,670,376,823,713
3521,36,405,389,527,530
3522,0,404,389,528,704
3522,36,405,390,527,531
3522,35,670,378,824,547
3522,2,670,378,823,713
3523,35,670,378,824,547
3523,2,670,378,823,712
3523,0,404,389,529,703
3523,36,405,390,528,531
3524,0,403,389,528,702
3524,35,671,379,824,546
3524,36,405,390,528,532
3524,2,671,377,823,711
3525,35,670,379,824,547
3525,36,405,390,528,533
3525,0,403,390,528,702
3525,2,670,377,822,710
3526,35,670,379,823,547
3526,2,670,378,822,710
3526,0,403,391,528,703
3526,36,405,390,527,533
3527,35,670,379,823,547
3527,36,404,391,527,533
3527,0,403,390,529,705
3527,2,670,380,823,711
3528,36,405,392,527,533
3528,2,670,380,823,712
3528,35,670,380,823,547
3528,0,402,392,528,703
3529,2,670,381,823,713
3529,0,402,393,528,705
3529,35,670,380,823,548
3529,36,405,393,527,534
3530,2,670,381,823,713
3530,35,670,381,823,548
3530,36,405,393,527,534
3530,0,403,392,529,707
3531,0,404,392,529,707
3531,36,405,393,527,534
3531,35,670,381,824,549
3531,2,670,382,823,711
3532,35,670,381,824,549
3532,2,670,382,823,712
3532,36,405,394,528,534
3532,0,404,392,529,707
3533,0,404,393,529,707
3533,36,405,394,528,534
3533,2,670,382,824,711
3533,35,670,381,824,550
3534,2,670,383,824,712
3534,36,405,395,528,534
3534,35,670,382,824,551
3534,0,403,396,528,707
3535,0,404,396,528,707
3535,36,405,395,528,534
3535,2,670,383,825,713
3535,35,671,382,825,553
3536,0,403,397,528,706
3536,2,671,383,825,711
3536,35,671,383,825,552
3536,36,405,395,528,535
3537,36,405,395,528,535
3537,0,403,397,528,706
3537,2,671,384,824,711
3537,35,671,383,825,550
3538,0,403,397,529,706
3538,2,670,384,824,712
3538,36,405,396,528,536
3538,35,671,383,824,552
3539,36,405,396,528,536
3539,2,670,384,824,712
3539,0,403,397,529,707
3539,35,671,383,824,552
3540,0,403,397,529,707
3540,36,405,395,528,536
3540,35,671,383,824,552
3540,2,670,384,824,712
3541,2,670,384,824,711
3541,0,403,397,529,708
3541,36,405,395,528,536
3541,35,671,384,824,554
3542,2,670,384,824,713
3542,36,405,395,528,536
3542,0,403,397,529,705
3542,35,671,384,824,552
3543,0,403,396,529,705
3543,36,405,395,528,536
3543,2,671,384,824,712
3543,35,671,384,824,553
3544,36,405,395,528,535
3544,0,403,396,529,706
3544,2,670,384,824,711
3544,35,671,384,824,552
3545,0,403,396,529,706
3545,36,405,395,528,536
3545,2,671,385,824,710
3545,35,671,384,824,553
3546,0,403,396,529,706
3546,36,405,395,528,536
3546,2,671,385,824,709
3546,35,671,384,824,553
3547,36,405,394,528,536
3547,35,671,384,824,553
3547,0,403,395,529,706
3547,2,670,385,824,711
3548,2,670,385,824,712
3548,36,405,394,528,536
3548,0,404,395,529,707
3548,35,670,385,824,552
3549,2,670,385,824,712
3549,0,403,395,529,707
3549,35,670,385,824,552
3549,36,405,394,528,537
3550,35,670,386,824,552
3550,2,670,386,823,713
3550,36,405,393,528,537
3550,0,403,394,529,706
3551,35,670,386,824,552
3551,2,669,386,823,712
3551,0,403,392,529,706
3551,36,405,392,528,537
3552,2,669,386,824,712
3552,0,404,391,529,707
3552,36,405,391,528,537
3552,35,670,386,824,550
3553,2,670,386,824,712
3553,0,403,391,529,708
3553,36,405,390,529,538
3553,35,670,386,824,552
3554,2,670,387,824,713
3554,0,404,389,529,708
3554,35,671,387,824,551
3554,36,405,389,529,538
3555,2,670,388,824,713
3555,35,670,387,824,551
3555,0,403,386,529,710
3555,36,405,386,529,540
3556,2,670,388,824,713
3556,35,670,387,824,551
3556,0,403,384,530,708
3556,36,405,384,530,540
3557,2,670,388,824,712
3557,35,670,388,824,550
3557,0,403,380,530,707
3557,36,405,380,530,541
3558,2,670,388,824,712
3558,36,405,379,530,541
3558,35,670,388,824,549
3558,0,402,379,529,710
3559,2,670,388,824,712
3559,0,402,378,530,709
3559,36,404,379,530,541
3559,35,670,388,825,551
3560,0,402,378,530,710
3560,2,670,388,824,712
3560,35,670,388,824,550
3560,36,404,379,530,542
3561,2,670,388,824,714
3561,36,404,378,531,542
3561,0,402,377,530,710
3561,35,670,388,824,553
3562,2,670,388,824,714
3562,35,670,388,824,552
3562,36,404,378,531,543
3562,0,403,377,531,711
3563,0,403,376,530,711
3563,2,670,388,824,713
3563,35,671,388,824,552
3563,36,404,377,531,543
3564,2,670,389,824,713
3564,0,404,375,530,712
3564,35,671,389,824,553
3564,36,404,375,531,543
3565,2,670,390,824,712
3565,36,404,374,531,543
3565,0,403,374,531,710
3565,35,671,390,824,555
3566,0,403,373,530,710
3566,2,670,391,823,713
3566,36,404,373,531,543
3566,35,671,391,824,555
3567,0,403,372,530,709
3567,36,403,372,530,544
3567,2,669,393,823,714
3567,35,670,393,823,554
3568,0,402,371,530,710
3568,2,669,394,822,714
3568,36,403,371,530,543
3568,35,669,394,823,553
3569,0,403,370,530,711
3569,2,668,394,823,714
3569,35,669,395,823,554
3569,36,404,371,530,542
3570,2,668,395,823,714
3570,35,669,395,823,554
3570,0,404,370,530,711
3570,36,405,370,530,541
3571,2,668,395,823,714
3571,36,405,370,530,542
3571,35,669,396,824,555
3571,0,405,369,530,709
3572,2,669,395,823,714
3572,36,406,370,531,542
3572,35,669,396,824,553
3572,0,406,369,531,713
3573,2,669,396,824,714
3573,35,670,397,824,554
3573,0,407,369,532,713
3573,36,407,369,531,542
3574,2,669,396,824,714
3574,35,670,397,825,554
3574,0,407,368,533,712
3574,36,408,369,532,541
3575,0,407,368,533,712
3575,36,408,368,532,541
3575,2,670,396,824,712
3575,35,670,397,825,552
3576,0,407,368,533,712
3576,2,670,397,824,712
3576,36,408,368,532,541
3576,35,670,397,825,552
3577,2,670,397,824,712
3577,0,408,369,532,711
3577,36,409,368,532,541
3577,35,671,398,825,548
3578,2,670,397,824,712
3578,0,408,369,532,710
3578,35,671,397,824,545
3578,36,410,367,532,538
3579,2,670,396,824,712
3579,0,407,369,533,709
3579,35,671,397,824,546
3579,36,412,367,532,537
3580,35,671,397,824,546
3580,0,407,369,532,709
3580,2,670,396,824,713
3580,36,412,366,532,536
3581,2,669,396,823,713
3581,0,408,368,532,709
3581,36,413,365,532,536
3581,35,671,397,824,549
3582,2,669,396,823,713
3582,0,408,367,532,710
3582,35,671,397,824,549
3582,36,413,364,532,535
3583,0,407,367,532,710
3583,2,669,396,823,713
3583,36,413,364,532,536
3583,35,670,396,824,551
3584,2,669,396,823,712
3584,0,407,367,532,709
3584,36,413,363,532,535
3584,35,670,396,824,548
3585,36,413,363,532,535
3585,2,669,395,823,713
3585,0,407,367,532,708
3585,35,670,396,824,551
3586,2,669,395,823,713
3586,36,413,363,531,534
3586,35,670,396,824,552
3586,0,406,367,532,709
3587,2,669,395,823,713
3587,0,406,366,532,708
3587,36,413,363,531,534
3587,35,670,396,824,554
3588,2,670,395,823,713
3588,36,413,364,531,534
3588,0,406,367,531,708
3588,35,670,396,823,554
3589,36,413,364,531,534
3589,2,670,395,823,713
3589,35,671,396,824,554
3589,0,406,366,531,708
3590,2,670,395,823,713
3590,0,406,367,531,707
3590,36,413,364,531,534
3590,35,671,396,824,554
3591,2,670,395,823,713
3591,36,413,364,531,533
3591,0,407,366,531,709
3591,35,671,396,824,557
3592,2,670,395,823,713
3592,35,671,395,824,557
3592,0,407,367,531,709
3592,36,413,364,531,532
3593,2,670,395,823,714
3593,36,413,364,531,532
3593,0,407,367,531,708
3593,35,671,395,824,560
3594,2,670,395,823,715
3594,35,671,395,824,560
3594,0,407,368,531,708
3594,36,414,364,531,532
3595,2,670,395,823,715
3595,35,671,395,824,560
3595,36,414,365,530,532
3595,0,408,367,530,709
3596,2,670,395,823,715
3596,35,671,395,824,560
3596,36,414,365,530,532
3596,0,408,368,530,709
3597,2,670,394,823,715
3597,35,671,395,824,560
3597,0,408,368,530,709
3597,36,414,365,530,533
3598,2,670,394,823,715
3598,36,414,365,530,532
3598,0,409,368,530,709
3598,35,671,395,824,560
3599,2,670,394,823,715
3599,35,670,395,824,560
3599,36,414,366,530,532
3599,0,409,368,530,709
3600,2,670,394,823,716
3600,35,670,395,824,559
3600,36,414,366,530,533
3600,0,410,369,530,710
3601,2,670,394,823,717
3601,35,670,395,824,560
3601,0,410,369,530,708
3601,36,415,366,530,535
3602,0,410,369,530,708
3602,36,414,367,530,536
3602,2,669,394,823,716
3602,35,669,395,824,559
3603,35,669,395,824,559
3603,2,668,394,823,716
3603,36,414,367,530,534
3603,0,408,370,530,708
3604,2,668,394,823,716
3604,35,669,395,824,559
3604,0,409,370,530,710
3604,36,414,368,530,535
3605,0,409,371,530,710
3605,2,668,394,823,715
3605,35,668,395,824,559
3605,36,414,368,530,535
3606,2,668,394,823,715
3606,35,668,395,824,557
3606,36,414,369,530,534
3606,0,408,372,529,710
3607,2,668,394,823,715
3607,35,668,395,824,558
3607,0,408,373,529,710
3607,36,413,370,530,534
3608,0,408,374,529,710
3608,2,668,394,822,714
3608,35,668,395,823,557
3608,36,412,370,529,536
3609,2,668,395,823,715
3609,0,408,374,528,709
3609,36,412,371,530,536
3609,35,668,395,824,554
3610,2,669,395,822,715
3610,0,407,375,528,709
3610,35,669,395,823,552
3610,36,411,372,529,538
3611,0,407,376,528,709
3611,2,670,394,822,715
3611,35,670,395,823,553
3611,36,410,373,529,538
3612,0,405,376,528,709
3612,2,672,394,822,716
3612,36,408,373,529,540
3612,35,671,394,822,535
3613,0,405,376,528,709
3613,36,407,374,529,541
3613,2,674,394,822,714
3613,35,674,395,822,533
3614,0,404,376,529,709
3614,2,676,394,822,714
3614,36,406,374,530,542
3614,35,676,395,821,530
3615,0,404,376,529,709
3615,36,406,375,529,544
3615,2,681,395,821,715
3615,35,680,395,820,529
3616,0,404,376,529,709
3616,2,682,395,823,714
3616,36,407,376,529,547
3616,35,682,396,820,529
3617,0,404,377,528,709
3617,35,684,396,820,530
3617,36,406,377,529,549
3617,2,685,395,823,713
3618,0,403,378,528,710
3618,35,686,396,820,530
3618,36,406,378,529,552
3618,2,689,396,823,712
3619,0,404,378,528,710
3619,36,406,379,529,553
3619,35,687,397,820,529
3619,2,692,397,821,711
3620,36,407,380,529,554
3620,35,688,397,820,529
3620,2,693,397,821,713
3620,0,404,380,528,713
3621,2,693,397,821,713
3621,0,404,382,528,714
3621,35,689,397,820,529
3621,36,407,381,529,555
3622,0,404,382,528,714
3622,2,693,398,820,714
3622,35,689,398,819,530
3622,36,406,381,528,554
3623,35,689,398,819,530
3623,2,693,398,820,713
3623,0,403,385,528,714
3623,36,406,384,528,555
3624,35,689,398,819,529
3624,0,402,386,528,713
3624,2,694,398,820,712
3624,36,405,385,528,557
3625,35,690,397,819,529
3625,2,694,398,820,712
3625,0,402,386,528,713
3625,36,404,386,529,555
3626,35,690,397,820,529
3626,2,694,397,820,712
3626,0,401,387,528,714
3626,36,403,386,529,557
3627,2,694,397,820,713
3627,35,690,397,819,529
3627,36,403,386,528,557
3627,0,401,387,528,715
3628,36,403,386,528,557
3628,35,690,397,820,530
3628,0,401,388,528,715
3628,2,694,397,820,714
3629,0,401,388,528,715
3629,35,690,397,820,530
3629,2,693,397,820,714
3629,36,403,387,528,558
3630,0,401,388,528,714
3630,2,693,396,820,715
3630,35,690,396,820,530
3630,36,402,387,528,559
3631,2,694,396,820,715
3631,0,401,389,528,714
3631,35,690,396,820,529
3631,36,402,388,528,558
3632,0,401,390,528,714
3632,2,693,396,821,716
3632,35,690,396,820,529
3632,36,402,390,528,558
3633,35,690,396,820,530
3633,0,401,391,528,714
3633,2,693,396,821,716
3633,36,402,391,528,558
3634,35,690,396,820,530
3634,2,693,396,821,715
3634,0,401,392,528,715
3634,36,402,393,528,557
3635,2,693,396,821,715
3635,35,690,396,820,530
3635,0,401,393,529,715
3635,36,402,393,529,556
3636,35,690,396,820,530
3636,2,693,395,821,716
3636,0,401,394,528,715
3636,36,402,394,528,556
3637,2,693,395,820,716
3637,35,690,396,820,530
3637,0,401,395,528,714
3637,36,402,396,527,556
3638,35,690,396,819,530
3638,2,693,395,820,716
3638,0,401,396,528,715
3638,36,402,397,527,556
3639,35,690,396,820,530
3639,2,693,395,820,716
3639,0,401,397,527,715
3639,36,402,398,527,556
3640,35,690,396,819,530
3640,2,693,395,820,716
3640,0,401,398,527,714
3640,36,401,399,526,556
3641,2,692,395,820,716
3641,35,689,396,819,530
3641,36,401,400,526,556
3641,0,399,400,526,715
3642,35,689,396,819,530
3642,2,692,395,819,716
3642,0,399,401,526,715
3642,36,401,401,526,556
3643,35,689,396,819,530
3643,2,692,395,819,716
3643,36,401,402,526,556
3643,0,400,402,525,716
3644,0,400,403,525,716
3644,2,693,395,819,716
3644,36,401,403,525,556
3644,35,689,396,818,529
3645,2,692,396,819,716
3645,0,400,403,525,716
3645,36,401,404,525,557
3645,35,689,396,818,529
3646,2,692,396,819,715
3646,36,401,404,526,557
3646,35,688,396,818,528
3646,0,399,404,526,715
3647,0,399,404,526,715
3647,2,692,396,819,716
3647,36,401,405,526,557
3647,35,688,396,817,527
3648,2,693,396,818,716
3648,36,401,405,525,557
3648,0,399,405,526,713
3648,35,688,396,816,525
3649,2,693,396,819,716
3649,36,401,404,525,557
3649,35,688,396,817,525
3649,0,399,404,526,712
3650,0,399,404,526,712
3650,36,401,404,525,557
3650,2,692,396,819,716
3650,35,688,396,818,527
3651,0,399,404,526,711
3651,36,401,404,525,557
3651,2,693,396,819,716
3651,35,688,396,818,528
3652,35,688,396,818,528
3652,0,399,403,525,711
3652,36,401,403,525,557
3652,2,694,396,819,716
3653,2,694,396,819,715
3653,0,400,403,525,711
3653,36,401,403,525,556
3653,35,688,396,819,528
3654,0,400,403,525,713
3654,36,402,403,524,557
3654,35,687,396,819,530
3654,2,692,394,819,716
3655,2,692,394,819,716
3655,0,400,403,526,712
3655,35,687,395,819,530
3655,36,402,403,525,557
3656,36,402,403,525,556
3656,35,687,395,819,529
3656,0,401,402,525,713
3656,2,691,394,820,719
3657,36,402,403,525,556
3657,35,687,395,819,529
3657,2,690,393,821,720
3657,0,400,403,526,711
3658,36,402,403,525,556
3658,0,400,403,526,711
3658,35,686,395,819,529
3658,2,689,393,820,720
3659,0,400,403,526,711
3659,36,402,403,525,557
3659,35,684,394,819,528
3659,2,686,392,821,720
3660,0,400,403,526,710
3660,36,402,403,525,559
3660,35,682,394,819,528
3660,2,682,391,820,719
3661,0,400,403,526,711
3661,36,402,403,525,558
3661,35,681,393,819,528
3661,2,680,391,821,719
3662,0,400,403,526,712
3662,2,681,392,821,718
3662,36,402,403,525,559
3662,35,680,393,820,531
3663,0,400,404,526,712
3663,36,402,404,525,559
3663,2,680,392,820,715
3663,35,679,393,820,537
3664,0,400,404,526,712
3664,36,402,404,525,558
3664,35,677,393,820,538
3664,2,677,392,819,715
3665,0,400,404,526,712
3665,36,402,404,526,558
3665,2,677,391,820,715
3665,35,676,393,820,552
3666,0,400,404,526,712
3666,36,402,404,525,556
3666,2,674,390,820,715
3666,35,675,391,820,558
3667,36,402,404,525,556
3667,0,400,404,526,711
3667,2,673,391,820,714
3667,35,674,391,820,560
3668,0,400,405,526,711
3668,35,674,391,820,562
3668,2,673,391,820,715
3668,36,402,405,525,557
3669,36,402,405,525,557
3669,2,672,391,820,715
3669,35,674,391,820,564
3669,0,401,404,525,713
3670,2,672,391,820,716
3670,0,401,404,525,713
3670,36,401,405,525,556
3670,35,674,391,820,565
3671,2,672,390,820,716
3671,35,674,391,820,565
3671,36,401,405,526,556
3671,0,400,405,526,712
3672,0,399,405,526,713
3672,35,673,391,820,564
3672,2,671,391,819,715
3672,36,401,405,525,557
3673,0,399,404,526,714
3673,36,400,405,525,556
3673,2,671,391,819,715
3673,35,672,391,819,564
3674,0,398,404,526,713
3674,36,400,405,526,556
3674,2,670,391,818,715
3674,35,672,391,819,564
3675,0,398,404,526,713
3675,35,671,391,819,564
3675,2,670,391,818,715
3675,36,400,404,526,557
3676,0,398,404,526,713
3676,2,669,391,818,715
3676,35,671,392,818,563
3676,36,400,404,525,558
3677,0,398,403,525,713
3677,2,669,391,817,715
3677,35,670,392,818,564
3677,36,399,404,525,558
3678,2,669,391,817,714
3678,0,398,403,525,714
3678,36,399,404,524,557
3678,35,670,393,818,563
3679,0,398,403,525,714
3679,36,400,404,524,557
3679,35,669,393,818,564
3679,2,668,392,817,715
3680,0,398,403,525,715
3680,36,400,403,524,557
3680,35,669,393,818,564
3680,2,669,392,818,714
3681,0,398,403,525,714
3681,2,669,393,818,715
3681,36,400,403,524,558
3681,35,670,394,818,563
3682,2,669,393,818,713
3682,35,670,394,819,563
3682,0,398,402,525,713
3682,36,400,403,524,559
3683,0,398,402,525,712
3683,36,401,403,524,558
3683,35,671,394,819,563
3683,2,670,394,819,713
3684,0,398,402,525,713
3684,36,400,402,524,559
3684,2,670,393,819,713
3684,35,671,394,820,564
3685,2,669,393,819,713
3685,0,398,401,525,714
3685,36,400,402,524,559
3685,35,670,394,820,563
3686,0,399,401,525,714
3686,35,670,394,821,562
3686,36,401,401,524,558
3686,2,670,392,821,713
3687,0,399,401,525,714
3687,2,670,392,821,712
3687,36,401,401,525,558
3687,35,670,394,822,561
3688,0,399,401,526,714
3688,35,670,394,822,561
3688,36,401,401,525,559
3688,2,669,394,821,714
3689,2,669,394,822,714
3689,35,669,394,823,560
3689,36,401,401,525,557
3689,0,400,400,526,715
3690,2,669,394,822,714
3690,36,401,401,525,557
3690,35,669,394,823,561
3690,0,399,401,526,713
3691,0,399,401,526,713
3691,2,668,394,821,715
3691,36,401,401,525,558
3691,35,669,394,822,560
3692,0,399,401,526,714
3692,36,401,402,525,558
3692,2,668,394,820,714
3692,35,669,394,822,561
3693,0,399,401,526,714
3693,36,401,402,525,558
3693,2,668,394,819,714
3693,35,669,394,821,561
3694,36,401,402,526,558
3694,35,669,394,820,562
3694,2,669,394,818,714
3694,0,400,401,527,717
3695,36,401,402,525,558
3695,2,668,394,818,714
3695,35,669,394,819,563
3695,0,399,401,526,713
3696,0,399,401,526,713
3696,36,401,402,525,559
3696,2,668,394,816,713
3696,35,669,394,817,561
3697,35,669,394,817,561
3697,0,399,401,526,713
3697,36,401,402,525,558
3697,2,668,394,816,713
3698,36,401,402,525,558
3698,35,669,394,817,561
3698,0,399,401,526,714
3698,2,668,394,816,715
3699,2,668,394,816,714
3699,0,399,401,526,715
3699,36,401,402,525,558
3699,35,669,394,818,561
3700,0,399,401,526,715
3700,2,668,394,817,714
3700,36,401,402,525,557
3700,35,670,394,818,561
3701,2,668,395,817,713
3701,0,399,401,526,714
3701,36,401,402,526,557
3701,35,670,394,818,560
3702,2,668,395,816,714
3702,35,670,394,817,561
3702,0,399,402,526,713
3702,36,401,402,525,556
3703,35,669,395,817,561
3703,2,667,395,816,715
3703,36,401,402,525,557
3703,0,400,400,526,715
3704,2,667,395,816,715
3704,35,669,395,817,560
3704,36,400,402,524,557
3704,0,398,401,525,714
3705,35,669,395,816,560
3705,2,668,395,816,714
3705,0,398,401,525,715
3705,36,400,402,524,557
3706,0,398,401,525,716
3706,36,400,402,524,557
3706,2,667,395,815,713
3706,35,669,395,816,560
3707,2,668,395,815,713
3707,0,398,401,525,715
3707,35,669,395,816,560
3707,36,400,402,523,558
3708,35,669,395,816,560
3708,2,668,395,815,714
3708,0,398,401,524,715
3708,36,400,402,523,556
3709,35,669,395,816,560
3709,2,668,396,815,714
3709,0,398,401,525,714
3709,36,400,401,524,557
3710,0,398,401,525,714
3710,2,668,396,816,713
3710,35,669,395,816,560
3710,36,400,401,524,556
3711,0,398,401,525,715
3711,35,669,395,816,560
3711,2,668,396,816,713
3711,36,400,401,524,556
3712,2,668,396,816,713
3712,36,400,401,524,556
3712,35,669,396,816,559
3712,0,398,401,525,716
3713,2,668,396,816,713
3713,35,669,396,816,559
3713,0,398,401,525,715
3713,36,400,401,524,555
3714,35,669,396,816,559
3714,0,398,401,525,715
3714,2,668,396,816,713
3714,36,400,401,524,555
3715,0,398,400,525,714
3715,35,668,396,816,559
3715,2,667,396,816,713
3715,36,400,401,523,554
3716,0,398,400,525,714
3716,35,668,396,816,559
3716,2,667,396,815,713
3716,36,400,401,523,553
3717,2,667,396,815,713
3717,0,398,400,524,715
3717,35,668,396,815,558
3717,36,400,400,523,553
3718,35,668,396,815,558
3718,0,398,400,524,714
3718,36,399,400,523,553
3718,2,667,395,815,712
3719,35,668,396,815,558
3719,2,667,395,815,711
3719,0,398,400,524,715
3719,36,399,400,522,553
3720,35,668,396,815,559
3720,2,668,395,815,713
3720,0,398,401,524,713
3720,36,399,401,523,554
3721,2,668,395,816,713
3721,0,398,401,524,712
3721,36,400,401,523,553
3721,35,668,396,816,558
3722,0,398,401,524,713
3722,2,668,395,816,714
3722,35,668,396,816,558
3722,36,400,401,523,553
3723,35,668,396,816,558
3723,36,400,401,523,554
3723,0,398,401,524,715
3723,2,667,396,816,714
3724,35,668,396,816,558
3724,0,398,402,524,716
3724,36,399,402,523,554
3724,2,668,395,816,713
3725,35,668,396,816,558
3725,2,667,395,815,713
3725,0,398,402,524,715
3725,36,399,402,522,554
3726,2,667,395,816,713
3726,0,398,402,524,715
3726,35,668,396,815,558
3726,36,399,402,523,554
3727,35,668,396,815,558
3727,2,667,395,815,713
3727,36,399,403,523,554
3727,0,398,402,524,713
3728,0,398,402,524,713
3728,2,667,395,815,712
3728,35,668,396,815,558
3728,36,399,403,523,554
3729,2,667,395,815,712
3729,0,398,402,524,714
3729,35,667,396,815,559
3729,36,399,403,523,555
3730,35,667,396,815,558
3730,2,667,395,815,711
3730,36,399,402,522,555
3730,0,398,402,524,716
3731,0,398,402,524,715
3731,36,399,402,523,555
3731,2,667,396,815,711
3731,35,667,396,815,559
3732,0,397,402,524,715
3732,35,667,396,815,559
3732,36,398,402,523,555
3732,2,667,395,815,710
3733,2,666,395,815,710
3733,35,667,396,815,559
3733,0,397,402,523,714
3733,36,399,402,522,554
3734,2,667,395,815,710
3734,0,397,402,523,713
3734,35,667,396,815,559
3734,36,398,402,522,554
3735,2,666,395,815,710
3735,0,397,402,523,713
3735,35,667,396,815,559
3735,36,398,402,522,553
3736,35,667,396,814,559
3736,2,666,395,815,709
3736,36,397,402,522,553
3736,0,397,402,523,714
3737,35,667,396,815,559
3737,2,666,395,815,708
3737,36,397,402,522,553
3737,0,397,401,522,717
3738,2,666,395,815,710
3738,35,667,396,815,559
3738,36,398,402,522,553
3738,0,397,402,523,715
3739,36,398,402,522,553
3739,0,397,402,523,714
3739,2,667,395,815,709
3739,35,667,396,815,559
3740,35,667,396,815,559
3740,2,667,395,815,709
3740,36,398,402,522,554
3740,0,397,402,523,714
3741,35,668,396,815,559
3741,0,397,402,523,714
3741,36,398,402,522,554
3741,2,667,395,815,710
3742,35,668,396,815,559
3742,0,397,402,523,714
3742,2,667,395,815,710
3742,36,398,402,522,554
3743,35,668,396,815,559
3743,36,398,402,523,553
3743,0,397,402,523,715
3743,2,667,395,815,712
3744,2,667,395,815,713
3744,0,397,402,524,715
3744,36,398,402,523,554
3744,35,668,396,815,558
3745,0,397,402,524,715
3745,36,398,402,523,554
3745,35,668,396,815,558
3745,2,668,395,815,713
3746,2,668,395,815,712
3746,0,397,402,524,714
3746,35,668,396,815,558
3746,36,399,402,523,553
3747,2,668,395,816,713
3747,0,397,402,524,713
3747,35,668,396,816,557
3747,36,399,402,523,551
3748,36,399,402,523,552
3748,2,668,394,816,712
3748,0,397,402,524,710
3748,35,668,396,816,558
3749,2,668,394,816,712
3749,35,668,396,816,558
3749,0,397,402,524,713
3749,36,399,402,523,554
3750,35,668,396,815,559
3750,0,397,402,524,714
3750,2,667,394,815,713
3750,36,398,402,523,555
3751,36,397,402,522,555
3751,0,397,402,524,713
3751,35,667,396,815,559
3751,2,666,394,815,709
3752,2,666,395,815,709
3752,35,667,396,815,558
3752,0,397,402,524,711
3752,36,398,402,523,554
3753,35,667,396,815,558
3753,0,397,402,524,710
3753,2,666,395,815,708
3753,36,398,402,523,555
3754,0,397,402,524,711
3754,35,667,396,815,558
3754,36,398,402,523,554
3754,2,666,395,815,706
3755,35,667,396,815,558
3755,2,666,394,815,706
3755,36,398,402,523,554
3755,0,397,402,524,710
3756,36,398,402,523,554
3756,35,667,396,815,558
3756,0,397,402,524,710
3756,2,667,394,815,708
3757,35,667,396,815,558
3757,0,397,402,524,711
3757,2,667,395,815,709
3757,36,398,402,523,556
3758,36,398,402,523,555
3758,0,397,402,524,712
3758,2,666,395,815,710
3758,35,667,396,814,558
3759,0,397,402,523,711
3759,35,667,396,814,558
3759,36,398,402,522,556
3759,2,666,395,815,713
3760,0,396,402,523,711
3760,2,666,395,814,713
3760,35,667,396,814,558
3760,36,397,402,522,556
3761,2,666,395,815,713
3761,35,667,396,814,558
3761,36,397,402,522,556
3761,0,396,402,524,711
3762,2,666,395,815,713
3762,0,397,402,524,710
3762,35,667,396,815,558
3762,36,398,402,522,557
3763,0,397,401,524,709
3763,36,398,402,523,556
3763,35,668,396,815,558
3763,2,667,395,815,712
3764,35,668,396,816,557
3764,2,667,394,816,712
3764,0,397,401,524,710
3764,36,399,402,523,556
3765,0,397,401,524,710
3765,35,668,396,816,558
3765,36,398,402,523,556
3765,2,667,394,816,711
3766,36,398,402,523,556
3766,0,397,401,524,711
3766,35,668,396,815,557
3766,2,668,394,816,708
3767,0,397,401,524,711
3767,35,668,396,815,557
3767,36,398,402,523,556
3767,2,667,394,816,707
3768,2,667,394,815,707
3768,35,668,396,815,557
3768,0,397,401,524,710
3768,36,398,402,522,556
3769,2,667,395,815,709
3769,0,397,402,524,709
3769,36,398,402,522,557
3769,35,667,396,815,558
3770,0,397,402,524,709
3770,2,667,395,815,710
3770,35,667,396,815,557
3770,36,398,402,523,556
3771,0,397,402,524,709
3771,2,667,395,815,710
3771,35,668,396,815,558
3771,36,398,402,522,556
3772,0,397,402,524,710
3772,36,398,402,523,556
3772,35,668,396,816,558
3772,2,668,395,816,710
3773,36,398,402,523,556
3773,35,668,396,816,557
3773,0,397,402,524,712
3773,2,668,395,816,712
3774,2,668,396,816,713
3774,0,397,402,524,711
3774,35,668,396,816,557
3774,36,399,402,523,555
3775,35,669,396,817,558
3775,2,668,395,816,713
3775,0,398,402,524,711
3775,36,399,402,523,554
3776,35,669,396,817,558
3776,2,668,395,817,713
3776,36,400,402,523,553
3776,0,399,402,525,713
3777,35,669,396,817,558
3777,2,669,395,817,713
3777,0,399,402,525,712
3777,36,400,402,524,553
3778,36,401,402,524,554
3778,35,670,396,818,558
3778,0,400,402,525,710
3778,2,670,395,818,710
3779,0,400,402,525,710
3779,36,401,402,524,554
3779,35,670,396,818,558
3779,2,669,396,817,711
3780,36,401,402,524,554
3780,2,669,396,818,711
3780,35,670,396,818,559
3780,0,399,402,525,711
3781,0,399,402,525,711
3781,35,670,396,818,559
3781,2,669,396,818,712
3781,36,401,402,525,555
3782,0,399,402,525,711
3782,2,669,396,818,711
3782,35,670,396,818,559
3782,36,401,402,525,555
3783,2,669,395,817,712
3783,35,670,396,818,559
3783,36,401,402,525,555
3783,0,400,401,525,713
3784,2,669,395,818,711
3784,36,401,402,524,555
3784,0,400,401,525,714
3784,35,670,395,818,558
3785,36,401,401,524,555
3785,35,670,395,818,557
3785,0,400,401,525,712
3785,2,670,394,818,709
3786,35,670,395,818,557
3786,2,670,394,817,709
3786,36,401,401,524,555
3786,0,400,401,525,711
3787,0,400,401,525,711
3787,2,669,394,817,709
3787,35,670,395,818,557
3787,36,401,401,524,556
3788,0,400,401,525,712
3788,2,669,394,818,708
3788,35,670,395,818,556
3788,36,401,401,524,555
3789,2,669,394,817,709
3789,36,400,402,524,555
3789,35,669,395,817,557
3789,0,399,401,525,715
3790,0,399,401,525,715
3790,2,669,394,818,709
3790,35,669,395,818,557
3790,36,401,402,524,552
3791,0,400,401,525,715
3791,36,401,402,524,553
3791,35,670,395,818,557
3791,2,669,394,818,710
3792,0,400,401,525,715
3792,35,670,395,818,557
3792,2,670,394,818,709
3792,36,401,402,524,552
3793,35,670,395,818,557
3793,2,670,394,817,711
3793,0,399,402,525,715
3793,36,401,402,524,553
3794,35,670,395,818,557
3794,2,670,393,817,712
3794,0,399,402,525,714
3794,36,400,402,524,552
3795,2,669,393,817,712
3795,35,669,395,817,558
3795,0,398,402,525,712
3795,36,399,403,524,554
3796,35,669,395,817,557
3796,36,399,403,523,554
3796,0,398,403,524,713
3796,2,668,395,817,713
3797,2,668,395,816,713
3797,0,398,403,524,713
3797,36,399,403,523,555
3797,35,669,395,817,558
3798,2,668,395,816,713
3798,0,398,403,524,713
3798,35,669,395,817,558
3798,36,399,403,523,555
3799,0,398,403,524,713
3799,36,399,403,523,555
3799,35,669,395,817,558
3799,2,668,395,817,711
3800,0,398,403,524,713
3800,36,399,403,523,555
3800,35,669,395,816,558
3800,2,668,395,816,712
3801,36,399,403,523,555
3801,0,398,403,524,712
3801,2,667,395,816,712
3801,35,668,395,816,558
3802,0,397,403,524,712
3802,2,667,395,816,711
3802,36,399,404,523,555
3802,35,668,395,816,559
3803,0,397,404,524,713
3803,35,668,395,816,558
3803,36,399,404,523,555
3803,2,668,394,816,711
3804,2,667,393,816,711
3804,0,397,404,524,714
3804,36,398,404,523,555
3804,35,668,395,816,559
3805,2,667,393,816,711
3805,36,398,404,523,555
3805,0,397,404,524,714
3805,35,668,394,816,559
3806,2,667,393,816,710
3806,0,397,404,524,714
3806,35,668,394,816,559
3806,36,398,404,523,556
3807,2,667,393,816,710
3807,0,397,404,524,713
3807,35,667,394,816,559
3807,36,397,404,523,557
3808,0,397,404,524,713
3808,2,667,392,815,710
3808,36,397,404,523,557
3808,35,667,393,815,559
3809,2,667,391,815,711
3809,0,397,404,524,713
3809,35,667,392,815,559
3809,36,398,404,522,556
3810,0,397,404,523,713
3810,36,397,405,522,556
3810,2,667,390,815,711
3810,35,667,391,815,559
3811,2,667,389,815,710
3811,36,397,405,522,556
3811,35,667,390,815,558
3811,0,397,404,523,708
3812,2,667,389,815,710
3812,36,397,405,522,557
3812,35,667,389,815,559
3812,0,397,405,523,714
3813,2,667,388,815,709
3813,0,397,405,523,715
3813,36,398,405,522,556
3813,35,668,388,815,559
3814,0,397,405,524,715
3814,2,668,388,815,709
3814,36,398,405,522,556
3814,35,668,388,815,559
3815,2,668,388,815,709
3815,0,397,405,524,714
3815,36,398,405,522,556
3815,35,668,388,815,559
3816,0,397,405,524,714
3816,35,668,388,815,559
3816,2,668,387,815,710
3816,36,398,406,522,557
3817,0,397,405,524,713
3817,2,668,387,815,709
3817,35,668,387,815,559
3817,36,398,406,522,556
3818,0,397,405,524,714
3818,35,669,387,815,559
3818,2,668,387,815,710
3818,36,398,406,522,557
3819,2,668,386,815,711
3819,35,669,387,815,559
3819,36,399,406,522,558
3819,0,397,405,524,715
3820,35,669,387,815,559
3820,0,397,405,524,715
3820,2,668,387,815,712
3820,36,399,406,522,558
3821,2,668,386,815,712
3821,35,669,386,815,559
3821,0,397,405,524,715
3821,36,399,406,522,558
3822,0,397,405,524,715
3822,35,669,386,815,559
3822,2,668,386,815,711
3822,36,399,405,522,558
3823,36,399,406,522,558
3823,2,668,386,815,712
3823,35,668,386,815,559
3823,0,397,405,524,713
3824,36,399,406,522,558
3824,35,669,387,815,559
3824,2,668,386,815,711
3824,0,397,405,524,711
3825,36,399,406,522,558
3825,0,397,405,524,711
3825,35,669,386,815,559
3825,2,668,386,815,712
3826,0,397,405,524,712
3826,36,398,406,522,558
3826,2,668,386,815,711
3826,35,669,386,815,559
3827,35,669,386,815,559
3827,2,668,386,815,712
3827,36,399,406,522,558
3827,0,397,405,524,714
3828,2,668,386,815,711
3828,0,397,406,524,714
3828,35,668,386,815,558
3828,36,399,406,522,558
3829,35,668,386,815,559
3829,2,668,386,815,712
3829,36,399,407,522,558
3829,0,397,406,522,717
3830,2,668,385,815,712
3830,35,669,385,815,558
3830,36,399,407,522,558
3830,0,397,406,524,713
3831,35,669,385,815,558
3831,2,668,385,815,712
3831,36,399,407,522,558
3831,0,398,406,524,716
3832,2,668,385,815,712
3832,35,669,385,815,558
3832,36,399,407,522,558
3832,0,398,406,524,713
3833,0,398,407,524,713
3833,35,669,385,816,558
3833,2,668,385,815,712
3833,36,399,407,522,558
3834,2,668,385,815,712
3834,35,669,385,816,558
3834,36,399,408,522,558
3834,0,398,407,524,714
3835,2,668,385,816,711
3835,36,399,408,523,558
3835,35,669,385,816,558
3835,0,398,407,523,717
3836,2,669,385,816,711
3836,0,398,407,523,717
3836,35,669,385,816,557
3836,36,400,408,523,557
3837,0,398,407,523,717
3837,35,669,385,816,557
3837,2,669,385,816,711
3837,36,400,408,523,557
3838,36,400,408,523,557
3838,0,398,407,523,716
3838,35,669,385,816,557
3838,2,668,385,816,712
3839,2,668,385,816,712
3839,36,400,408,523,557
3839,0,398,408,523,715
3839,35,668,385,816,558
3840,0,398,408,523,715
3840,36,399,409,522,557
3840,2,668,386,816,712
3840,35,668,386,816,556
3841,36,399,409,523,557
3841,0,398,408,523,715
3841,2,669,385,816,711
3841,35,669,386,816,552
3842,36,399,409,523,557
3842,2,669,385,816,713
3842,0,398,409,523,716
3842,35,668,386,816,554
3843,2,669,385,816,713
3843,0,398,409,523,716
3843,36,399,409,522,557
3843,35,669,385,816,549
3844,0,398,409,523,716
3844,2,669,385,816,713
3844,36,399,409,522,557
3844,35,669,385,816,547
3845,2,669,385,816,713
3845,36,400,409,522,558
3845,0,398,409,523,716
3845,35,669,385,816,547
3846,0,398,409,523,716
3846,36,399,409,522,558
3846,2,669,386,817,713
3846,35,670,386,817,537
3847,0,398,409,523,715
3847,36,399,409,523,557
3847,2,670,385,817,713
3847,35,670,386,817,540
3848,2,670,385,817,713
3848,36,399,409,523,557
3848,0,398,409,523,716
3848,35,670,385,817,539
3849,2,669,385,817,713
3849,0,397,409,523,716
3849,36,399,409,523,557
3849,35,670,385,817,541
3850,2,669,385,817,714
3850,0,397,410,523,716
3850,36,398,410,523,557
3850,35,669,386,817,544
3851,2,669,385,817,714
3851,0,397,410,523,716
3851,36,398,410,523,557
3851,35,668,385,818,546
3852,2,669,385,817,713
3852,0,397,410,524,715
3852,36,399,410,523,557
3852,35,669,385,819,545
3853,2,670,385,818,713
3853,35,669,385,819,545
3853,0,398,409,525,716
3853,36,399,410,524,557
3854,2,670,385,818,713
3854,0,398,409,525,716
3854,36,399,410,524,556
3854,35,669,386,818,544
3855,2,670,385,818,713
3855,0,398,409,525,716
3855,36,399,410,524,556
3855,35,669,385,819,546
3856,2,670,385,817,713
3856,0,398,409,525,716
3856,35,669,385,819,545
3856,36,399,409,524,556
3857,2,670,385,817,713
3857,0,398,409,525,716
3857,35,669,385,819,545
3857,36,399,410,524,556
3858,0,398,410,525,716
3858,2,670,385,817,712
3858,36,399,410,524,557
3858,35,669,386,818,546
3859,0,398,410,525,716
3859,2,670,385,818,711
3859,35,669,386,818,547
3859,36,399,410,524,556
3860,2,670,385,818,712
3860,0,398,410,525,716
3860,36,399,410,525,556
3860,35,669,385,819,546
3861,2,670,386,818,713
3861,0,398,409,525,716
3861,36,400,410,525,556
3861,35,670,385,819,548
3862,2,670,386,818,713
3862,0,399,409,525,716
3862,36,400,410,525,556
3862,35,670,386,820,548
3863,0,399,409,525,716
3863,2,670,386,818,714
3863,36,400,410,525,555
3863,35,670,386,819,549
3864,36,400,409,525,555
3864,0,399,409,525,716
3864,2,670,386,819,713
3864,35,670,386,820,549
3865,2,670,386,819,714
3865,0,400,409,526,716
3865,36,400,409,525,556
3865,35,670,386,820,550
3866,36,400,409,525,556
3866,2,671,386,819,714
3866,0,399,409,526,716
3866,35,671,386,820,547
3867,2,670,386,819,714
3867,0,399,409,526,716
3867,36,400,409,525,556
3867,35,671,386,820,549
3868,2,670,386,818,714
3868,36,399,409,525,556
3868,0,398,409,526,716
3868,35,671,386,819,550
3869,2,670,386,819,714
3869,0,398,409,526,717
3869,36,399,410,525,556
3869,35,670,386,820,551
3870,0,398,409,526,716
3870,2,670,386,819,714
3870,36,399,409,526,556
3870,35,671,386,821,550
3871,2,671,386,819,714
3871,0,399,409,526,716
3871,36,400,409,525,555
3871,35,671,386,821,548
3872,2,671,386,819,714
3872,35,672,386,822,548
3872,0,399,409,526,715
3872,36,400,410,526,554
3873,2,671,386,819,713
3873,0,399,409,527,715
3873,36,400,409,526,554
3873,35,671,386,822,549
3874,36,400,409,526,554
3874,2,671,386,820,714
3874,0,399,409,527,714
3874,35,671,386,822,548
3875,36,400,410,526,554
3875,2,671,387,820,714
3875,0,400,409,527,714
3875,35,671,387,822,548
3876,2,671,387,820,714
3876,35,671,387,822,549
3876,0,400,410,527,713
3876,36,401,410,526,553
3877,2,671,388,820,714
3877,0,401,410,527,712
3877,36,401,410,526,554
3877,35,671,388,822,551
3878,2,671,388,820,714
3878,0,402,410,527,712
3878,35,671,388,822,550
3878,36,401,410,526,552
3879,2,671,389,820,714
3879,35,671,389,822,550
3879,0,402,410,527,712
3879,36,402,411,526,554
3880,0,403,410,527,712
3880,2,671,389,821,712
3880,35,671,389,822,549
3880,36,403,411,526,548
3881,0,404,410,527,711
3881,2,671,390,821,713
3881,35,671,390,822,548
3882,2,671,391,821,714
3882,0,404,410,527,711
3882,35,672,391,822,549
3883,0,405,411,527,711
3883,2,671,391,821,716
3883,35,671,391,822,550
3884,2,671,391,821,716
3884,0,406,411,527,711
3884,35,671,391,822,553
3884,36,407,412,527,544
3885,0,406,411,527,711
3885,2,671,391,821,716
3885,35,671,391,822,555
3885,36,408,412,527,543
3886,0,406,412,527,711
3886,2,670,391,821,717
3886,35,671,391,822,557
3886,36,409,412,527,542
3887,0,406,412,527,710
3887,2,670,391,822,716
3887,35,671,391,822,556
3887,36,410,412,526,542
3888,2,670,392,822,716
3888,0,406,412,527,711
3888,35,671,392,822,556
3888,36,410,412,526,541
3889,2,671,392,822,715
3889,35,673,392,823,557
3889,0,407,412,528,712
3890,0,408,412,528,711
3890,2,672,392,823,714
3890,35,673,392,824,552
3891,2,672,392,823,714
3891,0,408,412,529,711
3891,35,673,392,824,555
3892,35,674,393,824,555
3892,2,672,393,823,715
3892,0,408,412,529,712
3893,2,673,393,823,715
3893,0,408,412,528,711
3893,35,674,393,823,552
3894,0,408,412,528,711
3894,2,672,393,823,716
3894,35,673,393,824,555
3895,2,672,392,823,715
3895,0,408,412,528,712
3895,35,673,393,824,553
3896,2,672,392,823,715
3896,35,674,393,824,555
3896,0,409,411,529,712
3897,0,409,411,529,712
3897,35,673,393,824,555
3897,2,672,392,823,713
3897,36,411,412,528,533
3898,0,409,411,529,712
3898,36,411,412,528,533
3898,2,672,392,822,714
3898,35,673,393,824,550
3899,36,411,412,528,533
3899,2,672,392,822,714
3899,0,409,411,529,713
3899,35,673,392,824,547
3900,2,672,392,822,714
3900,0,409,411,529,713
3900,35,673,392,824,546
3901,0,409,412,529,711
3901,2,672,392,822,712
3901,35,672,392,823,542
3902,2,672,392,822,712
3902,0,409,411,529,713
3902,35,673,392,824,544
3903,35,674,392,824,545
3903,2,672,392,822,713
3903,0,409,412,529,715
3903,36,412,412,527,532
3904,2,672,392,822,712
3904,0,409,412,529,715
3904,35,673,392,824,546
3904,36,413,412,528,534
3905,2,672,391,822,712
3905,35,673,392,824,545
3905,0,410,411,529,715
3905,36,413,411,527,553
3906,2,672,391,822,713
3906,35,673,391,823,545
3906,0,409,412,529,714
3906,36,412,411,527,556
3907,35,673,391,823,545
3907,2,672,391,822,712
3907,0,409,412,529,714
3907,36,412,411,527,555
3908,2,672,392,822,711
3908,0,408,412,528,714
3908,35,673,392,823,546
3908,36,412,411,527,556
3909,0,408,411,528,713
3909,2,672,392,821,712
3909,36,412,411,527,555
3909,35,673,392,823,546
3910,2,672,394,821,710
3910,0,409,411,528,712
3910,35,673,394,823,549
3910,36,413,411,527,549
3911,2,672,394,821,710
3911,35,673,394,822,550
3911,0,410,411,528,713
3911,36,414,411,527,545
3912,0,409,411,528,712
3912,2,672,395,821,712
3912,35,673,395,822,553
3912,36,413,411,527,550
3913,35,673,395,822,554
3913,36,412,410,527,549
3913,0,409,410,527,713
3913,2,672,395,822,712
3914,0,408,410,528,713
3914,35,673,395,822,553
3914,2,672,395,820,713
3914,36,412,410,527,545
3915,35,673,395,822,553
3915,0,408,410,528,712
3915,2,672,395,820,712
3915,36,412,410,527,543
3916,0,408,410,527,712
3916,2,671,396,820,712
3916,35,673,396,821,553
3916,36,412,410,527,547
3917,0,408,410,527,712
3917,35,672,396,820,553
3917,2,671,396,819,711
3917,36,412,410,526,539
3918,2,671,395,819,711
3918,35,672,396,820,552
3918,0,409,409,527,712
3918,36,412,410,527,545
3919,2,671,395,819,710
3919,35,672,395,820,551
3919,0,409,409,527,711
3919,36,413,409,527,541
3920,35,672,395,821,551
3920,0,409,409,527,712
3920,2,671,395,820,711
3920,36,414,409,527,538
3921,35,672,395,821,550
3921,36,413,409,527,538
3921,0,410,408,527,712
3921,2,671,395,820,712
3922,35,672,395,821,550
3922,0,410,409,527,712
3922,2,671,395,820,712
3922,36,414,409,527,538
3923,35,672,395,821,550
3923,36,414,409,527,538
3923,0,410,408,527,712
3923,2,671,395,819,711
3924,2,671,395,819,710
3924,35,672,395,821,549
3924,0,409,408,527,711
3924,36,414,409,527,534
3925,0,409,408,527,711
3925,2,671,395,819,710
3925,36,414,408,527,534
3925,35,672,395,821,550
3926,2,671,394,820,710
3926,0,409,408,527,711
3926,35,672,395,821,550
3926,36,413,408,527,536
3927,2,671,394,820,710
3927,35,672,395,821,551
3927,0,409,408,527,712
3927,36,412,409,527,536
3928,2,671,394,820,711
3928,35,672,394,821,552
3928,0,408,408,527,714
3928,36,412,409,527,533
3929,0,408,408,527,714
3929,2,671,394,819,711
3929,36,412,409,527,533
3929,35,672,395,821,551
3930,36,412,408,527,532
3930,0,408,408,528,714
3930,2,671,394,818,711
3930,35,672,395,819,552
3931,0,407,407,528,714
3931,36,412,408,527,531
3931,35,672,395,819,552
3931,2,671,393,819,710
3932,0,407,407,528,713
3932,35,671,395,818,552
3932,36,412,408,527,533
3932,2,670,395,816,712
3933,0,406,407,528,712
3933,36,411,407,527,533
3933,2,670,395,815,711
3933,35,671,395,816,552
3934,0,406,407,528,712
3934,36,411,407,527,533
3934,35,671,395,814,551
3934,2,670,393,814,711
3935,36,410,407,526,534
3935,0,406,407,526,712
3935,2,670,392,812,710
3935,35,670,395,812,552
3936,2,669,392,811,709
3936,36,410,408,525,533
3936,35,670,395,810,553
3936,0,405,407,525,714
3937,0,405,408,526,715
3937,2,670,392,810,711
3937,35,670,394,809,552
3937,36,410,408,526,532
3938,36,410,407,526,531
3938,35,671,394,808,553
3938,0,406,407,527,714
3938,2,670,395,809,713
3939,36,411,407,526,531
3939,0,406,407,527,713
3939,35,672,394,808,552
3939,2,671,392,809,713
3940,0,406,407,527,713
3940,36,410,407,526,532
3940,35,672,394,806,552
3940,2,671,392,808,712
3941,0,406,407,526,713
3941,36,410,408,526,532
3941,35,671,394,806,552
3941,2,671,392,807,709
3942,0,406,408,526,713
3942,35,671,394,805,552
3942,2,671,392,806,708
3942,36,410,408,526,533
3943,35,671,394,805,552
3943,2,671,391,806,709
3943,0,405,408,526,714
3943,36,409,408,525,533
3944,36,409,408,525,533
3944,35,671,394,804,552
3944,0,405,408,526,715
3944,2,671,392,805,710
3945,35,671,394,804,553
3945,36,409,408,525,533
3945,0,404,408,525,715
3945,2,671,394,804,710
3946,0,404,408,525,714
3946,36,409,408,525,533
3946,2,671,391,805,710
3946,35,671,394,803,552
3947,36,409,408,525,533
3947,0,404,408,525,713
3947,2,671,395,804,710
3947,35,671,395,804,552
3948,0,404,408,525,713
3948,36,408,408,525,533
3948,35,671,395,803,553
3948,2,671,394,804,712
3949,0,404,408,524,713
3949,2,672,392,804,712
3949,36,408,408,524,534
3950,36,408,408,524,535
3950,0,403,408,524,713
3950,2,671,392,804,710
3950,35,671,392,803,553
3951,36,408,408,524,534
3951,0,403,409,524,714
3951,2,671,391,804,708
3951,35,671,391,803,553
3952,36,408,408,524,534
3952,35,671,391,803,552
3952,0,402,408,524,714
3952,2,671,391,804,707
3953,35,670,391,803,551
3953,36,408,408,523,534
3953,2,670,388,804,707
3953,0,400,408,523,714
3954,0,401,408,523,714
3954,35,671,391,804,551
3954,36,407,408,523,535
3954,2,670,390,805,711
3955,0,401,408,523,712
3955,2,670,390,806,710
3955,35,671,390,804,551
3955,36,407,407,523,536
3956,0,400,408,523,713
3956,2,670,389,806,711
3956,36,407,408,523,537
3956,35,671,389,805,552
3957,2,670,389,806,711
3957,36,407,408,524,537
3957,0,401,408,523,713
3957,35,671,388,806,552
3958,0,401,408,523,713
3958,2,670,387,806,711
3958,36,406,408,523,537
3958,35,671,386,806,551
3959,0,401,408,523,714
3959,2,670,386,805,711
3959,36,406,408,523,536
3959,35,670,386,805,552
3960,0,401,408,523,714
3960,36,406,408,523,536
3960,2,670,382,805,714
3960,35,670,384,804,550
3961,36,405,408,523,536
3961,0,400,408,523,714
3961,2,670,383,805,715
3961,35,670,385,803,550
3962,36,405,408,523,536
3962,0,401,408,522,713
3962,35,670,384,803,550
3962,2,670,381,805,714
3963,0,401,408,522,713
3963,36,405,408,523,535
3963,35,670,383,804,551
3963,2,670,384,804,712
3964,0,401,408,522,713
3964,36,405,408,523,535
3964,35,670,382,804,551
3964,2,670,380,805,714
3965,36,405,408,523,535
3965,0,401,408,523,713
3965,35,670,383,806,551
3965,2,670,379,806,710
3966,36,405,408,523,535
3966,0,401,408,522,715
3966,2,669,379,807,711
3966,35,669,382,807,551
3967,0,401,408,522,715
3967,36,405,408,523,535
3967,35,668,383,807,551
3967,2,668,379,808,711
3968,0,401,408,522,714
3968,36,404,408,523,535
3968,35,668,382,808,551
3968,2,668,379,810,710
3969,36,404,408,522,535
3969,0,401,408,522,713
3969,35,668,382,809,551
3969,2,668,380,809,709
3970,2,668,381,810,709
3970,0,400,408,522,712
3970,36,404,408,522,534
3970,35,668,383,810,551
3971,0,400,408,522,712
3971,35,668,383,811,552
3971,2,668,381,810,708
3971,36,403,408,522,533
3972,36,403,408,522,533
3972,35,668,383,811,552
3972,0,400,408,522,713
3972,2,668,382,811,710
3973,2,668,382,811,710
3973,35,668,383,812,552
3973,0,400,409,522,713
3973,36,403,408,522,533
3974,36,403,408,522,533
3974,0,399,409,522,714
3974,2,668,381,812,711
3974,35,668,383,812,553
3975,0,399,409,522,713
3975,35,668,383,811,553
3975,2,668,381,812,711
3975,36,403,408,522,533
3976,36,403,408,522,532
3976,0,399,409,522,712
3976,2,668,381,811,710
3976,35,668,383,810,551
3977,36,402,408,522,532
3977,35,668,383,809,551
3977,2,668,381,811,709
3977,0,400,408,523,709
3978,0,400,408,523,709
3978,36,403,408,522,532
3978,2,668,381,811,708
3978,35,668,383,810,552
3979,36,403,408,522,532
3979,35,667,383,811,552
3979,2,667,381,811,708
3979,0,399,408,522,713
3980,36,403,408,522,532
3980,0,399,409,522,713
3980,35,667,383,811,553
3980,2,667,383,811,706
3981,0,399,409,522,714
3981,36,402,408,522,533
3981,2,667,383,811,708
3982,36,402,408,522,533
3982,2,666,383,811,708
3982,0,399,408,522,712
3982,35,667,383,811,556
3983,0,399,408,523,712
3983,2,666,382,811,709
3983,35,666,382,811,556
3983,36,402,408,522,535
3984,2,666,382,810,710
3984,36,402,408,521,534
3984,35,666,382,810,557
3984,0,400,408,524,712
3985,0,399,407,524,711
3985,36,402,408,521,533
3985,2,665,381,809,712
3985,35,666,381,809,559
3986,36,402,408,521,533
3986,0,399,407,524,713
3986,35,665,381,808,560
3986,2,664,381,809,716
3987,36,402,408,522,533
3987,35,665,380,808,560
3987,2,664,380,809,713
3987,0,399,408,522,711
3988,2,664,379,809,715
3988,36,402,408,521,533
3988,35,665,380,809,561
3988,0,399,407,523,716
3989,2,665,379,810,715
3989,35,665,379,809,561
3989,36,402,408,521,533
3989,0,400,408,523,716
3990,0,400,408,523,715
3990,36,403,409,522,533
3990,2,665,378,810,717
3990,35,666,378,809,562
3991,36,402,409,522,533
3991,35,666,378,809,562
3991,2,665,378,810,716
3991,0,400,408,524,714
3992,0,400,408,523,714
3992,2,665,377,810,716
3992,35,666,378,809,562
3992,36,403,408,521,532
3993,0,400,408,523,714
3993,36,403,408,522,532
3993,2,666,377,811,716
3993,35,666,377,810,562
3994,36,403,408,522,532
3994,2,666,376,811,716
3994,35,667,377,811,562
3994,0,399,408,522,713
3995,36,403,408,522,532
3995,0,400,408,522,714
3995,2,667,377,812,716
3995,35,667,377,812,562
3996,0,400,408,522,714
3996,36,403,409,522,532
3996,2,669,377,812,717
3996,35,669,377,812,563
3997,0,400,408,522,713
3997,36,403,408,522,532
3997,2,670,376,812,717
3997,35,670,376,812,563
3998,0,401,408,523,713
3998,36,404,408,523,532
3998,2,671,376,813,717
3998,35,671,376,813,563
3999,36,404,408,523,531
3999,0,402,407,523,713
3999,2,673,375,813,718
3999,35,673,376,814,565
4000,0,402,407,523,712
4000,36,405,408,523,532
4000,35,674,376,814,564
4000,2,674,375,814,717
4001,0,402,407,523,712
4001,36,405,408,523,532
4001,2,675,375,814,717
4001,35,675,375,815,564
4002,36,405,408,523,532
4002,0,402,407,523,713
4002,35,676,376,815,564
4002,2,677,375,814,715
4003,36,405,408,523,532
4003,0,402,407,523,714
4003,2,677,375,814,716
4003,35,677,376,815,565
4004,0,402,407,523,714
4004,36,405,408,523,532
4004,2,678,375,814,715
4004,35,678,376,815,564
4005,36,405,408,523,532
4005,0,402,407,523,714
4005,2,679,376,814,715
4005,35,679,376,815,564
4006,0,402,407,523,713
4006,36,405,408,523,532
4006,2,679,375,814,715
4006,35,679,376,815,564
4007,0,402,407,523,713
4007,36,406,408,523,532
4007,35,680,375,815,564
4007,2,680,375,815,714
4008,0,402,407,523,713
4008,35,680,375,815,564
4008,2,680,375,815,713
4008,36,406,408,523,532
4009,2,680,375,815,714
4009,35,680,375,815,564
4009,0,403,407,523,713
4009,36,406,408,523,533
4010,0,403,407,523,713
4010,36,407,408,523,533
4010,35,681,375,815,564
4010,2,681,375,815,713
4011,36,407,408,523,533
4011,0,403,407,523,713
4011,35,681,375,815,564
4011,2,681,375,815,713
4012,36,407,408,523,533
4012,0,403,407,523,713
4012,35,681,375,815,564
4012,2,681,375,815,711
4013,36,407,408,523,533
4013,35,680,375,815,564
4013,0,403,406,523,713
4013,2,680,374,815,711
4014,35,680,375,815,563
4014,0,403,406,523,713
4014,36,406,408,523,533
4014,2,681,372,815,711
4015,35,680,375,815,564
4015,36,407,408,522,533
4015,0,402,406,523,713
4015,2,680,374,814,708
4016,0,402,406,523,712
4016,36,407,408,523,533
4016,35,680,375,815,563
4016,2,679,374,814,707
4017,2,679,374,814,707
4017,35,680,375,815,563
4017,0,402,406,523,712
4017,36,406,408,522,532
4018,2,679,374,814,707
4018,0,402,405,523,712
4018,36,407,407,523,532
4019,36,407,407,523,532
4019,0,403,405,523,712
4019,2,678,374,815,708
4020,0,403,406,523,713
4020,36,407,407,523,532
4020,2,677,373,815,707
4021,0,403,405,523,713
4021,36,407,407,523,532
4021,2,676,374,815,705
4022,0,403,405,524,713
4022,2,677,374,815,703
4022,36,407,407,524,533
4022,35,677,374,816,567
4023,36,407,407,524,533
4023,2,677,373,815,703
4023,0,403,405,524,712
4024,2,677,373,815,702
4024,0,403,405,524,712
4024,36,407,407,523,532
4025,2,677,373,815,703
4025,0,403,405,524,712
4025,36,407,407,523,532
4026,0,403,404,524,712
4026,36,407,407,523,532
4026,2,676,374,817,703
4027,0,403,404,523,712
4027,36,407,407,523,532
4027,2,676,374,818,704
4028,36,407,407,523,532
4028,2,677,374,818,704
4028,0,403,406,526,714
4029,36,407,407,523,532
4029,2,677,375,818,704
4029,0,402,405,524,713
4030,2,677,376,818,704
4030,0,402,405,524,712
4030,36,407,406,524,532
4031,2,677,377,818,705
4031,0,403,405,524,712
4031,36,407,406,524,532
4032,2,677,377,818,705
4032,0,404,405,524,712
4032,36,408,406,524,532
4033,36,409,406,524,532
4033,0,404,404,524,712
4033,2,677,378,819,705
4034,0,404,404,525,711
4034,2,677,379,819,705
4034,36,409,406,525,531
4035,36,409,406,525,531
4035,0,405,404,525,712
4035,2,678,379,819,705
4036,36,408,406,525,531
4036,0,405,404,525,713
4036,2,678,379,820,704
4037,36,409,406,525,531
4037,2,678,380,820,704
4037,0,405,404,525,712
4038,36,409,406,525,531
4038,2,678,380,820,704
4038,0,405,404,525,712
4039,0,404,404,525,711
4039,36,408,406,525,531
4039,2,677,381,820,704
4040,0,405,404,525,711
4040,36,408,406,525,531
4040,2,677,382,820,706
4041,36,408,406,525,531
4041,0,405,404,525,711
4041,2,676,383,820,706
4042,2,676,383,820,707
4042,36,409,406,525,531
4042,0,405,404,525,711
4043,2,676,383,820,708
4043,36,409,406,526,531
4043,0,406,404,526,711
4044,36,409,406,526,531
4044,2,676,384,820,707
4044,0,405,404,526,713
4045,0,405,405,526,712
4045,2,674,384,819,707
4045,36,408,406,525,532
4046,0,405,405,526,712
4046,36,408,406,525,532
4046,2,675,383,819,705
4047,2,675,383,819,702
4047,0,406,406,526,713
4048,2,675,383,819,700
4048,0,405,405,526,712
4049,0,405,405,526,712
4049,2,676,383,819,699
4050,2,676,383,819,700
4050,0,405,405,527,712
4051,2,676,384,819,700
4051,0,406,405,526,712
4051,36,408,406,526,531
4052,2,675,384,819,701
4052,0,407,405,527,712
4052,36,409,406,526,531
4052,37,675,384,819,564
4053,0,407,404,527,712
4053,2,675,385,819,701
4053,37,675,384,819,564
4053,36,410,406,526,531
4054,0,407,404,527,712
4054,2,675,385,819,700
4054,37,675,385,819,565
4054,36,410,406,526,531
4055,0,407,404,527,711
4055,2,675,385,819,700
4055,36,410,406,526,531
4055,37,675,385,819,564
4056,2,675,386,820,700
4056,37,675,386,819,563
4056,0,407,404,526,711
4056,36,410,406,526,530
4057,0,407,404,526,711
4057,2,675,386,820,700
4057,36,410,406,526,531
4058,0,406,404,526,711
4058,36,410,406,526,530
4058,2,675,386,820,700
4059,36,410,406,526,530
4059,0,406,404,526,712
4059,2,674,387,819,700
4060,36,410,406,526,530
4060,2,674,387,820,700
4060,0,406,404,526,712
4061,0,406,404,526,712
4061,36,410,406,526,530
4061,2,675,387,819,699
4062,2,675,388,819,699
4062,0,406,404,526,711
4062,36,410,406,526,530
4063,0,406,404,526,711
4063,2,675,388,819,699
4063,36,410,406,525,530
4063,37,674,388,819,564
4064,2,675,388,819,699
4064,37,674,388,819,563
4064,0,406,404,526,711
4064,36,410,406,525,531
4065,2,675,389,819,700
4065,37,674,389,819,563
4065,0,406,404,526,712
4065,36,410,405,526,531
4066,2,675,389,819,700
4066,36,410,405,526,531
4066,0,406,404,527,712
4067,0,406,404,527,711
4067,2,675,390,819,700
4067,36,410,406,526,531
4068,2,675,390,820,700
4068,0,406,404,527,712
4068,36,409,406,526,531
4069,2,675,390,819,700
4069,0,405,405,527,711
4069,37,675,390,819,564
4070,37,674,390,819,564
4070,2,674,390,819,700
4070,0,405,403,526,711
4071,2,674,390,819,699
4071,37,674,391,819,564
4071,0,406,405,527,711
4072,2,674,390,819,699
4072,37,674,390,819,563
4072,0,405,405,527,710
4073,2,673,390,819,699
4073,0,405,405,527,711
4074,2,673,390,819,699
4074,0,404,405,527,713
4075,2,673,390,819,699
4075,0,405,405,527,712
4076,2,673,390,819,699
4076,0,405,405,527,712
4077,2,673,390,819,699
4077,0,405,404,528,711
4078,2,673,390,819,699
4078,0,405,404,528,711
4079,2,673,390,819,699
4079,0,404,404,528,711
4079,37,673,390,818,563
4080,2,673,390,819,699
4080,37,673,390,819,563
4080,0,404,404,527,710
4081,2,673,390,819,699
4081,0,403,404,528,712
4082,0,403,404,528,712
4082,2,673,389,818,699
4083,2,673,390,819,699
4083,0,404,404,528,712
4084,2,673,390,819,699
4084,37,673,390,819,563
4084,0,404,404,527,711
4085,2,673,389,819,699
4085,37,674,389,819,563
4085,0,405,404,527,710
4086,2,673,389,819,699
4086,37,674,389,819,563
4086,0,405,404,527,709
4087,37,674,389,819,563
4087,2,674,389,819,699
4087,0,405,404,528,710
4088,2,674,389,819,699
4088,37,674,389,819,564
4088,0,405,404,528,712
4089,37,674,389,819,563
4089,2,674,389,820,699
4089,0,405,404,528,714
4090,2,674,389,820,698
4090,0,406,404,528,710
4091,2,674,389,820,698
4091,0,406,403,528,710
4091,38,409,404,527,527
4092,38,410,403,527,527
4092,2,675,389,820,698
4092,0,406,403,528,708
4093,2,675,389,820,698
4093,38,410,403,527,527
4093,0,406,403,528,709
4094,2,675,388,820,698
4094,0,406,403,529,708
4095,2,675,388,820,698
4095,0,407,403,529,710
4096,2,676,388,821,698
4096,0,407,403,528,710
4097,0,407,403,528,710
4097,2,676,388,821,698
4098,2,676,388,821,698
4098,0,406,403,527,710
4098,38,410,403,527,533
4099,2,676,388,821,698
4099,0,406,403,527,710
4099,38,411,403,528,531
4100,2,676,388,822,698
4100,0,407,403,528,710
4100,38,411,403,528,530
4101,2,676,388,822,698
4101,0,407,403,528,709
4101,38,412,403,528,528
4102,2,676,387,823,698
4102,0,407,403,529,711
4102,38,413,403,529,527
4103,2,676,387,823,698
4103,38,413,403,529,527
4103,0,408,402,530,712
4104,2,677,387,823,697
4104,38,413,402,529,527
4104,0,409,402,529,712
4105,2,677,387,823,697
4105,38,413,402,530,527
4105,0,408,402,530,711
4106,2,677,387,823,697
4106,0,409,402,529,710
4106,38,413,402,529,527
4107,2,677,387,823,697
4107,0,409,402,529,710
4107,38,412,402,529,527
4108,2,677,387,823,697
4108,0,409,402,529,709
4108,38,412,402,529,528
4109,2,677,387,823,697
4109,0,408,402,529,711
4109,38,411,402,529,529
4110,2,677,387,823,697
4110,0,407,402,529,711
4110,38,408,402,529,530
4111,2,677,387,823,697
4111,0,406,402,529,712
4111,38,407,402,529,530
4112,2,677,387,823,697
4112,0,406,402,529,711
4112,38,406,402,529,533
4113,2,676,387,823,697
4113,0,404,401,529,710
4113,38,405,401,529,535
4114,2,676,387,823,697
4114,0,404,402,529,710
4114,38,404,401,529,538
4115,2,676,387,823,697
4115,38,405,401,529,538
4115,0,403,401,529,709
4116,2,676,387,823,697
4116,38,404,401,529,537
4116,0,404,402,529,710
4117,2,676,387,822,697
4117,0,406,401,529,712
4117,38,406,400,529,536
4118,2,676,387,822,697
4118,0,407,401,529,711
4118,38,410,400,529,533
4118,39,675,387,822,563
4119,2,676,387,822,697
4119,0,409,398,529,714
4119,38,412,399,529,525
4120,2,676,387,822,697
4120,0,409,398,529,710
4121,2,676,387,823,697
4121,0,409,396,529,709
4122,2,677,387,823,697
4122,0,408,396,530,708
4123,2,677,387,823,697
4123,0,408,395,530,708
4124,2,677,387,823,697
4124,0,408,395,530,710
4125,2,677,387,823,697
4125,0,408,394,530,711
4126,2,677,387,823,697
4126,0,408,393,530,712
4127,2,677,387,823,697
4127,0,408,393,530,710
4128,2,677,387,823,697
4128,0,407,394,530,708
4129,2,677,387,823,697
4129,0,407,394,531,708
4130,2,677,386,823,697
4130,0,408,394,532,707
4131,2,677,387,824,698
4131,0,408,394,532,709
4131,39,676,387,824,564
4132,2,677,387,824,698
4132,39,676,387,824,564
4132,0,408,394,532,711
4133,0,407,393,533,711
4133,39,676,387,824,564
4133,2,677,386,823,698
4134,39,676,387,823,564
4134,0,407,393,533,710
4134,2,677,387,824,698
4135,0,407,393,533,710
4135,2,677,386,824,698
4136,2,677,386,823,698
4136,39,676,387,824,564
4136,0,407,393,533,709
4137,2,677,386,823,698
4137,0,408,393,533,709
4138,0,408,394,533,709
4138,39,676,387,823,564
4138,2,676,387,824,698
4139,2,676,387,823,698
4139,39,676,387,823,564
4139,0,408,394,533,710
4140,39,676,387,823,563
4140,0,408,394,533,710
4140,2,677,386,823,697
4141,0,408,394,534,709
4141,2,676,387,824,698
4142,0,408,394,533,709
4142,2,677,386,823,698
4143,2,677,386,823,697
4143,0,408,394,534,709
4144,2,677,386,823,697
4144,0,408,394,534,709
4145,0,408,394,533,708
4145,2,676,387,823,698
4146,0,408,394,533,708
4146,2,676,387,823,698
4147,2,676,386,823,698
4147,0,408,394,533,708
4148,0,408,394,533,708
4148,2,676,386,823,698
4149,2,676,386,824,698
4149,0,408,393,533,708
4150,2,676,386,824,698
4150,0,408,393,533,708
4151,2,676,386,824,698
4151,0,408,393,533,709
4152,2,676,386,823,698
4152,0,408,392,533,708
4153,2,676,385,823,698
4153,0,408,392,532,707
4154,2,676,385,823,697
4154,0,408,392,533,708
4155,2,675,385,823,697
4155,0,407,391,534,709
4156,2,675,384,823,697
4156,0,407,391,533,708
4157,2,676,384,823,697
4157,0,407,391,533,708
4158,2,676,384,822,697
4158,0,406,391,532,707
4158,40,675,384,822,562
4159,2,676,384,822,696
4159,40,675,384,822,562
4159,0,406,390,532,708
4160,0,405,390,531,707
4160,2,675,383,821,696
4161,0,405,390,532,707
4161,2,675,384,822,696
4162,0,406,390,532,706
4162,2,676,384,822,696
4162,40,675,383,822,561
4163,2,675,384,822,696
4163,40,675,383,822,561
4163,0,405,390,532,706
4164,2,675,384,822,696
4164,40,675,383,822,561
4164,0,405,390,531,706
4165,2,675,384,822,696
4165,40,675,383,822,561
4165,0,406,389,530,708
4166,2,675,384,822,696
4166,40,675,383,822,562
4166,0,404,389,532,707
4167,2,675,384,822,696
4167,40,675,383,822,562
4167,0,405,389,532,706
4168,2,675,383,822,696
4168,40,675,383,822,561
4168,0,405,389,532,706
4169,2,675,383,822,696
4169,40,675,383,822,561
4169,0,405,389,532,706
4170,40,675,383,822,562
4170,2,675,384,822,696
4170,0,405,389,532,707
4171,40,675,383,822,561
4171,2,675,384,822,695
4171,0,405,389,532,706
4172,2,675,383,822,696
4172,40,675,383,822,561
4172,0,405,388,531,707
4173,2,675,384,822,696
4173,40,675,383,822,561
4173,0,404,389,532,705
4174,2,675,384,822,696
4174,40,675,383,821,561
4174,0,403,389,532,705
4175,2,675,383,822,696
4175,40,675,383,822,561
4175,0,404,389,532,705
4176,2,675,384,822,696
4176,40,675,383,822,562
4176,0,404,389,532,705
4177,2,675,384,822,696
4177,40,675,383,822,562
4177,0,404,389,532,707
4178,2,675,384,823,697
4178,40,675,383,822,562
4178,0,405,389,532,707
4179,0,405,389,532,707
4179,40,675,383,822,562
4179,2,675,384,823,697
4180,2,675,384,823,697
4180,40,675,383,822,562
4180,0,405,389,532,707
4181,40,675,383,822,561
4181,2,676,384,823,697
4181,0,406,389,532,705
4182,2,676,383,823,697
4182,0,406,389,532,703
4183,2,676,384,824,697
4183,0,406,389,532,704
4184,2,677,384,824,697
4184,0,407,389,533,705
4185,2,677,384,824,697
4185,0,406,389,532,706
4186,2,677,384,824,697
4186,0,407,389,533,705
4187,0,407,389,534,705
4187,2,677,383,825,697
4188,2,677,383,825,696
4188,0,408,388,532,706
4189,2,678,383,825,696
4189,0,408,389,533,701
4190,2,677,383,826,696
4190,0,409,389,535,701
4191,2,677,383,826,696
4191,0,409,389,534,701
4192,2,677,383,826,696
4192,0,409,389,534,702
4193,2,677,383,826,696
4193,0,410,389,535,704
4194,0,410,390,535,704
4194,2,677,383,827,696
4195,0,410,390,535,703
4195,2,678,383,828,695
4196,2,678,384,828,695
4196,0,411,390,536,700
4197,2,679,384,829,696
4197,0,411,389,537,697
4198,2,679,384,829,696
4198,0,411,389,536,697
4199,2,679,383,829,696
4199,0,411,389,536,698
4200,2,679,384,829,696
4200,0,411,389,535,702
4201,2,680,382,829,695
4201,0,412,389,535,706
4202,2,680,382,829,695
4202,0,412,389,536,705
4203,2,680,382,829,695
4203,0,413,388,536,704
4204,2,680,382,829,695
4204,0,412,388,536,701
4205,0,412,388,536,699
4205,2,680,383,829,696
4206,2,679,383,829,696
4206,0,411,388,536,697
4207,2,679,383,828,696
4207,0,411,388,536,698
4208,2,679,383,828,696
4208,0,411,388,536,701
4209,2,679,383,828,696
4209,0,411,387,536,704
4210,2,679,383,828,695
4210,0,411,388,536,704
4211,2,679,383,828,696
4211,0,411,388,535,705
4212,2,680,383,827,695
4212,0,409,388,535,701
4213,2,679,383,828,696
4213,0,409,388,536,697
4214,2,680,383,828,696
4214,0,408,388,535,698
4215,2,681,383,828,695
4215,0,408,388,535,698
4215,41,421,389,535,506
4216,2,681,383,828,695
4216,0,408,388,535,700
4216,41,421,389,535,505
4217,2,680,383,828,695
4217,0,408,388,535,704
4217,41,422,389,535,504
4218,2,680,383,828,696
4218,41,423,389,535,503
4218,0,409,388,535,704
4219,2,681,382,829,695
4219,0,410,388,535,699
4219,41,423,389,536,505
4220,2,681,382,829,696
4220,0,408,388,535,697
4220,41,422,388,536,507
4221,2,681,382,829,696
4221,0,408,388,535,697
4221,41,422,388,535,507
4222,2,681,382,829,696
4222,0,408,388,535,696
4222,41,420,389,536,509
4223,2,681,382,830,696
4223,0,408,388,536,697
4223,41,420,389,536,510
4224,2,681,383,830,696
4224,0,409,388,536,698
4224,41,419,389,536,509
4225,2,681,383,831,696
4225,0,409,388,536,699
4225,41,418,389,536,507
4226,2,681,383,831,696
4226,0,409,388,536,699
4226,41,418,388,537,506
4227,0,409,388,536,699
4227,2,682,383,831,696
4227,41,418,388,536,510
4228,2,682,384,830,697
4228,0,408,388,535,697
4228,41,418,388,536,511
4229,2,682,383,830,697
4229,0,408,388,535,698
4229,41,418,388,535,513
4230,2,682,384,829,697
4230,0,408,388,534,698
4230,41,418,389,535,516
4231,2,682,385,829,697
4231,0,408,388,536,700
4231,41,419,389,536,520
4232,2,682,385,829,697
4232,41,419,389,536,520
4232,0,409,389,535,703
4233,2,682,385,829,697
4233,0,408,389,536,704
4233,41,420,389,536,521
4234,0,409,389,536,703
4234,2,682,386,830,698
4234,41,419,389,536,525
4235,2,681,386,831,698
4235,0,409,389,536,701
4235,41,418,389,536,525
4236,2,682,386,831,698
4236,0,409,389,537,698
4236,41,418,390,537,527
4237,0,409,390,537,696
4237,2,682,386,831,697
4237,41,418,390,537,528
4238,2,683,386,831,697
4238,0,409,390,537,697
4238,41,418,391,537,527
4239,2,683,386,832,697
4239,41,418,391,538,527
4239,0,410,391,538,703
4240,2,684,386,832,698
4240,0,410,391,538,707
4240,41,420,392,538,523
4241,2,684,386,832,697
4241,0,410,391,538,706
4241,41,422,392,538,521
4242,0,410,391,538,703
4242,2,685,387,833,698
4242,41,425,393,538,519
4243,2,684,388,833,699
4243,0,410,391,538,703
4243,41,426,393,538,519
4244,2,684,388,833,700
4244,0,409,392,538,703
4244,41,426,393,538,518
4245,2,684,389,833,700
4245,41,427,393,538,520
4245,0,409,393,537,704
4246,2,684,389,833,701
4246,0,407,394,536,706
4246,41,426,394,538,521
4247,2,683,390,832,702
4247,0,408,395,536,709
4247,41,425,394,537,522
4248,2,683,390,832,703
4248,0,408,395,536,709
4248,41,425,395,538,522
4249,2,684,390,833,703
4249,0,409,395,537,709
4249,41,426,395,538,524
4250,2,685,391,834,703
4250,0,411,395,537,707
4250,41,427,395,538,525
4251,2,686,391,834,704
4251,41,428,396,539,525
4251,0,413,395,538,707
4251,42,685,391,832,567
4252,2,686,392,835,704
4252,0,415,395,538,706
4252,41,429,396,539,524
4252,42,686,392,834,568
4253,2,686,392,835,705
4253,42,686,393,834,569
4253,0,415,395,539,707
4253,41,430,396,540,523
4254,41,430,396,540,523
4254,0,415,396,540,708
4254,42,687,393,835,568
4254,2,687,393,836,706
4255,2,688,394,836,706
4255,42,687,394,835,569
4255,0,415,396,541,709
4255,41,431,396,541,522
4256,2,688,394,836,707
4256,42,688,394,836,569
4256,41,432,397,542,523
4256,0,418,396,542,710
4257,2,688,394,838,708
4257,42,689,394,837,570
4257,41,432,397,543,524
4257,0,418,396,544,713
4258,2,689,394,839,708
4258,42,689,394,839,571
4258,0,420,396,545,711
4258,41,434,397,543,522
4259,2,689,394,839,708
4259,42,690,394,839,571
4259,0,422,396,545,710
4259,41,436,397,544,524
4260,2,689,394,840,708
4260,42,690,395,839,570
4260,0,424,397,545,710
4260,41,436,398,544,523
4261,42,690,395,840,570
4261,2,690,395,840,709
4261,41,437,398,544,523
4261,0,425,397,545,711
4262,42,691,395,840,571
4262,2,690,395,841,709
4262,41,438,398,544,521
4262,0,428,398,545,714
4263,2,690,395,841,709
4263,42,691,395,841,571
4263,41,438,399,544,521
4263,0,428,398,545,715
4264,2,690,395,841,710
4264,42,691,395,841,571
4264,41,439,399,544,523
4264,0,421,402,546,712
4265,2,690,395,841,710
4265,42,691,395,841,571
4265,0,421,402,546,711
4265,41,439,399,544,527
4266,2,690,395,842,710
4266,42,691,395,841,572
4266,41,439,399,544,526
4266,0,419,402,546,712
4267,2,691,395,842,710
4267,42,691,395,842,572
4267,41,439,399,545,526
4267,0,424,399,546,710
4268,2,691,396,842,711
4268,42,691,396,842,573
4268,0,425,399,546,711
4268,41,439,400,545,525
4269,2,691,396,842,711
4269,42,691,396,842,574
4269,41,438,401,545,525
4269,0,423,403,547,713
4270,2,691,396,842,712
4270,42,692,396,842,575
4270,41,437,402,545,526
4270,0,433,401,546,717
4271,2,692,397,842,712
4271,42,692,397,842,576
4271,0,434,402,546,719
4271,41,437,402,545,527
4272,2,692,398,842,712
4272,42,692,398,842,576
4272,41,435,403,544,527
4272,0,429,403,545,716
4273,2,692,398,842,713
4273,42,692,399,842,577
4273,41,434,404,544,528
4273,0,425,404,545,715
4274,2,691,399,841,714
4274,42,692,399,841,577
4274,0,423,404,544,715
4274,41,433,405,543,529
4275,42,691,399,841,578
4275,2,691,399,841,714
4275,41,433,405,543,530
4275,0,417,405,545,715
4276,2,690,399,841,714
4276,42,691,399,841,579
4276,0,416,405,544,716
4276,41,432,405,543,533
4277,2,690,400,840,715
4277,0,416,406,544,716
4277,42,690,399,840,579
4277,41,431,406,543,534
4278,2,690,400,840,715
4278,42,690,399,840,580
4278,0,416,406,544,717
4278,41,431,406,543,535
4279,2,689,400,840,715
4279,42,690,400,840,580
4279,0,417,405,544,716
4279,41,431,406,543,536
4280,2,689,400,840,715
4280,42,690,400,839,580
4280,0,418,405,543,717
4280,41,431,406,543,532
4281,2,689,400,839,716
4281,42,690,400,839,580
4281,41,430,406,543,531
4281,0,416,405,543,717
4282,2,689,400,839,716
4282,42,689,400,839,579
4282,0,414,406,543,714
4282,41,430,407,542,535
4283,2,689,400,839,716
4283,42,689,400,839,579
4283,41,430,407,542,535
4283,0,415,406,543,716
4284,2,689,399,839,715
4284,42,689,400,838,578
4284,0,416,406,543,717
4284,41,430,407,542,534
4285,2,689,399,838,715
4285,42,689,399,838,578
4285,41,431,407,541,533
4285,0,418,406,542,717
4286,42,689,399,838,578
4286,2,689,399,838,714
4286,0,417,406,541,717
4286,41,431,407,541,535
4287,2,689,399,838,714
4287,42,689,399,838,578
4287,0,417,406,541,717
4287,41,431,407,541,537
4288,0,416,406,541,716
4288,2,688,397,838,713
4288,41,431,407,540,538
4288,42,688,398,837,576
4289,0,417,406,540,716
4289,2,687,396,836,711
4289,41,431,406,539,535
4289,42,686,396,835,573
4290,2,686,396,835,710
4290,42,685,396,834,573
4290,0,417,406,538,715
4290,41,428,405,538,535
4291,2,685,396,833,711
4291,42,684,396,832,574
4291,0,415,406,535,715
4291,41,426,405,536,537
4292,0,415,406,535,716
4292,42,682,396,830,574
4292,2,683,396,831,711
4292,41,422,405,535,537
4293,2,682,397,828,710
4293,41,422,406,534,536
4293,0,411,407,533,717
4294,0,411,407,532,717
4294,2,680,397,828,710
4294,41,421,407,532,537
4295,2,679,399,827,714
4295,41,421,407,531,538
4295,42,680,399,827,575
4295,0,405,408,531,717
4296,2,679,400,828,715
4296,0,406,408,533,717
4296,42,680,400,828,576
4296,41,421,408,532,539
4297,42,680,400,828,576
4297,41,420,408,533,540
4297,2,681,399,828,713
4297,0,404,409,533,717
4298,42,680,400,828,577
4298,2,680,400,828,714
4298,41,420,409,532,541
4298,0,406,409,532,717
4299,0,406,411,532,717
4299,41,420,410,532,542
4299,2,678,402,828,715
4299,42,679,402,827,578
4300,2,677,403,827,716
4300,42,679,403,827,580
4300,41,420,411,532,541
4300,0,404,412,532,718
4301,0,404,413,532,718
4301,42,679,404,827,580
4301,2,677,404,827,719
4301,41,420,412,532,543
4302,0,404,413,532,719
4302,42,680,404,827,580
4302,2,678,404,827,719
4302,41,420,412,532,544
4303,0,404,413,533,719
4303,42,680,403,828,581
4303,41,420,413,533,545
4303,2,680,403,828,717
4304,2,681,403,829,717
4304,42,680,404,828,582
4304,0,406,414,533,719
4304,41,421,413,535,544
4305,2,681,403,831,717
4305,0,406,414,535,719
4305,42,680,403,830,582
4305,41,421,414,536,544
4306,42,680,403,831,582
4306,0,407,414,536,718
4306,41,422,414,537,543
4306,2,679,403,831,720
4307,0,408,414,536,718
4307,42,680,403,831,580
4307,2,681,403,832,718
4307,41,422,414,537,548
4308,2,680,402,831,718
4308,42,679,403,830,580
4308,41,422,414,535,547
4308,0,407,414,534,719
4309,42,679,402,828,579
4309,0,404,413,533,718
4309,2,679,401,829,717
4309,41,421,413,534,543
4310,0,403,413,533,718
4310,41,420,413,533,544
4310,2,677,400,828,719
4310,42,678,400,828,584
4311,0,404,413,533,718
4311,2,676,400,828,719
4311,41,420,413,534,545
4311,42,678,400,828,585
4312,2,677,400,830,719
4312,0,406,414,534,719
4312,42,679,401,830,585
4312,41,421,414,535,544
4313,42,679,401,831,585
4313,0,405,415,535,719
4313,2,680,401,832,718
4313,41,421,415,536,543
4314,2,679,401,832,718
4314,42,678,401,831,584
4314,0,404,415,534,719
4314,41,420,416,535,541
4315,0,404,415,533,719
4315,42,677,401,829,584
4315,2,678,400,830,718
4315,41,419,415,534,541
4316,2,677,400,829,718
4316,42,677,401,829,584
4316,0,406,415,531,719
4316,41,418,416,532,543
4317,42,677,401,829,584
4317,0,406,415,532,718
4317,2,676,401,829,720
4317,41,418,416,532,545
4318,42,677,402,830,583
4318,0,404,416,532,718
4318,2,678,401,830,717
4318,41,416,416,532,547
4319,0,404,417,532,718
4319,42,677,402,830,582
4319,2,677,401,831,718
4319,41,416,417,532,544
4320,2,678,402,830,719
4320,42,678,402,830,583
4320,0,403,417,530,719
4320,41,415,417,530,545
4321,0,403,418,530,719
4321,2,678,403,830,719
4321,42,678,403,829,583
4321,41,414,418,529,546
4322,42,678,404,829,584
4322,2,678,403,830,719
4322,0,402,419,530,719
4322,41,414,419,530,548
4323,42,679,404,829,585
4323,2,678,403,829,719
4323,0,402,420,530,719
4323,41,414,419,529,549
4324,0,402,420,530,719
4324,42,679,404,829,584
4324,2,679,404,829,720
4324,41,414,420,529,549
4325,2,679,404,829,720
4325,42,679,404,829,585
4325,0,403,421,529,720
4325,41,414,421,529,551
4326,0,403,422,529,720
4326,41,414,421,529,550
4326,42,679,404,830,584
4326,2,679,404,830,720
4327,42,679,405,830,584
4327,2,678,405,830,720
4327,0,403,422,529,720
4327,41,413,422,528,552
4328,42,679,405,830,584
4328,2,679,405,830,720
4328,0,403,422,527,720
4328,41,414,422,526,554
4329,2,679,405,831,719
4329,42,679,405,830,584
4329,0,404,421,528,720
4329,41,415,422,527,553
4330,2,679,405,831,719
4330,0,405,421,528,719
4330,41,415,422,528,551
4331,2,680,405,832,719
4331,41,416,422,528,551
4331,0,407,422,529,719
4332,2,679,405,832,719
4332,0,408,422,529,719
4332,41,417,422,529,551
4333,2,679,405,832,718
4333,0,411,422,531,719
4333,41,417,423,531,553
4334,2,679,405,832,719
4334,41,417,423,531,552
4334,0,403,422,531,719
4335,2,680,405,832,719
4335,0,403,422,532,719
4335,41,416,423,532,551
4336,0,403,422,532,719
4336,2,680,406,832,719
4336,41,416,423,532,552
4337,2,680,406,832,719
4337,41,416,424,532,553
4337,0,405,423,530,720
4338,2,680,407,833,719
4338,41,415,424,532,554
4338,0,404,423,532,720
4339,2,680,408,833,719
4339,41,416,424,533,554
4339,0,406,421,533,720
4340,2,680,408,833,719
4340,0,406,422,533,720
4340,41,416,425,534,556
4341,2,680,408,833,719
4341,0,405,423,533,719
4341,41,416,425,533,558
4342,2,681,409,833,719
4342,41,415,425,533,558
4342,0,405,425,533,719
4342,42,680,408,832,587
4343,2,681,409,833,719
4343,42,680,408,833,586
4343,0,405,425,530,719
4343,41,415,425,530,558
4344,2,680,408,833,719
4344,0,406,425,532,719
4344,41,415,425,533,559
4345,2,680,408,833,719
4345,41,415,425,533,559
4345,42,679,407,832,586
4345,0,407,424,533,719
4346,2,680,408,833,719
4346,41,415,426,533,560
4346,0,411,426,533,718
4347,2,681,408,833,719
4347,41,416,426,533,560
4347,0,409,425,532,719
4348,2,681,408,833,719
4348,0,408,425,532,718
4348,41,416,426,533,559
4349,2,681,408,833,719
4349,41,416,426,533,559
4349,0,405,426,533,719
4350,2,680,408,833,719
4350,41,416,426,533,559
4350,0,403,427,533,718
4351,2,681,408,833,719
4351,0,403,426,533,718
4351,41,417,426,532,559
4352,2,681,408,833,719
4352,0,405,426,531,718
4352,41,417,427,531,560
4353,2,681,409,833,719
4353,0,405,426,531,718
4353,41,418,427,531,563
4354,2,681,409,833,719
4354,42,679,408,833,587
4354,0,407,426,531,718
4354,41,418,427,532,561
4355,2,681,409,833,719
4355,0,407,426,532,718
4355,41,418,427,532,562
4356,2,682,409,833,719
4356,0,409,427,532,718
4356,41,419,427,533,566
4357,2,681,409,834,719
4357,0,409,427,532,718
4357,42,680,408,833,589
4357,41,421,427,533,564
4358,2,682,409,834,719
4358,42,681,408,833,589
4358,41,421,427,533,564
4358,0,410,427,532,718
4359,2,682,409,834,720
4359,42,681,408,833,589
4359,41,422,427,534,564
4359,0,411,427,533,718
4360,2,682,409,834,720
4360,42,681,408,833,588
4360,0,412,427,533,718
4360,41,421,427,534,563
4361,2,682,409,834,719
4361,42,681,408,833,589
4361,41,422,427,535,563
4361,0,412,427,533,718
4362,2,682,409,834,719
4362,42,681,408,834,588
4362,41,422,427,535,564
4362,0,413,427,534,718
4363,2,683,409,835,720
4363,41,423,427,536,564
4363,0,413,427,535,719
4363,42,682,409,835,589
4364,2,683,409,835,719
4364,42,682,408,835,589
4364,0,414,427,535,719
4364,41,423,427,537,565
4365,42,682,408,835,589
4365,2,683,409,835,720
4365,0,413,427,536,718
4365,41,424,427,537,564
4366,2,683,409,835,719
4366,0,413,427,536,718
4366,42,683,408,835,589
4366,41,424,427,537,565
4367,2,683,409,835,719
4367,0,413,427,536,718
4367,42,683,408,835,589
4367,41,424,427,537,564
4368,2,683,408,835,719
4368,42,683,408,835,589
4368,41,424,427,537,565
4368,0,413,426,536,718
4369,2,684,409,835,720
4369,42,683,408,835,589
4369,0,414,426,536,719
4369,41,425,427,537,566
4370,2,684,409,836,719
4370,0,414,427,536,719
4370,42,684,408,836,589
4370,41,425,427,537,565
4371,2,684,409,837,719
4371,42,684,409,837,588
4371,41,425,427,539,566
4371,0,416,427,537,720
4372,0,416,426,538,720
4372,2,685,409,837,719
4372,41,425,427,539,566
4372,42,685,408,837,588
4373,2,685,409,837,719
4373,42,684,408,836,588
4373,0,414,426,538,720
4373,41,425,427,539,564
4374,2,685,409,836,720
4374,42,684,408,836,588
4374,41,425,427,538,565
4374,0,415,426,537,720
4375,2,684,409,836,720
4375,42,684,408,836,587
4375,0,415,426,537,720
4375,41,425,426,539,563
4376,2,684,408,837,720
4376,0,415,426,538,719
4376,42,684,408,836,586
4376,41,426,426,538,563
4377,2,684,408,837,720
4377,42,684,408,837,587
4377,0,415,425,538,720
4377,41,426,426,538,562
4378,2,684,408,837,720
4378,42,684,408,837,586
4378,0,416,425,538,720
4378,41,425,426,538,561
4379,42,684,407,837,586
4379,2,684,408,837,719
4379,0,416,425,538,720
4379,41,426,426,539,560
4380,41,426,425,539,560
4380,2,685,407,837,719
4380,42,684,407,837,586
4380,0,419,425,538,720
4381,2,685,407,837,719
4381,42,685,406,837,586
4381,0,420,425,537,719
4381,41,426,425,539,559
4382,42,685,406,837,586
4382,2,685,406,837,720
4382,0,421,425,537,720
4382,41,426,425,538,560
4383,2,685,406,837,720
4383,42,685,406,837,586
4383,0,420,424,537,720
4383,41,426,425,538,559
4384,2,685,406,838,720
4384,42,685,406,837,585
4384,41,426,424,538,559
4384,0,419,424,537,720
4385,2,685,406,838,720
4385,42,685,406,837,585
4385,41,426,424,538,559
4385,0,419,424,537,720
4386,2,685,406,838,720
4386,42,685,406,838,585
4386,41,426,424,538,559
4386,0,420,424,537,720
4387,2,685,406,838,720
4387,41,427,424,539,559
4387,42,686,406,838,585
4387,0,419,423,538,720
4388,0,419,423,538,720
4388,42,686,406,839,585
4388,2,686,406,839,720
4388,41,427,423,539,559
4389,2,687,405,839,720
4389,42,686,405,839,584
4389,0,418,423,539,720
4389,41,427,423,540,558
4390,0,418,423,539,720
4390,2,687,405,840,720
4390,42,687,405,840,585
4390,41,428,423,540,558
4391,2,687,405,840,720
4391,42,687,405,840,584
4391,41,428,423,540,557
4391,0,419,423,539,720
4392,42,687,405,840,584
4392,2,687,405,840,720
4392,0,419,423,539,720
4392,41,429,423,539,557
4393,2,687,405,839,720
4393,42,687,405,839,584
4393,41,428,422,540,557
4393,0,416,422,539,720
4394,2,688,405,840,720
4394,42,687,405,840,583
4394,0,418,422,539,720
4394,41,429,422,540,556
4395,2,688,405,841,720
4395,42,688,405,841,584
4395,41,429,422,541,555
4395,0,419,422,540,720
4396,2,689,405,841,720
4396,42,688,405,842,583
4396,0,420,422,542,720
4396,41,430,422,542,555
4397,0,420,422,542,720
4397,2,689,404,841,720
4397,42,689,405,842,583
4397,41,430,422,542,553
4398,2,689,404,841,720
4398,42,688,405,842,583
4398,0,419,422,542,720
4398,41,430,422,542,551
4399,2,689,404,841,720
4399,42,689,404,842,583
4399,0,419,422,542,719
4399,41,430,422,542,550
4400,2,689,404,842,720
4400,42,689,404,842,582
4400,0,420,422,543,718
4400,41,431,421,542,549
4401,2,690,404,842,720
4401,42,690,404,843,582
4401,0,421,422,544,718
4401,41,432,421,543,547
4402,2,690,404,842,720
4402,42,690,404,843,583
4402,41,432,422,543,547
4402,0,420,422,544,718
4403,2,690,403,842,720
4403,42,690,403,843,583
4403,0,421,421,545,718
4403,41,432,421,543,548
4404,2,690,403,842,720
4404,42,689,403,843,583
4404,41,431,421,543,547
4404,0,425,421,545,717
4405,2,690,403,842,720
4405,0,426,422,545,717
4405,42,689,403,842,582
4405,41,430,421,543,547
4406,42,689,403,842,582
4406,2,689,403,842,720
4406,41,430,421,543,548
4406,0,421,421,544,718
4407,2,689,402,842,720
4407,42,690,402,843,582
4407,0,420,421,544,718
4407,41,429,421,542,548
4408,2,689,402,842,720
4408,0,420,421,545,719
4409,2,689,402,842,720
4409,0,419,421,545,718
4410,2,689,402,842,720
4410,42,690,402,842,582
4410,0,419,421,544,718
4411,0,419,421,544,718
4411,2,689,402,842,719
4412,2,689,402,842,719
4412,0,421,421,543,719
4412,41,430,421,542,553
4413,2,689,402,842,719
4413,0,421,420,543,719
4413,41,430,420,542,551
4414,0,421,420,542,719
4414,2,688,401,841,718
4414,41,430,420,542,550
4415,2,688,401,841,718
4415,41,430,420,542,550
4415,0,419,420,542,719
4416,2,688,401,841,718
4416,41,429,420,541,551
4416,0,418,420,541,719
4416,42,689,401,842,580
4417,2,687,401,840,718
4417,42,688,401,841,580
4417,0,419,420,541,719
4417,41,430,420,541,548
4418,42,688,400,841,580
4418,2,687,400,840,718
4418,0,418,420,541,718
4418,41,430,420,540,545
4419,2,687,400,840,717
4419,42,688,400,840,580
4419,0,418,420,540,718
4419,41,431,420,540,545
4420,2,687,400,840,717
4420,42,688,400,840,580
4420,0,419,420,539,719
4420,41,430,420,540,546
4421,42,687,400,840,579
4421,2,687,400,839,716
4421,0,416,420,539,719
4421,41,428,420,540,550
4422,42,687,400,840,579
4422,2,687,400,840,716
4422,0,417,420,539,719
4422,41,427,420,540,554
4423,0,416,420,540,719
4423,2,687,400,840,716
4423,42,688,400,841,579
4423,41,426,420,540,555
4424,2,688,400,840,716
4424,42,688,400,841,580
4424,41,427,420,541,555
4424,0,417,420,540,719
4425,2,688,400,840,716
4425,42,689,400,841,579
4425,0,418,420,540,718
4425,41,428,420,540,555
4426,2,688,400,840,716
4426,0,417,420,540,719
4426,42,688,400,840,579
4426,41,427,420,540,555
4427,2,687,399,839,715
4427,0,416,420,540,719
4427,42,687,400,840,579
4427,41,427,420,540,553
4428,0,416,419,540,719
4428,2,687,399,839,715
4428,42,686,399,840,579
4428,41,427,419,540,553
4429,2,687,398,839,715
4429,42,687,399,840,579
4429,41,428,419,540,554
4429,0,417,419,540,718
4430,2,687,398,840,716
4430,42,687,398,840,578
4430,0,417,419,540,718
4430,41,428,419,540,553
4431,0,417,418,540,718
4431,2,687,397,840,715
4431,42,687,398,840,578
4431,41,428,419,540,551
4432,2,687,397,839,715
4432,0,416,418,540,719
4432,41,428,418,540,551
4432,42,687,397,840,578
4433,2,687,397,839,715
4433,42,687,397,840,578
4433,0,417,418,540,719
4433,41,428,418,540,550
4434,2,687,397,840,715
4434,42,686,397,840,578
4434,0,417,417,540,719
4434,41,428,417,540,551
4435,41,428,417,541,551
4435,0,416,417,540,718
4435,2,688,397,840,715
4435,42,687,397,841,578
4436,2,688,397,840,716
4436,42,688,397,841,578
4436,0,417,417,540,718
4436,41,429,417,541,549
4437,2,688,397,840,716
4437,42,688,397,841,577
4437,0,417,417,541,718
4437,41,429,417,541,550
4438,2,688,397,840,716
4438,0,417,417,541,718
4438,42,688,397,841,577
4438,41,430,417,541,550
4439,2,688,397,840,716
4439,42,688,397,841,576
4439,0,416,417,541,718
4439,41,429,417,541,551
4440,2,688,397,840,716
4440,42,687,397,841,576
4440,0,416,416,541,718
4440,41,429,416,541,551
4441,42,688,397,841,576
4441,2,688,397,840,715
4441,0,416,416,541,718
4441,41,429,416,541,553
4442,0,416,415,541,718
4442,2,688,397,841,716
4442,42,688,397,841,576
4442,41,429,415,541,552
4443,2,688,397,842,716
4443,42,688,397,843,576
4443,0,417,415,542,718
4443,41,429,415,542,550
4444,2,689,397,842,716
4444,42,690,397,843,577
4444,0,419,415,543,718
4444,41,431,415,542,551
4445,2,690,397,843,716
4445,42,690,397,844,578
4445,0,421,415,544,718
4445,41,433,415,543,548
4446,2,691,396,844,717
4446,0,422,415,545,718
4446,42,691,397,845,578
4446,41,435,415,543,546
4447,0,422,414,545,718
4447,42,692,397,845,578
4447,2,691,396,844,716
4447,41,435,415,543,545
4448,2,691,396,844,716
4448,0,421,414,544,718
4448,42,691,397,845,578
4448,41,434,415,543,546
4449,2,691,397,844,716
4449,0,421,415,544,718
4449,41,434,415,543,547
4449,42,691,397,844,579
4450,2,691,397,844,716
4450,0,421,415,544,718
4450,41,434,415,543,547
4451,2,690,397,844,717
4451,0,421,415,544,718
4451,41,434,415,543,547
4452,0,421,415,544,718
4452,41,434,415,543,548
4452,2,690,397,844,717
4453,0,421,415,545,718
4453,41,434,415,544,548
4453,2,690,397,845,718
4454,2,690,398,844,718
4454,0,421,415,545,718
4454,41,434,416,544,547
4455,0,421,416,545,718
4455,2,690,399,844,718
4455,41,434,416,544,552
4456,0,421,416,545,718
4456,2,690,399,844,718
4456,41,433,416,544,554
4457,2,690,399,844,719
4457,0,420,416,545,718
4457,41,431,417,543,555
4458,2,690,400,843,719
4458,0,419,416,544,718
4458,41,429,417,543,557
4459,2,690,400,842,719
4459,41,429,417,542,558
4459,0,417,417,543,719
4460,2,690,400,842,719
4460,41,428,417,542,558
4460,0,417,417,542,718
4460,42,690,400,843,582
4461,2,690,400,842,719
4461,0,416,417,542,718
4461,41,427,417,542,558
4462,2,690,400,842,719
4462,0,416,415,542,718
4462,41,428,416,542,557
4463,2,690,400,842,718
4463,0,416,415,543,718
4463,41,427,415,542,557
4464,2,690,400,843,718
4464,42,690,400,843,582
4464,0,416,414,543,719
4464,41,428,414,542,556
4465,2,690,400,843,718
4465,42,690,400,843,582
4465,0,416,413,543,718
4465,41,428,413,542,554
4466,2,690,399,843,718
4466,0,417,412,542,718
4466,41,430,412,542,553
4467,2,689,399,842,717
4467,0,416,412,543,718
4467,41,431,411,542,551
4468,0,415,412,543,718
4468,41,431,411,542,552
4468,2,689,398,842,717
4469,2,689,398,842,717
4469,0,416,411,543,718
4469,41,431,411,541,551
4470,0,416,411,542,718
4470,2,689,399,842,717
4470,41,431,410,541,551
4470,42,689,399,843,582
4471,42,689,399,843,582
4471,2,689,399,842,717
4471,0,415,411,542,718
4471,41,431,410,541,550
4472,2,689,399,842,717
4472,42,689,399,843,582
4472,0,415,411,542,718
4472,41,431,410,541,550
4473,0,415,411,542,718
4473,2,688,398,842,717
4473,42,689,398,842,581
4473,41,431,410,541,550
4474,0,415,410,542,718
4474,42,689,398,842,581
4474,2,689,398,842,717
4474,41,430,410,541,550
4475,2,689,398,842,717
4475,41,430,409,541,550
4475,0,416,410,541,718
4476,0,416,409,541,719
4476,2,689,398,842,716
4476,41,429,409,541,550
4477,2,689,396,842,716
4477,0,417,409,542,718
4477,41,428,409,542,552
4478,2,689,396,842,716
4478,0,417,408,542,717
4478,41,430,408,542,550
4479,41,430,408,542,550
4479,2,690,396,843,716
4479,0,418,408,543,718
4480,2,690,395,843,716
4480,0,418,408,543,717
4480,41,431,408,543,548
4481,0,418,408,543,717
4481,41,431,408,543,549
4481,2,691,395,843,716
4482,2,691,395,843,716
4482,0,418,408,544,717
4482,41,431,408,543,548
4483,2,690,395,843,715
4483,0,419,408,543,717
4483,41,430,408,543,551
4484,2,690,395,843,715
4484,0,416,407,544,717
4484,41,431,408,543,547
4484,42,691,395,843,579
4485,2,690,395,843,714
4485,0,416,407,544,717
4485,42,690,395,843,579
4485,41,431,407,543,546
4486,2,690,395,842,714
4486,0,416,407,544,717
4486,42,690,395,843,578
4486,41,430,407,543,546
4487,2,690,395,842,713
4487,0,416,407,544,717
4487,41,430,407,543,545
4487,42,690,395,843,577
4488,42,690,395,842,577
4488,2,690,395,842,713
4488,41,430,407,543,545
4488,0,415,406,544,717
4489,2,690,395,842,713
4489,42,690,395,843,577
4489,41,430,407,542,546
4489,0,416,406,544,717
4490,2,690,395,842,713
4490,42,690,395,842,576
4490,41,430,407,542,546
4490,0,416,406,543,720
4491,2,690,395,842,713
4491,41,430,407,542,545
4491,42,690,395,843,576
4491,0,416,406,543,717
4492,41,430,406,542,546
4492,42,690,395,843,576
4492,0,416,406,543,717
4492,2,690,395,842,712
4493,42,690,395,843,575
4493,2,690,394,842,712
4493,41,430,406,543,546
4493,0,416,405,544,717
4494,2,690,394,842,711
4494,0,416,405,544,717
4494,42,690,394,842,575
4494,41,430,406,543,546
4495,2,691,394,842,711
4495,42,690,394,842,575
4495,0,417,405,544,716
4495,41,431,406,543,546
4496,0,417,405,544,716
4496,2,691,394,842,711
4496,42,690,394,842,574
4496,41,432,406,544,544
4497,2,691,394,842,711
4497,42,690,394,842,574
4497,0,418,405,544,717
4497,41,432,406,544,544
4498,0,418,405,544,717
4498,42,690,394,842,574
4498,2,691,394,842,710
4498,41,432,406,543,545
4499,42,690,394,842,574
4499,0,418,405,544,716
4499,41,432,405,543,545
4499,2,690,393,841,712
4500,2,690,393,841,712
4500,42,690,394,842,574
4500,0,417,404,543,717
4500,41,432,405,542,544
4501,2,689,393,841,711
4501,0,418,405,543,716
4501,42,690,394,841,575
4501,41,432,405,542,542
4502,2,689,393,841,711
4502,0,418,404,543,716
4502,42,690,394,841,574
4502,41,432,405,542,543
4503,2,688,393,840,710
4503,42,689,394,840,574
4503,0,419,404,542,716
4503,41,431,405,542,544
4504,2,688,393,840,710
4504,42,689,394,840,573
4504,0,419,404,542,716
4504,41,431,404,542,544
4505,42,689,394,840,573
4505,41,431,404,541,543
4505,0,419,404,542,716
4505,2,689,394,841,708
4506,42,689,394,840,573
4506,0,419,404,542,716
4506,41,431,404,541,543
4506,2,689,395,841,709
4507,2,689,395,841,709
4507,42,689,394,840,573
4507,0,419,404,542,716
4507,41,431,404,541,543
4508,2,689,395,840,709
4508,0,419,403,542,716
4508,42,689,394,840,573
4508,41,431,404,542,543
4509,41,431,404,542,543
4509,42,689,394,840,572
4509,0,419,403,543,716
4509,2,688,393,840,711
4510,42,689,394,840,572
4510,41,431,404,542,542
4510,0,418,404,543,716
4510,2,689,395,841,708
4511,2,689,395,841,708
4511,42,689,394,840,572
4511,0,418,403,543,716
4511,41,431,404,542,542
4512,42,689,394,840,572
4512,2,689,394,841,708
4512,41,431,403,542,542
4512,0,419,403,543,716
4513,42,689,394,840,572
4513,0,419,403,542,716
4513,41,431,403,541,542
4513,2,688,393,840,710
4514,42,689,394,840,572
4514,2,688,393,840,710
4514,0,419,404,542,716
4514,41,431,403,541,541
4515,2,688,393,840,710
4515,42,688,394,840,572
4515,41,431,404,541,541
4515,0,419,404,542,716
4516,2,688,393,840,710
4516,41,430,404,541,541
4516,42,688,394,840,572
4516,0,418,403,542,717
4517,2,688,393,839,710
4517,41,430,404,541,541
4517,0,418,403,541,717
4517,42,688,394,839,572
4518,2,688,394,839,710
4518,42,688,394,840,572
4518,41,431,404,540,541
4518,0,419,403,541,717
4519,41,430,404,540,541
4519,42,687,394,839,572
4519,0,418,404,541,717
4519,2,688,395,839,708
4520,2,687,395,839,708
4520,42,687,394,839,572
4520,0,418,404,540,716
4520,41,429,404,540,542
4521,2,687,395,839,708
4521,42,687,395,839,572
4521,0,417,403,540,716
4521,41,429,404,540,541
4522,0,418,403,540,716
4522,41,428,403,540,542
4522,42,686,394,838,571
4522,2,686,393,838,710
4523,42,686,394,837,571
4523,2,685,393,838,709
4523,0,417,404,539,717
4523,41,427,403,539,544
4524,42,686,395,837,571
4524,2,685,393,837,709
4524,41,427,403,539,543
4524,0,417,404,538,717
4525,42,685,394,837,571
4525,2,685,393,837,709
4525,0,417,404,538,717
4525,41,427,403,538,543
4526,0,417,404,538,717
4526,42,685,395,836,571
4526,41,427,402,538,543
4526,2,686,395,837,707
4527,42,685,395,837,571
4527,0,417,404,538,716
4527,41,427,402,538,543
4527,2,684,394,837,709
4528,42,685,395,837,571
4528,2,685,394,837,709
4528,0,416,403,538,717
4528,41,427,402,539,543
4529,42,685,395,837,571
4529,2,685,393,837,709
4529,41,427,402,538,543
4529,0,416,403,538,717
4530,2,685,392,837,709
4530,42,685,394,837,571
4530,0,417,403,538,717
4530,41,428,401,539,543
4531,2,685,393,838,709
4531,42,685,394,837,571
4531,0,417,403,538,716
4531,41,428,400,538,541
4532,42,686,394,837,571
4532,41,428,400,539,542
4532,2,686,393,837,709
4532,0,416,403,539,716
4533,2,686,393,838,709
4533,0,416,402,539,716
4533,42,685,394,837,570
4533,41,428,399,539,543
4534,2,686,393,837,708
4534,41,428,399,539,543
4534,42,686,394,837,570
4534,0,417,402,539,716
4535,42,686,394,837,570
4535,2,686,393,838,708
4535,41,428,399,539,543
4535,0,417,401,539,716
4536,2,686,393,837,709
4536,42,686,394,836,570
4536,41,428,398,539,544
4536,0,418,401,539,716
4537,2,686,393,837,709
4537,42,685,394,837,570
4537,0,417,401,539,716
4537,41,428,398,539,542
4538,41,428,398,539,542
4538,2,686,393,837,709
4538,0,417,400,539,715
4538,42,685,394,837,570
4539,2,686,393,837,709
4539,42,685,394,837,570
4539,41,428,398,539,541
4539,0,418,401,539,716
4540,2,686,393,837,709
4540,42,685,394,837,570
4540,0,417,401,539,717
4540,41,428,398,539,541
4541,2,686,393,837,709
4541,42,685,394,837,569
4541,0,417,401,539,717
4541,41,428,398,539,540
4542,2,686,392,837,709
4542,42,685,394,837,570
4542,41,429,397,539,540
4542,0,417,400,539,716
4543,42,685,393,837,569
4543,0,417,400,539,714
4543,41,429,397,539,540
4543,2,686,393,838,707
4544,42,686,393,837,569
4544,2,687,393,838,707
4544,0,417,399,540,714
4544,41,429,397,539,539
4545,2,687,393,838,706
4545,42,686,393,837,569
4545,0,416,399,540,714
4545,41,429,397,539,538
4546,2,687,393,838,706
4546,42,686,393,837,569
4546,0,417,399,540,713
4546,41,429,396,540,539
4547,42,686,393,837,569
4547,0,417,399,540,714
4547,41,428,396,540,539
4547,2,687,392,837,708
4548,0,417,399,540,714
4548,2,687,392,837,707
4548,42,686,393,837,569
4548,41,428,396,540,539
4549,42,686,393,837,568
4549,0,417,399,540,713
4549,2,687,392,837,707
4549,41,428,396,540,539
4550,42,687,393,837,568
4550,41,428,395,540,539
4550,0,417,398,540,713
4550,2,686,391,838,707
4551,42,687,393,837,568
4551,41,429,395,540,539
4551,2,687,392,837,706
4551,0,419,394,541,714
4552,42,687,393,837,568
4552,41,429,395,540,538
4552,2,687,391,838,705
4552,0,420,394,541,712
4553,42,687,392,837,568
4553,0,420,394,542,711
4553,41,429,395,540,537
4553,2,687,392,837,705
4554,42,687,392,837,568
4554,2,687,391,838,705
4554,41,429,395,541,537
4554,0,421,394,542,713
4555,2,687,390,838,705
4555,0,421,394,542,714
4555,41,430,395,541,536
4555,42,687,391,837,567
4556,0,421,394,542,714
4556,2,687,390,838,705
4556,41,429,394,541,536
4556,42,687,391,837,566
4557,0,421,393,542,714
4557,42,687,391,837,566
4557,2,687,390,838,704
4557,41,429,394,541,537
4558,2,687,389,838,703
4558,42,688,390,837,566
4558,0,421,393,542,713
4558,41,429,394,540,538
4559,41,429,394,541,537
4559,2,688,389,838,703
4559,42,688,390,837,565
4559,0,420,393,542,712
4560,0,421,393,542,712
4560,42,688,391,837,565
4560,2,688,390,838,702
4560,41,430,394,541,537
4561,0,420,393,542,711
4561,42,688,391,838,565
4561,2,689,389,838,701
4561,41,429,394,541,538
4562,42,689,390,838,565
4562,2,689,389,838,702
4562,0,420,393,543,712
4562,41,429,394,541,538
4563,0,420,392,542,711
4563,42,689,390,838,565
4563,41,429,394,541,537
4563,2,689,389,838,701
4564,42,689,390,838,565
4564,0,420,392,543,711
4564,2,689,389,839,700
4564,41,429,393,541,537
4565,42,689,390,838,565
4565,2,689,389,839,700
4565,0,420,392,543,711
4565,41,429,393,542,537
4566,42,689,390,838,564
4566,2,689,390,839,698
4566,0,420,392,544,711
4566,41,429,393,542,538
4567,42,689,390,839,564
4567,0,420,391,544,712
4567,41,430,392,542,537
4567,2,689,389,839,699
4568,2,689,389,840,699
4568,42,689,390,839,565
4568,0,421,391,544,712
4568,41,430,392,543,537
4569,42,689,390,839,564
4569,2,690,389,840,699
4569,0,421,392,544,712
4569,41,430,393,543,536
4570,2,690,389,840,699
4570,42,690,390,839,564
4570,0,421,392,544,711
4570,41,431,393,543,534
4571,42,690,390,839,564
4571,0,421,392,545,711
4571,2,689,389,839,698
4571,41,431,393,543,533
4572,42,690,390,840,564
4572,0,422,392,545,711
4572,41,432,393,543,532
4572,2,690,389,841,698
4573,2,690,389,841,698
4573,42,690,389,840,563
4573,0,423,392,546,710
4573,41,432,393,543,532
4574,42,690,389,840,563
4574,2,690,389,841,697
4574,0,423,392,546,710
4574,41,432,393,544,532
4575,42,690,389,840,563
4575,2,690,389,841,698
4575,0,423,392,547,709
4575,41,432,394,544,533
4576,2,690,389,841,698
4576,42,690,389,841,563
4576,0,423,393,547,710
4576,41,432,394,545,534
4577,2,690,390,842,698
4577,42,690,389,841,563
4577,41,432,394,545,534
4577,0,423,393,547,709
4578,2,691,390,842,698
4578,0,423,393,547,709
4578,42,691,390,841,563
4578,41,432,394,545,534
4579,2,691,390,842,698
4579,42,691,390,841,564
4579,0,424,393,547,709
4579,41,433,394,545,535
4580,42,691,390,841,564
4580,0,424,393,547,709
4580,41,433,394,545,534
4580,2,690,389,842,699
4581,2,690,389,842,698
4581,42,691,390,841,564
4581,0,424,392,546,709
4581,41,434,394,545,533
4582,42,691,390,841,563
4582,2,691,390,842,698
4582,0,424,392,547,709
4582,41,435,394,545,533
4583,2,691,390,842,698
4583,42,691,390,841,563
4583,0,423,392,547,709
4583,41,435,393,545,534
4584,2,691,390,842,698
4584,42,691,390,841,563
4584,41,435,393,545,535
4584,0,424,393,546,707
4585,2,691,390,842,698
4585,42,691,390,841,564
4585,41,434,393,545,535
4585,0,424,393,546,708
4586,42,691,390,841,563
4586,2,691,390,842,698
4586,0,424,393,546,707
4586,41,434,393,545,536
4587,2,691,390,842,698
4587,42,691,390,841,563
4587,41,434,393,544,536
4587,0,424,393,546,708
4588,2,691,390,842,698
4588,42,691,390,841,563
4588,0,423,392,547,709
4588,41,435,393,544,532
4589,2,691,390,842,698
4589,42,691,390,841,564
4589,0,423,392,547,710
4589,41,436,393,544,531
4590,2,691,390,842,698
4590,42,691,390,841,564
4590,0,423,392,547,710
4590,41,436,393,544,529
4591,42,691,390,841,564
4591,2,691,390,842,698
4591,0,423,393,546,708
4591,41,436,393,545,529
4592,42,691,390,841,564
4592,0,423,393,546,708
4592,2,691,390,842,698
4592,41,435,393,545,530
4593,41,435,394,544,530
4593,42,691,390,841,564
4593,0,423,393,546,708
4593,2,691,389,842,698
4594,42,691,390,841,564
4594,2,691,390,842,698
4594,41,435,394,544,529
4594,0,423,392,547,709
4595,2,691,390,842,698
4595,42,691,390,841,564
4595,41,435,394,544,529
4595,0,423,393,546,708
4596,42,691,390,841,564
4596,2,691,390,842,698
4596,0,423,392,547,708
4596,41,436,394,544,526
4597,2,691,390,842,698
4597,42,691,390,841,564
4597,0,423,392,547,708
4597,41,436,394,544,525
4598,2,691,390,842,698
4598,42,691,389,841,564
4598,41,436,394,545,527
4598,0,423,393,546,706
4599,2,691,389,842,698
4599,42,691,389,841,564
4599,41,436,393,545,527
4599,0,423,392,547,707
4600,42,691,389,841,564
4600,2,691,389,842,698
4600,41,436,393,545,527
4600,0,423,393,547,706
4601,42,691,389,841,564
4601,2,691,389,842,698
4601,41,437,393,545,527
4601,0,423,392,548,708
4602,2,691,389,842,698
4602,42,691,389,841,564
4602,0,423,392,548,709
4602,41,436,393,545,530
4603,42,691,389,841,564
4603,2,691,389,842,698
4603,0,422,392,548,709
4603,41,436,393,545,527
4604,42,691,389,841,564
4604,0,422,392,548,708
4604,2,691,389,841,697
4604,41,437,393,545,524
4605,42,691,389,841,564
4605,2,691,389,841,697
4605,0,422,392,548,708
4605,41,436,393,545,524
4606,2,691,388,841,697
4606,0,422,392,548,708
4606,42,691,389,841,564
4606,41,437,393,545,524
4607,2,691,388,841,697
4607,42,691,388,841,563
4607,0,423,392,548,708
4607,41,437,393,545,523
4608,2,691,388,841,697
4608,42,691,388,841,563
4608,0,423,392,547,707
4608,41,437,393,545,525
4609,42,691,388,841,563
4609,0,422,392,547,708
4609,2,691,387,841,697
4609,41,436,392,544,525
4610,42,691,388,841,563
4610,0,422,392,547,708
4610,2,691,387,841,697
4610,41,436,393,545,526
4611,42,691,388,841,562
4611,0,422,392,548,708
4611,2,691,388,841,697
4611,41,436,392,545,528
4612,0,422,392,547,708
4612,2,691,388,841,698
4612,41,435,392,545,528
4612,42,691,388,841,563
4613,2,690,387,841,698
4613,0,422,391,547,709
4613,42,691,388,841,564
4613,41,435,392,545,529
4614,42,691,388,841,564
4614,2,690,387,841,697
4614,41,435,391,545,529
4614,0,423,391,547,708
4615,42,691,387,841,564
4615,2,691,387,841,697
4615,41,435,391,545,528
4615,0,422,391,546,705
4616,2,690,387,842,697
4616,0,422,390,547,706
4616,42,691,387,841,562
4616,41,434,391,544,531
4617,41,433,391,545,531
4617,0,422,390,548,705
4617,2,690,387,843,697
4617,42,690,387,842,563
4618,41,433,391,545,531
4618,0,422,390,548,706
4618,2,690,386,845,697
4618,42,690,387,845,565
4619,0,422,390,548,706
4619,41,434,391,545,530
4619,2,690,387,847,696
4619,42,690,387,848,561
4620,41,434,391,545,531
4620,0,422,390,547,705
4620,2,690,386,850,696
4620,42,690,387,850,555
4621,41,434,391,545,532
4621,0,421,390,547,705
4621,2,690,386,852,696
4621,42,690,386,852,554
4622,2,689,387,851,696
4622,0,421,390,547,702
4622,41,432,391,545,532
4623,2,690,387,850,695
4623,0,420,390,547,701
4623,41,430,391,544,533
4624,0,420,390,547,702
4624,41,431,391,544,533
4624,2,690,386,847,695
4625,41,431,391,544,533
4625,0,420,390,547,705
4625,2,690,386,845,695
4626,0,420,390,547,705
4626,41,431,391,544,532
4626,2,690,386,843,695
4627,2,690,386,843,695
4627,0,420,390,546,705
4627,41,431,391,544,532
4628,2,690,386,843,694
4628,0,420,390,546,704
4628,41,430,391,544,532
4629,2,690,386,843,695
4629,0,420,391,545,703
4629,41,429,391,544,533
4629,42,690,387,843,557
4630,42,690,387,843,557
4630,0,419,391,545,704
4630,2,690,386,843,695
4630,41,429,391,544,533
4631,2,690,386,842,695
4631,0,419,390,544,704
4631,41,429,391,543,534
4632,2,690,386,842,695
4632,0,419,390,544,704
4632,41,428,390,543,534
4632,42,690,387,842,558
4633,2,690,386,842,696
4633,42,690,387,842,558
4633,0,419,390,545,704
4633,41,429,390,543,533
4634,2,690,386,842,696
4634,41,429,390,543,533
4634,42,690,387,843,559
4634,0,418,389,545,708
4635,2,690,387,843,696
4635,42,690,388,843,559
4635,41,428,390,542,533
4635,0,418,390,543,705
4636,41,428,390,542,533
4636,42,690,388,844,560
4636,2,689,388,844,697
4636,0,418,389,545,705
4637,2,689,388,844,697
4637,42,689,388,844,560
4637,41,428,389,542,532
4637,0,418,389,544,707
4638,2,689,389,844,697
4638,42,689,389,844,560
4638,0,417,388,544,707
4638,41,427,389,542,532
4639,2,689,389,844,697
4639,42,688,389,845,561
4639,41,427,389,541,532
4639,0,416,389,541,706
4640,42,688,389,845,561
4640,2,688,389,844,697
4640,41,427,389,541,532
4640,0,417,388,541,706
4641,2,688,389,844,697
4641,42,688,390,845,561
4641,0,418,388,541,706
4641,41,427,388,541,533
4642,2,688,390,845,697
4642,41,427,388,541,533
4642,0,418,388,542,706
4642,42,689,390,845,560
4643,2,689,391,845,697
4643,42,689,391,845,560
4643,0,418,387,542,707
4643,41,427,388,542,533
4644,2,689,392,845,697
4644,42,689,392,846,561
4644,0,417,385,543,707
4644,41,427,385,542,534
4645,2,689,392,845,697
4645,42,689,392,846,561
4645,0,417,383,543,707
4645,41,427,384,542,534
4646,2,689,392,845,697
4646,42,689,392,845,561
4646,0,417,382,542,707
4646,41,426,383,542,534
4647,2,689,392,845,697
4647,0,418,382,543,707
4647,42,689,392,845,560
4647,41,426,382,542,534
4648,2,689,392,845,697
4648,42,689,392,845,560
4648,0,418,381,543,708
4648,41,427,381,542,536
4649,2,689,392,845,697
4649,42,689,392,845,560
4649,0,418,380,544,708
4649,41,427,380,543,536
4650,2,689,392,845,697
4650,42,689,392,845,560
4650,0,418,379,543,708
4650,41,426,379,543,537
4651,2,689,392,845,697
4651,42,689,392,845,560
4651,0,418,378,543,708
4651,41,428,379,543,537
4652,42,689,392,845,560
4652,2,689,392,844,696
4652,0,418,378,543,705
4652,41,428,378,543,533
4653,2,689,392,844,696
4653,42,689,392,845,560
4653,0,418,377,543,704
4653,41,429,378,543,532
4654,2,689,392,844,696
4654,42,689,392,845,559
4654,0,418,376,543,705
4654,41,430,377,543,532
4655,2,689,391,844,696
4655,42,689,392,845,559
4655,0,418,376,543,705
4655,41,431,376,543,531
4656,2,689,391,844,696
4656,42,689,392,845,559
4656,0,419,375,545,708
4656,41,433,376,542,529
4657,2,689,391,844,696
4657,42,689,391,845,560
4657,41,433,375,543,529
4657,0,419,374,543,707
4658,2,689,391,844,696
4658,42,689,391,845,560
4658,0,419,374,544,706
4658,41,432,374,543,531
4659,2,689,391,844,695
4659,42,689,391,845,560
4659,0,419,372,545,706
4659,41,431,373,544,534
4660,2,689,391,844,695
4660,42,689,391,845,560
4660,0,419,372,546,705
4660,41,431,372,544,534
4661,2,689,391,844,695
4661,42,689,391,845,560
4661,0,419,371,546,704
4661,41,432,371,544,532
4662,2,689,391,844,695
4662,42,689,391,845,560
4662,0,419,370,546,705
4662,41,429,371,545,532
4663,2,689,391,844,695
4663,42,689,391,845,560
4663,0,419,370,546,705
4663,41,430,370,545,533
4664,2,689,391,844,695
4664,42,689,391,845,560
4664,0,419,369,547,704
4664,41,430,370,546,532
4665,2,689,390,844,695
4665,42,689,391,845,560
4665,0,419,369,547,702
4665,41,431,369,547,530
4666,2,689,390,844,695
4666,42,689,390,844,560
4666,0,418,368,548,703
4666,41,430,368,547,529
4667,2,689,390,844,695
4667,42,688,390,844,560
4667,41,431,367,547,528
4667,0,417,367,548,700
4668,2,688,390,844,695
4668,0,417,366,548,701
4668,42,688,390,844,560
4668,41,431,367,547,527
4669,2,688,390,844,694
4669,42,687,390,844,560
4669,0,416,366,548,699
4669,41,431,366,547,525
4670,2,688,390,844,694
4670,42,688,390,844,559
4670,0,417,364,549,700
4670,41,433,365,548,522
4671,2,688,390,844,694
4671,42,688,390,844,558
4671,0,417,363,549,699
4671,41,433,364,548,523
4672,42,688,390,844,558
4672,2,688,390,844,694
4672,0,418,362,549,699
4672,41,433,363,549,522
4673,42,688,390,844,558
4673,0,417,362,550,700
4673,2,688,389,844,693
4673,41,433,363,549,521
4674,2,689,389,843,693
4674,0,418,361,550,699
4674,41,433,362,549,522
4674,42,688,390,844,556
4675,2,689,389,843,693
4675,42,688,390,844,557
4675,41,433,362,549,522
4675,0,418,361,550,698
4676,2,689,389,843,693
4676,0,418,360,550,698
4676,41,433,362,549,521
4677,2,689,389,844,693
4677,0,418,360,550,696
4677,41,432,361,549,522
4678,2,689,389,844,693
4678,41,432,361,550,523
4678,0,419,361,550,693
4679,2,689,389,844,693
4679,42,689,390,844,557
4679,0,419,360,550,691
4679,41,431,361,550,524
4680,2,688,389,844,693
4680,42,688,390,844,557
4680,0,419,360,551,690
4680,41,431,361,550,525
4681,41,431,361,550,525
4681,2,688,389,844,693
4681,0,419,360,551,686
4682,42,688,390,844,557
4682,2,688,389,844,693
4682,0,419,360,551,685
4682,41,430,361,550,526
4683,42,688,390,845,558
4683,2,689,390,844,695
4683,0,420,360,551,684
4683,41,427,361,551,529
4684,42,688,390,845,558
4684,2,689,390,844,695
4684,0,420,360,552,682
4684,41,427,361,551,530
4685,2,689,390,844,695
4685,42,689,390,845,558
4685,0,420,361,552,682
4685,41,427,361,552,529
4686,2,689,390,845,695
4686,42,689,390,845,558
4686,0,420,361,553,679
4686,41,426,362,552,532
4687,42,689,390,845,558
4687,0,420,361,553,680
4687,2,689,389,844,694
4687,41,425,362,553,533
4688,2,689,390,844,694
4688,42,689,391,845,558
4688,0,420,362,553,678
4688,41,425,362,553,535
4689,2,689,390,844,694
4689,42,689,391,845,558
4689,41,424,363,553,534
4689,0,420,362,553,674
4690,2,689,390,844,694
4690,42,689,391,845,558
4690,0,420,363,553,673
4690,41,424,363,553,535
4691,2,689,390,844,695
4691,42,689,391,845,559
4691,0,420,363,553,668
4691,41,422,364,553,538
4692,2,689,390,844,695
4692,42,689,391,845,559
4692,0,420,364,553,666
4692,41,421,365,553,539
4693,42,689,391,845,559
4693,2,688,391,844,696
4693,41,421,365,553,540
4693,0,419,365,553,659
4694,2,688,391,844,697
4694,42,688,392,845,559
4694,0,419,366,553,661
4694,41,420,366,553,542
4695,42,688,392,844,559
4695,2,687,392,844,697
4695,0,419,367,553,659
4695,41,420,368,552,542
4696,2,687,392,844,697
4696,42,687,392,844,559
4696,41,420,369,552,542
4696,0,419,369,553,656
4697,42,687,392,844,560
4697,2,687,392,844,697
4697,0,418,370,553,654
4697,41,419,370,552,541
4698,2,687,393,844,697
4698,42,687,393,844,560
4698,0,417,371,553,654
4698,41,419,371,552,542
4699,2,687,393,844,697
4699,42,687,393,844,560
4699,0,417,372,553,653
4699,41,419,372,552,542
4700,42,687,393,844,560
4700,2,687,393,844,697
4700,0,417,373,553,654
4700,41,419,373,552,539
4701,42,687,393,844,560
4701,2,688,393,844,697
4701,0,417,374,554,658
4701,41,418,374,553,541
4702,2,688,394,844,698
4702,42,688,394,844,560
4702,0,417,375,554,659
4702,41,418,375,553,543
4703,42,688,394,844,560
4703,2,688,394,844,698
4703,41,418,376,553,542
4703,0,418,376,554,655
4704,42,688,394,844,560
4704,0,418,377,554,654
4704,2,687,394,844,698
4704,41,418,377,553,543
4705,2,687,394,844,698
4705,42,688,394,844,560
4705,0,418,378,554,654
4705,41,418,378,553,542
4706,2,686,394,844,698
4706,42,687,394,844,560
4706,41,418,379,553,543
4706,0,418,379,555,653
4707,2,686,394,844,698
4707,42,687,394,844,561
4707,41,418,380,554,542
4707,0,418,380,555,655
4708,42,687,394,844,561
4708,2,686,394,843,698
4708,0,417,381,555,656
4708,41,417,381,554,543
4709,42,687,394,844,561
4709,2,686,394,843,698
4709,0,415,382,555,657
4709,41,415,382,553,544
4710,2,686,394,843,698
4710,42,688,394,844,561
4710,0,415,384,555,657
4710,41,414,384,554,543
4711,42,688,394,844,562
4711,2,688,394,844,699
4711,0,415,385,553,657
4711,41,413,385,553,540
4712,42,688,394,844,562
4712,2,688,395,844,699
4712,0,414,386,552,657
4712,41,413,386,553,539
4713,42,688,394,844,562
4713,2,688,395,844,699
4713,0,413,387,552,657
4713,41,412,387,552,540
4714,42,688,394,844,562
4714,2,687,394,844,699
4714,0,412,388,552,656
4714,41,411,387,552,542
4715,42,688,394,844,562
4715,2,688,394,844,699
4715,0,412,389,551,656
4715,41,410,389,551,543
4716,42,688,394,844,562
4716,2,688,394,844,700
4716,41,409,390,551,543
4716,0,410,390,551,655
4717,42,688,394,844,562
4717,2,688,394,843,700
4717,0,409,391,551,655
4717,41,409,390,551,545
4718,2,688,394,843,700
4718,42,688,394,844,562
4718,41,408,392,551,544
4718,0,407,392,550,656
4719,42,688,394,844,562
4719,2,688,394,844,701
4719,41,407,393,550,544
4719,0,406,392,550,657
4720,42,688,393,844,562
4720,2,688,393,844,702
4720,0,405,393,549,657
4721,42,689,393,844,562
4721,0,405,394,549,658
4721,2,689,393,844,705
4721,41,406,394,546,551
4722,2,688,393,844,706
4722,0,402,395,548,658
4722,41,403,394,545,553
4723,2,689,392,844,707
4723,42,689,393,844,562
4723,0,401,395,547,658
4723,41,401,394,545,554
4724,42,689,392,844,563
4724,2,689,392,844,704
4724,0,401,396,545,658
4724,41,401,395,544,557
4725,2,689,392,844,704
4725,42,689,392,844,562
4725,0,401,397,545,659
4725,41,400,397,544,558
4726,42,689,392,844,562
4726,2,688,392,843,705
4726,0,400,398,544,659
4726,41,399,398,543,560
4727,2,688,392,843,704
4727,42,688,392,843,562
4727,0,399,399,544,660
4727,41,398,399,543,561
4728,2,688,392,843,704
4728,0,398,400,543,660
4728,41,397,401,542,565
4729,2,687,393,842,703
4729,0,398,402,542,661
4729,41,396,402,541,568
4730,2,687,393,842,703
4730,42,687,393,842,562
4730,0,396,403,540,661
4730,41,395,404,540,570
4731,42,687,394,842,562
4731,2,687,394,843,704
4731,0,396,405,539,661
4731,41,395,406,540,570
4732,42,687,394,842,562
4732,2,686,394,843,704
4732,0,397,407,538,660
4732,41,396,408,539,571
4733,2,686,394,843,704
4733,42,687,394,842,562
4733,0,397,410,537,659
4733,41,396,410,538,569
4734,2,686,394,843,704
4734,42,687,394,842,562
4734,0,398,412,536,659
4734,41,397,412,537,568
4735,42,687,394,842,562
4735,2,686,394,842,704
4735,0,399,415,536,660
4735,41,398,416,537,568
4736,2,686,394,842,704
4736,42,687,394,842,562
4736,0,400,417,535,659
4736,41,399,418,536,567
4737,42,687,394,842,562
4737,2,686,394,842,706
4737,0,400,419,535,660
4737,41,400,419,536,567
4738,42,687,394,842,563
4738,2,685,394,842,708
4738,0,400,422,536,660
4738,41,400,422,537,568
4739,42,687,394,842,562
4739,2,685,394,842,708
4739,0,400,424,535,661
4739,41,400,424,536,565
4740,42,687,394,842,562
4740,2,686,394,842,709
4740,0,401,425,536,661
4740,41,400,425,536,565
4741,2,686,394,843,708
4741,42,687,394,842,561
4741,0,401,426,535,660
4741,41,401,426,535,564
4742,42,687,394,843,562
4742,2,686,394,843,707
4742,0,401,427,535,660
4742,41,401,427,535,563
4743,2,686,394,843,706
4743,42,687,394,843,562
4743,0,401,428,534,659
4743,41,400,428,534,563
4744,42,687,394,842,562
4744,2,686,394,843,704
4744,0,401,429,533,659
4744,41,400,429,533,564
4745,42,687,394,842,562
4745,2,685,394,843,703
4745,0,401,430,532,659
4745,41,400,430,532,563
4746,2,686,394,842,702
4746,42,686,394,842,563
4746,0,401,431,531,660
4746,41,400,431,532,563
4747,42,686,395,842,563
4747,2,685,394,842,701
4747,0,402,431,531,659
4747,41,400,431,532,564
4748,0,402,430,531,659
4748,2,686,395,842,700
4748,42,686,395,842,563
4748,41,400,430,532,566
4749,2,686,395,842,700
4749,42,685,395,842,563
4749,41,400,429,531,566
4749,0,401,430,531,660
4750,42,685,395,841,564
4750,2,686,395,842,702
4750,0,401,428,530,660
4750,41,400,428,530,564
4751,42,685,395,841,564
4751,2,686,395,841,703
4751,0,401,426,531,660
4751,41,400,426,530,565
4752,42,685,395,841,564
4752,2,686,395,841,702
4752,0,401,424,530,660
4752,41,400,424,530,565
4753,2,685,395,840,701
4753,42,685,395,840,563
4753,0,400,421,530,659
4753,41,399,421,530,565
4754,2,685,395,840,701
4754,42,685,395,840,563
4754,0,400,417,529,659
4754,41,399,417,529,565
4755,2,685,395,840,701
4755,42,684,395,840,563
4755,0,400,413,529,658
4755,41,399,413,529,566
4756,42,684,395,840,564
4756,2,685,395,840,700
4756,0,400,410,529,657
4756,41,399,410,530,567
4757,42,684,395,840,564
4757,2,685,395,840,700
4757,0,400,407,529,657
4757,41,399,407,529,566
4758,42,684,395,839,563
4758,2,685,395,840,699
4758,0,401,403,529,656
4758,41,400,405,529,568
4759,2,685,395,840,699
4759,42,684,395,839,563
4759,0,401,401,529,656
4759,41,400,402,530,569
4760,2,685,395,839,698
4760,42,684,395,839,563
4760,0,401,399,529,657
4760,41,401,400,530,569
4761,2,685,395,840,698
4761,42,684,395,839,563
4761,0,401,397,531,657
4761,41,400,397,531,570
4762,2,685,396,840,698
4762,42,684,395,839,563
4762,0,401,395,531,656
4762,41,401,396,531,570
4763,42,684,396,839,563
4763,2,685,396,840,697
4763,0,402,394,531,657
4763,41,402,394,532,570
4764,42,684,396,839,563
4764,2,685,396,840,696
4764,0,403,393,532,656
4764,41,403,394,533,569
4765,42,684,396,839,563
4765,2,684,396,839,696
4765,0,405,393,532,655
4765,41,403,391,533,568
4766,42,684,395,839,563
4766,2,684,396,839,696
4766,41,404,391,533,569
4766,0,404,390,532,655
4767,42,683,395,839,563
4767,0,404,389,533,654
4767,41,404,390,534,568
4767,2,684,395,839,693
4768,42,683,395,839,563
4768,41,405,389,534,568
4768,0,405,389,533,655
4768,2,684,396,839,696
4769,42,684,395,839,563
4769,2,684,396,839,695
4769,41,405,388,534,566
4769,0,407,387,533,655
4770,42,684,395,839,563
4770,2,684,396,840,695
4770,41,405,388,534,566
4770,0,406,388,533,655
4771,2,684,396,840,695
4771,42,684,395,839,563
4771,0,407,388,534,656
4771,41,406,388,534,570
4772,42,684,395,839,563
4772,2,685,396,840,695
4772,0,406,388,534,658
4772,41,405,388,534,573
4773,42,684,395,839,563
4773,2,685,396,840,694
4773,0,406,388,534,657
4773,41,405,388,535,574
4774,2,685,395,839,694
4774,42,684,395,839,563
4774,0,406,389,535,658
4774,41,406,389,535,572
4775,42,684,395,839,563
4775,2,685,395,839,695
4775,0,406,389,535,659
4775,41,406,390,535,571
4776,2,685,395,839,695
4776,42,684,395,839,563
4776,0,406,390,534,659
4776,41,406,390,535,571
4777,42,684,395,839,563
4777,0,406,391,534,659
4777,2,685,395,839,696
4777,41,406,391,535,567
4778,42,684,395,839,563
4778,2,685,395,839,697
4778,0,406,391,535,659
4778,41,406,391,535,569
4779,42,684,395,839,563
4779,2,684,395,839,697
4779,0,406,392,535,659
4779,41,406,392,535,570
4780,42,684,395,839,563
4780,2,684,395,839,697
4780,0,406,392,535,659
4780,41,406,393,536,571
4781,42,684,395,839,563
4781,2,685,395,839,697
4781,0,406,393,535,661
4781,41,406,393,536,570
4782,42,684,394,839,563
4782,0,406,394,535,660
4782,2,684,394,839,697
4782,41,406,394,535,572
4783,2,684,394,840,697
4783,42,684,394,839,563
4783,0,406,395,535,662
4784,2,684,394,840,696
4784,42,684,394,839,562
4784,0,406,395,534,663
4785,42,684,394,839,562
4785,2,684,393,840,696
4785,0,407,396,534,663
4786,42,685,394,839,562
4786,2,685,393,840,695
4786,0,407,396,534,661
4787,2,685,393,840,694
4787,42,685,394,840,561
4787,0,407,397,533,658
4788,2,685,392,841,694
4788,42,685,393,840,561
4788,0,407,398,532,658
4789,2,685,392,841,693
4789,42,685,393,840,561
4789,0,408,399,533,656
4789,41,408,398,533,571
4790,2,685,392,841,693
4790,42,685,393,840,561
4790,41,408,399,533,571
4790,0,408,399,532,652
4791,42,685,393,840,561
4791,2,685,392,841,693
4791,0,408,400,532,652
4791,41,407,400,532,562
4792,2,685,392,841,693
4792,42,685,393,840,561
4792,41,408,401,531,561
4792,0,408,400,531,649
4793,42,685,393,840,561
4793,2,685,392,841,694
4793,0,409,400,531,649
4793,41,408,401,531,560
4794,2,685,392,841,694
4794,42,685,393,840,561
4794,0,409,401,531,648
4794,41,408,401,531,559
4795,42,685,393,840,561
4795,2,685,392,842,693
4795,41,408,401,531,558
4795,0,409,401,531,649
4796,2,685,392,842,693
4796,42,685,393,841,560
4796,0,409,401,531,647
4796,41,409,401,532,562
4797,2,685,392,842,693
4797,42,685,393,841,560
4797,0,410,401,531,647
4797,41,409,402,531,564
4798,2,685,392,842,693
4798,42,685,393,841,560
4798,0,410,401,531,645
4798,41,409,402,531,566
4799,42,685,393,841,560
4799,2,685,392,842,693
4799,0,410,402,531,647
4799,41,410,402,532,563
4800,2,685,392,842,693
4800,42,685,393,841,560
4800,0,410,402,531,648
4800,41,409,402,531,559
4801,41,409,402,531,559
4801,2,685,392,842,693
4801,0,410,401,531,653
4802,2,685,392,842,693
4802,41,409,402,531,559
4802,0,410,401,530,654
4803,2,685,392,842,693
4803,0,410,401,530,654
4803,41,409,402,531,560
4804,2,685,392,842,693
4804,0,410,402,530,654
4804,41,409,403,531,560
4805,2,685,392,842,693
4805,41,409,403,531,560
4805,0,409,402,530,655
4806,2,685,392,842,693
4806,0,409,402,530,655
4806,41,409,403,531,559
4807,2,685,393,842,694
4807,41,409,404,530,559
4807,0,409,403,530,654
4808,2,685,393,842,694
4808,0,408,403,530,653
4808,41,408,404,530,559
4809,2,685,393,842,694
4809,0,408,404,529,652
4809,42,685,393,841,560
4809,41,408,405,529,559
4810,2,684,392,841,693
4810,0,408,404,529,652
4810,41,408,405,529,558
4811,2,684,393,841,694
4811,0,408,404,529,652
4811,41,408,406,529,558
4812,2,684,393,841,694
4812,0,408,405,529,652
4812,41,407,406,529,559
4813,2,684,393,841,694
4813,0,408,406,529,653
4813,42,684,394,840,561
4813,41,407,407,529,558
4814,2,684,393,841,694
4814,42,684,394,840,561
4814,0,408,407,529,654
4814,41,407,408,529,558
4815,2,684,393,841,694
4815,42,684,394,840,561
4815,0,408,407,529,655
4815,41,407,408,529,557
4816,2,684,393,840,694
4816,42,684,394,840,561
4816,0,407,407,529,655
4816,41,407,408,529,558
4817,2,684,393,840,694
4817,42,684,394,840,561
4817,0,407,408,529,655
4817,41,407,408,528,559
4818,2,684,393,840,694
4818,42,684,394,839,561
4818,0,407,408,528,655
4818,41,407,409,528,558
4819,2,684,393,840,694
4819,41,407,409,528,558
4819,42,683,394,839,561
4819,0,407,408,528,656
4820,2,683,393,840,694
4820,42,683,394,839,561
4820,0,407,409,528,656
4820,41,406,409,528,559
4821,2,683,393,839,695
4821,42,683,394,839,561
4821,0,407,409,528,656
4821,41,406,410,528,559
4822,2,683,394,839,694
4822,42,683,394,839,561
4822,0,406,410,528,657
4822,41,406,410,527,560
4823,2,683,394,839,694
4823,42,683,394,839,562
4823,0,406,410,528,656
4823,41,406,410,527,559
4824,2,683,394,840,694
4824,42,683,394,839,562
4824,0,406,410,528,657
4824,41,406,411,528,558
4825,2,684,394,839,694
4825,42,683,394,839,562
4825,0,405,410,528,657
4825,41,406,411,528,557
4826,42,683,394,839,562
4826,0,405,411,528,657
4826,2,683,394,839,694
4826,41,405,411,527,558
4827,2,683,394,839,694
4827,42,683,394,839,562
4827,0,405,411,527,656
4827,41,405,411,528,558
4828,2,683,394,839,694
4828,42,683,394,838,562
4828,41,405,411,528,560
4828,0,405,411,528,656
4829,2,683,394,839,694
4829,0,405,412,528,656
4829,42,683,394,838,563
4829,41,405,411,527,559
4830,2,683,394,839,694
4830,42,683,394,838,562
4830,0,405,412,528,656
4830,41,405,411,528,562
4831,2,683,394,839,694
4831,42,683,394,838,563
4831,41,405,412,528,561
4831,0,405,412,527,656
4832,2,683,394,839,694
4832,0,405,412,527,656
4832,41,405,412,528,561
4832,42,683,394,839,563
4833,2,683,394,839,694
4833,0,405,413,527,656
4833,42,683,394,838,563
4833,41,405,412,528,560
4834,2,683,394,839,694
4834,42,683,394,838,563
4834,0,405,413,527,656
4834,41,405,412,527,561
4835,42,683,394,838,563
4835,2,683,394,839,694
4835,0,405,413,526,655
4835,41,405,413,527,560
4836,2,683,394,839,694
4836,42,683,394,838,563
4836,41,405,413,527,560
4836,0,405,413,526,655
4837,0,405,414,526,655
4837,2,683,394,839,694
4837,42,682,394,838,563
4837,41,405,413,527,561
4838,2,683,394,839,694
4838,0,405,414,526,655
4838,42,682,394,838,563
4838,41,405,413,527,561
4839,2,683,394,839,694
4839,0,405,414,526,655
4839,42,682,394,838,563
4839,41,405,414,527,562
4840,42,683,394,838,563
4840,2,683,394,839,694
4840,0,405,414,526,655
4840,41,405,414,527,563
4841,0,405,415,526,655
4841,2,683,394,838,695
4841,42,683,394,838,563
4841,41,405,414,527,563
4842,2,683,394,838,695
4842,42,683,394,838,563
4842,0,405,415,526,655
4842,41,405,414,527,563
4843,42,683,394,838,563
4843,0,405,415,526,655
4843,2,683,394,838,696
4843,41,405,415,527,565
4844,2,683,394,838,696
4844,42,683,394,838,563
4844,41,405,415,527,566
4844,0,405,415,526,657
4845,42,683,394,837,563
4845,0,405,415,526,657
4845,41,405,415,527,566
4845,2,683,394,838,694
4846,42,683,394,838,563
4846,2,683,394,838,695
4846,0,405,416,526,657
4846,41,405,415,527,565
4847,42,682,394,838,563
4847,2,683,394,838,694
4847,41,405,415,527,565
4847,0,405,415,527,657
4848,0,405,415,526,657
4848,42,682,394,837,564
4848,41,405,415,527,566
4848,2,683,394,838,690
4849,42,683,394,838,563
4849,41,405,415,527,566
4849,0,405,415,527,657
4849,2,683,394,838,694
4850,42,683,394,837,563
4850,0,405,415,527,657
4850,41,405,415,528,565
4850,2,683,395,838,698
4851,42,683,394,838,563
4851,0,405,415,527,657
4851,41,405,415,528,565
4851,2,683,394,838,698
4852,42,683,394,838,563
4852,0,405,416,527,657
4852,2,683,394,838,697
4852,41,406,416,528,565
4853,0,406,416,527,657
4853,2,683,395,838,697
4853,42,683,394,838,564
4853,41,406,416,528,566
4854,2,683,395,838,697
4854,0,406,416,527,657
4854,42,683,395,838,564
4854,41,406,416,528,567
4855,2,683,395,838,697
4855,0,406,416,527,657
4855,41,406,416,528,566
4855,42,683,395,838,564
4856,2,683,395,838,697
4856,42,683,395,838,564
4856,41,406,416,528,566
4856,0,406,416,528,657
4857,0,406,416,527,657
4857,42,683,395,838,565
4857,41,406,416,529,566
4857,2,684,395,839,698
4858,2,684,395,839,698
4858,42,683,395,838,564
4858,41,406,416,529,566
4858,0,406,416,528,658
4859,2,684,395,839,698
4859,42,683,395,838,565
4859,41,406,416,529,566
4859,0,406,416,527,658
4860,0,406,417,527,658
4860,2,684,395,839,699
4860,42,683,395,838,565
4860,41,406,417,529,564
4861,2,684,395,839,698
4861,42,683,395,839,565
4861,0,406,417,528,658
4861,41,406,417,529,563
4862,2,684,395,839,699
4862,0,406,417,528,658
4862,42,683,395,839,565
4862,41,406,417,529,564
4863,2,684,395,839,698
4863,42,683,395,839,565
4863,0,406,417,528,658
4863,41,406,417,529,563
4864,42,683,395,839,565
4864,2,684,395,839,699
4864,0,406,417,528,658
4864,41,406,417,529,562
4865,42,683,395,839,565
4865,2,684,395,839,699
4865,41,407,418,529,562
4865,0,406,417,528,660
4866,2,684,396,839,699
4866,42,683,395,839,565
4866,0,407,418,528,660
4866,41,407,418,529,562
4867,42,683,395,839,565
4867,2,684,396,839,699
4867,0,407,418,528,660
4867,41,407,419,528,562
4868,2,684,396,839,699
4868,0,406,418,528,660
4868,42,683,395,839,565
4868,41,407,419,528,562
4869,2,684,396,839,699
4869,41,406,419,528,562
4869,0,406,419,528,659
4869,42,683,396,838,565
4870,2,684,396,839,699
4870,42,683,396,838,565
4870,0,406,419,528,659
4870,41,407,420,528,563
4871,2,684,396,839,700
4871,42,683,396,839,565
4871,0,406,419,527,659
4871,41,407,420,528,564
4872,2,684,397,839,700
4872,42,683,396,839,566
4872,0,406,420,527,660
4872,41,406,420,528,568
4873,2,684,397,839,699
4873,42,683,396,839,566
4873,0,407,420,527,661
4873,41,406,421,528,569
4874,42,683,397,838,566
4874,2,684,397,839,699
4874,41,406,421,528,569
4874,0,406,420,527,664
4875,2,683,397,839,699
4875,42,683,397,839,566
4875,41,406,421,528,569
4875,0,406,421,527,662
4876,2,683,398,839,699
4876,42,683,397,838,566
4876,41,406,422,528,569
4876,0,406,421,527,663
4877,2,683,398,839,699
4877,42,683,397,838,566
4877,0,406,422,527,663
4877,41,406,422,528,570
4878,42,683,397,838,566
4878,2,683,398,839,699
4878,41,406,423,528,570
4878,0,406,422,527,664
4879,2,683,398,839,699
4879,42,682,397,838,566
4879,0,406,423,527,664
4879,41,406,423,528,570
4880,2,683,398,839,699
4880,42,682,398,838,566
4880,0,406,423,527,664
4880,41,405,423,528,569
4881,2,683,398,839,699
4881,42,682,398,838,566
4881,41,405,423,528,569
4881,0,406,423,527,664
4882,2,683,398,839,699
4882,42,682,398,839,566
4882,41,406,424,528,569
4882,0,406,423,527,665
4883,42,682,398,839,566
4883,2,683,398,839,699
4883,0,406,424,527,665
4883,41,406,424,528,571
4884,0,406,424,527,665
4884,42,683,398,839,566
4884,2,683,399,839,700
4884,41,405,424,528,572
4885,42,683,398,839,566
4885,2,683,399,839,700
4885,41,406,424,527,572
4885,0,406,424,526,665
4886,0,406,424,526,665
4886,42,682,398,839,566
4886,2,683,399,839,701
4886,41,406,424,527,572
4887,41,406,424,527,572
4887,2,683,399,839,701
4887,0,406,424,526,665
4887,42,683,398,839,567
4888,42,683,399,839,567
4888,0,406,424,527,665
4888,41,406,424,527,573
4888,2,682,399,839,701
4889,42,682,398,839,567
4889,2,682,399,839,700
4889,0,406,424,526,664
4889,41,406,424,527,573
4890,0,406,423,527,664
4890,41,406,423,528,572
4890,42,683,398,839,567
4890,2,682,399,839,701
4891,42,683,398,839,567
4891,2,682,399,839,701
4891,0,406,423,527,665
4891,41,406,423,528,572
4892,42,683,398,839,567
4892,0,406,422,527,665
4892,2,683,399,839,701
4892,41,406,422,528,572
4893,2,683,399,839,701
4893,42,683,399,839,567
4893,0,406,421,527,664
4893,41,406,421,528,571
4894,42,683,399,839,567
4894,2,683,399,839,701
4894,0,406,420,527,664
4894,41,406,420,528,570
4895,2,683,399,839,701
4895,42,683,399,839,567
4895,0,406,418,528,665
4895,41,406,418,528,570
4896,2,683,399,839,701
4896,42,682,398,839,567
4896,0,406,417,528,665
4896,41,406,417,529,570
4897,42,682,398,839,567
4897,0,406,416,528,665
4897,2,682,399,839,701
4897,41,406,416,528,570
4898,2,682,399,839,701
4898,42,682,398,839,567
4898,0,406,415,528,665
4898,41,406,415,528,569
4899,42,682,398,839,567
4899,2,682,399,839,701
4899,0,406,415,527,665
4899,41,406,414,528,570
4900,2,682,399,839,701
4900,42,682,398,839,567
4900,0,406,414,527,665
4900,41,406,413,529,570
4901,2,682,399,839,701
4901,42,682,398,838,567
4901,0,405,413,527,664
4901,41,406,412,529,570
4902,2,682,399,839,701
4902,42,682,399,838,567
4902,0,405,412,527,664
4902,41,406,412,528,571
4903,42,682,399,838,567
4903,41,406,411,528,571
4903,0,405,411,527,664
4903,2,683,399,839,701
4904,2,683,399,839,701
4904,42,682,399,838,567
4904,0,406,411,527,664
4904,41,406,411,528,571
4905,0,405,411,527,664
4905,42,682,399,838,567
4905,41,406,411,528,571
4905,2,681,400,839,702
4906,2,681,400,838,702
4906,42,682,399,838,568
4906,41,406,411,528,571
4906,0,405,410,528,664
4907,2,681,400,839,702
4907,42,682,399,838,568
4907,41,406,411,529,572
4907,0,405,410,528,664
4908,0,405,410,528,664
4908,2,681,400,838,702
4908,42,682,400,838,568
4908,41,406,411,529,572
4909,0,405,410,528,664
4909,41,406,411,528,572
4909,42,682,400,838,568
4909,2,681,400,839,702
4910,0,405,410,528,664
4910,42,682,400,838,568
4910,41,406,411,528,573
4910,2,683,400,839,702
4911,0,405,411,528,664
4911,42,682,400,838,568
4911,41,406,411,528,574
4911,2,681,401,839,703
4912,42,682,400,838,568
4912,2,682,401,838,703
4912,41,406,411,528,574
4912,0,405,410,528,665
4913,2,681,401,838,703
4913,42,682,400,838,568
4913,41,406,411,528,574
4913,0,405,411,528,666
4914,42,682,401,838,568
4914,0,405,411,528,666
4914,41,405,411,528,574
4914,2,683,401,838,702
4915,2,683,401,838,702
4915,42,682,401,838,569
4915,41,406,411,528,574
4915,0,405,411,528,667
4916,41,406,411,528,574
4916,0,405,411,528,667
4916,2,683,401,838,702
4916,42,682,401,838,568
4917,42,682,401,838,569
4917,41,406,412,528,574
4917,2,682,401,838,703
4917,0,404,411,527,667
4918,42,682,401,838,569
4918,2,681,401,838,704
4918,41,405,412,528,573
4918,0,405,411,528,667
4919,42,682,401,838,569
4919,2,681,401,838,704
4919,41,405,412,528,573
4919,0,405,412,527,668
4920,42,682,401,838,569
4920,2,681,401,838,705
4920,0,404,412,527,668
4920,41,405,412,528,574
4921,41,405,412,528,574
4921,42,682,401,837,569
4921,2,681,401,838,706
4921,0,404,412,527,669
4922,2,681,401,838,706
4922,42,682,401,837,569
4922,41,405,412,528,574
4922,0,404,413,528,670
4923,2,681,401,837,706
4923,42,682,401,837,569
4923,0,404,413,527,670
4923,41,404,412,528,575
4924,0,404,413,527,670
4924,42,682,401,837,570
4924,41,405,413,528,574
4924,2,682,401,838,705
4925,42,682,401,838,570
4925,0,404,413,528,670
4925,41,405,413,528,575
4925,2,681,401,838,706
4926,42,682,401,838,570
4926,41,405,413,529,575
4926,0,404,414,528,670
4926,2,681,402,838,707
4927,42,682,401,838,570
4927,2,681,401,838,707
4927,0,404,413,528,669
4927,41,405,413,529,576
4928,41,405,413,529,576
4928,2,681,401,839,706
4928,0,404,413,528,669
4928,42,682,401,838,570
4929,2,681,401,839,707
4929,42,682,401,838,570
4929,41,405,413,529,575
4929,0,403,413,528,669
4930,2,681,401,839,707
4930,42,682,401,838,571
4930,41,405,413,529,575
4930,0,404,413,528,669
4931,2,681,402,839,707
4931,42,682,401,838,571
4931,41,405,413,529,576
4931,0,403,413,528,669
4932,2,681,402,839,707
4932,0,403,413,528,669
4932,42,682,402,838,571
4932,41,405,413,529,577
4933,2,681,402,838,707
4933,42,682,402,838,571
4933,41,405,413,529,578
4933,0,404,413,528,670
4934,0,404,413,528,670
4934,2,681,402,838,707
4934,41,405,413,529,577
4934,42,682,402,838,571
4935,2,681,402,838,707
4935,42,682,402,838,571
4935,0,404,413,528,670
4935,41,405,413,528,577
4936,42,682,402,838,571
4936,2,681,402,838,707
4936,41,405,413,528,577
4936,0,404,413,528,670
4937,42,682,402,837,571
4937,2,681,403,838,707
4937,0,404,413,527,670
4937,41,405,413,528,577
4938,42,682,402,837,571
4938,2,681,403,837,707
4938,41,404,413,528,577
4938,0,404,413,527,671
4939,0,403,413,527,671
4939,41,404,413,528,577
4939,2,680,403,837,707
4939,42,682,403,836,571
4940,0,403,413,527,671
4940,2,680,403,837,708
4940,41,404,413,527,577
4940,42,682,403,837,572
4941,0,403,413,527,672
4941,42,682,403,837,572
4941,41,404,413,527,576
4941,2,681,403,838,707
4942,42,682,403,837,572
4942,2,681,403,838,707
4942,41,404,413,527,576
4942,0,403,413,527,672
4943,2,681,403,838,707
4943,42,682,403,837,572
4943,0,403,413,526,672
4943,41,404,413,527,576
4944,42,682,403,836,572
4944,0,403,414,526,672
4944,41,404,413,527,576
4944,2,680,403,837,708
4945,0,403,414,526,672
4945,42,681,403,836,572
4945,2,679,404,837,708
4945,41,404,414,527,577
4946,2,680,403,837,708
4946,42,681,403,836,572
4946,41,403,414,527,577
4946,0,403,414,526,673
4947,42,681,403,836,573
4947,2,680,403,837,708
4947,0,403,414,526,673
4947,41,403,414,526,577
4948,42,681,403,836,573
4948,2,679,403,837,708
4948,0,402,414,527,673
4948,41,403,414,527,577
4949,42,681,403,836,572
4949,0,402,414,527,674
4949,2,679,404,836,708
4949,41,403,414,526,577
4950,42,681,403,835,573
4950,2,679,403,836,708
4950,0,402,414,526,674
4950,41,402,414,526,576
4951,2,679,404,836,708
4951,42,681,403,835,572
4951,0,402,414,526,674
4951,41,402,414,526,575
4952,2,680,403,836,708
4952,42,681,403,835,574
4952,41,402,414,526,577
4952,0,402,414,527,677
4953,42,681,403,835,574
4953,2,680,403,836,708
4953,0,402,415,527,677
4953,41,402,414,526,576
4954,2,680,403,836,708
4954,42,681,403,835,574
4954,0,401,414,526,677
4954,41,402,414,526,577
4955,2,680,403,836,708
4955,0,401,414,526,676
4955,42,681,403,835,574
4955,41,402,413,526,577
4956,42,681,403,835,574
4956,0,401,414,526,677
4956,2,680,403,836,708
4956,41,402,414,526,577
4957,0,401,415,526,676
4957,42,681,403,835,573
4957,2,680,403,836,708
4957,41,402,414,526,577
4958,2,680,403,836,708
4958,42,682,403,835,573
4958,41,402,414,526,577
4958,0,402,414,526,676
4959,2,680,403,836,708
4959,42,682,403,836,574
4959,0,402,414,527,676
4959,41,403,414,527,577
4960,2,680,403,837,708
4960,42,682,403,836,574
4960,0,402,414,527,676
4960,41,403,414,527,578
4961,0,402,414,527,676
4961,2,680,403,837,708
4961,41,403,414,527,578
4961,42,682,403,836,574
4962,42,682,403,836,573
4962,2,680,403,837,708
4962,0,402,414,528,676
4962,41,403,414,527,577
4963,2,680,403,837,707
4963,42,682,403,836,574
4963,0,402,414,527,676
4963,41,403,414,527,578
4964,2,680,403,837,707
4964,42,682,403,836,573
4964,0,403,414,528,676
4964,41,404,414,527,578
4965,41,404,414,527,578
4965,42,682,403,836,573
4965,0,403,414,527,676
4965,2,681,403,837,708
4966,2,681,403,837,707
4966,42,682,403,836,573
4966,0,403,414,528,675
4966,41,404,414,528,578
4967,42,682,402,836,573
4967,2,681,402,837,707
4967,0,403,414,528,674
4967,41,404,414,527,577
4968,41,404,413,528,577
4968,0,403,414,527,674
4968,42,682,402,836,573
4968,2,681,402,837,708
4969,42,682,402,836,573
4969,2,681,402,837,707
4969,0,403,414,528,674
4969,41,404,413,528,577
4970,2,681,402,837,707
4970,42,682,402,836,573
4970,0,403,414,528,674
4970,41,404,413,528,576
4971,42,682,402,836,573
4971,41,404,413,528,576
4971,2,681,402,837,707
4971,0,403,414,528,674
4972,2,681,402,837,707
4972,42,682,402,836,573
4972,41,403,413,528,577
4972,0,403,414,528,673
4973,42,682,402,836,574
4973,2,681,402,837,708
4973,0,402,413,528,673
4973,41,403,413,528,577
4974,0,402,413,528,673
4974,42,682,402,836,574
4974,2,681,403,837,708
4974,41,403,413,528,578
4975,42,682,402,836,573
4975,0,402,414,528,673
4975,2,681,402,838,707
4975,41,402,413,528,577
4976,2,681,403,837,707
4976,0,402,413,528,673
4976,42,682,402,836,574
4976,41,403,413,528,578
4977,0,402,413,528,673
4977,2,681,402,838,707
4977,42,682,402,836,573
4977,41,403,413,528,579
4978,41,403,413,528,579
4978,2,681,402,838,707
4978,42,682,402,836,573
4978,0,402,413,528,673
4979,0,402,413,528,673
4979,2,681,402,838,707
4979,42,682,401,836,573
4979,41,402,413,528,578
4980,2,681,402,838,707
4980,41,403,413,528,578
4980,42,682,402,836,573
4980,0,402,413,528,673
4981,2,681,402,838,707
4981,42,682,401,836,574
4981,0,402,413,527,673
4981,41,402,413,527,577
4982,42,682,401,836,573
4982,2,681,402,838,706
4982,41,402,413,528,577
4982,0,402,414,527,673
4983,41,402,413,528,577
4983,2,681,402,838,706
4983,0,402,414,527,673
4983,42,682,401,836,573
4984,0,402,413,527,673
4984,41,402,413,528,577
4984,2,681,401,838,706
4984,42,682,401,836,573
4985,41,402,413,528,577
4985,42,681,401,836,573
4985,0,402,413,528,673
4985,2,680,401,837,707
4986,42,681,401,836,573
4986,2,680,401,837,706
4986,41,402,413,528,577
4986,0,402,413,528,673
4987,0,402,414,528,673
4987,41,402,413,528,577
4987,42,682,400,836,571
4987,2,682,401,837,705
4988,41,402,413,528,576
4988,42,682,400,836,572
4988,0,402,414,528,672
4988,2,680,401,837,706
4989,2,680,401,837,706
4989,42,682,400,836,571
4989,0,402,413,527,672
4989,41,403,413,527,576
4990,2,680,400,837,706
4990,0,402,413,527,673
4990,41,403,413,527,576
4990,42,682,400,836,571
4991,41,403,413,527,576
4991,2,681,400,837,706
4991,0,402,413,527,673
4991,42,682,399,836,571
4992,2,681,400,837,706
4992,42,682,399,836,570
4992,0,403,413,527,673
4992,41,403,412,527,575
4993,2,681,400,837,706
4993,42,682,399,837,570
4993,41,404,412,527,575
4993,0,403,413,527,674
4994,42,682,399,837,570
4994,41,404,412,528,575
4994,0,403,412,528,674
4994,2,683,399,837,705
4995,42,683,398,837,570
4995,0,404,412,527,674
4995,41,404,412,528,575
4995,2,682,399,838,705
4996,42,683,398,837,570
4996,41,405,412,528,575
4996,0,403,412,528,672
4996,2,683,399,838,704
4997,2,683,399,838,704
4997,42,683,398,837,570
4997,0,404,412,528,672
4997,41,405,412,528,575
4998,2,683,399,838,704
4998,42,683,398,837,570
4998,41,405,412,528,574
4998,0,404,412,527,673
4999,2,683,398,838,704
4999,42,683,398,838,570
4999,41,405,412,528,574
4999,0,404,411,528,672
5000,2,683,398,838,704
5000,42,683,398,838,570
5000,41,405,412,528,575
5000,0,404,411,528,672
5001,42,683,398,838,570
5001,2,683,398,838,704
5001,41,405,411,528,574
5001,0,404,411,528,671
5002,2,683,398,838,704
5002,42,683,398,838,570
5002,0,404,410,528,671
5002,41,405,411,528,574
5003,2,683,398,838,703
5003,42,683,398,838,569
5003,0,404,410,528,671
5003,41,405,410,528,574
5004,2,683,398,839,703
5004,42,683,398,838,569
5004,0,404,410,528,670
5004,41,405,410,528,574
5005,2,683,398,839,703
5005,42,683,398,838,569
5005,41,405,410,529,574
5005,0,404,409,528,670
5006,42,683,398,838,569
5006,2,683,398,839,703
5006,0,404,409,528,670
5006,41,405,410,529,575
5007,2,683,398,839,703
5007,0,404,409,528,671
5007,42,683,398,838,569
5007,41,405,410,529,575
5008,2,683,398,839,703
5008,42,683,398,838,569
5008,0,404,409,528,671
5008,41,405,410,529,576
5009,2,683,398,839,702
5009,42,683,398,838,568
5009,0,404,409,528,671
5009,41,405,410,529,576
5010,2,683,398,839,702
5010,42,683,398,838,568
5010,0,404,409,528,671
5010,41,405,410,529,576
5011,2,683,398,839,702
5011,0,404,409,528,671
5011,42,683,398,838,568
5011,41,405,410,529,576
5012,42,683,398,839,568
5012,2,683,398,839,703
5012,0,404,410,528,671
5012,41,405,410,529,576
5013,42,683,398,839,568
5013,2,683,398,839,703
5013,0,404,410,529,671
5013,41,405,411,529,577
5014,2,683,398,839,703
5014,42,683,398,839,568
5014,0,404,410,529,671
5014,41,405,411,529,577
5015,2,683,398,839,703
5015,42,683,398,839,568
5015,0,405,410,529,670
5015,41,405,411,529,577
5016,2,683,398,839,703
5016,42,683,398,839,568
5016,41,405,411,529,577
5016,0,405,410,529,670
5017,2,683,398,839,703
5017,42,683,398,839,568
5017,0,405,411,529,670
5017,41,406,411,529,577
5018,2,683,398,839,703
5018,0,405,411,528,670
5018,41,406,411,529,577
5018,42,683,397,839,568
5019,0,405,411,529,670
5019,41,406,411,529,578
5019,42,683,397,839,568
5019,2,683,398,839,702
5020,42,683,397,839,568
5020,2,683,398,839,702
5020,0,406,411,528,670
5020,41,406,411,529,577
5021,42,683,397,839,568
5021,2,684,397,839,702
5021,41,406,411,529,577
5021,0,406,411,528,670
5022,42,683,397,839,568
5022,2,683,397,839,701
5022,0,406,411,528,669
5022,41,406,412,529,578
5023,2,684,397,839,701
5023,0,406,411,528,669
5023,42,683,397,839,568
5023,41,406,412,529,579
5024,2,683,397,839,701
5024,42,683,397,839,568
5024,0,406,411,528,669
5024,41,406,412,529,578
5025,2,683,397,839,701
5025,42,683,397,839,568
5025,0,405,411,528,668
5025,41,405,412,529,579
5026,2,683,397,839,701
5026,42,683,397,839,568
5026,0,405,411,528,668
5026,41,405,412,528,579
5027,2,683,397,839,701
5027,42,683,397,839,568
5027,0,405,412,528,669
5027,41,405,412,528,579
5028,42,683,397,838,568
5028,2,683,397,839,701
5028,0,405,412,528,668
5028,41,405,413,528,579
5029,42,683,397,838,568
5029,2,684,397,839,701
5029,0,405,412,528,668
5029,41,405,413,528,579
5030,2,683,397,839,701
5030,42,683,397,839,568
5030,0,404,413,528,668
5030,41,405,413,528,580
5031,2,683,397,839,701
5031,42,683,397,839,568
5031,41,405,414,528,579
5031,0,404,413,528,666
5032,2,683,397,839,700
5032,42,683,397,839,567
5032,41,405,414,528,579
5032,0,404,413,528,665
5033,2,683,397,839,701
5033,42,683,397,838,567
5033,0,404,413,528,665
5033,41,404,414,528,579
5034,42,683,397,839,567
5034,2,683,397,839,701
5034,0,404,414,528,664
5034,41,405,415,528,579
5035,42,682,397,839,567
5035,41,404,415,528,579
5035,2,683,397,839,701
5035,0,404,414,528,663
5036,2,683,397,839,701
5036,42,683,397,839,568
5036,0,404,414,528,663
5036,41,404,416,528,579
5037,2,683,397,839,701
5037,42,683,397,838,568
5037,0,403,415,528,662
5037,41,404,416,528,579
5038,42,683,397,838,568
5038,2,683,397,838,701
5038,0,403,415,528,662
5038,41,404,416,528,579
5039,2,683,397,838,701
5039,42,682,397,838,568
5039,0,403,416,528,662
5039,41,404,417,528,579
5040,2,683,397,838,701
5040,42,682,397,838,567
5040,0,403,417,528,661
5040,41,404,417,527,579
5041,2,683,397,839,701
5041,42,682,397,838,567
5041,41,403,418,527,578
5041,0,403,418,527,661
5042,2,683,397,838,701
5042,0,403,419,526,661
5042,42,682,397,837,568
5042,41,403,419,527,579
5043,2,683,397,837,701
5043,42,682,397,837,568
5043,0,403,419,526,661
5043,41,403,419,527,579
5044,2,683,397,837,701
5044,42,682,397,837,568
5044,0,403,420,526,660
5044,41,402,420,526,578
5045,2,683,397,837,701
5045,42,682,397,837,568
5045,41,402,420,526,578
5045,0,403,420,526,660
5046,2,682,397,837,701
5046,42,682,397,836,568
5046,0,403,420,525,661
5046,41,402,421,526,579
5047,2,682,397,837,701
5047,42,682,397,836,568
5047,0,403,421,526,661
5047,41,402,421,526,579
5048,0,402,421,526,661
5048,42,682,397,836,568
5048,2,682,397,837,701
5048,41,402,421,526,579
5049,2,682,397,837,701
5049,42,682,397,836,568
5049,0,403,421,526,661
5049,41,402,421,526,579
5050,42,682,397,836,568
5050,2,682,397,837,701
5050,0,403,421,526,661
5050,41,402,421,526,579
5051,2,682,397,837,701
5051,42,682,397,836,568
5051,41,402,421,526,579
5051,0,403,421,526,660
5052,2,682,397,837,701
5052,42,682,397,836,568
5052,0,402,421,526,661
5052,41,402,421,526,578
5053,42,682,397,836,568
5053,2,682,397,837,701
5053,41,402,421,526,578
5053,0,403,421,526,660
5054,2,682,397,837,701
5054,42,682,397,836,568
5054,41,402,421,526,578
5054,0,403,421,526,660
5055,2,682,397,837,700
5055,0,403,421,526,660
5055,42,682,396,837,567
5055,41,402,421,526,579
5056,2,682,396,837,700
5056,42,682,396,837,567
5056,0,403,420,526,660
5056,41,403,420,526,578
5057,42,682,396,837,567
5057,2,682,396,837,700
5057,0,403,420,527,660
5057,41,403,420,527,576
5058,42,682,396,837,567
5058,2,683,396,838,700
5058,0,403,420,527,660
5058,41,403,419,527,574
5059,2,683,396,838,700
5059,42,682,396,837,567
5059,0,403,419,527,660
5059,41,403,419,527,575
5060,2,683,396,838,700
5060,42,682,396,837,567
5060,41,403,418,527,575
5060,0,402,418,528,661
5061,2,683,396,837,700
5061,42,682,396,837,567
5061,0,402,417,528,661
5061,41,403,418,527,575
5062,2,683,396,837,700
5062,42,682,396,837,567
5062,41,403,417,527,575
5062,0,402,417,528,661
5063,2,683,396,837,699
5063,42,682,396,837,566
5063,0,402,416,528,660
5063,41,403,417,527,576
5064,2,683,396,837,699
5064,42,682,396,837,566
5064,0,402,416,528,660
5064,41,403,417,527,575
5065,42,682,396,837,566
5065,2,683,396,837,699
5065,0,402,415,528,660
5065,41,402,416,527,575
5066,2,683,396,837,699
5066,42,682,396,837,566
5066,0,402,414,528,660
5066,41,402,415,527,575
5067,2,683,396,837,699
5067,42,682,396,837,567
5067,0,402,414,528,660
5067,41,403,415,527,574
5068,2,683,396,837,699
5068,42,682,395,836,567
5068,0,402,413,528,660
5068,41,403,414,527,571
5069,42,682,395,836,567
5069,2,683,396,837,700
5069,0,402,413,528,660
5069,41,403,414,527,572
5070,2,683,396,837,700
5070,0,402,412,528,660
5070,42,682,396,836,567
5070,41,403,413,527,573
5071,2,682,396,837,700
5071,42,682,396,836,567
5071,0,402,412,528,661
5071,41,403,413,527,574
5072,42,682,396,836,567
5072,2,682,396,837,700
5072,0,402,412,527,661
5072,41,403,413,526,574
5073,2,682,396,837,700
5073,42,682,396,836,567
5073,0,402,411,528,662
5073,41,402,412,526,577
5074,2,682,397,836,700
5074,42,682,396,836,567
5074,0,402,410,528,662
5074,41,402,411,526,576
5075,2,682,397,837,700
5075,42,681,396,836,567
5075,0,401,410,527,662
5075,41,401,411,526,576
5076,42,681,396,836,567
5076,2,682,397,836,700
5076,0,402,409,527,663
5076,41,402,410,526,574
5077,2,682,397,836,700
5077,42,681,396,836,567
5077,0,402,409,527,663
5077,41,403,410,526,573
5078,42,681,396,836,567
5078,2,682,397,836,700
5078,0,402,408,527,663
5078,41,403,409,526,572
5079,2,682,397,836,700
5079,42,681,396,836,567
5079,0,402,408,527,664
5079,41,402,409,526,574
5080,42,681,396,836,567
5080,2,682,397,836,700
5080,0,402,408,528,665
5080,41,402,408,526,578
5081,42,681,396,836,567
5081,2,682,397,836,700
5081,41,401,408,526,577
5081,0,401,407,528,666
5082,2,682,397,836,700
5082,42,681,396,836,567
5082,0,401,407,528,668
5082,41,401,408,526,576
5083,42,681,396,836,567
5083,2,682,397,836,700
5083,0,402,407,528,667
5083,41,402,407,526,575
5084,42,681,396,836,567
5084,2,682,397,836,700
5084,0,402,407,528,667
5084,41,402,407,527,575
5085,42,681,396,836,567
5085,0,402,406,528,668
5085,41,403,406,527,575
5085,2,680,397,836,700
5086,2,680,397,836,700
5086,42,681,396,836,567
5086,0,403,405,528,668
5086,41,403,406,527,574
5087,2,680,397,836,700
5087,42,681,396,836,567
5087,0,403,405,528,669
5087,41,403,406,527,575
5088,42,681,396,836,567
5088,2,680,397,836,699
5088,0,403,405,528,669
5088,41,403,405,527,575
5089,42,682,396,836,567
5089,2,680,397,836,699
5089,0,403,405,529,669
5089,41,403,405,528,575
5090,42,682,396,836,567
5090,0,403,405,529,669
5090,41,403,405,529,576
5090,2,682,397,837,700
5091,2,682,397,837,700
5091,42,682,396,836,567
5091,0,403,404,529,669
5091,41,404,405,529,577
5092,2,682,397,837,700
5092,42,682,396,837,567
5092,0,403,404,529,670
5092,41,404,405,529,576
5093,42,682,396,837,567
5093,0,403,403,530,670
5093,2,681,397,837,700
5093,41,404,404,530,576
5094,42,682,396,837,567
5094,2,681,397,837,700
5094,41,404,403,530,575
5094,0,404,402,530,669
5095,42,682,396,837,567
5095,0,404,402,531,670
5095,41,404,403,531,576
5095,2,683,397,838,701
5096,42,682,396,837,567
5096,2,683,397,838,701
5096,41,404,402,531,576
5096,0,404,402,530,671
5097,2,683,397,838,701
5097,42,682,396,838,567
5097,41,404,402,531,576
5097,0,404,401,530,671
5098,42,682,396,838,567
5098,2,683,397,838,701
5098,41,405,402,531,575
5098,0,405,401,531,673
5099,42,683,396,838,567
5099,2,683,397,839,700
5099,0,405,401,531,673
5099,41,405,401,532,575
5100,2,683,397,839,700
5100,42,683,396,839,567
5100,41,405,400,532,576
5100,0,405,400,531,673
5101,2,684,396,839,701
5101,41,406,400,533,576
5101,42,683,396,839,566
5101,0,406,400,532,671
5102,42,684,396,839,566
5102,2,685,396,839,701
5102,41,406,400,533,576
5102,0,406,399,532,672
5103,42,684,396,839,566
5103,2,685,396,839,701
5103,0,407,399,533,672
5103,41,406,399,533,579
5104,2,685,396,840,701
5104,42,684,396,839,566
5104,0,407,399,533,673
5104,41,406,399,533,577
5105,42,684,396,839,566
5105,2,685,397,840,701
5105,41,406,399,533,576
5105,0,407,399,533,675
5106,2,685,396,840,701
5106,42,684,396,839,566
5106,41,406,399,533,576
5106,0,407,399,533,674
5107,2,685,397,840,701
5107,42,684,396,839,566
5107,0,407,399,534,674
5107,41,406,399,534,573
5108,2,685,396,840,701
5108,42,684,396,840,566
5108,0,407,399,534,675
5108,41,406,399,534,574
5109,42,684,396,840,566
5109,2,685,396,840,700
5109,41,406,399,534,575
5109,0,408,399,534,678
5110,2,685,396,840,700
5110,42,684,396,840,566
5110,0,408,399,534,681
5111,42,684,396,840,566
5111,2,685,396,840,701
5111,0,408,399,534,683
5111,41,407,399,534,576
5112,42,684,396,840,566
5112,2,685,396,840,700
5112,0,408,399,534,682
5112,41,406,399,534,580
5113,0,408,398,534,682
5113,2,685,396,840,700
5113,42,684,396,840,566
5113,41,406,398,534,578
5114,2,685,396,840,700
5114,42,684,396,840,566
5114,0,408,398,534,681
5114,41,407,398,534,577
5115,2,685,396,840,700
5115,42,684,396,840,566
5115,0,408,398,534,681
5115,41,407,398,534,578
5116,42,684,395,840,566
5116,2,685,396,840,700
5116,0,408,398,534,680
5116,41,407,398,535,577
5117,2,685,396,840,700
5117,42,684,395,840,566
5117,0,408,398,534,680
5117,41,407,398,535,577
5118,42,684,395,840,566
5118,2,685,396,840,700
5118,0,408,398,534,681
5118,41,407,398,535,577
5119,2,686,396,840,699
5119,42,685,395,840,566
5119,41,407,398,535,577
5119,0,408,398,535,681
5120,2,686,396,841,699
5120,42,685,395,841,566
5120,0,409,399,535,682
5120,41,407,399,535,578
5121,2,686,395,841,699
5121,42,685,395,841,566
5121,0,409,399,536,684
5121,41,408,399,536,579
5122,2,686,395,841,699
5122,0,409,399,535,684
5122,42,685,395,841,566
5122,41,408,399,536,578
5123,2,686,395,841,699
5123,42,685,395,841,566
5123,0,409,399,535,684
5123,41,407,398,536,577
5124,2,686,395,841,699
5124,42,685,395,841,566
5124,0,409,399,535,685
5124,41,407,398,536,578
5125,2,686,396,841,699
5125,42,685,395,841,566
5125,0,408,398,535,685
5125,41,407,398,535,578
5126,42,685,395,841,566
5126,2,686,396,841,699
5126,41,407,398,536,578
5126,0,409,399,535,686
5127,42,685,395,841,566
5127,2,686,395,841,700
5127,41,407,398,536,578
5127,0,409,399,535,687
5128,2,686,395,841,700
5128,0,409,399,535,687
5128,41,407,398,536,578
5128,42,685,395,841,566
5129,2,686,395,841,699
5129,42,685,395,841,566
5129,41,407,399,536,578
5129,0,409,399,535,688
5130,2,686,395,841,699
5130,42,685,395,840,565
5130,41,407,399,535,578
5130,0,409,399,535,687
5131,42,685,395,840,565
5131,2,686,395,841,699
5131,0,409,400,535,686
5131,41,407,399,536,578
5132,2,686,395,840,699
5132,42,685,395,840,565
5132,0,409,400,535,686
5132,41,407,400,535,579
5133,2,686,395,840,699
5133,0,409,400,535,686
5133,42,685,395,840,566
5133,41,407,400,536,579
5134,2,686,395,841,699
5134,0,409,400,535,686
5134,42,685,395,840,566
5134,41,407,400,536,580
5135,2,686,395,840,699
5135,42,685,395,840,566
5135,0,409,401,535,686
5135,41,407,401,536,580
5136,2,686,395,840,699
5136,42,685,395,840,566
5136,41,407,401,536,580
5136,0,409,401,535,687
5137,2,686,395,841,699
5137,42,685,395,840,565
5137,41,407,401,536,580
5137,0,409,401,535,688
5138,41,407,401,536,580
5138,2,686,395,840,699
5138,42,685,395,840,566
5138,0,409,401,536,688
5139,42,685,395,840,566
5139,2,686,395,840,700
5139,41,407,401,536,580
5139,0,409,401,536,688
5140,2,686,395,841,700
5140,42,685,395,841,566
5140,41,407,400,537,581
5140,0,409,400,536,688
5141,2,686,395,841,699
5141,42,685,395,841,566
5141,0,409,400,537,688
5141,41,407,400,537,580
5142,2,686,395,841,700
5142,42,685,395,841,566
5142,0,409,400,537,688
5142,41,408,400,537,581
5143,2,686,395,841,700
5143,42,685,395,841,566
5143,0,409,400,537,688
5143,41,408,400,538,581
5144,42,685,395,841,566
5144,2,686,395,841,700
5144,0,409,399,537,688
5144,41,408,399,538,580
5145,2,686,395,841,699
5145,42,685,395,841,566
5145,0,409,399,538,689
5145,41,408,399,538,579
5146,2,686,395,841,699
5146,42,685,395,841,566
5146,41,408,399,538,579
5146,0,409,399,538,690
5147,2,686,395,841,699
5147,42,685,395,841,566
5147,0,410,399,538,690
5147,41,408,399,538,578
5148,42,685,395,841,566
5148,2,687,395,841,699
5148,0,410,398,538,690
5148,41,408,398,538,577
5149,2,687,395,841,699
5149,0,410,398,538,690
5149,42,685,395,841,566
5149,41,408,398,538,577
5150,0,410,398,538,691
5150,2,687,395,842,699
5150,41,408,398,538,578
5150,42,686,395,841,565
5151,2,687,395,842,699
5151,42,686,395,841,565
5151,41,408,398,538,578
5151,0,409,397,538,691
5152,2,687,395,842,699
5152,41,408,397,538,577
5152,42,686,394,841,566
5152,0,409,397,536,694
5153,42,686,394,841,566
5153,0,409,397,536,695
5153,41,408,397,538,576
5153,2,685,392,842,699
5154,2,685,392,842,700
5154,42,686,394,841,565
5154,0,409,397,535,696
5154,41,408,397,537,576
5155,0,409,397,535,696
5155,2,685,392,843,700
5155,41,408,397,537,575
5155,42,686,394,841,567
5156,0,409,397,535,696
5156,2,686,392,843,699
5156,42,686,394,841,567
5156,41,408,397,537,574
5157,0,409,397,535,695
5157,41,408,397,537,573
5157,2,686,392,843,699
5157,42,687,393,842,566
5158,0,409,397,535,695
5158,41,408,397,537,574
5158,2,687,391,844,699
5158,42,687,393,842,567
5159,42,688,392,842,567
5159,2,688,390,843,699
5159,41,408,398,537,573
5159,0,409,397,536,693
5160,41,408,398,537,573
5160,2,689,390,843,699
5160,42,688,391,841,567
5160,0,408,398,535,693
5161,0,408,398,535,692
5161,41,408,398,537,574
5161,2,690,388,843,699
5161,42,689,390,841,566
5162,41,408,398,537,574
5162,2,690,387,844,699
5162,0,408,398,535,690
5162,42,689,388,842,567
5163,41,407,398,537,574
5163,0,408,398,535,690
5163,2,690,386,844,699
5163,42,689,387,842,567
5164,0,408,398,535,690
5164,2,690,385,844,699
5164,41,407,398,537,574
5164,42,690,386,842,566
5165,41,407,398,537,573
5165,2,690,385,844,699
5165,0,408,398,535,691
5165,42,690,385,842,566
5166,2,690,384,843,699
5166,0,408,398,535,689
5166,42,690,385,841,566
5166,41,408,398,537,566
5167,2,690,384,843,699
5167,42,690,385,841,565
5167,0,408,398,535,686
5168,0,408,398,535,686
5168,2,690,383,844,699
5168,42,690,384,842,565
5169,0,408,398,535,685
5169,42,690,384,841,566
5169,2,691,383,842,699
5170,0,408,397,535,685
5170,2,690,383,842,698
5170,42,689,383,842,565
5171,0,408,397,535,685
5171,2,690,383,842,698
5171,42,689,382,841,565
5172,2,689,382,842,698
5172,0,408,397,535,686
5173,0,408,397,535,687
5173,2,689,383,842,699
5173,42,689,382,842,566
5174,0,408,397,535,687
5174,2,688,383,842,698
5174,42,688,382,841,566
5175,0,408,396,534,687
5175,2,688,382,842,698
5175,42,688,382,841,565
5176,0,408,396,535,687
5176,2,687,382,841,698
5176,42,687,381,840,565
5177,0,408,395,535,686
5177,2,687,382,841,698
5177,42,686,381,840,565
5178,2,686,381,840,698
5178,42,686,381,839,565
5178,0,408,393,535,686
5179,2,686,381,840,698
5179,0,408,392,535,686
5179,42,686,381,839,564
5180,2,686,381,840,698
5180,42,686,381,839,564
5180,0,408,391,535,686
5181,0,408,391,535,687
5181,2,686,381,840,698
5181,42,686,380,839,563
5182,0,408,391,535,686
5182,2,686,381,839,698
5182,42,686,380,839,564
5183,0,408,390,535,686
5183,42,686,380,838,563
5183,2,686,380,838,696
5184,0,408,389,535,687
5184,2,686,380,838,696
5184,42,687,380,838,563
5185,0,408,389,536,687
5185,2,687,380,838,696
5185,42,687,380,837,563
5186,0,408,389,535,687
5186,2,688,380,837,696
5186,42,688,380,837,563
5187,0,408,389,535,688
5187,2,689,381,838,696
5187,42,689,381,837,564
5188,0,408,389,535,687
5188,2,689,381,838,696
5188,42,689,381,837,564
5189,0,408,389,535,687
5189,42,689,381,837,564
5189,2,689,381,838,696
5190,2,689,381,838,696
5190,0,408,388,535,687
5190,42,689,381,837,563
5191,2,689,381,838,696
5191,42,689,381,837,563
5191,0,408,388,535,687
5192,0,408,388,535,686
5192,2,689,382,838,696
5192,42,689,382,837,563
5192,43,407,389,537,568
5193,2,689,382,838,696
5193,42,688,382,837,563
5193,0,408,388,535,685
5194,2,689,383,838,696
5194,0,408,388,535,684
5194,42,688,383,838,563
5195,2,689,383,838,696
5195,42,688,383,838,563
5195,0,408,388,535,683
5196,2,688,383,838,696
5196,42,688,383,837,563
5196,0,408,389,535,683
5197,2,688,383,839,696
5197,0,408,389,535,685
5197,42,688,383,838,562
5198,2,688,384,838,696
5198,0,408,389,535,686
5198,42,687,384,838,562
5199,0,408,389,535,686
5199,2,688,384,838,696
5199,42,687,383,838,562
5200,0,408,390,535,686
5200,2,688,384,838,696
5200,42,688,384,838,561
5201,0,408,390,535,686
5201,2,688,384,839,696
5201,42,688,384,838,561
5202,2,688,385,839,696
5202,0,408,390,535,686
5202,42,688,384,838,561
5203,2,688,385,839,696
5203,42,688,385,838,560
5203,0,408,390,536,684
5204,2,689,385,839,696
5204,42,688,385,838,560
5204,0,409,390,538,683
5205,2,689,385,838,696
5205,0,409,390,538,682
5205,42,688,385,838,560
5206,0,409,390,538,682
5206,2,689,386,838,696
5206,42,688,385,837,559
5207,0,409,390,538,682
5207,2,689,386,838,696
5207,42,688,385,838,559
5208,2,689,386,838,696
5208,42,689,385,838,558
5208,0,409,390,538,687
5208,43,408,389,538,569
5209,2,689,386,838,696
5209,42,689,385,837,558
5209,0,409,390,538,685
5210,2,689,386,838,695
5210,42,689,385,837,558
5210,0,409,390,537,685
5211,2,689,386,837,695
5211,42,689,386,837,558
5211,0,409,390,537,686
5212,0,409,390,537,685
5212,2,689,386,837,695
5212,42,689,386,837,558
5213,0,409,391,537,686
5213,42,688,385,837,558
5213,2,689,386,838,695
5213,43,408,390,536,564
5214,2,689,386,838,695
5214,42,688,385,837,558
5214,0,409,390,537,685
5215,2,689,386,838,695
5215,42,688,386,837,558
5215,0,409,390,538,685
5216,42,688,385,837,558
5216,2,689,386,837,695
5216,0,408,391,537,686
5217,0,408,391,537,686
5217,2,688,386,837,696
5217,42,688,385,836,559
5218,2,688,386,837,696
5218,0,408,391,537,686
5218,42,687,385,836,559
5219,2,687,386,837,696
5219,42,687,385,836,559
5219,0,408,391,536,686
5220,0,407,391,536,686
5220,2,687,386,837,695
5220,42,686,385,837,558
5221,0,407,391,536,685
5221,2,686,386,837,695
5221,42,686,385,837,558
5222,2,686,386,837,695
5222,42,686,385,837,558
5222,0,407,391,537,684
5222,43,407,391,537,569
5223,2,686,386,837,695
5223,42,686,385,837,558
5223,0,407,391,537,683
5223,43,406,391,537,567
5224,42,686,386,837,558
5224,2,686,386,838,694
5224,43,406,391,537,566
5224,0,407,391,536,680
5225,42,686,386,837,558
5225,2,686,386,838,694
5225,0,407,391,536,679
5225,43,407,392,537,566
5226,0,408,392,536,679
5226,2,686,386,838,694
5226,42,686,386,838,557
5226,43,406,391,537,567
5227,2,686,386,838,694
5227,42,686,386,838,557
5227,0,408,391,537,679
5227,43,407,391,537,568
5228,2,687,386,838,694
5228,43,407,391,537,568
5228,42,687,386,838,557
5228,0,408,391,537,685
5229,2,687,386,838,694
5229,42,687,386,838,556
5229,43,407,391,537,570
5229,0,408,391,537,688
5230,2,687,386,839,694
5230,43,407,391,537,571
5230,42,687,386,838,556
5230,0,408,391,537,687
5231,2,687,386,839,694
5231,42,687,386,838,556
5231,43,407,392,537,570
5231,0,408,391,537,686
5232,2,687,386,839,694
5232,0,408,391,537,686
5232,42,687,386,839,557
5232,43,407,392,537,569
5233,42,687,386,839,557
5233,0,408,391,537,685
5233,2,687,386,839,694
5233,43,407,392,537,568
5234,42,687,386,839,557
5234,2,687,386,839,694
5234,0,408,392,537,685
5234,43,407,392,537,563
5235,2,687,387,839,694
5235,42,687,386,839,557
5235,0,408,392,537,685
5235,43,407,392,536,563
5236,2,687,387,840,694
5236,0,408,392,537,685
5236,42,687,387,839,557
5236,43,407,392,537,566
5237,2,687,387,840,694
5237,43,407,392,537,567
5237,0,408,392,537,683
5237,42,687,387,839,556
5238,2,687,387,841,694
5238,43,407,392,538,568
5238,42,687,387,840,555
5238,0,409,392,538,679
5239,2,687,387,840,694
5239,42,687,387,840,555
5239,43,407,392,537,567
5239,0,409,392,537,675
5240,42,687,387,840,555
5240,0,409,392,537,675
5240,2,687,387,841,694
5240,43,408,392,538,566
5241,2,687,387,841,694
5241,42,687,387,840,555
5241,0,409,392,537,674
5241,43,408,392,536,564
5242,0,409,392,537,674
5242,42,687,387,840,555
5242,2,687,387,841,694
5243,2,687,387,841,694
5243,42,687,387,840,555
5243,0,409,392,537,674
5244,0,409,392,537,674
5244,2,687,387,842,694
5244,42,687,387,841,555
5245,2,687,387,842,694
5245,42,687,387,841,555
5245,0,409,392,538,672
5246,2,687,387,842,694
5246,0,409,392,537,673
5246,42,687,387,841,556
5247,0,409,392,537,673
5247,42,687,387,841,556
5247,2,687,388,841,694
5248,2,687,388,841,694
5248,42,687,388,841,555
5248,0,409,392,538,672
5249,2,687,388,841,694
5249,42,687,388,841,555
5249,0,409,393,538,670
5249,43,408,393,537,563
5250,2,688,389,841,694
5250,0,410,393,537,671
5250,42,687,389,841,554
5250,43,408,393,537,566
5251,2,687,389,842,695
5251,42,687,389,841,553
5251,0,410,393,537,671
5252,2,688,387,842,695
5252,42,687,388,841,553
5252,43,408,394,538,568
5252,0,410,393,538,674
5253,2,688,388,842,695
5253,42,687,388,841,553
5253,0,410,394,538,673
5253,43,408,394,538,571
5254,42,687,388,841,553
5254,0,410,394,538,672
5254,2,688,388,842,694
5254,43,408,394,538,571
5255,2,688,388,842,694
5255,43,408,394,538,571
5255,42,687,388,841,553
5255,0,410,394,537,672
5256,2,688,388,841,694
5256,42,687,388,841,553
5256,0,410,394,538,672
5256,43,408,394,538,571
5257,0,410,394,538,672
5257,42,687,389,841,554
5257,43,408,394,538,571
5257,2,688,388,842,694
5258,42,687,389,841,554
5258,2,688,388,842,694
5258,0,410,394,537,672
5258,43,409,394,538,569
5259,0,410,394,538,673
5259,2,688,389,842,695
5259,42,688,389,842,554
5259,43,409,394,538,571
5260,0,410,394,538,674
5260,2,689,389,842,695
5260,42,688,389,842,554
5260,43,409,394,538,569
5261,2,689,388,843,695
5261,42,688,389,842,554
5261,0,411,394,538,674
5262,2,689,389,843,695
5262,42,688,389,842,554
5262,0,411,394,538,676
5262,43,409,394,538,571
5263,2,689,389,843,695
5263,42,688,389,842,555
5263,0,410,394,538,676
5263,43,409,394,538,573
5264,2,689,389,843,695
5264,42,689,389,842,554
5264,43,409,394,538,574
5264,0,410,394,538,678
5265,2,689,389,843,695
5265,42,689,389,842,554
5265,0,410,394,538,677
5265,43,409,394,538,573
5266,2,689,389,843,695
5266,42,688,389,842,555
5266,43,409,394,538,574
5266,0,410,394,538,682
5267,42,688,389,842,554
5267,2,689,389,843,694
5267,43,409,394,538,574
5267,0,410,393,537,681
5268,2,689,389,843,694
5268,42,689,389,842,554
5268,0,411,393,538,680
5268,43,409,394,538,571
5269,2,689,389,843,694
5269,42,689,389,842,554
5269,0,411,394,538,681
5269,43,410,394,538,570
5270,2,689,389,843,694
5270,42,689,389,842,554
5270,0,411,394,538,682
5270,43,409,394,538,571
5271,2,689,389,843,694
5271,42,689,389,842,555
5271,43,409,394,538,571
5271,0,411,394,538,681
5272,2,689,389,843,694
5272,42,689,389,842,555
5272,43,409,394,538,571
5272,0,410,394,538,680
5273,2,689,389,843,694
5273,42,689,389,842,555
5273,43,409,394,538,572
5273,0,410,394,537,675
5274,42,688,389,842,555
5274,2,689,389,843,694
5274,0,410,394,537,673
5274,43,409,394,537,571
5275,2,689,389,843,694
5275,42,688,389,842,555
5275,0,410,394,537,675
5275,43,409,394,538,570
5276,2,688,389,842,694
5276,42,688,389,841,554
5276,0,409,394,538,675
5277,2,688,389,843,694
5277,42,688,390,841,555
5277,0,410,394,538,672
5278,2,688,389,843,694
5278,42,688,390,842,555
5278,0,410,394,538,672
5279,2,688,389,843,694
5279,42,688,390,842,555
5279,43,409,394,538,568
5279,0,410,394,538,662
5280,2,688,389,843,694
5280,42,688,390,842,555
5280,43,409,394,538,568
5280,0,410,394,537,659
5281,2,688,390,843,694
5281,42,688,390,841,555
5281,43,409,394,538,570
5281,0,410,394,537,655
5282,2,688,390,843,693
5282,42,688,390,841,555
5282,43,408,394,537,569
5282,0,410,394,537,652
5283,2,688,390,843,694
5283,42,688,390,841,555
5283,43,408,394,537,569
5283,0,410,394,537,649
5284,2,688,390,842,694
5284,42,688,390,841,555
5284,0,410,394,537,649
5284,43,408,395,537,572
5285,2,688,390,842,693
5285,42,688,390,841,555
5285,43,408,395,537,571
5285,0,409,394,537,651
5286,42,687,390,840,555
5286,2,688,390,842,694
5286,43,408,395,537,571
5286,0,409,394,537,653
5287,2,688,390,842,694
5287,42,687,390,840,555
5287,43,407,395,537,571
5287,0,409,394,537,657
5288,42,687,390,840,555
5288,2,688,390,841,694
5288,0,409,394,536,658
5288,43,407,395,537,572
5289,2,688,390,841,694
5289,42,687,390,840,555
5289,0,408,394,537,661
5289,43,407,395,537,569
5290,2,688,390,841,694
5290,42,687,390,840,555
5290,43,407,395,537,567
5290,0,408,394,536,664
5291,42,687,390,840,555
5291,2,688,390,841,694
5291,0,408,394,537,669
5292,2,687,390,841,694
5292,0,408,394,537,670
5292,42,687,390,840,556
5293,2,687,390,841,694
5293,0,408,394,537,672
5293,42,687,390,840,557
5294,2,687,390,841,693
5294,0,408,394,536,672
5294,42,687,390,840,558
5294,43,407,394,536,569
5295,0,408,394,536,673
5295,2,687,390,841,694
5295,43,407,394,536,570
5295,42,686,390,840,556
5296,42,686,390,840,556
5296,43,407,394,536,570
5296,2,686,390,840,694
5296,0,408,394,536,676
5297,43,407,394,537,570
5297,0,408,394,537,676
5297,2,686,390,839,693
5297,42,686,390,839,553
5298,2,686,390,839,694
5298,0,408,393,537,678
5298,42,686,390,840,551
5298,43,407,394,537,567
5299,2,686,390,839,694
5299,0,408,394,537,679
5299,42,686,390,839,550
5299,43,407,394,537,563
5300,0,407,394,537,679
5300,2,686,389,839,693
5300,43,407,394,536,563
5300,42,686,390,839,551
5301,2,686,390,839,693
5301,0,408,394,537,679
5301,42,686,391,839,550
5301,43,407,394,535,562
5302,2,686,390,839,693
5302,43,408,394,535,562
5302,42,686,391,839,551
5302,0,408,394,537,677
5303,0,408,394,537,677
5303,2,686,390,839,693
5303,42,686,391,839,552
5303,43,407,394,537,565
5304,0,408,394,537,678
5304,43,407,394,536,565
5304,42,686,391,839,553
5304,2,687,390,840,694
5305,2,687,390,840,694
5305,42,686,391,839,553
5305,0,408,394,536,679
5305,43,407,394,536,564
5306,2,687,391,840,694
5306,42,686,391,839,553
5306,0,408,394,536,679
5306,43,407,394,536,566
5307,2,686,391,840,694
5307,42,686,391,839,553
5307,0,407,394,536,679
5307,43,407,394,535,563
5308,2,686,391,840,694
5308,0,407,394,536,680
5308,42,686,391,839,553
5309,2,686,391,840,694
5309,42,685,391,840,554
5309,0,407,394,536,676
5310,42,685,391,839,553
5310,2,685,390,839,693
5310,0,406,394,536,674
5311,2,685,390,839,694
5311,42,685,391,839,553
5311,0,406,394,536,672
5312,2,685,390,839,693
5312,42,685,391,839,553
5312,0,406,393,535,671
5313,2,685,390,839,693
5313,42,685,391,839,553
5313,0,406,394,535,670
5314,2,685,390,839,693
5314,42,684,391,839,553
5314,0,406,393,535,667
5315,2,685,390,839,693
5315,42,685,391,839,553
5315,0,406,393,535,663
5315,43,406,394,535,563
5316,2,685,390,839,693
5316,42,685,391,839,553
5316,0,406,394,535,662
5316,43,406,394,534,562
5317,2,685,390,839,692
5317,43,406,394,535,562
5317,42,685,391,839,553
5317,0,406,394,535,662
5318,2,685,390,838,692
5318,42,685,391,838,553
5318,43,406,394,535,561
5318,0,406,394,535,665
5319,2,685,390,838,693
5319,42,684,391,838,553
5319,0,406,394,535,671
5320,2,684,390,838,693
5320,42,684,391,838,552
5320,43,406,394,535,561
5320,0,406,394,535,674
5321,2,684,390,838,693
5321,42,684,391,838,552
5321,0,406,394,535,675
5322,2,684,390,838,693
5322,42,684,391,838,552
5322,0,406,394,535,673
5322,43,406,394,535,563
5323,2,685,390,838,693
5323,43,406,394,535,563
5323,42,684,391,838,552
5323,0,406,394,535,678
5324,2,684,390,838,693
5324,42,684,390,838,552
5324,0,406,394,536,679
5324,43,406,394,535,561
5325,2,684,390,838,694
5325,42,684,390,838,553
5325,0,405,393,535,680
5325,43,406,394,535,566
5326,2,685,389,838,693
5326,0,405,393,535,678
5326,42,684,390,839,553
5326,43,406,394,534,565
5327,2,684,389,838,694
5327,42,684,390,838,553
5327,0,406,393,535,679
5327,43,406,394,535,566
5328,2,684,389,838,693
5328,42,684,390,838,552
5328,0,406,393,534,678
5328,43,405,394,534,568
5329,42,684,390,838,552
5329,2,684,389,838,693
5329,0,406,393,534,681
5329,43,405,394,534,565
5330,2,685,389,838,693
5330,42,684,390,839,553
5330,0,405,393,534,682
5330,43,406,394,533,564
5331,0,405,393,534,682
5331,2,684,389,838,693
5331,43,406,394,533,564
5331,42,684,390,838,552
5332,43,406,394,533,564
5332,0,405,393,534,682
5332,2,684,389,838,693
5332,42,684,389,838,552
5333,2,684,389,838,693
5333,42,684,389,838,552
5333,0,405,393,534,683
5333,43,406,394,533,565
5334,2,684,389,838,693
5334,0,405,393,534,682
5334,42,684,389,838,552
5334,43,406,394,533,562
5335,0,405,393,534,681
5335,2,684,389,838,692
5335,42,684,389,837,550
5335,43,406,394,533,559
5336,42,684,389,837,550
5336,0,404,392,534,681
5336,2,684,389,836,691
5336,43,405,393,533,561
5337,2,683,389,836,691
5337,42,684,389,837,550
5337,0,404,392,534,679
5337,43,405,393,534,557
5338,2,683,389,836,691
5338,42,683,389,837,550
5338,43,405,393,533,558
5338,0,405,392,534,678
5339,0,405,392,534,678
5339,2,683,389,836,691
5339,42,683,389,837,550
5340,42,683,389,837,550
5340,2,683,389,837,691
5340,0,405,392,534,677
5341,2,683,389,837,691
5341,42,683,389,837,549
5341,43,405,393,533,558
5341,0,405,392,534,673
5342,2,683,389,837,691
5342,42,683,389,837,549
5342,0,405,392,534,672
5342,43,406,393,533,557
5343,42,683,389,837,549
5343,2,683,389,836,691
5343,0,403,392,534,670
5343,43,405,393,533,554
5344,42,683,389,837,549
5344,2,683,389,836,691
5344,0,405,392,533,666
5344,43,406,392,533,556
5345,2,683,389,836,691
5345,42,683,388,837,549
5345,0,404,392,533,667
5345,43,404,393,533,555
5346,2,683,389,836,691
5346,42,683,388,837,549
5346,43,403,393,533,555
5346,0,403,392,534,661
5347,2,683,388,837,691
5347,43,403,393,533,555
5347,42,683,388,837,550
5347,0,402,392,534,664
5348,2,683,388,837,692
5348,43,403,393,533,556
5348,42,683,388,837,548
5348,0,402,392,534,669
5349,2,683,388,837,692
5349,43,404,392,533,556
5349,42,683,388,837,549
5349,0,403,392,534,672
5350,0,403,392,534,672
5350,2,683,388,837,691
5350,43,404,392,533,557
5350,42,683,387,837,550
5351,2,683,388,837,691
5351,42,683,387,837,550
5351,43,403,392,534,555
5351,0,403,391,534,669
5352,42,683,387,837,550
5352,2,683,387,837,691
5352,0,402,391,534,670
5352,43,403,392,533,559
5353,42,683,387,837,550
5353,2,683,387,836,691
5353,43,401,392,533,558
5353,0,401,391,534,672
5354,2,683,387,836,691
5354,42,683,387,837,549
5354,0,399,391,534,672
5354,43,400,392,534,559
5355,2,683,387,836,691
5355,42,683,387,837,549
5355,0,401,391,534,672
5355,43,401,392,533,558
5356,2,683,387,836,691
5356,42,683,387,837,549
5356,0,402,391,534,673
5356,43,402,392,533,554
5357,2,683,387,837,691
5357,42,683,387,837,550
5357,0,403,391,533,674
5357,43,404,392,533,553
5358,2,683,387,837,690
5358,42,683,387,837,548
5358,0,411,391,534,675
5358,43,410,391,533,548
5359,2,683,387,837,690
5359,42,683,387,837,549
5359,0,412,391,532,675
5359,43,415,391,533,545
5360,2,683,387,837,690
5360,42,683,387,837,549
5360,0,412,391,532,676
5360,43,416,391,533,540
5361,42,683,387,837,549
5361,2,683,387,837,690
5361,0,411,391,534,677
5361,43,416,391,533,536
5362,2,683,387,837,690
5362,42,683,387,837,548
5362,0,411,391,534,678
5362,43,416,391,533,535
5363,2,683,387,837,690
5363,42,683,387,837,549
5363,0,411,391,534,677
5363,43,415,392,533,535
5364,2,683,387,837,690
5364,42,683,387,837,550
5364,0,411,390,533,676
5365,2,683,387,837,690
5365,42,683,387,837,550
5365,0,410,391,533,677
5366,42,683,387,837,550
5366,0,411,391,533,676
5366,2,684,387,838,691
5367,42,683,387,837,549
5367,0,412,391,533,676
5367,2,683,387,837,690
5368,42,683,387,837,549
5368,0,412,391,533,676
5368,2,684,387,838,691
5368,43,413,391,534,553
5369,42,683,387,837,549
5369,2,683,387,837,690
5369,0,408,390,534,677
5369,43,409,391,534,557
5370,2,683,387,837,690
5370,42,684,387,837,548
5370,0,406,390,534,677
5370,43,407,391,534,556
5371,2,683,386,837,690
5371,42,683,387,838,549
5371,0,403,390,534,676
5371,43,404,390,534,555
5372,42,683,387,837,549
5372,2,684,386,837,690
5372,0,405,390,534,676
5372,43,406,390,534,555
5373,42,683,387,837,549
5373,2,684,386,838,690
5373,43,408,390,533,554
5373,0,408,390,534,677
5374,42,683,387,837,549
5374,2,683,386,837,690
5374,0,412,390,533,677
5374,43,413,390,533,552
5375,2,683,386,837,690
5375,0,412,390,533,677
5375,42,684,387,837,547
5375,43,415,390,533,548
5376,2,684,386,837,690
5376,42,684,387,837,548
5376,0,411,390,533,678
5376,43,415,390,533,540
5377,2,683,386,837,690
5377,0,410,390,533,678
5377,42,683,386,838,548
5378,42,684,386,838,549
5378,2,684,386,837,690
5378,0,411,390,534,678
5379,0,411,390,533,678
5379,42,684,386,838,549
5379,2,684,386,838,690
5379,43,416,390,534,532
5380,2,684,386,838,690
5380,43,416,390,534,532
5380,42,684,386,838,549
5380,0,411,390,533,678
5381,2,684,386,838,690
5381,42,684,386,838,549
5381,0,411,391,533,678
5381,43,416,390,534,532
5382,0,411,391,533,678
5382,43,416,391,534,532
5382,2,684,386,837,690
5382,42,684,386,837,548
5383,2,684,386,837,690
5383,0,411,391,534,678
5383,42,684,386,838,548
5384,0,411,391,534,678
5384,2,684,386,837,690
5384,42,685,386,837,548
5385,2,684,386,837,690
5385,42,685,386,837,548
5385,0,411,390,533,678
5386,2,684,386,837,690
5386,42,684,386,838,548
5386,0,412,390,533,678
5387,2,684,386,838,690
5387,42,684,386,838,548
5387,0,413,390,533,677
5387,43,416,391,534,546
5388,2,684,386,838,690
5388,42,684,386,838,548
5388,0,412,390,533,677
5388,43,415,390,533,551
5389,0,412,390,533,677
5389,2,684,386,838,690
5390,2,684,386,838,690
5390,0,412,390,532,678
5391,2,684,386,838,691
5391,0,413,390,532,678
5391,42,684,386,838,549
5391,43,415,390,533,548
5392,2,684,386,838,691
5392,0,413,390,533,678
5393,0,413,390,533,678
5393,42,684,386,838,549
5393,2,685,386,838,690
5394,2,684,386,838,690
5394,42,684,386,838,549
5394,0,413,390,533,678
5395,2,684,386,838,690
5395,42,684,386,838,549
5395,0,413,390,533,677
5396,2,684,386,838,690
5396,42,684,386,838,549
5396,0,413,390,533,677
5397,2,684,386,838,690
5397,42,684,386,838,549
5397,0,413,390,534,677
5398,2,684,386,838,690
5398,0,413,390,534,677
5398,42,684,386,838,549
5399,2,684,385,838,690
5399,42,684,386,838,549
5399,0,412,390,533,677
5399,43,417,389,534,530
5400,2,684,385,838,690
5400,0,412,390,533,677
5400,42,684,386,838,549
5401,2,684,384,838,690
5401,42,684,385,838,549
5401,0,413,389,532,676
5402,2,684,384,838,690
5402,0,413,389,532,676
5402,42,684,385,838,550
5403,2,684,384,838,690
5403,42,684,385,838,550
5403,0,413,389,532,677
5404,2,684,384,838,690
5404,42,684,385,838,549
5404,0,413,389,531,677
5405,2,684,384,838,690
5405,0,413,388,531,677
5405,42,684,385,838,549
5406,2,684,384,838,690
5406,42,684,385,838,549
5406,0,413,387,532,677
5407,42,684,385,838,549
5407,2,684,384,837,690
5407,0,413,387,531,677
5408,42,684,385,838,549
5408,0,413,387,531,676
5408,2,684,384,838,690
5409,0,413,386,531,677
5409,42,684,385,838,549
5409,2,684,384,837,690
5410,42,683,385,838,549
5410,0,412,386,531,677
5410,2,684,384,838,690
5411,2,684,384,838,690
5411,42,683,385,838,549
5411,0,412,387,531,676
5412,2,684,384,838,690
5412,42,683,385,838,549
5412,0,412,387,531,676
5413,2,684,384,838,690
5413,42,683,385,838,549
5413,0,413,387,531,677
5414,2,683,384,838,690
5414,42,683,385,838,549
5414,0,413,387,532,676
5415,2,683,384,838,690
5415,0,413,386,532,676
5415,42,683,385,838,549
5416,42,683,385,838,548
5416,0,412,386,532,676
5416,2,683,384,837,690
5417,2,683,384,837,690
5417,0,412,387,532,677
5417,42,684,385,837,548
5418,42,684,385,837,548
5418,2,683,385,837,690
5418,0,412,386,532,676
5419,2,683,384,837,690
5419,0,412,386,531,676
5419,42,684,385,837,544
5420,2,683,384,837,690
5420,42,684,385,837,545
5420,0,412,386,531,675
5421,2,683,384,837,690
5421,0,412,386,531,675
5421,42,684,385,837,545
5422,2,683,384,837,690
5422,0,412,386,531,674
5422,42,684,385,837,546
5423,2,683,384,837,690
5423,0,413,386,531,675
5423,42,684,384,838,548
5424,2,684,384,837,690
5424,0,413,387,531,676
5424,42,685,384,837,548
5425,2,684,384,837,690
5425,42,685,384,837,548
5425,0,413,386,531,676
5426,2,683,384,837,690
5426,0,412,387,531,677
5426,42,684,385,838,549
