frame,person_id,x1,y1,x2,y2
1,0,428,432,584,712
1,1,693,409,838,701
1,2,694,409,837,570
1,3,427,432,582,564
2,1,692,409,838,701
2,2,693,409,837,570
2,0,427,431,584,710
3,0,427,431,585,710
3,2,693,409,837,570
3,1,692,409,838,702
3,3,427,432,582,567
4,1,692,409,838,702
4,2,693,409,837,569
4,0,427,431,584,710
4,3,426,432,582,565
5,1,692,409,838,702
5,0,426,431,584,710
5,2,693,409,837,569
6,1,692,409,838,702
6,0,426,430,584,710
6,2,693,409,837,569
7,2,693,409,837,569
7,1,692,409,838,702
7,0,426,430,584,709
8,1,692,409,838,701
8,2,693,409,837,569
8,0,426,430,584,709
8,3,425,430,581,573
9,0,426,429,584,709
9,1,692,409,838,700
9,2,693,408,837,569
9,3,425,430,581,572
10,0,426,429,584,710
10,1,692,408,837,700
10,2,693,408,837,568
11,0,426,429,584,710
11,1,692,408,837,700
11,2,693,408,836,569
11,3,425,430,581,567
12,3,426,430,581,567
12,0,426,429,584,710
12,2,692,408,836,569
12,1,692,408,837,699
13,1,692,408,837,699
13,2,692,408,836,568
13,0,427,429,584,710
13,3,426,430,581,567
14,1,692,408,837,699
14,3,426,430,581,567
14,2,693,408,836,569
14,0,427,429,584,709
15,1,691,408,837,699
15,2,693,408,836,569
15,3,426,430,580,566
15,0,426,429,583,708
16,1,691,408,837,699
16,0,426,429,583,709
16,2,693,408,836,568
16,3,425,430,580,568
17,2,692,408,836,568
17,1,691,408,837,699
17,3,425,430,580,568
17,0,425,429,583,709
18,1,691,408,837,699
18,2,692,408,836,568
18,0,424,429,582,709
18,3,424,430,580,567
19,1,691,407,837,699
19,2,692,407,836,568
19,0,424,429,582,709
20,0,424,429,582,709
20,1,691,407,836,698
21,1,691,407,836,698
21,0,424,429,583,709
22,1,691,407,836,699
22,0,424,429,583,709
23,0,424,429,583,708
23,1,691,408,836,699
23,2,691,408,835,567
24,2,691,408,835,567
24,1,691,408,836,699
24,0,425,429,583,708
24,3,424,430,581,567
25,1,691,407,836,699
25,2,691,407,835,567
25,0,425,430,582,708
25,3,424,431,580,563
26,1,691,407,836,699
26,2,691,407,835,567
26,0,424,430,583,709
26,3,424,430,580,566
27,2,691,407,835,567
27,1,691,407,836,699
27,3,423,430,580,566
27,0,424,430,583,709
28,1,691,407,836,699
28,0,423,430,582,708
28,2,691,407,835,567
28,3,423,430,580,565
29,1,691,407,836,699
29,2,691,406,835,567
29,0,423,430,582,708
29,3,423,431,580,563
30,1,691,406,836,700
30,2,691,406,835,566
30,0,423,430,582,708
31,1,691,406,836,699
31,0,423,429,582,708
31,2,691,406,835,566
32,1,691,406,836,699
32,0,423,429,582,707
32,2,691,406,835,566
33,1,691,405,836,699
33,2,691,405,835,566
33,0,424,429,582,707
34,1,691,405,836,699
34,0,424,428,581,707
34,2,691,405,835,567
35,1,691,405,836,699
35,0,424,428,582,707
35,2,691,405,835,567
36,1,691,405,836,699
36,0,424,428,582,708
36,2,691,405,835,567
37,0,423,428,582,708
37,1,691,405,835,699
37,2,691,405,835,567
37,3,423,429,579,563
38,1,691,405,836,699
38,2,691,404,835,567
38,0,424,428,581,707
38,3,423,428,579,561
39,2,691,404,835,567
39,1,691,404,835,699
39,0,424,428,581,707
40,1,691,404,835,700
40,2,691,404,835,567
40,3,423,428,579,562
40,0,423,427,581,707
41,1,691,404,836,699
41,3,423,428,579,561
41,0,423,427,581,706
41,2,691,404,835,567
42,0,423,427,581,706
42,1,691,403,836,699
42,2,691,403,836,567
43,1,691,403,836,699
43,0,423,427,581,705
43,2,691,403,835,566
44,1,691,403,836,698
44,2,691,403,835,566
44,0,422,426,581,705
45,1,691,403,835,698
45,0,421,426,581,705
45,2,691,402,835,565
46,0,420,426,581,705
46,1,690,403,835,697
46,2,691,403,834,565
47,1,691,403,835,698
47,0,421,426,580,705
47,2,691,403,834,565
48,1,690,403,835,698
48,0,421,426,581,706
48,2,691,403,834,564
49,2,691,403,834,564
49,1,690,403,835,698
49,0,421,426,581,706
50,0,421,426,581,706
50,2,691,402,835,564
50,1,690,403,835,697
51,0,421,426,581,706
51,2,691,402,835,564
51,1,690,402,835,697
52,2,691,402,835,564
52,1,690,402,835,696
52,0,422,426,581,706
53,1,691,402,835,696
53,0,422,426,582,705
53,2,691,402,835,565
54,0,422,426,581,705
54,1,691,401,835,696
54,2,691,401,835,565
55,1,691,401,835,696
55,0,422,426,581,706
55,2,691,401,835,565
56,1,690,401,835,696
56,2,691,401,835,564
56,0,421,426,581,705
57,2,691,401,835,564
57,1,690,401,835,696
57,0,421,426,581,705
58,1,691,401,835,696
58,2,691,401,835,564
58,0,420,426,581,705
59,0,420,425,581,705
59,1,691,400,835,697
60,0,420,425,581,705
60,1,691,400,835,696
61,0,420,425,581,705
61,1,690,400,836,696
62,1,690,400,835,696
62,0,420,425,581,704
62,2,691,400,835,564
63,1,690,399,835,696
63,0,421,425,581,704
63,2,691,400,835,564
64,1,690,399,836,696
64,0,421,425,582,704
64,2,691,399,835,564
65,1,690,398,836,696
65,0,421,425,582,704
65,2,691,399,835,564
66,1,691,398,836,695
66,0,421,425,582,703
66,2,691,399,835,564
67,2,691,399,836,564
67,1,691,398,836,696
67,0,422,425,582,703
68,0,422,425,582,703
68,1,691,399,836,696
68,2,691,399,836,564
69,1,691,398,837,695
69,2,691,398,836,564
69,0,422,425,582,703
70,0,422,425,581,703
70,1,691,398,837,695
70,2,691,398,836,564
71,0,421,425,582,703
71,1,691,398,837,695
71,2,691,399,837,564
72,1,691,398,837,696
72,2,691,398,837,565
72,0,422,425,582,703
73,0,422,425,582,703
73,1,691,398,838,696
73,2,691,398,837,564
74,2,691,398,837,564
74,1,691,398,838,696
74,0,422,424,582,704
75,1,691,398,838,696
75,2,691,398,837,564
75,0,423,424,582,704
76,1,691,398,838,696
76,2,692,398,837,565
76,0,424,424,583,704
77,0,424,424,583,704
77,2,692,398,838,565
77,1,692,398,838,697
77,4,424,425,581,558
78,2,692,398,838,565
78,1,692,398,839,697
78,0,425,424,583,704
79,0,425,424,584,704
79,1,692,398,839,697
79,2,693,398,838,565
80,0,425,424,584,704
80,2,693,398,838,566
80,1,693,398,839,697
80,4,425,425,582,557
81,0,425,425,584,704
81,1,693,399,839,698
81,2,693,398,839,566
82,0,425,425,584,703
82,1,693,398,840,697
82,2,693,398,839,566
83,1,693,398,840,697
83,2,693,398,839,566
83,0,425,425,584,703
84,0,425,425,584,703
84,1,693,398,840,697
84,2,694,398,839,565
85,0,425,425,584,703
85,1,693,397,840,697
85,2,695,397,839,565
86,0,425,424,584,703
86,1,693,397,840,697
86,2,695,397,840,565
87,1,694,397,841,697
87,2,695,397,840,565
87,0,426,424,584,703
88,1,694,397,841,697
88,0,426,424,585,703
88,2,695,397,840,565
89,0,427,424,585,703
89,1,694,396,841,697
89,2,695,396,840,564
90,1,694,396,841,697
90,2,695,396,841,565
90,0,427,424,584,703
91,1,694,396,842,697
91,0,427,423,585,703
91,2,696,396,841,564
91,4,427,424,584,559
92,0,427,424,585,703
92,1,694,396,842,697
92,2,696,396,841,564
93,0,427,424,585,703
93,1,695,396,842,698
93,2,696,395,841,564
94,1,695,396,842,698
94,0,427,424,585,703
94,2,696,395,842,565
95,0,428,424,586,703
95,1,695,395,842,698
95,2,696,395,842,564
96,0,428,424,586,703
96,1,696,395,843,697
96,2,697,395,843,564
97,1,696,395,843,697
97,2,697,394,843,563
97,0,428,424,587,702
98,0,428,424,587,703
98,1,696,394,844,698
98,2,697,394,843,563
99,0,428,424,587,703
99,1,696,394,844,698
99,2,698,394,843,564
100,0,427,424,587,703
100,1,696,393,844,698
100,2,698,393,843,564
101,0,427,424,587,702
101,1,697,393,844,698
101,2,698,393,843,564
102,0,428,424,587,702
102,1,697,391,844,698
102,2,698,392,844,564
103,0,428,424,588,702
103,1,697,391,845,698
103,2,698,391,844,564
104,0,428,424,588,702
104,2,699,390,844,564
104,1,698,389,844,698
105,0,429,424,588,702
105,1,699,387,844,699
105,2,700,388,844,564
106,0,429,424,588,702
106,1,699,385,844,699
106,2,700,386,844,564
107,0,429,424,588,702
107,1,701,385,844,699
107,2,702,385,844,563
108,0,428,424,588,702
108,1,701,383,844,699
108,2,703,384,844,563
109,0,429,424,588,702
109,2,704,383,844,563
109,1,704,383,843,699
110,0,429,424,587,702
110,1,704,382,843,698
110,2,705,382,844,563
111,0,430,424,588,702
111,1,704,381,843,699
111,2,704,381,843,563
112,0,430,424,588,702
112,1,705,379,844,697
112,2,705,380,844,564
113,1,705,379,844,697
113,2,706,379,844,564
113,0,431,424,588,702
114,0,431,424,588,702
114,1,706,379,844,696
114,2,707,379,844,563
115,0,432,424,588,703
115,1,707,378,845,695
115,2,708,378,845,564
116,0,432,423,588,702
116,2,709,378,846,564
116,1,708,378,845,693
117,0,431,424,588,702
117,2,710,378,847,564
117,1,709,378,846,679
118,0,431,423,588,703
118,2,712,378,848,564
118,1,711,378,847,684
119,0,431,424,588,702
119,2,714,379,849,564
119,1,712,378,848,678
120,0,431,424,588,702
120,2,716,379,849,565
121,0,432,424,589,702
121,2,717,378,850,563
122,0,432,423,589,703
122,2,717,378,851,565
123,2,718,377,851,565
123,0,434,423,589,702
124,0,434,423,589,702
124,2,718,377,852,565
125,2,718,377,853,564
125,0,433,423,589,703
125,1,714,378,852,669
126,0,432,423,589,703
126,2,719,377,853,564
126,1,715,377,853,671
127,2,719,377,853,565
127,0,433,423,589,702
127,1,714,377,853,670
128,2,719,377,853,565
128,0,432,423,589,702
129,2,719,377,853,565
129,0,432,423,589,702
130,0,432,423,589,702
130,2,719,377,853,565
131,0,431,423,589,702
131,2,719,376,853,565
132,0,431,423,590,702
132,2,719,375,853,564
133,0,432,422,590,702
133,2,718,374,853,563
134,0,432,422,589,702
134,2,718,374,853,562
134,1,710,374,852,661
135,0,433,422,589,702
135,2,718,374,852,561
135,1,717,373,851,652
136,0,432,421,589,704
136,2,717,373,851,559
136,1,676,372,851,670
137,0,433,422,589,703
137,2,715,373,851,560
137,1,679,373,850,669
138,0,433,422,589,702
138,2,715,372,850,559
138,1,711,372,850,663
139,0,432,422,589,702
139,1,670,370,849,668
140,0,432,422,589,701
140,1,669,370,848,667
141,0,431,422,588,701
141,1,670,371,847,668
142,0,430,422,588,701
142,1,670,371,846,666
143,0,430,423,588,701
143,1,670,372,844,667
144,0,430,422,589,701
144,1,671,376,841,665
145,0,431,422,589,701
145,1,672,379,839,664
146,0,432,422,589,701
146,1,670,381,837,664
147,0,432,422,589,701
147,1,662,383,836,665
148,0,432,421,588,701
148,1,651,388,835,664
149,0,432,422,588,701
149,1,640,391,833,664
150,0,432,422,588,701
150,1,626,392,832,663
151,0,431,422,588,700
151,1,618,393,824,662
152,0,432,421,588,699
152,1,605,395,811,660
153,0,431,421,587,699
153,1,597,394,807,660
154,0,431,420,586,699
154,1,590,394,803,659
155,0,431,420,586,699
155,1,585,394,799,658
156,0,431,420,587,698
156,1,582,394,798,655
157,0,431,419,588,699
157,1,574,393,798,654
158,0,432,419,589,697
158,1,573,393,794,652
159,0,432,419,590,697
159,1,565,393,790,654
160,0,432,419,590,699
160,1,559,392,788,656
161,1,560,391,787,655
161,0,432,419,592,697
162,0,432,419,590,698
162,1,553,390,784,652
163,0,432,419,587,697
163,1,549,390,782,651
164,0,432,419,585,698
164,1,539,389,781,651
165,0,432,419,583,698
165,1,537,391,778,649
166,0,432,418,583,698
166,1,540,392,777,641
167,0,432,418,582,697
167,1,541,394,776,643
168,0,432,418,582,697
168,1,545,393,775,639
169,0,432,418,581,696
169,1,538,394,774,640
170,0,432,418,581,696
170,1,547,395,774,641
171,0,432,418,581,696
171,1,549,397,772,645
172,0,432,417,582,695
172,1,550,398,770,631
173,0,432,417,582,695
173,1,552,398,769,630
174,0,432,417,582,695
174,1,550,399,769,628
175,0,432,418,582,695
175,1,549,400,768,625
175,5,432,417,582,534
176,0,432,417,583,695
176,5,432,417,583,533
176,1,549,400,766,621
177,0,432,418,583,695
177,5,432,417,583,532
177,1,544,400,765,622
178,0,432,418,583,695
178,5,432,417,583,533
178,1,542,401,765,624
179,0,432,417,582,694
179,1,538,401,764,623
180,0,432,417,582,694
180,1,535,400,765,631
181,0,433,417,582,694
181,1,536,400,766,639
182,0,433,417,581,694
182,1,534,401,766,642
183,0,434,417,581,694
183,1,534,403,764,638
183,5,434,416,582,533
183,6,534,402,762,560
184,5,434,416,582,532
184,1,535,404,763,638
184,0,434,416,582,694
184,6,534,403,762,558
185,0,434,416,582,694
185,6,534,404,762,559
185,5,434,416,582,530
185,1,535,404,764,642
186,0,435,416,582,694
186,1,535,404,764,643
186,5,435,416,581,528
186,6,534,404,762,565
187,0,434,417,581,694
187,5,434,417,581,528
187,1,536,404,765,645
187,6,534,404,762,563
188,0,434,417,582,694
188,5,434,417,582,528
188,1,536,404,765,646
188,6,534,404,762,564
189,0,434,417,581,694
189,6,534,404,763,564
189,1,535,404,765,646
189,5,434,417,581,529
190,0,435,417,582,694
190,1,534,404,766,647
190,6,533,404,763,563
190,5,435,417,581,529
191,5,435,417,581,529
191,0,434,418,580,694
191,6,531,404,763,561
191,1,532,404,767,649
192,0,435,418,580,694
192,5,435,417,581,529
192,1,534,404,767,647
192,6,533,404,764,568
193,1,533,405,767,648
193,0,435,417,580,693
193,6,532,404,764,566
193,5,436,417,581,527
194,1,534,404,768,647
194,5,436,417,580,526
194,0,435,418,578,693
194,6,533,404,764,569
195,0,436,418,578,693
195,5,437,417,581,526
195,1,534,405,768,646
196,0,436,418,578,693
196,1,535,405,768,643
196,5,437,418,580,528
196,6,534,404,766,571
197,0,436,418,579,693
197,1,536,405,768,642
197,6,534,404,766,573
197,5,437,418,581,529
198,5,437,417,581,529
198,0,436,418,580,693
198,1,540,405,768,642
199,0,437,418,579,693
199,5,437,417,581,530
199,1,543,406,767,637
200,5,436,418,582,529
200,0,436,418,582,692
200,1,547,406,767,640
201,0,436,417,582,692
201,5,436,417,582,529
201,1,545,406,768,646
202,0,436,417,582,692
202,5,436,417,582,529
202,1,542,405,768,644
203,0,436,417,582,692
203,5,436,417,582,530
203,6,538,404,766,568
203,1,549,406,767,636
204,5,436,417,582,530
204,1,550,405,767,634
204,0,436,418,581,692
204,6,540,404,766,569
205,5,435,417,582,530
205,1,549,405,766,633
205,0,436,417,582,692
205,6,541,404,766,565
206,5,435,417,582,529
206,1,547,405,766,632
206,0,435,417,580,693
206,6,539,404,766,566
207,0,436,417,580,692
207,5,436,417,581,530
207,1,544,405,765,633
208,0,436,417,580,692
208,1,543,405,765,634
208,5,436,417,581,528
209,0,436,417,580,692
209,5,436,417,581,527
209,1,540,405,766,637
209,6,534,404,765,568
210,0,436,417,580,691
210,5,436,417,581,526
210,6,533,403,765,567
210,1,535,405,766,642
211,6,533,403,765,567
211,1,535,405,766,641
211,0,437,417,581,691
211,5,437,417,581,526
212,0,436,417,581,692
212,5,437,417,581,527
212,1,536,405,766,638
213,0,436,417,582,692
213,1,536,405,766,638
213,5,437,416,582,529
214,1,537,405,766,638
214,5,437,416,582,529
214,0,436,417,583,691
215,5,437,416,583,529
215,1,538,405,766,640
215,0,437,417,584,691
216,0,437,416,585,691
216,5,438,416,583,530
216,1,538,405,765,637
217,0,437,416,585,691
217,5,438,416,583,530
217,1,534,405,766,642
218,0,437,416,584,691
218,5,438,416,582,527
218,1,538,405,765,632
219,0,437,416,584,691
219,5,437,415,582,529
219,1,536,405,765,635
220,0,437,415,584,690
220,1,538,405,765,635
220,5,438,415,582,530
221,0,437,415,584,691
221,5,438,415,582,531
221,1,535,405,765,636
222,0,437,416,584,690
222,5,438,415,582,533
222,1,535,405,764,632
223,0,438,416,585,690
223,5,439,415,583,533
223,1,538,405,764,631
224,0,438,416,584,691
224,1,537,405,763,631
224,5,438,415,583,532
225,1,537,405,763,632
225,5,438,415,582,532
225,0,437,416,583,691
226,1,537,405,763,633
226,0,437,416,582,691
226,5,438,415,581,529
227,5,438,415,581,528
227,0,438,416,583,690
227,1,539,405,764,638
228,5,438,415,581,527
228,0,437,416,581,690
228,1,537,405,764,640
229,5,438,415,582,528
229,0,438,416,585,690
229,1,540,406,763,636
230,0,438,416,584,690
230,5,438,415,582,528
230,1,538,406,764,640
231,5,438,415,582,528
231,0,438,416,583,690
231,1,538,406,764,636
231,7,529,404,762,573
232,0,438,416,584,690
232,5,438,416,582,527
232,1,541,406,763,634
233,0,438,417,584,690
233,5,438,416,582,527
233,1,541,406,764,637
234,0,438,417,584,690
234,5,438,416,582,526
234,1,542,406,763,632
235,0,438,417,585,690
235,5,438,416,583,527
235,1,541,406,763,634
236,0,438,417,586,690
236,1,541,406,763,632
236,5,438,416,583,528
237,0,438,417,585,690
237,1,540,406,763,634
237,5,438,416,583,528
238,0,438,417,584,690
238,5,438,416,582,529
238,1,537,407,763,635
239,0,438,417,584,690
239,5,438,416,582,530
239,1,536,407,764,637
240,1,536,406,765,637
240,0,438,417,582,690
240,5,438,416,581,528
241,1,537,407,764,635
241,5,438,416,582,528
241,0,438,418,583,690
242,0,438,417,583,690
242,1,537,407,764,636
242,5,438,416,583,529
243,0,438,417,584,690
243,5,438,416,582,528
243,1,538,407,763,634
244,0,438,417,583,690
244,5,438,416,582,529
244,1,537,407,763,635
245,0,438,417,583,690
245,5,438,416,582,528
245,1,536,406,764,638
246,0,438,417,582,690
246,5,438,417,581,527
246,7,528,405,762,574
246,1,534,406,765,640
247,1,534,406,765,640
247,0,438,418,582,690
247,5,438,417,581,527
247,7,529,405,762,576
248,0,438,418,582,690
248,5,438,417,581,527
248,1,535,406,766,641
249,0,438,418,583,690
249,1,536,406,765,640
249,5,438,418,581,528
250,0,438,418,584,690
250,1,539,406,765,641
250,5,438,418,582,529
251,0,438,419,584,690
251,1,540,407,765,640
251,5,438,419,581,528
252,1,540,407,764,639
252,0,438,419,583,690
252,5,438,419,581,528
253,0,438,420,584,690
253,5,438,420,582,527
253,1,541,407,763,636
253,7,531,405,762,569
254,0,437,420,585,691
254,1,541,407,764,637
254,5,437,421,582,528
255,0,437,421,584,691
255,5,437,421,582,528
255,1,540,407,763,634
256,0,437,421,584,690
256,5,437,421,581,528
256,1,537,407,763,635
257,0,437,421,584,690
257,1,537,407,763,634
257,5,437,421,582,529
258,0,437,421,585,690
258,5,437,421,581,529
258,1,536,407,763,634
259,0,436,421,584,691
259,1,536,407,763,634
259,5,436,422,581,529
260,0,436,421,585,690
260,5,436,422,582,529
260,1,537,407,762,632
261,0,436,422,585,691
261,5,435,422,582,529
261,1,539,407,762,630
262,1,539,407,762,631
262,0,436,422,585,691
262,5,435,422,582,530
263,1,539,407,762,630
263,0,436,421,585,691
263,5,435,422,582,531
264,0,436,421,585,691
264,1,539,407,762,630
264,5,435,422,583,529
265,1,539,407,761,629
265,0,436,422,586,691
266,0,436,422,585,691
266,1,536,407,761,630
266,5,435,422,583,549
267,0,435,422,584,691
267,1,538,407,762,631
268,0,435,422,584,690
268,1,535,407,762,636
269,0,434,421,584,690
269,1,536,407,762,636
270,1,536,407,762,635
270,0,435,422,584,691
271,0,435,422,583,691
271,1,535,407,762,638
272,0,435,422,583,691
272,1,536,407,761,633
273,0,435,422,583,691
273,1,536,407,761,633
273,5,434,423,581,525
274,0,434,422,584,691
274,1,536,407,761,633
274,5,434,423,581,527
275,0,434,422,583,691
275,1,535,407,761,635
275,5,434,423,581,534
276,0,434,422,583,691
276,1,534,406,761,636
277,0,433,422,582,691
277,1,534,406,761,638
278,0,433,422,582,690
278,1,535,407,761,640
279,0,433,422,582,691
279,1,534,406,761,639
280,0,433,422,582,691
280,1,535,406,761,636
281,1,535,406,760,637
281,0,433,422,583,691
282,0,433,421,582,691
282,1,534,407,760,636
282,5,433,422,580,534
283,0,433,422,582,690
283,1,534,406,761,638
284,0,433,421,582,690
284,1,533,407,760,638
284,5,433,422,580,534
285,0,433,421,582,690
285,5,433,422,581,533
285,1,534,407,760,637
286,1,535,407,760,636
286,0,433,421,584,691
286,5,433,422,582,531
287,1,534,407,760,636
287,0,433,421,583,690
287,5,433,422,581,528
288,0,433,421,584,690
288,1,535,407,760,638
288,5,433,422,581,529
289,0,434,421,584,690
289,1,536,407,760,637
289,5,433,422,582,531
290,0,434,421,584,690
290,1,537,406,760,637
290,5,433,422,582,533
291,0,434,421,583,690
291,1,535,406,761,637
291,5,434,422,581,538
292,0,434,421,583,690
292,1,536,406,761,640
292,5,434,421,581,534
293,1,536,406,761,640
293,0,434,421,583,690
293,5,434,421,581,535
294,0,434,421,583,690
294,1,536,406,761,639
294,5,433,421,581,533
295,0,433,421,583,690
295,5,433,421,581,534
295,1,534,406,760,636
296,0,433,421,583,690
296,5,433,421,581,534
296,1,534,406,761,637
297,0,433,421,583,690
297,1,535,406,760,638
297,5,433,421,581,537
298,1,535,406,760,638
298,0,433,421,582,690
298,5,433,421,580,534
299,0,433,421,582,690
299,1,535,406,760,639
299,5,433,421,580,532
300,1,535,406,760,639
300,0,433,421,581,690
300,5,433,421,579,532
301,0,433,420,581,691
301,5,432,421,580,529
301,1,535,406,763,645
302,5,432,421,580,529
302,0,433,420,581,691
302,1,534,406,761,642
303,0,433,420,581,691
303,1,532,406,761,642
303,5,433,421,579,529
304,0,433,420,580,691
304,5,433,421,579,529
304,1,532,406,760,639
305,0,433,420,581,691
305,1,532,406,761,641
305,5,433,421,579,532
306,0,433,420,580,691
306,1,531,406,762,644
306,5,432,421,579,535
307,0,432,420,580,691
307,1,531,406,761,643
307,5,432,421,579,529
308,0,433,420,580,691
308,1,532,406,761,642
308,5,432,421,579,526
309,0,432,420,579,691
309,1,533,406,761,640
309,5,433,421,578,522
310,0,432,420,579,691
310,1,532,406,761,641
310,5,433,421,578,520
311,0,433,421,578,691
311,1,533,406,761,641
311,5,433,422,578,520
312,0,433,421,579,691
312,1,533,406,761,642
312,5,434,421,579,520
313,0,433,421,580,690
313,1,534,406,762,644
313,5,434,422,578,523
314,0,433,421,580,691
314,1,533,406,763,645
314,5,433,421,579,526
315,1,533,406,763,644
315,0,433,420,580,691
315,5,433,421,579,528
316,1,532,406,763,645
316,0,433,420,581,691
317,0,433,420,581,691
317,5,433,421,579,529
317,1,532,406,762,644
318,0,433,420,581,690
318,1,532,406,763,645
318,5,433,420,579,527
319,0,433,420,581,690
319,5,433,421,579,527
319,1,534,406,762,644
320,0,434,420,582,690
320,1,535,405,762,642
320,5,433,421,580,525
321,0,434,420,583,690
321,1,537,405,762,642
321,5,433,421,580,524
322,0,434,420,583,690
322,5,433,421,580,523
322,1,533,405,761,641
323,0,434,420,583,690
323,1,537,405,761,641
323,5,433,421,580,526
324,0,434,420,582,690
324,1,535,405,760,639
324,5,433,421,580,528
325,0,433,420,582,690
325,1,534,405,761,640
325,5,433,421,580,532
326,0,433,420,581,690
326,1,533,404,761,641
326,5,432,420,580,534
327,0,433,420,581,690
327,1,533,404,762,642
328,0,433,419,582,689
328,1,531,404,763,645
328,5,433,420,580,530
329,1,531,404,763,645
329,0,433,420,582,689
329,5,433,420,580,527
330,0,433,420,582,689
330,1,532,404,762,645
330,5,434,421,579,522
331,0,433,420,582,689
331,1,532,404,762,645
331,5,433,421,579,520
332,1,534,403,762,645
332,0,433,420,581,690
332,5,433,421,579,518
333,1,532,403,762,645
333,0,433,420,582,689
333,5,433,421,579,518
334,0,433,420,581,689
334,5,433,421,579,517
334,1,533,403,762,644
335,0,433,420,581,689
335,1,533,403,762,646
335,5,432,421,578,518
336,0,433,420,581,689
336,5,433,421,578,518
336,1,533,403,761,643
337,0,433,420,581,689
337,1,533,403,761,641
337,5,433,421,578,518
338,5,433,421,578,518
338,0,433,420,581,689
338,1,533,403,760,639
339,0,432,420,581,689
339,5,432,421,578,518
339,1,534,403,759,636
340,0,432,420,581,689
340,5,432,421,578,517
340,1,534,402,760,638
341,0,432,420,581,688
341,5,432,421,578,517
341,1,533,402,760,641
342,1,533,402,760,641
342,0,431,420,581,689
342,5,431,421,578,517
343,0,431,420,581,689
343,5,431,421,578,517
343,1,533,402,761,642
344,0,431,419,581,688
344,5,431,420,578,517
344,1,534,402,760,641
345,0,431,419,581,688
345,5,431,420,578,517
345,1,534,402,759,640
346,0,431,419,581,688
346,5,430,420,578,517
346,1,533,402,759,639
347,5,430,419,577,517
347,0,429,418,579,690
347,1,529,402,760,640
348,5,430,419,577,517
348,0,429,418,578,689
348,1,529,402,760,643
349,0,428,418,578,689
349,5,429,419,576,517
349,1,528,402,762,647
350,0,428,418,578,689
350,1,528,402,763,647
350,5,429,419,576,517
351,0,428,418,578,689
351,5,429,418,576,517
351,1,528,402,764,648
352,1,528,402,763,648
352,5,429,418,576,517
352,0,429,417,578,688
353,0,429,417,578,688
353,1,527,402,763,648
353,5,429,418,575,517
354,0,429,417,578,688
354,1,526,402,764,649
354,5,429,417,575,518
355,1,526,402,764,648
355,0,429,417,577,687
355,5,429,417,575,517
356,0,429,416,577,687
356,5,429,416,574,518
356,1,527,402,762,647
357,1,525,402,763,647
357,0,429,416,575,687
357,5,428,416,573,517
358,0,429,416,574,688
358,5,428,416,573,516
358,1,527,402,761,645
359,1,526,402,761,645
359,5,428,416,571,515
359,0,429,415,572,687
360,0,428,415,571,687
360,5,428,415,571,516
360,1,524,401,758,640
361,0,428,415,570,687
361,1,524,401,758,641
361,5,427,415,570,515
362,0,428,414,569,687
362,5,428,415,570,514
362,1,521,401,758,639
363,0,428,414,569,688
363,1,522,400,757,636
364,0,428,414,569,688
364,1,521,399,757,634
365,1,521,399,757,634
365,0,428,413,569,688
366,0,428,413,568,688
366,1,522,399,757,635
366,5,427,414,569,514
367,0,428,413,568,688
367,5,427,414,568,514
367,1,523,398,756,633
368,0,428,413,568,687
368,5,427,414,568,514
368,1,524,398,757,635
369,0,428,413,567,687
369,1,525,398,757,636
370,0,428,414,567,687
370,1,526,398,758,642
371,1,526,398,758,643
371,0,427,414,567,687
372,0,427,413,566,688
372,1,523,398,758,645
373,0,427,413,565,688
373,1,525,398,759,647
374,0,427,414,566,687
374,1,526,398,760,647
375,0,427,414,566,687
375,1,528,397,759,646
376,0,427,414,566,687
376,1,527,397,759,646
377,0,427,413,566,687
377,1,525,397,759,646
378,0,427,414,566,687
378,1,525,397,759,647
378,5,425,415,567,518
379,0,427,413,566,687
379,1,524,397,759,646
379,5,425,415,566,516
380,0,427,413,566,687
380,1,523,397,758,643
380,5,425,415,565,515
381,0,427,413,565,687
381,1,523,397,758,642
381,5,425,415,565,514
382,1,523,397,758,641
382,0,427,414,566,688
382,5,425,416,565,514
383,0,427,414,565,688
383,1,523,397,758,642
383,5,425,417,565,513
384,5,425,417,564,513
384,0,427,414,565,687
384,1,522,397,758,646
385,0,427,415,564,686
385,1,522,397,759,647
386,0,427,415,564,686
386,1,522,397,761,648
387,0,426,415,564,686
387,1,522,397,760,647
388,0,427,414,564,686
388,1,524,397,760,647
389,1,522,397,759,646
389,0,424,415,565,689
390,0,424,415,565,689
390,1,524,397,760,648
391,1,524,398,759,648
391,0,424,415,567,689
392,1,524,398,759,648
392,0,424,416,567,689
393,1,524,398,760,649
393,0,426,415,564,688
394,1,524,398,760,649
394,0,426,415,565,688
394,5,424,417,564,513
395,1,525,398,760,649
395,5,424,418,564,513
395,0,424,417,565,689
396,1,525,399,760,649
396,5,424,418,564,514
396,0,423,416,566,689
397,1,525,398,760,649
397,0,423,416,566,689
397,5,424,418,564,514
398,1,524,399,760,649
398,0,423,417,565,690
398,5,424,418,563,514
399,0,423,417,565,690
399,1,523,399,761,650
400,1,523,399,761,650
400,0,423,417,565,690
401,1,523,399,761,650
401,0,422,417,565,690
401,5,424,419,563,515
402,1,523,399,761,650
402,0,422,418,565,690
402,5,424,419,563,515
403,0,423,418,565,690
403,1,524,399,761,650
404,1,524,399,760,650
404,5,424,420,563,515
404,0,425,417,564,688
405,1,524,399,760,650
405,0,425,418,563,688
405,5,424,420,563,516
406,1,523,400,760,651
406,5,424,420,563,515
406,0,423,418,564,690
407,0,423,418,564,690
407,1,522,400,760,651
407,5,424,420,563,515
408,5,424,420,562,515
408,0,422,418,563,690
408,1,522,400,760,650
409,5,424,420,562,515
409,0,423,419,562,690
409,1,522,401,760,651
410,1,521,401,761,651
410,0,422,418,562,691
410,5,424,420,562,515
411,0,422,418,561,691
411,1,522,401,761,651
412,1,522,401,761,651
412,0,422,418,562,691
413,0,422,418,562,691
413,1,521,401,761,651
414,0,422,418,562,691
414,1,521,401,761,651
415,1,522,401,761,651
415,0,422,417,562,691
416,1,520,401,760,651
416,0,425,416,562,689
416,5,424,419,562,517
417,1,520,401,760,651
417,5,424,419,562,516
417,0,422,417,563,691
418,1,520,401,760,651
418,0,423,418,562,691
418,5,424,419,562,514
419,1,521,401,760,652
419,0,423,418,563,691
419,5,424,419,562,513
420,1,520,401,759,651
420,0,423,418,563,691
420,5,424,419,562,513
421,5,424,419,562,513
421,0,423,418,564,691
421,1,522,401,759,651
422,5,424,419,563,513
422,0,423,418,563,690
422,1,519,401,759,652
423,1,519,401,759,652
423,5,424,419,563,514
423,0,425,417,563,688
424,1,519,401,759,652
424,0,425,417,563,688
424,5,424,419,563,515
425,0,425,417,563,688
425,1,520,401,759,652
426,1,519,401,759,652
426,0,424,417,562,689
427,0,425,417,562,689
427,1,520,401,759,651
428,0,424,417,562,689
428,1,521,401,759,652
428,5,424,420,561,516
429,1,520,401,759,652
429,0,425,417,562,689
429,5,424,420,561,516
430,1,521,401,758,651
430,0,425,417,563,689
430,5,424,420,562,514
431,1,521,401,758,651
431,0,425,417,563,689
431,5,424,420,562,514
432,1,520,401,758,651
432,5,424,420,562,514
432,0,422,419,564,690
433,0,422,419,564,690
433,1,522,401,759,651
433,5,424,420,562,513
434,5,423,420,562,514
434,0,422,419,563,690
434,1,519,401,758,651
435,0,422,419,563,690
435,5,423,420,562,514
435,1,518,401,758,651
436,1,521,400,758,651
436,5,423,420,562,516
436,0,424,417,563,688
437,1,520,400,758,651
437,0,424,417,562,688
437,5,423,420,561,516
438,0,424,417,562,689
438,1,520,400,758,651
438,5,423,419,561,517
439,1,522,400,759,651
439,0,425,417,561,688
440,1,522,400,759,651
440,0,425,417,561,688
440,5,424,419,561,519
441,1,522,400,759,651
441,0,425,417,560,688
441,5,424,419,560,518
442,0,425,417,560,688
442,1,521,400,759,651
442,5,424,419,560,519
443,0,425,417,560,688
443,1,522,400,759,651
443,5,424,419,560,519
444,1,521,400,759,651
444,5,423,419,560,518
444,0,422,418,561,689
445,1,522,400,759,651
445,5,423,419,560,517
445,0,425,417,560,688
446,0,424,416,560,688
446,1,522,400,760,651
446,5,423,418,560,516
447,1,522,400,760,651
447,0,425,416,560,688
447,5,423,418,560,515
448,1,521,401,760,651
448,0,425,415,560,688
448,5,424,418,560,516
449,0,425,415,560,688
449,1,522,401,760,651
449,5,423,418,560,519
450,1,522,401,760,651
450,0,425,415,561,688
450,5,423,417,560,520
451,0,425,415,561,688
451,1,520,400,760,651
452,1,521,400,759,650
452,0,424,415,559,689
453,0,424,415,559,688
453,1,522,400,759,650
454,0,423,415,559,689
454,1,523,400,759,650
455,1,522,400,759,649
455,0,423,415,560,688
456,1,522,400,759,650
456,0,424,415,560,688
457,0,424,415,561,689
457,1,523,400,759,649
458,1,524,400,759,649
458,0,423,414,560,688
459,0,423,415,561,689
459,1,522,400,759,649
460,0,423,415,561,689
460,1,521,400,759,649
461,0,423,415,562,689
461,1,522,400,759,649
461,5,424,416,560,515
462,1,521,400,759,650
462,0,426,414,560,687
463,0,426,414,560,687
463,1,521,400,759,650
464,0,426,414,560,688
464,1,522,400,759,650
465,0,426,413,560,688
465,1,522,400,759,649
466,0,425,413,559,687
466,1,522,400,759,650
467,1,522,400,759,649
467,0,423,414,559,688
468,1,521,400,759,649
468,0,423,414,560,688
469,0,423,414,560,688
469,1,522,400,759,649
470,0,423,414,560,688
470,1,522,399,759,648
471,1,522,399,759,649
471,0,423,413,560,688
472,0,422,413,560,688
472,1,521,399,759,648
473,0,422,413,560,688
473,1,521,399,759,648
474,1,522,399,759,648
474,0,423,413,560,687
475,1,522,399,759,649
475,0,424,413,561,687
476,1,524,399,759,649
476,0,424,412,562,686
477,1,524,398,759,649
477,0,424,412,562,686
478,0,424,412,562,685
478,1,523,398,759,648
479,1,523,399,759,648
479,0,424,412,562,685
480,1,523,399,759,647
480,0,424,412,563,685
480,8,425,413,561,515
481,0,424,412,563,685
481,1,523,398,759,647
481,8,425,413,560,514
482,0,424,412,563,685
482,1,523,398,759,646
482,8,425,412,560,513
483,0,424,412,562,685
483,1,523,398,759,646
483,8,425,412,561,512
484,1,523,398,759,646
484,8,425,412,560,512
484,0,424,412,562,685
485,0,424,411,561,685
485,1,523,398,758,645
486,0,424,412,562,685
486,1,522,397,758,644
486,8,425,412,561,513
487,0,424,411,562,684
487,1,523,397,758,643
487,8,425,412,561,514
488,0,424,411,561,684
488,1,525,397,758,642
489,0,424,411,561,684
489,1,526,397,758,645
490,0,424,411,561,684
490,1,527,397,758,645
491,0,424,411,561,684
491,1,525,397,759,645
492,0,423,411,561,684
492,1,524,397,759,644
493,0,423,411,561,684
493,1,525,397,758,644
494,0,423,411,561,684
494,1,525,396,758,645
495,0,423,411,561,684
495,1,528,396,759,645
496,0,423,411,560,684
496,1,534,396,759,643
497,0,424,411,560,684
497,1,546,396,759,643
498,0,424,411,561,683
498,1,539,396,759,642
499,0,424,410,561,683
499,1,535,396,759,644
500,0,424,411,561,682
500,1,546,396,759,645
501,0,424,410,563,682
501,1,531,396,760,645
502,1,532,396,760,645
502,0,425,410,561,682
503,0,425,410,561,682
503,1,526,395,761,645
504,0,424,410,560,682
504,1,524,395,763,644
505,0,424,410,561,682
505,1,524,395,764,643
506,0,424,410,562,682
506,1,526,395,765,642
507,0,424,410,561,682
507,1,526,395,767,638
507,9,425,411,560,515
508,0,424,410,560,682
508,1,526,396,768,633
509,0,424,410,560,682
509,1,527,396,770,627
510,0,424,410,560,682
510,1,534,396,772,628
511,0,424,410,561,682
511,1,532,397,773,629
512,0,425,411,560,682
512,1,533,398,775,630
513,0,424,410,559,682
513,1,542,398,777,627
514,0,424,410,560,682
514,1,552,402,778,628
515,0,424,410,560,681
515,1,558,404,781,626
516,0,424,409,559,682
516,1,565,406,785,626
517,0,424,409,559,682
517,1,570,408,785,624
518,0,424,409,559,681
518,1,580,410,788,626
519,0,424,409,559,682
519,1,592,412,794,624
520,0,424,409,560,681
520,1,599,415,794,626
521,0,424,409,559,681
521,1,607,417,791,627
522,0,425,409,559,681
522,1,611,418,793,626
523,0,425,409,559,681
523,1,620,418,799,624
524,0,425,409,560,681
524,1,631,416,803,622
525,0,425,408,559,681
525,1,638,414,802,622
526,0,425,408,560,681
526,1,643,410,805,626
527,0,425,408,560,681
527,1,649,406,807,627
528,0,425,408,560,680
528,1,654,401,806,628
528,10,656,401,802,522
529,0,425,408,559,681
529,1,658,395,805,628
530,0,425,407,560,680
530,1,662,390,806,628
531,0,425,407,559,680
531,1,663,381,808,627
531,10,666,382,807,515
532,0,425,407,558,681
532,1,663,377,809,627
532,10,670,378,808,513
533,0,424,407,558,680
533,1,663,373,810,627
533,10,675,373,809,508
534,0,425,407,557,681
534,1,662,367,813,625
534,10,679,368,813,510
535,0,424,407,558,680
535,1,661,362,818,622
535,10,682,363,817,511
536,0,425,407,558,681
536,1,661,360,820,621
536,10,686,361,818,507
537,0,424,407,558,681
537,1,661,359,823,624
538,0,424,407,558,681
538,1,663,358,825,628
538,10,694,359,824,524
539,0,424,406,558,681
539,1,660,356,826,629
539,10,699,356,826,525
540,0,424,405,557,681
540,1,659,354,829,628
540,10,703,355,827,531
541,0,424,405,557,681
541,1,658,352,831,628
541,10,705,353,829,535
542,0,424,404,557,681
542,10,707,351,830,537
542,11,425,403,559,516
543,0,425,404,556,682
543,10,708,350,832,537
543,11,425,403,559,519
544,0,424,403,556,682
544,11,426,403,558,520
544,10,708,350,834,538
545,0,424,402,555,681
545,11,426,402,558,518
545,10,709,350,835,538
545,1,682,349,836,629
546,0,424,402,555,682
546,11,426,401,558,516
546,10,711,349,837,540
547,0,425,401,555,682
547,10,713,350,838,541
548,0,425,401,555,682
548,10,713,350,839,541
549,10,714,349,840,541
549,0,425,399,557,683
549,1,713,349,841,630
550,10,714,349,840,541
550,0,424,399,556,682
551,0,424,397,556,682
551,10,715,348,840,540
551,1,714,348,841,630
552,10,715,348,839,540
552,0,424,396,554,682
553,10,714,348,839,540
553,0,426,397,555,683
553,11,425,397,551,519
554,10,714,347,838,540
554,11,425,397,551,521
554,0,424,395,555,682
555,10,714,347,838,539
555,0,423,394,555,682
555,11,424,396,550,523
556,11,424,396,550,524
556,10,713,347,837,540
556,0,424,396,557,682
557,10,712,347,837,540
557,11,423,396,549,523
557,0,423,396,557,682
558,10,712,347,837,542
558,0,422,395,560,682
558,1,712,347,838,637
559,10,712,347,836,542
559,0,421,395,561,683
559,11,421,395,551,520
560,10,712,348,836,542
560,0,421,394,559,683
560,1,711,346,836,649
561,10,712,349,835,544
561,0,418,391,559,683
561,1,711,349,836,657
562,0,419,391,559,683
562,1,711,349,835,654
562,10,712,349,835,547
563,10,711,351,834,549
563,0,418,389,556,684
563,1,711,348,834,663
564,0,417,387,554,684
564,1,710,349,834,669
565,1,709,351,833,673
565,0,416,386,552,685
566,0,414,385,552,684
566,1,708,352,833,675
567,0,413,384,552,684
567,1,707,353,832,675
568,1,706,354,831,675
568,0,412,383,552,683
569,1,705,354,831,676
569,0,412,383,553,683
570,1,704,355,831,675
570,0,412,382,555,681
570,10,704,355,830,556
571,10,702,356,830,557
571,1,702,356,831,676
571,0,413,381,556,672
571,11,412,382,555,517
572,10,702,357,828,558
572,1,702,358,829,676
572,0,414,382,558,676
573,10,701,357,827,558
573,1,700,358,828,676
573,0,415,383,625,672
574,1,699,359,827,676
574,10,700,358,826,558
574,0,419,382,627,664
575,10,699,358,826,558
575,1,699,358,826,676
575,0,425,382,629,657
576,1,698,358,826,675
576,10,699,358,826,558
576,0,429,384,634,656
577,10,698,358,826,559
577,1,697,358,826,676
577,0,434,384,639,652
578,10,699,359,825,559
578,1,698,360,826,676
578,0,441,384,642,650
579,10,699,360,825,559
579,1,698,360,826,676
579,0,447,384,643,652
580,10,699,360,826,559
580,1,698,360,826,677
580,0,455,384,640,653
581,10,699,360,826,560
581,1,698,360,826,676
581,0,460,385,644,653
582,1,698,361,827,676
582,10,699,360,827,560
582,0,476,386,643,651
583,1,698,360,827,677
583,0,473,386,643,649
584,10,699,361,827,559
584,1,698,361,827,676
584,0,479,385,642,650
585,1,699,361,828,676
585,10,699,361,828,560
585,0,479,386,642,654
585,11,481,386,626,511
586,1,698,361,829,677
586,0,486,384,642,657
587,1,698,361,830,677
587,0,491,382,647,658
588,1,699,362,831,677
588,0,494,382,658,658
589,1,699,363,832,677
589,0,497,382,663,657
590,1,700,365,832,677
590,10,701,365,832,561
590,0,500,381,673,656
591,1,701,367,832,677
591,10,701,367,832,562
591,0,501,380,679,656
592,1,700,369,832,677
592,10,701,369,832,562
592,0,501,379,686,655
593,1,700,369,831,676
593,10,700,369,831,563
593,0,499,377,692,655
594,1,700,370,831,676
594,10,700,370,831,564
594,0,498,376,702,655
595,10,700,371,831,563
595,1,699,371,831,678
595,0,499,373,704,656
596,10,699,373,830,563
596,0,500,374,709,656
596,1,697,372,831,679
597,10,699,374,830,564
597,0,500,373,715,656
597,1,699,373,830,674
598,1,698,375,829,672
598,10,698,376,829,564
598,0,502,375,708,655
599,10,698,378,829,565
599,1,698,377,830,677
599,0,503,375,718,656
600,1,698,379,829,677
600,10,698,379,828,564
600,0,504,378,725,656
601,1,698,380,829,676
601,10,697,381,828,564
601,0,506,380,730,656
602,10,696,382,828,565
602,0,509,381,751,656
603,0,509,383,751,656
603,10,696,383,827,566
604,10,697,385,826,566
604,0,509,387,752,657
605,10,697,386,826,566
605,0,510,391,752,657
605,1,695,391,827,679
606,1,695,393,827,679
606,10,696,387,826,567
606,0,513,395,751,657
607,10,695,389,826,567
607,1,693,395,827,679
607,0,515,397,746,657
608,1,693,396,827,680
608,10,696,389,826,568
608,0,512,401,745,658
609,1,692,397,827,680
609,10,695,391,826,568
609,0,513,404,748,657
610,0,513,405,750,658
610,10,694,392,826,569
610,1,694,391,827,678
611,0,513,407,750,658
611,1,695,392,827,678
611,10,696,393,826,569
612,10,695,394,826,569
612,0,512,408,749,657
612,1,694,401,828,679
613,10,695,394,826,569
613,1,694,401,828,679
613,0,513,409,749,656
614,0,513,410,749,656
614,1,694,400,828,680
614,10,696,395,826,569
615,0,513,411,749,657
615,10,696,396,826,569
615,1,695,394,827,677
616,10,697,396,826,569
616,0,512,413,747,657
616,1,694,402,829,680
617,10,696,397,826,569
617,0,512,415,747,657
617,1,692,402,829,680
618,0,513,416,747,657
618,10,696,397,826,569
618,1,694,396,826,678
619,10,696,397,826,569
619,1,694,396,826,679
619,0,512,419,744,657
620,1,694,396,826,678
620,10,695,398,825,569
620,0,513,420,746,656
621,10,695,398,825,569
621,1,695,396,826,680
621,0,513,421,744,656
622,10,695,398,825,569
622,1,694,396,826,679
622,0,512,422,745,656
623,10,694,398,825,569
623,0,512,423,744,656
623,1,694,396,826,680
623,12,543,422,745,606
624,0,512,423,744,657
624,10,695,398,825,569
624,1,695,396,825,680
625,10,694,398,824,570
625,1,694,396,825,679
625,0,510,423,744,658
626,1,694,396,825,680
626,0,508,424,743,659
627,1,694,396,825,681
627,10,694,398,824,570
627,0,505,424,744,659
628,10,694,398,824,570
628,1,694,396,825,680
628,0,504,424,743,659
629,1,694,396,825,680
629,10,694,398,824,570
629,0,504,424,744,659
630,1,694,396,826,680
630,10,694,398,825,570
630,0,503,425,745,659
631,1,694,397,826,680
631,10,694,399,825,571
631,0,502,425,747,658
632,1,694,397,826,680
632,10,694,399,825,571
632,0,501,426,748,659
633,1,694,397,826,680
633,10,694,399,825,571
633,0,500,426,747,659
634,10,694,399,825,571
634,0,500,426,747,659
634,1,694,397,826,680
635,10,694,399,825,570
635,1,695,397,826,680
635,0,499,427,745,659
636,0,499,427,744,658
636,10,694,400,826,570
636,1,695,398,827,679
637,10,695,400,825,570
637,0,499,428,745,658
637,1,695,398,826,680
638,10,694,399,825,570
638,0,499,428,746,658
638,1,694,399,826,678
639,0,498,428,746,658
639,10,694,399,825,570
639,1,694,398,826,679
640,0,498,428,746,658
640,10,694,400,825,571
640,1,694,399,825,679
641,0,498,428,746,658
641,1,694,399,825,678
641,10,694,400,825,571
642,10,695,400,825,570
642,0,498,428,745,658
642,1,695,398,826,679
643,10,695,400,825,570
643,0,498,429,744,658
643,1,695,398,826,679
644,10,695,400,825,571
644,0,498,429,744,658
644,1,694,399,825,680
645,10,695,400,825,571
645,0,498,429,744,658
645,1,695,399,825,679
646,10,695,400,825,571
646,0,498,429,743,658
646,1,696,399,826,681
647,10,695,401,825,571
647,0,498,429,744,658
647,1,695,400,826,681
648,10,695,401,825,570
648,0,499,429,742,659
648,1,696,400,826,681
649,10,695,402,825,571
649,0,498,430,744,659
649,1,695,402,825,681
650,10,695,402,825,571
650,1,695,402,826,681
650,0,499,430,745,659
651,0,499,431,745,659
651,10,696,403,825,571
651,1,695,402,825,680
652,10,696,403,825,571
652,0,499,431,744,659
652,1,694,403,826,682
653,10,696,404,825,571
653,0,499,431,743,659
653,1,695,403,825,679
654,10,696,404,825,571
654,0,499,430,743,659
654,1,694,403,827,682
655,10,696,404,825,571
655,0,499,430,742,658
655,1,694,403,827,683
656,0,499,429,742,658
656,10,696,404,825,571
656,1,693,403,827,683
657,10,695,404,825,571
657,0,499,429,741,658
657,1,694,404,825,681
658,10,696,404,825,571
658,1,695,404,825,681
658,0,499,429,738,658
659,10,696,404,825,571
659,1,695,404,825,682
659,0,500,429,735,658
660,10,696,405,825,571
660,1,695,405,825,682
660,0,499,428,732,659
661,10,696,404,825,572
661,1,695,404,825,682
661,0,499,429,735,660
662,10,697,404,825,572
662,1,696,404,825,681
662,0,499,428,736,659
663,1,696,405,825,681
663,10,697,405,825,572
663,0,499,428,737,659
664,1,697,405,825,681
664,10,697,405,824,572
664,0,498,427,734,659
665,10,698,405,825,572
665,1,696,405,825,679
665,0,498,428,729,659
666,1,696,405,825,679
666,10,697,405,824,572
666,0,499,428,732,659
667,10,697,405,824,572
667,1,695,405,825,680
667,0,498,429,735,659
668,10,697,405,824,572
668,0,499,429,736,659
668,1,694,406,826,683
669,10,697,405,824,571
669,1,693,406,826,683
669,0,500,429,735,659
670,10,696,406,824,571
670,1,694,407,825,683
670,0,500,429,733,659
671,1,694,407,825,683
671,10,697,406,824,571
671,0,500,429,734,659
672,10,697,406,824,571
672,0,500,429,735,659
672,1,693,407,825,683
673,10,696,406,824,571
673,0,500,430,735,659
673,1,695,406,824,678
674,10,696,406,824,571
674,0,500,429,733,659
674,1,693,407,825,683
675,0,500,430,733,659
675,10,696,406,824,571
675,1,693,407,826,683
676,10,696,406,824,571
676,1,693,407,826,683
676,0,500,430,731,659
677,1,692,407,826,682
677,10,696,406,825,571
677,0,500,431,732,659
678,10,697,406,825,571
678,1,693,407,826,682
678,0,497,433,736,659
679,10,697,406,825,571
679,1,693,407,826,682
679,0,501,432,730,659
680,10,697,406,825,572
680,1,693,407,826,682
680,0,501,433,730,659
681,10,697,406,825,571
681,1,693,407,826,683
681,0,501,434,732,659
682,10,697,406,825,571
682,1,693,407,826,683
682,0,502,434,733,659
683,10,697,406,825,572
683,0,501,434,730,658
684,10,697,406,825,571
684,1,693,407,826,683
684,0,501,434,732,659
685,10,697,406,825,572
685,1,693,407,826,683
685,0,501,434,735,659
686,10,697,406,825,572
686,1,693,407,826,683
686,0,501,435,735,659
687,10,697,406,825,572
687,1,693,407,826,683
687,0,501,436,737,659
688,10,697,406,825,571
688,1,693,407,826,683
688,0,501,437,737,659
689,10,697,406,825,571
689,1,694,407,826,683
689,0,501,437,732,659
690,10,697,406,824,571
690,1,694,407,826,683
690,0,499,438,731,659
691,10,697,406,825,571
691,1,696,407,825,682
691,0,501,438,726,658
692,10,697,406,824,571
692,1,696,407,825,681
692,0,501,439,726,659
693,10,697,407,825,571
693,1,696,407,825,680
693,0,501,439,730,659
694,10,697,407,825,571
694,0,501,439,735,658
694,1,694,408,826,684
695,1,694,408,826,683
695,10,697,407,825,571
695,0,501,439,733,658
696,1,694,408,826,683
696,10,697,407,825,571
696,0,501,439,733,659
697,10,697,407,825,571
697,1,694,408,826,683
697,0,501,439,735,658
698,10,697,407,825,571
698,0,502,439,736,659
699,10,697,407,825,571
699,0,502,439,734,659
700,10,698,407,825,571
700,0,501,439,733,659
701,10,697,407,825,571
701,0,501,439,737,659
702,10,698,408,825,571
702,0,501,438,735,659
703,10,698,408,825,571
703,0,500,439,737,659
704,0,501,438,738,658
704,10,697,409,826,571
705,10,697,409,826,571
705,0,500,438,736,659
706,10,697,410,826,571
706,0,500,438,738,658
707,10,697,410,826,571
707,0,501,438,736,658
708,10,697,410,826,571
708,0,501,438,734,658
709,10,697,410,826,571
709,0,501,438,734,658
710,10,697,410,826,571
710,0,501,438,737,658
711,10,697,410,827,571
711,0,501,438,734,658
712,10,697,411,827,571
712,0,502,438,736,658
713,10,697,411,827,571
713,0,502,438,740,658
714,10,698,411,827,571
714,0,502,439,743,658
715,0,502,439,740,658
715,10,697,410,827,571
716,10,698,411,827,571
716,0,503,439,738,658
717,0,504,439,736,657
717,10,697,410,828,571
718,10,697,410,828,571
718,0,504,440,735,658
719,10,697,410,828,571
719,0,504,440,731,658
720,10,697,410,828,571
720,0,504,440,733,658
721,10,697,410,828,572
721,0,504,440,738,658
722,10,697,410,828,572
722,0,504,440,740,659
723,0,505,441,741,659
723,10,696,410,827,572
724,0,505,440,742,659
724,10,698,410,828,572
725,10,698,410,828,572
725,0,505,440,742,659
726,10,698,411,828,572
726,0,505,441,738,659
727,10,699,411,827,572
727,0,505,440,737,660
727,13,698,410,828,682
728,10,699,411,827,572
728,13,698,411,828,682
728,0,505,440,738,659
729,10,699,411,827,572
729,13,698,410,828,681
729,0,505,439,738,659
730,0,505,439,737,659
730,10,698,411,828,572
731,13,698,411,828,682
731,10,699,411,827,573
731,0,505,439,734,659
732,10,699,411,828,573
732,13,698,411,828,681
732,0,505,437,736,659
733,13,698,411,828,681
733,10,698,411,828,572
733,0,505,438,740,659
734,13,698,411,828,681
734,0,505,437,738,659
734,10,699,412,827,572
735,10,699,412,827,572
735,13,697,411,828,681
735,0,505,437,741,659
736,10,699,412,828,572
736,13,697,411,828,681
736,0,505,437,742,659
737,10,699,412,828,572
737,0,505,437,742,659
737,13,697,412,828,683
738,0,504,437,741,659
738,10,698,412,828,572
739,10,698,412,828,572
739,0,504,436,741,659
740,10,698,412,828,572
740,0,504,435,738,659
741,10,698,412,827,572
741,0,504,435,740,659
742,10,698,412,828,572
742,0,504,434,739,659
743,10,698,412,828,572
743,0,504,434,740,659
744,10,698,412,828,572
744,0,504,433,741,658
745,0,504,434,741,659
745,10,698,412,828,572
746,10,698,412,828,572
746,0,504,433,744,659
747,10,698,412,828,572
747,0,504,434,744,659
748,10,698,412,828,572
748,0,503,434,746,659
749,10,698,412,827,572
749,0,504,434,746,660
750,10,698,412,827,572
750,0,504,434,747,659
751,10,698,411,827,572
751,0,504,433,746,659
752,10,698,411,827,572
752,0,503,434,745,659
753,10,698,411,827,572
753,0,503,433,746,659
754,0,503,434,746,659
754,10,698,411,827,572
755,10,698,411,827,572
755,0,502,434,745,659
756,10,698,412,827,572
756,0,502,434,745,659
757,10,698,412,827,572
757,0,502,434,745,660
758,10,698,412,827,572
758,0,502,435,745,660
759,10,698,412,827,572
759,0,502,434,745,659
760,10,698,412,827,572
760,0,502,435,743,659
761,10,698,412,827,572
761,0,502,435,745,660
762,10,698,412,827,572
762,0,502,435,747,660
763,0,502,435,747,661
763,10,697,412,827,572
764,0,502,435,746,661
764,10,698,412,827,573
765,10,697,412,827,573
765,0,502,435,748,661
766,10,697,412,827,573
766,0,503,435,747,661
767,10,697,412,827,573
767,0,502,435,748,661
768,10,697,412,827,574
768,0,503,435,749,662
769,10,697,412,827,574
769,0,502,435,748,661
770,0,503,435,745,662
770,10,696,412,827,573
771,10,697,412,827,573
771,0,503,435,747,662
772,0,503,435,748,662
772,10,697,412,827,573
773,10,697,412,827,573
773,0,503,436,749,662
774,0,504,436,749,662
774,10,697,412,827,573
775,10,698,412,827,573
775,0,503,436,748,662
776,10,698,411,827,573
776,0,504,436,748,662
777,10,698,411,827,573
777,0,504,436,748,662
778,10,698,411,827,573
778,0,504,436,749,662
779,0,504,436,749,662
779,10,698,411,827,573
780,0,504,436,748,662
780,10,697,411,827,573
781,0,504,436,747,662
781,10,698,411,827,573
782,10,698,411,827,573
782,0,504,436,747,662
783,10,698,411,827,573
783,0,505,436,748,662
784,10,698,411,827,573
784,0,505,436,749,662
785,10,698,410,827,573
785,0,506,436,748,661
786,10,698,410,827,573
786,0,505,436,748,662
787,0,505,436,748,663
787,10,697,410,827,574
788,0,504,436,748,662
788,10,698,410,828,573
789,10,697,410,827,573
789,0,504,436,750,663
790,0,504,436,750,663
790,10,698,410,827,573
791,10,697,409,827,574
791,0,503,436,750,664
792,0,504,436,750,664
792,10,697,409,827,573
793,10,697,409,827,574
793,0,503,436,750,665
794,10,697,409,827,573
794,0,501,436,750,665
795,10,697,409,827,574
795,0,501,436,752,665
796,10,697,409,826,573
796,0,502,436,751,664
797,10,697,409,826,573
797,0,501,436,750,664
798,10,697,409,826,573
798,0,502,436,748,664
799,10,697,409,826,573
799,0,502,436,748,665
800,0,502,436,749,665
800,10,697,409,826,573
801,10,697,409,826,574
801,0,502,436,750,666
802,10,697,409,826,574
802,0,502,436,749,665
803,10,697,409,826,573
803,0,501,436,748,665
804,10,696,409,825,573
804,0,501,436,746,665
805,10,696,409,826,573
805,0,500,436,746,665
806,10,696,409,826,574
806,0,501,435,747,664
807,10,696,409,826,573
807,0,501,435,752,664
808,10,696,409,826,573
808,0,501,435,751,664
809,10,696,409,825,573
809,0,500,435,751,664
810,10,696,409,825,573
810,0,499,435,752,665
811,0,499,435,752,664
811,10,696,409,825,573
812,0,499,435,753,665
812,10,696,409,825,573
813,10,696,409,825,573
813,0,499,435,751,665
814,10,696,409,825,573
814,0,499,436,751,665
815,10,696,409,825,573
815,0,499,436,751,665
816,10,696,409,825,573
816,0,499,436,751,665
817,10,695,409,825,573
817,0,499,436,750,664
818,10,696,409,825,573
818,0,500,436,748,663
819,10,696,409,825,572
819,0,499,437,749,664
820,10,695,409,825,572
820,0,499,437,747,663
821,10,695,409,825,573
821,0,499,437,748,663
822,10,695,409,825,573
822,0,500,437,748,663
823,10,695,409,825,572
823,0,499,437,749,663
824,0,499,437,748,663
824,10,695,410,825,572
825,0,499,437,747,663
825,10,695,410,825,572
826,10,695,410,825,572
826,0,499,438,745,662
827,10,695,410,825,572
827,0,499,438,745,663
828,10,695,410,824,572
828,0,498,439,745,662
829,0,499,439,745,662
829,10,695,410,825,572
830,10,695,409,825,572
830,0,500,438,743,662
831,10,694,410,825,572
831,0,499,439,746,662
832,10,694,410,825,572
832,0,500,438,744,663
833,10,695,409,825,572
833,0,500,438,744,662
834,0,500,438,744,662
834,10,695,409,825,572
835,10,695,409,825,572
835,0,499,438,745,662
836,10,695,409,825,572
836,0,497,438,746,662
837,10,695,409,825,572
837,0,498,438,746,662
838,0,498,438,746,662
838,10,695,409,825,572
839,10,695,409,825,572
839,0,498,438,746,663
840,0,498,438,747,662
840,10,694,409,825,572
841,10,694,409,825,572
841,0,499,437,747,662
842,10,694,409,825,572
842,0,499,438,746,662
843,10,694,409,825,572
843,0,499,437,747,662
844,10,694,409,825,572
844,0,499,437,746,662
845,10,695,409,825,572
845,0,500,437,746,662
846,0,500,437,745,662
846,10,694,409,825,572
847,10,694,409,826,572
847,0,499,437,746,662
848,10,694,409,826,573
848,0,499,437,747,662
849,0,499,437,747,662
849,10,694,409,826,572
850,0,499,437,747,662
850,10,694,408,826,572
851,0,500,438,747,662
851,10,695,408,826,572
852,0,500,438,747,663
852,10,695,408,826,572
853,0,501,438,746,663
853,10,696,408,826,572
854,0,501,438,747,663
854,10,695,408,826,572
855,10,695,408,826,572
855,0,501,438,747,663
856,0,501,438,747,663
856,10,695,408,826,572
857,10,695,408,826,572
857,0,500,437,747,663
858,10,695,408,826,571
858,0,500,438,747,663
859,10,695,407,826,572
859,0,500,437,747,662
860,10,695,407,826,571
860,0,501,438,747,662
861,0,501,437,748,662
861,10,694,408,827,572
862,10,694,408,827,572
862,0,501,437,746,661
863,0,500,437,746,662
863,10,695,407,826,572
864,0,500,437,746,661
864,10,694,407,827,572
865,0,500,437,746,661
865,10,694,407,827,572
866,10,694,407,827,572
866,0,499,437,747,661
867,10,695,407,827,572
867,0,500,438,747,662
868,10,695,407,827,572
868,0,499,437,748,661
869,10,695,407,827,572
869,0,499,438,747,661
870,0,499,438,746,661
870,10,695,406,827,572
871,10,695,407,827,572
871,0,499,437,745,661
872,10,695,406,827,572
872,0,499,437,745,660
873,10,695,406,827,571
873,0,498,436,745,660
874,10,695,406,827,571
874,0,498,436,746,660
875,10,695,406,827,571
875,0,498,436,744,660
876,10,695,406,827,571
876,0,498,436,745,660
877,10,695,406,827,571
877,0,499,436,745,660
878,0,499,436,745,660
878,10,695,407,827,571
879,0,499,435,746,659
879,10,695,407,827,571
880,10,695,407,827,571
880,0,499,436,745,659
881,0,499,436,743,659
881,10,696,408,826,571
882,0,499,435,744,659
882,10,696,408,826,570
883,10,696,408,826,571
883,0,498,435,746,659
884,10,695,408,827,571
884,0,499,435,744,659
885,10,695,407,827,571
885,0,499,435,744,659
886,10,695,407,826,571
886,0,499,435,746,660
887,0,499,435,746,659
887,10,695,407,826,571
888,0,499,434,747,660
888,10,695,407,826,570
889,0,498,434,747,660
889,10,695,407,825,570
890,0,499,434,747,659
890,10,696,407,826,570
891,0,498,434,748,659
891,10,695,407,826,570
892,0,498,434,748,658
892,10,695,407,826,570
893,0,498,434,747,658
893,10,696,407,825,570
894,0,499,435,747,659
894,10,695,407,826,570
895,0,498,435,748,659
895,10,696,406,825,570
896,0,498,435,747,659
896,10,695,406,825,570
897,10,695,407,825,569
897,0,498,435,745,659
898,0,498,435,745,659
898,10,695,406,825,570
899,10,695,406,825,570
899,0,498,435,746,659
900,10,695,406,825,570
900,0,498,435,745,659
901,10,693,406,825,570
901,0,496,435,749,656
902,10,694,406,825,570
902,0,496,435,744,657
903,0,496,434,744,657
903,10,694,406,825,570
904,10,694,406,825,570
904,0,496,434,744,657
905,10,694,406,825,570
905,0,497,434,742,656
906,10,694,406,825,570
906,0,497,434,743,656
907,10,695,406,825,570
907,0,497,434,738,657
908,10,695,406,825,570
908,0,497,435,738,657
909,10,694,407,825,570
909,0,496,435,745,657
910,0,496,435,745,657
910,10,695,406,825,570
911,10,695,406,825,570
911,0,497,435,745,657
912,0,497,435,743,657
912,10,693,406,825,571
913,10,694,405,825,571
913,0,496,435,740,657
914,10,695,406,826,571
914,0,497,435,741,657
915,10,694,405,826,571
915,0,499,435,746,657
916,10,694,405,827,571
916,0,500,436,746,658
917,0,501,436,746,658
917,10,695,405,827,571
918,10,695,405,827,571
918,0,501,436,749,657
919,0,500,436,750,658
919,10,696,404,826,571
920,0,500,436,749,657
920,10,695,405,827,571
921,0,500,436,749,658
921,10,695,404,827,571
922,0,500,436,749,658
922,10,695,404,827,572
923,10,695,405,827,572
923,0,499,436,750,659
924,0,500,435,750,658
924,10,694,403,826,571
925,10,694,402,827,571
925,0,501,436,746,659
926,10,694,401,827,571
926,0,501,435,742,659
927,0,501,434,744,659
927,10,694,399,827,571
928,0,501,434,744,659
928,10,695,397,827,571
929,0,501,434,744,658
929,10,695,396,827,571
930,0,500,434,746,659
930,10,697,395,827,571
931,0,500,433,745,659
931,10,697,392,828,571
932,0,500,433,749,659
932,10,698,391,827,571
933,0,500,433,750,659
933,10,701,388,827,570
934,0,500,433,750,659
934,10,702,385,827,568
935,0,500,432,748,659
935,10,704,382,827,567
935,14,703,381,828,677
936,14,704,378,827,678
936,0,500,432,744,659
936,10,705,380,827,565
937,0,500,432,746,660
937,14,705,377,827,678
937,10,706,378,827,566
938,0,500,432,749,660
938,14,706,374,828,677
938,10,707,375,828,565
939,0,499,432,748,659
939,14,707,372,829,675
939,10,707,372,828,562
940,0,500,432,746,660
940,14,708,368,828,676
940,10,708,368,828,558
941,14,708,365,828,677
941,0,499,431,748,659
941,10,708,365,828,553
942,0,500,430,748,659
942,14,707,363,828,675
942,10,708,363,828,542
943,10,707,362,828,541
943,14,707,362,829,673
943,0,500,431,751,659
944,0,500,430,751,660
944,14,707,360,829,671
945,0,500,430,752,659
945,14,707,358,830,664
945,10,708,358,829,526
946,0,500,429,752,659
946,14,706,355,829,677
947,14,706,354,829,674
947,0,501,429,748,659
948,14,706,352,829,679
948,0,500,429,741,659
949,14,706,350,828,678
949,0,501,428,737,660
950,14,706,349,828,678
950,0,503,428,727,659
951,14,706,348,827,678
951,0,503,426,711,659
952,14,705,347,826,677
952,0,504,425,706,660
953,0,503,423,705,660
953,14,705,347,826,680
954,14,705,346,826,680
954,0,503,422,704,659
955,14,705,346,825,680
955,0,501,421,704,660
956,14,705,345,825,681
956,0,501,419,703,660
957,14,705,345,825,681
957,0,500,417,702,660
958,14,707,345,825,680
958,0,498,416,693,661
959,14,707,344,825,680
959,0,495,415,687,660
960,14,707,343,825,681
960,0,491,413,670,659
961,14,707,343,825,681
961,0,492,412,657,659
962,14,708,343,825,681
962,0,487,408,647,657
963,14,708,342,825,681
963,0,477,406,644,656
963,15,709,341,825,527
964,14,708,342,825,682
964,15,710,341,824,527
964,0,468,405,643,654
965,14,708,341,824,682
965,15,710,341,824,526
965,0,457,404,643,655
965,16,461,403,614,518
966,15,710,341,825,527
966,14,709,341,825,681
966,0,451,403,643,653
967,14,709,342,825,680
967,15,711,341,824,528
967,0,444,402,643,654
968,14,710,342,825,680
968,15,712,342,825,528
968,0,438,399,642,653
969,14,711,342,825,676
969,15,711,342,825,533
969,0,430,398,642,653
970,15,712,343,825,535
970,14,711,343,825,679
970,0,427,396,642,653
971,14,712,343,825,677
971,15,712,343,825,534
971,0,425,394,643,654
972,15,712,344,825,534
972,14,712,343,825,680
972,0,425,390,645,658
972,16,424,391,578,523
973,15,712,344,825,532
973,0,428,387,644,657
973,14,713,345,826,675
973,16,427,386,573,532
973,17,427,386,574,656
974,15,713,344,826,529
974,14,712,346,827,678
974,0,429,385,641,657
974,17,428,384,571,656
974,16,428,384,570,534
975,15,712,345,826,527
975,0,431,383,638,657
975,17,428,382,568,656
975,14,712,344,826,663
975,16,430,383,567,531
976,15,713,345,826,527
976,17,431,381,569,656
976,16,432,382,564,531
976,0,433,382,631,656
977,15,714,345,826,528
977,16,436,379,564,528
977,17,437,378,566,655
978,15,715,346,827,528
978,17,440,376,565,655
978,16,438,378,562,526
979,15,715,346,827,528
979,17,442,376,563,656
979,16,441,377,559,524
980,15,715,346,828,526
980,17,441,375,561,657
980,16,440,376,560,526
981,17,441,374,561,656
981,15,715,346,829,526
981,16,440,376,559,524
982,15,715,346,830,525
982,16,441,374,558,524
982,17,442,373,559,659
983,15,715,346,830,526
983,16,441,373,558,527
983,17,443,372,561,658
984,15,715,347,830,527
984,16,442,373,559,528
984,17,442,371,559,658
985,15,715,347,831,527
985,17,442,372,560,658
985,16,442,373,559,518
986,16,442,372,559,518
986,15,714,348,831,526
986,17,443,371,561,660
986,14,714,345,831,638
987,14,715,346,831,638
987,15,715,348,832,526
987,17,442,372,561,658
987,16,443,372,559,523
988,15,715,348,832,526
988,14,714,346,832,638
988,16,443,371,559,524
988,17,443,370,583,658
989,14,714,346,832,638
989,15,715,349,832,526
989,16,444,371,559,522
989,17,443,371,588,659
990,14,714,347,831,638
990,15,715,349,832,526
990,17,444,371,589,658
990,16,444,371,559,513
991,14,715,347,832,638
991,15,715,350,833,526
991,16,445,370,560,509
991,17,445,371,568,655
992,14,716,349,832,639
992,15,715,351,833,524
992,17,445,369,565,654
992,16,446,370,562,506
993,15,715,351,833,524
993,14,715,351,833,638
993,17,448,370,568,653
993,16,449,369,565,504
994,14,715,351,832,638
994,15,715,351,833,526
994,17,451,369,570,655
994,16,451,369,569,504
995,15,715,351,832,526
995,14,715,349,832,638
995,16,453,369,575,505
995,17,453,370,580,655
996,14,715,350,831,638
996,15,715,352,832,526
996,17,457,370,586,656
996,16,457,370,581,508
997,14,715,350,831,638
997,15,715,353,831,526
997,17,461,369,588,655
997,16,461,370,585,512
998,14,714,350,831,639
998,15,714,353,831,524
998,16,464,371,588,513
998,17,463,370,592,657
999,14,715,350,830,638
999,15,715,353,830,527
999,17,468,371,598,654
999,16,468,371,596,515
1000,14,715,351,830,639
1000,15,716,352,829,529
1000,17,471,370,598,658
1000,16,471,371,596,514
1001,14,715,350,829,639
1001,15,715,352,829,526
1001,17,474,371,606,659
1002,14,714,350,829,639
1002,15,715,352,829,527
1002,17,475,372,609,659
1003,14,714,350,829,638
1003,15,715,351,829,526
1003,17,478,373,612,658
1004,14,714,350,829,639
1004,15,714,351,829,525
1004,17,481,374,617,658
1005,15,714,350,829,526
1005,17,483,375,620,658
1005,16,482,375,620,515
1006,15,713,350,828,525
1006,17,485,377,621,659
1006,16,484,377,622,518
1007,15,714,350,828,522
1007,17,485,378,614,659
1007,16,484,378,613,521
1008,15,713,351,828,520
1008,17,484,380,611,660
1008,16,484,379,611,522
1009,15,713,351,828,518
1009,17,485,381,615,659
1009,16,485,380,614,522
1010,17,485,381,616,660
1010,16,485,380,614,520
1010,15,713,351,828,515
1011,15,713,351,828,515
1011,17,485,381,622,660
1011,16,486,381,620,520
1012,16,485,382,620,519
1012,17,485,382,620,659
1012,15,711,352,828,521
1013,17,486,382,620,660
1013,16,486,382,619,520
1013,15,710,352,828,519
1014,15,709,351,828,515
1014,17,487,385,622,660
1014,16,487,385,622,518
1015,15,708,351,828,514
1015,17,487,388,622,660
1015,16,488,387,622,520
1016,15,709,350,827,514
1016,17,489,389,621,660
1016,16,489,389,621,518
1017,15,708,349,827,513
1017,17,489,392,623,659
1017,16,490,391,623,518
1018,17,490,393,627,658
1018,15,706,350,826,508
1018,16,490,393,626,520
1019,15,704,350,826,507
1019,17,490,394,622,657
1019,16,490,394,622,521
1020,17,490,395,623,658
1020,15,704,350,825,509
1020,16,491,394,622,526
1021,17,491,395,624,658
1021,15,701,350,825,510
1021,16,491,395,623,528
1022,17,491,396,626,657
1022,16,491,395,626,528
1022,15,699,350,824,510
1023,17,491,396,625,656
1023,16,492,396,624,528
1023,15,697,350,824,512
1024,17,491,396,624,657
1024,16,492,396,624,529
1024,15,697,349,823,508
1025,17,492,396,624,657
1025,16,492,396,624,530
1025,15,693,349,822,503
1026,17,492,397,624,657
1026,16,492,397,624,529
1026,15,689,349,820,504
1027,17,492,397,624,657
1027,16,492,397,624,531
1027,15,687,348,818,507
1027,18,686,347,818,637
1028,17,492,397,625,658
1028,16,492,397,625,533
1028,18,681,347,817,637
1028,15,682,349,817,511
1029,17,491,397,626,659
1029,15,676,349,814,516
1030,17,491,397,625,659
1030,16,491,397,626,532
1030,15,671,350,809,522
1031,17,491,397,626,659
1031,16,491,397,626,531
1031,15,668,351,806,526
1032,17,491,397,626,659
1032,15,665,352,804,527
1032,18,664,351,804,639
1033,17,490,397,627,660
1033,16,491,397,627,530
1033,18,665,352,804,641
1033,15,665,353,803,529
1034,17,491,397,627,660
1034,15,664,353,802,529
1034,18,664,353,802,638
1035,17,491,397,626,659
1035,18,663,354,802,638
1036,17,491,397,624,660
1036,18,661,355,802,638
1037,17,491,397,624,659
1037,18,662,356,801,638
1038,17,491,397,623,659
1038,18,660,358,802,640
1038,15,660,359,801,527
1039,17,491,397,622,658
1039,15,659,359,800,527
1039,18,657,359,801,639
1040,17,491,397,625,657
1040,18,653,360,800,637
1040,15,653,361,799,525
1041,18,651,361,801,638
1041,17,492,397,628,656
1042,18,648,361,801,638
1042,17,492,396,633,656
1043,18,647,363,800,638
1043,17,492,396,628,656
1044,17,492,396,626,657
1044,18,642,364,800,638
1045,17,493,396,626,657
1045,18,641,365,799,638
1046,18,639,366,799,638
1046,17,493,395,625,657
1047,18,640,367,798,638
1047,17,494,395,626,657
1048,17,494,395,627,656
1048,18,639,370,799,638
1049,17,494,395,626,657
1049,18,639,370,799,639
1050,17,494,395,625,657
1050,18,638,371,799,640
1051,17,495,395,625,657
1051,18,638,372,796,640
1052,17,495,396,625,659
1052,18,639,374,793,635
1052,15,639,374,793,524
1053,18,638,375,792,635
1053,17,495,397,623,659
1053,15,638,375,793,526
1054,18,639,375,792,635
1054,15,638,375,793,528
1054,17,495,398,625,659
1055,18,638,376,792,634
1055,15,638,376,792,527
1055,17,495,399,628,659
1056,18,638,376,792,633
1056,15,638,377,792,526
1056,17,495,400,629,658
1057,18,639,377,791,634
1057,17,496,401,630,658
1057,15,639,378,792,525
1058,17,496,401,631,658
1058,18,640,378,791,634
1058,15,640,378,791,525
1059,17,496,402,631,659
1059,18,642,379,791,634
1059,15,642,379,791,525
1060,17,496,403,631,659
1060,18,643,380,791,634
1060,15,643,380,791,524
1061,17,496,404,631,657
1061,15,646,380,791,524
1061,18,646,380,791,633
1062,17,497,404,631,656
1062,18,648,381,791,633
1062,15,648,381,791,525
1063,17,497,406,632,655
1063,18,650,381,791,633
1063,15,650,381,791,526
1064,17,497,406,631,656
1064,15,653,382,791,526
1064,18,654,382,790,633
1065,17,497,407,632,656
1065,15,652,382,791,526
1065,18,653,382,791,632
1066,18,652,383,791,633
1066,17,498,408,632,657
1066,15,652,383,791,527
1067,17,498,408,632,657
1067,18,652,384,791,631
1067,15,652,384,791,528
1068,15,651,385,792,528
1068,17,498,409,631,658
1068,18,651,385,791,632
1069,17,498,409,631,657
1069,18,651,385,792,632
1069,15,650,385,793,529
1070,17,498,409,631,657
1070,18,651,386,792,632
1070,15,650,386,792,530
1071,17,497,409,630,657
1071,18,650,387,791,630
1071,15,650,386,792,531
1072,18,649,387,791,630
1072,15,649,387,792,532
1072,17,497,410,629,658
1073,17,497,410,629,658
1073,15,648,387,792,532
1073,18,648,387,791,632
1074,18,648,388,791,632
1074,15,648,387,791,531
1074,17,497,408,629,656
1075,18,648,388,790,633
1075,15,647,388,791,532
1075,17,497,409,627,658
1076,17,497,408,627,659
1076,18,647,389,790,633
1076,15,646,388,790,531
1077,17,496,408,627,659
1077,18,644,390,790,633
1077,15,643,389,790,531
1078,17,496,408,627,659
1078,18,643,390,789,633
1078,15,642,389,790,532
1079,17,496,408,627,659
1079,18,641,391,788,634
1079,15,640,390,789,533
1080,17,496,407,627,659
1080,18,640,392,788,634
1080,15,640,391,788,534
1081,17,496,408,627,659
1081,18,640,392,788,634
1081,15,639,392,789,534
1082,17,496,408,627,659
1082,18,639,393,788,634
1082,15,639,392,788,534
1083,15,639,392,788,534
1083,18,639,393,788,634
1083,17,496,408,626,659
1084,17,496,408,626,659
1084,18,639,393,787,634
1084,15,639,393,787,535
1085,17,496,408,627,659
1085,18,640,393,787,635
1085,15,639,393,787,536
1086,17,496,409,627,659
1086,15,640,393,786,536
1086,18,640,393,787,634
1087,18,640,394,787,634
1087,15,640,393,786,536
1087,17,496,409,627,658
1088,18,640,394,786,634
1088,15,639,393,786,536
1088,17,497,409,627,657
1089,18,640,394,786,634
1089,17,496,409,627,657
1089,15,640,393,785,536
1090,17,496,410,627,656
1090,15,640,393,785,537
1090,18,640,394,785,635
1091,15,640,394,785,537
1091,18,640,394,785,634
1091,17,496,410,627,656
1092,18,640,394,785,634
1092,15,640,394,785,537
1092,17,496,411,627,655
1093,15,640,394,785,536
1093,17,496,411,627,656
1093,18,640,394,785,635
1094,17,496,411,627,655
1094,18,640,394,785,635
1094,15,640,394,784,536
1095,15,640,394,784,536
1095,17,496,411,628,656
1095,18,640,395,784,635
1096,18,640,395,784,635
1096,17,496,412,628,656
1096,15,640,394,784,536
1097,18,640,395,784,635
1097,17,496,412,627,657
1097,15,640,394,784,537
1098,17,496,412,627,657
1098,18,640,395,784,635
1098,15,640,395,784,537
1099,15,640,395,784,537
1099,17,496,412,627,657
1099,18,641,395,784,635
1100,18,640,395,784,635
1100,15,640,395,784,536
1100,17,495,413,627,657
1101,18,640,395,784,635
1101,17,496,413,627,658
1101,15,640,395,784,536
1102,18,640,395,784,635
1102,15,640,395,784,536
1102,17,495,412,627,659
1103,18,640,395,784,636
1103,15,640,395,784,536
1103,17,496,412,627,659
1104,17,495,412,627,660
1104,18,642,396,784,636
1104,15,641,395,784,536
1105,17,496,412,627,661
1105,18,647,396,784,635
1105,15,646,396,784,535
1106,17,496,412,628,661
1106,18,651,396,784,636
1106,15,650,396,784,535
1107,17,496,413,628,660
1107,18,652,396,784,635
1107,15,652,396,785,535
1108,17,495,413,628,660
1108,18,654,396,785,635
1108,15,655,396,785,535
1109,17,495,413,628,659
1109,18,655,396,784,636
1109,15,656,396,784,535
1110,18,655,396,784,636
1110,17,495,413,628,658
1110,15,656,396,784,535
1111,17,495,413,628,658
1111,18,655,396,784,635
1111,15,656,396,784,535
1112,17,495,413,627,658
1112,18,655,396,784,635
1112,15,656,396,784,534
1113,17,495,413,627,658
1113,18,655,396,784,635
1113,15,657,396,784,535
1114,18,656,396,784,635
1114,17,495,413,628,657
1114,15,657,396,784,536
1115,17,495,413,628,657
1115,15,658,396,784,536
1115,18,657,396,784,635
1116,17,495,414,627,657
1116,18,657,396,784,635
1116,15,658,396,784,536
1117,17,495,413,627,658
1117,18,658,396,784,636
1117,15,659,396,784,538
1118,17,495,414,627,658
1118,18,658,396,784,637
1118,15,659,396,784,538
1119,18,658,396,784,637
1119,15,659,396,784,539
1119,17,495,414,627,659
1120,17,495,414,627,658
1120,18,658,396,783,637
1120,15,659,396,783,539
1121,17,495,414,627,658
1121,18,659,396,784,636
1121,15,659,396,784,539
1122,17,495,414,627,658
1122,18,659,396,784,636
1122,15,659,396,784,542
1123,17,495,414,627,659
1123,18,659,396,784,636
1123,15,660,395,784,542
1124,17,495,414,627,659
1124,18,659,395,784,637
1124,15,660,395,784,542
1125,17,495,414,627,659
1125,18,659,395,784,636
1125,15,660,395,784,544
1126,17,495,414,627,659
1126,18,659,395,784,636
1126,15,660,395,784,543
1127,18,660,395,784,636
1127,17,496,414,627,659
1127,15,660,395,784,542
1128,18,660,395,784,636
1128,17,496,414,626,659
1128,15,660,395,784,540
1129,18,660,395,784,636
1129,17,496,414,626,659
1129,15,660,395,784,539
1130,18,660,395,784,636
1130,17,496,413,626,659
1130,15,661,395,784,538
1131,15,661,395,784,538
1131,18,660,395,784,636
1131,17,496,413,626,658
1132,17,496,413,626,658
1132,15,661,395,784,538
1132,18,660,395,784,636
1133,15,661,395,784,538
1133,18,660,396,784,636
1133,17,496,413,626,658
1134,15,661,395,784,538
1134,18,660,396,784,636
1134,17,496,413,626,658
1135,17,496,413,626,658
1135,18,659,396,784,635
1135,15,660,395,784,538
1136,18,659,396,784,635
1136,17,496,413,626,657
1136,15,660,395,784,537
1137,17,496,413,626,657
1137,18,658,396,784,635
1137,15,659,395,784,537
1138,17,496,413,626,657
1138,18,657,395,784,635
1138,15,657,395,784,537
1139,17,495,413,626,657
1139,18,655,395,784,635
1139,15,656,395,784,536
1140,17,495,413,626,657
1140,18,654,395,784,635
1140,15,655,395,784,536
1141,17,495,413,626,658
1141,18,654,395,784,635
1141,15,654,395,784,537
1142,17,495,413,626,658
1142,18,653,395,784,635
1142,15,652,395,784,537
1143,18,653,395,784,635
1143,15,653,395,784,538
1143,17,495,413,627,658
1144,18,653,395,784,635
1144,17,495,413,627,658
1144,15,653,395,784,539
1145,17,495,413,627,658
1145,18,653,395,784,635
1145,15,653,395,784,540
1146,18,653,395,784,634
1146,17,495,413,627,658
1146,15,653,395,784,541
1147,18,653,395,784,635
1147,15,653,395,784,541
1147,17,495,413,626,658
1148,17,495,413,626,658
1148,18,653,396,784,635
1148,15,653,395,784,541
1149,17,495,413,626,657
1149,18,653,396,784,635
1149,15,653,395,784,540
1150,17,495,413,626,657
1150,18,652,396,784,635
1150,15,651,396,785,540
1151,17,495,413,626,657
1151,18,650,396,784,635
1151,15,649,396,785,540
1152,17,495,413,626,656
1152,18,648,396,784,635
1152,15,647,396,784,540
1153,17,495,413,626,656
1153,18,648,397,784,636
1153,15,646,396,784,540
1154,17,495,414,626,656
1154,18,648,397,784,636
1154,15,646,396,784,540
1155,18,648,396,784,636
1155,17,495,414,626,656
1155,15,646,396,785,542
1156,17,495,413,626,657
1156,18,649,397,784,636
1156,15,648,395,785,543
1157,17,495,414,626,657
1157,18,652,397,784,636
1157,15,652,395,785,543
1158,17,495,414,626,658
1158,18,653,397,783,636
1158,15,654,397,783,541
1159,17,495,414,626,658
1159,18,654,397,783,635
1159,15,655,397,783,541
1160,17,495,414,626,658
1160,18,654,397,783,636
1160,15,656,397,784,541
1161,17,496,414,626,658
1161,18,653,397,784,636
1161,15,654,397,784,541
1162,17,496,414,626,658
1162,18,652,398,783,636
1162,15,652,398,784,541
1163,17,496,415,626,658
1163,18,650,398,784,636
1163,15,650,398,784,539
1164,17,496,414,626,658
1164,18,651,398,784,636
1164,15,650,398,784,539
1165,17,496,414,626,658
1165,18,651,398,784,635
1165,15,650,398,784,539
1166,18,651,398,784,635
1166,17,496,415,626,659
1166,15,651,398,784,540
1167,17,496,415,626,658
1167,18,651,398,784,635
1167,15,651,398,784,540
1168,18,651,398,784,635
1168,17,496,415,627,658
1168,15,651,398,784,540
1169,17,496,415,627,658
1169,18,651,398,784,635
1169,15,651,398,784,541
1170,17,496,416,627,658
1170,18,652,398,784,634
1170,15,653,398,784,540
1171,18,652,399,784,635
1171,17,496,415,627,658
1171,15,652,399,784,539
1172,18,652,399,784,635
1172,17,497,415,628,658
1172,15,652,399,784,538
1173,18,652,398,784,635
1173,17,497,415,628,659
1173,15,653,399,784,538
1174,18,652,398,784,635
1174,17,498,415,628,658
1174,15,653,399,785,537
1175,15,653,399,785,537
1175,18,652,398,784,636
1175,17,498,415,629,658
1176,18,652,399,785,636
1176,17,498,415,629,658
1176,15,653,399,785,537
1177,15,653,399,785,537
1177,18,653,399,785,636
1177,17,498,415,628,658
1178,17,498,415,628,659
1178,18,653,399,785,636
1178,15,654,399,786,537
1179,17,498,415,628,659
1179,18,653,399,785,636
1179,15,653,399,786,537
1180,17,499,415,628,658
1180,18,653,400,785,636
1180,15,654,400,786,537
1181,17,499,415,628,658
1181,18,655,401,785,636
1181,15,655,401,786,537
1182,15,655,401,786,537
1182,17,499,415,629,658
1182,18,655,401,785,636
1183,18,654,401,785,636
1183,17,499,415,629,658
1183,15,655,401,786,536
1184,18,654,401,785,636
1184,17,500,415,629,658
1184,15,655,401,786,536
1185,17,500,415,630,658
1185,18,654,401,786,636
1185,15,654,401,786,535
1186,17,500,415,630,658
1186,18,654,401,787,635
1186,15,655,401,787,535
1187,17,500,415,630,658
1187,18,654,401,787,635
1187,15,654,401,787,535
1188,17,500,415,630,658
1188,15,654,401,787,535
1188,18,654,401,787,636
1189,17,500,415,629,658
1189,18,654,401,787,636
1189,15,654,401,787,537
1190,17,500,415,629,658
1190,18,654,401,787,636
1190,15,654,401,787,536
1191,17,501,415,630,658
1191,18,655,401,787,636
1191,15,656,401,787,535
1192,17,501,415,630,658
1192,18,656,401,787,636
1192,15,656,401,787,535
1193,17,501,415,630,658
1193,18,656,401,787,636
1193,15,656,401,787,533
1194,17,501,415,630,658
1194,18,657,401,787,637
1194,15,657,401,787,534
1195,17,501,415,630,658
1195,18,660,401,788,637
1195,15,660,401,788,534
1196,17,501,416,629,658
1196,18,662,401,788,637
1196,15,662,401,788,532
1197,17,501,416,630,658
1197,15,663,401,788,534
1197,18,662,400,790,638
1197,19,503,416,624,534
1198,17,501,416,630,658
1198,19,503,417,623,534
1198,18,664,402,789,638
1198,15,665,401,788,536
1199,18,664,401,788,638
1199,17,502,416,629,658
1199,19,503,416,622,535
1199,15,665,401,788,532
1200,17,502,416,630,658
1200,18,665,401,788,638
1200,15,665,401,788,527
1201,17,502,416,630,658
1201,15,665,401,789,528
1201,18,665,401,792,638
1202,17,502,415,631,659
1202,15,666,401,789,530
1202,18,666,401,790,638
1203,17,502,414,631,659
1203,18,666,402,791,638
1203,15,666,401,789,529
1204,18,667,401,791,638
1204,15,667,401,789,529
1204,17,503,414,631,658
1205,18,667,401,791,638
1205,17,503,414,631,658
1205,15,667,401,789,529
1206,18,667,401,790,638
1206,15,666,401,789,530
1206,17,503,413,632,658
1207,15,666,401,789,530
1207,18,666,401,790,638
1207,17,504,413,631,659
1208,18,666,401,790,638
1208,17,504,413,631,658
1208,15,666,401,790,531
1209,18,666,401,790,638
1209,17,504,413,631,658
1209,15,666,401,789,533
1210,18,666,401,790,638
1210,17,504,413,632,658
1210,15,666,401,789,534
1211,17,504,413,632,658
1211,18,664,401,790,638
1211,15,664,401,790,537
1212,18,663,401,790,638
1212,17,505,413,633,658
1212,15,663,401,790,536
1213,17,505,413,633,658
1213,18,662,401,790,638
1213,15,662,401,790,535
1214,17,505,413,633,658
1214,18,663,401,790,638
1214,15,662,401,790,536
1215,17,504,412,633,658
1215,15,663,401,790,536
1215,18,663,401,790,638
1216,17,504,412,633,658
1216,15,663,401,790,536
1216,18,663,401,790,638
1217,17,504,412,633,658
1217,18,663,401,790,638
1217,15,663,400,790,537
1217,20,504,413,631,569
1218,17,504,412,633,658
1218,18,663,400,790,638
1218,20,504,413,631,571
1218,15,662,400,790,539
1219,18,663,400,790,638
1219,17,504,412,633,658
1219,15,663,400,790,539
1219,20,504,413,631,572
1220,18,662,400,790,638
1220,15,662,400,790,540
1220,17,504,412,634,659
1221,18,663,400,790,638
1221,17,504,412,636,658
1221,15,662,400,790,538
1222,15,663,400,790,538
1222,17,504,412,636,658
1222,18,663,400,791,638
1223,18,664,400,791,639
1223,15,663,400,790,537
1223,17,504,412,634,659
1224,18,663,399,791,638
1224,17,504,412,633,657
1224,15,663,399,791,539
1225,15,663,400,791,539
1225,18,663,400,791,638
1225,17,504,412,635,658
1226,15,663,400,791,539
1226,18,663,400,792,638
1226,17,504,412,639,658
1227,15,663,400,791,539
1227,18,663,399,792,638
1227,17,504,412,639,658
1228,15,663,400,791,539
1228,18,663,399,792,638
1228,17,504,412,638,657
1229,15,663,399,791,539
1229,18,663,399,792,638
1229,17,505,412,641,657
1230,18,664,399,792,638
1230,17,506,412,641,657
1230,15,663,399,791,538
1231,18,663,399,792,638
1231,15,663,399,791,538
1231,17,506,412,641,656
1232,18,664,399,792,638
1232,15,663,399,791,537
1232,17,506,413,641,657
1233,15,663,400,791,537
1233,18,664,399,791,638
1233,17,506,413,638,657
1234,18,664,399,792,639
1234,15,663,399,791,537
1234,17,506,413,635,657
1235,18,664,399,792,639
1235,17,506,413,635,657
1235,15,663,399,791,538
1236,18,664,399,792,638
1236,15,663,399,791,539
1236,17,506,413,633,657
1237,17,506,413,634,657
1237,18,664,399,792,638
1237,15,664,399,791,538
1238,18,664,399,792,638
1238,17,506,413,634,657
1238,15,664,399,791,539
1239,18,664,399,792,639
1239,15,664,399,792,537
1239,17,506,413,635,657
1240,18,664,399,792,639
1240,15,663,399,792,537
1240,17,506,413,634,657
1241,18,664,399,792,639
1241,15,663,399,792,537
1241,17,507,413,637,657
1242,18,663,399,792,639
1242,17,506,413,637,657
1242,15,663,399,792,537
1243,17,506,413,637,657
1243,15,662,400,792,537
1243,18,663,399,792,638
1244,15,662,400,792,537
1244,18,662,400,792,638
1244,17,506,412,638,657
1245,15,662,400,792,537
1245,18,662,400,792,638
1245,17,506,412,641,657
1246,17,506,412,641,657
1246,18,662,400,792,638
1246,15,662,400,792,537
1247,18,661,400,791,639
1247,15,661,400,791,537
1247,17,506,412,635,657
1248,18,661,401,791,639
1248,15,661,401,791,537
1248,17,506,413,630,657
1249,18,662,401,791,639
1249,15,662,401,791,537
1249,17,507,413,631,658
1250,18,662,402,791,639
1250,15,662,401,791,536
1250,17,506,412,630,658
1251,18,662,402,791,639
1251,15,661,401,791,536
1251,17,507,412,631,659
1252,18,662,402,792,638
1252,15,661,402,792,536
1252,17,506,412,632,658
1253,18,662,402,792,638
1253,15,661,402,792,536
1253,17,507,412,633,658
1254,18,662,403,793,638
1254,15,661,402,793,536
1254,17,507,413,635,659
1255,15,661,402,793,536
1255,18,661,403,793,638
1255,17,508,413,635,659
1256,17,508,413,635,659
1256,18,660,403,793,638
1256,15,659,402,793,536
1257,17,508,413,635,659
1257,18,659,403,793,637
1257,15,658,402,793,536
1258,18,657,403,793,637
1258,17,508,413,634,658
1258,15,656,403,793,536
1259,18,657,404,793,637
1259,15,656,403,793,536
1259,17,509,413,635,659
1260,17,509,413,635,659
1260,18,656,403,792,638
1260,15,655,403,793,534
1261,17,509,413,635,658
1261,18,655,403,792,638
1261,15,654,403,793,535
1262,18,654,403,792,638
1262,15,653,403,793,535
1262,17,508,412,634,658
1263,18,654,403,793,638
1263,17,508,412,634,658
1263,15,653,403,792,535
1264,18,654,403,792,638
1264,15,653,403,792,535
1264,17,508,413,634,658
1265,17,508,413,634,658
1265,18,655,403,792,638
1265,15,654,403,792,534
1266,17,508,413,634,658
1266,15,655,403,792,534
1266,18,656,403,792,638
1267,18,656,403,792,638
1267,17,508,413,634,658
1267,15,655,403,792,534
1268,17,508,413,635,658
1268,15,653,403,792,534
1268,18,653,403,792,638
1269,17,508,413,635,658
1269,18,657,403,793,638
1269,15,656,403,792,534
1270,17,508,413,635,658
1270,18,653,403,792,637
1270,15,653,403,792,534
1271,17,508,413,635,658
1271,15,652,403,792,535
1271,18,653,403,792,638
1272,17,508,413,636,658
1272,18,653,403,792,637
1272,15,652,403,792,535
1273,15,652,403,793,535
1273,18,653,403,793,636
1273,17,508,413,636,658
1274,17,508,413,636,658
1274,18,653,403,793,637
1274,15,652,403,792,535
1275,15,652,403,792,535
1275,17,508,413,636,658
1275,18,653,403,793,637
1276,18,653,402,793,637
1276,15,652,403,792,535
1276,17,508,413,635,658
1277,18,653,402,793,637
1277,15,652,402,792,535
1277,17,508,413,638,658
1278,15,652,403,792,536
1278,17,508,413,639,658
1278,18,652,403,793,637
1279,15,652,402,792,535
1279,17,508,413,639,657
1279,18,653,402,793,637
1280,15,651,402,792,535
1280,18,652,402,793,637
1280,17,509,413,636,657
1281,18,652,402,793,637
1281,15,652,402,792,536
1281,17,509,414,637,657
1282,17,509,414,637,658
1282,15,655,402,793,535
1282,18,655,403,794,637
1283,18,655,403,794,637
1283,15,654,402,793,535
1283,17,509,414,636,658
1284,18,656,403,794,637
1284,15,656,402,793,535
1284,17,508,414,638,657
1285,17,509,414,638,657
1285,18,657,402,794,636
1285,15,657,402,793,535
1286,17,509,414,638,658
1286,15,655,402,794,535
1286,18,656,403,795,634
1287,18,656,402,795,634
1287,15,655,402,793,534
1287,17,509,415,634,659
1288,17,509,415,639,659
1288,15,659,402,793,533
1288,18,659,402,794,636
1289,17,509,415,638,659
1289,15,658,402,793,533
1289,18,658,401,794,637
1290,18,658,401,794,637
1290,15,658,402,793,533
1290,17,509,415,639,659
1291,17,509,415,639,658
1291,15,657,402,794,532
1291,18,657,401,794,636
1292,18,657,402,795,636
1292,15,657,402,793,531
1292,17,509,416,643,659
1293,17,509,416,642,659
1293,18,661,402,796,636
1293,15,662,402,793,530
1294,18,661,402,795,636
1294,15,662,402,793,529
1294,17,508,415,636,659
1295,17,508,416,635,659
1295,18,667,402,794,635
1295,15,669,402,793,531
1296,18,667,402,794,634
1296,17,508,416,636,659
1296,15,668,402,793,533
1297,17,508,416,636,659
1297,15,668,403,792,535
1297,18,666,403,794,637
1298,18,666,403,794,637
1298,17,508,416,636,660
1298,15,666,402,792,536
1299,18,665,403,794,636
1299,17,508,416,635,660
1299,15,666,402,792,535
1300,17,508,417,637,659
1300,18,667,403,795,637
1300,15,667,402,792,533
1301,18,668,403,795,638
1301,15,669,402,792,533
1301,17,509,417,642,658
1302,17,509,417,642,658
1302,15,669,402,793,533
1302,18,668,403,795,637
1303,18,669,403,796,636
1303,17,509,417,641,658
1303,15,670,402,793,533
1304,18,669,404,795,636
1304,15,670,403,793,532
1304,17,509,417,642,658
1305,18,669,404,795,636
1305,15,670,403,793,532
1305,17,509,417,642,658
1306,17,509,417,643,658
1306,18,669,404,795,637
1306,15,670,403,793,532
1307,18,669,404,795,637
1307,15,670,403,793,533
1307,17,509,418,644,658
1308,17,509,418,644,657
1308,18,668,404,794,637
1308,15,669,403,793,532
1309,17,510,418,644,657
1309,18,668,404,794,637
1309,15,670,403,793,532
1310,17,510,418,644,658
1310,15,670,403,793,533
1310,18,669,404,795,636
1311,17,510,418,644,658
1311,18,669,404,794,637
1311,15,670,403,793,532
1312,15,670,403,794,532
1312,17,510,418,644,657
1312,18,669,404,795,636
1313,18,669,404,795,636
1313,15,670,403,793,533
1313,17,510,417,644,656
1314,18,669,403,795,636
1314,17,510,417,644,657
1314,15,670,403,794,534
1315,17,510,417,644,657
1315,18,669,404,795,636
1315,15,670,403,793,533
1316,17,510,417,644,657
1316,15,670,403,793,533
1316,18,669,404,795,635
1317,18,669,404,794,635
1317,15,670,403,794,533
1317,17,509,417,644,657
1318,15,670,403,793,534
1318,17,510,417,644,656
1318,18,669,404,795,637
1319,15,670,403,793,533
1319,18,669,404,794,636
1319,17,510,417,643,657
1320,17,509,417,644,657
1320,18,668,404,795,636
1320,15,669,403,793,533
1321,18,668,404,795,636
1321,17,509,417,644,658
1321,15,669,403,793,532
1322,17,509,417,644,657
1322,18,668,403,795,636
1322,15,669,402,793,532
1323,18,668,403,795,636
1323,15,669,402,793,531
1323,17,510,417,642,657
1324,18,668,403,795,636
1324,15,669,402,793,531
1324,17,510,417,641,657
1325,18,668,403,795,637
1325,15,669,402,793,532
1325,17,510,417,638,656
1326,15,669,402,793,532
1326,18,668,403,796,637
1326,17,509,416,641,656
1327,17,510,416,641,656
1327,18,669,403,795,637
1327,15,669,402,793,531
1328,15,670,402,793,531
1328,18,669,403,795,636
1328,17,510,416,639,656
1329,17,510,417,639,657
1329,15,669,402,792,531
1329,18,668,403,795,637
1330,15,669,402,793,531
1330,18,668,403,796,637
1330,17,508,417,639,657
1331,15,669,402,792,531
1331,17,508,417,638,657
1331,18,668,403,795,636
1332,18,668,404,795,636
1332,17,509,416,637,657
1332,15,668,403,792,533
1333,15,668,402,792,533
1333,18,668,403,794,636
1333,17,509,416,636,657
1334,17,509,416,635,657
1334,15,668,403,793,532
1334,18,668,404,795,635
1335,17,509,416,635,657
1335,15,668,403,793,532
1335,18,667,404,795,637
1336,18,667,403,795,638
1336,15,668,402,792,531
1336,17,510,416,634,658
1337,18,667,403,795,638
1337,15,668,402,792,531
1337,17,509,417,633,658
1338,18,667,403,795,638
1338,15,668,403,792,531
1338,17,509,417,634,658
1339,18,667,403,795,638
1339,15,668,402,792,531
1339,17,509,417,635,658
1340,15,667,403,792,531
1340,18,667,403,795,638
1340,17,509,417,635,658
1341,17,510,417,635,658
1341,15,667,403,792,531
1341,18,666,404,795,638
1342,18,666,403,795,639
1342,17,510,417,636,658
1342,15,666,402,792,530
1343,18,666,403,795,639
1343,15,666,402,792,530
1343,17,510,418,636,657
1344,17,509,418,637,657
1344,18,666,403,795,639
1344,15,666,402,793,531
1345,18,666,403,794,640
1345,17,509,418,637,657
1345,15,666,402,792,530
1346,17,509,418,638,657
1346,18,665,403,794,639
1346,15,665,402,792,531
1347,17,509,418,638,658
1347,18,665,403,794,639
1347,15,665,402,792,529
1348,17,509,418,638,657
1348,18,665,403,794,639
1348,15,665,402,792,530
1349,17,509,418,638,658
1349,18,664,403,795,639
1349,15,664,402,792,530
1350,18,664,403,795,639
1350,17,509,418,638,658
1350,15,664,402,792,531
1351,18,664,403,795,639
1351,17,509,419,638,658
1351,15,664,402,792,530
1352,15,665,403,792,532
1352,17,507,418,639,656
1352,18,665,403,793,631
1353,15,665,402,792,531
1353,18,665,403,794,634
1353,17,509,419,639,657
1354,17,509,419,639,657
1354,15,665,403,792,530
1354,18,665,403,794,636
1355,17,509,419,638,657
1355,15,665,403,792,531
1355,18,665,404,794,635
1356,17,509,419,638,657
1356,15,665,403,791,530
1356,18,665,404,794,634
1357,15,665,403,791,530
1357,17,508,419,637,657
1357,18,665,404,794,636
1358,15,665,403,791,530
1358,17,508,419,637,657
1358,18,664,403,794,637
1359,15,665,403,791,530
1359,18,665,404,794,637
1359,17,507,418,636,656
1360,18,665,403,794,638
1360,15,665,403,791,531
1360,17,507,419,636,655
1361,18,665,403,794,638
1361,15,665,402,791,530
1361,17,507,418,636,656
1362,18,664,403,794,638
1362,15,665,402,791,531
1362,17,507,419,636,655
1363,17,506,420,636,655
1363,15,664,403,791,531
1363,18,664,404,793,639
1364,15,664,403,791,531
1364,18,664,404,793,638
1364,17,507,420,636,655
1365,15,664,403,791,531
1365,18,664,404,793,639
1365,17,507,420,637,655
1366,18,664,404,793,639
1366,15,664,403,791,531
1366,17,507,420,638,656
1367,18,664,404,793,638
1367,17,507,421,639,656
1367,15,665,403,791,532
1368,18,665,404,794,638
1368,17,507,421,640,656
1368,15,665,403,791,532
1369,17,507,421,640,656
1369,18,664,404,793,639
1369,15,664,403,791,531
1370,17,507,421,640,656
1370,18,663,404,793,638
1370,15,664,403,791,532
1371,18,663,404,793,639
1371,15,664,403,791,532
1371,17,507,421,641,655
1372,15,664,403,792,532
1372,18,663,404,793,640
1372,17,506,422,642,656
1373,18,664,404,792,639
1373,15,664,403,791,533
1373,17,508,423,644,657
1374,18,664,404,793,638
1374,15,665,403,792,533
1374,17,509,423,645,657
1375,18,664,404,793,639
1375,15,665,403,792,533
1375,17,508,423,646,656
1376,18,664,404,793,638
1376,17,508,423,646,656
1376,15,665,403,792,533
1377,18,664,404,793,639
1377,15,665,403,792,533
1377,17,508,423,645,656
1378,18,664,404,793,638
1378,15,665,403,792,533
1378,17,508,423,644,656
1379,15,665,403,792,533
1379,18,664,405,793,638
1379,17,508,423,642,656
1380,18,665,405,793,637
1380,17,509,423,639,656
1380,15,664,404,793,547
1381,18,665,405,793,638
1381,17,510,423,637,657
1381,15,665,403,792,534
1382,17,510,423,638,657
1382,18,664,405,792,638
1382,15,664,403,791,534
1383,17,509,422,639,657
1383,18,662,405,792,637
1383,15,662,404,793,559
1384,18,661,405,792,636
1384,17,507,422,640,655
1384,15,661,404,793,552
1385,18,661,404,792,638
1385,17,509,420,636,656
1385,15,662,403,791,534
1386,18,661,404,792,637
1386,15,662,403,791,534
1386,17,507,421,640,655
1387,15,661,403,791,534
1387,18,659,404,792,638
1387,17,509,420,636,656
1388,18,659,404,792,638
1388,17,509,421,637,656
1388,15,659,404,793,538
1389,17,509,421,639,656
1389,18,662,403,792,638
1389,15,665,403,791,532
1390,18,661,403,792,638
1390,15,665,403,792,532
1390,17,507,420,643,656
1391,17,507,420,643,656
1391,18,659,402,792,638
1391,15,663,403,792,529
1392,18,661,403,792,638
1392,15,664,403,792,528
1392,17,507,419,640,656
1393,15,665,403,792,529
1393,17,508,419,638,655
1393,18,665,403,793,638
1394,18,664,403,793,638
1394,17,508,419,638,656
1394,15,664,403,792,529
1395,18,665,403,793,638
1395,17,508,419,639,656
1395,15,665,403,792,528
1396,18,665,403,793,638
1396,17,507,419,639,655
1396,15,665,403,792,527
1397,18,666,403,793,638
1397,15,665,403,792,528
1397,17,507,419,637,655
1398,18,665,403,792,639
1398,17,507,419,635,655
1398,15,664,403,792,530
1399,17,507,419,635,655
1399,15,662,403,792,529
1399,18,663,403,793,639
1400,17,507,418,635,655
1400,18,661,403,793,639
1400,15,661,402,792,530
1401,17,507,418,635,655
1401,15,660,402,792,531
1401,18,660,403,793,638
1402,17,507,418,635,655
1402,15,657,402,792,530
1402,18,658,402,793,638
1403,18,658,402,792,638
1403,17,506,418,635,655
1403,15,657,402,791,531
1404,17,506,418,634,656
1404,18,659,402,792,638
1404,15,659,402,791,529
1405,17,506,418,634,656
1405,18,658,402,792,638
1405,15,658,402,790,530
1406,18,660,402,792,638
1406,17,505,418,635,656
1406,15,661,402,790,530
1407,17,505,417,635,656
1407,15,663,402,790,530
1407,18,662,402,792,638
1408,15,662,402,790,529
1408,18,661,402,793,637
1408,17,505,417,633,656
1409,17,504,417,632,657
1409,15,660,402,790,530
1409,18,659,401,792,637
1410,18,659,401,792,637
1410,17,505,417,631,656
1410,15,660,402,790,529
1411,17,504,417,632,657
1411,18,658,401,792,637
1411,15,658,401,790,530
1412,18,658,401,792,637
1412,17,504,417,632,657
1412,15,659,401,790,531
1413,17,504,417,632,656
1413,18,656,401,792,637
1413,15,656,401,790,531
1414,18,657,401,792,637
1414,17,504,417,631,656
1414,15,656,401,790,529
1415,17,504,417,631,656
1415,18,658,401,792,637
1415,15,658,401,790,529
1416,17,504,417,631,656
1416,15,658,401,790,529
1416,18,658,401,792,637
1417,17,505,417,631,656
1417,18,657,400,792,637
1417,15,656,401,790,529
1418,17,505,417,631,656
1418,18,657,400,791,637
1418,15,656,401,790,530
1419,18,655,400,792,637
1419,17,505,417,632,656
1419,15,654,401,790,529
1420,17,505,417,633,656
1420,18,656,400,792,637
1420,15,656,401,790,527
1421,18,657,400,791,637
1421,15,657,401,790,527
1421,17,504,417,634,655
1422,17,504,417,634,654
1422,18,658,400,791,637
1422,15,658,400,790,528
1423,18,659,400,791,637
1423,15,659,400,790,529
1423,17,503,417,632,655
1424,17,504,416,630,656
1424,18,663,400,791,637
1424,15,663,400,790,531
1425,18,663,400,791,638
1425,15,664,400,790,529
1425,17,503,417,631,655
1426,17,504,415,630,656
1426,18,667,400,791,638
1426,15,668,400,789,528
1427,18,669,401,791,638
1427,15,669,400,789,528
1427,17,504,416,635,656
1428,18,669,401,791,638
1428,17,503,417,634,655
1428,15,669,400,789,532
1429,18,669,400,791,638
1429,17,503,416,634,656
1429,15,670,400,789,530
1430,18,669,400,791,638
1430,17,503,416,633,655
1430,15,670,400,789,532
1431,17,503,416,633,655
1431,18,669,400,791,639
1431,15,670,400,789,530
1432,18,669,399,791,638
1432,17,503,417,634,655
1432,15,669,399,789,529
1433,15,670,399,789,529
1433,17,503,416,634,655
1433,18,669,398,791,639
1434,18,669,397,791,639
1434,15,670,398,789,529
1434,17,503,416,636,655
1435,17,503,416,636,656
1435,18,670,397,791,638
1435,15,670,398,789,529
1436,17,503,416,635,656
1436,18,670,397,791,638
1436,15,670,397,789,528
1437,15,670,398,789,528
1437,18,670,397,791,638
1437,17,503,416,636,656
1438,18,670,397,791,638
1438,17,503,416,636,656
1438,15,670,398,789,528
1439,18,670,397,790,638
1439,17,503,415,637,656
1439,15,670,397,789,529
1440,15,670,397,789,529
1440,17,503,415,637,655
1440,18,670,397,790,638
1441,18,670,397,790,638
1441,15,670,398,789,529
1441,17,503,416,636,654
1442,17,503,416,636,655
1442,18,669,397,790,638
1442,15,670,397,789,527
1443,18,669,397,790,638
1443,17,503,416,636,655
1443,15,670,397,789,528
1444,18,669,397,790,637
1444,15,670,397,789,528
1444,17,502,416,635,655
1445,17,502,416,635,655
1445,18,669,397,790,638
1445,15,670,397,789,529
1446,17,503,416,635,655
1446,18,668,397,790,637
1446,15,669,397,789,533
1447,17,503,415,634,655
1447,18,667,396,790,637
1447,15,667,397,789,531
1448,17,503,415,634,655
1448,18,665,396,790,637
1448,15,665,397,789,532
1449,17,503,416,634,656
1449,18,657,396,790,637
1449,15,657,396,789,532
1450,17,503,416,633,656
1450,18,654,395,790,636
1450,15,654,396,789,532
1451,17,503,416,632,656
1451,18,653,395,790,636
1451,15,652,395,789,533
1452,18,653,395,790,636
1452,17,503,416,632,655
1452,15,652,395,789,533
1453,17,503,415,632,656
1453,18,653,395,790,636
1453,15,653,395,789,533
1454,18,653,395,790,636
1454,15,653,395,789,533
1454,17,504,414,632,656
1455,18,653,395,790,637
1455,17,504,414,633,656
1455,15,652,395,789,533
1456,18,653,395,790,637
1456,15,652,395,789,533
1456,17,504,415,635,655
1457,18,653,395,790,637
1457,15,652,395,789,533
1457,17,504,415,636,654
1458,18,653,395,790,637
1458,15,652,395,789,533
1458,17,504,415,636,655
1459,18,652,395,790,637
1459,17,504,414,635,655
1459,15,651,395,789,534
1460,18,652,395,790,637
1460,17,504,414,634,655
1460,15,651,395,789,534
1461,18,651,394,790,637
1461,15,650,394,789,535
1461,17,504,414,635,656
1462,18,651,394,790,637
1462,17,504,413,635,656
1462,15,650,394,789,535
1463,18,652,394,790,636
1463,15,651,394,789,535
1463,17,504,413,632,657
1464,18,653,394,790,636
1464,15,652,394,789,535
1464,17,503,414,630,656
1465,17,503,414,629,656
1465,18,650,394,790,636
1465,15,648,394,789,537
1466,17,503,414,627,656
1466,18,654,395,790,636
1466,15,654,394,789,536
1467,17,502,414,628,656
1467,18,657,395,789,636
1467,15,658,394,789,536
1468,17,502,414,627,656
1468,18,658,395,788,636
1468,15,659,394,788,535
1469,17,502,414,627,655
1469,18,657,395,788,635
1469,15,658,395,788,536
1470,17,502,414,627,655
1470,18,656,395,788,635
1470,15,657,395,787,539
1471,17,501,414,628,655
1471,18,655,395,787,635
1471,15,655,394,786,540
1472,17,501,415,627,655
1472,18,653,395,787,634
1472,15,653,394,786,540
1473,17,501,415,628,655
1473,18,653,395,787,634
1473,15,653,394,786,541
1474,18,653,395,787,634
1474,15,653,394,786,540
1474,17,500,416,628,654
1475,17,500,416,629,654
1475,18,655,395,787,634
1475,15,655,394,786,539
1476,17,500,417,629,654
1476,18,657,395,787,634
1476,15,658,395,786,540
1477,17,500,417,627,654
1477,18,661,395,787,634
1477,15,662,395,786,539
1478,18,661,395,787,634
1478,17,500,418,627,654
1478,15,662,395,786,534
1479,17,500,418,626,655
1479,18,664,395,786,635
1479,15,665,395,786,531
1480,18,665,395,786,635
1480,15,666,395,785,531
1480,17,501,417,626,655
1481,17,500,417,626,655
1481,18,663,395,786,636
1481,15,664,395,786,533
1482,17,500,417,626,654
1482,18,664,395,786,636
1482,15,665,395,786,530
1483,17,500,418,627,656
1483,18,665,395,786,636
1483,15,666,394,785,527
1484,17,499,418,626,654
1484,15,668,394,785,527
1484,18,667,395,786,636
1485,18,667,395,785,636
1485,15,668,395,784,527
1485,17,499,418,626,654
1486,18,667,395,785,636
1486,15,668,395,784,527
1486,17,498,418,626,654
1487,18,667,395,786,636
1487,15,667,395,784,527
1487,17,498,419,626,655
1488,18,667,395,786,636
1488,15,668,395,784,527
1488,17,497,419,626,655
1489,18,667,395,786,636
1489,17,496,419,626,655
1489,15,668,395,784,526
1490,18,667,395,786,636
1490,17,497,419,626,655
1490,15,668,395,784,526
1491,18,667,395,786,635
1491,17,497,419,626,655
1491,15,668,395,784,527
1492,17,497,419,626,656
1492,15,668,395,784,527
1492,18,667,395,786,635
1493,18,667,395,786,635
1493,17,497,419,626,655
1493,15,668,395,784,528
1494,18,667,395,786,635
1494,17,497,419,626,655
1494,15,668,395,784,528
1495,15,667,395,785,528
1495,18,667,395,786,634
1495,17,496,419,627,655
1496,15,667,395,785,528
1496,18,667,395,787,635
1496,17,496,419,634,655
1497,18,667,395,787,635
1497,15,667,395,784,526
1497,17,496,419,638,655
1498,15,666,395,784,526
1498,18,666,395,787,635
1498,17,496,419,631,655
1499,18,666,395,787,635
1499,15,666,395,784,526
1499,17,497,419,629,654
1500,18,666,395,786,635
1500,17,497,419,629,656
1500,15,666,395,784,527
1501,17,498,419,630,657
1501,18,665,395,785,636
1501,15,665,395,784,530
1502,17,498,419,630,656
1502,15,661,395,785,530
1502,18,660,395,785,636
1502,21,498,419,628,552
1503,17,498,419,631,653
1503,21,498,419,630,551
1503,18,653,395,785,637
1503,15,653,395,784,529
1504,17,498,419,632,653
1504,18,650,395,785,636
1504,15,649,394,784,529
1505,17,498,419,632,653
1505,18,649,395,785,636
1505,15,648,394,785,530
1506,17,498,419,633,653
1506,18,650,394,785,636
1506,15,650,394,785,529
1507,18,651,394,785,636
1507,17,498,419,633,653
1507,15,651,394,785,529
1508,17,498,419,633,653
1508,18,651,394,785,635
1508,15,651,394,785,530
1509,17,498,419,633,653
1509,18,651,394,785,635
1509,15,651,394,785,530
1510,17,498,419,632,653
1510,15,649,394,785,531
1510,18,649,394,785,634
1511,17,498,419,632,653
1511,18,649,394,785,634
1511,15,649,394,785,531
1512,17,498,418,632,654
1512,15,650,394,785,532
1512,18,646,395,785,632
1513,17,498,418,632,654
1513,18,649,395,785,632
1513,15,653,394,786,532
1514,17,497,418,632,654
1514,15,653,394,785,532
1514,18,651,395,785,633
1515,17,498,418,632,653
1515,18,653,395,785,633
1515,15,655,395,785,531
1516,17,498,418,632,653
1516,15,655,395,785,532
1516,18,653,395,786,632
1517,17,498,418,632,653
1517,18,652,396,786,633
1517,15,654,395,785,533
1518,17,498,418,632,653
1518,18,652,396,786,631
1518,15,655,395,787,534
1519,17,498,418,632,653
1519,18,653,396,786,633
1519,15,657,396,787,533
1520,17,497,418,632,653
1520,18,654,396,786,633
1520,15,656,396,785,532
1521,17,497,418,632,653
1521,18,655,397,786,634
1521,15,657,397,786,533
1522,17,498,418,632,653
1522,15,658,397,786,533
1522,18,656,396,785,635
1523,17,498,417,632,653
1523,18,656,396,785,635
1523,15,658,397,785,533
1524,17,498,417,632,652
1524,18,654,396,786,635
1524,15,656,397,786,535
1525,17,498,417,632,652
1525,15,655,396,786,534
1525,18,654,396,786,635
1526,17,498,417,631,653
1526,18,655,396,786,635
1526,15,657,396,786,534
1527,18,656,396,786,635
1527,17,498,417,630,653
1527,15,657,396,786,535
1528,18,656,396,786,635
1528,17,498,417,630,654
1528,15,657,396,786,537
1529,18,656,396,786,636
1529,17,498,417,629,653
1529,15,657,396,786,537
1530,17,498,417,629,654
1530,18,655,396,786,635
1530,15,656,396,786,536
1531,17,498,417,629,654
1531,18,654,396,786,635
1531,15,656,396,786,535
1532,15,657,395,786,535
1532,18,656,395,786,636
1532,17,498,417,628,656
1533,17,498,417,627,654
1533,18,658,395,786,636
1533,15,659,395,786,534
1534,17,498,417,628,654
1534,18,659,395,786,635
1534,15,660,395,786,535
1535,15,661,396,786,537
1535,18,660,395,786,636
1535,17,498,417,630,654
1536,17,498,417,629,655
1536,18,662,395,786,636
1536,15,662,395,785,531
1537,17,498,417,629,655
1537,18,662,395,786,636
1537,15,663,395,785,528
1538,17,498,417,630,655
1538,18,660,395,786,635
1538,15,662,395,785,533
1539,17,498,417,629,654
1539,18,662,395,786,635
1539,15,662,395,785,537
1540,18,662,395,786,635
1540,17,497,417,629,653
1540,15,663,395,785,534
1541,18,662,395,786,635
1541,15,663,395,786,534
1541,17,497,417,628,653
1542,18,663,395,786,634
1542,17,497,417,629,653
1542,15,663,395,786,531
1543,17,497,417,628,653
1543,18,663,395,786,634
1543,15,663,395,786,530
1544,17,497,417,628,653
1544,18,663,395,786,634
1544,15,663,395,786,530
1545,17,497,417,628,653
1545,18,663,395,786,634
1545,15,663,395,786,530
1546,18,663,395,785,634
1546,15,663,395,785,531
1546,17,497,417,629,652
1546,22,498,418,625,551
1547,18,663,396,785,634
1547,15,663,395,785,530
1547,17,497,417,631,651
1547,22,497,418,629,552
1548,18,663,395,785,634
1548,15,663,395,785,530
1548,17,497,418,631,652
1548,22,497,418,629,551
1549,18,663,395,785,633
1549,15,663,395,785,531
1549,17,497,418,630,653
1550,18,663,396,785,633
1550,15,663,395,785,530
1550,17,497,418,629,652
1551,15,663,396,785,530
1551,18,663,396,785,634
1551,17,497,418,628,651
1552,18,664,396,785,634
1552,15,663,396,785,530
1552,17,497,418,629,651
1553,18,664,396,785,634
1553,17,497,418,629,651
1553,15,664,396,785,531
1554,18,663,396,785,634
1554,15,664,396,785,531
1554,17,496,418,629,652
1555,17,496,418,629,652
1555,18,663,396,785,633
1555,15,663,396,784,532
1556,15,663,395,784,532
1556,18,663,396,784,633
1556,17,496,418,628,654
1557,18,663,395,784,633
1557,15,663,395,784,531
1557,17,497,418,629,653
1558,18,663,395,784,633
1558,15,663,395,784,531
1558,17,496,418,629,654
1559,18,663,395,784,633
1559,15,663,396,784,531
1559,17,496,418,629,655
1560,17,496,418,628,655
1560,18,663,395,784,633
1560,15,663,395,784,531
1561,18,663,396,784,633
1561,15,663,396,784,530
1561,17,497,418,630,655
1562,18,663,395,784,633
1562,15,663,395,784,531
1562,17,497,419,630,654
1563,18,663,395,784,633
1563,15,663,395,784,531
1563,17,497,418,629,654
1564,18,663,395,785,633
1564,15,664,395,784,531
1564,17,497,419,631,654
1565,18,663,395,785,633
1565,15,664,395,784,531
1565,17,497,419,632,654
1566,18,664,395,785,633
1566,15,664,395,784,531
1566,17,497,419,633,653
1567,18,663,396,785,633
1567,15,663,396,784,532
1567,17,497,419,635,653
1568,18,663,396,785,633
1568,15,664,396,784,531
1568,17,497,419,635,654
1569,17,497,419,634,654
1569,15,664,396,785,531
1569,18,664,396,785,632
1570,15,664,396,785,532
1570,18,664,396,785,633
1570,17,497,419,634,654
1571,18,664,396,785,632
1571,15,664,396,785,532
1571,17,497,419,634,654
1572,17,497,419,634,654
1572,15,664,396,785,531
1572,18,664,396,785,633
1573,18,665,396,785,634
1573,17,498,419,634,654
1573,15,665,396,785,532
1574,15,665,396,785,532
1574,18,665,396,785,633
1574,17,498,419,635,654
1575,15,665,396,785,532
1575,17,498,419,635,653
1575,18,665,396,786,633
1576,18,665,396,786,633
1576,15,665,396,785,532
1576,17,498,419,635,653
1577,15,665,396,785,532
1577,18,665,396,786,632
1577,17,498,419,637,653
1578,15,666,396,785,531
1578,17,498,419,638,653
1578,18,666,395,787,589
1579,17,498,419,638,654
1579,15,666,396,786,531
1579,18,665,396,786,632
1580,15,666,396,786,530
1580,18,666,396,786,633
1580,17,498,419,637,655
1581,18,666,396,786,634
1581,15,667,396,786,529
1581,17,498,419,636,653
1582,18,667,396,786,634
1582,15,667,396,786,529
1582,17,498,419,638,653
1583,18,667,396,786,634
1583,15,667,396,786,529
1583,17,498,419,639,653
1584,15,667,396,786,529
1584,18,667,396,786,634
1584,17,499,419,639,653
1585,15,667,396,786,528
1585,18,667,396,786,635
1585,17,499,419,633,652
1586,18,668,396,787,635
1586,15,668,396,786,528
1586,17,499,418,632,652
1587,15,668,396,787,528
1587,18,668,396,787,635
1587,17,500,418,638,651
1588,18,668,396,787,635
1588,15,668,396,787,528
1588,17,500,418,632,651
1589,18,668,396,787,635
1589,15,668,396,787,527
1589,17,500,417,631,653
1590,18,668,396,787,635
1590,15,668,396,786,527
1590,17,500,417,630,654
1591,18,668,396,787,635
1591,15,668,396,787,527
1591,17,500,417,630,654
1592,18,668,395,787,635
1592,17,500,417,631,653
1592,15,668,396,787,527
1593,17,500,417,631,653
1593,18,669,395,788,635
1594,18,669,395,787,635
1594,17,500,416,631,654
1595,17,500,416,632,653
1595,18,669,395,788,635
1596,17,500,416,632,653
1596,18,669,395,788,635
1596,15,669,395,787,527
1597,18,669,395,788,635
1597,15,669,395,787,527
1597,17,501,416,632,654
1598,15,670,395,787,527
1598,18,669,395,788,635
1598,17,501,416,632,655
1599,17,501,416,632,655
1599,18,670,395,788,635
1599,15,670,395,787,527
1600,17,501,417,632,655
1600,15,670,395,787,528
1600,18,670,395,788,632
1601,17,501,417,632,654
1601,15,670,395,787,527
1601,18,670,395,788,634
1602,17,501,417,632,654
1602,18,670,395,788,635
1602,15,671,394,787,527
1603,17,501,417,631,654
1603,18,671,395,788,635
1603,15,671,395,787,527
1604,15,671,394,787,527
1604,18,671,395,788,634
1604,17,501,417,632,653
1605,18,671,395,788,634
1605,15,671,394,787,527
1605,17,501,417,632,652
1606,15,671,394,787,528
1606,18,671,395,788,634
1606,17,501,417,632,653
1607,18,671,395,788,634
1607,15,671,395,787,527
1607,17,501,417,632,652
1608,18,671,395,787,634
1608,17,501,417,631,652
1608,15,671,395,787,527
1609,18,671,395,787,634
1609,15,671,395,787,527
1609,17,501,416,631,653
1610,18,671,395,787,634
1610,15,671,395,786,527
1610,17,501,417,631,654
1611,18,671,395,787,634
1611,15,672,395,787,527
1611,17,501,417,632,654
1612,18,671,395,787,634
1612,15,672,395,786,527
1612,17,500,417,632,654
1613,18,671,395,787,634
1613,15,672,395,786,526
1613,17,500,417,633,653
1614,18,671,395,787,634
1614,15,672,395,786,526
1614,17,500,417,633,653
1615,17,500,417,633,652
1615,15,671,395,786,527
1615,18,671,395,786,634
1616,18,671,395,786,634
1616,15,671,395,786,527
1616,17,500,416,633,652
1617,15,671,395,786,527
1617,18,671,395,786,634
1617,17,499,417,633,652
1618,18,670,395,786,634
1618,15,671,395,786,527
1618,17,499,417,633,653
1619,17,499,417,633,653
1619,18,670,395,786,634
1619,15,671,395,786,527
1620,18,670,395,786,634
1620,15,671,395,785,527
1620,17,499,417,633,653
1621,15,671,395,786,527
1621,18,670,395,786,634
1621,17,499,417,633,652
1622,15,671,395,786,527
1622,18,670,395,786,634
1622,17,499,417,632,652
1623,18,670,395,786,634
1623,15,671,394,786,526
1623,17,500,417,632,653
1624,18,670,395,786,634
1624,15,671,394,786,526
1624,17,500,417,634,653
1625,18,670,395,786,634
1625,15,671,394,786,525
1625,17,500,417,636,653
1626,18,670,395,786,634
1626,15,671,394,786,525
1626,17,500,417,637,652
1627,18,670,395,786,634
1627,15,671,394,786,526
1627,17,500,417,639,652
1628,15,671,394,786,526
1628,18,670,395,786,634
1628,17,500,417,641,653
1629,18,670,395,786,634
1629,15,670,394,786,526
1629,17,500,417,645,653
1630,18,670,395,786,634
1630,15,671,394,786,526
1630,17,500,417,648,652
1631,18,670,395,786,634
1631,15,671,394,786,526
1631,17,500,417,652,651
1632,18,669,395,786,634
1632,15,670,394,786,526
1632,17,500,417,653,651
1633,18,670,395,786,634
1633,15,670,394,786,526
1633,17,500,417,652,652
1634,17,500,417,652,652
1634,15,670,394,786,525
1634,18,670,395,786,633
1635,18,670,395,786,633
1635,17,500,417,653,652
1635,15,670,394,786,525
1636,17,500,417,653,653
1636,15,670,394,786,524
1636,18,670,395,785,634
1637,18,669,395,785,634
1637,15,670,394,786,524
1637,17,500,417,654,654
1638,18,670,395,785,634
1638,17,500,417,654,653
1638,15,671,394,786,523
1639,18,669,395,785,634
1639,17,500,417,655,655
1639,15,670,394,786,524
1640,18,669,395,785,634
1640,15,670,394,785,525
1640,17,500,417,657,655
1641,17,500,417,657,655
1641,18,669,395,786,635
1641,15,670,394,785,525
1642,15,670,394,785,525
1642,18,669,395,786,635
1642,17,500,417,656,655
1643,15,670,394,785,525
1643,17,500,417,656,655
1643,18,669,395,785,634
1644,18,669,395,785,634
1644,15,670,394,785,525
1644,17,500,417,654,654
1645,17,500,417,654,654
1645,18,669,395,785,633
1645,15,670,394,785,524
1646,15,670,394,785,524
1646,18,669,395,785,633
1646,17,500,417,652,653
1647,18,669,395,785,633
1647,15,670,394,785,524
1647,17,500,417,650,654
1648,15,670,394,785,525
1648,18,669,395,785,633
1648,17,500,417,650,654
1649,15,670,394,785,524
1649,17,500,417,650,654
1649,18,669,395,785,634
1650,18,670,395,785,634
1650,15,670,394,785,524
1650,17,500,417,649,654
1651,15,670,394,786,524
1651,18,670,395,786,634
1651,17,500,417,648,654
1652,18,670,395,785,635
1652,15,670,394,785,526
1652,17,500,418,652,649
1653,15,670,394,785,526
1653,18,670,395,786,635
1653,17,501,418,652,651
1654,15,670,394,785,526
1654,18,670,395,786,636
1654,17,501,417,652,651
1655,18,670,395,786,636
1655,15,670,394,785,526
1655,17,501,417,653,651
1656,15,670,394,785,526
1656,18,670,395,786,636
1656,17,500,417,652,651
1657,18,670,395,786,636
1657,15,670,394,785,526
1657,17,501,417,652,652
1658,18,670,395,786,635
1658,15,670,394,785,526
1658,17,501,417,650,651
1659,18,670,395,786,635
1659,15,670,394,785,526
1659,17,501,417,650,650
1660,17,501,417,650,650
1660,15,670,394,785,526
1660,18,670,395,786,636
1661,15,670,394,785,526
1661,18,670,395,786,636
1661,17,501,418,650,651
1662,15,670,394,785,526
1662,17,501,417,650,651
1662,18,670,395,786,635
1663,18,670,395,786,635
1663,15,670,394,786,526
1663,17,501,417,650,650
1664,15,670,394,785,526
1664,18,670,395,786,635
1664,17,501,417,647,649
1665,15,670,394,785,526
1665,18,670,395,786,635
1665,17,501,417,648,650
1666,18,670,395,786,635
1666,15,670,394,785,526
1666,17,501,417,643,650
1667,15,670,394,785,526
1667,18,670,395,786,635
1667,17,501,417,641,650
1668,18,670,395,786,635
1668,15,671,394,785,526
1668,17,501,417,640,650
1669,18,670,395,786,635
1669,15,670,394,786,526
1669,17,501,417,636,649
1670,15,670,394,785,525
1670,17,500,417,633,648
1670,18,670,394,787,595
1670,23,500,417,694,648
1671,15,670,394,785,525
1671,23,500,417,696,650
1671,17,500,417,630,649
1671,18,669,396,787,635
1672,18,669,396,786,635
1672,15,670,394,785,526
1672,17,500,417,628,648
1673,15,670,394,785,525
1673,18,669,396,787,634
1673,23,500,417,696,649
1673,17,501,416,631,650
1674,15,670,394,786,526
1674,18,669,395,787,635
1674,17,500,417,632,649
1675,18,670,395,786,635
1675,15,670,394,785,527
1675,17,500,417,636,650
1676,18,670,395,786,634
1676,15,670,394,785,526
1676,17,500,417,633,651
1677,18,669,395,786,634
1677,15,670,394,785,526
1677,17,500,417,632,650
1678,18,669,395,785,634
1678,15,670,395,784,527
1678,17,500,417,629,651
1679,15,670,395,784,527
1679,18,669,395,785,634
1679,17,499,417,630,650
1680,18,669,395,785,635
1680,15,669,395,784,527
1680,17,499,416,630,649
1681,18,668,395,785,635
1681,17,499,416,631,650
1681,15,669,395,784,526
1682,18,668,395,784,635
1682,15,668,395,784,526
1682,17,499,416,631,650
1683,18,668,395,784,635
1683,15,668,395,784,526
1683,17,499,415,630,650
1684,18,668,395,785,635
1684,15,668,395,784,527
1684,17,500,415,629,649
1685,15,668,396,784,526
1685,18,668,395,784,635
1685,17,499,415,629,650
1686,18,668,395,784,634
1686,15,668,396,784,526
1686,17,498,416,628,650
1687,18,668,395,784,634
1687,17,498,416,628,650
1687,15,668,396,784,524
1688,17,498,416,628,649
1688,18,667,395,784,634
1688,15,667,396,784,522
1689,17,498,417,629,650
1689,18,664,396,785,634
1689,15,665,396,784,521
1690,17,498,416,629,649
1690,15,664,396,784,520
1690,18,661,396,784,632
1691,17,498,416,629,649
1691,18,653,395,784,631
1691,15,654,396,783,522
1692,17,498,416,629,650
1692,18,653,395,784,631
1692,15,652,396,783,522
1693,18,653,395,784,632
1693,17,498,416,630,652
1693,15,653,395,784,523
1694,15,654,395,784,523
1694,18,654,395,784,631
1694,17,498,416,629,649
1695,17,499,415,630,649
1695,18,653,394,784,631
1695,15,653,394,784,523
1696,17,499,415,630,649
1696,15,652,394,784,523
1696,18,652,394,785,630
1697,18,652,394,785,630
1697,15,652,394,784,522
1697,17,498,415,629,647
1698,15,652,394,784,523
1698,18,652,394,785,629
1698,17,498,415,629,646
1699,18,652,394,785,630
1699,17,498,415,629,646
1699,15,651,394,784,523
1700,18,652,393,785,630
1700,15,652,394,784,524
1700,17,498,415,628,648
1701,18,652,394,785,631
1701,15,652,393,784,525
1701,17,498,415,628,647
1702,17,498,415,632,646
1702,18,656,393,785,631
1702,15,656,393,784,527
1703,17,497,415,631,648
1703,18,662,393,784,631
1703,15,663,393,783,527
1704,15,666,393,783,527
1704,18,665,394,784,631
1704,17,497,415,635,647
1705,18,666,394,783,631
1705,17,497,414,641,647
1705,15,667,393,782,531
1706,18,666,394,783,631
1706,17,497,414,638,647
1706,15,668,393,783,526
1707,18,665,394,783,630
1707,17,497,414,633,648
1707,15,666,393,782,533
1708,17,497,414,632,649
1708,18,667,394,783,630
1708,15,669,393,782,527
1709,18,667,394,783,630
1709,17,497,413,631,649
1709,15,669,393,783,522
1710,18,668,394,783,630
1710,15,668,393,783,522
1710,17,496,413,628,648
1711,18,668,394,783,630
1711,15,668,393,783,522
1711,17,497,412,625,648
1712,18,668,394,783,629
1712,15,668,393,783,524
1712,17,497,412,630,649
1713,15,668,393,783,524
1713,18,668,393,783,631
1713,17,497,411,628,649
1714,18,668,393,783,631
1714,17,497,410,628,649
1714,15,668,393,783,523
1715,18,668,393,783,631
1715,15,668,392,783,521
1715,17,496,410,625,649
1716,18,668,393,784,631
1716,15,668,392,783,520
1716,17,496,409,629,649
1717,18,668,393,784,631
1717,15,668,392,783,521
1717,17,495,407,629,650
1718,18,667,392,784,631
1718,15,668,392,783,521
1718,17,495,406,625,650
1719,18,667,391,784,631
1719,15,668,391,783,521
1719,17,496,406,634,649
1720,18,667,391,784,631
1720,15,668,391,783,521
1720,17,496,405,633,649
1721,17,496,405,633,648
1721,18,663,390,784,631
1721,15,664,390,783,521
1722,17,496,404,633,648
1722,18,655,390,784,631
1722,15,656,389,783,520
1723,17,496,403,632,648
1723,18,649,388,784,631
1723,15,649,387,783,519
1724,17,495,402,632,648
1724,18,650,386,784,629
1724,15,649,386,783,518
1725,17,495,401,631,648
1725,15,651,384,784,519
1725,18,652,385,785,631
1726,17,495,400,630,648
1726,18,662,382,784,630
1726,15,662,382,783,519
1727,17,495,399,629,647
1727,18,660,380,784,630
1727,15,660,380,784,519
1728,17,494,398,629,648
1728,18,652,378,785,631
1728,15,651,379,785,519
1729,17,494,396,628,648
1729,18,651,375,785,631
1729,15,651,375,785,519
1730,17,494,396,628,648
1730,18,654,373,786,631
1730,15,655,373,786,520
1731,17,494,395,628,647
1731,18,657,370,786,630
1731,15,658,370,787,522
1732,17,493,395,628,649
1732,18,654,368,787,631
1732,15,655,368,788,522
1733,17,492,394,628,649
1733,18,649,366,789,631
1733,15,650,366,789,521
1734,17,493,393,628,649
1734,18,648,364,789,631
1734,15,650,364,790,521
1735,17,493,390,629,649
1735,18,651,362,790,631
1735,15,652,362,791,521
1736,17,493,387,629,650
1736,18,657,359,791,631
1736,15,659,360,791,519
1737,17,493,385,629,649
1737,18,661,357,793,631
1737,15,662,357,794,518
1738,17,493,381,630,648
1738,18,663,353,799,632
1738,15,663,354,799,512
1739,17,493,379,629,648
1739,18,670,352,803,631
1739,15,671,352,800,504
1740,17,493,376,628,647
1740,18,676,350,802,629
1740,15,677,351,803,504
1741,17,492,374,626,648
1741,18,681,347,801,630
1741,15,681,348,801,506
1742,17,492,372,626,647
1742,15,685,348,800,506
1742,18,686,346,799,629
1743,17,491,370,625,647
1743,18,689,345,800,629
1743,15,687,346,801,507
1744,17,490,369,624,647
1744,18,692,344,800,629
1744,15,690,345,800,512
1745,17,488,365,624,647
1745,18,690,341,803,629
1745,15,691,342,802,516
1746,18,691,341,804,630
1746,17,486,363,624,647
1746,15,692,341,804,514
1747,17,483,362,624,647
1747,15,692,340,805,514
1747,18,692,339,807,630
1748,17,483,360,623,646
1748,15,693,339,811,512
1748,18,693,338,814,630
1749,17,478,359,624,646
1749,18,694,337,822,630
1749,15,694,338,821,512
1750,17,477,359,623,646
1750,18,695,337,825,632
1750,15,695,337,824,513
1751,17,474,358,622,646
1751,18,695,335,826,629
1751,15,696,335,826,511
1752,18,696,334,829,630
1752,15,697,334,829,511
1752,17,473,356,625,646
1753,18,697,333,831,630
1753,17,471,354,622,646
1753,15,698,332,831,512
1754,17,469,353,624,646
1754,18,698,331,833,629
1754,15,699,332,832,517
1755,15,700,332,834,521
1755,17,467,353,618,647
1756,17,466,352,613,647
1756,15,703,331,836,524
1757,15,706,331,836,525
1757,17,465,354,622,646
1757,18,705,332,837,629
1757,24,467,355,579,492
1758,17,464,354,622,647
1758,18,707,332,836,629
1758,15,707,331,836,525
1759,15,709,331,834,524
1759,18,709,332,835,632
1759,17,463,351,582,648
1760,18,711,332,835,629
1760,15,712,331,833,525
1760,17,462,352,579,646
1760,24,464,353,573,496
1761,15,713,332,834,526
1761,18,713,333,836,632
1761,17,460,351,584,646
1762,18,714,334,836,632
1762,15,714,333,834,524
1762,17,458,351,585,647
1762,24,459,352,572,496
1763,18,714,334,835,631
1763,15,715,333,834,521
1763,24,455,351,572,497
1763,17,454,350,589,647
1764,15,715,333,834,517
1764,18,713,335,833,629
1764,24,451,350,570,495
1764,17,450,349,569,647
1765,18,713,335,833,629
1765,15,716,334,834,521
1765,17,448,348,567,648
1765,24,449,350,568,495
1766,15,716,335,834,521
1766,18,715,336,835,631
1766,17,446,348,565,648
1766,24,447,349,565,496
1767,18,715,335,835,631
1767,15,716,334,834,521
1767,17,445,349,565,647
1767,24,445,349,564,497
1768,17,445,349,564,647
1768,18,716,336,835,631
1768,15,716,335,833,520
1768,24,445,349,564,500
1769,17,445,349,563,647
1769,15,717,335,833,521
1769,18,716,336,835,631
1769,24,445,349,563,499
1770,17,445,349,563,647
1770,24,446,349,563,499
1770,15,717,336,833,520
1770,18,717,335,833,630
1771,18,717,334,833,631
1771,15,717,336,833,518
1771,17,447,349,563,646
1771,24,447,350,562,499
1772,15,717,336,833,517
1772,18,717,337,834,631
1772,17,448,349,564,645
1772,24,448,349,563,497
1773,15,717,336,833,516
1773,18,717,334,833,630
1773,17,451,349,565,645
1774,15,717,336,832,517
1774,18,717,335,832,629
1774,17,455,350,566,645
1775,15,717,336,833,517
1775,18,717,334,832,630
1775,17,458,350,566,646
1775,24,459,351,564,495
1776,15,716,335,833,517
1776,18,716,334,832,628
1776,17,456,350,566,645
1776,24,457,352,566,496
1777,15,716,335,831,517
1777,17,454,353,568,646
1777,24,454,354,567,497
1778,15,716,334,831,517
1778,17,455,355,568,649
1778,24,456,357,568,494
1779,15,716,334,831,518
1779,24,455,360,568,494
1779,17,450,358,568,647
1780,15,715,334,830,517
1780,17,457,360,569,647
1781,15,715,334,830,518
1781,17,454,362,567,649
1781,24,457,364,564,494
1782,15,715,334,830,518
1782,24,457,367,563,494
1782,17,455,365,566,646
1783,17,455,366,566,646
1783,15,715,334,830,519
1783,24,456,368,563,493
1784,15,714,334,830,518
1784,24,455,368,564,493
1784,17,455,367,568,649
1785,15,714,334,830,519
1785,17,454,367,569,647
1785,24,453,369,567,493
1786,15,714,335,830,519
1786,24,453,369,569,493
1786,17,453,367,571,650
1786,18,713,336,830,634
1787,15,714,335,830,519
1787,18,713,335,831,634
1787,17,452,368,572,652
1787,24,452,369,570,493
1788,15,713,335,830,519
1788,18,713,336,831,632
1788,24,450,370,571,493
1788,17,450,369,573,649
1789,18,713,336,831,631
1789,15,712,335,831,523
1789,24,449,371,572,492
1789,17,448,370,573,646
1790,15,712,335,831,521
1790,24,447,371,572,491
1790,18,711,336,831,633
1790,17,446,372,571,646
1791,18,710,337,831,632
1791,17,445,371,572,646
1791,15,710,337,831,522
1791,24,445,373,571,491
1792,15,710,337,831,522
1792,18,710,338,831,630
1792,17,444,373,572,646
1792,24,444,375,571,491
1793,15,709,338,831,524
1793,18,709,338,831,626
1793,24,443,375,570,491
1793,17,442,373,571,641
1794,18,708,338,832,626
1794,15,709,338,831,523
1794,17,440,376,571,644
1794,24,441,378,569,492
1795,18,708,339,832,625
1795,15,708,339,832,524
1795,17,438,379,570,645
1795,24,439,381,567,492
1796,18,707,340,833,623
1796,15,707,340,832,526
1796,24,437,382,566,492
1796,17,437,381,568,642
1797,18,706,341,834,622
1797,15,707,341,833,528
1797,17,435,383,569,640
1797,24,435,384,565,493
1798,24,434,385,565,493
1798,18,706,341,834,616
1798,15,706,341,834,532
1798,17,434,384,568,643
1799,15,706,342,832,533
1799,24,433,385,567,494
1799,17,433,385,570,639
1799,18,706,342,833,623
1800,18,705,344,831,623
1800,24,431,386,566,494
1800,15,705,344,831,534
1800,17,431,386,570,644
1801,18,705,345,831,622
1801,15,705,345,831,537
1801,24,430,387,565,494
1801,17,430,387,568,634
1802,18,705,347,831,623
1802,15,705,346,830,540
1802,17,429,388,570,636
1803,18,705,348,830,623
1803,15,705,347,829,542
1803,17,428,389,572,638
1804,18,705,348,829,622
1804,15,705,347,830,539
1804,17,427,390,570,633
1805,15,705,349,830,543
1805,18,705,350,831,623
1805,17,426,392,569,629
1806,15,705,350,830,545
1806,17,425,391,572,638
1807,15,705,351,832,545
1807,17,422,391,572,645
1808,15,705,351,832,545
1808,17,421,392,571,648
1809,15,704,352,832,544
1809,17,419,393,572,646
1810,15,703,353,833,545
1810,17,417,393,574,646
1811,15,701,353,833,544
1811,17,416,394,574,654
1811,24,417,393,571,491
1812,15,700,354,833,545
1812,24,416,394,571,490
1812,17,415,395,573,646
1813,15,699,355,833,545
1813,17,414,396,574,647
1813,24,415,396,572,490
1814,15,700,355,833,545
1814,17,413,398,575,644
1814,24,413,398,574,490
1815,15,702,355,833,545
1815,17,412,400,576,645
1815,24,412,400,576,490
1816,15,702,356,834,545
1816,24,412,401,576,491
1816,17,412,401,575,640
1817,15,704,356,833,546
1817,24,412,403,576,491
1817,17,412,403,575,634
1818,15,705,356,834,547
1818,24,412,404,575,492
1818,17,412,404,574,631
1819,15,706,356,834,547
1819,17,413,406,572,630
1819,24,412,406,573,490
1820,15,706,356,835,547
1820,17,414,408,572,628
1820,24,413,407,572,490
1821,17,414,408,571,629
1821,15,705,357,836,547
1821,24,413,408,572,490
1822,15,704,357,837,548
1822,17,412,408,570,629
1822,24,413,408,570,489
1823,17,412,409,569,629
1823,15,704,359,838,547
1823,24,413,409,568,490
1824,17,411,410,569,628
1824,24,412,409,568,489
1824,15,703,360,840,547
1825,15,703,361,841,547
1825,24,411,409,568,488
1826,15,703,361,841,547
1826,24,409,410,567,488
1826,17,408,409,567,625
1827,15,703,362,842,547
1827,17,407,412,568,627
1827,24,407,411,566,488
1828,15,703,362,842,547
1828,17,406,413,568,627
1828,24,406,411,566,489
1829,15,702,363,842,547
1829,17,404,410,569,627
1829,24,404,411,567,487
1830,15,703,363,843,547
1830,17,403,413,570,629
1830,24,403,414,575,489
1831,17,402,413,571,629
1831,24,402,415,575,489
1831,15,703,364,842,547
1832,15,703,364,842,547
1832,24,401,416,575,489
1832,17,401,413,570,633
1833,15,703,365,842,547
1833,17,401,413,571,631
1833,24,401,415,574,489
1834,15,703,365,842,547
1834,24,401,416,574,489
1834,17,401,414,571,633
1835,15,703,365,843,547
1835,17,401,413,570,635
1835,24,401,415,567,488
1836,15,703,365,843,547
1836,17,401,414,570,636
1836,24,402,415,567,487
1837,15,703,365,843,547
1837,17,401,416,571,637
1837,24,401,416,568,488
1838,15,703,365,843,547
1838,17,401,415,570,638
1838,24,401,417,568,488
1839,17,401,415,570,639
1839,15,702,364,844,546
1839,24,401,417,567,487
1840,15,702,365,844,546
1840,17,401,414,570,639
1840,24,401,416,567,488
1841,15,702,365,843,546
1841,24,401,417,568,488
1841,17,401,416,571,636
1842,15,702,365,843,546
1842,24,401,417,568,487
1842,17,400,415,570,635
1843,15,702,365,843,546
1843,17,400,417,571,633
1843,24,400,418,568,488
1844,17,400,416,570,632
1844,15,702,365,842,546
1844,24,400,418,567,489
1845,15,702,365,842,546
1845,17,400,416,570,632
1845,24,401,418,567,488
1846,15,702,365,842,546
1846,17,400,417,571,633
1846,24,401,419,568,488
1847,15,702,366,842,547
1847,24,401,419,567,489
1847,17,400,417,571,634
1848,15,702,366,842,546
1848,17,400,419,571,635
1848,24,400,420,567,489
1849,15,702,365,843,546
1849,17,400,416,571,636
1849,24,400,418,567,489
1850,15,701,365,842,546
1850,17,400,417,571,637
1850,24,400,419,567,490
1851,15,701,365,842,546
1851,17,399,418,571,638
1851,24,400,419,567,490
1852,15,702,366,841,547
1852,17,399,418,571,636
1852,24,400,420,566,490
1853,17,399,418,570,635
1853,24,400,420,566,490
1853,15,701,366,842,546
1854,15,701,366,842,546
1854,24,400,420,566,490
1854,17,399,418,570,636
1855,15,701,366,842,546
1855,17,399,419,570,637
1855,24,400,421,566,490
1856,15,701,366,842,546
1856,24,400,421,566,490
1856,17,400,418,569,637
1857,15,701,366,842,546
1857,17,400,416,569,637
1858,15,701,366,842,546
1858,17,400,418,569,638
1858,24,401,422,566,490
1859,15,702,366,842,546
1859,17,401,419,568,639
1859,24,401,423,566,490
1860,15,702,367,842,546
1860,17,401,419,569,638
1860,24,402,420,564,491
1861,15,701,367,842,546
1862,15,702,367,842,547
1863,15,702,367,842,547
1864,15,701,367,842,547
1865,15,701,368,842,547
1866,15,701,368,842,547
1867,15,701,368,842,547
1868,15,701,368,842,547
1869,15,701,368,842,547
1870,15,701,368,841,548
1871,15,701,369,841,547
1872,15,701,369,841,548
1873,15,701,370,841,548
1873,17,399,420,571,644
1874,15,701,370,841,549
1874,17,399,420,571,643
1875,15,701,370,841,549
1876,15,702,370,841,549
1877,15,702,370,841,549
1877,17,398,420,570,640
1878,15,702,370,841,549
1878,17,398,420,569,642
1879,15,702,370,842,549
1879,17,398,420,571,640
1880,15,702,370,841,549
1880,17,399,421,571,642
1881,15,702,370,841,549
1881,17,399,420,571,644
1882,15,702,370,841,549
1882,17,398,420,570,647
1883,15,702,370,841,549
1884,15,702,370,841,549
1884,17,399,423,572,645
1885,15,702,370,841,549
1886,15,702,370,841,549
1887,15,702,371,841,550
1888,15,702,370,841,550
1889,15,702,371,841,550
1890,15,702,370,841,550
1891,15,702,370,841,550
1892,15,702,371,842,550
1893,15,703,371,842,550
1894,15,703,371,842,550
1895,15,703,371,842,550
1896,15,703,371,842,550
1897,15,703,371,842,550
1898,15,703,371,842,550
1899,15,703,371,842,550
1900,15,703,371,842,550
1901,15,703,371,842,550
1902,15,704,371,842,550
1903,15,704,371,843,550
1904,15,704,371,843,550
1905,15,704,371,843,550
1906,15,704,370,843,550
1907,15,704,370,844,551
1908,15,704,370,844,551
1909,15,704,371,843,550
1910,15,704,371,843,550
1911,15,704,370,844,551
1912,15,704,371,843,550
1913,15,704,371,843,550
1914,15,704,370,843,551
1915,15,704,370,844,551
1916,15,704,371,843,551
1917,15,704,371,843,550
1918,15,704,371,843,551
1919,15,704,371,843,550
1920,15,704,371,843,551
1921,15,704,371,843,550
1921,25,399,422,572,640
1922,15,704,371,843,550
1922,25,399,422,572,639
1923,15,704,371,842,550
1923,25,398,422,571,639
1924,15,704,371,842,550
1924,25,399,422,571,639
1925,15,704,370,842,550
1925,25,399,423,571,639
1925,26,399,424,566,494
1926,25,399,424,571,638
1926,15,704,370,842,551
1926,26,400,426,567,494
1927,25,399,423,571,639
1927,15,704,370,842,550
1927,26,400,426,568,494
1928,15,704,371,842,550
1928,25,400,423,571,639
1928,26,401,426,568,493
1929,15,704,371,842,550
1929,25,401,422,571,639
1930,15,704,371,842,550
1930,25,402,422,571,639
1931,25,402,422,572,640
1931,15,704,370,842,551
1931,26,402,424,569,493
1932,15,704,371,842,551
1932,25,402,421,572,640
1932,26,401,423,570,493
1933,15,704,371,842,550
1933,25,401,418,571,643
1933,26,401,421,570,494
1934,15,704,371,842,550
1934,25,401,419,572,644
1934,26,402,421,570,493
1935,15,703,371,842,550
1935,25,402,417,572,643
1935,26,402,419,570,493
1936,15,703,371,842,550
1936,26,406,419,571,493
1936,25,406,417,572,641
1937,15,703,371,842,550
1937,25,407,417,573,641
1937,26,408,418,571,492
1938,15,703,371,842,551
1938,25,408,415,574,646
1938,26,409,416,572,493
1939,15,703,371,842,551
1939,25,410,415,574,645
1939,26,411,415,572,493
1940,15,703,371,842,551
1940,26,413,415,573,493
1940,25,412,414,576,647
1941,15,703,371,842,551
1941,25,415,414,577,647
1941,26,415,415,575,493
1942,15,703,371,842,551
1942,25,418,414,578,648
1942,26,418,414,576,493
1943,15,703,371,842,551
1943,25,420,412,578,647
1943,26,420,413,577,493
1944,15,703,372,842,551
1944,25,423,411,579,647
1945,15,703,372,842,551
1945,25,425,411,579,642
1946,15,703,372,842,551
1946,25,427,412,579,643
1947,15,703,372,841,551
1947,25,428,412,579,641
1948,15,703,372,841,551
1948,25,429,412,579,643
1948,26,427,409,578,495
1949,15,703,372,841,551
1949,26,427,409,578,495
1949,25,429,412,580,644
1950,15,703,373,841,552
1950,25,428,411,580,643
1951,15,703,373,841,551
1951,25,428,411,580,642
1952,15,703,373,841,552
1952,25,428,412,580,646
1952,26,423,411,579,496
1953,15,703,373,841,552
1953,25,428,413,580,647
1954,15,703,373,841,552
1954,25,427,413,580,639
1955,15,703,374,841,553
1955,25,427,413,580,642
1956,15,703,374,841,553
1956,25,426,413,579,645
1957,15,703,374,841,552
1957,25,425,413,579,648
1958,15,703,374,841,552
1958,25,425,413,580,650
1958,27,703,374,843,624
1959,15,703,374,841,552
1959,25,424,414,580,655
1960,15,703,374,841,552
1960,25,424,413,581,654
1961,15,703,374,841,553
1961,25,423,414,581,659
1962,15,703,374,841,553
1962,25,422,414,582,664
1963,15,703,374,841,553
1963,25,422,415,581,662
1964,15,703,374,841,553
1964,25,422,415,580,657
1965,15,703,374,841,554
1965,25,422,416,579,651
1965,26,421,416,578,498
1966,15,703,374,841,554
1966,25,422,416,579,652
1967,15,703,374,841,554
1967,25,422,416,579,656
1968,15,703,375,842,554
1968,25,422,416,579,657
1969,15,703,375,842,554
1969,25,422,416,579,661
1970,15,703,375,842,554
1970,25,421,417,579,660
1971,25,421,417,579,659
1971,15,703,375,842,553
1972,15,703,376,842,553
1972,25,421,417,579,656
1973,15,703,376,842,554
1973,25,420,417,579,657
1974,15,703,376,842,554
1974,25,420,417,579,662
1975,15,703,376,842,554
1975,25,421,417,579,660
1976,15,703,376,842,554
1976,25,421,417,580,658
1977,15,703,376,842,554
1977,25,421,418,580,657
1978,15,703,376,842,554
1978,25,421,417,580,657
1979,15,703,376,842,554
1979,25,421,418,580,658
1980,15,704,376,842,554
1980,25,421,418,579,654
1981,15,704,376,842,554
1981,25,420,417,579,655
1982,15,704,376,842,554
1982,25,420,418,579,655
1983,15,704,376,842,554
1983,25,419,418,579,654
1983,28,419,419,577,498
1984,15,704,377,842,555
1984,28,419,419,577,498
1984,25,419,418,579,656
1985,25,419,418,579,656
1985,15,704,377,841,554
1985,28,419,419,576,498
1986,28,418,419,576,498
1986,15,703,377,841,555
1986,25,418,418,578,657
1987,15,702,378,841,555
1987,25,418,418,577,657
1988,15,702,378,841,555
1988,25,418,418,577,656
1989,15,702,378,841,555
1989,25,418,418,577,656
1990,15,702,378,841,555
1990,25,419,418,577,657
1991,15,702,378,841,555
1991,25,419,418,577,656
1992,15,702,378,841,555
1992,25,418,417,577,656
1993,15,701,378,841,555
1993,25,418,418,576,657
1994,15,702,379,841,555
1994,25,417,418,576,658
1995,15,702,379,841,555
1995,25,417,417,576,658
1996,15,702,379,841,555
1996,25,418,417,576,658
1997,15,701,379,841,555
1997,25,418,418,576,658
1998,15,701,379,841,555
1998,25,418,418,576,659
1999,15,702,379,841,556
1999,25,420,419,576,658
2000,15,702,379,840,556
2000,25,418,419,576,657
2001,15,702,379,841,556
2001,25,417,419,576,656
2002,25,417,420,576,657
2002,15,701,379,841,555
2003,15,702,379,840,556
2003,25,416,420,575,658
2004,25,417,420,575,658
2004,15,701,379,841,555
2005,15,701,379,841,555
2005,25,416,420,575,659
2006,15,701,379,840,555
2006,25,416,420,575,659
2007,15,701,379,840,555
2007,25,414,420,575,658
2008,15,701,379,840,555
2008,25,415,421,575,657
2009,15,701,379,840,555
2009,25,415,421,575,658
2010,15,701,379,840,555
2010,25,415,421,575,657
2011,15,700,379,840,555
2012,15,700,379,840,555
2013,15,700,379,839,555
2013,25,414,421,574,659
2014,15,700,379,839,555
2015,15,700,379,839,555
2016,15,700,379,839,555
2017,15,699,379,839,555
2018,15,699,379,839,555
2019,15,699,379,839,555
2019,25,413,421,573,660
2020,15,699,379,838,555
2020,25,414,420,573,659
2021,15,699,379,838,555
2021,25,414,420,573,660
2022,15,699,379,838,555
2023,15,699,379,838,556
2024,15,699,379,838,555
2025,15,699,379,838,555
2025,25,413,420,573,659
2026,15,699,379,838,555
2026,25,413,419,572,658
2027,15,699,379,838,554
2027,25,414,420,573,658
2028,15,698,379,838,554
2028,25,414,420,573,658
2029,15,698,378,838,555
2029,25,414,420,573,658
2030,15,698,378,837,554
2031,15,698,378,838,554
2032,15,698,378,837,554
2033,15,698,378,837,554
2033,25,413,421,572,657
2034,15,698,378,837,554
2034,25,413,421,572,657
2035,25,413,421,572,657
2035,15,698,378,837,554
2036,15,698,378,837,554
2037,15,698,378,837,554
2038,15,698,378,837,554
2039,15,697,378,837,555
2040,15,697,378,837,555
2041,15,697,378,837,555
2042,15,697,378,837,554
2043,15,697,378,837,555
2044,15,697,378,836,555
2045,15,697,378,836,555
2046,15,697,378,836,555
2047,15,696,378,836,555
2048,15,696,378,836,555
2049,15,696,378,836,555
2050,15,696,378,836,556
2051,15,696,378,836,556
2052,15,696,378,836,556
2053,15,696,378,836,556
2054,15,696,378,836,555
2055,15,696,378,836,555
2056,15,696,378,836,555
2057,15,696,378,836,555
2058,15,696,378,836,555
2059,15,696,378,836,555
2060,15,695,378,836,555
2061,15,696,378,836,555
2062,15,696,378,836,555
2063,15,696,378,836,555
2064,15,696,378,836,556
2065,15,696,378,836,556
2066,15,696,378,836,556
2067,15,696,378,836,556
2068,15,696,378,836,555
2069,15,696,378,836,555
2070,15,696,378,836,555
2071,15,696,378,836,555
2072,15,696,378,836,556
2073,15,696,378,836,555
2074,15,696,378,836,555
2075,15,697,378,836,555
2076,15,696,378,836,555
2077,15,697,378,836,555
2078,15,697,378,836,555
2079,15,697,378,836,555
2080,15,697,378,836,555
2081,15,697,378,836,555
2082,15,697,378,836,555
2083,15,697,378,836,555
2084,15,697,378,837,554
2085,15,697,378,837,554
2086,15,697,378,836,554
2087,15,697,378,837,554
2088,15,697,378,837,553
2089,15,697,377,837,553
2090,15,697,377,837,553
2091,15,697,377,837,553
2092,15,697,377,837,553
2093,15,697,377,837,553
2094,15,697,377,837,553
2095,15,698,377,837,553
2095,29,410,420,571,657
2096,15,697,376,837,553
2097,15,697,377,837,553
2098,15,697,376,837,553
2099,15,697,376,837,553
2100,15,698,376,837,553
2101,15,697,377,837,553
2102,15,697,377,837,553
2103,15,697,377,837,553
2104,15,697,377,837,553
2105,15,697,377,837,553
2106,15,697,377,837,553
2107,15,698,376,838,553
2108,15,697,376,837,553
2109,15,698,376,837,553
2109,29,413,418,570,653
2110,15,698,376,837,553
2110,29,411,418,569,653
2111,15,697,376,837,553
2112,15,698,376,837,553
2112,29,412,417,569,651
2113,15,698,376,837,553
2114,15,698,376,837,553
2115,15,698,376,837,553
2115,29,413,417,569,650
2116,15,697,376,837,553
2116,29,413,417,570,649
2117,15,697,376,837,553
2117,29,413,417,570,649
2118,15,697,376,837,553
2118,29,413,417,571,648
2119,15,697,376,836,553
2119,29,413,417,571,649
2120,15,697,376,836,553
2120,29,414,417,572,647
2121,15,697,376,836,553
2121,29,414,417,571,645
2122,15,697,376,836,553
2122,29,414,417,572,644
2123,15,697,376,836,553
2123,29,414,417,572,647
2124,15,697,376,836,553
2124,29,415,416,573,649
2125,15,697,375,836,553
2125,29,416,417,574,654
2126,15,697,375,837,553
2126,29,416,417,575,654
2126,30,416,417,573,498
2127,15,697,375,837,553
2127,29,415,417,575,652
2127,30,416,417,573,499
2128,15,697,375,837,553
2128,29,415,417,575,651
2129,29,415,417,575,651
2129,15,697,375,837,553
2130,15,697,375,837,553
2130,29,415,417,575,653
2131,15,697,375,837,553
2131,29,416,417,576,653
2132,15,697,375,837,553
2132,29,416,417,575,654
2132,30,417,417,574,499
2133,15,697,375,837,552
2133,29,416,417,576,654
2133,30,417,417,574,499
2134,15,697,375,837,552
2134,29,416,417,576,655
2135,15,697,375,837,553
2135,29,416,417,576,655
2136,15,697,375,837,553
2136,29,416,417,576,654
2137,15,697,375,837,553
2137,29,416,417,576,654
2137,30,417,417,575,498
2138,29,416,417,576,654
2138,15,697,375,837,553
2138,30,417,417,575,498
2139,15,697,375,837,553
2139,30,417,417,575,498
2139,29,416,417,576,654
2140,15,697,375,836,553
2140,29,416,418,577,656
2141,15,697,375,836,553
2141,29,416,417,576,653
2142,29,416,418,576,653
2142,15,697,375,836,553
2143,15,697,375,836,553
2143,29,416,417,577,653
2144,15,697,375,836,553
2144,29,417,418,577,654
2145,15,697,375,836,553
2145,29,417,418,577,653
2146,15,697,375,836,553
2146,29,417,418,577,653
2147,29,418,418,577,653
2147,15,697,375,836,554
2148,15,697,375,836,554
2148,29,418,418,577,652
2149,15,697,376,836,554
2149,29,418,418,577,651
2150,15,697,376,836,554
2150,29,418,418,577,651
2151,15,697,376,836,554
2151,29,418,419,577,651
2152,15,696,376,836,554
2152,29,418,419,577,651
2153,15,696,376,836,554
2153,29,418,418,577,653
2154,15,696,376,836,554
2154,29,418,419,577,653
2155,15,696,377,836,554
2155,29,418,419,577,655
2156,15,696,377,836,554
2156,29,418,419,577,657
2157,15,696,377,836,554
2157,29,418,419,577,657
2158,15,696,377,835,554
2158,29,418,419,577,658
2159,15,695,377,835,555
2159,29,417,419,576,657
2160,15,695,377,835,555
2160,29,417,420,576,657
2161,15,695,377,835,555
2161,29,417,419,575,657
2162,15,695,377,835,556
2162,29,416,419,575,658
2163,15,694,378,835,556
2163,29,415,419,575,658
2164,15,694,378,835,556
2164,29,415,419,575,659
2165,15,694,378,834,556
2166,15,694,378,834,556
2167,15,694,378,834,556
2168,15,694,379,834,556
2169,15,694,379,834,556
2169,29,414,420,574,656
2170,15,694,379,834,556
2170,29,414,420,573,656
2170,31,415,421,572,500
2171,15,694,379,834,556
2171,29,414,420,573,656
2172,29,414,421,573,656
2172,15,694,379,834,556
2173,15,694,379,834,557
2174,15,694,379,834,557
2174,29,414,420,572,655
2175,15,694,379,834,556
2175,29,414,420,572,657
2176,15,694,379,834,556
2177,15,694,379,834,557
2178,15,694,379,834,556
2179,15,694,379,834,556
2180,15,694,379,833,556
2181,15,694,379,833,556
2182,15,694,379,833,557
2183,15,694,379,834,557
2184,15,694,379,833,556
2185,15,694,379,833,556
2186,15,694,379,834,556
2187,15,694,379,834,556
2188,15,694,379,834,556
2189,15,694,379,834,556
2190,15,694,379,834,556
2191,15,694,379,834,556
2191,29,415,423,571,500
2192,15,694,379,834,556
2192,29,415,422,571,500
2193,15,694,379,834,556
2194,15,694,379,834,556
2195,15,694,379,834,556
2196,15,694,379,834,556
2197,15,694,379,834,556
2198,15,694,379,834,556
2199,15,694,379,835,556
2200,15,695,379,835,556
2201,15,695,378,835,556
2202,15,695,378,835,556
2203,15,695,378,836,556
2204,15,695,378,835,556
2205,15,695,378,835,556
2206,15,695,378,835,556
2207,15,695,378,836,556
2207,29,415,420,572,500
2208,15,695,378,836,556
2209,15,695,378,836,555
2210,15,695,378,836,555
2211,15,695,378,836,555
2212,15,695,378,836,555
2213,15,695,378,836,555
2213,29,415,421,572,499
2214,15,695,378,836,555
2214,29,415,421,572,500
2215,15,695,377,836,555
2215,29,415,420,572,500
2216,15,695,377,836,555
2216,29,415,421,572,499
2217,15,695,377,836,555
2217,29,415,421,572,499
2218,15,695,377,835,555
2219,15,695,377,836,555
2220,15,695,377,836,554
2220,29,415,421,572,499
2221,15,696,377,836,554
2222,15,696,377,835,554
2223,15,696,377,835,554
2223,29,415,421,572,499
2224,15,696,377,835,554
2224,29,415,420,572,498
2225,15,696,377,835,554
2225,29,415,420,572,498
2226,15,696,376,835,554
2226,29,416,420,573,498
2227,15,696,376,835,553
2227,29,416,420,573,498
2228,15,696,376,835,553
2228,29,416,420,573,498
2229,29,416,420,573,498
2229,15,697,375,836,553
2230,15,697,375,836,553
2230,29,416,419,573,498
2230,32,415,419,574,656
2231,15,697,375,836,552
2231,32,415,418,574,655
2231,29,415,419,573,498
2232,15,697,375,836,552
2232,32,414,418,574,655
2232,29,415,419,573,498
2233,29,415,419,573,498
2233,32,415,418,574,654
2233,15,697,375,836,552
2234,15,697,375,836,552
2234,32,415,418,575,655
2234,29,416,419,573,498
2235,15,697,375,836,552
2235,32,415,418,575,654
2235,29,416,419,573,498
2236,15,697,375,836,552
2236,32,415,418,575,654
2236,29,416,419,573,498
2237,32,415,418,575,655
2237,29,416,418,573,498
2237,15,697,375,837,552
2238,15,697,375,837,552
2238,29,416,418,573,497
2239,15,697,375,837,552
2239,29,416,418,574,497
2240,15,697,375,837,552
2240,29,416,418,573,497
2241,15,697,375,837,552
2241,29,416,418,573,497
2242,15,697,374,837,552
2242,29,416,418,573,497
2243,15,697,374,837,552
2243,29,416,418,573,497
2244,15,697,375,836,553
2244,29,416,418,573,496
2245,15,697,374,837,553
2245,29,416,418,572,497
2246,15,697,374,836,553
2246,29,416,418,572,497
2247,15,697,375,836,553
2247,29,415,418,572,498
2248,15,697,375,836,553
2248,29,415,417,572,498
2248,32,413,417,573,655
2249,15,697,375,836,553
2249,29,415,417,571,498
2249,32,413,417,573,654
2250,15,697,375,836,553
2250,29,414,417,571,498
2250,32,413,417,573,653
2251,15,697,375,836,553
2251,32,413,417,573,654
2251,29,415,418,571,498
2252,15,697,375,836,554
2252,29,415,417,571,496
2253,15,696,375,836,554
2253,29,415,417,571,496
2254,15,696,375,836,554
2254,29,415,417,572,496
2255,15,696,375,836,554
2255,29,415,417,571,496
2256,15,696,375,836,553
2256,29,415,417,572,496
2257,29,415,417,572,496
2257,15,696,375,836,552
2258,15,696,375,836,553
2259,15,696,375,836,553
2260,15,696,375,836,552
2261,15,696,375,836,552
2261,29,414,417,571,496
2262,15,697,375,836,551
2263,15,697,375,836,551
2264,15,697,375,836,550
2264,29,413,417,571,496
2265,15,697,375,836,550
2265,29,413,417,572,497
2265,32,412,416,573,652
2266,15,696,375,835,550
2266,29,413,417,571,497
2267,15,696,375,835,550
2267,29,413,416,571,497
2267,32,412,416,572,653
2268,15,697,376,836,550
2268,29,413,416,571,497
2268,32,412,416,572,652
2269,32,412,416,572,652
2269,15,697,376,836,550
2269,29,413,416,571,496
2270,32,412,415,572,652
2270,29,413,416,571,496
2270,15,696,375,836,549
2271,29,413,416,571,496
2271,15,697,375,836,549
2271,32,412,415,572,650
2272,15,697,375,836,549
2272,29,413,416,570,496
2272,32,412,415,571,650
2273,29,413,416,570,496
2273,15,696,376,836,549
2274,15,696,376,836,549
2274,29,412,416,570,496
2274,32,411,415,571,651
2275,15,696,375,836,549
2275,29,412,416,570,496
2275,32,411,415,571,649
2276,15,696,375,836,549
2276,29,412,416,570,496
2276,32,411,415,571,647
2277,15,696,375,836,549
2277,29,412,416,570,496
2278,15,696,375,835,549
2278,29,412,416,570,496
2279,15,696,375,836,549
2279,29,412,416,570,496
2280,15,695,375,835,549
2280,29,412,416,570,496
2281,15,695,375,835,549
2281,29,411,416,570,496
2282,15,695,375,835,549
2282,29,411,416,570,496
2283,15,695,375,835,549
2283,29,411,416,570,496
2284,15,695,375,835,549
2284,29,411,416,570,496
2285,15,695,375,835,549
2285,29,411,415,570,496
2286,29,412,415,570,496
2286,15,696,374,836,548
2287,15,696,375,835,548
2287,29,411,415,570,496
2287,32,410,414,571,651
2288,15,695,375,835,548
2288,32,410,414,571,651
2288,29,411,415,570,496
2289,15,695,374,835,548
2289,32,410,414,571,650
2289,29,411,414,570,496
2290,32,410,414,571,650
2290,29,411,414,570,496
2290,15,695,375,835,549
2291,32,410,414,571,650
2291,15,695,375,835,549
2291,29,411,415,570,496
2292,15,695,375,835,549
2292,29,411,414,570,496
2292,32,409,414,571,649
2293,15,695,374,836,549
2293,32,409,413,571,649
2293,29,411,414,570,496
2294,15,695,374,836,548
2294,32,409,413,570,649
2294,29,411,414,570,496
2295,32,410,413,570,649
2295,29,411,414,570,495
2295,15,695,374,836,547
2296,15,695,374,836,547
2296,32,410,413,570,648
2296,29,411,414,569,495
2297,29,411,414,569,495
2297,32,409,413,570,648
2297,15,695,375,835,548
2298,32,409,413,570,648
2298,15,695,375,835,548
2299,15,695,375,836,548
2299,32,409,412,570,650
2300,15,695,375,835,549
2300,32,409,413,570,647
2301,32,409,413,570,647
2301,15,695,375,836,549
2302,32,409,413,570,647
2302,15,694,375,837,549
2303,32,409,413,570,648
2303,15,694,375,837,549
2303,29,410,414,569,495
2304,15,695,375,837,549
2304,32,409,413,570,648
2304,29,410,414,569,495
2305,32,409,413,570,648
2305,15,695,375,837,549
2306,15,695,375,837,549
2306,32,409,413,570,647
2306,29,410,414,569,495
2307,15,694,375,837,549
2307,32,409,413,570,648
2307,29,410,414,569,495
2308,15,694,375,837,549
2308,32,408,413,569,648
2309,15,694,375,837,549
2309,32,408,413,569,649
2310,32,408,413,569,649
2310,15,694,375,837,549
2310,29,409,415,568,495
2311,32,408,414,569,649
2311,15,694,375,836,549
2312,15,694,375,836,549
2312,32,408,413,569,649
2313,15,694,374,837,549
2313,32,408,414,569,649
2314,32,408,414,569,649
2314,15,694,375,836,549
2315,15,694,375,836,550
2315,32,407,414,569,650
2316,15,693,375,836,549
2316,32,407,414,569,650
2317,15,693,375,836,550
2318,15,693,375,836,550
2318,29,408,415,568,496
2319,15,693,375,836,550
2320,15,693,375,836,550
2320,29,407,415,567,496
2321,15,693,375,836,551
2322,15,693,375,836,551
2322,29,407,415,567,496
2323,15,693,375,836,551
2323,32,406,414,568,649
2324,15,693,375,836,551
2324,32,406,414,567,649
2325,15,693,375,836,551
2325,32,406,415,567,649
2326,15,693,375,836,551
2326,32,406,415,567,649
2326,29,406,416,567,497
2327,32,406,415,567,649
2327,15,693,375,837,551
2327,29,406,416,567,497
2328,15,693,375,837,551
2328,32,406,416,567,649
2328,29,406,416,567,497
2329,32,406,416,567,649
2329,29,406,417,567,497
2329,15,693,375,838,551
2330,15,693,375,837,551
2330,32,406,416,567,649
2330,29,406,416,567,497
2331,15,693,375,837,552
2331,29,407,417,567,497
2332,15,693,375,837,552
2332,29,406,417,567,498
2333,15,693,375,838,551
2333,29,406,417,567,497
2334,15,693,375,838,551
2334,29,405,418,571,497
2335,15,693,375,838,551
2335,29,405,418,571,497
2336,15,693,375,838,552
2337,15,692,375,838,552
2337,32,405,417,567,650
2337,29,405,418,567,497
2338,15,692,375,837,552
2338,32,405,417,567,650
2339,15,692,375,837,552
2339,32,405,417,566,650
2339,29,405,418,567,496
2340,15,692,375,837,552
2340,32,405,416,566,650
2340,29,405,417,567,496
2341,15,692,375,837,552
2341,29,405,417,567,496
2341,32,405,416,566,650
2342,15,692,375,837,552
2342,29,405,417,567,496
2342,32,405,416,566,651
2343,15,692,375,837,552
2343,32,405,417,566,651
2343,29,405,417,567,496
2344,32,405,417,566,651
2344,15,692,375,837,552
2344,29,405,417,567,496
2345,32,405,416,566,651
2345,29,405,417,567,496
2345,15,692,375,837,552
2346,32,405,416,566,651
2346,29,405,417,567,496
2346,15,691,375,837,552
2347,15,691,375,837,552
2347,32,404,416,566,652
2347,29,404,417,567,496
2348,32,404,416,566,652
2348,15,691,375,837,552
2348,29,404,417,567,496
2349,32,404,416,566,652
2349,15,691,375,837,552
2349,29,404,417,566,496
2350,15,691,375,837,552
2350,32,404,416,566,652
2350,29,404,417,566,496
2351,15,691,375,837,552
2351,32,404,416,566,652
2351,29,404,417,566,496
2352,32,404,416,566,653
2352,29,404,417,566,497
2352,15,691,375,837,552
2353,32,404,416,566,652
2353,15,691,375,836,552
2353,29,404,417,566,496
2354,32,403,416,565,652
2354,15,690,375,837,553
2354,29,403,417,565,496
2355,15,690,376,837,553
2355,32,403,416,565,653
2355,29,403,418,565,496
2356,15,690,376,836,553
2356,29,403,417,565,496
2356,32,403,416,565,652
2357,15,690,376,836,553
2357,32,403,417,565,653
2357,29,403,417,565,497
2358,15,690,376,836,553
2358,32,403,417,565,653
2358,29,403,418,565,497
2359,29,403,418,565,497
2359,32,403,417,565,654
2359,15,689,376,835,553
2360,32,402,417,565,653
2360,15,690,376,836,553
2360,29,402,417,565,496
2361,32,402,417,565,653
2361,15,690,375,835,553
2361,29,402,418,564,497
2362,15,690,375,835,553
2362,32,402,418,565,653
2362,29,401,418,563,497
2363,32,401,418,564,654
2363,15,689,375,834,553
2363,29,401,418,563,498
2364,29,401,418,563,498
2364,32,401,418,564,654
2364,15,690,375,834,553
2365,32,401,418,565,653
2365,29,401,419,563,498
2365,15,690,374,835,552
2366,32,401,418,565,653
2366,29,400,419,563,498
2366,15,690,375,836,552
2367,29,401,419,563,498
2367,32,401,418,565,654
2367,15,690,374,839,551
2368,32,401,417,565,654
2368,29,401,418,562,498
2368,15,690,373,841,550
2369,29,401,418,562,499
2369,32,401,418,565,654
2369,15,690,373,844,550
2370,32,402,417,565,654
2370,15,690,372,846,549
2371,32,402,417,566,653
2371,15,690,370,848,547
2372,15,690,367,849,545
2373,15,691,365,850,543
2373,32,412,402,566,652
2374,15,691,363,851,540
2374,32,404,417,566,652
2375,32,403,417,566,651
2375,15,692,360,850,539
2376,32,403,416,566,651
2376,15,692,359,850,534
2377,15,692,359,849,529
2377,32,447,417,565,651
2378,15,693,358,849,527
2378,32,403,417,566,651
2379,32,403,417,566,651
2379,15,694,358,848,526
2380,32,402,417,566,651
2380,15,694,358,845,524
2381,32,403,417,566,651
2381,15,693,358,845,520
2382,32,403,416,566,651
2382,15,693,358,848,516
2383,32,403,416,566,649
2383,15,692,357,845,512
2384,32,403,416,566,649
2384,15,691,357,845,507
2385,32,404,416,566,650
2385,15,691,356,845,503
2386,32,404,416,566,650
2386,15,691,355,846,500
2387,32,404,416,567,650
2387,15,692,353,845,498
2388,32,404,417,567,651
2388,15,692,352,842,497
2389,32,404,417,568,651
2389,15,693,350,840,496
2390,32,405,417,568,651
2390,15,694,349,840,496
2391,32,405,417,568,651
2391,15,695,346,838,496
2392,32,406,417,568,651
2392,15,696,344,835,496
2393,32,405,417,567,652
2393,15,698,342,833,496
2394,32,405,417,567,652
2394,15,699,342,834,497
2395,32,405,417,567,652
2395,15,700,342,831,497
2396,32,404,417,567,652
2396,15,701,343,826,496
2397,32,404,417,567,652
2397,15,702,344,824,497
2398,32,404,417,567,652
2398,15,702,346,823,497
2398,33,702,343,822,627
2399,32,405,417,567,651
2399,33,703,345,823,627
2399,15,703,347,824,498
2399,34,405,418,566,498
2400,32,405,417,567,652
2400,34,405,418,566,498
2400,33,704,348,823,627
2400,15,704,348,824,498
2401,32,404,416,568,652
2401,15,704,350,826,498
2401,33,704,350,826,626
2402,32,404,417,568,654
2402,33,705,351,828,627
2402,15,705,352,828,498
2403,32,404,417,568,654
2403,33,705,353,828,627
2403,15,706,354,828,498
2404,32,404,417,567,654
2404,33,706,355,829,626
2404,15,707,356,829,498
2405,32,405,417,567,654
2405,33,707,357,830,626
2405,15,707,359,829,497
2406,32,405,417,567,655
2406,33,707,360,830,626
2406,15,708,362,830,497
2407,32,405,417,567,655
2407,33,707,363,830,625
2407,34,405,417,565,497
2407,15,708,364,831,497
2408,34,406,417,565,497
2408,32,406,417,567,654
2408,15,710,366,832,497
2408,33,709,364,832,627
2409,32,406,416,567,654
2409,34,406,417,566,497
2409,33,709,369,833,626
2409,15,711,369,834,497
2410,32,407,416,567,654
2410,34,407,416,566,498
2410,15,713,371,835,497
2410,33,711,369,835,627
2411,32,407,416,567,654
2411,34,407,416,566,497
2411,15,714,371,837,497
2411,33,711,372,839,626
2412,34,408,416,567,497
2412,32,408,416,567,654
2412,33,711,373,841,626
2412,15,712,372,839,497
2412,35,713,373,839,550
2413,32,408,416,568,654
2413,33,712,374,843,626
2413,15,713,373,840,498
2414,32,409,417,568,654
2414,33,712,373,843,627
2414,15,712,374,843,497
2415,32,408,416,568,654
2415,33,713,374,844,628
2415,15,713,375,844,497
2415,34,409,417,569,497
2416,32,409,416,568,654
2416,34,409,417,568,498
2416,15,713,376,845,497
2416,33,712,377,848,626
2417,32,408,416,568,655
2417,34,409,416,568,498
2417,33,712,378,849,626
2417,15,714,377,846,497
2418,33,712,378,849,626
2418,32,408,416,568,655
2418,34,409,416,569,499
2418,15,713,378,847,498
2419,32,409,416,568,655
2419,34,409,416,569,499
2419,15,713,378,847,498
2419,33,713,376,847,633
2420,32,409,416,568,655
2420,15,713,378,848,498
2420,34,409,416,569,498
2420,33,713,376,848,640
2421,32,409,416,568,655
2421,15,713,378,850,498
2421,33,713,376,850,647
2422,32,409,416,568,655
2422,33,713,377,851,646
2423,32,409,416,568,655
2423,33,712,377,851,657
2424,32,410,416,569,654
2424,33,713,377,852,654
2425,32,410,416,568,654
2425,33,712,377,852,670
2426,32,410,416,568,653
2426,33,712,377,851,677
2427,32,409,415,568,653
2427,33,711,377,851,680
2428,32,410,415,568,652
2428,33,712,378,850,685
2429,32,410,415,568,653
2429,33,712,377,850,686
2430,33,713,377,850,686
2431,33,712,376,849,686
2432,33,712,376,848,686
2433,33,712,375,847,686
2434,33,711,375,847,686
2434,32,410,414,569,653
2435,32,409,414,569,653
2435,33,711,374,847,686
2436,32,410,414,569,653
2436,33,711,374,846,686
2437,33,711,373,846,686
2437,32,410,416,568,652
2437,36,410,415,569,497
2438,33,711,373,847,686
2438,36,410,414,569,497
2438,32,409,415,569,652
2439,33,711,373,846,686
2439,36,411,414,569,497
2439,32,410,415,568,652
2440,33,711,373,847,685
2440,36,411,413,569,497
2440,32,409,414,569,652
2441,33,711,372,847,685
2441,32,410,414,568,652
2441,36,411,413,569,497
2442,33,711,372,847,685
2442,36,412,413,569,497
2442,32,411,414,568,652
2443,32,411,413,568,652
2443,33,709,372,847,685
2443,36,412,412,569,497
2444,36,412,412,569,497
2444,33,709,372,847,685
2444,32,412,413,568,652
2445,32,412,413,568,651
2445,33,710,372,848,685
2445,36,413,411,569,496
2446,32,413,412,568,651
2446,33,709,372,848,685
2446,36,413,411,569,497
2447,36,414,411,569,497
2447,32,413,412,568,651
2447,33,710,373,848,684
2448,36,414,411,569,497
2448,32,414,412,568,651
2448,33,711,374,850,684
2449,33,711,374,850,684
2449,32,415,412,568,650
2449,36,415,411,570,497
2450,32,415,412,568,650
2450,33,711,374,851,684
2450,36,415,411,569,497
2451,32,415,412,569,650
2451,33,711,374,851,685
2451,36,416,412,568,497
2452,36,416,412,568,497
2452,32,415,412,569,650
2452,33,711,375,852,685
2453,32,415,412,569,650
2453,36,415,412,567,497
2453,33,711,376,852,685
2454,36,415,412,567,497
2454,33,711,376,853,685
2454,32,415,412,570,650
2455,36,415,412,567,497
2455,33,712,377,854,685
2455,32,414,412,569,650
2456,33,711,377,854,686
2456,32,414,413,569,650
2456,36,414,413,567,496
2457,33,711,377,854,687
2457,36,413,413,567,496
2457,32,413,413,568,650
2458,33,712,377,855,687
2458,32,412,413,569,651
2458,36,412,412,569,497
2459,33,712,377,855,687
2459,36,412,412,569,496
2459,32,411,414,568,651
2460,33,712,376,855,687
2460,36,411,412,569,496
2460,32,410,414,569,652
2461,33,713,376,855,687
2461,32,410,414,569,652
2461,36,410,414,566,496
2462,33,712,376,855,687
2462,32,409,414,570,652
2462,36,409,414,566,496
2463,33,712,376,855,687
2463,32,408,415,569,652
2463,36,408,415,566,496
2464,33,712,376,855,686
2464,32,407,415,570,652
2464,36,408,418,572,496
2465,33,712,376,855,686
2465,32,407,416,569,652
2465,36,407,418,573,496
2466,33,712,377,855,686
2466,36,406,418,573,496
2466,32,406,416,568,652
2467,33,712,377,854,687
2467,32,404,417,568,652
2467,36,405,418,572,496
2468,33,712,377,854,686
2468,32,403,418,568,652
2468,36,403,419,572,497
2469,33,711,376,854,687
2469,32,403,417,569,650
2469,36,402,419,570,497
2470,33,712,376,853,687
2470,36,402,419,570,497
2470,32,401,417,568,651
2471,33,711,376,853,687
2471,32,400,417,567,651
2471,36,401,417,565,496
2472,33,711,376,853,687
2472,32,400,418,567,652
2472,36,401,419,570,497
2473,33,711,376,853,687
2473,32,400,418,566,651
2473,36,400,419,569,497
2474,32,400,418,566,651
2474,36,400,419,569,497
2474,33,712,376,853,687
2475,33,712,376,853,686
2475,32,399,418,566,651
2475,36,400,420,564,497
2476,32,399,418,566,651
2476,36,400,420,564,497
2476,33,711,377,853,687
2477,32,400,418,566,651
2477,33,710,377,853,687
2478,33,711,377,853,687
2478,32,400,418,568,652
2479,33,711,377,852,687
2479,32,400,418,568,653
2480,33,711,377,852,687
2480,32,400,419,569,653
2481,33,711,377,853,687
2481,32,400,419,569,654
2482,33,711,377,853,687
2482,32,401,419,569,655
2483,33,712,377,853,687
2483,32,401,419,570,654
2483,36,402,420,573,498
2484,33,713,378,854,687
2484,32,402,418,571,653
2484,36,403,419,566,497
2485,33,713,378,855,687
2485,32,403,418,571,652
2486,33,714,378,855,688
2486,32,404,420,572,653
2487,32,404,420,571,653
2487,33,715,379,858,687
2488,32,405,420,571,654
2488,33,717,380,860,687
2489,32,404,421,572,655
2489,33,717,380,861,687
2490,33,717,380,863,687
2490,32,405,422,574,656
2491,32,406,422,575,656
2491,33,719,380,863,687
2492,32,406,422,574,656
2492,33,720,381,864,688
2493,33,719,381,864,688
2493,32,405,422,575,657
2494,33,718,381,864,688
2494,32,403,422,573,658
2495,33,717,382,864,687
2495,32,403,423,572,656
2496,33,717,382,864,686
2496,32,402,422,573,655
2496,37,719,384,863,500
2497,33,717,383,865,686
2497,32,403,423,572,656
2497,37,718,384,864,500
2498,32,403,423,573,656
2498,37,717,385,864,500
2498,33,716,383,865,689
2499,33,717,383,865,689
2499,32,403,423,572,656
2499,37,717,385,865,500
2500,33,717,384,865,689
2500,32,403,424,572,656
2501,32,402,424,572,656
2501,33,716,387,866,689
2502,32,401,425,571,656
2502,33,715,388,866,689
2502,37,717,390,865,500
2503,33,716,389,866,689
2503,32,401,426,570,655
2504,32,401,426,571,655
2504,33,716,391,867,689
2504,37,716,392,867,500
2505,33,717,392,868,689
2505,32,403,426,572,654
2506,33,717,393,869,689
2506,32,404,428,572,657
2506,37,719,394,869,502
2507,33,718,394,870,690
2507,32,405,427,573,657
2507,37,720,395,868,501
2508,32,406,428,573,658
2508,33,718,395,869,690
2508,37,719,396,868,502
2509,37,719,396,867,502
2509,33,717,395,867,690
2509,32,405,426,574,656
2510,33,717,395,867,690
2510,32,405,427,574,657
2510,37,718,396,866,502
2511,33,716,396,867,689
2511,37,717,397,866,502
2511,32,404,427,574,659
2512,32,404,428,574,659
2512,33,715,397,866,689
2512,37,717,397,865,502
2513,32,405,427,574,659
2513,33,714,397,866,689
2513,37,716,398,864,502
2514,37,714,398,864,502
2514,33,713,398,865,690
2514,32,405,428,573,663
2515,37,713,399,864,503
2515,33,711,399,864,691
2515,32,404,427,575,661
2516,33,710,400,863,692
2516,32,404,426,574,660
2516,37,713,401,863,503
2517,33,709,401,862,692
2517,32,402,427,571,662
2517,37,708,403,862,504
2518,32,402,429,571,664
2518,33,709,403,861,693
2518,37,711,403,862,503
2519,32,402,429,571,662
2519,33,708,405,861,694
2519,37,710,405,862,502
2520,33,708,406,860,694
2520,32,402,429,572,663
2521,33,707,405,860,694
2521,32,402,428,571,665
2522,33,706,405,860,694
2522,32,402,425,570,665
2522,37,708,405,860,502
2523,33,705,405,861,694
2523,37,707,405,861,503
2523,32,401,427,569,665
2524,33,704,405,863,694
2524,37,706,405,863,502
2524,32,400,428,568,667
2525,33,704,405,863,694
2525,37,706,406,863,502
2525,32,400,429,569,667
2526,33,704,406,863,694
2526,37,706,406,863,502
2526,32,400,431,568,666
2526,38,401,430,564,510
2527,33,704,406,861,694
2527,32,399,431,568,665
2527,37,706,407,862,502
2528,32,399,430,567,664
2528,37,705,408,863,502
2528,33,704,406,864,695
2529,37,705,408,864,502
2529,33,703,407,865,697
2529,32,399,430,566,667
2529,38,401,431,564,513
2530,33,703,407,865,697
2530,37,705,408,864,503
2530,38,401,431,563,514
2530,32,399,431,568,665
2531,33,703,407,865,696
2531,37,704,408,865,504
2531,38,400,430,563,515
2531,32,399,430,565,661
2532,33,703,408,866,696
2532,37,704,409,865,504
2532,32,399,428,564,657
2532,38,400,428,563,516
2533,37,704,410,866,504
2533,33,703,409,867,694
2533,38,399,428,563,516
2534,33,703,409,867,696
2534,37,704,410,866,504
2534,38,400,427,562,515
2535,33,702,410,866,696
2535,37,704,411,865,505
2535,38,399,426,561,514
2536,33,702,411,866,698
2536,37,703,412,865,505
2536,38,399,425,561,514
2537,33,702,411,866,698
2537,37,703,412,865,506
2537,38,399,421,560,514
2538,33,701,412,865,698
2538,37,703,413,863,506
2538,38,399,419,559,515
2539,33,701,412,864,698
2539,37,701,414,863,506
2539,38,398,417,557,514
2540,33,701,413,864,699
2540,38,399,415,556,515
2540,37,701,415,862,508
2540,32,398,416,559,663
2541,37,701,416,863,508
2541,33,701,414,866,700
2541,32,400,412,558,665
2541,38,400,413,554,514
2542,33,700,414,865,699
2542,37,701,416,863,507
2542,38,401,411,553,514
2542,32,400,411,556,661
2543,37,701,416,863,507
2543,33,700,414,863,699
2543,32,401,409,555,660
2543,38,402,409,553,514
2544,33,700,415,864,699
2544,37,700,417,863,508
2544,38,403,406,552,514
2544,32,402,406,558,664
2545,37,700,417,863,508
2545,33,699,415,864,699
2545,38,404,404,551,514
2545,32,404,404,553,661
2546,33,699,415,864,698
2546,37,700,416,864,508
2546,32,406,402,552,660
2546,38,405,402,550,513
2547,33,699,415,863,699
2547,37,700,417,863,508
2547,32,408,399,551,660
2547,38,407,399,549,514
2548,37,699,417,863,508
2548,33,698,414,864,698
2548,32,409,398,553,663
2548,38,409,398,546,515
2549,37,699,416,862,508
2549,33,698,414,863,698
2549,32,410,396,554,665
2549,38,410,395,545,515
2550,33,698,414,863,698
2550,37,699,416,863,508
2550,32,410,394,555,666
2550,38,410,393,543,514
2551,33,697,414,863,698
2551,37,698,416,863,508
2551,38,410,393,541,514
2552,33,698,414,861,696
2552,38,410,391,540,514
2552,37,699,415,862,505
2553,33,698,414,861,696
2553,37,699,415,862,505
2553,38,411,390,541,514
2554,33,698,414,861,697
2554,38,412,390,540,514
2555,33,698,414,861,697
2555,38,412,388,539,514
2555,37,696,416,861,507
2556,33,697,414,861,697
2556,37,695,416,860,507
2556,38,413,388,539,514
2557,33,697,413,861,697
2557,37,695,415,860,506
2557,38,413,387,537,513
2558,33,697,413,860,696
2558,38,414,386,537,513
2558,37,698,414,861,505
2559,33,697,413,860,696
2559,38,414,385,537,514
2559,37,695,416,860,506
2560,33,697,414,860,696
2560,38,414,384,538,513
2560,37,694,416,860,507
2560,32,414,383,549,658
2561,33,697,414,860,696
2561,37,695,417,859,507
2561,32,413,383,549,658
2561,38,413,383,540,514
2562,33,697,415,861,696
2562,32,413,384,548,657
2562,38,412,383,543,514
2562,37,699,416,861,506
2563,33,698,415,861,697
2563,37,699,416,862,506
2563,32,412,383,549,659
2563,38,411,382,544,514
2564,33,698,415,862,697
2564,37,699,416,862,507
2564,32,412,382,550,659
2564,38,411,381,547,513
2565,33,698,414,863,697
2565,37,699,415,862,507
2565,38,410,380,550,513
2565,32,410,381,553,662
2566,32,410,381,554,662
2566,33,698,414,861,697
2566,37,699,415,861,506
2566,38,410,380,552,513
2567,33,698,414,860,696
2567,37,699,415,860,506
2567,38,410,379,554,513
2567,32,410,380,555,665
2568,33,698,413,859,696
2568,37,699,415,859,505
2568,32,411,379,555,664
2568,38,411,378,554,513
2569,33,697,413,858,696
2569,38,412,378,553,513
2569,32,412,379,555,669
2570,33,697,414,858,696
2570,32,414,378,555,672
2570,38,413,378,552,511
2571,33,697,414,857,695
2571,38,416,377,553,510
2571,32,419,377,554,675
2572,33,697,414,857,695
2572,38,417,376,554,509
2572,32,420,376,554,671
2573,33,697,414,856,696
2573,38,419,375,554,510
2573,32,421,375,555,675
2574,33,696,413,856,695
2574,32,422,375,556,676
2574,38,422,375,555,512
2575,33,696,413,855,696
2575,32,425,375,555,676
2575,37,697,414,856,506
2575,38,426,375,555,515
2576,33,696,413,854,696
2576,32,426,374,554,676
2576,38,427,374,554,519
2577,33,696,414,854,696
2577,32,427,374,554,678
2577,38,428,374,554,521
2577,37,696,414,855,507
2578,33,695,414,853,696
2578,32,427,373,553,678
2578,38,428,373,553,530
2579,33,695,414,853,697
2579,37,696,414,854,507
2579,32,428,373,553,678
2579,38,430,373,553,534
2580,33,695,414,853,697
2580,37,696,414,854,508
2580,32,429,372,553,678
2580,38,432,373,553,532
2581,33,695,414,853,697
2581,37,696,414,854,508
2581,32,432,372,553,678
2582,33,696,414,852,697
2582,37,696,414,853,508
2582,32,433,372,553,678
2583,33,696,414,852,697
2583,32,433,372,553,679
2584,32,433,372,553,679
2584,33,696,414,851,697
2585,33,696,414,851,697
2585,32,432,372,553,679
2585,37,697,413,854,507
2586,32,432,372,553,680
2586,33,695,414,850,697
2586,37,696,413,853,507
2587,33,695,413,850,697
2587,32,432,372,553,680
2588,33,695,413,850,697
2588,32,433,372,553,680
2589,32,433,372,553,681
2589,33,695,413,851,697
2590,32,433,372,553,681
2590,33,694,412,852,697
2591,32,434,372,553,682
2591,33,694,412,851,697
2592,32,434,373,553,681
2592,33,694,412,848,697
2593,33,693,412,847,697
2593,32,433,373,554,681
2594,32,432,373,554,681
2594,33,693,412,845,697
2595,33,693,411,845,697
2595,32,432,373,555,682
2596,33,693,411,844,697
2596,32,432,374,554,682
2597,33,693,411,844,697
2597,32,432,374,554,682
2598,33,692,411,843,697
2598,32,432,374,552,681
2599,33,692,411,842,697
2599,32,432,374,553,681
2600,33,692,411,842,697
2600,32,432,375,550,681
2601,33,692,411,841,697
2601,32,432,375,548,681
2602,33,692,411,841,697
2602,32,432,375,548,681
2603,32,432,375,547,681
2603,33,692,411,841,697
2604,32,432,375,547,680
2604,33,692,411,841,697
2605,33,692,411,842,697
2605,32,433,376,547,680
2606,33,692,411,842,697
2606,32,432,376,547,680
2607,32,433,376,547,679
2607,33,692,411,842,697
2608,32,433,376,547,679
2608,33,692,411,844,696
2609,32,433,376,548,680
2609,33,692,412,847,696
2610,32,433,376,549,680
2610,33,692,412,850,695
2610,39,693,412,851,505
2611,32,433,376,549,681
2611,39,694,412,851,505
2611,33,692,413,852,695
2612,32,433,376,549,680
2612,33,692,413,854,696
2613,32,433,376,549,680
2613,33,692,414,855,695
2613,39,694,413,852,504
2614,32,433,376,549,680
2614,39,695,414,854,504
2614,33,693,415,853,695
2615,32,433,377,548,680
2615,33,694,415,854,695
2616,32,434,377,548,680
2616,33,694,415,855,695
2617,32,434,377,548,680
2617,33,694,415,857,695
2618,33,695,415,857,695
2618,32,433,377,548,680
2619,32,433,377,548,680
2619,33,695,415,860,695
2619,39,696,416,860,505
2620,32,433,377,548,680
2620,33,695,415,860,694
2620,39,696,416,861,506
2621,32,433,377,549,680
2621,33,695,416,861,695
2621,39,696,416,862,506
2622,32,433,377,549,680
2622,33,695,416,862,694
2623,33,695,416,863,695
2623,32,434,377,548,680
2624,32,434,377,548,680
2624,33,695,416,862,694
2625,32,434,377,548,680
2625,33,695,415,864,694
2626,33,695,416,864,694
2626,32,434,377,549,681
2627,32,434,377,548,680
2627,33,695,416,862,694
2628,33,695,416,862,694
2628,32,434,377,548,680
2628,39,696,417,862,508
2629,33,695,416,863,694
2629,32,434,377,548,679
2629,39,696,417,862,506
2630,33,695,416,861,694
2630,32,434,378,548,679
2630,39,696,417,861,508
2631,32,434,378,548,679
2631,33,695,416,861,694
2631,39,696,416,861,506
2632,33,695,416,861,694
2632,32,434,378,548,679
2632,39,696,416,861,506
2633,32,434,378,548,679
2633,33,695,415,860,694
2633,39,696,416,860,507
2634,33,695,415,859,694
2634,39,696,416,860,506
2634,32,433,377,548,679
2635,33,695,415,859,694
2635,39,696,416,860,506
2635,32,434,377,549,680
2636,33,695,415,859,694
2636,39,696,416,860,506
2636,32,433,377,548,679
2637,33,695,415,859,694
2637,32,434,378,548,680
2637,39,695,415,860,506
2638,32,434,377,548,680
2638,33,695,415,858,694
2638,39,695,415,859,506
2639,32,434,377,548,680
2639,39,695,415,858,506
2639,33,695,415,858,694
2640,33,695,414,857,694
2640,32,434,377,549,680
2640,39,695,415,858,506
2641,32,434,377,549,679
2641,33,695,414,857,693
2641,39,695,414,857,507
2642,32,434,377,550,679
2642,33,695,414,855,693
2643,32,434,377,550,679
2643,33,695,414,855,693
2644,32,434,377,551,679
2644,33,695,414,854,693
2644,39,695,415,854,509
2645,32,434,376,551,679
2645,33,695,413,854,693
2645,39,694,414,854,509
2646,32,434,376,550,679
2646,33,695,412,854,693
2646,39,694,413,854,509
2647,32,434,376,551,679
2647,33,695,412,854,693
2647,39,696,412,855,505
2648,32,433,376,551,679
2648,33,695,411,852,693
2648,39,696,410,853,504
2649,32,433,376,552,679
2649,33,695,411,851,692
2649,39,696,410,852,504
2650,39,695,410,852,504
2650,33,694,410,851,692
2650,32,433,376,551,679
2651,32,433,376,551,679
2651,33,693,410,851,693
2651,39,694,410,851,504
2652,33,692,410,850,693
2652,32,433,376,550,679
2653,32,432,376,550,679
2653,33,691,410,847,693
2653,39,692,410,848,503
2654,32,432,376,549,679
2654,33,690,410,845,693
2654,39,691,410,845,503
2655,32,432,376,550,679
2655,33,690,410,843,693
2655,39,691,410,844,504
2656,32,433,376,550,679
2656,33,690,410,841,693
2657,33,690,410,840,693
2657,32,432,376,550,679
2658,32,432,376,550,679
2658,33,690,410,840,693
2659,32,431,377,550,679
2659,33,688,409,839,693
2660,33,688,409,838,693
2660,32,431,376,549,680
2661,32,430,376,549,679
2661,33,687,409,836,693
2661,39,687,410,837,506
2662,33,687,409,837,694
2662,32,431,377,548,680
2663,32,431,377,548,680
2663,33,687,410,836,694
2663,39,687,410,836,506
2663,40,433,377,544,547
2664,33,687,409,836,694
2664,32,430,377,548,680
2664,39,686,410,836,506
2665,33,687,409,836,694
2665,32,431,377,549,680
2665,40,433,377,545,548
2665,39,687,410,835,505
2666,32,431,377,549,680
2666,33,686,409,835,694
2666,39,687,410,834,505
2667,33,686,409,835,694
2667,39,687,409,834,505
2667,32,430,377,549,680
2668,32,430,377,549,680
2668,33,686,409,835,694
2668,39,685,410,835,506
2669,33,686,409,835,694
2669,32,430,377,549,680
2669,39,687,409,834,505
2670,33,686,409,835,694
2670,39,687,409,834,505
2670,32,430,377,549,680
2671,33,686,409,835,694
2671,39,687,409,834,505
2671,32,430,377,549,680
2672,33,686,409,835,694
2672,32,430,377,548,680
2672,39,685,409,835,506
2673,33,686,409,835,693
2673,32,430,378,549,680
2673,39,686,409,834,505
2674,33,686,409,835,693
2674,32,430,378,549,681
2674,39,685,409,835,505
2675,33,686,409,835,693
2675,32,430,378,549,680
2675,39,685,409,835,505
2676,33,686,409,836,693
2676,32,430,378,549,680
2676,39,685,409,835,505
2677,33,686,409,835,693
2677,32,430,378,549,680
2677,39,685,409,835,505
2678,33,686,409,835,693
2678,32,430,378,549,680
2678,39,687,409,834,504
2679,33,686,409,835,693
2679,32,430,378,548,681
2679,39,685,409,835,505
2680,32,430,379,548,681
2680,33,685,409,835,693
2680,39,685,409,834,505
2681,33,686,409,835,693
2681,32,430,379,548,681
2681,39,686,409,834,504
2682,33,686,409,835,693
2682,32,430,379,548,681
2682,39,685,409,835,504
2683,32,430,379,548,681
2683,33,685,409,835,693
2683,39,686,409,834,504
2684,33,685,409,836,693
2684,32,430,379,548,681
2685,33,685,409,836,693
2685,32,430,379,549,681
2685,39,685,409,834,504
2686,32,430,380,549,681
2686,33,685,409,836,693
2686,39,686,409,835,504
2687,32,430,380,549,680
2687,33,685,409,836,693
2687,39,685,409,835,504
2687,41,432,380,544,547
2688,33,685,409,837,693
2688,32,430,380,548,680
2688,39,685,409,836,504
2689,32,430,380,549,680
2689,33,685,409,837,693
2690,32,430,380,549,680
2690,33,686,409,837,692
2691,32,430,380,549,680
2691,33,686,409,837,692
2692,32,431,380,549,679
2692,33,686,409,837,692
2693,33,686,409,838,692
2693,32,431,381,549,679
2694,33,687,409,838,692
2694,32,431,381,549,679
2694,41,432,381,544,547
2695,32,430,381,549,680
2695,33,687,409,838,692
2695,41,432,381,544,548
2696,32,430,381,549,680
2696,33,687,409,839,692
2697,33,687,409,839,692
2697,32,430,381,549,680
2698,32,430,381,549,680
2698,33,687,409,839,692
2699,32,430,380,549,680
2699,33,688,410,840,692
2700,32,430,381,549,680
2700,33,688,410,840,693
2701,32,431,381,549,681
2701,33,688,410,842,694
2701,39,688,410,842,506
2702,32,431,382,549,681
2702,33,687,410,842,693
2702,41,432,382,545,549
2702,39,687,410,842,508
2703,41,433,382,545,549
2703,32,431,382,548,681
2703,39,686,410,842,508
2703,33,686,410,843,694
2704,39,686,410,842,508
2704,33,686,409,842,694
2704,32,431,382,549,681
2704,41,433,382,545,549
2705,33,686,409,843,694
2705,32,431,382,549,680
2705,39,686,409,842,508
2705,41,433,383,545,549
2706,32,431,382,548,680
2706,39,687,409,842,508
2706,41,433,382,546,549
2706,33,686,410,843,694
2707,33,686,410,843,694
2707,41,433,382,546,549
2707,32,432,382,549,680
2707,39,687,409,842,509
2708,32,431,382,549,681
2708,41,433,382,546,548
2708,33,687,410,842,694
2708,39,687,409,841,510
2709,32,431,382,548,681
2709,41,432,382,545,548
2709,33,686,410,841,695
2709,39,686,409,840,513
2710,33,686,409,841,694
2710,32,431,383,549,681
2710,41,432,382,546,547
2710,39,686,409,840,515
2711,32,430,382,549,681
2711,33,687,409,840,694
2711,41,432,382,546,549
2712,32,430,382,549,681
2712,41,433,382,546,548
2712,33,688,409,840,694
2713,32,431,382,549,681
2713,33,688,410,840,694
2713,41,433,382,546,548
2714,33,688,410,840,694
2714,32,431,383,549,681
2714,41,433,382,546,548
2715,33,688,410,840,694
2715,41,433,382,546,548
2715,32,431,383,549,681
2716,41,433,382,546,548
2716,32,431,383,549,681
2716,33,688,410,840,694
2717,33,688,410,840,694
2717,32,431,383,549,681
2717,41,433,382,546,547
2718,32,431,383,550,681
2718,41,433,382,546,547
2718,33,689,411,840,694
2719,32,432,383,550,681
2719,33,688,410,840,694
2719,41,433,382,546,547
2720,32,432,383,550,681
2720,41,433,382,546,547
2720,33,689,411,840,694
2721,41,433,382,546,547
2721,33,689,411,840,693
2721,32,431,383,550,681
2722,32,431,383,550,682
2722,33,689,411,839,694
2722,41,433,382,546,548
2723,41,433,382,546,548
2723,32,431,383,550,682
2723,33,689,411,838,693
2724,41,433,382,546,548
2724,32,431,384,550,682
2724,33,688,411,839,694
2725,32,431,384,550,682
2725,33,689,411,839,694
2725,41,434,383,546,545
2726,32,431,384,550,682
2726,33,689,411,839,694
2726,41,434,383,546,545
2727,32,431,384,551,682
2727,33,688,411,838,695
2727,41,433,383,546,546
2728,33,688,411,838,695
2728,32,431,384,551,682
2728,41,433,383,546,545
2729,33,688,411,838,695
2729,32,431,385,551,682
2729,41,432,383,546,546
2730,33,688,411,838,695
2730,32,430,384,551,682
2730,41,432,383,546,547
2731,33,688,411,838,695
2731,32,430,384,551,682
2731,41,432,383,546,548
2732,41,432,383,546,548
2732,32,430,384,550,682
2732,33,688,411,838,694
2733,32,430,384,550,682
2733,33,689,411,839,694
2733,41,432,383,546,549
2734,32,430,383,550,681
2734,33,688,410,839,694
2734,41,432,382,546,547
2735,33,688,411,839,694
2735,32,430,383,550,682
2735,41,432,382,545,546
2736,32,429,383,550,682
2736,33,687,410,839,693
2736,41,432,382,546,545
2737,32,429,382,550,682
2737,33,687,410,838,693
2737,41,432,382,545,543
2738,32,429,382,550,682
2738,41,432,382,545,543
2738,33,688,410,839,694
2739,32,429,382,550,682
2739,33,688,410,839,694
2739,41,432,382,545,542
2740,32,430,382,550,682
2740,33,688,410,838,693
2740,41,433,382,546,544
2741,32,430,382,550,682
2741,33,688,410,839,694
2741,41,433,382,546,542
2742,33,688,410,839,694
2742,32,430,382,550,682
2742,41,433,382,546,541
2743,32,430,383,550,682
2743,33,688,410,838,693
2743,41,433,383,546,545
2744,32,430,383,550,683
2744,33,688,410,839,694
2744,41,433,383,546,546
2745,32,430,383,550,682
2745,41,433,383,546,547
2745,33,688,410,838,693
2746,33,687,410,839,694
2746,41,432,383,546,546
2746,32,430,384,551,682
2747,32,429,384,551,682
2747,33,687,410,838,694
2747,41,431,384,546,545
2748,32,429,384,551,682
2748,33,687,411,837,694
2748,41,432,383,546,544
2749,33,687,411,837,694
2749,32,430,384,551,682
2749,41,432,384,546,545
2750,32,430,384,550,682
2750,33,687,411,838,694
2750,41,432,384,546,544
2751,33,687,411,838,694
2751,32,430,384,550,682
2751,41,432,384,546,545
2752,33,687,411,837,694
2752,32,430,384,550,683
2752,41,432,384,546,544
2753,32,430,384,550,682
2753,41,433,384,546,543
2753,33,687,411,837,693
2754,33,687,411,837,694
2754,32,430,384,550,682
2754,41,433,384,546,547
2755,32,430,384,550,682
2755,41,433,384,546,547
2755,33,688,410,836,693
2756,32,430,384,550,682
2756,33,688,410,836,693
2756,41,433,384,545,547
2757,32,430,384,550,682
2757,33,688,410,836,693
2757,41,432,384,546,547
2758,32,430,384,550,682
2758,33,688,410,836,693
2758,41,433,384,546,543
2759,32,430,384,550,682
2759,33,688,410,837,693
2759,41,433,384,546,544
2760,32,430,384,550,682
2760,33,688,410,838,693
2760,41,433,384,547,544
2761,33,688,410,838,693
2761,32,431,384,550,682
2761,41,433,384,547,542
2762,33,688,409,838,693
2762,32,431,384,550,682
2762,41,434,383,546,540
2763,32,431,384,550,682
2763,33,688,409,839,693
2763,41,434,383,546,547
2764,32,431,384,550,682
2764,33,688,409,839,693
2764,41,434,383,546,549
2765,32,431,384,550,682
2765,33,688,409,839,692
2765,41,433,383,546,551
2766,32,430,384,550,682
2766,33,688,409,840,692
2766,41,433,383,546,550
2767,32,430,384,550,682
2767,33,688,409,840,692
2767,41,433,383,546,547
2768,32,430,384,550,682
2768,33,688,409,840,692
2768,41,433,383,546,543
2769,32,430,384,550,682
2769,33,688,409,841,692
2769,41,433,383,546,542
2770,32,430,384,550,682
2770,33,689,409,843,693
2770,41,433,384,546,539
2771,32,431,384,550,682
2771,33,689,409,843,693
2771,41,434,384,546,541
2772,33,689,409,843,693
2772,32,430,384,550,682
2772,41,434,384,546,540
2773,33,689,409,843,693
2773,32,431,384,550,682
2773,41,434,383,546,541
2774,33,689,409,843,693
2774,32,430,384,550,682
2774,41,434,383,546,546
2775,33,689,409,843,693
2775,32,431,384,549,682
2775,41,434,383,545,549
2776,33,689,409,843,694
2776,32,430,383,549,682
2776,41,433,382,545,550
2777,33,689,410,843,694
2777,32,430,383,549,682
2777,41,433,383,545,550
2778,32,430,383,549,682
2778,33,689,410,843,694
2778,41,433,382,545,548
2779,32,430,382,549,682
2779,33,689,410,843,694
2779,41,433,382,545,547
2780,33,690,410,844,694
2780,32,431,382,549,682
2780,41,434,382,546,546
2781,32,431,382,550,682
2781,33,690,409,843,694
2781,41,434,382,546,545
2782,32,431,382,550,682
2782,33,689,409,843,694
2782,41,434,381,545,546
2783,32,431,382,550,682
2783,33,689,409,842,694
2783,41,434,381,545,548
2784,33,689,410,842,694
2784,32,431,382,549,682
2784,41,434,381,545,550
2785,33,689,410,841,693
2785,32,430,382,549,682
2786,33,690,410,841,693
2786,32,430,381,550,682
2787,33,690,410,842,694
2787,32,431,380,549,681
2788,33,690,409,841,694
2788,32,432,380,549,681
2789,33,690,409,841,694
2789,32,432,379,549,681
2790,33,690,409,841,694
2790,32,432,379,549,681
2790,41,436,379,546,544
2791,33,690,409,841,694
2791,32,433,380,550,681
2791,41,436,380,547,540
2792,32,433,380,550,681
2792,33,690,409,841,694
2792,41,436,380,547,541
2793,32,433,380,550,681
2793,33,690,409,840,694
2793,41,436,380,547,539
2794,33,690,409,840,694
2794,32,433,380,550,682
2794,41,436,380,547,544
2795,32,433,380,549,682
2795,33,690,409,840,694
2795,41,436,380,546,547
2796,33,690,409,840,694
2796,32,433,380,549,682
2797,32,433,380,549,682
2797,33,690,409,840,695
2797,41,437,380,546,549
2798,33,690,410,839,694
2798,32,433,380,550,682
2798,41,437,380,547,549
2799,33,690,410,839,694
2799,32,435,380,550,682
2799,41,438,380,547,547
2800,33,690,409,839,694
2800,32,434,380,549,682
2800,41,437,380,546,548
2801,32,433,381,549,682
2801,33,689,409,838,695
2801,41,435,381,546,544
2802,33,689,409,837,694
2802,32,432,381,549,682
2802,41,434,381,546,542
2803,32,431,381,549,682
2803,33,689,409,836,693
2804,33,689,409,835,693
2804,32,432,381,549,681
2805,33,689,409,836,694
2805,32,433,381,549,681
2806,33,689,410,836,693
2806,32,434,380,549,681
2807,33,689,410,836,693
2807,32,434,380,549,681
2808,33,689,410,836,692
2808,32,434,380,549,681
2809,32,435,381,549,682
2809,33,689,410,837,693
2810,32,435,381,549,681
2810,33,689,410,837,693
2811,33,689,410,837,693
2811,32,435,381,549,681
2812,33,689,410,838,693
2812,32,434,380,549,681
2813,33,689,410,838,693
2813,32,434,380,549,681
2814,33,690,410,839,693
2814,32,432,380,550,680
2815,33,689,411,839,692
2815,32,432,380,549,680
2816,33,690,411,839,692
2816,32,431,380,549,680
2817,32,430,380,549,680
2817,33,690,412,840,692
2818,32,430,380,549,680
2818,33,690,412,840,693
2819,32,430,380,549,680
2819,33,690,412,841,693
2820,33,690,412,841,693
2820,32,431,381,549,680
2821,32,431,381,549,680
2821,33,690,412,842,694
2822,33,690,412,843,694
2822,32,432,381,550,680
2823,32,433,381,550,680
2823,33,690,411,845,693
2824,32,434,381,550,680
2824,33,690,412,845,693
2825,33,690,412,846,693
2825,32,434,381,549,680
2826,33,690,412,846,694
2826,32,434,381,550,680
2827,33,690,412,846,694
2827,32,433,381,548,680
2828,33,690,412,847,694
2828,32,432,381,548,679
2829,33,690,412,847,694
2829,32,431,381,548,679
2830,33,690,412,847,694
2830,32,429,381,548,680
2831,33,691,413,847,694
2831,32,429,381,548,680
2832,33,691,413,847,694
2832,32,427,381,548,680
2833,33,691,413,847,694
2833,32,426,382,548,680
2834,33,690,413,846,694
2834,32,426,382,548,680
2835,33,690,413,847,694
2835,32,426,382,548,680
2836,33,690,413,846,695
2836,32,426,382,549,681
2837,33,690,414,846,695
2837,32,427,382,549,681
2838,33,690,415,845,696
2838,32,428,382,550,681
2839,33,689,415,844,695
2839,32,429,382,549,681
2840,33,689,415,844,695
2840,32,430,381,550,681
2841,33,689,415,844,695
2841,32,432,381,549,681
2842,33,689,416,844,696
2842,32,433,381,548,681
2843,33,689,416,844,696
2843,32,433,381,548,681
2844,33,689,416,844,696
2844,32,432,381,549,684
2845,33,689,416,844,696
2845,32,432,380,549,681
2846,33,689,416,845,696
2846,32,431,380,548,681
2847,33,690,416,845,696
2847,32,430,380,549,681
2848,33,690,416,846,696
2848,32,429,380,549,681
2849,33,690,416,847,696
2849,32,428,380,548,681
2850,33,691,416,847,696
2850,32,427,380,548,681
2851,33,691,415,847,697
2851,32,425,381,548,681
2852,33,690,417,847,697
2852,32,423,380,548,680
2853,33,691,416,846,698
2853,32,423,381,548,680
2854,33,691,416,846,698
2854,32,424,381,548,680
2854,42,424,381,545,546
2855,33,690,416,846,698
2855,32,424,381,549,680
2856,33,690,416,846,698
2856,32,425,381,550,680
2857,33,690,417,847,698
2857,32,425,380,549,680
2858,33,690,417,846,698
2858,32,426,380,549,681
2859,33,689,417,846,698
2859,32,427,380,549,681
2860,33,689,417,846,698
2860,32,429,379,549,681
2861,33,689,416,846,698
2861,32,430,378,549,681
2862,33,689,416,845,698
2862,32,431,378,548,681
2863,33,689,416,845,697
2863,32,431,378,547,681
2864,33,688,416,845,696
2864,32,430,377,547,681
2865,33,688,415,845,696
2865,32,429,377,548,680
2866,33,688,414,845,696
2866,32,428,377,548,680
2867,33,688,414,845,696
2867,32,425,377,549,680
2868,33,689,414,846,696
2868,32,425,377,549,680
2869,33,688,414,845,696
2869,32,421,377,549,680
2870,33,688,414,845,695
2870,32,420,377,549,680
2871,33,688,413,845,695
2871,32,419,378,549,680
2872,32,419,379,549,680
2872,33,689,413,845,695
2872,43,420,378,545,532
2873,33,689,414,845,696
2873,32,419,379,548,679
2873,43,420,378,545,533
2874,33,689,414,845,696
2874,32,420,379,548,680
2874,43,420,378,545,540
2875,33,688,414,845,696
2875,32,421,379,548,679
2875,43,421,378,545,549
2876,33,689,413,845,696
2876,32,421,378,548,680
2876,43,422,378,545,553
2877,33,689,414,845,695
2877,32,423,378,548,680
2878,33,689,413,845,695
2878,32,425,378,548,680
2879,33,688,413,845,695
2879,32,427,377,549,681
2880,33,688,413,845,695
2880,32,427,377,550,680
2881,33,689,413,845,695
2881,32,429,377,550,680
2882,33,689,413,845,695
2882,32,429,377,549,681
2883,33,689,413,845,694
2883,32,430,377,549,680
2884,33,689,413,845,694
2884,32,430,377,549,679
2885,33,689,412,845,694
2885,32,430,376,549,679
2886,33,689,413,845,694
2886,32,429,376,548,679
2887,33,689,412,845,694
2887,32,428,376,548,678
2888,33,689,412,845,694
2888,32,427,377,548,678
2889,33,689,412,845,694
2889,32,425,377,548,678
2890,33,689,412,845,694
2890,32,423,377,548,678
2891,33,689,412,846,694
2891,32,422,377,548,678
2892,33,689,412,846,694
2892,32,420,377,548,679
2893,33,689,413,846,694
2893,32,420,377,549,679
2894,33,689,413,845,694
2894,32,419,378,550,680
2895,33,689,413,846,694
2895,32,419,377,551,680
2895,44,420,377,546,529
2896,33,689,412,846,694
2896,32,420,377,551,680
2896,44,421,377,546,537
2897,33,689,413,846,694
2897,32,420,377,550,680
2897,44,422,377,546,543
2898,33,689,413,846,694
2898,32,422,377,550,680
2898,44,423,377,547,545
2899,33,689,413,846,694
2899,32,423,377,550,680
2900,33,689,413,846,694
2900,32,425,376,550,680
2901,33,689,413,847,694
2901,32,426,376,550,679
2902,33,689,413,847,694
2902,32,428,376,549,678
2903,33,689,413,847,695
2903,32,428,376,549,678
2904,33,689,413,848,694
2904,32,430,376,549,677
2905,33,690,413,848,694
2905,32,433,376,549,677
2906,33,690,414,848,695
2906,32,434,376,549,677
2907,32,434,376,549,678
2907,33,690,414,847,695
2908,33,691,414,846,695
2908,32,432,376,549,679
2909,33,692,413,846,695
2909,32,428,376,548,678
2910,32,427,376,549,678
2910,33,692,413,844,695
2911,33,693,413,844,696
2911,32,426,376,549,679
2912,33,693,413,841,697
2912,32,423,377,548,679
2913,33,693,412,838,697
2913,32,420,377,547,679
2914,32,419,377,547,680
2914,33,693,411,835,697
2915,32,419,377,548,680
2915,33,693,409,833,698
2916,32,419,377,550,680
2916,33,693,407,832,698
2916,45,420,378,545,529
2917,32,419,378,551,680
2917,33,693,404,828,698
2917,45,421,377,546,535
2918,32,420,377,552,681
2918,33,693,401,825,698
2918,45,421,377,546,541
2919,32,421,377,552,681
2919,33,692,399,822,698
2920,32,423,377,553,681
2920,33,692,396,819,697
2921,32,423,376,552,681
2921,33,692,395,816,697
2922,32,424,376,552,682
2922,33,692,395,814,696
2923,32,425,376,551,682
2923,33,691,393,811,696
2924,32,425,376,549,681
2924,33,690,390,810,696
2925,32,424,376,549,681
2925,33,689,389,810,695
2926,32,424,376,548,680
2926,33,688,388,811,695
2927,33,686,387,811,695
2927,32,425,376,546,679
2928,32,425,376,546,679
2928,33,684,386,811,695
2929,32,423,376,546,678
2929,33,682,384,811,695
2930,32,422,376,546,678
2930,33,677,382,811,694
2931,32,421,376,547,679
2931,33,676,381,810,693
2932,32,420,377,546,680
2932,33,674,378,810,692
2933,32,419,377,547,680
2933,33,673,376,810,692
2934,32,418,377,546,680
2934,33,672,376,807,691
2935,32,418,377,546,679
2935,33,671,374,807,691
2936,32,418,377,546,679
2936,33,671,374,807,690
2937,33,670,374,806,690
2937,32,419,377,546,680
2938,32,419,378,547,681
2938,33,670,375,805,690
2939,33,670,375,806,690
2939,32,420,378,548,682
2940,33,669,376,806,691
2940,32,421,378,549,682
2941,33,669,376,808,692
2941,32,424,379,552,682
2942,33,669,376,810,693
2942,32,425,379,554,683
2942,46,425,378,551,528
2943,33,669,377,811,694
2943,32,425,378,555,683
2943,46,427,378,553,521
2944,33,669,377,811,694
2944,46,431,379,555,519
2944,32,429,379,580,683
2945,33,668,378,811,694
2945,32,432,380,600,683
2946,33,668,378,811,694
2946,32,433,381,608,682
2947,33,668,378,811,694
2947,32,433,382,611,678
2948,33,668,379,812,694
2948,32,434,382,615,681
2949,33,667,379,812,694
2949,32,433,383,616,682
2950,33,667,379,812,695
2950,32,434,384,616,683
2951,33,667,379,813,694
2951,32,433,385,616,683
2952,33,667,379,814,694
2952,32,435,385,617,683
2953,33,668,379,814,694
2953,32,460,389,615,681
2954,33,668,379,814,694
2954,32,461,389,615,682
2955,33,668,380,814,694
2955,32,461,392,615,681
2956,33,668,379,814,694
2956,32,464,393,618,681
2957,33,668,380,814,694
2957,32,467,395,630,682
2958,33,669,380,814,697
2958,32,468,397,636,681
2958,47,669,381,815,563
2959,47,669,381,815,563
2959,33,669,381,814,697
2959,32,469,398,642,681
2960,33,669,381,814,697
2960,47,669,382,815,564
2960,32,471,402,649,681
2961,47,670,382,815,564
2961,33,669,381,814,697
2961,32,472,405,669,682
2962,33,669,382,814,697
2962,47,669,383,815,563
2962,32,473,408,667,681
2963,33,670,382,814,697
2963,47,669,383,815,563
2963,32,475,410,677,681
2964,47,670,383,815,562
2964,33,670,382,814,697
2964,32,475,413,678,681
2965,33,670,383,814,697
2965,47,669,384,815,563
2965,32,476,415,680,681
2966,32,476,415,681,680
2966,33,668,383,814,697
2966,47,668,384,815,564
2967,47,669,384,815,563
2967,33,669,383,814,698
2967,32,476,416,681,679
2968,47,669,383,814,563
2968,33,669,382,814,698
2968,32,475,417,682,680
2969,47,669,382,814,563
2969,33,669,381,814,697
2969,32,476,417,681,681
2970,33,669,380,814,698
2970,47,669,381,814,563
2970,32,477,417,682,681
2971,33,670,381,814,699
2971,47,669,381,815,564
2971,32,478,418,688,681
2972,33,670,380,814,699
2972,47,669,381,815,564
2972,32,479,418,691,680
2973,47,669,381,815,564
2973,33,670,380,814,700
2973,32,480,420,698,679
2974,33,670,380,814,699
2974,47,669,380,815,564
2974,32,480,420,710,681
2975,47,670,380,815,564
2975,33,670,380,814,697
2975,32,480,422,709,683
2976,47,671,380,815,564
2976,33,671,380,814,696
2976,32,480,423,710,683
2977,33,671,380,814,696
2977,47,671,380,815,564
2977,32,480,424,708,683
2978,32,480,425,707,683
2978,33,672,380,814,696
2978,47,672,380,814,563
2979,33,672,380,813,696
2979,32,480,426,712,683
2980,33,672,380,813,696
2980,32,480,428,716,683
2981,33,673,380,812,696
2981,32,480,429,715,683
2982,32,480,429,716,683
2982,33,673,379,811,696
2982,47,673,380,811,566
2983,33,673,379,810,695
2983,32,481,430,716,682
2983,47,673,380,810,567
2984,32,481,430,716,683
2984,33,672,379,810,695
2984,47,673,380,810,568
2985,33,672,378,809,695
2985,47,672,379,809,569
2985,32,480,431,714,682
2986,33,671,379,807,696
2986,32,477,430,716,682
2986,47,672,379,807,570
2987,33,671,379,806,696
2987,32,475,430,715,682
2987,47,671,379,806,571
2988,32,474,430,712,682
2988,33,671,378,804,696
2988,47,671,378,804,572
2989,33,671,378,802,695
2989,47,671,378,802,573
2989,32,475,430,707,682
2990,32,475,430,706,683
2990,47,671,379,801,574
2990,33,671,378,801,695
2991,32,475,430,705,683
2991,33,671,378,800,695
2991,47,671,379,800,576
2992,32,475,430,706,682
2992,33,671,378,799,694
2993,32,475,430,708,682
2993,33,672,379,797,694
2994,32,474,430,709,681
2994,33,671,379,795,694
2995,32,475,430,710,681
2995,33,671,379,794,695
2996,32,475,430,708,681
2996,33,671,380,793,693
2997,33,671,380,793,694
2997,32,475,430,708,681
2997,47,672,381,792,577
2998,33,671,381,792,694
2998,47,671,382,791,577
2998,32,475,430,702,681
2999,33,671,383,793,693
2999,32,475,431,697,681
3000,32,475,431,697,681
3000,33,671,383,792,694
3001,33,671,383,791,696
3001,32,477,433,702,679
3002,32,477,433,704,679
3002,33,671,385,790,697
3003,32,478,433,704,679
3003,33,671,386,790,696
3004,32,477,433,703,679
3004,33,670,389,790,696
3005,32,477,434,704,680
3005,33,672,390,789,696
3006,33,672,392,789,696
3006,32,478,434,701,681
3007,33,671,393,788,695
3007,32,478,434,680,680
3008,33,670,394,788,696
3008,32,478,435,696,680
3009,33,671,394,788,697
3009,32,478,436,699,681
3010,33,671,395,787,697
3010,32,478,436,704,680
3011,32,478,436,703,681
3011,33,671,396,786,697
3012,33,671,396,786,697
3012,32,478,437,705,681
3012,47,671,395,787,576
3013,33,671,395,787,697
3013,32,478,437,702,681
3013,47,671,396,786,578
3014,32,477,437,703,681
3014,33,670,397,787,698
3015,32,478,437,704,680
3015,33,671,398,788,698
3016,32,478,437,707,680
3016,33,672,400,787,698
3017,32,478,437,708,680
3017,33,672,401,788,698
3017,47,673,400,788,578
3018,32,478,437,711,680
3018,33,672,401,789,697
3019,32,478,438,708,680
3019,33,673,403,788,698
3020,32,478,437,707,680
3020,33,673,404,789,696
3020,47,673,403,789,578
3021,32,479,437,706,680
3021,47,674,404,789,579
3021,33,674,405,788,698
3022,32,478,437,706,680
3022,33,674,406,788,698
3022,47,674,405,789,578
3023,33,673,407,788,698
3023,47,674,406,789,578
3023,32,479,437,708,680
3024,32,479,437,708,680
3024,33,673,408,789,698
3025,32,479,437,709,680
3025,33,673,409,789,698
3026,32,478,437,711,680
3026,33,674,409,789,698
3027,32,478,437,711,680
3027,33,674,410,789,698
3027,47,674,410,791,580
3028,32,479,437,709,681
3028,33,675,410,789,698
3028,47,674,410,791,580
3029,33,674,411,790,698
3029,32,479,437,707,681
3029,47,674,410,791,582
3030,33,674,411,790,698
3030,47,674,410,791,582
3030,32,479,436,704,681
3031,32,479,437,705,680
3031,33,675,412,790,699
3031,47,674,411,792,581
3032,33,675,412,790,699
3032,47,674,411,792,582
3032,32,480,437,709,680
3033,33,674,412,790,699
3033,32,480,436,710,681
3033,47,673,412,793,582
3034,33,674,412,791,699
3034,47,673,412,793,582
3034,32,480,436,714,680
3035,47,673,412,793,582
3035,33,673,412,791,699
3035,32,480,436,711,680
3036,32,481,436,710,680
3036,33,672,413,792,699
3036,47,672,412,794,581
3037,33,671,413,792,699
3037,32,480,436,712,681
3037,47,672,412,794,582
3038,47,671,412,795,582
3038,32,480,436,708,680
3038,33,670,412,793,698
3039,33,670,413,792,698
3039,32,480,437,706,680
3040,32,481,437,705,680
3040,33,670,412,793,698
3041,33,670,412,794,698
3041,32,481,437,705,681
3041,47,671,412,795,584
3042,32,480,437,704,681
3042,33,670,412,796,698
3043,33,671,413,795,698
3043,32,481,437,711,681
3044,32,481,437,712,680
3044,33,672,413,797,698
3045,32,481,437,713,680
3045,33,673,413,798,698
3046,32,482,437,714,679
3046,33,674,413,799,698
3047,32,482,437,713,679
3047,33,675,414,800,698
3048,33,675,415,800,698
3048,32,482,437,708,678
3049,33,676,415,800,698
3049,32,483,437,705,678
3050,32,483,437,703,678
3050,33,677,416,800,699
3051,33,677,417,800,699
3051,32,483,437,707,678
3052,33,678,417,801,699
3052,32,483,437,714,678
3053,33,678,418,801,698
3053,32,483,437,712,678
3054,32,483,436,712,678
3054,33,678,418,801,698
3055,32,483,437,712,679
3055,33,678,418,801,698
3056,33,678,418,801,698
3056,32,483,437,712,678
3057,33,678,419,800,698
3057,32,483,437,709,678
3058,33,678,419,801,698
3058,32,483,437,705,679
3059,33,679,419,801,698
3059,32,483,437,704,679
3060,33,679,419,801,697
3060,32,483,438,703,679
3061,33,679,418,801,697
3061,32,483,440,704,679
3062,33,679,418,801,697
3062,32,483,440,706,678
3063,33,679,418,801,697
3063,32,483,441,710,679
3064,33,678,418,800,697
3064,32,483,441,711,679
3065,33,678,418,801,697
3065,32,483,441,710,678
3066,33,678,418,800,698
3066,32,483,442,709,678
3067,33,678,418,800,697
3067,32,482,442,711,678
3068,33,679,418,800,698
3068,32,482,443,711,678
3069,33,678,418,800,698
3069,32,482,443,708,678
3070,32,483,443,707,678
3070,33,679,418,801,698
3071,33,679,418,801,698
3071,32,483,443,705,679
3072,33,679,418,801,698
3072,32,483,444,707,679
3073,33,678,418,801,698
3073,32,482,444,711,680
3074,33,678,418,801,697
3074,32,482,445,712,680
3075,32,483,445,711,679
3075,33,678,418,801,698
3076,32,483,445,711,680
3076,33,678,418,801,698
3077,32,483,445,711,679
3077,33,678,418,801,698
3078,33,678,418,801,698
3078,32,483,444,711,679
3079,33,678,418,801,697
3079,32,482,444,711,679
3080,32,482,445,712,679
3080,33,678,418,801,697
3081,33,678,418,801,697
3081,32,482,445,712,678
3082,32,482,444,710,678
3082,33,677,418,800,697
3083,32,482,444,710,678
3083,33,677,418,800,697
3084,33,677,418,800,697
3084,32,482,444,709,677
3085,33,677,418,799,697
3085,32,482,444,709,677
3086,33,676,418,799,697
3086,32,482,443,709,677
3086,48,676,418,799,583
3087,33,677,418,799,698
3087,32,482,443,709,677
3088,32,482,443,709,677
3088,33,677,418,800,697
3089,33,677,418,800,697
3089,32,482,443,710,676
3090,33,677,418,799,697
3090,32,482,443,711,676
3091,33,677,418,799,697
3091,32,482,444,712,676
3092,33,677,419,799,697
3092,32,482,443,711,676
3093,32,482,443,712,676
3093,33,677,419,799,697
3094,33,677,419,799,697
3094,32,482,443,710,676
3095,33,677,419,799,696
3095,32,482,443,705,676
3096,33,677,420,799,696
3096,32,483,443,702,676
3097,33,677,420,799,696
3097,32,483,442,705,675
3098,33,677,419,799,696
3098,32,483,441,708,675
3099,33,678,419,799,695
3099,32,483,440,709,674
3100,33,678,419,799,695
3100,32,483,440,709,674
3101,33,677,419,799,695
3101,32,482,439,708,674
3102,33,677,419,799,695
3102,32,482,438,702,676
3103,33,677,419,799,694
3103,32,482,438,696,675
3104,33,676,419,799,694
3104,32,482,439,693,675
3105,33,676,419,799,694
3105,32,482,439,696,674
3106,33,676,418,799,694
3106,32,482,439,700,674
3107,33,677,418,799,694
3107,32,482,439,705,674
3108,33,677,419,798,694
3108,32,481,438,706,674
3109,32,481,438,706,675
3109,33,677,418,798,694
3110,33,677,418,799,694
3110,32,482,438,703,674
3111,33,677,418,799,694
3111,32,482,438,701,675
3112,33,677,418,799,694
3112,32,482,438,698,675
3113,33,677,418,799,695
3113,32,482,437,701,674
3114,33,677,418,799,695
3114,32,481,437,709,674
3115,32,482,437,709,673
3115,33,677,417,799,694
3116,33,678,418,799,694
3116,32,482,436,707,673
3117,33,678,418,799,694
3117,32,482,437,705,673
3118,33,679,418,800,694
3118,32,482,436,695,673
3119,33,679,418,800,694
3119,32,483,436,694,673
3120,33,679,418,800,694
3120,32,483,436,706,673
3121,33,678,418,799,694
3121,32,482,436,708,673
3122,33,678,418,799,694
3122,32,482,436,710,673
3123,33,678,418,799,694
3123,32,482,436,709,673
3124,33,678,418,799,694
3124,32,482,435,708,673
3125,33,678,417,799,694
3125,32,482,435,708,673
3126,32,482,435,708,673
3126,33,679,418,800,694
3127,32,482,435,707,673
3127,33,678,417,799,694
3128,33,678,417,799,694
3128,32,482,435,709,674
3129,33,678,417,799,694
3129,32,482,435,708,674
3130,33,678,417,799,694
3130,32,482,434,707,674
3131,32,482,434,707,674
3131,33,678,417,799,694
3132,33,678,417,799,694
3132,32,482,434,706,674
3133,33,678,417,799,694
3133,32,482,434,708,673
3134,33,677,417,799,694
3134,32,482,434,708,673
3135,33,677,417,799,694
3135,32,482,434,706,673
3136,33,677,418,799,694
3136,32,482,434,704,673
3137,33,677,417,799,694
3137,32,482,434,706,674
3138,32,482,434,705,673
3138,33,677,418,799,694
3139,32,482,433,706,673
3139,33,677,417,799,694
3140,33,677,417,798,693
3140,32,481,432,704,674
3141,33,676,417,798,693
3141,32,481,432,705,674
3142,32,481,432,705,674
3142,33,676,417,798,693
3143,32,481,431,705,674
3143,33,675,418,798,693
3144,32,481,431,705,674
3144,33,676,417,798,693
3145,33,676,417,798,693
3145,32,481,431,703,674
3146,33,676,417,798,693
3146,32,481,431,707,674
3147,32,481,431,707,674
3147,33,676,417,798,693
3148,33,676,417,797,693
3148,32,481,431,706,674
3149,33,676,417,797,693
3149,32,481,431,706,673
3150,33,676,417,797,693
3150,32,481,431,704,673
3151,33,676,417,798,693
3151,32,481,431,702,673
3152,33,676,417,798,692
3152,32,481,431,704,674
3153,33,676,417,798,692
3153,32,481,430,705,674
3154,33,676,417,798,692
3154,32,481,430,707,674
3155,33,676,417,798,692
3155,32,481,430,706,675
3156,33,676,417,798,692
3156,32,481,430,706,675
3157,33,676,417,797,692
3157,32,480,430,705,675
3158,33,676,417,798,692
3158,32,481,430,703,675
3159,33,676,416,797,692
3159,32,481,430,706,675
3160,33,676,416,797,691
3160,32,481,430,703,675
3161,33,676,416,797,692
3161,32,481,430,704,675
3162,33,676,416,798,692
3162,32,481,430,703,675
3163,33,676,416,798,692
3163,32,481,430,702,674
3164,33,676,416,798,692
3164,32,481,430,702,675
3165,33,676,416,798,692
3165,32,481,430,704,675
3166,33,676,416,798,692
3166,32,480,430,704,675
3167,33,676,416,798,693
3167,32,481,430,703,675
3168,33,676,416,798,693
3168,32,481,430,702,675
3169,33,676,416,798,692
3169,32,481,430,702,675
3170,33,676,416,798,693
3170,32,481,430,703,675
3171,33,676,416,798,693
3171,32,481,430,700,674
3172,33,676,416,798,693
3172,32,481,431,699,674
3173,33,676,416,798,693
3173,32,481,431,696,675
3174,33,676,416,798,694
3174,32,481,431,694,676
3175,33,676,416,799,693
3175,32,481,431,695,677
3176,33,677,416,798,693
3176,32,481,431,694,677
3177,33,677,416,799,694
3177,32,480,431,702,677
3178,33,676,416,799,694
3178,32,480,432,696,677
3179,33,676,416,799,694
3179,32,480,432,697,675
3180,33,676,416,799,694
3180,32,480,432,688,676
3181,33,676,416,799,694
3181,32,480,432,690,674
3182,33,677,416,799,695
3182,32,481,432,689,675
3183,33,677,416,799,695
3183,32,481,432,692,675
3184,33,678,417,800,695
3184,32,481,431,699,676
3185,33,678,417,800,695
3185,32,481,431,699,675
3186,33,678,416,800,694
3186,32,480,431,695,676
3187,33,679,417,800,694
3187,32,480,431,696,676
3188,33,679,416,800,694
3188,32,480,431,702,676
3189,33,679,416,800,694
3189,32,480,430,706,674
3190,33,677,416,800,693
3190,32,479,430,703,672
3191,33,676,416,800,693
3191,32,479,429,692,675
3192,33,675,415,800,692
3192,32,478,430,683,675
3193,32,478,429,682,674
3193,33,677,415,800,693
3194,33,676,415,800,693
3194,32,477,428,682,676
3195,33,677,415,799,692
3195,32,474,429,682,677
3196,33,677,415,799,692
3196,32,474,429,681,678
3197,33,676,415,799,691
3197,32,474,430,664,678
3198,33,676,415,799,692
3198,32,473,430,660,677
3199,33,676,415,799,692
3199,32,470,430,650,676
3200,33,676,415,799,691
3200,32,469,430,640,676
3201,33,676,415,798,692
3201,32,460,429,632,676
3202,33,675,414,798,692
3202,32,459,427,624,676
3203,33,675,415,799,692
3203,32,454,426,623,675
3204,33,675,415,799,692
3204,32,440,427,623,675
3205,33,675,414,799,692
3205,32,437,426,623,677
3206,33,675,414,799,692
3206,32,441,425,623,677
3207,33,674,414,799,692
3207,32,436,426,623,676
3208,33,674,414,798,691
3208,32,436,423,623,676
3209,33,675,414,798,691
3209,32,437,420,623,676
3210,33,675,414,798,691
3210,32,438,417,623,676
3211,33,675,414,798,691
3211,32,433,415,624,678
3212,33,675,414,798,692
3212,32,429,411,624,678
3213,33,675,414,798,692
3213,32,423,407,623,679
3214,33,675,414,798,691
3214,32,418,403,623,680
3215,33,675,414,798,691
3215,32,415,399,623,679
3216,33,674,413,798,691
3216,32,409,396,623,680
3217,33,674,414,798,692
3217,32,407,394,623,679
3218,33,674,414,798,691
3218,32,406,392,622,679
3219,33,674,414,798,691
3219,32,403,390,623,678
3220,33,675,414,798,691
3220,32,402,387,623,680
3221,33,675,413,798,691
3221,32,402,387,623,681
3222,33,675,413,799,691
3222,32,403,386,623,681
3223,33,676,413,799,690
3223,32,406,384,623,680
3223,49,406,384,565,509
3224,33,676,413,799,690
3224,32,409,383,623,680
3224,49,409,383,562,510
3225,33,676,413,800,690
3225,32,412,382,623,679
3225,49,412,381,560,510
3226,33,676,412,800,690
3226,32,413,381,622,679
3226,49,413,380,558,512
3227,33,676,412,800,690
3227,32,418,379,623,679
3227,49,418,379,555,513
3228,33,677,412,800,690
3228,32,423,377,623,679
3228,49,422,378,554,515
3229,33,677,411,800,690
3229,32,425,376,623,678
3229,49,424,376,554,515
3230,33,677,411,800,690
3230,32,426,374,623,678
3230,49,426,375,553,515
3231,33,677,410,800,690
3231,32,427,373,623,676
3231,49,427,373,552,515
3232,33,677,408,800,690
3232,32,428,372,623,677
3232,49,428,372,551,515
3233,33,677,408,801,690
3233,32,430,370,622,677
3233,49,430,371,550,517
3234,33,678,407,801,690
3234,32,432,371,622,670
3235,33,678,405,800,690
3235,32,434,369,621,663
3236,33,678,402,800,690
3236,32,435,368,621,658
3237,33,678,400,801,690
3237,32,437,367,622,645
3238,33,678,396,802,690
3238,32,439,366,622,643
3239,32,439,365,622,642
3239,33,678,395,801,692
3240,33,678,393,801,692
3240,32,440,364,621,641
3241,32,441,364,622,641
3241,33,678,392,801,693
3242,33,678,391,801,693
3242,32,441,364,622,643
3243,33,678,391,801,693
3243,32,441,363,622,642
3244,33,678,390,801,693
3244,32,441,363,622,643
3245,32,441,363,622,642
3245,33,678,390,802,694
3246,32,442,363,622,642
3246,33,678,389,802,694
3247,33,678,389,802,694
3247,32,442,363,622,641
3248,33,678,389,802,694
3248,32,443,363,621,641
3249,33,678,389,802,694
3249,32,443,363,622,641
3250,33,679,388,802,695
3250,32,444,363,621,641
3251,32,444,363,621,642
3251,33,679,387,801,695
3252,32,445,364,621,642
3252,33,679,386,801,694
3253,32,445,363,621,641
3253,33,679,384,801,694
3254,32,445,363,621,640
3254,33,679,384,801,694
3255,32,445,363,622,640
3255,33,679,382,801,694
3256,32,445,363,622,641
3256,33,680,379,801,694
3257,32,445,363,622,641
3257,33,680,377,801,694
3258,32,445,363,622,641
3258,33,680,376,802,694
3259,32,446,363,622,642
3259,33,680,374,802,693
3260,32,446,363,622,641
3260,33,680,373,801,693
3261,33,681,372,801,693
3261,32,446,362,621,640
3262,32,447,362,621,639
3262,33,681,371,801,693
3263,32,447,362,621,639
3263,33,681,369,801,693
3263,50,448,362,553,510
3264,33,681,369,802,694
3264,32,446,362,622,640
3265,32,446,361,622,639
3265,33,682,368,802,693
3266,32,446,361,622,639
3266,33,682,367,802,693
3267,32,447,361,622,638
3267,33,683,366,802,693
3268,32,447,361,622,639
3268,33,683,365,803,692
3269,32,447,361,622,639
3269,33,684,364,803,691
3270,32,447,361,622,639
3270,33,685,364,803,687
3271,32,447,361,622,640
3271,33,686,363,805,687
3272,32,446,361,622,641
3272,33,687,363,805,688
3273,32,446,361,622,641
3273,33,688,363,806,688
3274,32,446,361,622,641
3274,33,688,363,807,689
3275,32,446,361,622,640
3275,33,689,363,807,689
3276,32,446,361,621,640
3276,33,689,363,808,688
3277,33,689,362,809,689
3277,32,446,360,620,639
3278,32,446,360,621,639
3278,33,690,362,810,688
3279,32,446,360,621,637
3279,33,690,362,810,688
3279,51,691,362,810,541
3280,33,690,362,810,687
3280,32,446,360,621,638
3280,51,691,362,810,540
3281,33,691,362,810,687
3281,32,446,360,621,637
3281,51,691,362,810,540
3282,33,691,362,810,687
3282,32,446,360,620,638
3282,51,691,362,810,539
3283,32,446,360,620,638
3283,51,691,362,810,539
3283,33,691,362,810,687
3284,33,691,362,810,687
3284,51,691,362,810,539
3284,32,446,361,620,637
3285,33,691,361,810,687
3285,51,691,362,809,539
3285,32,445,361,620,636
3286,32,445,360,620,637
3286,33,690,362,809,687
3286,51,691,362,808,540
3287,33,690,361,808,687
3287,51,690,362,807,541
3287,32,444,360,619,638
3288,32,443,361,620,638
3288,33,690,361,808,687
3288,51,690,361,807,540
3289,33,689,360,807,686
3289,51,690,361,806,540
3289,32,443,361,620,640
3290,32,443,361,620,639
3290,33,689,360,806,686
3290,51,689,361,805,539
3291,32,443,361,619,639
3291,33,689,360,804,686
3291,51,689,360,804,539
3291,52,444,362,551,508
3292,32,442,361,618,639
3292,33,688,359,803,686
3292,51,688,359,803,539
3293,32,441,361,617,639
3293,33,687,357,803,687
3293,51,687,357,803,538
3293,52,442,362,549,517
3294,32,441,361,617,639
3294,52,442,362,549,517
3294,33,687,355,803,687
3294,51,687,356,802,538
3295,32,442,362,617,638
3295,33,686,354,803,687
3295,51,686,354,802,537
3296,32,443,362,617,639
3296,33,686,353,803,687
3296,51,685,354,802,536
3297,32,443,362,617,638
3297,33,685,353,803,686
3297,51,685,353,802,536
3298,32,443,362,617,638
3298,33,684,352,803,686
3299,33,683,352,803,686
3299,32,443,362,617,637
3300,32,443,362,618,636
3300,33,683,351,803,685
3301,32,443,362,616,638
3301,33,653,352,804,688
3302,32,443,362,615,639
3302,33,639,353,803,687
3303,32,443,362,615,639
3303,33,628,353,803,686
3304,32,443,362,617,640
3304,33,622,354,803,686
3304,51,678,353,801,686
3305,32,443,362,614,640
3305,33,631,355,803,687
3306,32,443,361,609,640
3306,33,652,353,802,684
3307,32,443,362,609,640
3307,51,671,354,801,685
3307,33,611,355,802,687
3308,32,443,361,608,639
3308,33,608,354,802,682
3309,32,443,361,608,639
3309,33,612,355,801,680
3310,32,442,362,608,638
3310,33,612,356,799,675
3311,32,443,362,611,637
3311,33,611,357,798,669
3312,32,443,362,612,637
3312,33,620,358,798,668
3313,32,443,362,612,637
3313,33,621,360,799,652
3314,32,444,362,613,638
3314,33,612,361,798,644
3315,32,444,362,613,638
3315,33,601,363,798,638
3316,32,444,362,613,637
3316,33,592,365,797,633
3317,32,445,362,612,638
3317,33,582,368,796,632
